population,origin,policy,active_groups,horizon_steps,level,actual,mean,variance,seasonal,support,full_evidence_mean
1024,0,fixed_coarse,0,2,regional,250.53599548339844,240.04640016296233,112.73786671110506,210.38764977127937,observed support,240.68990586627535
1024,0,fixed_coarse,0,2,group,14.727998733520508,15.682616216871445,1.810459676378634,12.620130388501147,observed support,16.21552041549184
1024,0,fixed_coarse,0,2,household,0.15299999713897705,0.41877575194841116,0.15276230827520626,0.2190652167343575,first physical ID,0.2202026132589076
1024,0,fixed_coarse,0,12,regional,364.1289978027344,313.99448538628826,591.7808956298378,306.4785428651268,observed support,348.58788686828586
1024,0,fixed_coarse,0,12,group,24.322999954223633,18.978704363174582,3.7019698588194974,18.012919137638654,observed support,21.501906781993632
1024,0,fixed_coarse,0,12,household,0.44600000977516174,0.532013118383175,0.171170009311023,0.23426086909097174,first physical ID,0.11692608016561468
1024,0,uniform_fine_stream,16,2,regional,250.53599548339844,240.68990586627535,80.45055618385318,210.38764977127937,observed support,240.68990586627535
1024,0,uniform_fine_stream,16,2,group,14.727998733520508,16.21552041549184,1.6375748924629046,12.620130388501147,observed support,16.21552041549184
1024,0,uniform_fine_stream,16,2,household,0.15299999713897705,0.2202026132589076,0.08776605394184182,0.2190652167343575,first physical ID,0.2202026132589076
1024,0,uniform_fine_stream,16,12,regional,364.1289978027344,348.58788686828586,380.6034528962234,306.4785428651268,observed support,348.58788686828586
1024,0,uniform_fine_stream,16,12,group,24.322999954223633,21.501906781993632,2.9926252467111314,18.012919137638654,observed support,21.501906781993632
1024,0,uniform_fine_stream,16,12,household,0.44600000977516174,0.11692608016561468,0.16144787255387444,0.23426086909097174,first physical ID,0.11692608016561468
1024,0,fixed,2,2,regional,250.53599548339844,247.90540865951922,96.04708979005183,210.38764977127937,observed support,240.68990586627535
1024,0,fixed,2,2,group,14.727998733520508,16.780079622756038,1.6846858193134666,12.620130388501147,observed support,16.21552041549184
1024,0,fixed,2,2,household,0.15299999713897705,0.1363077633836956,0.09042761662401064,0.2190652167343575,first physical ID,0.2202026132589076
1024,0,fixed,2,12,regional,364.1289978027344,360.09638730598806,466.22541629428326,306.4785428651268,observed support,348.58788686828586
1024,0,fixed,2,12,group,24.322999954223633,22.303874963048308,3.2482573529452665,18.012919137638654,observed support,21.501906781993632
1024,0,fixed,2,12,household,0.44600000977516174,0.2986794968506523,0.16464424308401748,0.23426086909097174,first physical ID,0.11692608016561468
1024,0,fixed,4,2,regional,250.53599548339844,246.0261734923667,90.86705415128444,210.38764977127937,observed support,240.68990586627535
1024,0,fixed,4,2,group,14.727998733520508,16.76223989846405,1.6683943734630404,12.620130388501147,observed support,16.21552041549184
1024,0,fixed,4,2,household,0.15299999713897705,0.161540338528311,0.08951367291739597,0.2190652167343575,first physical ID,0.2202026132589076
1024,0,fixed,4,12,regional,364.1289978027344,355.15076276222067,427.23403578900036,306.4785428651268,observed support,348.58788686828586
1024,0,fixed,4,12,group,24.322999954223633,22.12119545569721,3.1294055130401843,18.012919137638654,observed support,21.501906781993632
1024,0,fixed,4,12,household,0.44600000977516174,0.3160084672219066,0.16325064050979382,0.23426086909097174,first physical ID,0.11692608016561468
1024,0,fixed,8,2,regional,250.53599548339844,239.25002313169628,85.1454303204319,210.38764977127937,observed support,240.68990586627535
1024,0,fixed,8,2,group,14.727998733520508,16.146976582360146,1.650964889012121,12.620130388501147,observed support,16.21552041549184
1024,0,fixed,8,2,household,0.15299999713897705,0.17690604378734925,0.08852854575845019,0.2190652167343575,first physical ID,0.2202026132589076
1024,0,fixed,8,12,regional,364.1289978027344,326.797433341179,400.02230919761683,306.4785428651268,observed support,348.58788686828586
1024,0,fixed,8,12,group,24.322999954223633,20.291776355292612,3.050435695918274,18.012919137638654,observed support,21.501906781993632
1024,0,fixed,8,12,household,0.44600000977516174,0.10362208573160808,0.16226140261433042,0.23426086909097174,first physical ID,0.11692608016561468
1024,0,random,2,2,regional,250.53599548339844,232.66612855047094,95.81764727506904,210.38764977127937,observed support,240.68990586627535
1024,0,random,2,2,group,14.727998733520508,14.372004335847295,1.7489480285505346,12.620130388501147,observed support,16.21552041549184
1024,0,random,2,2,household,0.15299999713897705,0.4322111562016211,0.13838616571342882,0.2190652167343575,first physical ID,0.2202026132589076
1024,0,random,2,12,regional,364.1289978027344,287.6907390430503,435.1418876864675,306.4785428651268,observed support,348.58788686828586
1024,0,random,2,12,group,24.322999954223633,16.68496166366725,3.2105995216789998,18.012919137638654,observed support,21.501906781993632
1024,0,random,2,12,household,0.44600000977516174,0.028652417879117542,0.16580152196772188,0.23426086909097174,first physical ID,0.11692608016561468
1024,0,random,4,2,regional,250.53599548339844,236.671813370199,90.69738140871198,210.38764977127937,observed support,240.68990586627535
1024,0,random,4,2,group,14.727998733520508,14.678762573309962,1.731893942053192,12.620130388501147,observed support,16.21552041549184
1024,0,random,4,2,household,0.15299999713897705,0.48390984437862655,0.13228461958002777,0.2190652167343575,first physical ID,0.2202026132589076
1024,0,random,4,12,regional,364.1289978027344,316.1796727960155,412.9406084948465,306.4785428651268,observed support,348.58788686828586
1024,0,random,4,12,group,24.322999954223633,18.451642255662865,3.137798737382128,18.012919137638654,observed support,21.501906781993632
1024,0,random,4,12,household,0.44600000977516174,0.08329674076651927,0.16463379583241416,0.23426086909097174,first physical ID,0.11692608016561468
1024,0,random,8,2,regional,250.53599548339844,239.7037111144055,84.8369978738499,210.38764977127937,observed support,240.68990586627535
1024,0,random,8,2,group,14.727998733520508,15.14325000822304,1.7114761546741706,12.620130388501147,observed support,16.21552041549184
1024,0,random,8,2,household,0.15299999713897705,0.4040986151050536,0.1272687031018749,0.2190652167343575,first physical ID,0.2202026132589076
1024,0,random,8,12,regional,364.1289978027344,331.47595136684254,396.42972782337495,306.4785428651268,observed support,348.58788686828586
1024,0,random,8,12,group,24.322999954223633,19.577880942458442,3.0797594925465237,18.012919137638654,observed support,21.501906781993632
1024,0,random,8,12,household,0.44600000977516174,0.160274574510303,0.16339338851518062,0.23426086909097174,first physical ID,0.11692608016561468
1024,0,uncertainty,2,2,regional,250.53599548339844,245.09092433277894,98.55244060625685,210.38764977127937,observed support,240.68990586627535
1024,0,uncertainty,2,2,group,14.727998733520508,15.708763434563245,1.757494944093957,12.620130388501147,observed support,16.21552041549184
1024,0,uncertainty,2,2,household,0.15299999713897705,0.39698631725719297,0.14058949951401584,0.2190652167343575,first physical ID,0.2202026132589076
1024,0,uncertainty,2,12,regional,364.1289978027344,357.77690557592916,460.9871364022863,306.4785428651268,observed support,348.58788686828586
1024,0,uncertainty,2,12,group,24.322999954223633,21.294614666954313,3.2923551901812456,18.012919137638654,observed support,21.501906781993632
1024,0,uncertainty,2,12,household,0.44600000977516174,0.3055214509518836,0.1655823853779192,0.23426086909097174,first physical ID,0.11692608016561468
1024,0,uncertainty,4,2,regional,250.53599548339844,230.33602090066057,91.25232341674001,210.38764977127937,observed support,240.68990586627535
1024,0,uncertainty,4,2,group,14.727998733520508,14.470460988226973,1.730606832809499,12.620130388501147,observed support,16.21552041549184
1024,0,uncertainty,4,2,household,0.15299999713897705,0.14121749415057466,0.13222642317446476,0.2190652167343575,first physical ID,0.2202026132589076
1024,0,uncertainty,4,12,regional,364.1289978027344,298.4376726328064,428.75671845715755,306.4785428651268,observed support,348.58788686828586
1024,0,uncertainty,4,12,group,24.322999954223633,17.631097044767547,3.1791892497402534,18.012919137638654,observed support,21.501906781993632
1024,0,uncertainty,4,12,household,0.44600000977516174,0.03196803527459019,0.16429234094520279,0.23426086909097174,first physical ID,0.11692608016561468
1024,0,uncertainty,8,2,regional,250.53599548339844,239.25428499458354,85.46991175602184,210.38764977127937,observed support,240.68990586627535
1024,0,uncertainty,8,2,group,14.727998733520508,15.08210347272176,1.7137173727251536,12.620130388501147,observed support,16.21552041549184
1024,0,uncertainty,8,2,household,0.15299999713897705,0.32815776052596296,0.12729246090747998,0.2190652167343575,first physical ID,0.2202026132589076
1024,0,uncertainty,8,12,regional,364.1289978027344,326.31963556544133,399.1708818139374,306.4785428651268,observed support,348.58788686828586
1024,0,uncertainty,8,12,group,24.322999954223633,19.278463109624965,3.086078990562196,18.012919137638654,observed support,21.501906781993632
1024,0,uncertainty,8,12,household,0.44600000977516174,0.13365552161078503,0.16343826088543845,0.23426086909097174,first physical ID,0.11692608016561468
1024,1,fixed_coarse,0,2,regional,226.90399169921875,246.56637177919387,112.79473356311152,200.5816540518388,observed support,233.2306772626178
1024,1,fixed_coarse,0,2,group,11.461000442504883,14.786089343195002,1.8104545451650171,11.815971977103661,observed support,13.316281042756554
1024,1,fixed_coarse,0,2,household,0.08699999749660492,0.16419326099701728,0.15273683145425412,0.212199999888738,first physical ID,0.20105729858107674
1024,1,fixed_coarse,0,12,regional,210.6309814453125,234.726168772928,592.2067094899858,192.99700103809948,observed support,220.71110157841784
1024,1,fixed_coarse,0,12,group,11.876999855041504,14.50855237584024,3.701866144058928,11.876493101470349,observed support,13.469860889129913
1024,1,fixed_coarse,0,12,household,0.1679999977350235,0.28650648548047214,0.171176916301516,0.129911111212439,first physical ID,0.2053892201755096
1024,1,uniform_fine_stream,16,2,regional,226.90399169921875,233.2306772626178,80.49956964350883,200.5816540518388,observed support,233.2306772626178
1024,1,uniform_fine_stream,16,2,group,11.461000442504883,13.316281042756554,1.6375477213922394,11.815971977103661,observed support,13.316281042756554
1024,1,uniform_fine_stream,16,2,household,0.08699999749660492,0.20105729858107674,0.08776514246323315,0.212199999888738,first physical ID,0.20105729858107674
1024,1,uniform_fine_stream,16,12,regional,210.6309814453125,220.71110157841784,380.89737366504005,192.99700103809948,observed support,220.71110157841784
1024,1,uniform_fine_stream,16,12,group,11.876999855041504,13.469860889129913,2.992600866787037,11.876493101470349,observed support,13.469860889129913
1024,1,uniform_fine_stream,16,12,household,0.1679999977350235,0.2053892201755096,0.16144776749658207,0.129911111212439,first physical ID,0.2053892201755096
1024,1,fixed,2,2,regional,226.90399169921875,236.79458680627147,95.56213720614241,200.5816540518388,observed support,233.2306772626178
1024,1,fixed,2,2,group,11.461000442504883,14.079046807993318,1.74610497918489,11.815971977103661,observed support,13.316281042756554
1024,1,fixed,2,2,household,0.08699999749660492,0.35877783968900046,0.13536566068473302,0.212199999888738,first physical ID,0.20105729858107674
1024,1,fixed,2,12,regional,210.6309814453125,230.88633454254648,458.08598103285647,192.99700103809948,observed support,220.71110157841784
1024,1,fixed,2,12,group,11.876999855041504,14.126589814109272,3.2663213954082186,11.876493101470349,observed support,13.469860889129913
1024,1,fixed,2,12,household,0.1679999977350235,0.24291299756831203,0.16542590204886948,0.129911111212439,first physical ID,0.2053892201755096
1024,1,fixed,4,2,regional,226.90399169921875,230.5407527345704,91.4942583400167,200.5816540518388,observed support,233.2306772626178
1024,1,fixed,4,2,group,11.461000442504883,13.716978699470065,1.732120566037724,11.815971977103661,observed support,13.316281042756554
1024,1,fixed,4,2,household,0.08699999749660492,0.3205289054882098,0.1323433521187758,0.212199999888738,first physical ID,0.20105729858107674
1024,1,fixed,4,12,regional,210.6309814453125,221.73037238154527,431.3595781977393,192.99700103809948,observed support,220.71110157841784
1024,1,fixed,4,12,group,11.876999855041504,13.59902810070727,3.1850475992788754,11.876493101470349,observed support,13.469860889129913
1024,1,fixed,4,12,household,0.1679999977350235,0.1954823882274559,0.16422879611118968,0.129911111212439,first physical ID,0.2053892201755096
1024,1,fixed,8,2,regional,226.90399169921875,230.35464306325622,85.17869556478936,200.5816540518388,observed support,233.2306772626178
1024,1,fixed,8,2,group,11.461000442504883,13.590946882482394,1.7115590288935367,11.815971977103661,observed support,13.316281042756554
1024,1,fixed,8,2,household,0.08699999749660492,0.25291527821570187,0.12752694660405312,0.212199999888738,first physical ID,0.20105729858107674
1024,1,fixed,8,12,regional,210.6309814453125,212.64746154788097,399.45511338199435,192.99700103809948,observed support,220.71110157841784
1024,1,fixed,8,12,group,11.876999855041504,13.048884615113566,3.08460142608579,11.876493101470349,observed support,13.469860889129913
1024,1,fixed,8,12,household,0.1679999977350235,0.16706533011763558,0.1633092670632184,0.129911111212439,first physical ID,0.2053892201755096
1024,1,random,2,2,regional,226.90399169921875,230.61756948719426,95.6212497957828,200.5816540518388,observed support,233.2306772626178
1024,1,random,2,2,group,11.461000442504883,13.54591488206094,1.7453189940781564,11.815971977103661,observed support,13.316281042756554
1024,1,random,2,2,household,0.08699999749660492,0.1533374900150208,0.13522115962486167,0.212199999888738,first physical ID,0.20105729858107674
1024,1,random,2,12,regional,210.6309814453125,198.4788817412187,461.33596201314754,192.99700103809948,observed support,220.71110157841784
1024,1,random,2,12,group,11.876999855041504,12.09677316463199,3.2774030083032732,11.876493101470349,observed support,13.469860889129913
1024,1,random,2,12,household,0.1679999977350235,0.08156073484614201,0.165499572615173,0.129911111212439,first physical ID,0.2053892201755096
1024,1,random,4,2,regional,226.90399169921875,234.2855098946639,91.57057646654386,200.5816540518388,observed support,233.2306772626178
1024,1,random,4,2,group,11.461000442504883,13.782743963803957,1.73291908734383,11.815971977103661,observed support,13.316281042756554
1024,1,random,4,2,household,0.08699999749660492,0.29072245965312954,0.13055145127646361,0.212199999888738,first physical ID,0.20105729858107674
1024,1,random,4,12,regional,210.6309814453125,211.04592578907128,429.942534509494,192.99700103809948,observed support,220.71110157841784
1024,1,random,4,12,group,11.876999855041504,12.897641359186983,3.180417473836104,11.876493101470349,observed support,13.469860889129913
1024,1,random,4,12,household,0.1679999977350235,0.20450266065614736,0.16438360698961602,0.129911111212439,first physical ID,0.2053892201755096
1024,1,random,8,2,regional,226.90399169921875,233.0789873925401,85.25249957275568,200.5816540518388,observed support,233.2306772626178
1024,1,random,8,2,group,11.461000442504883,13.367216251856021,1.6518544464431049,11.815971977103661,observed support,13.316281042756554
1024,1,random,8,2,household,0.08699999749660492,0.17390408937311128,0.08849711818744913,0.212199999888738,first physical ID,0.20105729858107674
1024,1,random,8,12,regional,210.6309814453125,213.02014255683633,398.3604596113908,192.99700103809948,observed support,220.71110157841784
1024,1,random,8,12,group,11.876999855041504,13.050087736355705,3.0456675755904112,11.876493101470349,observed support,13.469860889129913
1024,1,random,8,12,household,0.1679999977350235,0.19027504157203806,0.16225003578991354,0.129911111212439,first physical ID,0.2053892201755096
1024,1,uncertainty,2,2,regional,226.90399169921875,246.97572148827442,98.60651047902076,200.5816540518388,observed support,233.2306772626178
1024,1,uncertainty,2,2,group,11.461000442504883,14.721262592181269,1.7574782277698442,11.815971977103661,observed support,13.316281042756554
1024,1,uncertainty,2,2,household,0.08699999749660492,0.06572673287059289,0.14058369374402538,0.212199999888738,first physical ID,0.20105729858107674
1024,1,uncertainty,2,12,regional,210.6309814453125,234.77582716657068,461.31668407376037,192.99700103809948,observed support,220.71110157841784
1024,1,uncertainty,2,12,group,11.876999855041504,14.562131496425776,3.2923335666665148,11.876493101470349,observed support,13.469860889129913
1024,1,uncertainty,2,12,household,0.1679999977350235,0.3029030029017951,0.16558231183912558,0.129911111212439,first physical ID,0.2053892201755096
1024,1,uncertainty,4,2,regional,226.90399169921875,235.57901394912835,91.30704650376447,200.5816540518388,observed support,233.2306772626178
1024,1,uncertainty,4,2,group,11.461000442504883,13.852154589470063,1.7305905716572296,11.815971977103661,observed support,13.316281042756554
1024,1,uncertainty,4,2,household,0.08699999749660492,0.13321451796276335,0.132223558046784,0.212199999888738,first physical ID,0.20105729858107674
1024,1,uncertainty,4,12,regional,210.6309814453125,209.81386589274413,429.08067313782226,192.99700103809948,observed support,220.71110157841784
1024,1,uncertainty,4,12,group,11.876999855041504,12.900950716858716,3.1791782255680046,11.876493101470349,observed support,13.469860889129913
1024,1,uncertainty,4,12,household,0.1679999977350235,0.18965777826257194,0.16429241167617503,0.129911111212439,first physical ID,0.2053892201755096
1024,1,uncertainty,8,2,regional,226.90399169921875,238.39878899839525,85.52394337867025,200.5816540518388,observed support,233.2306772626178
1024,1,uncertainty,8,2,group,11.461000442504883,14.052609314463751,1.7137063813191418,11.815971977103661,observed support,13.316281042756554
1024,1,uncertainty,8,2,household,0.08699999749660492,0.3067556620938139,0.12729079283927205,0.212199999888738,first physical ID,0.20105729858107674
1024,1,uncertainty,8,12,regional,210.6309814453125,216.10364435174353,399.4785730629844,192.99700103809948,observed support,220.71110157841784
1024,1,uncertainty,8,12,group,11.876999855041504,13.260717821988159,3.0860744809260305,11.876493101470349,observed support,13.469860889129913
1024,1,uncertainty,8,12,household,0.1679999977350235,0.2923483115022397,0.16343833660334417,0.129911111212439,first physical ID,0.2053892201755096
1024,2,fixed_coarse,0,2,regional,135.58399963378906,152.82483787204887,112.49156560913168,154.3624340127273,observed support,153.89038462025388
1024,2,fixed_coarse,0,2,group,9.047000885009766,9.805982520318315,1.8103022605350712,10.441525272746164,observed support,10.198938912828195
1024,2,fixed_coarse,0,2,household,0.1379999965429306,0.8559360821747241,0.15273394822910705,0.6229777794745234,first physical ID,0.4808228161954422
1024,2,fixed_coarse,0,12,regional,235.10899353027344,205.40825680351548,585.9893736054358,196.3968367106814,observed support,203.47139280896764
1024,2,fixed_coarse,0,12,group,12.221000671386719,11.91716754986536,3.6886688641819756,11.613471755546096,observed support,11.942405751858884
1024,2,fixed_coarse,0,12,household,0.15299999713897705,0.22043338662679166,0.17117083304403763,0.17564444343249003,first physical ID,0.14372629674978524
1024,2,uniform_fine_stream,16,2,regional,135.58399963378906,153.89038462025388,80.3459359796453,154.3624340127273,observed support,153.89038462025388
1024,2,uniform_fine_stream,16,2,group,9.047000885009766,10.198938912828195,1.6375501867983562,10.441525272746164,observed support,10.198938912828195
1024,2,uniform_fine_stream,16,2,household,0.1379999965429306,0.4808228161954422,0.08776545351312541,0.6229777794745234,first physical ID,0.4808228161954422
1024,2,uniform_fine_stream,16,12,regional,235.10899353027344,203.47139280896764,376.89445813843446,196.3968367106814,observed support,203.47139280896764
1024,2,uniform_fine_stream,16,12,group,12.221000671386719,11.942405751858884,2.985717957685229,11.613471755546096,observed support,11.942405751858884
1024,2,uniform_fine_stream,16,12,household,0.15299999713897705,0.14372629674978524,0.16144843445239943,0.17564444343249003,first physical ID,0.14372629674978524
1024,2,fixed,2,2,regional,135.58399963378906,153.12220005246633,96.85145453629103,154.3624340127273,observed support,153.89038462025388
1024,2,fixed,2,2,group,9.047000885009766,9.871561189093187,1.7528184932073587,10.441525272746164,observed support,10.198938912828195
1024,2,fixed,2,2,household,0.1379999965429306,0.877171101727122,0.14058306327451386,0.6229777794745234,first physical ID,0.4808228161954422
1024,2,fixed,2,12,regional,235.10899353027344,205.10834118287107,450.3793523483472,196.3968367106814,observed support,203.47139280896764
1024,2,fixed,2,12,group,12.221000671386719,11.897540201138039,3.251816055012851,11.613471755546096,observed support,11.942405751858884
1024,2,fixed,2,12,household,0.15299999713897705,0.21871283144725245,0.1655873828002542,0.17564444343249003,first physical ID,0.14372629674978524
1024,2,fixed,4,2,regional,135.58399963378906,151.44791282652653,91.529718523416,154.3624340127273,observed support,153.89038462025388
1024,2,fixed,4,2,group,9.047000885009766,9.805898795088318,1.734367126954459,10.441525272746164,observed support,10.198938912828195
1024,2,fixed,4,2,household,0.1379999965429306,0.9166942090079149,0.13334548301251947,0.6229777794745234,first physical ID,0.4808228161954422
1024,2,fixed,4,12,regional,235.10899353027344,204.50189273106363,428.9670746398709,196.3968367106814,observed support,203.47139280896764
1024,2,fixed,4,12,group,12.221000671386719,11.89769115611688,3.185298905278848,11.613471755546096,observed support,11.942405751858884
1024,2,fixed,4,12,household,0.15299999713897705,0.20144414801278926,0.16442875537802076,0.17564444343249003,first physical ID,0.14372629674978524
1024,2,fixed,8,2,regional,135.58399963378906,150.23804721063038,85.41087395971631,154.3624340127273,observed support,153.89038462025388
1024,2,fixed,8,2,group,9.047000885009766,9.619845358620928,1.7137238920771376,10.441525272746164,observed support,10.198938912828195
1024,2,fixed,8,2,household,0.1379999965429306,0.8301802324514711,0.12758060451031278,0.6229777794745234,first physical ID,0.4808228161954422
1024,2,fixed,8,12,regional,235.10899353027344,197.47737748192014,394.77375472785525,196.3968367106814,observed support,203.47139280896764
1024,2,fixed,8,12,group,12.221000671386719,11.433368432867594,3.075341684966066,11.613471755546096,observed support,11.942405751858884
1024,2,fixed,8,12,household,0.15299999713897705,0.14595257097103848,0.16340880969580035,0.17564444343249003,first physical ID,0.14372629674978524
1024,2,random,2,2,regional,135.58399963378906,155.1405842433378,96.89669926848111,154.3624340127273,observed support,153.89038462025388
1024,2,random,2,2,group,9.047000885009766,10.007445502551162,1.7559273678379912,10.441525272746164,observed support,10.198938912828195
1024,2,random,2,2,household,0.1379999965429306,0.8021568871074558,0.13648194909598127,0.6229777794745234,first physical ID,0.4808228161954422
1024,2,random,2,12,regional,235.10899353027344,207.01941546811045,451.40186388428816,196.3968367106814,observed support,203.47139280896764
1024,2,random,2,12,group,12.221000671386719,12.05660141721187,3.266597870803915,11.613471755546096,observed support,11.942405751858884
1024,2,random,2,12,household,0.15299999713897705,0.23893806920052604,0.1657614582490614,0.17564444343249003,first physical ID,0.14372629674978524
1024,2,random,4,2,regional,135.58399963378906,160.08530112271293,90.94078047346535,154.3624340127273,observed support,153.89038462025388
1024,2,random,4,2,group,9.047000885009766,10.307324612927857,1.7351833956692824,10.441525272746164,observed support,10.198938912828195
1024,2,random,4,2,household,0.1379999965429306,0.6890904217847792,0.13131913140193427,0.6229777794745234,first physical ID,0.4808228161954422
1024,2,random,4,12,regional,235.10899353027344,208.77216985044288,417.13101710542924,196.3968367106814,observed support,203.47139280896764
1024,2,random,4,12,group,12.221000671386719,12.227015268408516,3.1581026896695077,11.613471755546096,observed support,11.942405751858884
1024,2,random,4,12,household,0.15299999713897705,0.22543734132227772,0.16464920073816286,0.17564444343249003,first physical ID,0.14372629674978524
1024,2,random,8,2,regional,135.58399963378906,158.59917244796142,85.74507960043293,154.3624340127273,observed support,153.89038462025388
1024,2,random,8,2,group,9.047000885009766,10.25953987393717,1.7166551006855704,10.441525272746164,observed support,10.198938912828195
1024,2,random,8,2,household,0.1379999965429306,0.8641845469041808,0.1274578230993951,0.6229777794745234,first physical ID,0.4808228161954422
1024,2,random,8,12,regional,235.10899353027344,211.56195415963037,391.4345502366863,196.3968367106814,observed support,203.47139280896764
1024,2,random,8,12,group,12.221000671386719,12.353216609995204,3.0700301345153393,11.613471755546096,observed support,11.942405751858884
1024,2,random,8,12,household,0.15299999713897705,0.2794891996045604,0.1635669099409695,0.17564444343249003,first physical ID,0.14372629674978524
1024,2,uncertainty,2,2,regional,135.58399963378906,153.11754254459365,98.36928805361606,154.3624340127273,observed support,153.89038462025388
1024,2,uncertainty,2,2,group,9.047000885009766,9.844641545297062,1.757395672584689,10.441525272746164,observed support,10.198938912828195
1024,2,uncertainty,2,2,household,0.1379999965429306,0.7560878160943532,0.1405790600198873,0.6229777794745234,first physical ID,0.4808228161954422
1024,2,uncertainty,2,12,regional,235.10899353027344,195.05075278919378,456.5224948167788,196.3968367106814,observed support,203.47139280896764
1024,2,uncertainty,2,12,group,12.221000671386719,11.38077416176605,3.2824989586302706,11.613471755546096,observed support,11.942405751858884
1024,2,uncertainty,2,12,household,0.15299999713897705,0.18513138603275653,0.16557918347909822,0.17564444343249003,first physical ID,0.14372629674978524
1024,2,uncertainty,4,2,regional,135.58399963378906,148.46468224109702,91.10311478067217,154.3624340127273,observed support,153.89038462025388
1024,2,uncertainty,4,2,group,9.047000885009766,9.487121640244125,1.730538171734867,10.441525272746164,observed support,10.198938912828195
1024,2,uncertainty,4,2,household,0.1379999965429306,0.6611963858093571,0.13222212123363622,0.6229777794745234,first physical ID,0.4808228161954422
1024,2,uncertainty,4,12,regional,235.10899353027344,179.86872203386125,424.6121325986817,196.3968367106814,observed support,203.47139280896764
1024,2,uncertainty,4,12,group,12.221000671386719,10.454682911724655,3.170699177867938,11.613471755546096,observed support,11.942405751858884
1024,2,uncertainty,4,12,household,0.15299999713897705,0.11218827198340621,0.16429052277800826,0.17564444343249003,first physical ID,0.14372629674978524
1024,2,uncertainty,8,2,regional,135.58399963378906,150.78095482561758,85.34597006437366,154.3624340127273,observed support,153.89038462025388
1024,2,uncertainty,8,2,group,9.047000885009766,9.646865315095221,1.7136810747254763,10.441525272746164,observed support,10.198938912828195
1024,2,uncertainty,8,2,household,0.1379999965429306,0.9024176700573852,0.12729069885172983,0.6229777794745234,first physical ID,0.4808228161954422
1024,2,uncertainty,8,12,regional,235.10899353027344,198.81366524615495,395.3197885110591,196.3968367106814,observed support,203.47139280896764
1024,2,uncertainty,8,12,group,12.221000671386719,11.48947493086728,3.0785503624531008,11.613471755546096,observed support,11.942405751858884
1024,2,uncertainty,8,12,household,0.15299999713897705,0.17697897690506495,0.16343715159047734,0.17564444343249003,first physical ID,0.14372629674978524
1024,3,fixed_coarse,0,2,regional,137.48500061035156,137.38105454160507,112.79178763072412,114.82144424315598,observed support,132.01316397464365
1024,3,fixed_coarse,0,2,group,9.53700065612793,9.40693581251271,1.8104421009240395,8.210129406308905,observed support,9.211039992105242
1024,3,fixed_coarse,0,2,household,2.2320001125335693,1.4064089215031368,0.15273715277389782,0.7720444454087152,first physical ID,1.8199776609938054
1024,3,fixed_coarse,0,12,regional,243.1490020751953,223.28912370825321,592.1193918705301,206.7105157913178,observed support,215.22687799829993
1024,3,fixed_coarse,0,12,group,14.33700180053711,13.491004796603884,3.7016875089031727,12.543106557543393,observed support,12.939515392167582
1024,3,fixed_coarse,0,12,household,0.2930000126361847,0.549927456213246,0.17117364698175913,0.23975555524230002,first physical ID,0.5459739246942075
1024,3,uniform_fine_stream,16,2,regional,137.48500061035156,132.01316397464365,80.49965481533201,114.82144424315598,observed support,132.01316397464365
1024,3,uniform_fine_stream,16,2,group,9.53700065612793,9.211039992105242,1.6375480241440925,8.210129406308905,observed support,9.211039992105242
1024,3,uniform_fine_stream,16,2,household,2.2320001125335693,1.8199776609938054,0.08776515953499173,0.7720444454087152,first physical ID,1.8199776609938054
1024,3,uniform_fine_stream,16,12,regional,243.1490020751953,215.22687799829993,380.897992997948,206.7105157913178,observed support,215.22687799829993
1024,3,uniform_fine_stream,16,12,group,14.33700180053711,12.939515392167582,2.992602948284202,12.543106557543393,observed support,12.939515392167582
1024,3,uniform_fine_stream,16,12,household,0.2930000126361847,0.5459739246942075,0.16144777995908166,0.23975555524230002,first physical ID,0.5459739246942075
1024,3,fixed,2,2,regional,137.48500061035156,137.34297530782703,98.9180020933448,114.82144424315598,observed support,132.01316397464365
1024,3,fixed,2,2,group,9.53700065612793,9.409684968304298,1.7595351727111637,8.210129406308905,observed support,9.211039992105242
1024,3,fixed,2,2,household,2.2320001125335693,1.4588320017310163,0.14001786591971901,0.7720444454087152,first physical ID,1.8199776609938054
1024,3,fixed,2,12,regional,243.1490020751953,223.50558347473552,471.75567768405176,206.7105157913178,observed support,215.22687799829993
1024,3,fixed,2,12,group,14.33700180053711,13.421471307225683,3.323897735226912,12.543106557543393,observed support,12.939515392167582
1024,3,fixed,2,12,household,0.2930000126361847,0.5107302898392403,0.16566175197058372,0.23975555524230002,first physical ID,0.5459739246942075
1024,3,fixed,4,2,regional,137.48500061035156,130.96245345026207,91.81129871838199,114.82144424315598,observed support,132.01316397464365
1024,3,fixed,4,2,group,9.53700065612793,8.924579443742212,1.7343274295546591,8.210129406308905,observed support,9.211039992105242
1024,3,fixed,4,2,household,2.2320001125335693,1.443275709874078,0.1331310895251608,0.7720444454087152,first physical ID,1.8199776609938054
1024,3,fixed,4,12,regional,243.1490020751953,199.25582414997865,434.90396490469766,206.7105157913178,observed support,215.22687799829993
1024,3,fixed,4,12,group,14.33700180053711,11.932548722323567,3.1982413455774843,12.543106557543393,observed support,12.939515392167582
1024,3,fixed,4,12,household,0.2930000126361847,0.4342049540048645,0.1645077238762598,0.23975555524230002,first physical ID,0.5459739246942075
1024,3,fixed,8,2,regional,137.48500061035156,133.47747056618357,85.44005628356604,114.82144424315598,observed support,132.01316397464365
1024,3,fixed,8,2,group,9.53700065612793,9.086852332369727,1.7140316489169383,8.210129406308905,observed support,9.211039992105242
1024,3,fixed,8,2,household,2.2320001125335693,1.5573302436755538,0.12744331727760516,0.7720444454087152,first physical ID,1.8199776609938054
1024,3,fixed,8,12,regional,243.1490020751953,211.4448785459574,396.01635813861094,206.7105157913178,observed support,215.22687799829993
1024,3,fixed,8,12,group,14.33700180053711,12.582703631118518,3.0771079210890435,12.543106557543393,observed support,12.939515392167582
1024,3,fixed,8,12,household,0.2930000126361847,0.5109117970865011,0.16347004306563095,0.23975555524230002,first physical ID,0.5459739246942075
1024,3,random,2,2,regional,137.48500061035156,136.97790184115746,97.5634012684317,114.82144424315598,observed support,132.01316397464365
1024,3,random,2,2,group,9.53700065612793,9.521023710195713,1.7544096377501321,8.210129406308905,observed support,9.211039992105242
1024,3,random,2,2,household,2.2320001125335693,1.5750138496222408,0.13989539707300186,0.7720444454087152,first physical ID,1.8199776609938054
1024,3,random,2,12,regional,243.1490020751953,217.6057780194178,462.21713358577085,206.7105157913178,observed support,215.22687799829993
1024,3,random,2,12,group,14.33700180053711,13.192229824661617,3.2890127127225517,12.543106557543393,observed support,12.939515392167582
1024,3,random,2,12,household,0.2930000126361847,0.5783460030815084,0.16600705205859123,0.23975555524230002,first physical ID,0.5459739246942075
1024,3,random,4,2,regional,137.48500061035156,135.57323355366765,91.71905701907751,114.82144424315598,observed support,132.01316397464365
1024,3,random,4,2,group,9.53700065612793,9.386210296900973,1.7336714522840897,8.210129406308905,observed support,9.211039992105242
1024,3,random,4,2,household,2.2320001125335693,1.547020837774356,0.13253917742864998,0.7720444454087152,first physical ID,1.8199776609938054
1024,3,random,4,12,regional,243.1490020751953,214.98298639630218,426.1251390451201,206.7105157913178,observed support,215.22687799829993
1024,3,random,4,12,group,14.33700180053711,12.951864263562758,3.1660037189630152,12.543106557543393,observed support,12.939515392167582
1024,3,random,4,12,household,0.2930000126361847,0.6348269070573911,0.16458629231123884,0.23975555524230002,first physical ID,0.5459739246942075
1024,3,random,8,2,regional,137.48500061035156,133.44462676339003,85.55607352526192,114.82144424315598,observed support,132.01316397464365
1024,3,random,8,2,group,9.53700065612793,9.271526177316394,1.6514436727663333,8.210129406308905,observed support,9.211039992105242
1024,3,random,8,2,household,2.2320001125335693,1.7968072725898239,0.08851779326385444,0.7720444454087152,first physical ID,1.8199776609938054
1024,3,random,8,12,regional,243.1490020751953,222.01605606366806,400.73286619413165,206.7105157913178,observed support,215.22687799829993
1024,3,random,8,12,group,14.33700180053711,13.331685159372995,3.0505254241227044,12.543106557543393,observed support,12.939515392167582
1024,3,random,8,12,household,0.2930000126361847,0.5815127517806489,0.16218193400413117,0.23975555524230002,first physical ID,0.5459739246942075
1024,3,uncertainty,2,2,regional,137.48500061035156,139.53686634842248,98.606528979357,114.82144424315598,observed support,132.01316397464365
1024,3,uncertainty,2,2,group,9.53700065612793,9.586054040588431,1.757478141980675,8.210129406308905,observed support,9.211039992105242
1024,3,uncertainty,2,2,household,2.2320001125335693,1.4140102600558468,0.14058323023733793,0.7720444454087152,first physical ID,1.8199776609938054
1024,3,uncertainty,2,12,regional,243.1490020751953,219.4070166334867,461.3168317614824,206.7105157913178,observed support,215.22687799829993
1024,3,uncertainty,2,12,group,14.33700180053711,13.314140354186865,3.292337976360397,12.543106557543393,observed support,12.939515392167582
1024,3,uncertainty,2,12,household,0.2930000126361847,0.5114346184071219,0.16558236000616047,0.23975555524230002,first physical ID,0.5459739246942075
1024,3,uncertainty,4,2,regional,137.48500061035156,129.44258810191533,91.30687088640977,114.82144424315598,observed support,132.01316397464365
1024,3,uncertainty,4,2,group,9.53700065612793,8.878122484113895,1.73059238568163,8.210129406308905,observed support,9.211039992105242
1024,3,uncertainty,4,2,household,2.2320001125335693,1.5659373709059503,0.1322236035046126,0.7720444454087152,first physical ID,1.8199776609938054
1024,3,uncertainty,4,12,regional,243.1490020751953,202.70905631939874,429.08001018665897,206.7105157913178,observed support,215.22687799829993
1024,3,uncertainty,4,12,group,14.33700180053711,12.158542426145392,3.1791797508827067,12.543106557543393,observed support,12.939515392167582
1024,3,uncertainty,4,12,household,0.2930000126361847,0.41035759613253286,0.16429242314502607,0.23975555524230002,first physical ID,0.5459739246942075
1024,3,uncertainty,8,2,regional,137.48500061035156,131.31013595485658,85.52370573706884,114.82144424315598,observed support,132.01316397464365
1024,3,uncertainty,8,2,group,9.53700065612793,9.057690563754504,1.713707200288212,8.210129406308905,observed support,9.211039992105242
1024,3,uncertainty,8,2,household,2.2320001125335693,1.6364392553090028,0.12729080914602148,0.7720444454087152,first physical ID,1.8199776609938054
1024,3,uncertainty,8,12,regional,243.1490020751953,205.91119757064388,399.4783598497107,206.7105157913178,observed support,215.22687799829993
1024,3,uncertainty,8,12,group,14.33700180053711,12.359909298452143,3.0860745893974837,12.543106557543393,observed support,12.939515392167582
1024,3,uncertainty,8,12,household,0.2930000126361847,0.5384719176853736,0.16343834445334834,0.23975555524230002,first physical ID,0.5459739246942075
1024,4,fixed_coarse,0,2,regional,292.62298583984375,276.37237492098154,112.79461791291848,203.45527903468698,observed support,271.31791199498406
1024,4,fixed_coarse,0,2,group,16.714000701904297,15.513006150498049,1.8104521142965218,11.566732531271878,observed support,15.04363042603919
1024,4,fixed_coarse,0,2,household,0.12200000137090683,0.6553937423014129,0.15274019153616936,0.13693333342671393,first physical ID,0.3730327162866587
1024,4,fixed_coarse,0,12,regional,128.375,172.89200887469116,591.3712184996956,109.18106972870655,observed support,134.00543829796243
1024,4,fixed_coarse,0,12,group,8.910999298095703,11.17549841376011,3.701851037371692,7.3965779048217515,observed support,8.836172792667291
1024,4,fixed_coarse,0,12,household,2.6019999980926514,1.156061077765822,0.1711776940742667,0.6567777716451221,first physical ID,1.2176566404440523
1024,4,uniform_fine_stream,16,2,regional,292.62298583984375,271.31791199498406,80.49955694795204,203.45527903468698,observed support,271.31791199498406
1024,4,uniform_fine_stream,16,2,group,16.714000701904297,15.04363042603919,1.6375476798170325,11.566732531271878,observed support,15.04363042603919
1024,4,uniform_fine_stream,16,2,household,0.12200000137090683,0.3730327162866587,0.08776514177491514,0.13693333342671393,first physical ID,0.3730327162866587
1024,4,uniform_fine_stream,16,12,regional,128.375,134.00543829796243,380.18457385327474,109.18106972870655,observed support,134.00543829796243
1024,4,uniform_fine_stream,16,12,group,8.910999298095703,8.836172792667291,2.992600720697687,7.3965779048217515,observed support,8.836172792667291
1024,4,uniform_fine_stream,16,12,household,2.6019999980926514,1.2176566404440523,0.16144776687758394,0.6567777716451221,first physical ID,1.2176566404440523
1024,4,fixed,2,2,regional,292.62298583984375,279.5608157409927,97.90816211928123,203.45527903468698,observed support,271.31791199498406
1024,4,fixed,2,2,group,16.714000701904297,15.795564097354841,1.7563497080220243,11.566732531271878,observed support,15.04363042603919
1024,4,fixed,2,2,household,0.12200000137090683,0.38581518248852403,0.13671513909669278,0.13693333342671393,first physical ID,0.3730327162866587
1024,4,fixed,2,12,regional,128.375,159.46445532261066,482.6328000845317,109.18106972870655,observed support,134.00543829796243
1024,4,fixed,2,12,group,8.910999298095703,10.586063943072272,3.357390111353596,7.3965779048217515,observed support,8.836172792667291
1024,4,fixed,2,12,household,2.6019999980926514,1.1903983449928521,0.16582813577804706,0.6567777716451221,first physical ID,1.2176566404440523
1024,4,fixed,4,2,regional,292.62298583984375,271.71787946242017,90.29183927498184,203.45527903468698,observed support,271.31791199498406
1024,4,fixed,4,2,group,16.714000701904297,15.18052146834026,1.7304264693243838,11.566732531271878,observed support,15.04363042603919
1024,4,fixed,4,2,household,0.12200000137090683,0.3411272585983794,0.13098988773985115,0.13693333342671393,first physical ID,0.3730327162866587
1024,4,fixed,4,12,regional,128.375,126.08344725719219,426.34824001877064,109.18106972870655,observed support,134.00543829796243
1024,4,fixed,4,12,group,8.910999298095703,8.521469268572915,3.1769392080205074,7.3965779048217515,observed support,8.836172792667291
1024,4,fixed,4,12,household,2.6019999980926514,1.1246839179034287,0.1646545401562362,0.6567777716451221,first physical ID,1.2176566404440523
1024,4,fixed,8,2,regional,292.62298583984375,270.7646464632414,85.1521255249209,203.45527903468698,observed support,271.31791199498406
1024,4,fixed,8,2,group,16.714000701904297,15.266314978885122,1.7125013407516265,11.566732531271878,observed support,15.04363042603919
1024,4,fixed,8,2,household,0.12200000137090683,0.42631170820797143,0.12744138043731645,0.13693333342671393,first physical ID,0.3730327162866587
1024,4,fixed,8,12,regional,128.375,134.38270923274592,396.25920284696645,109.18106972870655,observed support,134.00543829796243
1024,4,fixed,8,12,group,8.910999298095703,9.098279852913437,3.08008902938731,7.3965779048217515,observed support,8.836172792667291
1024,4,fixed,8,12,household,2.6019999980926514,1.1880178870233333,0.16343491027691232,0.6567777716451221,first physical ID,1.2176566404440523
1024,4,random,2,2,regional,292.62298583984375,275.6157979485997,97.61266183231965,203.45527903468698,observed support,271.31791199498406
1024,4,random,2,2,group,16.714000701904297,15.574116426036664,1.7525379291749543,11.566732531271878,observed support,15.04363042603919
1024,4,random,2,2,household,0.12200000137090683,0.5863790062583166,0.1397668639130062,0.13693333342671393,first physical ID,0.3730327162866587
1024,4,random,2,12,regional,128.375,158.32184920050656,468.07708856686656,109.18106972870655,observed support,134.00543829796243
1024,4,random,2,12,group,8.910999298095703,10.34155246465599,3.2995057414921547,7.3965779048217515,observed support,8.836172792667291
1024,4,random,2,12,household,2.6019999980926514,1.2195019385025916,0.16568041121243726,0.6567777716451221,first physical ID,1.2176566404440523
1024,4,random,4,2,regional,292.62298583984375,268.2907609671046,92.21109539952121,203.45527903468698,observed support,271.31791199498406
1024,4,random,4,2,group,16.714000701904297,14.894410264815004,1.7332362034740132,11.566732531271878,observed support,15.04363042603919
1024,4,random,4,2,household,0.12200000137090683,0.5164763332749069,0.13518465837213584,0.13693333342671393,first physical ID,0.3730327162866587
1024,4,random,4,12,regional,128.375,125.77864905090627,430.1119654830783,109.18106972870655,observed support,134.00543829796243
1024,4,random,4,12,group,8.910999298095703,8.313400303903808,3.1797634678105178,7.3965779048217515,observed support,8.836172792667291
1024,4,random,4,12,household,2.6019999980926514,1.2449355487386429,0.16442056525456306,0.6567777716451221,first physical ID,1.2176566404440523
1024,4,random,8,2,regional,292.62298583984375,272.05812383018616,85.8471991380006,203.45527903468698,observed support,271.31791199498406
1024,4,random,8,2,group,16.714000701904297,15.112850207390363,1.7136947020408,11.566732531271878,observed support,15.04363042603919
1024,4,random,8,2,household,0.12200000137090683,0.36119177928474183,0.12845975125114614,0.13693333342671393,first physical ID,0.3730327162866587
1024,4,random,8,12,regional,128.375,133.42841907084454,397.3890843354602,109.18106972870655,observed support,134.00543829796243
1024,4,random,8,12,group,8.910999298095703,8.805400841154517,3.081090429858578,7.3965779048217515,observed support,8.836172792667291
1024,4,random,8,12,household,2.6019999980926514,1.2016042796248338,0.1633822311119713,0.6567777716451221,first physical ID,1.2176566404440523
1024,4,uncertainty,2,2,regional,292.62298583984375,270.22953771078784,98.60652094910337,203.45527903468698,observed support,271.31791199498406
1024,4,uncertainty,2,2,group,16.714000701904297,15.140908286449722,1.7574782858890763,11.566732531271878,observed support,15.04363042603919
1024,4,uncertainty,2,2,household,0.12200000137090683,0.6541792993261055,0.1405837186856359,0.13693333342671393,first physical ID,0.3730327162866587
1024,4,uncertainty,2,12,regional,128.375,152.73787596090466,460.53099074290424,109.18106972870655,observed support,134.00543829796243
1024,4,uncertainty,2,12,group,8.910999298095703,10.00524604201308,3.292333580703313,7.3965779048217515,observed support,8.836172792667291
1024,4,uncertainty,2,12,household,2.6019999980926514,1.356009226195726,0.16558231310201305,0.6567777716451221,first physical ID,1.2176566404440523
1024,4,uncertainty,4,2,regional,292.62298583984375,267.48276338487364,91.30704986251126,203.45527903468698,observed support,271.31791199498406
1024,4,uncertainty,4,2,group,16.714000701904297,14.802762747607682,1.7305906027101239,11.566732531271878,observed support,15.04363042603919
1024,4,uncertainty,4,2,household,0.12200000137090683,0.43705101390849027,0.13222356109260386,0.13693333342671393,first physical ID,0.3730327162866587
1024,4,uncertainty,4,12,regional,128.375,130.8429895160679,428.3424882720572,109.18106972870655,observed support,134.00543829796243
1024,4,uncertainty,4,12,group,8.910999298095703,8.659026641775247,3.179178358306733,7.3965779048217515,observed support,8.836172792667291
1024,4,uncertainty,4,12,household,2.6019999980926514,1.2350739750726638,0.1642924121041206,0.6567777716451221,first physical ID,1.2176566404440523
1024,4,uncertainty,8,2,regional,292.62298583984375,267.48642752060294,85.52394506163145,203.45527903468698,observed support,271.31791199498406
1024,4,uncertainty,8,2,group,16.714000701904297,14.921223589477881,1.7137063920455058,11.566732531271878,observed support,15.04363042603919
1024,4,uncertainty,8,2,household,0.12200000137090683,0.4633910964701938,0.12729079529267454,0.13693333342671393,first physical ID,0.3730327162866587
1024,4,uncertainty,8,12,regional,128.375,130.77154965334387,398.7596660731607,109.18106972870655,observed support,134.00543829796243
1024,4,uncertainty,8,12,group,8.910999298095703,8.763764946545878,3.086074548305908,7.3965779048217515,observed support,8.836172792667291
1024,4,uncertainty,8,12,household,2.6019999980926514,1.2365760599493703,0.16343833730887708,0.6567777716451221,first physical ID,1.2176566404440523
1024,5,fixed_coarse,0,2,regional,394.13397216796875,389.70902579867453,112.50543816043677,299.0794186789741,observed support,392.67274240725726
1024,5,fixed_coarse,0,2,group,25.54199981689453,25.329571004855005,1.8101716093786877,18.289488721527018,observed support,25.499392672209137
1024,5,fixed_coarse,0,2,household,0.07999999821186066,0.7018422197018808,0.15250244913420327,0.22555555370118882,first physical ID,0.1589432606085713
1024,5,fixed_coarse,0,12,regional,227.84999084472656,237.36708325978722,592.1051965636241,163.3338667914225,observed support,218.94780051465557
1024,5,fixed_coarse,0,12,group,14.869999885559082,15.971883398770522,3.701740302515108,11.10752520900605,observed support,14.809113997232263
1024,5,fixed_coarse,0,12,household,3.0390000343322754,2.310318239383992,0.1710054073893052,1.7317111076580154,first physical ID,2.2291774013729064
1024,5,uniform_fine_stream,16,2,regional,394.13397216796875,392.67274240725726,80.25232989017698,299.0794186789741,observed support,392.67274240725726
1024,5,uniform_fine_stream,16,2,group,25.54199981689453,25.499392672209137,1.6375533437397995,18.289488721527018,observed support,25.499392672209137
1024,5,uniform_fine_stream,16,2,household,0.07999999821186066,0.1589432606085713,0.08776822906359505,0.22555555370118882,first physical ID,0.1589432606085713
1024,5,uniform_fine_stream,16,12,regional,227.84999084472656,218.94780051465557,380.9039363070915,163.3338667914225,observed support,218.94780051465557
1024,5,uniform_fine_stream,16,12,group,14.869999885559082,14.809113997232263,2.9926080450219352,11.10752520900605,observed support,14.809113997232263
1024,5,uniform_fine_stream,16,12,household,3.0390000343322754,2.2291774013729064,0.16144848084667734,1.7317111076580154,first physical ID,2.2291774013729064
1024,5,fixed,2,2,regional,394.13397216796875,390.60898188900353,95.78229587936282,299.0794186789741,observed support,392.67274240725726
1024,5,fixed,2,2,group,25.54199981689453,25.348257293074703,1.749104145162435,18.289488721527018,observed support,25.499392672209137
1024,5,fixed,2,2,household,0.07999999821186066,0.34856789464261406,0.13680421536124263,0.22555555370118882,first physical ID,0.1589432606085713
1024,5,fixed,2,12,regional,227.84999084472656,217.80457457619292,466.81956747354275,163.3338667914225,observed support,218.94780051465557
1024,5,fixed,2,12,group,14.869999885559082,14.903534622103338,3.2956461691896077,11.10752520900605,observed support,14.809113997232263
1024,5,fixed,2,12,household,3.0390000343322754,2.175216289907218,0.1659077064991557,1.7317111076580154,first physical ID,2.2291774013729064
1024,5,fixed,4,2,regional,394.13397216796875,393.59951208247503,89.7160901905329,299.0794186789741,observed support,392.67274240725726
1024,5,fixed,4,2,group,25.54199981689453,25.616178642587247,1.7292367192913232,18.289488721527018,observed support,25.499392672209137
1024,5,fixed,4,2,household,0.07999999821186066,0.39960673827692633,0.13136252094741044,0.22555555370118882,first physical ID,0.1589432606085713
1024,5,fixed,4,12,regional,227.84999084472656,218.0453051149035,421.9859520537884,163.3338667914225,observed support,218.94780051465557
1024,5,fixed,4,12,group,14.869999885559082,15.027313909451724,3.1613332944655514,11.10752520900605,observed support,14.809113997232263
1024,5,fixed,4,12,household,3.0390000343322754,2.28614322571305,0.16463247768357206,1.7317111076580154,first physical ID,2.2291774013729064
1024,5,fixed,8,2,regional,394.13397216796875,391.595118679367,84.99119473041682,299.0794186789741,observed support,392.67274240725726
1024,5,fixed,8,2,group,25.54199981689453,25.555799984918504,1.713150184871249,18.289488721527018,observed support,25.499392672209137
1024,5,fixed,8,2,household,0.07999999821186066,0.42728690838405203,0.12752931598876174,0.22555555370118882,first physical ID,0.1589432606085713
1024,5,fixed,8,12,regional,227.84999084472656,213.6329849629808,396.9645168279913,163.3338667914225,observed support,218.94780051465557
1024,5,fixed,8,12,group,14.869999885559082,14.727600431702054,3.080469543066749,11.10752520900605,observed support,14.809113997232263
1024,5,fixed,8,12,household,3.0390000343322754,2.362810846095607,0.163435388605503,1.7317111076580154,first physical ID,2.2291774013729064
1024,5,random,2,2,regional,394.13397216796875,394.0393577447408,95.66442242876985,299.0794186789741,observed support,392.67274240725726
1024,5,random,2,2,group,25.54199981689453,25.62482703336583,1.7533772459511272,18.289488721527018,observed support,25.499392672209137
1024,5,random,2,2,household,0.07999999821186066,0.5557356615346136,0.13592718188169764,0.22555555370118882,first physical ID,0.1589432606085713
1024,5,random,2,12,regional,227.84999084472656,233.77770443440744,445.3742431157906,163.3338667914225,observed support,218.94780051465557
1024,5,random,2,12,group,14.869999885559082,15.881172382218516,3.248104036396331,11.10752520900605,observed support,14.809113997232263
1024,5,random,2,12,household,3.0390000343322754,2.211485350042626,0.16589836246478135,1.7317111076580154,first physical ID,2.2291774013729064
1024,5,random,4,2,regional,394.13397216796875,391.8847417008692,89.87259646180323,299.0794186789741,observed support,392.67274240725726
1024,5,random,4,2,group,25.54199981689453,25.51320633136071,1.731189354859597,18.289488721527018,observed support,25.499392672209137
1024,5,random,4,2,household,0.07999999821186066,0.5708097695212991,0.13127294184225266,0.22555555370118882,first physical ID,0.1589432606085713
1024,5,random,4,12,regional,227.84999084472656,224.9547949544351,419.76177591097746,163.3338667914225,observed support,218.94780051465557
1024,5,random,4,12,group,14.869999885559082,15.351916986193055,3.1553185698130104,11.10752520900605,observed support,14.809113997232263
1024,5,random,4,12,household,3.0390000343322754,2.309206629257255,0.16452479714264498,1.7317111076580154,first physical ID,2.2291774013729064
1024,5,random,8,2,regional,394.13397216796875,391.0604611524678,85.25754079628517,299.0794186789741,observed support,392.67274240725726
1024,5,random,8,2,group,25.54199981689453,25.482420600592505,1.6523351348672584,18.289488721527018,observed support,25.499392672209137
1024,5,random,8,2,household,0.07999999821186066,0.2099794246309643,0.08861205324000761,0.22555555370118882,first physical ID,0.1589432606085713
1024,5,random,8,12,regional,227.84999084472656,223.56769814594367,401.14630622054193,163.3338667914225,observed support,218.94780051465557
1024,5,random,8,12,group,14.869999885559082,15.054481589264999,3.055565953296374,11.10752520900605,observed support,14.809113997232263
1024,5,random,8,12,household,3.0390000343322754,2.1929986281092675,0.16236115856560562,1.7317111076580154,first physical ID,2.2291774013729064
1024,5,uncertainty,2,2,regional,394.13397216796875,390.02332651614176,98.3378688608488,299.0794186789741,observed support,392.67274240725726
1024,5,uncertainty,2,2,group,25.54199981689453,25.46678618655828,1.757375020571854,18.289488721527018,observed support,25.499392672209137
1024,5,uncertainty,2,2,household,0.07999999821186066,0.6386061342086646,0.14050987471647472,0.22555555370118882,first physical ID,0.1589432606085713
1024,5,uncertainty,2,12,regional,227.84999084472656,222.7338214650095,461.2691595604715,163.3338667914225,observed support,218.94780051465557
1024,5,uncertainty,2,12,group,14.869999885559082,15.230759709054729,3.2922431803962846,11.10752520900605,observed support,14.809113997232263
1024,5,uncertainty,2,12,household,3.0390000343322754,2.404334923648703,0.16558232089403735,1.7317111076580154,first physical ID,2.2291774013729064
1024,5,uncertainty,4,2,regional,394.13397216796875,394.2484762331856,91.0526174420047,299.0794186789741,observed support,392.67274240725726
1024,5,uncertainty,4,2,group,25.54199981689453,25.54403436184884,1.7306125804079882,18.289488721527018,observed support,25.499392672209137
1024,5,uncertainty,4,2,household,0.07999999821186066,0.40413649945872365,0.13229203458554978,0.22555555370118882,first physical ID,0.1589432606085713
1024,5,uncertainty,4,12,regional,227.84999084472656,223.8851746488789,429.09820348667535,163.3338667914225,observed support,218.94780051465557
1024,5,uncertainty,4,12,group,14.869999885559082,15.319268562938039,3.17924971119802,11.10752520900605,observed support,14.809113997232263
1024,5,uncertainty,4,12,household,3.0390000343322754,2.2634975788080975,0.1642942821280698,1.7317111076580154,first physical ID,2.2291774013729064
1024,5,uncertainty,8,2,regional,394.13397216796875,389.82148989221105,85.26746410142243,299.0794186789741,observed support,392.67274240725726
1024,5,uncertainty,8,2,group,25.54199981689453,25.39726925128865,1.7137147525399608,18.289488721527018,observed support,25.499392672209137
1024,5,uncertainty,8,2,household,0.07999999821186066,0.4396179799212684,0.12731353848289695,0.22555555370118882,first physical ID,0.1589432606085713
1024,5,uncertainty,8,12,regional,227.84999084472656,213.14716360560766,399.4840481091559,163.3338667914225,observed support,218.94780051465557
1024,5,uncertainty,8,12,group,14.869999885559082,14.674093660316505,3.086098806273948,11.10752520900605,observed support,14.809113997232263
1024,5,uncertainty,8,12,household,3.0390000343322754,2.314064417368439,0.16343938378456485,1.7317111076580154,first physical ID,2.2291774013729064
1024,6,fixed_coarse,0,2,regional,322.8170166015625,318.1766689611914,112.79401450023823,238.99015568209123,observed support,325.39598753809474
1024,6,fixed_coarse,0,2,group,19.2450008392334,17.873272299919215,1.8104489527016279,13.364559410560952,observed support,18.075208431518995
1024,6,fixed_coarse,0,2,household,0.12399999797344208,0.162277006964092,0.15274099632593546,0.12777777736385662,first physical ID,0.2243822643937785
1024,6,fixed_coarse,0,12,regional,358.31298828125,336.46725968235785,592.2024348773721,280.1142435294906,observed support,343.01299560962565
1024,6,fixed_coarse,0,12,group,23.268001556396484,20.803471607639295,3.701844801594288,17.195471483866,observed support,20.94728339914619
1024,6,fixed_coarse,0,12,household,0.17399999499320984,0.6620483773785412,0.1711774808837656,0.20339999952250057,first physical ID,0.6454859009901798
1024,6,uniform_fine_stream,16,2,regional,322.8170166015625,325.39598753809474,80.49958310342348,238.99015568209123,observed support,325.39598753809474
1024,6,uniform_fine_stream,16,2,group,19.2450008392334,18.075208431518995,1.637547691414225,13.364559410560952,observed support,18.075208431518995
1024,6,uniform_fine_stream,16,2,household,0.12399999797344208,0.2243822643937785,0.0877651478699329,0.12777777736385662,first physical ID,0.2243822643937785
1024,6,uniform_fine_stream,16,12,regional,358.31298828125,343.01299560962565,380.8974451158098,280.1142435294906,observed support,343.01299560962565
1024,6,uniform_fine_stream,16,12,group,23.268001556396484,20.94728339914619,2.992600981911564,17.195471483866,observed support,20.94728339914619
1024,6,uniform_fine_stream,16,12,household,0.17399999499320984,0.6454859009901798,0.16144776695270469,0.20339999952250057,first physical ID,0.6454859009901798
1024,6,fixed,2,2,regional,322.8170166015625,324.98777223491743,94.89575819766415,238.99015568209123,observed support,325.39598753809474
1024,6,fixed,2,2,group,19.2450008392334,18.20829577623557,1.7470937264827406,13.364559410560952,observed support,18.075208431518995
1024,6,fixed,2,2,household,0.12399999797344208,0.14561279080878586,0.13545151814159043,0.12777777736385662,first physical ID,0.2243822643937785
1024,6,fixed,2,12,regional,358.31298828125,349.0070139221146,445.4790884670737,280.1142435294906,observed support,343.01299560962565
1024,6,fixed,2,12,group,23.268001556396484,21.41923835587788,3.2372208658883057,17.195471483866,observed support,20.94728339914619
1024,6,fixed,2,12,household,0.17399999499320984,0.5632733437438537,0.1659882447552218,0.20339999952250057,first physical ID,0.6454859009901798
1024,6,fixed,4,2,regional,322.8170166015625,322.4377376079529,90.52432427846185,238.99015568209123,observed support,325.39598753809474
1024,6,fixed,4,2,group,19.2450008392334,18.13545862319152,1.7312880308005298,13.364559410560952,observed support,18.075208431518995
1024,6,fixed,4,2,household,0.12399999797344208,0.2719621333647491,0.1309727934867521,0.12777777736385662,first physical ID,0.2243822643937785
1024,6,fixed,4,12,regional,358.31298828125,350.7093252801876,418.33945254880365,280.1142435294906,observed support,343.01299560962565
1024,6,fixed,4,12,group,23.268001556396484,21.597917868302385,3.1483586773980847,17.195471483866,observed support,20.94728339914619
1024,6,fixed,4,12,household,0.17399999499320984,0.6050994058080748,0.16459802312541683,0.20339999952250057,first physical ID,0.6454859009901798
1024,6,fixed,8,2,regional,322.8170166015625,320.079021954439,85.52210253854082,238.99015568209123,observed support,325.39598753809474
1024,6,fixed,8,2,group,19.2450008392334,17.98257423088437,1.7131441080367826,13.364559410560952,observed support,18.075208431518995
1024,6,fixed,8,2,household,0.12399999797344208,0.3176423960430852,0.12797113180212968,0.12777777736385662,first physical ID,0.2243822643937785
1024,6,fixed,8,12,regional,358.31298828125,347.01874946654993,395.30041788114556,280.1142435294906,observed support,343.01299560962565
1024,6,fixed,8,12,group,23.268001556396484,21.43700707401487,3.0749866024517534,17.195471483866,observed support,20.94728339914619
1024,6,fixed,8,12,household,0.17399999499320984,0.6754744947995852,0.16335337509792172,0.20339999952250057,first physical ID,0.6454859009901798
1024,6,random,2,2,regional,322.8170166015625,325.70351719182383,96.80816932576175,238.99015568209123,observed support,325.39598753809474
1024,6,random,2,2,group,19.2450008392334,18.40771968009535,1.6885525382371802,13.364559410560952,observed support,18.075208431518995
1024,6,random,2,2,household,0.12399999797344208,0.17662323142110203,0.09060376284449186,0.12777777736385662,first physical ID,0.2243822643937785
1024,6,random,2,12,regional,358.31298828125,337.4893043713176,473.9858123384537,280.1142435294906,observed support,343.01299560962565
1024,6,random,2,12,group,23.268001556396484,20.823062244895556,3.2705419444594552,17.195471483866,observed support,20.94728339914619
1024,6,random,2,12,household,0.17399999499320984,0.7446721695979273,0.16496933841320163,0.20339999952250057,first physical ID,0.6454859009901798
1024,6,random,4,2,regional,322.8170166015625,332.06778830692963,90.60732571194018,238.99015568209123,observed support,325.39598753809474
1024,6,random,4,2,group,19.2450008392334,18.68918918655522,1.6662801541574128,13.364559410560952,observed support,18.075208431518995
1024,6,random,4,2,household,0.12399999797344208,0.06927715590850854,0.0895391356833283,0.12777777736385662,first physical ID,0.2243822643937785
1024,6,random,4,12,regional,358.31298828125,348.5226331386359,433.9737645443396,280.1142435294906,observed support,343.01299560962565
1024,6,random,4,12,group,23.268001556396484,21.379434883534245,3.1470794400806144,17.195471483866,observed support,20.94728339914619
1024,6,random,4,12,household,0.17399999499320984,0.6524952725154554,0.16334559607343946,0.20339999952250057,first physical ID,0.6454859009901798
1024,6,random,8,2,regional,322.8170166015625,331.43898415066064,84.85676642083364,238.99015568209123,observed support,325.39598753809474
1024,6,random,8,2,group,19.2450008392334,18.435075384335143,1.6498134214532054,13.364559410560952,observed support,18.075208431518995
1024,6,random,8,2,household,0.12399999797344208,0.11679241471392773,0.08859664703038395,0.12777777736385662,first physical ID,0.2243822643937785
1024,6,random,8,12,regional,358.31298828125,362.5335090464942,399.795046761754,280.1142435294906,observed support,343.01299560962565
1024,6,random,8,12,group,23.268001556396484,22.036607114285367,3.0500066747020522,17.195471483866,observed support,20.94728339914619
1024,6,random,8,12,household,0.17399999499320984,0.5871674322483805,0.16227238701446886,0.20339999952250057,first physical ID,0.6454859009901798
1024,6,uncertainty,2,2,regional,322.8170166015625,322.295533723935,98.60662214088492,238.99015568209123,observed support,325.39598753809474
1024,6,uncertainty,2,2,group,19.2450008392334,18.154217084591043,1.7574782927171784,13.364559410560952,observed support,18.075208431518995
1024,6,uncertainty,2,2,household,0.12399999797344208,0.15741126382860704,0.14058402100822776,0.12777777736385662,first physical ID,0.2243822643937785
1024,6,uncertainty,2,12,regional,358.31298828125,331.2202929259043,461.3170824426369,280.1142435294906,observed support,343.01299560962565
1024,6,uncertainty,2,12,group,23.268001556396484,20.58937672510458,3.292335958799705,17.195471483866,observed support,20.94728339914619
1024,6,uncertainty,2,12,household,0.17399999499320984,0.7436364759843803,0.16558231609445984,0.20339999952250057,first physical ID,0.6454859009901798
1024,6,uncertainty,4,2,regional,322.8170166015625,330.2457382138186,91.3071103535083,238.99015568209123,observed support,325.39598753809474
1024,6,uncertainty,4,2,group,19.2450008392334,18.532176147175353,1.730590624433474,13.364559410560952,observed support,18.075208431518995
1024,6,uncertainty,4,2,household,0.12399999797344208,0.0018408287937092815,0.13222356986384168,0.12777777736385662,first physical ID,0.2243822643937785
1024,6,uncertainty,4,12,regional,358.31298828125,344.6298885917157,429.08108779671863,280.1142435294906,observed support,343.01299560962565
1024,6,uncertainty,4,12,group,23.268001556396484,21.350832893358767,3.1791802257102875,17.195471483866,observed support,20.94728339914619
1024,6,uncertainty,4,12,household,0.17399999499320984,0.6758285041806003,0.164292414045152,0.20339999952250057,first physical ID,0.6454859009901798
1024,6,uncertainty,8,2,regional,322.8170166015625,327.82210642454567,85.52394343928066,238.99015568209123,observed support,325.39598753809474
1024,6,uncertainty,8,2,group,19.2450008392334,18.420620647777397,1.7137063931035692,13.364559410560952,observed support,18.075208431518995
1024,6,uncertainty,8,2,household,0.12399999797344208,0.17430120387493456,0.1272908040627209,0.12777777736385662,first physical ID,0.2243822643937785
1024,6,uncertainty,8,12,regional,358.31298828125,341.11165280454463,399.47879832523824,280.1142435294906,observed support,343.01299560962565
1024,6,uncertainty,8,12,group,23.268001556396484,21.152107462251568,3.0860753499239655,17.195471483866,observed support,20.94728339914619
1024,6,uncertainty,8,12,household,0.17399999499320984,0.7325549894398451,0.16343834293088794,0.20339999952250057,first physical ID,0.6454859009901798
1024,7,fixed_coarse,0,2,regional,344.76898193359375,344.8466789735394,112.79430775675746,257.77576847648703,observed support,333.19952469359737
1024,7,fixed_coarse,0,2,group,15.645999908447266,18.44255018297792,1.8104523067543477,14.47454320320405,observed support,17.99871423429287
1024,7,fixed_coarse,0,2,household,0.1379999965429306,0.008913424366239764,0.1527395526836394,0.3002325580563656,first physical ID,0.35211932708120275
1024,7,fixed_coarse,0,12,regional,438.16400146484375,399.7122963013892,592.2026865543644,312.61782102826527,observed support,397.3903112874317
1024,7,fixed_coarse,0,12,group,29.137001037597656,23.747930568335807,3.701847815296241,18.724565634843184,observed support,23.72744237866675
1024,7,fixed_coarse,0,12,household,0.13199999928474426,0.4074827112843832,0.17117748440060737,0.20165116166652636,first physical ID,0.3969802878079264
1024,7,uniform_fine_stream,16,2,regional,344.76898193359375,333.19952469359737,80.49955682675701,257.77576847648703,observed support,333.19952469359737
1024,7,uniform_fine_stream,16,2,group,15.645999908447266,17.99871423429287,1.6375476795702655,14.47454320320405,observed support,17.99871423429287
1024,7,uniform_fine_stream,16,2,household,0.1379999965429306,0.35211932708120275,0.08776514176728693,0.3002325580563656,first physical ID,0.35211932708120275
1024,7,uniform_fine_stream,16,12,regional,438.16400146484375,397.3903112874317,380.8973255883958,312.61782102826527,observed support,397.3903112874317
1024,7,uniform_fine_stream,16,12,group,29.137001037597656,23.72744237866675,2.9926007169694224,18.724565634843184,observed support,23.72744237866675
1024,7,uniform_fine_stream,16,12,household,0.13199999928474426,0.3969802878079264,0.16144776685510442,0.20165116166652636,first physical ID,0.3969802878079264
1024,7,fixed,2,2,regional,344.76898193359375,337.7236676818404,95.51854864287921,257.77576847648703,observed support,333.19952469359737
1024,7,fixed,2,2,group,15.645999908447266,18.00733723893906,1.750241045088296,14.47454320320405,observed support,17.99871423429287
1024,7,fixed,2,2,household,0.1379999965429306,0.313702647203012,0.13629323017514444,0.3002325580563656,first physical ID,0.35211932708120275
1024,7,fixed,2,12,regional,438.16400146484375,393.11478589277226,445.002121961913,312.61782102826527,observed support,397.3903112874317
1024,7,fixed,2,12,group,29.137001037597656,23.210838049569773,3.2449950633249776,18.724565634843184,observed support,23.72744237866675
1024,7,fixed,2,12,household,0.13199999928474426,0.5035652908154448,0.16588447565428882,0.20165116166652636,first physical ID,0.3969802878079264
1024,7,fixed,4,2,regional,344.76898193359375,330.40664835353016,90.46005799678204,257.77576847648703,observed support,333.19952469359737
1024,7,fixed,4,2,group,15.645999908447266,17.491819458229166,1.7326270719658843,14.47454320320405,observed support,17.99871423429287
1024,7,fixed,4,2,household,0.1379999965429306,0.45069364892812963,0.13089780961367858,0.3002325580563656,first physical ID,0.35211932708120275
1024,7,fixed,4,12,regional,438.16400146484375,385.7820531231348,411.9497139633058,312.61782102826527,observed support,397.3903112874317
1024,7,fixed,4,12,group,29.137001037597656,22.679874074902344,3.1348880914275408,18.724565634843184,observed support,23.72744237866675
1024,7,fixed,4,12,household,0.13199999928474426,0.4422740781414013,0.1646173435185412,0.20165116166652636,first physical ID,0.3969802878079264
1024,7,fixed,8,2,regional,344.76898193359375,331.1922100996498,85.60332775189156,257.77576847648703,observed support,333.19952469359737
1024,7,fixed,8,2,group,15.645999908447266,17.675873357958388,1.714253940716694,14.47454320320405,observed support,17.99871423429287
1024,7,fixed,8,2,household,0.1379999965429306,0.4731377511653162,0.12756532085978867,0.3002325580563656,first physical ID,0.35211932708120275
1024,7,fixed,8,12,regional,438.16400146484375,390.1579457728061,396.51476848887137,312.61782102826527,observed support,397.3903112874317
1024,7,fixed,8,12,group,29.137001037597656,22.981518059603573,3.08085252798183,18.724565634843184,observed support,23.72744237866675
1024,7,fixed,8,12,household,0.13199999928474426,0.3983665499719208,0.1634043378210142,0.20165116166652636,first physical ID,0.3969802878079264
1024,7,random,2,2,regional,344.76898193359375,340.55200782434514,95.93127350323604,257.77576847648703,observed support,333.19952469359737
1024,7,random,2,2,group,15.645999908447266,18.15762226042283,1.75345044310479,14.47454320320405,observed support,17.99871423429287
1024,7,random,2,2,household,0.1379999965429306,0.27035874008208804,0.13597134639650002,0.3002325580563656,first physical ID,0.35211932708120275
1024,7,random,2,12,regional,438.16400146484375,405.523982811494,445.41039649248563,312.61782102826527,observed support,397.3903112874317
1024,7,random,2,12,group,29.137001037597656,23.95075727651879,3.248167966765875,18.724565634843184,observed support,23.72744237866675
1024,7,random,2,12,household,0.13199999928474426,0.4449413680147559,0.16590739166794372,0.20165116166652636,first physical ID,0.3969802878079264
1024,7,random,4,2,regional,344.76898193359375,337.9514267167725,90.44659252482631,257.77576847648703,observed support,333.19952469359737
1024,7,random,4,2,group,15.645999908447266,18.042201249440083,1.7312757816514805,14.47454320320405,observed support,17.99871423429287
1024,7,random,4,2,household,0.1379999965429306,0.40892550515677784,0.13043193881434575,0.3002325580563656,first physical ID,0.35211932708120275
1024,7,random,4,12,regional,438.16400146484375,395.5937277311366,424.77802391939036,312.61782102826527,observed support,397.3903112874317
1024,7,random,4,12,group,29.137001037597656,23.404484894197253,3.175424154808283,18.724565634843184,observed support,23.72744237866675
1024,7,random,4,12,household,0.13199999928474426,0.4997310805870717,0.16436630374576766,0.20165116166652636,first physical ID,0.3969802878079264
1024,7,random,8,2,regional,344.76898193359375,331.466899235251,85.80212054127715,257.77576847648703,observed support,333.19952469359737
1024,7,random,8,2,group,15.645999908447266,17.78858728252293,1.6532022407226719,14.47454320320405,observed support,17.99871423429287
1024,7,random,8,2,household,0.1379999965429306,0.37687314378755155,0.08855125564035583,0.3002325580563656,first physical ID,0.35211932708120275
1024,7,random,8,12,regional,438.16400146484375,394.7844643393354,401.2007399525492,312.61782102826527,observed support,397.3903112874317
1024,7,random,8,12,group,29.137001037597656,23.461778259030957,3.054118690303941,18.724565634843184,observed support,23.72744237866675
1024,7,random,8,12,household,0.13199999928474426,0.401415185419513,0.1622899690016601,0.20165116166652636,first physical ID,0.3969802878079264
1024,7,uncertainty,2,2,regional,344.76898193359375,333.592779755486,98.60650043627683,257.77576847648703,observed support,333.19952469359737
1024,7,uncertainty,2,2,group,15.645999908447266,17.7232622678347,1.7574781883441883,14.47454320320405,observed support,17.99871423429287
1024,7,uncertainty,2,2,household,0.1379999965429306,0.4234661040773499,0.14058368592750745,0.3002325580563656,first physical ID,0.35211932708120275
1024,7,uncertainty,2,12,regional,438.16400146484375,387.54881299956537,461.31664327878434,312.61782102826527,observed support,397.3903112874317
1024,7,uncertainty,2,12,group,29.137001037597656,22.832389698566377,3.2923332821389204,18.724565634843184,observed support,23.72744237866675
1024,7,uncertainty,2,12,household,0.13199999928474426,0.442429652216644,0.16558230926219217,0.20165116166652636,first physical ID,0.3969802878079264
1024,7,uncertainty,4,2,regional,344.76898193359375,330.6342746958226,91.30704654899085,257.77576847648703,observed support,333.19952469359737
1024,7,uncertainty,4,2,group,15.645999908447266,17.621905279111598,1.7305905731342333,14.47454320320405,observed support,17.99871423429287
1024,7,uncertainty,4,2,household,0.1379999965429306,0.3997426489906284,0.1322235591086385,0.3002325580563656,first physical ID,0.35211932708120275
1024,7,uncertainty,4,12,regional,438.16400146484375,387.6368667044636,429.08067564048673,312.61782102826527,observed support,397.3903112874317
1024,7,uncertainty,4,12,group,29.137001037597656,22.89505304786632,3.1791782189095814,18.724565634843184,observed support,23.72744237866675
1024,7,uncertainty,4,12,household,0.13199999928474426,0.3586005694953447,0.164292411534128,0.20165116166652636,first physical ID,0.3969802878079264
1024,7,uncertainty,8,2,regional,344.76898193359375,329.5083651990086,85.52394337436073,257.77576847648703,observed support,333.19952469359737
1024,7,uncertainty,8,2,group,15.645999908447266,17.605883522799097,1.7137063847217338,14.47454320320405,observed support,17.99871423429287
1024,7,uncertainty,8,2,household,0.1379999965429306,0.3818429574003115,0.12729079310387623,0.3002325580563656,first physical ID,0.35211932708120275
1024,7,uncertainty,8,12,regional,438.16400146484375,388.14460601435303,399.4785708411235,312.61782102826527,observed support,397.3903112874317
1024,7,uncertainty,8,12,group,29.137001037597656,23.04331970431469,3.0860744886475358,18.724565634843184,observed support,23.72744237866675
1024,7,uncertainty,8,12,household,0.13199999928474426,0.38181189108590086,0.1634383366126252,0.20165116166652636,first physical ID,0.3969802878079264
1024,8,fixed_coarse,0,2,regional,262.4630126953125,254.28694803430417,111.8658672787762,209.75568699853721,observed support,244.64961458053602
1024,8,fixed_coarse,0,2,group,11.357999801635742,14.596707561780752,1.8095567565943524,12.620130388501147,observed support,14.515521221645963
1024,8,fixed_coarse,0,2,household,0.035999998450279236,0.2858698817478778,0.15289558386594987,0.2190652167343575,first physical ID,0.3335892674126738
1024,8,fixed_coarse,0,12,regional,382.885986328125,357.02599352020974,587.7742014226214,305.82411145281685,observed support,359.1635594277558
1024,8,fixed_coarse,0,12,group,22.53599739074707,20.917671233058716,3.6961805230040063,18.012919137638654,observed support,21.35846255710536
1024,8,fixed_coarse,0,12,household,0.36500000953674316,0.38970186929759,0.17121714354470519,0.23426086909097174,first physical ID,0.2551160173862461
1024,8,uniform_fine_stream,16,2,regional,262.4630126953125,244.64961458053602,79.76264099414377,209.75568699853721,observed support,244.64961458053602
1024,8,uniform_fine_stream,16,2,group,11.357999801635742,14.515521221645963,1.6377831699894847,12.620130388501147,observed support,14.515521221645963
1024,8,uniform_fine_stream,16,2,household,0.035999998450279236,0.3335892674126738,0.08778148967275562,0.2190652167343575,first physical ID,0.3335892674126738
1024,8,uniform_fine_stream,16,12,regional,382.885986328125,359.1635594277558,377.85742733923144,305.82411145281685,observed support,359.1635594277558
1024,8,uniform_fine_stream,16,12,group,22.53599739074707,21.35846255710536,2.992830214659314,18.012919137638654,observed support,21.35846255710536
1024,8,uniform_fine_stream,16,12,household,0.36500000953674316,0.2551160173862461,0.16146313634724074,0.23426086909097174,first physical ID,0.2551160173862461
1024,8,fixed,2,2,regional,262.4630126953125,256.75484842011156,96.55310251742654,209.75568699853721,observed support,244.64961458053602
1024,8,fixed,2,2,group,11.357999801635742,14.650580164822397,1.755850245124266,12.620130388501147,observed support,14.515521221645963
1024,8,fixed,2,2,household,0.035999998450279236,0.40064909952067784,0.13657377682693325,0.2190652167343575,first physical ID,0.3335892674126738
1024,8,fixed,2,12,regional,382.885986328125,379.97197358998665,452.4681663601837,305.82411145281685,observed support,359.1635594277558
1024,8,fixed,2,12,group,22.53599739074707,22.169998877143797,3.268360911762171,18.012919137638654,observed support,21.35846255710536
1024,8,fixed,2,12,household,0.36500000953674316,0.3471764939454986,0.16585028710981042,0.23426086909097174,first physical ID,0.2551160173862461
1024,8,fixed,4,2,regional,262.4630126953125,252.02711937610135,90.4029490028913,209.75568699853721,observed support,244.64961458053602
1024,8,fixed,4,2,group,11.357999801635742,14.424866854403165,1.7327641148655222,12.620130388501147,observed support,14.515521221645963
1024,8,fixed,4,2,household,0.035999998450279236,0.4041121878545898,0.13254096103469457,0.2190652167343575,first physical ID,0.3335892674126738
1024,8,fixed,4,12,regional,382.885986328125,377.11921885601487,415.1042228222782,305.82411145281685,observed support,359.1635594277558
1024,8,fixed,4,12,group,22.53599739074707,22.018160639414248,3.153798412551752,18.012919137638654,observed support,21.35846255710536
1024,8,fixed,4,12,household,0.36500000953674316,0.27770833708407944,0.16439669346361374,0.23426086909097174,first physical ID,0.2551160173862461
1024,8,fixed,8,2,regional,262.4630126953125,250.4937226877853,85.45881507035625,209.75568699853721,observed support,244.64961458053602
1024,8,fixed,8,2,group,11.357999801635742,14.287181257366548,1.7160296240516786,12.620130388501147,observed support,14.515521221645963
1024,8,fixed,8,2,household,0.035999998450279236,0.4545054330068797,0.12825629993429813,0.2190652167343575,first physical ID,0.3335892674126738
1024,8,fixed,8,12,regional,382.885986328125,374.9619608514728,396.22448263243325,305.82411145281685,observed support,359.1635594277558
1024,8,fixed,8,12,group,22.53599739074707,21.84087368794459,3.0881547985912343,18.012919137638654,observed support,21.35846255710536
1024,8,fixed,8,12,household,0.36500000953674316,0.31727069150973153,0.16346757742344326,0.23426086909097174,first physical ID,0.2551160173862461
1024,8,random,2,2,regional,262.4630126953125,249.8763303100306,98.6864616625252,209.75568699853721,observed support,244.64961458053602
1024,8,random,2,2,group,11.357999801635742,14.369358031104365,1.760407770015007,12.620130388501147,observed support,14.515521221645963
1024,8,random,2,2,household,0.035999998450279236,0.43571676419708305,0.14004610770924913,0.2190652167343575,first physical ID,0.3335892674126738
1024,8,random,2,12,regional,382.885986328125,362.92096414736613,473.248933898199,305.82411145281685,observed support,359.1635594277558
1024,8,random,2,12,group,22.53599739074707,21.165585749056667,3.3384534009401703,18.012919137638654,observed support,21.35846255710536
1024,8,random,2,12,household,0.36500000953674316,0.3505520877702726,0.16568879566514572,0.23426086909097174,first physical ID,0.2551160173862461
1024,8,random,4,2,regional,262.4630126953125,251.90585351969253,90.9336192395466,209.75568699853721,observed support,244.64961458053602
1024,8,random,4,2,group,11.357999801635742,14.539900789414657,1.732584498653905,12.620130388501147,observed support,14.515521221645963
1024,8,random,4,2,household,0.035999998450279236,0.27554459497874884,0.13235728921193227,0.2190652167343575,first physical ID,0.3335892674126738
1024,8,random,4,12,regional,382.885986328125,368.0620787146032,429.7979023434614,305.82411145281685,observed support,359.1635594277558
1024,8,random,4,12,group,22.53599739074707,21.544601507254114,3.1905135941140195,18.012919137638654,observed support,21.35846255710536
1024,8,random,4,12,household,0.36500000953674316,0.38844024290904156,0.16428081885824253,0.23426086909097174,first physical ID,0.2551160173862461
1024,8,random,8,2,regional,262.4630126953125,253.55912311466378,85.39891596604818,209.75568699853721,observed support,244.64961458053602
1024,8,random,8,2,group,11.357999801635742,15.052628923783054,1.6532025910980461,12.620130388501147,observed support,14.515521221645963
1024,8,random,8,2,household,0.035999998450279236,0.2388114400947149,0.08865012197183322,0.2190652167343575,first physical ID,0.3335892674126738
1024,8,random,8,12,regional,382.885986328125,375.2551001963228,404.12397451336597,305.82411145281685,observed support,359.1635594277558
1024,8,random,8,12,group,22.53599739074707,22.304635089305677,3.0709791809058413,18.012919137638654,observed support,21.35846255710536
1024,8,random,8,12,household,0.36500000953674316,0.29958394703479785,0.1622680762174566,0.23426086909097174,first physical ID,0.2551160173862461
1024,8,uncertainty,2,2,regional,262.4630126953125,256.07883218290067,97.78255743708243,209.75568699853721,observed support,244.64961458053602
1024,8,uncertainty,2,2,group,11.357999801635742,14.708434497774135,1.7575699462098187,12.620130388501147,observed support,14.515521221645963
1024,8,uncertainty,2,2,household,0.035999998450279236,0.49552278641027814,0.14058935291783584,0.2190652167343575,first physical ID,0.3335892674126738
1024,8,uncertainty,2,12,regional,382.885986328125,372.7638210013282,457.9683301879704,305.82411145281685,observed support,359.1635594277558
1024,8,uncertainty,2,12,group,22.53599739074707,21.763002101083693,3.2914501297828975,18.012919137638654,observed support,21.35846255710536
1024,8,uncertainty,2,12,household,0.36500000953674316,0.43730943952067425,0.16558916500176385,0.23426086909097174,first physical ID,0.2551160173862461
1024,8,uncertainty,4,2,regional,262.4630126953125,248.02961108490243,90.47301603530713,209.75568699853721,observed support,244.64961458053602
1024,8,uncertainty,4,2,group,11.357999801635742,14.083057604836187,1.7307566260471419,12.620130388501147,observed support,14.515521221645963
1024,8,uncertainty,4,2,household,0.035999998450279236,0.2630543328054155,0.13222627320893723,0.2190652167343575,first physical ID,0.3335892674126738
1024,8,uncertainty,4,12,regional,382.885986328125,349.8056925995419,425.80882390051613,305.82411145281685,observed support,359.1635594277558
1024,8,uncertainty,4,12,group,22.53599739074707,20.35843555359958,3.1788951206198774,18.012919137638654,observed support,21.35846255710536
1024,8,uncertainty,4,12,household,0.36500000953674316,0.3061397127971964,0.16429324913482263,0.23426086909097174,first physical ID,0.2551160173862461
1024,8,uncertainty,8,2,regional,262.4630126953125,246.5127051313444,84.87030693092595,209.75568699853721,observed support,244.64961458053602
1024,8,uncertainty,8,2,group,11.357999801635742,13.947642242914762,1.7135187408993016,12.620130388501147,observed support,14.515521221645963
1024,8,uncertainty,8,2,household,0.035999998450279236,0.34745784824276293,0.1276790890225818,0.2190652167343575,first physical ID,0.3335892674126738
1024,8,uncertainty,8,12,regional,382.885986328125,358.3210003073867,394.40274178019104,305.82411145281685,observed support,359.1635594277558
1024,8,uncertainty,8,12,group,22.53599739074707,20.827959255685904,3.0797052139708176,18.012919137638654,observed support,21.35846255710536
1024,8,uncertainty,8,12,household,0.36500000953674316,0.2777662835557364,0.16340309288350496,0.23426086909097174,first physical ID,0.2551160173862461
1024,9,fixed_coarse,0,2,regional,224.31100463867188,250.05361434056576,111.75446997641592,199.69037413232041,observed support,235.86822851157112
1024,9,fixed_coarse,0,2,group,15.162001609802246,13.557348651130534,1.8096734581412512,11.815971977103661,observed support,13.255830987457127
1024,9,fixed_coarse,0,2,household,0.23499999940395355,0.039969739437315854,0.1528870880271884,0.212199999888738,first physical ID,0.1580735825754004
1024,9,fixed_coarse,0,12,regional,234.6610107421875,261.13493435954854,588.3941264858208,192.40926599342728,observed support,232.93006246388663
1024,9,fixed_coarse,0,12,group,13.147000312805176,15.485053712915223,3.697789880694887,11.876493101470349,observed support,14.193285278641884
1024,9,fixed_coarse,0,12,household,0.061000000685453415,0.18415861182672505,0.17121148755038434,0.129911111212439,first physical ID,0.15465746687265436
1024,9,uniform_fine_stream,16,2,regional,224.31100463867188,235.86822851157112,79.74388274129018,199.69037413232041,observed support,235.86822851157112
1024,9,uniform_fine_stream,16,2,group,15.162001609802246,13.255830987457127,1.637781510076505,11.815971977103661,observed support,13.255830987457127
1024,9,uniform_fine_stream,16,2,household,0.23499999940395355,0.1580735825754004,0.08778130792432264,0.212199999888738,first physical ID,0.1580735825754004
1024,9,uniform_fine_stream,16,12,regional,234.6610107421875,232.93006246388663,377.85108002127805,192.40926599342728,observed support,232.93006246388663
1024,9,uniform_fine_stream,16,12,group,13.147000312805176,14.193285278641884,2.9928167028258112,11.876493101470349,observed support,14.193285278641884
1024,9,uniform_fine_stream,16,12,household,0.061000000685453415,0.15465746687265436,0.16146256264929573,0.129911111212439,first physical ID,0.15465746687265436
1024,9,fixed,2,2,regional,224.31100463867188,244.34816927417484,95.5786207504812,199.69037413232041,observed support,235.86822851157112
1024,9,fixed,2,2,group,15.162001609802246,13.123020814802027,1.7553049222542407,11.815971977103661,observed support,13.255830987457127
1024,9,fixed,2,2,household,0.23499999940395355,0.0690171438956795,0.1354691810259005,0.212199999888738,first physical ID,0.1580735825754004
1024,9,fixed,2,12,regional,234.6610107421875,237.12456850980033,434.1956750277423,192.40926599342728,observed support,232.93006246388663
1024,9,fixed,2,12,group,13.147000312805176,14.075908472027866,3.2200737331646305,11.876493101470349,observed support,14.193285278641884
1024,9,fixed,2,12,household,0.061000000685453415,0.22548455021510092,0.16597016413930826,0.129911111212439,first physical ID,0.15465746687265436
1024,9,fixed,4,2,regional,224.31100463867188,239.2469324397845,90.97314734158596,199.69037413232041,observed support,235.86822851157112
1024,9,fixed,4,2,group,15.162001609802246,12.761358378751007,1.7352075079515208,11.815971977103661,observed support,13.255830987457127
1024,9,fixed,4,2,household,0.23499999940395355,0.028584445929231456,0.1324372893148686,0.212199999888738,first physical ID,0.1580735825754004
1024,9,fixed,4,12,regional,234.6610107421875,233.47319876914605,417.86455279383335,192.40926599342728,observed support,232.93006246388663
1024,9,fixed,4,12,group,13.147000312805176,13.855014780607863,3.163829204675789,11.876493101470349,observed support,14.193285278641884
1024,9,fixed,4,12,household,0.061000000685453415,0.16600819497063557,0.16448679507452804,0.129911111212439,first physical ID,0.15465746687265436
1024,9,fixed,8,2,regional,224.31100463867188,235.34707060499846,85.31891070981521,199.69037413232041,observed support,235.86822851157112
1024,9,fixed,8,2,group,15.162001609802246,13.183051711122273,1.6555444462245983,11.815971977103661,observed support,13.255830987457127
1024,9,fixed,8,2,household,0.23499999940395355,0.16720411377057443,0.08867996381053182,0.212199999888738,first physical ID,0.1580735825754004
1024,9,fixed,8,12,regional,234.6610107421875,226.06086892622193,396.42269859053664,192.40926599342728,observed support,232.93006246388663
1024,9,fixed,8,12,group,13.147000312805176,13.7191364914123,3.0521255599729185,11.876493101470349,observed support,14.193285278641884
1024,9,fixed,8,12,household,0.061000000685453415,0.15371728941290547,0.16246018570645837,0.129911111212439,first physical ID,0.15465746687265436
1024,9,random,2,2,regional,224.31100463867188,245.2198384987376,96.30563578435653,199.69037413232041,observed support,235.86822851157112
1024,9,random,2,2,group,15.162001609802246,13.27677426191659,1.7543743726734504,11.815971977103661,observed support,13.255830987457127
1024,9,random,2,2,household,0.23499999940395355,0.05709846486686865,0.1371129674733941,0.212199999888738,first physical ID,0.1580735825754004
1024,9,random,2,12,regional,234.6610107421875,250.4030022812085,456.0845811353362,192.40926599342728,observed support,232.93006246388663
1024,9,random,2,12,group,13.147000312805176,15.003546317014816,3.2739147786147687,11.876493101470349,observed support,14.193285278641884
1024,9,random,2,12,household,0.061000000685453415,0.2509720791587487,0.1659297895468385,0.129911111212439,first physical ID,0.15465746687265436
1024,9,random,4,2,regional,224.31100463867188,240.11771234236787,91.02558995689282,199.69037413232041,observed support,235.86822851157112
1024,9,random,4,2,group,15.162001609802246,13.545071725482964,1.6731290944557982,11.815971977103661,observed support,13.255830987457127
1024,9,random,4,2,household,0.23499999940395355,0.12938279232714187,0.089640022849606,0.212199999888738,first physical ID,0.1580735825754004
1024,9,random,4,12,regional,234.6610107421875,241.09556471054066,425.1448650950216,192.40926599342728,observed support,232.93006246388663
1024,9,random,4,12,group,13.147000312805176,14.687587339322548,3.1341558318283553,11.876493101470349,observed support,14.193285278641884
1024,9,random,4,12,household,0.061000000685453415,0.18007643777267507,0.1634598192123357,0.129911111212439,first physical ID,0.15465746687265436
1024,9,random,8,2,regional,224.31100463867188,238.6865625518382,84.86798863341997,199.69037413232041,observed support,235.86822851157112
1024,9,random,8,2,group,15.162001609802246,13.417871844782512,1.654448209855812,11.815971977103661,observed support,13.255830987457127
1024,9,random,8,2,household,0.23499999940395355,0.14358286284769997,0.08856622384917778,0.212199999888738,first physical ID,0.1580735825754004
1024,9,random,8,12,regional,234.6610107421875,243.57893239695795,392.1580526000711,192.40926599342728,observed support,232.93006246388663
1024,9,random,8,12,group,13.147000312805176,14.768297061741276,3.0389981104439534,11.876493101470349,observed support,14.193285278641884
1024,9,random,8,12,household,0.061000000685453415,0.14860216821301006,0.16240127641585972,0.129911111212439,first physical ID,0.15465746687265436
1024,9,uncertainty,2,2,regional,224.31100463867188,236.44808420371373,97.71489110852818,199.69037413232041,observed support,235.86822851157112
1024,9,uncertainty,2,2,group,15.162001609802246,12.853464365466758,1.7576182134848295,11.815971977103661,observed support,13.255830987457127
1024,9,uncertainty,2,2,household,0.23499999940395355,0.07335985042142026,0.14058749023065825,0.212199999888738,first physical ID,0.1580735825754004
1024,9,uncertainty,2,12,regional,234.6610107421875,226.00571035274504,458.1377756715025,192.40926599342728,observed support,232.93006246388663
1024,9,uncertainty,2,12,group,13.147000312805176,13.592655015343482,3.291885547968448,11.876493101470349,observed support,14.193285278641884
1024,9,uncertainty,2,12,household,0.061000000685453415,0.1731904969965366,0.16558665977172038,0.129911111212439,first physical ID,0.15465746687265436
1024,9,uncertainty,4,2,regional,224.31100463867188,235.2750019781261,90.43312847375873,199.69037413232041,observed support,235.86822851157112
1024,9,uncertainty,4,2,group,15.162001609802246,12.80539640997526,1.7307840154174783,11.815971977103661,observed support,13.255830987457127
1024,9,uncertainty,4,2,household,0.23499999940395355,0.05980764557700763,0.1322261222599574,0.212199999888738,first physical ID,0.1580735825754004
1024,9,uncertainty,4,12,regional,234.6610107421875,220.67551336431848,425.9057769175197,192.40926599342728,observed support,232.93006246388663
1024,9,uncertainty,4,12,group,13.147000312805176,13.326765078326131,3.179135333439776,11.876493101470349,observed support,14.193285278641884
1024,9,uncertainty,4,12,household,0.061000000685453415,0.17467835849399255,0.16429184305110128,0.129911111212439,first physical ID,0.15465746687265436
1024,9,uncertainty,8,2,regional,224.31100463867188,236.55580936052291,84.84104633473973,199.69037413232041,observed support,235.86822851157112
1024,9,uncertainty,8,2,group,15.162001609802246,12.725079460703663,1.713526361391106,11.815971977103661,observed support,13.255830987457127
1024,9,uncertainty,8,2,household,0.23499999940395355,0.12103582545351335,0.1276787507547951,0.212199999888738,first physical ID,0.1580735825754004
1024,9,uncertainty,8,12,regional,234.6610107421875,224.82324245470383,394.4324054901628,192.40926599342728,observed support,232.93006246388663
1024,9,uncertainty,8,12,group,13.147000312805176,13.453074077071726,3.07977681964085,11.876493101470349,observed support,14.193285278641884
1024,9,uncertainty,8,12,household,0.061000000685453415,0.16924409607133079,0.16340220472468664,0.129911111212439,first physical ID,0.15465746687265436
1024,10,fixed_coarse,0,2,regional,139.07400512695312,154.57452657341622,111.75952191713617,153.75685168809508,observed support,152.61680220672923
1024,10,fixed_coarse,0,2,group,9.340999603271484,9.884423588371309,1.8096914603594056,10.441525272746164,observed support,10.09694276581284
1024,10,fixed_coarse,0,2,household,0.5099999904632568,0.8311953418737662,0.15285998102580517,0.6229777794745234,first physical ID,0.7372932416977865
1024,10,fixed_coarse,0,12,regional,207.7060089111328,209.71401222697196,587.1378613089842,196.8808268815071,observed support,204.6553854224664
1024,10,fixed_coarse,0,12,group,11.145999908447266,12.113731949672022,3.696828051721007,11.687192685517017,observed support,12.032025012776119
1024,10,fixed_coarse,0,12,household,0.17399999499320984,0.2294400403453236,0.1711965569253998,0.17564444343249003,first physical ID,0.1840272828037641
1024,10,uniform_fine_stream,16,2,regional,139.07400512695312,152.61680220672923,79.72621545586885,153.75685168809508,observed support,152.61680220672923
1024,10,uniform_fine_stream,16,2,group,9.340999603271484,10.09694276581284,1.6377873221858017,10.441525272746164,observed support,10.09694276581284
1024,10,uniform_fine_stream,16,2,household,0.5099999904632568,0.7372932416977865,0.08778140521958722,0.6229777794745234,first physical ID,0.7372932416977865
1024,10,uniform_fine_stream,16,12,regional,207.7060089111328,204.6553854224664,377.1890449409301,196.8808268815071,observed support,204.6553854224664
1024,10,uniform_fine_stream,16,12,group,11.145999908447266,12.032025012776119,2.9928445172746776,11.687192685517017,observed support,12.032025012776119
1024,10,uniform_fine_stream,16,12,household,0.17399999499320984,0.1840272828037641,0.16146346551857305,0.17564444343249003,first physical ID,0.1840272828037641
1024,10,fixed,2,2,regional,139.07400512695312,154.55106590858844,95.4344811844428,153.75685168809508,observed support,152.61680220672923
1024,10,fixed,2,2,group,9.340999603271484,9.879031055630868,1.749956447156946,10.441525272746164,observed support,10.09694276581284
1024,10,fixed,2,2,household,0.5099999904632568,0.8723998853382541,0.13942745673027845,0.6229777794745234,first physical ID,0.7372932416977865
1024,10,fixed,2,12,regional,207.7060089111328,218.52163820733557,437.23645845649924,196.8808268815071,observed support,204.6553854224664
1024,10,fixed,2,12,group,11.145999908447266,12.596571140809427,3.2353656239106225,11.687192685517017,observed support,12.032025012776119
1024,10,fixed,2,12,household,0.17399999499320984,0.14875554528615506,0.16557778730672046,0.17564444343249003,first physical ID,0.1840272828037641
1024,10,fixed,4,2,regional,139.07400512695312,154.9560457272034,91.20266495279697,153.75685168809508,observed support,152.61680220672923
1024,10,fixed,4,2,group,9.340999603271484,9.937324275243089,1.7340562410764728,10.441525272746164,observed support,10.09694276581284
1024,10,fixed,4,2,household,0.5099999904632568,0.8560228157745733,0.135072597675903,0.6229777794745234,first physical ID,0.7372932416977865
1024,10,fixed,4,12,regional,207.7060089111328,214.31191816184108,416.0066327525175,196.8808268815071,observed support,204.6553854224664
1024,10,fixed,4,12,group,11.145999908447266,12.38861667120289,3.1622607943593275,11.687192685517017,observed support,12.032025012776119
1024,10,fixed,4,12,household,0.17399999499320984,0.18335694955267218,0.16441043553901707,0.17564444343249003,first physical ID,0.1840272828037641
1024,10,fixed,8,2,regional,139.07400512695312,155.26507511242482,84.70186105442465,153.75685168809508,observed support,152.61680220672923
1024,10,fixed,8,2,group,9.340999603271484,10.286527299109705,1.6528128882199944,10.441525272746164,observed support,10.09694276581284
1024,10,fixed,8,2,household,0.5099999904632568,0.7011435611893361,0.08866393967357482,0.6229777794745234,first physical ID,0.7372932416977865
1024,10,fixed,8,12,regional,207.7060089111328,212.20783530652432,396.0239367878705,196.8808268815071,observed support,204.6553854224664
1024,10,fixed,8,12,group,11.145999908447266,12.515494180979099,3.053434458516116,11.687192685517017,observed support,12.032025012776119
1024,10,fixed,8,12,household,0.17399999499320984,0.1916641703215791,0.16237810541161263,0.17564444343249003,first physical ID,0.1840272828037641
1024,10,random,2,2,regional,139.07400512695312,153.01492671359182,96.43589882979617,153.75685168809508,observed support,152.61680220672923
1024,10,random,2,2,group,9.340999603271484,9.845558310823096,1.753837844978235,10.441525272746164,observed support,10.09694276581284
1024,10,random,2,2,household,0.5099999904632568,0.9278648240976728,0.13608916782173505,0.6229777794745234,first physical ID,0.7372932416977865
1024,10,random,2,12,regional,207.7060089111328,207.12039331280113,459.0195703028451,196.8808268815071,observed support,204.6553854224664
1024,10,random,2,12,group,11.145999908447266,11.957949895849174,3.2929216702868542,11.687192685517017,observed support,12.032025012776119
1024,10,random,2,12,household,0.17399999499320984,0.3214259569239299,0.16565845865199308,0.17564444343249003,first physical ID,0.1840272828037641
1024,10,random,4,2,regional,139.07400512695312,152.56702810860216,91.29204372151051,153.75685168809508,observed support,152.61680220672923
1024,10,random,4,2,group,9.340999603271484,9.81764660736408,1.7343999403314008,10.441525272746164,observed support,10.09694276581284
1024,10,random,4,2,household,0.5099999904632568,0.8807349655201102,0.13228458556512346,0.6229777794745234,first physical ID,0.7372932416977865
1024,10,random,4,12,regional,207.7060089111328,203.24679122478562,427.1640409212167,196.8808268815071,observed support,204.6553854224664
1024,10,random,4,12,group,11.145999908447266,11.75194562327394,3.1900357448544723,11.687192685517017,observed support,12.032025012776119
1024,10,random,4,12,household,0.17399999499320984,0.2760854076169805,0.16439212638021128,0.17564444343249003,first physical ID,0.1840272828037641
1024,10,random,8,2,regional,139.07400512695312,153.46691430444446,84.79286363505632,153.75685168809508,observed support,152.61680220672923
1024,10,random,8,2,group,9.340999603271484,9.849443818459177,1.713134062895794,10.441525272746164,observed support,10.09694276581284
1024,10,random,8,2,household,0.5099999904632568,0.8058444137190918,0.12744809927489922,0.6229777794745234,first physical ID,0.7372932416977865
1024,10,random,8,12,regional,207.7060089111328,208.70904350916211,395.83334403923493,196.8808268815071,observed support,204.6553854224664
1024,10,random,8,12,group,11.145999908447266,12.058637015967692,3.0889131622358903,11.687192685517017,observed support,12.032025012776119
1024,10,random,8,12,household,0.17399999499320984,0.23124490987874,0.1633323403823284,0.17564444343249003,first physical ID,0.1840272828037641
1024,10,uncertainty,2,2,regional,139.07400512695312,152.1907001868783,97.70114198543325,153.75685168809508,observed support,152.61680220672923
1024,10,uncertainty,2,2,group,9.340999603271484,9.84267729224573,1.7576222346293646,10.441525272746164,observed support,10.09694276581284
1024,10,uncertainty,2,2,household,0.5099999904632568,0.8004744736372598,0.14057656743762814,0.6229777794745234,first physical ID,0.7372932416977865
1024,10,uncertainty,2,12,regional,207.7060089111328,202.81201523523868,457.3282960619057,196.8808268815071,observed support,204.6553854224664
1024,10,uncertainty,2,12,group,11.145999908447266,11.79132851216675,3.2917537041188387,11.687192685517017,observed support,12.032025012776119
1024,10,uncertainty,2,12,household,0.17399999499320984,0.25155679691870075,0.1655868991294273,0.17564444343249003,first physical ID,0.1840272828037641
1024,10,uncertainty,4,2,regional,139.07400512695312,146.9643994420092,90.40664995473858,153.75685168809508,observed support,152.61680220672923
1024,10,uncertainty,4,2,group,9.340999603271484,9.430915024942822,1.7307849924817562,10.441525272746164,observed support,10.09694276581284
1024,10,uncertainty,4,2,household,0.5099999904632568,0.7341811482851084,0.13222254441500025,0.6229777794745234,first physical ID,0.7372932416977865
1024,10,uncertainty,4,12,regional,207.7060089111328,187.5420842623396,425.1651060941731,196.8808268815071,observed support,204.6553854224664
1024,10,uncertainty,4,12,group,11.145999908447266,10.827847872229661,3.1790793597298794,11.687192685517017,observed support,12.032025012776119
1024,10,uncertainty,4,12,household,0.17399999499320984,0.14867403199904952,0.16429255108717966,0.17564444343249003,first physical ID,0.1840272828037641
1024,10,uncertainty,8,2,regional,139.07400512695312,150.16799790209237,84.82960631308777,153.75685168809508,observed support,152.61680220672923
1024,10,uncertainty,8,2,group,9.340999603271484,9.58310007378172,1.7135494765412367,10.441525272746164,observed support,10.09694276581284
1024,10,uncertainty,8,2,household,0.5099999904632568,0.8157641084481626,0.12768028901632195,0.6229777794745234,first physical ID,0.7372932416977865
1024,10,uncertainty,8,12,regional,207.7060089111328,200.90677080001961,393.7697624617011,196.8808268815071,observed support,204.6553854224664
1024,10,uncertainty,8,12,group,11.145999908447266,11.534861464454561,3.07988438876077,11.687192685517017,observed support,12.032025012776119
1024,10,uncertainty,8,12,household,0.17399999499320984,0.15983241488043096,0.1634046987268088,0.17564444343249003,first physical ID,0.1840272828037641
1024,11,fixed_coarse,0,2,regional,137.9169921875,141.0917356294298,111.75644181298958,114.21942006864684,observed support,127.02975537002175
1024,11,fixed_coarse,0,2,group,9.135998725891113,9.485191985253312,1.8096918933386508,8.210129406308905,observed support,8.789195735296502
1024,11,fixed_coarse,0,2,household,1.2139999866485596,1.2501593439015566,0.15285986602010274,0.7720444454087152,first physical ID,1.2981021752917887
1024,11,fixed_coarse,0,12,regional,243.42098999023438,241.0810518966314,587.1315437573194,205.78674545817714,observed support,213.48698313969552
1024,11,fixed_coarse,0,12,group,13.580999374389648,14.362956916384352,3.6968119708812246,12.543106557543393,observed support,12.777169801343403
1024,11,fixed_coarse,0,12,household,0.12099999934434891,0.42749884589662357,0.17121157210542282,0.23975555524230002,first physical ID,0.4083757153847632
1024,11,uniform_fine_stream,16,2,regional,137.9169921875,127.02975537002175,79.72615015989639,114.21942006864684,observed support,127.02975537002175
1024,11,uniform_fine_stream,16,2,group,9.135998725891113,8.789195735296502,1.6377871152238008,8.210129406308905,observed support,8.789195735296502
1024,11,uniform_fine_stream,16,2,household,1.2139999866485596,1.2981021752917887,0.08778139374690566,0.7720444454087152,first physical ID,1.2981021752917887
1024,11,uniform_fine_stream,16,12,regional,243.42098999023438,213.48698313969552,377.18907835927007,205.78674545817714,observed support,213.48698313969552
1024,11,uniform_fine_stream,16,12,group,13.580999374389648,12.777169801343403,2.99284453186374,12.543106557543393,observed support,12.777169801343403
1024,11,uniform_fine_stream,16,12,household,0.12099999934434891,0.4083757153847632,0.16146346591763916,0.23975555524230002,first physical ID,0.4083757153847632
1024,11,fixed,2,2,regional,137.9169921875,135.79055109557842,97.60341448053248,114.21942006864684,observed support,127.02975537002175
1024,11,fixed,2,2,group,9.135998725891113,9.28230546441842,1.7558323859594358,8.210129406308905,observed support,8.789195735296502
1024,11,fixed,2,2,household,1.2139999866485596,1.3349635180532582,0.14009795497046446,0.7720444454087152,first physical ID,1.2981021752917887
1024,11,fixed,2,12,regional,243.42098999023438,224.53026422417588,464.05341432978383,205.78674545817714,observed support,213.48698313969552
1024,11,fixed,2,12,group,13.580999374389648,13.498155550661268,3.315740409834252,12.543106557543393,observed support,12.777169801343403
1024,11,fixed,2,12,household,0.12099999934434891,0.5177136764841785,0.16556914614669638,0.23975555524230002,first physical ID,0.4083757153847632
1024,11,fixed,4,2,regional,137.9169921875,132.87147800121423,91.41367810111777,114.21942006864684,observed support,127.02975537002175
1024,11,fixed,4,2,group,9.135998725891113,9.102811963448412,1.7358307585744144,8.210129406308905,observed support,8.789195735296502
1024,11,fixed,4,2,household,1.2139999866485596,1.4607720577202703,0.13327323961368776,0.7720444454087152,first physical ID,1.2981021752917887
1024,11,fixed,4,12,regional,243.42098999023438,224.5013522912618,427.0916928620037,205.78674545817714,observed support,213.48698313969552
1024,11,fixed,4,12,group,13.580999374389648,13.448394391833748,3.1941546028081724,12.543106557543393,observed support,12.777169801343403
1024,11,fixed,4,12,household,0.12099999934434891,0.4552026423211084,0.1644810657502957,0.23975555524230002,first physical ID,0.4083757153847632
1024,11,fixed,8,2,regional,137.9169921875,129.54928460883664,85.01178823545513,114.21942006864684,observed support,127.02975537002175
1024,11,fixed,8,2,group,9.135998725891113,8.922239928456086,1.6527841099397902,8.210129406308905,observed support,8.789195735296502
1024,11,fixed,8,2,household,1.2139999866485596,1.2627107982750576,0.08864993162440206,0.7720444454087152,first physical ID,1.2981021752917887
1024,11,fixed,8,12,regional,243.42098999023438,216.90307815480617,398.9510324015297,205.78674545817714,observed support,213.48698313969552
1024,11,fixed,8,12,group,13.580999374389648,13.025352341802261,3.0582535978506913,12.543106557543393,observed support,12.777169801343403
1024,11,fixed,8,12,household,0.12099999934434891,0.4191471596316968,0.1623234875861238,0.23975555524230002,first physical ID,0.4083757153847632
1024,11,random,2,2,regional,137.9169921875,137.79683747120302,97.76519656558304,114.21942006864684,observed support,127.02975537002175
1024,11,random,2,2,group,9.135998725891113,9.406974278840325,1.7605465821098285,8.210129406308905,observed support,8.789195735296502
1024,11,random,2,2,household,1.2139999866485596,1.5274351969759958,0.1365645695015723,0.7720444454087152,first physical ID,1.2981021752917887
1024,11,random,2,12,regional,243.42098999023438,231.03784273242735,469.3401332961405,205.78674545817714,observed support,213.48698313969552
1024,11,random,2,12,group,13.580999374389648,13.790247619923116,3.3215851077103595,12.543106557543393,observed support,12.777169801343403
1024,11,random,2,12,household,0.12099999934434891,0.4764373963052656,0.16635252667064143,0.23975555524230002,first physical ID,0.4083757153847632
1024,11,random,4,2,regional,137.9169921875,136.15660842023522,91.53742289522503,114.21942006864684,observed support,127.02975537002175
1024,11,random,4,2,group,9.135998725891113,9.391242874851406,1.7375240087019197,8.210129406308905,observed support,8.789195735296502
1024,11,random,4,2,household,1.2139999866485596,1.599149558862041,0.13136105653525929,0.7720444454087152,first physical ID,1.2981021752917887
1024,11,random,4,12,regional,243.42098999023438,228.79299476938382,430.7836956892566,205.78674545817714,observed support,213.48698313969552
1024,11,random,4,12,group,13.580999374389648,13.699351928279306,3.199621604183153,12.543106557543393,observed support,12.777169801343403
1024,11,random,4,12,household,0.12099999934434891,0.530560544269672,0.16468817487141574,0.23975555524230002,first physical ID,0.4083757153847632
1024,11,random,8,2,regional,137.9169921875,129.71966100191278,85.34811224459759,114.21942006864684,observed support,127.02975537002175
1024,11,random,8,2,group,9.135998725891113,8.996450365027183,1.6546770957786336,8.210129406308905,observed support,8.789195735296502
1024,11,random,8,2,household,1.2139999866485596,1.2911566573635453,0.0886875590767886,0.7720444454087152,first physical ID,1.2981021752917887
1024,11,random,8,12,regional,243.42098999023438,220.40715362631295,397.22892524428056,205.78674545817714,observed support,213.48698313969552
1024,11,random,8,12,group,13.580999374389648,13.238513952426262,3.0560960666123815,12.543106557543393,observed support,12.777169801343403
1024,11,random,8,12,household,0.12099999934434891,0.44235569666128316,0.16239847187920056,0.23975555524230002,first physical ID,0.4083757153847632
1024,11,uncertainty,2,2,regional,137.9169921875,133.6819121302576,97.70071869124507,114.21942006864684,observed support,127.02975537002175
1024,11,uncertainty,2,2,group,9.135998725891113,9.211575708574701,1.7576240029068362,8.210129406308905,observed support,8.789195735296502
1024,11,uncertainty,2,2,household,1.2139999866485596,1.412206411163813,0.14057627095270822,0.7720444454087152,first physical ID,1.2981021752917887
1024,11,uncertainty,2,12,regional,243.42098999023438,218.03690830280127,457.3255533628246,205.78674545817714,observed support,213.48698313969552
1024,11,uncertainty,2,12,group,13.580999374389648,13.111619490882084,3.2917491136345296,12.543106557543393,observed support,12.777169801343403
1024,11,uncertainty,2,12,household,0.12099999934434891,0.5440336392145705,0.16558678069335134,0.23975555524230002,first physical ID,0.4083757153847632
1024,11,uncertainty,4,2,regional,137.9169921875,127.29206244317929,90.40619782361956,114.21942006864684,observed support,127.02975537002175
1024,11,uncertainty,4,2,group,9.135998725891113,8.744568738452521,1.7307846358832701,8.210129406308905,observed support,8.789195735296502
1024,11,uncertainty,4,2,household,1.2139999866485596,1.538043163640063,0.13222181033737443,0.7720444454087152,first physical ID,1.2981021752917887
1024,11,uncertainty,4,12,regional,243.42098999023438,204.99081273968133,425.16246540951045,205.78674545817714,observed support,213.48698313969552
1024,11,uncertainty,4,12,group,13.580999374389648,12.211764758648817,3.1790720216072694,12.543106557543393,observed support,12.777169801343403
1024,11,uncertainty,4,12,household,0.12099999934434891,0.4444921164395983,0.16429212109095914,0.23975555524230002,first physical ID,0.4083757153847632
1024,11,uncertainty,8,2,regional,137.9169921875,125.1587502163527,84.82947091851236,114.21942006864684,observed support,127.02975537002175
1024,11,uncertainty,8,2,group,9.135998725891113,8.717288364090358,1.713550919049925,8.210129406308905,observed support,8.789195735296502
1024,11,uncertainty,8,2,household,1.2139999866485596,1.6302737066458897,0.12768031238524785,0.7720444454087152,first physical ID,1.2981021752917887
1024,11,uncertainty,8,12,regional,243.42098999023438,210.99800296237652,393.7699138778849,205.78674545817714,observed support,213.48698313969552
1024,11,uncertainty,8,12,group,13.580999374389648,12.596868986283381,3.0798878601092126,12.543106557543393,observed support,12.777169801343403
1024,11,uncertainty,8,12,household,0.12099999934434891,0.43767798198347824,0.16340472500433983,0.23975555524230002,first physical ID,0.4083757153847632
1024,12,fixed_coarse,0,2,regional,259.2559814453125,267.16895182531505,111.7545115180215,202.7519163996214,observed support,253.40611394960484
1024,12,fixed_coarse,0,2,group,14.032001495361328,15.56597992808937,1.8096851470239859,11.566732531271878,observed support,14.80188343349089
1024,12,fixed_coarse,0,2,household,0.13500000536441803,0.5416654552920112,0.15285626630635665,0.13693333342671393,first physical ID,0.3116878218383945
1024,12,fixed_coarse,0,12,regional,112.94599914550781,169.87273889538716,587.1301094928372,108.85108985345656,observed support,128.16496329712663
1024,12,fixed_coarse,0,12,group,7.019999027252197,10.994233413476111,3.6968003183255727,7.3965779048217515,observed support,8.379771708436099
1024,12,fixed_coarse,0,12,household,1.1109999418258667,1.0571303211849616,0.1712112780684208,0.6567777716451221,first physical ID,1.1482842450188269
1024,12,uniform_fine_stream,16,2,regional,259.2559814453125,253.40611394960484,79.72615018485071,202.7519163996214,observed support,253.40611394960484
1024,12,uniform_fine_stream,16,2,group,14.032001495361328,14.80188343349089,1.6377871153088943,11.566732531271878,observed support,14.80188343349089
1024,12,uniform_fine_stream,16,2,household,0.13500000536441803,0.3116878218383945,0.08778139374742389,0.13693333342671393,first physical ID,0.3116878218383945
1024,12,uniform_fine_stream,16,12,regional,112.94599914550781,128.16496329712663,377.189078921442,108.85108985345656,observed support,128.16496329712663
1024,12,uniform_fine_stream,16,12,group,7.019999027252197,8.379771708436099,2.9928445326575606,7.3965779048217515,observed support,8.379771708436099
1024,12,uniform_fine_stream,16,12,household,1.1109999418258667,1.1482842450188269,0.16146346592194585,0.6567777716451221,first physical ID,1.1482842450188269
1024,12,fixed,2,2,regional,259.2559814453125,266.62935370841956,97.45068051552516,202.7519163996214,observed support,253.40611394960484
1024,12,fixed,2,2,group,14.032001495361328,15.602993579903405,1.7576532299510854,11.566732531271878,observed support,14.80188343349089
1024,12,fixed,2,2,household,0.13500000536441803,0.3717630873852786,0.13998344527396292,0.13693333342671393,first physical ID,0.3116878218383945
1024,12,fixed,2,12,regional,112.94599914550781,151.991724528593,453.9086912319709,108.85108985345656,observed support,128.16496329712663
1024,12,fixed,2,12,group,7.019999027252197,10.154835712962129,3.282643984545601,7.3965779048217515,observed support,8.379771708436099
1024,12,fixed,2,12,household,1.1109999418258667,1.2063202009855671,0.1657171342592157,0.6567777716451221,first physical ID,1.1482842450188269
1024,12,fixed,4,2,regional,259.2559814453125,257.7661160036785,91.63667719230415,202.7519163996214,observed support,253.40611394960484
1024,12,fixed,4,2,group,14.032001495361328,15.226051682848142,1.7379805668150066,11.566732531271878,observed support,14.80188343349089
1024,12,fixed,4,2,household,0.13500000536441803,0.4417547959760199,0.13295497030929954,0.13693333342671393,first physical ID,0.3116878218383945
1024,12,fixed,4,12,regional,112.94599914550781,142.6337402602308,426.46286594477425,108.85108985345656,observed support,128.16496329712663
1024,12,fixed,4,12,group,7.019999027252197,9.610947939928938,3.187922572056827,7.3965779048217515,observed support,8.379771708436099
1024,12,fixed,4,12,household,1.1109999418258667,1.1735269183846617,0.16478549864257297,0.6567777716451221,first physical ID,1.1482842450188269
1024,12,fixed,8,2,regional,259.2559814453125,254.6731297232164,85.29942025103796,202.7519163996214,observed support,253.40611394960484
1024,12,fixed,8,2,group,14.032001495361328,14.804751502376503,1.6542357290778946,11.566732531271878,observed support,14.80188343349089
1024,12,fixed,8,2,household,0.13500000536441803,0.26980308310067047,0.08862211275595426,0.13693333342671393,first physical ID,0.3116878218383945
1024,12,fixed,8,12,regional,112.94599914550781,133.79449056853502,398.59887931547496,108.85108985345656,observed support,128.16496329712663
1024,12,fixed,8,12,group,7.019999027252197,8.732899722185634,3.0564061635031714,7.3965779048217515,observed support,8.379771708436099
1024,12,fixed,8,12,household,1.1109999418258667,1.0802267395031073,0.1623369121793256,0.6567777716451221,first physical ID,1.1482842450188269
1024,12,random,2,2,regional,259.2559814453125,267.0556317806813,96.99806715575272,202.7519163996214,observed support,253.40611394960484
1024,12,random,2,2,group,14.032001495361328,15.669544907226616,1.756573804438709,11.566732531271878,observed support,14.80188343349089
1024,12,random,2,2,household,0.13500000536441803,0.5342695379011108,0.1367327341102195,0.13693333342671393,first physical ID,0.3116878218383945
1024,12,random,2,12,regional,112.94599914550781,167.89645765321546,479.4650906981119,108.85108985345656,observed support,128.16496329712663
1024,12,random,2,12,group,7.019999027252197,11.060466623497335,3.3571293917372937,7.3965779048217515,observed support,8.379771708436099
1024,12,random,2,12,household,1.1109999418258667,1.0624238031419857,0.16583430942547936,0.6567777716451221,first physical ID,1.1482842450188269
1024,12,random,4,2,regional,259.2559814453125,259.49831355741236,89.52371089058676,202.7519163996214,observed support,253.40611394960484
1024,12,random,4,2,group,14.032001495361328,15.2097376978057,1.7320293617214397,11.566732531271878,observed support,14.80188343349089
1024,12,random,4,2,household,0.13500000536441803,0.4715859131211123,0.13097122343284423,0.13693333342671393,first physical ID,0.3116878218383945
1024,12,random,4,12,regional,112.94599914550781,149.16946348463202,421.9411798989385,108.85108985345656,observed support,128.16496329712663
1024,12,random,4,12,group,7.019999027252197,9.911944507631915,3.178726958047986,7.3965779048217515,observed support,8.379771708436099
1024,12,random,4,12,household,1.1109999418258667,1.0697180113588303,0.16467227846567287,0.6567777716451221,first physical ID,1.1482842450188269
1024,12,random,8,2,regional,259.2559814453125,258.7222215379538,84.26899734246376,202.7519163996214,observed support,253.40611394960484
1024,12,random,8,2,group,14.032001495361328,15.13161373380758,1.7126495327242175,11.566732531271878,observed support,14.80188343349089
1024,12,random,8,2,household,0.13500000536441803,0.4302107086287798,0.12731328806774808,0.13693333342671393,first physical ID,0.3116878218383945
1024,12,random,8,12,regional,112.94599914550781,134.73140386827026,389.9767955123719,108.85108985345656,observed support,128.16496329712663
1024,12,random,8,12,group,7.019999027252197,9.002330604617857,3.0680336214076327,7.3965779048217515,observed support,8.379771708436099
1024,12,random,8,12,household,1.1109999418258667,1.162313579313246,0.16347733794468458,0.6567777716451221,first physical ID,1.1482842450188269
1024,12,uncertainty,2,2,regional,259.2559814453125,264.6338197913731,97.70066454686707,202.7519163996214,observed support,253.40611394960484
1024,12,uncertainty,2,2,group,14.032001495361328,15.55643564503854,1.7576236536594116,11.566732531271878,observed support,14.80188343349089
1024,12,uncertainty,2,2,household,0.13500000536441803,0.6196641405052064,0.1405761208518862,0.13693333342671393,first physical ID,0.3116878218383945
1024,12,uncertainty,2,12,regional,112.94599914550781,146.0857701574619,457.32550240793273,108.85108985345656,observed support,128.16496329712663
1024,12,uncertainty,2,12,group,7.019999027252197,9.694326499442425,3.2917486308537747,7.3965779048217515,observed support,8.379771708436099
1024,12,uncertainty,2,12,household,1.1109999418258667,1.305798028087552,0.16558677105386654,0.6567777716451221,first physical ID,1.1482842450188269
1024,12,uncertainty,4,2,regional,259.2559814453125,262.76701247572174,90.40619808542027,202.7519163996214,observed support,253.40611394960484
1024,12,uncertainty,4,2,group,14.032001495361328,15.316417795979948,1.7307845867177032,11.566732531271878,observed support,14.80188343349089
1024,12,uncertainty,4,2,household,0.13500000536441803,0.3930985302438254,0.13222179437483225,0.13693333342671393,first physical ID,0.3116878218383945
1024,12,uncertainty,4,12,regional,112.94599914550781,129.62828262829493,425.1624973409435,108.85108985345656,observed support,128.16496329712663
1024,12,uncertainty,4,12,group,7.019999027252197,8.6969346439685,3.179072083924213,7.3965779048217515,observed support,8.379771708436099
1024,12,uncertainty,4,12,household,1.1109999418258667,1.2468099056929616,0.16429211970694862,0.6567777716451221,first physical ID,1.1482842450188269
1024,12,uncertainty,8,2,regional,259.2559814453125,258.75478832940087,84.82947093562547,202.7519163996214,observed support,253.40611394960484
1024,12,uncertainty,8,2,group,14.032001495361328,15.203544960956695,1.7135509049461224,11.566732531271878,observed support,14.80188343349089
1024,12,uncertainty,8,2,household,0.13500000536441803,0.37524947854056956,0.12768031246204845,0.13693333342671393,first physical ID,0.3116878218383945
1024,12,uncertainty,8,12,regional,112.94599914550781,126.88193108851051,393.7699130639662,108.85108985345656,observed support,128.16496329712663
1024,12,uncertainty,8,12,group,7.019999027252197,8.634392665753477,3.0798878527202582,7.3965779048217515,observed support,8.379771708436099
1024,12,uncertainty,8,12,household,1.1109999418258667,1.2544498755919526,0.16340472493000535,0.6567777716451221,first physical ID,1.1482842450188269
1024,13,fixed_coarse,0,2,regional,360.2239990234375,375.26137325634244,111.82212291605879,298.5503185069676,observed support,355.26754234415546
1024,13,fixed_coarse,0,2,group,21.93000030517578,22.30524737440409,1.809822165258824,18.289488721527018,observed support,21.454999157887233
1024,13,fixed_coarse,0,2,household,0.35100001096725464,0.13960970323734723,0.15287932279912117,0.22555555370118882,first physical ID,0.292122699304823
1024,13,fixed_coarse,0,12,regional,209.6750030517578,244.53598542352177,585.7547307155577,162.6278136124719,observed support,191.18779137537214
1024,13,fixed_coarse,0,12,group,13.373000144958496,15.845361729473819,3.6972385162576344,11.10752520900605,observed support,12.805783317015488
1024,13,fixed_coarse,0,12,household,2.953000068664551,1.8955886014903631,0.17121218524643372,1.7317111076580154,first physical ID,2.1077527516341874
1024,13,uniform_fine_stream,16,2,regional,360.2239990234375,355.26754234415546,79.74284846115586,298.5503185069676,observed support,355.26754234415546
1024,13,uniform_fine_stream,16,2,group,21.93000030517578,21.454999157887233,1.6378323604037046,18.289488721527018,observed support,21.454999157887233
1024,13,uniform_fine_stream,16,2,household,0.35100001096725464,0.292122699304823,0.08778347923735932,0.22555555370118882,first physical ID,0.292122699304823
1024,13,uniform_fine_stream,16,12,regional,209.6750030517578,191.18779137537214,376.05387993566814,162.6278136124719,observed support,191.18779137537214
1024,13,uniform_fine_stream,16,12,group,13.373000144958496,12.805783317015488,2.9929434475534076,11.10752520900605,observed support,12.805783317015488
1024,13,uniform_fine_stream,16,12,household,2.953000068664551,2.1077527516341874,0.16146379459506105,1.7317111076580154,first physical ID,2.1077527516341874
1024,13,fixed,2,2,regional,360.2239990234375,371.1631826963838,96.28685945961004,298.5503185069676,observed support,355.26754234415546
1024,13,fixed,2,2,group,21.93000030517578,22.199095315848872,1.7562251866376697,18.289488721527018,observed support,21.454999157887233
1024,13,fixed,2,2,household,0.35100001096725464,0.08054838087207061,0.13669043983490664,0.22555555370118882,first physical ID,0.292122699304823
1024,13,fixed,2,12,regional,209.6750030517578,216.0385157313742,451.07616785864,162.6278136124719,observed support,191.18779137537214
1024,13,fixed,2,12,group,13.373000144958496,14.317694592369163,3.276472998500174,11.10752520900605,observed support,12.805783317015488
1024,13,fixed,2,12,household,2.953000068664551,2.1276567629666303,0.16598092971164374,1.7317111076580154,first physical ID,2.1077527516341874
1024,13,fixed,4,2,regional,360.2239990234375,365.2224343488556,90.87318988214267,298.5503185069676,observed support,355.26754234415546
1024,13,fixed,4,2,group,21.93000030517578,21.737302986130246,1.6735335103647901,18.289488721527018,observed support,21.454999157887233
1024,13,fixed,4,2,household,0.35100001096725464,0.27552008234453423,0.0895625866641341,0.22555555370118882,first physical ID,0.292122699304823
1024,13,fixed,4,12,regional,209.6750030517578,204.67165821753647,423.9619158251562,162.6278136124719,observed support,191.18779137537214
1024,13,fixed,4,12,group,13.373000144958496,13.447399822771605,3.138472753098263,11.10752520900605,observed support,12.805783317015488
1024,13,fixed,4,12,household,2.953000068664551,2.062919794401918,0.16375607890750843,1.7317111076580154,first physical ID,2.1077527516341874
1024,13,fixed,8,2,regional,360.2239990234375,358.82271659044716,85.34574431852818,298.5503185069676,observed support,355.26754234415546
1024,13,fixed,8,2,group,21.93000030517578,21.439265202115262,1.6538455932172524,18.289488721527018,observed support,21.454999157887233
1024,13,fixed,8,2,household,0.35100001096725464,0.34696888386763397,0.08856674372242902,0.22555555370118882,first physical ID,0.292122699304823
1024,13,fixed,8,12,regional,209.6750030517578,193.5228876023598,398.4951406048394,162.6278136124719,observed support,191.18779137537214
1024,13,fixed,8,12,group,13.373000144958496,12.76592679165091,3.0593943633396923,11.10752520900605,observed support,12.805783317015488
1024,13,fixed,8,12,household,2.953000068664551,2.050153867285207,0.16231947460775228,1.7317111076580154,first physical ID,2.1077527516341874
1024,13,random,2,2,regional,360.2239990234375,367.554591780926,95.58052401890262,298.5503185069676,observed support,355.26754234415546
1024,13,random,2,2,group,21.93000030517578,21.696139500526133,1.6867096675503206,18.289488721527018,observed support,21.454999157887233
1024,13,random,2,2,household,0.35100001096725464,0.17370279966503374,0.09069486057371023,0.22555555370118882,first physical ID,0.292122699304823
1024,13,random,2,12,regional,209.6750030517578,221.24910237293105,458.11289796060873,162.6278136124719,observed support,191.18779137537214
1024,13,random,2,12,group,13.373000144958496,14.287614866347338,3.230069270157996,11.10752520900605,observed support,12.805783317015488
1024,13,random,2,12,household,2.953000068664551,1.912189445526822,0.16503513967433664,1.7317111076580154,first physical ID,2.1077527516341874
1024,13,random,4,2,regional,360.2239990234375,364.18382066935277,89.20449586737658,298.5503185069676,observed support,355.26754234415546
1024,13,random,4,2,group,21.93000030517578,21.662201591777027,1.6671317344796297,18.289488721527018,observed support,21.454999157887233
1024,13,random,4,2,household,0.35100001096725464,0.19932589458073058,0.08961989993652499,0.22555555370118882,first physical ID,0.292122699304823
1024,13,random,4,12,regional,209.6750030517578,216.3183020737116,417.2608402192991,162.6278136124719,observed support,191.18779137537214
1024,13,random,4,12,group,13.373000144958496,14.131774326716958,3.119917751124313,11.10752520900605,observed support,12.805783317015488
1024,13,random,4,12,household,2.953000068664551,2.003795196735289,0.16350994085744724,1.7317111076580154,first physical ID,2.1077527516341874
1024,13,random,8,2,regional,360.2239990234375,356.5580431591053,84.70233680933543,298.5503185069676,observed support,355.26754234415546
1024,13,random,8,2,group,21.93000030517578,21.400853054441956,1.6537870393911793,18.289488721527018,observed support,21.454999157887233
1024,13,random,8,2,household,0.35100001096725464,0.2504442671418582,0.08871688629992208,0.22555555370118882,first physical ID,0.292122699304823
1024,13,random,8,12,regional,209.6750030517578,194.2290663414928,391.65179175946673,162.6278136124719,observed support,191.18779137537214
1024,13,random,8,12,group,13.373000144958496,12.962834904682547,3.0425157252486494,11.10752520900605,observed support,12.805783317015488
1024,13,random,8,12,household,2.953000068664551,2.058363215489508,0.1624765223618887,1.7317111076580154,first physical ID,2.1077527516341874
1024,13,uncertainty,2,2,regional,360.2239990234375,363.19930237362297,97.73631090673274,298.5503185069676,observed support,355.26754234415546
1024,13,uncertainty,2,2,group,21.93000030517578,21.679113177343968,1.7576901258893582,18.289488721527018,observed support,21.454999157887233
1024,13,uncertainty,2,2,household,0.35100001096725464,0.3030299452556732,0.14058237490202471,0.22555555370118882,first physical ID,0.292122699304823
1024,13,uncertainty,2,12,regional,209.6750030517578,206.66508091611092,456.10797682995997,162.6278136124719,observed support,191.18779137537214
1024,13,uncertainty,2,12,group,13.373000144958496,13.638551578936102,3.29193050108624,11.10752520900605,observed support,12.805783317015488
1024,13,uncertainty,2,12,household,2.953000068664551,2.0910309615698046,0.16558636981478853,1.7317111076580154,first physical ID,2.1077527516341874
1024,13,uncertainty,4,2,regional,360.2239990234375,359.1212954777869,90.45588184012507,298.5503185069676,observed support,355.26754234415546
1024,13,uncertainty,4,2,group,21.93000030517578,21.491299772349095,1.7309482597124304,18.289488721527018,observed support,21.454999157887233
1024,13,uncertainty,4,2,household,0.35100001096725464,0.3002688943932321,0.13227065484472791,0.22555555370118882,first physical ID,0.292122699304823
1024,13,uncertainty,4,12,regional,209.6750030517578,196.74952630727606,424.0228498672137,162.6278136124719,observed support,191.18779137537214
1024,13,uncertainty,4,12,group,13.373000144958496,13.084044379158128,3.179520616982362,11.10752520900605,observed support,12.805783317015488
1024,13,uncertainty,4,12,household,2.953000068664551,2.058930784579366,0.16429531202963327,1.7317111076580154,first physical ID,2.1077527516341874
1024,13,uncertainty,8,2,regional,360.2239990234375,357.0175375277497,84.8622675924693,298.5503185069676,observed support,355.26754234415546
1024,13,uncertainty,8,2,group,21.93000030517578,21.50930294899917,1.7136436815274307,18.289488721527018,observed support,21.454999157887233
1024,13,uncertainty,8,2,household,0.35100001096725464,0.27525540260084447,0.12770050341852934,0.22555555370118882,first physical ID,0.292122699304823
1024,13,uncertainty,8,12,regional,209.6750030517578,189.01902718694652,392.6405969959858,162.6278136124719,observed support,191.18779137537214
1024,13,uncertainty,8,12,group,13.373000144958496,12.74932131037482,3.0801328329687445,11.10752520900605,observed support,12.805783317015488
1024,13,uncertainty,8,12,household,2.953000068664551,2.097331382975703,0.16340611457060616,1.7317111076580154,first physical ID,2.1077527516341874
1024,14,fixed_coarse,0,2,regional,277.4280090332031,275.88417733628665,111.38614994780548,237.98971778176832,observed support,280.3375751021484
1024,14,fixed_coarse,0,2,group,14.995001792907715,15.316018200556611,1.8096888064675014,13.364559410560952,observed support,15.47228043114256
1024,14,fixed_coarse,0,2,household,0.14499999582767487,0.2510917448993344,0.15287669344216864,0.12777777736385662,first physical ID,0.214672480518098
1024,14,fixed_coarse,0,12,regional,347.0110168457031,310.5315801644599,585.9013883876814,278.7770320225019,observed support,333.96122335899724
1024,14,fixed_coarse,0,12,group,19.706003189086914,19.114991131214747,3.698060939636333,17.195471483866,observed support,20.326203998109715
1024,14,fixed_coarse,0,12,household,0.17499999701976776,0.400693482865951,0.17121506231046824,0.20339999952250057,first physical ID,0.3216441571101364
1024,14,uniform_fine_stream,16,2,regional,277.4280090332031,280.3375751021484,79.47352594814282,237.98971778176832,observed support,280.3375751021484
1024,14,uniform_fine_stream,16,2,group,14.995001792907715,15.47228043114256,1.6377884504130493,13.364559410560952,observed support,15.47228043114256
1024,14,uniform_fine_stream,16,2,household,0.14499999582767487,0.214672480518098,0.08778170027418918,0.12777777736385662,first physical ID,0.214672480518098
1024,14,uniform_fine_stream,16,12,regional,347.0110168457031,333.96122335899724,376.03554728187544,278.7770320225019,observed support,333.96122335899724
1024,14,uniform_fine_stream,16,12,group,19.706003189086914,20.326203998109715,2.9928714710682423,17.195471483866,observed support,20.326203998109715
1024,14,uniform_fine_stream,16,12,household,0.17499999701976776,0.3216441571101364,0.16146390210110706,0.20339999952250057,first physical ID,0.3216441571101364
1024,14,fixed,2,2,regional,277.4280090332031,280.6890276967143,97.45619830799883,237.98971778176832,observed support,280.3375751021484
1024,14,fixed,2,2,group,14.995001792907715,15.712295384218713,1.7606107091133754,13.364559410560952,observed support,15.47228043114256
1024,14,fixed,2,2,household,0.14499999582767487,0.27536395527591695,0.1365723841268588,0.12777777736385662,first physical ID,0.214672480518098
1024,14,fixed,2,12,regional,347.0110168457031,317.2075881839585,468.4124885686342,278.7770320225019,observed support,333.96122335899724
1024,14,fixed,2,12,group,19.706003189086914,19.67955485007707,3.3230990082727336,17.195471483866,observed support,20.326203998109715
1024,14,fixed,2,12,household,0.17499999701976776,0.4423481590321421,0.1663557442432101,0.20339999952250057,first physical ID,0.3216441571101364
1024,14,fixed,4,2,regional,277.4280090332031,277.59391034404575,90.68265712855697,237.98971778176832,observed support,280.3375751021484
1024,14,fixed,4,2,group,14.995001792907715,15.371615679193768,1.6711169640455386,13.364559410560952,observed support,15.47228043114256
1024,14,fixed,4,2,household,0.14499999582767487,0.16429730890466437,0.08961066056896087,0.12777777736385662,first physical ID,0.214672480518098
1024,14,fixed,4,12,regional,347.0110168457031,315.85802037059955,431.76582907789185,278.7770320225019,observed support,333.96122335899724
1024,14,fixed,4,12,group,19.706003189086914,19.340604885507272,3.160054981778301,17.195471483866,observed support,20.326203998109715
1024,14,fixed,4,12,household,0.17499999701976776,0.30540929547001533,0.16354317724052952,0.20339999952250057,first physical ID,0.3216441571101364
1024,14,fixed,8,2,regional,277.4280090332031,281.4257046907403,85.10312623624495,237.98971778176832,observed support,280.3375751021484
1024,14,fixed,8,2,group,14.995001792907715,15.592670994494771,1.6537764238845996,13.364559410560952,observed support,15.47228043114256
1024,14,fixed,8,2,household,0.14499999582767487,0.14796230334482288,0.08860514909533745,0.12777777736385662,first physical ID,0.214672480518098
1024,14,fixed,8,12,regional,347.0110168457031,325.79089332584323,402.44946359391685,278.7770320225019,observed support,333.96122335899724
1024,14,fixed,8,12,group,19.706003189086914,19.950060512679013,3.0713475587474814,17.195471483866,observed support,20.326203998109715
1024,14,fixed,8,12,household,0.17499999701976776,0.26835770453587166,0.1623187680567167,0.20339999952250057,first physical ID,0.3216441571101364
1024,14,random,2,2,regional,277.4280090332031,278.53628525272467,94.636426895885,237.98971778176832,observed support,280.3375751021484
1024,14,random,2,2,group,14.995001792907715,15.387964207615726,1.7552377047654562,13.364559410560952,observed support,15.47228043114256
1024,14,random,2,2,household,0.14499999582767487,0.3700940595842559,0.133763164059704,0.12777777736385662,first physical ID,0.214672480518098
1024,14,random,2,12,regional,347.0110168457031,329.3366981110453,440.6537136371529,278.7770320225019,observed support,333.96122335899724
1024,14,random,2,12,group,19.706003189086914,20.094838576413462,3.244886093124091,17.195471483866,observed support,20.326203998109715
1024,14,random,2,12,household,0.17499999701976776,0.42707452415671343,0.166295089131334,0.20339999952250057,first physical ID,0.3216441571101364
1024,14,random,4,2,regional,277.4280090332031,277.1925648391824,89.68864115871745,237.98971778176832,observed support,280.3375751021484
1024,14,random,4,2,group,14.995001792907715,15.392772594012055,1.7328192996877003,13.364559410560952,observed support,15.47228043114256
1024,14,random,4,2,household,0.14499999582767487,0.4605982798854028,0.13066865803816358,0.12777777736385662,first physical ID,0.214672480518098
1024,14,random,4,12,regional,347.0110168457031,329.283674529737,418.16511985501916,278.7770320225019,observed support,333.96122335899724
1024,14,random,4,12,group,19.706003189086914,20.076027661614102,3.163426687847404,17.195471483866,observed support,20.326203998109715
1024,14,random,4,12,household,0.17499999701976776,0.41411797221573043,0.16467506773024404,0.20339999952250057,first physical ID,0.3216441571101364
1024,14,random,8,2,regional,277.4280090332031,277.1150641701448,84.38523204972032,237.98971778176832,observed support,280.3375751021484
1024,14,random,8,2,group,14.995001792907715,15.326812005328229,1.652216611830357,13.364559410560952,observed support,15.47228043114256
1024,14,random,8,2,household,0.14499999582767487,0.2106027854502145,0.08853279673138985,0.12777777736385662,first physical ID,0.214672480518098
1024,14,random,8,12,regional,347.0110168457031,328.5825742525719,395.1517685888531,278.7770320225019,observed support,333.96122335899724
1024,14,random,8,12,group,19.706003189086914,19.965310628637233,3.049485660550248,17.195471483866,observed support,20.326203998109715
1024,14,random,8,12,household,0.17499999701976776,0.3368070885301224,0.16232059065646054,0.20339999952250057,first physical ID,0.3216441571101364
1024,14,uncertainty,2,2,regional,277.4280090332031,274.4995865181577,97.37533587175413,237.98971778176832,observed support,280.3375751021484
1024,14,uncertainty,2,2,group,14.995001792907715,15.208707381912376,1.7576010038704657,13.364559410560952,observed support,15.47228043114256
1024,14,uncertainty,2,2,household,0.14499999582767487,0.49354234273215336,0.14057588265788842,0.12777777736385662,first physical ID,0.214672480518098
1024,14,uncertainty,2,12,regional,347.0110168457031,324.9632099041221,456.0797797000227,278.7770320225019,observed support,333.96122335899724
1024,14,uncertainty,2,12,group,19.706003189086914,19.89676574985785,3.2918663429953297,17.195471483866,observed support,20.326203998109715
1024,14,uncertainty,2,12,household,0.17499999701976776,0.4868786123914226,0.16558897413477766,0.20339999952250057,first physical ID,0.3216441571101364
1024,14,uncertainty,4,2,regional,277.4280090332031,277.3852997527117,90.1040931153089,237.98971778176832,observed support,280.3375751021484
1024,14,uncertainty,4,2,group,14.995001792907715,15.253826517412644,1.7307684049277294,13.364559410560952,observed support,15.47228043114256
1024,14,uncertainty,4,2,household,0.14499999582767487,0.3842784913872488,0.13222156943401953,0.12777777736385662,first physical ID,0.214672480518098
1024,14,uncertainty,4,12,regional,347.0110168457031,331.1920283521889,423.9278839132594,278.7770320225019,observed support,333.96122335899724
1024,14,uncertainty,4,12,group,19.706003189086914,20.191088625339844,3.1790795350569665,17.195471483866,observed support,20.326203998109715
1024,14,uncertainty,4,12,household,0.17499999701976776,0.4379610489304604,0.16429322053161977,0.20339999952250057,first physical ID,0.3216441571101364
1024,14,uncertainty,8,2,regional,277.4280090332031,280.61618731353894,84.55182087213016,237.98971778176832,observed support,280.3375751021484
1024,14,uncertainty,8,2,group,14.995001792907715,15.413834123602106,1.7135463296382776,13.364559410560952,observed support,15.47228043114256
1024,14,uncertainty,8,2,household,0.14499999582767487,0.2560844521374902,0.12768080675090995,0.12777777736385662,first physical ID,0.214672480518098
1024,14,uncertainty,8,12,regional,347.0110168457031,334.6153444355233,392.588937294232,278.7770320225019,observed support,333.96122335899724
1024,14,uncertainty,8,12,group,19.706003189086914,20.455824123172107,3.0799070633512793,17.195471483866,observed support,20.326203998109715
1024,14,uncertainty,8,12,household,0.17499999701976776,0.36385871776656475,0.163405329764603,0.20339999952250057,first physical ID,0.3216441571101364
1024,15,fixed_coarse,0,2,regional,342.4639892578125,316.56828930040024,111.66644274739036,256.80957239230196,observed support,317.0637125761095
1024,15,fixed_coarse,0,2,group,18.761999130249023,17.03528449852176,1.8096797417319128,14.47454320320405,observed support,17.069752437679025
1024,15,fixed_coarse,0,2,household,1.1890000104904175,0.4223405372178959,0.1528516532174777,0.3002325580563656,first physical ID,0.24638040748457832
1024,15,fixed_coarse,0,12,regional,406.75201416015625,375.75837712807424,585.6466084295954,311.3556886729748,observed support,385.13406466903416
1024,15,fixed_coarse,0,12,group,25.51300048828125,22.316360601553896,3.69404517271534,18.724565634843184,observed support,22.932588133491105
1024,15,fixed_coarse,0,12,household,0.42899999022483826,0.3971574566849553,0.17122894412912854,0.20165116166652636,first physical ID,0.29344460593239563
1024,15,uniform_fine_stream,16,2,regional,342.4639892578125,317.0637125761095,79.69730056371941,256.80957239230196,observed support,317.0637125761095
1024,15,uniform_fine_stream,16,2,group,18.761999130249023,17.069752437679025,1.6377944753433957,14.47454320320405,observed support,17.069752437679025
1024,15,uniform_fine_stream,16,2,household,1.1890000104904175,0.24638040748457832,0.08778214970065885,0.3002325580563656,first physical ID,0.24638040748457832
1024,15,uniform_fine_stream,16,12,regional,406.75201416015625,385.13406466903416,377.0173186639249,311.3556886729748,observed support,385.13406466903416
1024,15,uniform_fine_stream,16,12,group,25.51300048828125,22.932588133491105,2.993162798041868,18.724565634843184,observed support,22.932588133491105
1024,15,uniform_fine_stream,16,12,household,0.42899999022483826,0.29344460593239563,0.16147159960060298,0.20165116166652636,first physical ID,0.29344460593239563
1024,15,fixed,2,2,regional,342.4639892578125,322.87305931471406,96.5348203703424,256.80957239230196,observed support,317.0637125761095
1024,15,fixed,2,2,group,18.761999130249023,17.33042824773356,1.6905973042949693,14.47454320320405,observed support,17.069752437679025
1024,15,fixed,2,2,household,1.1890000104904175,0.06273907776067572,0.09075976970750733,0.3002325580563656,first physical ID,0.24638040748457832
1024,15,fixed,2,12,regional,406.75201416015625,391.7665078105016,465.54337554078444,311.3556886729748,observed support,385.13406466903416
1024,15,fixed,2,12,group,25.51300048828125,23.24421125251491,3.2552817542395474,18.724565634843184,observed support,22.932588133491105
1024,15,fixed,2,12,household,0.42899999022483826,0.22496112912099542,0.1654063088048323,0.20165116166652636,first physical ID,0.29344460593239563
1024,15,fixed,4,2,regional,342.4639892578125,327.30618812987075,89.98371466777877,256.80957239230196,observed support,317.0637125761095
1024,15,fixed,4,2,group,18.761999130249023,17.581102276568384,1.667893826016579,14.47454320320405,observed support,17.069752437679025
1024,15,fixed,4,2,household,1.1890000104904175,0.09570760459920846,0.08958119914438072,0.3002325580563656,first physical ID,0.24638040748457832
1024,15,fixed,4,12,regional,406.75201416015625,412.283155706024,426.6258130516438,311.3556886729748,observed support,385.13406466903416
1024,15,fixed,4,12,group,25.51300048828125,24.309623849412297,3.1377081395862234,18.724565634843184,observed support,22.932588133491105
1024,15,fixed,4,12,household,0.42899999022483826,0.18873275128834016,0.16349133583332848,0.20165116166652636,first physical ID,0.29344460593239563
1024,15,fixed,8,2,regional,342.4639892578125,319.1067609377599,85.02655710209987,256.80957239230196,observed support,317.0637125761095
1024,15,fixed,8,2,group,18.761999130249023,17.200421137417052,1.652521620743147,14.47454320320405,observed support,17.069752437679025
1024,15,fixed,8,2,household,1.1890000104904175,0.16934250433893908,0.08861535008675299,0.3002325580563656,first physical ID,0.24638040748457832
1024,15,fixed,8,12,regional,406.75201416015625,394.38858979789717,401.47889068026365,311.3556886729748,observed support,385.13406466903416
1024,15,fixed,8,12,group,25.51300048828125,23.378860718865283,3.0633984478125758,18.724565634843184,observed support,22.932588133491105
1024,15,fixed,8,12,household,0.42899999022483826,0.2295671543558941,0.1622912104663849,0.20165116166652636,first physical ID,0.29344460593239563
1024,15,random,2,2,regional,342.4639892578125,325.1262583885049,94.4232237157901,256.80957239230196,observed support,317.0637125761095
1024,15,random,2,2,group,18.761999130249023,17.523735048548666,1.7487468302526894,14.47454320320405,observed support,17.069752437679025
1024,15,random,2,2,household,1.1890000104904175,0.27235874410978655,0.13574257573662904,0.3002325580563656,first physical ID,0.24638040748457832
1024,15,random,2,12,regional,406.75201416015625,392.634606273789,446.61649073229336,311.3556886729748,observed support,385.13406466903416
1024,15,random,2,12,group,25.51300048828125,23.447254874652234,3.2653033814175885,18.724565634843184,observed support,22.932588133491105
1024,15,random,2,12,household,0.42899999022483826,0.30259462003060666,0.16569150123074095,0.20165116166652636,first physical ID,0.29344460593239563
1024,15,random,4,2,regional,342.4639892578125,317.61798708211506,89.98371150723743,256.80957239230196,observed support,317.0637125761095
1024,15,random,4,2,group,18.761999130249023,17.19728557170132,1.7336979127533454,14.47454320320405,observed support,17.069752437679025
1024,15,random,4,2,household,1.1890000104904175,0.41300176545473755,0.1314560930700834,0.3002325580563656,first physical ID,0.24638040748457832
1024,15,random,4,12,regional,406.75201416015625,379.89255640040597,419.23795578026443,311.3556886729748,observed support,385.13406466903416
1024,15,random,4,12,group,25.51300048828125,22.749446294333872,3.173186169482313,18.724565634843184,observed support,22.932588133491105
1024,15,random,4,12,household,0.42899999022483826,0.3378889194898529,0.1644893374353253,0.20165116166652636,first physical ID,0.29344460593239563
1024,15,random,8,2,regional,342.4639892578125,313.78438530874246,84.59807638073202,256.80957239230196,observed support,317.0637125761095
1024,15,random,8,2,group,18.761999130249023,16.947578895667405,1.7124965680427588,14.47454320320405,observed support,17.069752437679025
1024,15,random,8,2,household,1.1890000104904175,0.48542990628219274,0.1285106946390364,0.3002325580563656,first physical ID,0.24638040748457832
1024,15,random,8,12,regional,406.75201416015625,376.05664619532047,391.957093308232,311.3556886729748,observed support,385.13406466903416
1024,15,random,8,12,group,25.51300048828125,22.494950639141077,3.0754166239142986,18.724565634843184,observed support,22.932588133491105
1024,15,random,8,12,household,0.42899999022483826,0.3347985334837712,0.16332020297563377,0.20165116166652636,first physical ID,0.29344460593239563
1024,15,uncertainty,2,2,regional,342.4639892578125,307.0287515816947,97.65394172572985,256.80957239230196,observed support,317.0637125761095
1024,15,uncertainty,2,2,group,18.761999130249023,16.563221657188915,1.7576331438218546,14.47454320320405,observed support,17.069752437679025
1024,15,uncertainty,2,2,household,1.1890000104904175,0.6903375471728851,0.14057872436079893,0.3002325580563656,first physical ID,0.24638040748457832
1024,15,uncertainty,2,12,regional,406.75201416015625,362.11226118401913,456.8595969861626,311.3556886729748,observed support,385.13406466903416
1024,15,uncertainty,2,12,group,25.51300048828125,21.514446400630128,3.291486513857919,18.724565634843184,observed support,22.932588133491105
1024,15,uncertainty,2,12,household,0.42899999022483826,0.4570799286352988,0.16559227832219364,0.20165116166652636,first physical ID,0.29344460593239563
1024,15,uncertainty,4,2,regional,342.4639892578125,305.49898104902104,90.36851000762996,256.80957239230196,observed support,317.0637125761095
1024,15,uncertainty,4,2,group,18.761999130249023,16.513967263491992,1.730787202145224,14.47454320320405,observed support,17.069752437679025
1024,15,uncertainty,4,2,household,1.1890000104904175,0.6490134852830386,0.13222311107652085,0.3002325580563656,first physical ID,0.24638040748457832
1024,15,uncertainty,4,12,regional,406.75201416015625,367.135209406369,424.7877589635809,311.3556886729748,observed support,385.13406466903416
1024,15,uncertainty,4,12,group,25.51300048828125,21.739574120754096,3.1789375606100307,18.724565634843184,observed support,22.932588133491105
1024,15,uncertainty,4,12,household,0.42899999022483826,0.3856719680488886,0.16429529424035938,0.20165116166652636,first physical ID,0.29344460593239563
1024,15,uncertainty,8,2,regional,342.4639892578125,310.589084217585,84.80541132518374,256.80957239230196,observed support,317.0637125761095
1024,15,uncertainty,8,2,group,18.761999130249023,16.664842533831447,1.7135668716088672,14.47454320320405,observed support,17.069752437679025
1024,15,uncertainty,8,2,household,1.1890000104904175,0.5897681331864646,0.12768546803601588,0.3002325580563656,first physical ID,0.24638040748457832
1024,15,uncertainty,8,12,regional,406.75201416015625,375.8751453566663,393.82036501866304,311.3556886729748,observed support,385.13406466903416
1024,15,uncertainty,8,12,group,25.51300048828125,22.282283895336565,3.0809876855157174,18.724565634843184,observed support,22.932588133491105
1024,15,uncertainty,8,12,household,0.42899999022483826,0.39588281312019186,0.16343255477723917,0.20165116166652636,first physical ID,0.29344460593239563
1024,16,fixed_coarse,0,2,regional,233.76300048828125,249.7528972763796,109.39238027805953,208.0398106413949,observed support,250.74019236802525
1024,16,fixed_coarse,0,2,group,14.315999984741211,14.627678104756429,1.8099512011489707,12.620130388501147,observed support,14.097051859268506
1024,16,fixed_coarse,0,2,household,0.13099999725818634,0.45562507120508255,0.15277008077657186,0.2190652167343575,first physical ID,0.2726663082281105
1024,16,fixed_coarse,0,12,regional,345.29998779296875,352.9322220270259,579.8966628670526,303.1356039841456,observed support,351.96178719024846
1024,16,fixed_coarse,0,12,group,22.7710018157959,20.838768361266833,3.6934980186126136,18.012919137638654,observed support,20.592240655923817
1024,16,fixed_coarse,0,12,household,0.6079999804496765,0.4717362183795536,0.17109986964954516,0.23426086909097174,first physical ID,0.29733054317210905
1024,16,uniform_fine_stream,16,2,regional,233.76300048828125,250.74019236802525,78.29065375141974,208.0398106413949,observed support,250.74019236802525
1024,16,uniform_fine_stream,16,2,group,14.315999984741211,14.097051859268506,1.6380564171542968,12.620130388501147,observed support,14.097051859268506
1024,16,uniform_fine_stream,16,2,household,0.13099999725818634,0.2726663082281105,0.08778412121515003,0.2190652167343575,first physical ID,0.2726663082281105
1024,16,uniform_fine_stream,16,12,regional,345.29998779296875,351.96178719024846,373.10848066151937,303.1356039841456,observed support,351.96178719024846
1024,16,uniform_fine_stream,16,12,group,22.7710018157959,20.592240655923817,2.993771011331553,18.012919137638654,observed support,20.592240655923817
1024,16,uniform_fine_stream,16,12,household,0.6079999804496765,0.29733054317210905,0.16146746630720415,0.23426086909097174,first physical ID,0.29733054317210905
1024,16,fixed,2,2,regional,233.76300048828125,250.54028275349714,93.31888067643115,208.0398106413949,observed support,250.74019236802525
1024,16,fixed,2,2,group,14.315999984741211,14.112013959097284,1.6850373912601084,12.620130388501147,observed support,14.097051859268506
1024,16,fixed,2,2,household,0.13099999725818634,0.24673647483643982,0.09043105186088507,0.2190652167343575,first physical ID,0.2726663082281105
1024,16,fixed,2,12,regional,345.29998779296875,364.4905636943941,457.2110114369938,303.1356039841456,observed support,351.96178719024846
1024,16,fixed,2,12,group,22.7710018157959,21.23032025970408,3.247389895749687,18.012919137638654,observed support,20.592240655923817
1024,16,fixed,2,12,household,0.6079999804496765,0.2654484685320257,0.16462473624875323,0.23426086909097174,first physical ID,0.29733054317210905
1024,16,fixed,4,2,regional,233.76300048828125,248.35677814188958,88.30774423908804,208.0398106413949,observed support,250.74019236802525
1024,16,fixed,4,2,group,14.315999984741211,14.038110599618978,1.6687504865684026,12.620130388501147,observed support,14.097051859268506
1024,16,fixed,4,2,household,0.13099999725818634,0.2774560908048811,0.08951411494538122,0.2190652167343575,first physical ID,0.2726663082281105
1024,16,fixed,4,12,regional,345.29998779296875,352.3290133921498,418.8769575304663,303.1356039841456,observed support,351.96178719024846
1024,16,fixed,4,12,group,22.7710018157959,20.619212269027656,3.1296664916602763,18.012919137638654,observed support,20.592240655923817
1024,16,fixed,4,12,household,0.6079999804496765,0.34551524862472205,0.16324496090990429,0.23426086909097174,first physical ID,0.29733054317210905
1024,16,fixed,8,2,regional,233.76300048828125,251.03384770436938,82.83556332856114,208.0398106413949,observed support,250.74019236802525
1024,16,fixed,8,2,group,14.315999984741211,14.193680590342195,1.6516539960534058,12.620130388501147,observed support,14.097051859268506
1024,16,fixed,8,2,household,0.13099999725818634,0.23235627243332568,0.08853367444243239,0.2190652167343575,first physical ID,0.2726663082281105
1024,16,fixed,8,12,regional,345.29998779296875,353.33310699250643,392.6973951924181,303.1356039841456,observed support,351.96178719024846
1024,16,fixed,8,12,group,22.7710018157959,20.758218920302692,3.05324039462555,18.012919137638654,observed support,20.592240655923817
1024,16,fixed,8,12,household,0.6079999804496765,0.3048054687590013,0.16227293645081173,0.23426086909097174,first physical ID,0.29733054317210905
1024,16,random,2,2,regional,233.76300048828125,247.5023257931202,95.45665703372828,208.0398106413949,observed support,250.74019236802525
1024,16,random,2,2,group,14.315999984741211,13.894435591667873,1.6944305024286253,12.620130388501147,observed support,14.097051859268506
1024,16,random,2,2,household,0.13099999725818634,0.2663167503267462,0.09088431954341723,0.2190652167343575,first physical ID,0.2726663082281105
1024,16,random,2,12,regional,345.29998779296875,360.4320632428536,458.2791654100415,303.1356039841456,observed support,351.96178719024846
1024,16,random,2,12,group,22.7710018157959,20.99050649870178,3.2539358002776053,18.012919137638654,observed support,20.592240655923817
1024,16,random,2,12,household,0.6079999804496765,0.3124956167980676,0.16492350704712383,0.23426086909097174,first physical ID,0.29733054317210905
1024,16,random,4,2,regional,233.76300048828125,253.29445759848252,88.73587265656188,208.0398106413949,observed support,250.74019236802525
1024,16,random,4,2,group,14.315999984741211,14.188352273410603,1.6694400936407714,12.620130388501147,observed support,14.097051859268506
1024,16,random,4,2,household,0.13099999725818634,0.22337102409079573,0.08965512149194091,0.2190652167343575,first physical ID,0.2726663082281105
1024,16,random,4,12,regional,345.29998779296875,366.39422549111447,424.8023579725574,303.1356039841456,observed support,351.96178719024846
1024,16,random,4,12,group,22.7710018157959,21.366492494612018,3.148590299341965,18.012919137638654,observed support,20.592240655923817
1024,16,random,4,12,household,0.6079999804496765,0.2926744695554977,0.1633609191312154,0.23426086909097174,first physical ID,0.29733054317210905
1024,16,random,8,2,regional,233.76300048828125,250.70364403348353,83.84469010562329,208.0398106413949,observed support,250.74019236802525
1024,16,random,8,2,group,14.315999984741211,14.069017553325791,1.6545024584198291,12.620130388501147,observed support,14.097051859268506
1024,16,random,8,2,household,0.13099999725818634,0.23588813320801633,0.08864503411860068,0.2190652167343575,first physical ID,0.2726663082281105
1024,16,random,8,12,regional,345.29998779296875,350.3508112471254,395.5365558923071,303.1356039841456,observed support,351.96178719024846
1024,16,random,8,12,group,22.7710018157959,20.48218073767435,3.058254394960483,18.012919137638654,observed support,20.592240655923817
1024,16,random,8,12,household,0.6079999804496765,0.3431245915957535,0.16231920103052966,0.23426086909097174,first physical ID,0.29733054317210905
1024,16,uncertainty,2,2,regional,233.76300048828125,250.7726588910716,95.84755783540976,208.0398106413949,observed support,250.74019236802525
1024,16,uncertainty,2,2,group,14.315999984741211,14.62597932766795,1.7579262002125668,12.620130388501147,observed support,14.097051859268506
1024,16,uncertainty,2,2,household,0.13099999725818634,0.48787236605728246,0.14070490049628856,0.2190652167343575,first physical ID,0.2726663082281105
1024,16,uncertainty,2,12,regional,345.29998779296875,347.2763402980173,452.0878217026244,303.1356039841456,observed support,351.96178719024846
1024,16,uncertainty,2,12,group,22.7710018157959,20.520328286888457,3.2914078062817245,18.012919137638654,observed support,20.592240655923817
1024,16,uncertainty,2,12,household,0.6079999804496765,0.4373884574433088,0.1655858210462668,0.23426086909097174,first physical ID,0.29733054317210905
1024,16,uncertainty,4,2,regional,233.76300048828125,256.26987021787636,88.8115819987951,208.0398106413949,observed support,250.74019236802525
1024,16,uncertainty,4,2,group,14.315999984741211,14.8841407553735,1.7318798025543238,12.620130388501147,observed support,14.097051859268506
1024,16,uncertainty,4,2,household,0.13099999725818634,0.3227766972400806,0.13228210977854235,0.2190652167343575,first physical ID,0.2726663082281105
1024,16,uncertainty,4,12,regional,345.29998779296875,358.81039602216526,422.2281878572675,303.1356039841456,observed support,351.96178719024846
1024,16,uncertainty,4,12,group,22.7710018157959,21.248449436282684,3.186627048306736,18.012919137638654,observed support,20.592240655923817
1024,16,uncertainty,4,12,household,0.6079999804496765,0.3583743841175422,0.1643162643659298,0.23426086909097174,first physical ID,0.29733054317210905
1024,16,uncertainty,8,2,regional,233.76300048828125,254.24355533751725,83.30866060631381,208.0398106413949,observed support,250.74019236802525
1024,16,uncertainty,8,2,group,14.315999984741211,14.675797969811498,1.7141203632932198,12.620130388501147,observed support,14.097051859268506
1024,16,uncertainty,8,2,household,0.13099999725818634,0.35964949107062855,0.12770423235626455,0.2190652167343575,first physical ID,0.2726663082281105
1024,16,uncertainty,8,12,regional,345.29998779296875,357.4516960939404,389.8271635913839,303.1356039841456,observed support,351.96178719024846
1024,16,uncertainty,8,12,group,22.7710018157959,21.075696719458,3.0823431887124864,18.012919137638654,observed support,20.592240655923817
1024,16,uncertainty,8,12,household,0.6079999804496765,0.3164665654325595,0.163415807718069,0.23426086909097174,first physical ID,0.29733054317210905
1024,17,fixed_coarse,0,2,regional,254.76699829101562,253.88843917567357,110.05786618318268,198.4801986699416,observed support,246.5976788104874
1024,17,fixed_coarse,0,2,group,14.89699935913086,13.86893728973246,1.810016875620537,11.815971977103661,observed support,13.049010832993568
1024,17,fixed_coarse,0,2,household,0.20399999618530273,0.16958187055910962,0.15277228008761484,0.212199999888738,first physical ID,0.1478402708301508
1024,17,fixed_coarse,0,12,regional,213.2620086669922,261.77159788335564,579.997259164055,191.06695725932198,observed support,251.68695978417878
1024,17,fixed_coarse,0,12,group,13.424001693725586,15.620914150945199,3.6937439086601547,11.876493101470349,observed support,14.842099011033952
1024,17,fixed_coarse,0,12,household,0.14800000190734863,0.2664558785475637,0.17112403564300446,0.129911111212439,first physical ID,0.2418763623034041
1024,17,uniform_fine_stream,16,2,regional,254.76699829101562,246.5976788104874,78.67479648085582,198.4801986699416,observed support,246.5976788104874
1024,17,uniform_fine_stream,16,2,group,14.89699935913086,13.049010832993568,1.6380536482804455,11.815971977103661,observed support,13.049010832993568
1024,17,uniform_fine_stream,16,2,household,0.20399999618530273,0.1478402708301508,0.08778387622678833,0.212199999888738,first physical ID,0.1478402708301508
1024,17,uniform_fine_stream,16,12,regional,213.2620086669922,251.68695978417878,373.11594986255386,191.06695725932198,observed support,251.68695978417878
1024,17,uniform_fine_stream,16,12,group,13.424001693725586,14.842099011033952,2.993765323574088,11.876493101470349,observed support,14.842099011033952
1024,17,uniform_fine_stream,16,12,household,0.14800000190734863,0.2418763623034041,0.1614673035023008,0.129911111212439,first physical ID,0.2418763623034041
1024,17,fixed,2,2,regional,254.76699829101562,251.01129345609198,93.32290100808925,198.4801986699416,observed support,246.5976788104874
1024,17,fixed,2,2,group,14.89699935913086,13.720849806314094,1.7464758185190505,11.815971977103661,observed support,13.049010832993568
1024,17,fixed,2,2,household,0.20399999618530273,0.011321667784712053,0.13535970626832677,0.212199999888738,first physical ID,0.1478402708301508
1024,17,fixed,2,12,regional,213.2620086669922,259.48638270958423,449.06467113805957,191.06695725932198,observed support,251.68695978417878
1024,17,fixed,2,12,group,13.424001693725586,15.670184095899495,3.2666994095088446,11.876493101470349,observed support,14.842099011033952
1024,17,fixed,2,12,household,0.14800000190734863,0.21133110011976233,0.1654197246629926,0.129911111212439,first physical ID,0.2418763623034041
1024,17,fixed,4,2,regional,254.76699829101562,248.86033317647343,89.38474421765358,198.4801986699416,observed support,246.5976788104874
1024,17,fixed,4,2,group,14.89699935913086,13.473239051487472,1.7325749559769033,11.815971977103661,observed support,13.049010832993568
1024,17,fixed,4,2,household,0.20399999618530273,0.07727350604062988,0.1323490623377222,0.212199999888738,first physical ID,0.1478402708301508
1024,17,fixed,4,12,regional,213.2620086669922,255.09025774675035,422.6718124761851,191.06695725932198,observed support,251.68695978417878
1024,17,fixed,4,12,group,13.424001693725586,15.33574404537655,3.1854581284339645,11.876493101470349,observed support,14.842099011033952
1024,17,fixed,4,12,household,0.14800000190734863,0.18207581587387237,0.1642279767647456,0.129911111212439,first physical ID,0.2418763623034041
1024,17,fixed,8,2,regional,254.76699829101562,245.2803796274287,83.24031963214853,198.4801986699416,observed support,246.5976788104874
1024,17,fixed,8,2,group,14.89699935913086,13.321996840582171,1.7123672944024146,11.815971977103661,observed support,13.049010832993568
1024,17,fixed,8,2,household,0.20399999618530273,0.29290368374896003,0.12756276568231315,0.212199999888738,first physical ID,0.1478402708301508
1024,17,fixed,8,12,regional,213.2620086669922,253.3444739520746,391.85344191839977,191.06695725932198,observed support,251.68695978417878
1024,17,fixed,8,12,group,13.424001693725586,15.160038741630144,3.0877041402235577,11.876493101470349,observed support,14.842099011033952
1024,17,fixed,8,12,household,0.14800000190734863,0.22422981761767163,0.1633246127004529,0.129911111212439,first physical ID,0.2418763623034041
1024,17,random,2,2,regional,254.76699829101562,251.68482105252863,95.07503160289463,198.4801986699416,observed support,246.5976788104874
1024,17,random,2,2,group,14.89699935913086,13.751838877906136,1.7541051262769052,11.815971977103661,observed support,13.049010832993568
1024,17,random,2,2,household,0.20399999618530273,0.2332735495389416,0.13608870317941865,0.212199999888738,first physical ID,0.1478402708301508
1024,17,random,2,12,regional,213.2620086669922,252.78737886016773,453.6840928447617,191.06695725932198,observed support,251.68695978417878
1024,17,random,2,12,group,13.424001693725586,15.168742502536649,3.2926013701832924,11.876493101470349,observed support,14.842099011033952
1024,17,random,2,12,household,0.14800000190734863,0.31744624578928404,0.1656534602462614,0.129911111212439,first physical ID,0.2418763623034041
1024,17,random,4,2,regional,254.76699829101562,253.75503612183982,90.66008606816135,198.4801986699416,observed support,246.5976788104874
1024,17,random,4,2,group,14.89699935913086,13.788945386460354,1.738962288862083,11.815971977103661,observed support,13.049010832993568
1024,17,random,4,2,household,0.20399999618530273,0.17948935274787173,0.13156980222779535,0.212199999888738,first physical ID,0.1478402708301508
1024,17,random,4,12,regional,213.2620086669922,255.90177340994885,425.58751697181873,191.06695725932198,observed support,251.68695978417878
1024,17,random,4,12,group,13.424001693725586,15.302133144777978,3.202572840566596,11.876493101470349,observed support,14.842099011033952
1024,17,random,4,12,household,0.14800000190734863,0.31145312772319445,0.1645612782282635,0.129911111212439,first physical ID,0.2418763623034041
1024,17,random,8,2,regional,254.76699829101562,248.58658789988033,83.68858873869135,198.4801986699416,observed support,246.5976788104874
1024,17,random,8,2,group,14.89699935913086,13.397883800414897,1.7152880738176397,11.815971977103661,observed support,13.049010832993568
1024,17,random,8,2,household,0.20399999618530273,0.23625636657398913,0.12715164871454068,0.212199999888738,first physical ID,0.1478402708301508
1024,17,random,8,12,regional,213.2620086669922,248.67735422014408,392.95360629185194,191.06695725932198,observed support,251.68695978417878
1024,17,random,8,12,group,13.424001693725586,14.825083745399883,3.095502721054812,11.876493101470349,observed support,14.842099011033952
1024,17,random,8,12,household,0.14800000190734863,0.2539390436063881,0.16338058017741622,0.129911111212439,first physical ID,0.2418763623034041
1024,17,uncertainty,2,2,regional,254.76699829101562,246.84920604026212,96.35062652194154,198.4801986699416,observed support,246.5976788104874
1024,17,uncertainty,2,2,group,14.89699935913086,13.521514399632348,1.757881120805979,11.815971977103661,observed support,13.049010832993568
1024,17,uncertainty,2,2,household,0.20399999618530273,0.4212805451681516,0.14060797103363323,0.212199999888738,first physical ID,0.1478402708301508
1024,17,uncertainty,2,12,regional,213.2620086669922,245.97778836323204,452.09273675707533,191.06695725932198,observed support,251.68695978417878
1024,17,uncertainty,2,12,group,13.424001693725586,14.677915097714063,3.2914436046856697,11.876493101470349,observed support,14.842099011033952
1024,17,uncertainty,2,12,household,0.14800000190734863,0.3888621327440906,0.16557792747025868,0.129911111212439,first physical ID,0.2418763623034041
1024,17,uncertainty,4,2,regional,254.76699829101562,245.0467813978454,89.28222402429782,198.4801986699416,observed support,246.5976788104874
1024,17,uncertainty,4,2,group,14.89699935913086,13.429444897585153,1.7318687742032954,11.815971977103661,observed support,13.049010832993568
1024,17,uncertainty,4,2,household,0.20399999618530273,0.45492738940781674,0.13224717247690615,0.212199999888738,first physical ID,0.1478402708301508
1024,17,uncertainty,4,12,regional,213.2620086669922,250.27598424059147,422.2414447197722,191.06695725932198,observed support,251.68695978417878
1024,17,uncertainty,4,12,group,13.424001693725586,14.934917177977631,3.186652192255683,11.876493101470349,observed support,14.842099011033952
1024,17,uncertainty,4,12,household,0.14800000190734863,0.31779178916339845,0.16431321373822977,0.129911111212439,first physical ID,0.2418763623034041
1024,17,uncertainty,8,2,regional,254.76699829101562,245.5449644296737,83.71816546881183,198.4801986699416,observed support,246.5976788104874
1024,17,uncertainty,8,2,group,14.89699935913086,13.27545606001584,1.7141175394026524,11.815971977103661,observed support,13.049010832993568
1024,17,uncertainty,8,2,household,0.20399999618530273,0.3975620140275977,0.1276909626333898,0.212199999888738,first physical ID,0.1478402708301508
1024,17,uncertainty,8,12,regional,213.2620086669922,245.02445404143745,389.8370111490462,191.06695725932198,observed support,251.68695978417878
1024,17,uncertainty,8,12,group,13.424001693725586,14.51666639683579,3.082344108392178,11.876493101470349,observed support,14.842099011033952
1024,17,uncertainty,8,12,household,0.14800000190734863,0.3220831959789478,0.16341445581266983,0.129911111212439,first physical ID,0.2418763623034041
1024,18,fixed_coarse,0,2,regional,154.14500427246094,164.9810890648618,109.815090280297,152.15010135128222,observed support,162.3117179035907
1024,18,fixed_coarse,0,2,group,10.95300006866455,10.711898592978491,1.8098726238991287,10.441525272746164,observed support,10.781386192532864
1024,18,fixed_coarse,0,2,household,0.9200000166893005,0.9933961066297012,0.15258590738221306,0.6229777794745234,first physical ID,1.0234761159087844
1024,18,fixed_coarse,0,12,regional,251.37200927734375,224.40057868066964,577.4425356044824,195.4324132381336,observed support,224.840997185842
1024,18,fixed_coarse,0,12,group,14.949999809265137,13.024689669916636,3.6929314234440422,11.687192685517017,observed support,13.118151775003565
1024,18,fixed_coarse,0,12,household,0.2280000001192093,0.3029005317356286,0.17114173000116437,0.17564444343249003,first physical ID,0.2670432704637251
1024,18,uniform_fine_stream,16,2,regional,154.14500427246094,162.3117179035907,78.4727643245774,152.15010135128222,observed support,162.3117179035907
1024,18,uniform_fine_stream,16,2,group,10.95300006866455,10.781386192532864,1.6380564515441962,10.441525272746164,observed support,10.781386192532864
1024,18,uniform_fine_stream,16,2,household,0.9200000166893005,1.0234761159087844,0.08778635797239719,0.6229777794745234,first physical ID,1.0234761159087844
1024,18,uniform_fine_stream,16,12,regional,251.37200927734375,224.840997185842,371.6746325486996,195.4324132381336,observed support,224.840997185842
1024,18,uniform_fine_stream,16,12,group,14.949999809265137,13.118151775003565,2.9937710554556762,11.687192685517017,observed support,13.118151775003565
1024,18,uniform_fine_stream,16,12,household,0.2280000001192093,0.2670432704637251,0.16146772942436016,0.17564444343249003,first physical ID,0.2670432704637251
1024,18,fixed,2,2,regional,154.14500427246094,163.77739867967313,94.56679682210003,152.15010135128222,observed support,162.3117179035907
1024,18,fixed,2,2,group,10.95300006866455,10.729069697935127,1.7530726059978954,10.441525272746164,observed support,10.781386192532864
1024,18,fixed,2,2,household,0.9200000166893005,0.9902257653705939,0.14051914289206302,0.6229777794745234,first physical ID,1.0234761159087844
1024,18,fixed,2,12,regional,251.37200927734375,218.84802910119814,444.23292716127287,195.4324132381336,observed support,224.840997185842
1024,18,fixed,2,12,group,14.949999809265137,12.786354271048527,3.2599501556304498,11.687192685517017,observed support,13.118151775003565
1024,18,fixed,2,12,household,0.2280000001192093,0.264748581228701,0.16559430235588202,0.17564444343249003,first physical ID,0.2670432704637251
1024,18,fixed,4,2,regional,154.14500427246094,165.16285800246274,89.41012094338932,152.15010135128222,observed support,162.3117179035907
1024,18,fixed,4,2,group,10.95300006866455,10.70325206442666,1.7348787435034432,10.441525272746164,observed support,10.781386192532864
1024,18,fixed,4,2,household,0.9200000166893005,0.9355096102198492,0.13334439340478266,0.6229777794745234,first physical ID,1.0234761159087844
1024,18,fixed,4,12,regional,251.37200927734375,227.13807196475153,423.19659677154965,195.4324132381336,observed support,224.840997185842
1024,18,fixed,4,12,group,14.949999809265137,13.20810764034948,3.1937090310697975,11.687192685517017,observed support,13.118151775003565
1024,18,fixed,4,12,household,0.2280000001192093,0.21032495000156126,0.16444026393319447,0.17564444343249003,first physical ID,0.2670432704637251
1024,18,fixed,8,2,regional,154.14500427246094,163.69969878039467,83.44641900467337,152.15010135128222,observed support,162.3117179035907
1024,18,fixed,8,2,group,10.95300006866455,10.63970235103175,1.7146231191416574,10.441525272746164,observed support,10.781386192532864
1024,18,fixed,8,2,household,0.9200000166893005,1.1124230141967595,0.1276461973073787,0.6229777794745234,first physical ID,1.0234761159087844
1024,18,fixed,8,12,regional,251.37200927734375,226.56302095486717,389.92811280005617,195.4324132381336,observed support,224.840997185842
1024,18,fixed,8,12,group,14.949999809265137,13.146856061610762,3.086203838904482,11.687192685517017,observed support,13.118151775003565
1024,18,fixed,8,12,household,0.2280000001192093,0.28634937851805664,0.1634315812636958,0.17564444343249003,first physical ID,0.2670432704637251
1024,18,random,2,2,regional,154.14500427246094,163.24734017900067,96.004771698177,152.15010135128222,observed support,162.3117179035907
1024,18,random,2,2,group,10.95300006866455,10.63112256692771,1.7559399858681584,10.441525272746164,observed support,10.781386192532864
1024,18,random,2,2,household,0.9200000166893005,0.9437438637546081,0.14004011934455846,0.6229777794745234,first physical ID,1.0234761159087844
1024,18,random,2,12,regional,251.37200927734375,212.77583500067888,456.7647184608815,195.4324132381336,observed support,224.840997185842
1024,18,random,2,12,group,14.949999809265137,12.404414533073739,3.315013584075648,11.687192685517017,observed support,13.118151775003565
1024,18,random,2,12,household,0.2280000001192093,0.3133906874791511,0.16556435622702986,0.17564444343249003,first physical ID,0.2670432704637251
1024,18,random,4,2,regional,154.14500427246094,162.6053820429148,88.88862496608195,152.15010135128222,observed support,162.3117179035907
1024,18,random,4,2,group,10.95300006866455,10.639853623170291,1.734867017803342,10.441525272746164,observed support,10.781386192532864
1024,18,random,4,2,household,0.9200000166893005,1.1315798959419956,0.1314517996768889,0.6229777794745234,first physical ID,1.0234761159087844
1024,18,random,4,12,regional,251.37200927734375,222.12196262394426,416.1817308016259,195.4324132381336,observed support,224.840997185842
1024,18,random,4,12,group,14.949999809265137,12.891192720232848,3.1833589213366906,11.687192685517017,observed support,13.118151775003565
1024,18,random,4,12,household,0.2280000001192093,0.2818961080230926,0.16458199086125597,0.17564444343249003,first physical ID,0.2670432704637251
1024,18,random,8,2,regional,154.14500427246094,161.81038926085222,83.25539308245332,152.15010135128222,observed support,162.3117179035907
1024,18,random,8,2,group,10.95300006866455,10.609824799860077,1.7135011702133691,10.441525272746164,observed support,10.781386192532864
1024,18,random,8,2,household,0.9200000166893005,1.205341109819535,0.12701489655538503,0.6229777794745234,first physical ID,1.0234761159087844
1024,18,random,8,12,regional,251.37200927734375,223.2777679937521,390.4992671885675,195.4324132381336,observed support,224.840997185842
1024,18,random,8,12,group,14.949999809265137,12.93953065163872,3.0917368988473948,11.687192685517017,observed support,13.118151775003565
1024,18,random,8,12,household,0.2280000001192093,0.31594057075803483,0.16335695856752813,0.17564444343249003,first physical ID,0.2670432704637251
1024,18,uncertainty,2,2,regional,154.14500427246094,161.92533677437618,96.12865174721529,152.15010135128222,observed support,162.3117179035907
1024,18,uncertainty,2,2,group,10.95300006866455,10.68183190989433,1.7577796225360964,10.441525272746164,observed support,10.781386192532864
1024,18,uncertainty,2,2,household,0.9200000166893005,1.184658319586822,0.14053493780921839,0.6229777794745234,first physical ID,1.0234761159087844
1024,18,uncertainty,2,12,regional,251.37200927734375,212.33412133337052,450.3217177026853,195.4324132381336,observed support,224.840997185842
1024,18,uncertainty,2,12,group,14.949999809265137,12.390624235141896,3.291310803362328,11.687192685517017,observed support,13.118151775003565
1024,18,uncertainty,2,12,household,0.2280000001192093,0.4424652047772337,0.16558084669200013,0.17564444343249003,first physical ID,0.2670432704637251
1024,18,uncertainty,4,2,regional,154.14500427246094,161.86921003981502,89.07752489369534,152.15010135128222,observed support,162.3117179035907
1024,18,uncertainty,4,2,group,10.95300006866455,10.619892974797972,1.7318962542852452,10.441525272746164,observed support,10.781386192532864
1024,18,uncertainty,4,2,household,0.9200000166893005,1.1321772810947026,0.13231646418344165,0.6229777794745234,first physical ID,1.0234761159087844
1024,18,uncertainty,4,12,regional,251.37200927734375,215.71580879038368,420.63911221477946,195.4324132381336,observed support,224.840997185842
1024,18,uncertainty,4,12,group,14.949999809265137,12.576137313455254,3.18670275438783,11.687192685517017,observed support,13.118151775003565
1024,18,uncertainty,4,12,household,0.2280000001192093,0.360967599354026,0.16431645486209628,0.17564444343249003,first physical ID,0.2670432704637251
1024,18,uncertainty,8,2,regional,154.14500427246094,164.02484499612837,83.51271642701013,152.15010135128222,observed support,162.3117179035907
1024,18,uncertainty,8,2,group,10.95300006866455,10.741926540227892,1.7141294948592785,10.441525272746164,observed support,10.781386192532864
1024,18,uncertainty,8,2,household,0.9200000166893005,1.1859479299073916,0.12771564756766607,0.6229777794745234,first physical ID,1.0234761159087844
1024,18,uncertainty,8,12,regional,251.37200927734375,226.48000207053343,388.3365987246848,195.4324132381336,observed support,224.840997185842
1024,18,uncertainty,8,12,group,14.949999809265137,13.176948202879345,3.0823670970405352,11.687192685517017,observed support,13.118151775003565
1024,18,uncertainty,8,12,household,0.2280000001192093,0.35338622579871803,0.16341611066715,0.17564444343249003,first physical ID,0.2670432704637251
1024,19,fixed_coarse,0,2,regional,144.48699951171875,156.56122580736485,109.54614820186251,112.84908059388616,observed support,141.32070872895818
1024,19,fixed_coarse,0,2,group,8.39799976348877,10.674411653595655,1.8109578551665348,8.210129406308905,observed support,10.016758906739344
1024,19,fixed_coarse,0,2,household,2.3369998931884766,1.330801951720913,0.15278595210924875,0.7720444454087152,first physical ID,2.1628067627497614
1024,19,fixed_coarse,0,12,regional,225.36700439453125,253.72326605982354,578.1073375666427,203.1503141194588,observed support,234.0438498183966
1024,19,fixed_coarse,0,12,group,11.418999671936035,15.405175836232777,3.6958308213207927,12.543106557543393,observed support,14.143762797731084
1024,19,fixed_coarse,0,12,household,0.12700000405311584,0.602151473870918,0.17121406077079607,0.23975555524230002,first physical ID,0.5871503384808663
1024,19,uniform_fine_stream,16,2,regional,144.48699951171875,141.32070872895818,78.19637562099052,112.84908059388616,observed support,141.32070872895818
1024,19,uniform_fine_stream,16,2,group,8.39799976348877,10.016758906739344,1.6385246256883375,8.210129406308905,observed support,10.016758906739344
1024,19,uniform_fine_stream,16,2,household,2.3369998931884766,2.1628067627497614,0.08780486517903033,0.7720444454087152,first physical ID,2.1628067627497614
1024,19,uniform_fine_stream,16,12,regional,225.36700439453125,234.0438498183966,371.4573317914037,203.1503141194588,observed support,234.0438498183966
1024,19,uniform_fine_stream,16,12,group,11.418999671936035,14.143762797731084,2.994719153058095,12.543106557543393,observed support,14.143762797731084
1024,19,uniform_fine_stream,16,12,household,0.12700000405311584,0.5871503384808663,0.1614920876161198,0.23975555524230002,first physical ID,0.5871503384808663
1024,19,fixed,2,2,regional,144.48699951171875,151.52552115925218,96.29247949019924,112.84908059388616,observed support,141.32070872895818
1024,19,fixed,2,2,group,8.39799976348877,10.417217845854564,1.7616533772093625,8.210129406308905,observed support,10.016758906739344
1024,19,fixed,2,2,household,2.3369998931884766,1.4558512468045435,0.14014933362487855,0.7720444454087152,first physical ID,2.1628067627497614
1024,19,fixed,2,12,regional,225.36700439453125,243.00736491903612,461.30259302318154,203.1503141194588,observed support,234.0438498183966
1024,19,fixed,2,12,group,11.418999671936035,14.794933333947133,3.3273513709766744,12.543106557543393,observed support,14.143762797731084
1024,19,fixed,2,12,household,0.12700000405311584,0.5331299531985141,0.16573490027730126,0.23975555524230002,first physical ID,0.5871503384808663
1024,19,fixed,4,2,regional,144.48699951171875,148.95054257343926,89.38609535111564,112.84908059388616,observed support,141.32070872895818
1024,19,fixed,4,2,group,8.39799976348877,10.298669286515532,1.737110265659905,8.210129406308905,observed support,10.016758906739344
1024,19,fixed,4,2,household,2.3369998931884766,1.64093155681253,0.13339221529439704,0.7720444454087152,first physical ID,2.1628067627497614
1024,19,fixed,4,12,regional,225.36700439453125,241.34155501575526,427.15166183873566,203.1503141194588,observed support,234.0438498183966
1024,19,fixed,4,12,group,11.418999671936035,14.681977833107183,3.2104876049894786,12.543106557543393,observed support,14.143762797731084
1024,19,fixed,4,12,household,0.12700000405311584,0.5419784633237021,0.16459683753422388,0.23975555524230002,first physical ID,0.5871503384808663
1024,19,fixed,8,2,regional,144.48699951171875,145.32939176538062,83.1006729372395,112.84908059388616,observed support,141.32070872895818
1024,19,fixed,8,2,group,8.39799976348877,10.156883105822953,1.7161828732757372,8.210129406308905,observed support,10.016758906739344
1024,19,fixed,8,2,household,2.3369998931884766,1.8368000098131683,0.12759022113696358,0.7720444454087152,first physical ID,2.1628067627497614
1024,19,fixed,8,12,regional,225.36700439453125,237.68597745931848,386.886290821491,203.1503141194588,observed support,234.0438498183966
1024,19,fixed,8,12,group,11.418999671936035,14.373098895111756,3.081874382837613,12.543106557543393,observed support,14.143762797731084
1024,19,fixed,8,12,household,0.12700000405311584,0.5933407960194133,0.16354074401413288,0.23975555524230002,first physical ID,0.5871503384808663
1024,19,random,2,2,regional,144.48699951171875,149.37889854561035,94.24814492766836,112.84908059388616,observed support,141.32070872895818
1024,19,random,2,2,group,8.39799976348877,10.297512281998715,1.7526409091028095,8.210129406308905,observed support,10.016758906739344
1024,19,random,2,2,household,2.3369998931884766,1.4523639028535607,0.14069466540212394,0.7720444454087152,first physical ID,2.1628067627497614
1024,19,random,2,12,regional,225.36700439453125,233.11050265339634,448.37770833135124,203.1503141194588,observed support,234.0438498183966
1024,19,random,2,12,group,11.418999671936035,14.164212604533775,3.2775742419581926,12.543106557543393,observed support,14.143762797731084
1024,19,random,2,12,household,0.12700000405311584,0.5763278555392661,0.16593148172319372,0.23975555524230002,first physical ID,0.5871503384808663
1024,19,random,4,2,regional,144.48699951171875,145.66560162642685,87.85816773790339,112.84908059388616,observed support,141.32070872895818
1024,19,random,4,2,group,8.39799976348877,10.28805788093329,1.6696344446299296,8.210129406308905,observed support,10.016758906739344
1024,19,random,4,2,household,2.3369998931884766,2.189780034943501,0.08967856187178129,0.7720444454087152,first physical ID,2.1628067627497614
1024,19,random,4,12,regional,225.36700439453125,237.89275519031264,411.9255653098994,203.1503141194588,observed support,234.0438498183966
1024,19,random,4,12,group,11.418999671936035,14.365181417546983,3.1204757030894807,12.543106557543393,observed support,14.143762797731084
1024,19,random,4,12,household,0.12700000405311584,0.644336281841739,0.1636692947140974,0.23975555524230002,first physical ID,0.5871503384808663
1024,19,random,8,2,regional,144.48699951171875,143.0445554371912,83.04969859796171,112.84908059388616,observed support,141.32070872895818
1024,19,random,8,2,group,8.39799976348877,10.182104788661391,1.6537636040614423,8.210129406308905,observed support,10.016758906739344
1024,19,random,8,2,household,2.3369998931884766,2.2262795394157786,0.08867773321534818,0.7720444454087152,first physical ID,2.1628067627497614
1024,19,random,8,12,regional,225.36700439453125,236.40793884337765,385.9639381420719,203.1503141194588,observed support,234.0438498183966
1024,19,random,8,12,group,11.418999671936035,14.272163526120465,3.0410456017551466,12.543106557543393,observed support,14.143762797731084
1024,19,random,8,12,household,0.12700000405311584,0.6489111502143463,0.1624671115033884,0.23975555524230002,first physical ID,0.5871503384808663
1024,19,uncertainty,2,2,regional,144.48699951171875,146.44559595631858,95.96000254146298,112.84908059388616,observed support,141.32070872895818
1024,19,uncertainty,2,2,group,8.39799976348877,10.155186524323314,1.759118263926091,8.210129406308905,observed support,10.016758906739344
1024,19,uncertainty,2,2,household,2.3369998931884766,1.5479402857285787,0.1407384105424997,0.7720444454087152,first physical ID,2.1628067627497614
1024,19,uncertainty,2,12,regional,225.36700439453125,229.10722646315907,451.0006689118363,203.1503141194588,observed support,234.0438498183966
1024,19,uncertainty,2,12,group,11.418999671936035,13.94069486912521,3.2953782890794505,12.543106557543393,observed support,14.143762797731084
1024,19,uncertainty,2,12,household,0.12700000405311584,0.6404705176714405,0.1656583368779398,0.23975555524230002,first physical ID,0.5871503384808663
1024,19,uncertainty,4,2,regional,144.48699951171875,145.21235466451358,88.84196213759554,112.84908059388616,observed support,141.32070872895818
1024,19,uncertainty,4,2,group,8.39799976348877,10.103471799198648,1.7330132261627984,8.210129406308905,observed support,10.016758906739344
1024,19,uncertainty,4,2,household,2.3369998931884766,1.6553049205713741,0.13244886426058075,0.7720444454087152,first physical ID,2.1628067627497614
1024,19,uncertainty,4,12,regional,225.36700439453125,230.8077064926776,420.9873677146431,203.1503141194588,observed support,234.0438498183966
1024,19,uncertainty,4,12,group,11.418999671936035,14.032679841119137,3.189702436486746,12.543106557543393,observed support,14.143762797731084
1024,19,uncertainty,4,12,household,0.12700000405311584,0.5757038148239415,0.16437152482593242,0.23975555524230002,first physical ID,0.5871503384808663
1024,19,uncertainty,8,2,regional,144.48699951171875,143.5232343732505,83.2701397690587,112.84908059388616,observed support,141.32070872895818
1024,19,uncertainty,8,2,group,8.39799976348877,10.033089912897792,1.7151787193896657,8.210129406308905,observed support,10.016758906739344
1024,19,uncertainty,8,2,household,2.3369998931884766,1.7870574815025861,0.12780255783626934,0.7720444454087152,first physical ID,2.1628067627497614
1024,19,uncertainty,8,12,regional,225.36700439453125,231.7858486641605,388.34125723997755,203.1503141194588,observed support,234.0438498183966
1024,19,uncertainty,8,12,group,11.418999671936035,14.026051791436592,3.084234193225849,12.543106557543393,observed support,14.143762797731084
1024,19,uncertainty,8,12,household,0.12700000405311584,0.5911795556135625,0.16346349155169676,0.23975555524230002,first physical ID,0.5871503384808663
1024,20,fixed_coarse,0,2,regional,275.5570068359375,284.80127835503237,109.44735798679864,199.63072071179243,observed support,275.8315866753007
1024,20,fixed_coarse,0,2,group,14.307000160217285,15.668631724172648,1.8102619377959086,11.566732531271878,observed support,15.094607056523815
1024,20,fixed_coarse,0,2,household,0.15000000596046448,0.7237620347415719,0.1527471819701346,0.13693333342671393,first physical ID,0.37104160463464547
1024,20,fixed_coarse,0,12,regional,138.06700134277344,195.70215860357573,578.9766159705866,107.78941245519053,observed support,147.63267272207324
1024,20,fixed_coarse,0,12,group,9.260000228881836,12.151751569438307,3.696134323180095,7.3965779048217515,observed support,9.322302677677271
1024,20,fixed_coarse,0,12,household,2.375999927520752,1.1761008926934458,0.17120069793466053,0.6567777716451221,first physical ID,1.3196323353795647
1024,20,uniform_fine_stream,16,2,regional,275.5570068359375,275.8315866753007,78.14561842110399,199.63072071179243,observed support,275.8315866753007
1024,20,uniform_fine_stream,16,2,group,14.307000160217285,15.094607056523815,1.6381522733363945,11.566732531271878,observed support,15.094607056523815
1024,20,uniform_fine_stream,16,2,household,0.15000000596046448,0.37104160463464547,0.08778785774547328,0.13693333342671393,first physical ID,0.37104160463464547
1024,20,uniform_fine_stream,16,12,regional,138.06700134277344,147.63267272207324,371.9273901302447,107.78941245519053,observed support,147.63267272207324
1024,20,uniform_fine_stream,16,12,group,9.260000228881836,9.322302677677271,2.9939182871618115,7.3965779048217515,observed support,9.322302677677271
1024,20,uniform_fine_stream,16,12,household,2.375999927520752,1.3196323353795647,0.1614789129754358,0.6567777716451221,first physical ID,1.3196323353795647
1024,20,fixed,2,2,regional,275.5570068359375,289.6783081722175,95.16324955169893,199.63072071179243,observed support,275.8315866753007
1024,20,fixed,2,2,group,14.307000160217285,15.894057249242804,1.7573923619075582,11.566732531271878,observed support,15.094607056523815
1024,20,fixed,2,2,household,0.15000000596046448,0.5421792547035065,0.1367839470359487,0.13693333342671393,first physical ID,0.37104160463464547
1024,20,fixed,2,12,regional,138.06700134277344,197.94012034301198,472.644560889679,107.78941245519053,observed support,147.63267272207324
1024,20,fixed,2,12,group,9.260000228881836,12.455349555526173,3.35712899715043,7.3965779048217515,observed support,9.322302677677271
1024,20,fixed,2,12,household,2.375999927520752,1.12116301988625,0.16587526657880075,0.6567777716451221,first physical ID,1.3196323353795647
1024,20,fixed,4,2,regional,275.5570068359375,288.4764374938678,87.80706135156088,199.63072071179243,observed support,275.8315866753007
1024,20,fixed,4,2,group,14.307000160217285,15.758120762841367,1.732372604496703,11.566732531271878,observed support,15.094607056523815
1024,20,fixed,4,2,household,0.15000000596046448,0.4885235900788554,0.13112962414679066,0.13693333342671393,first physical ID,0.37104160463464547
1024,20,fixed,4,12,regional,138.06700134277344,190.34076821392074,419.2110705435909,107.78941245519053,observed support,147.63267272207324
1024,20,fixed,4,12,group,9.260000228881836,11.917697401808102,3.185840375992579,7.3965779048217515,observed support,9.322302677677271
1024,20,fixed,4,12,household,2.375999927520752,1.153904849433294,0.16471831539789955,0.6567777716451221,first physical ID,1.3196323353795647
1024,20,fixed,8,2,regional,275.5570068359375,281.1774054871039,82.73323043741917,199.63072071179243,observed support,275.8315866753007
1024,20,fixed,8,2,group,14.307000160217285,15.576496308991185,1.7137014997585505,11.566732531271878,observed support,15.094607056523815
1024,20,fixed,8,2,household,0.15000000596046448,0.4613742412228317,0.12751235966722632,0.13693333342671393,first physical ID,0.37104160463464547
1024,20,fixed,8,12,regional,138.06700134277344,157.73125989969412,388.2148099092169,107.78941245519053,observed support,147.63267272207324
1024,20,fixed,8,12,group,9.260000228881836,10.145633347004456,3.083472032296188,7.3965779048217515,observed support,9.322302677677271
1024,20,fixed,8,12,household,2.375999927520752,1.2575072586396052,0.16347913714967538,0.6567777716451221,first physical ID,1.3196323353795647
1024,20,random,2,2,regional,275.5570068359375,270.12485442072335,94.79845151340376,199.63072071179243,observed support,275.8315866753007
1024,20,random,2,2,group,14.307000160217285,14.725945466303086,1.7566973292203105,11.566732531271878,observed support,15.094607056523815
1024,20,random,2,2,household,0.15000000596046448,0.6801073016071053,0.13973514845559507,0.13693333342671393,first physical ID,0.37104160463464547
1024,20,random,2,12,regional,138.06700134277344,158.6792860738768,442.0692929649352,107.78941245519053,observed support,147.63267272207324
1024,20,random,2,12,group,9.260000228881836,9.902435878610508,3.2663266930532773,7.3965779048217515,observed support,9.322302677677271
1024,20,random,2,12,household,2.375999927520752,1.1610943198558874,0.16571481265996194,0.6567777716451221,first physical ID,1.3196323353795647
1024,20,random,4,2,regional,275.5570068359375,276.97686539430947,89.96446980004124,199.63072071179243,observed support,275.8315866753007
1024,20,random,4,2,group,14.307000160217285,15.091650168164826,1.7354780800810818,11.566732531271878,observed support,15.094607056523815
1024,20,random,4,2,household,0.15000000596046448,0.5399588852647066,0.1350326407530353,0.13693333342671393,first physical ID,0.37104160463464547
1024,20,random,4,12,regional,138.06700134277344,170.02482897255044,421.0816261174195,107.78941245519053,observed support,147.63267272207324
1024,20,random,4,12,group,9.260000228881836,10.657805681191379,3.193837713122133,7.3965779048217515,observed support,9.322302677677271
1024,20,random,4,12,household,2.375999927520752,1.1204804729810933,0.16429052506374558,0.6567777716451221,first physical ID,1.3196323353795647
1024,20,random,8,2,regional,275.5570068359375,272.7248158518663,84.17467471880565,199.63072071179243,observed support,275.8315866753007
1024,20,random,8,2,group,14.307000160217285,15.111072356169549,1.7160201022110937,11.566732531271878,observed support,15.094607056523815
1024,20,random,8,2,household,0.15000000596046448,0.45732025056068537,0.1307401141096832,0.13693333342671393,first physical ID,0.37104160463464547
1024,20,random,8,12,regional,138.06700134277344,146.36488274563482,389.8054486741033,107.78941245519053,observed support,147.63267272207324
1024,20,random,8,12,group,9.260000228881836,9.436750940058658,3.0888705332057222,7.3965779048217515,observed support,9.322302677677271
1024,20,random,8,12,household,2.375999927520752,1.2955254329873878,0.16334631699964336,0.6567777716451221,first physical ID,1.3196323353795647
1024,20,uncertainty,2,2,regional,275.5570068359375,267.5608352124544,95.76746539885951,199.63072071179243,observed support,275.8315866753007
1024,20,uncertainty,2,2,group,14.307000160217285,15.034128685914025,1.7579810101107405,11.566732531271878,observed support,15.094607056523815
1024,20,uncertainty,2,2,household,0.15000000596046448,0.698155376100114,0.1405698959573547,0.13693333342671393,first physical ID,0.37104160463464547
1024,20,uncertainty,2,12,regional,138.06700134277344,127.20230034369153,450.57823001519927,107.78941245519053,observed support,147.63267272207324
1024,20,uncertainty,2,12,group,9.260000228881836,8.54327427978924,3.2913438389413,7.3965779048217515,observed support,9.322302677677271
1024,20,uncertainty,2,12,household,2.375999927520752,1.437950221216633,0.1656042179798937,0.6567777716451221,first physical ID,1.3196323353795647
1024,20,uncertainty,4,2,regional,275.5570068359375,274.5426942820161,88.71839145373085,199.63072071179243,observed support,275.8315866753007
1024,20,uncertainty,4,2,group,14.307000160217285,15.35917785829249,1.7320141484858957,11.566732531271878,observed support,15.094607056523815
1024,20,uncertainty,4,2,household,0.15000000596046448,0.3734117930377955,0.13233102399908142,0.13693333342671393,first physical ID,0.37104160463464547
1024,20,uncertainty,4,12,regional,138.06700134277344,147.04098972694135,420.8675099021611,107.78941245519053,observed support,147.63267272207324
1024,20,uncertainty,4,12,group,9.260000228881836,9.698648000405102,3.1867121319899274,7.3965779048217515,observed support,9.322302677677271
1024,20,uncertainty,4,12,household,2.375999927520752,1.3577525632982708,0.16432916226932626,0.6567777716451221,first physical ID,1.3196323353795647
1024,20,uncertainty,8,2,regional,275.5570068359375,271.87140634389993,83.18768878701286,199.63072071179243,observed support,275.8315866753007
1024,20,uncertainty,8,2,group,14.307000160217285,15.246451897794797,1.7143146175256632,11.566732531271878,observed support,15.094607056523815
1024,20,uncertainty,8,2,household,0.15000000596046448,0.4415575241357713,0.12772561221026868,0.13693333342671393,first physical ID,0.37104160463464547
1024,20,uncertainty,8,12,regional,138.06700134277344,134.71815420536947,388.54762429215407,107.78941245519053,observed support,147.63267272207324
1024,20,uncertainty,8,12,group,9.260000228881836,8.885506213551295,3.0824001653771367,7.3965779048217515,observed support,9.322302677677271
1024,20,uncertainty,8,12,household,2.375999927520752,1.3877763367068372,0.16343657232408468,0.6567777716451221,first physical ID,1.3196323353795647
1024,21,fixed_coarse,0,2,regional,393.1719970703125,394.95837939380027,109.71965548102303,295.5313866244529,observed support,393.813336473212
1024,21,fixed_coarse,0,2,group,23.597999572753906,24.602732501480354,1.8103948885999914,18.289488721527018,observed support,24.15428391697613
1024,21,fixed_coarse,0,2,household,0.3070000112056732,0.5732645455535258,0.15293000215552563,0.22555555370118882,first physical ID,0.2468305744042723
1024,21,fixed_coarse,0,12,regional,227.427001953125,244.232123073042,579.0468539686743,161.09672220508497,observed support,237.0965767350025
1024,21,fixed_coarse,0,12,group,13.444001197814941,16.16811602427555,3.696106038251968,11.10752520900605,observed support,15.560049076043153
1024,21,fixed_coarse,0,12,household,3.0460000038146973,2.37515247315483,0.17118242041680892,1.7317111076580154,first physical ID,2.2604841518495142
1024,21,uniform_fine_stream,16,2,regional,393.1719970703125,393.813336473212,78.38863319804342,295.5313866244529,observed support,393.813336473212
1024,21,uniform_fine_stream,16,2,group,23.597999572753906,24.15428391697613,1.6381471338605578,18.289488721527018,observed support,24.15428391697613
1024,21,uniform_fine_stream,16,2,household,0.3070000112056732,0.2468305744042723,0.08778480505883977,0.22555555370118882,first physical ID,0.2468305744042723
1024,21,uniform_fine_stream,16,12,regional,227.427001953125,237.0965767350025,371.9208183656847,161.09672220508497,observed support,237.0965767350025
1024,21,uniform_fine_stream,16,12,group,13.444001197814941,15.560049076043153,2.9939110044762387,11.10752520900605,observed support,15.560049076043153
1024,21,uniform_fine_stream,16,12,household,3.0460000038146973,2.2604841518495142,0.16147827501144313,1.7317111076580154,first physical ID,2.2604841518495142
1024,21,fixed,2,2,regional,393.1719970703125,400.8356549176091,93.80282190633564,295.5313866244529,observed support,393.813336473212
1024,21,fixed,2,2,group,23.597999572753906,24.960525098809153,1.7518593175116786,18.289488721527018,observed support,24.15428391697613
1024,21,fixed,2,2,household,0.3070000112056732,0.2566594179437416,0.1368994483327458,0.22555555370118882,first physical ID,0.2468305744042723
1024,21,fixed,2,12,regional,227.427001953125,257.27710577098605,460.8948131632567,161.09672220508497,observed support,237.0965767350025
1024,21,fixed,2,12,group,13.444001197814941,17.182762809449038,3.3136741177328037,11.10752520900605,observed support,15.560049076043153
1024,21,fixed,2,12,household,3.0460000038146973,2.189839060840317,0.166042694761237,1.7317111076580154,first physical ID,2.2604841518495142
1024,21,fixed,4,2,regional,393.1719970703125,402.5369488965655,87.70857903247598,295.5313866244529,observed support,393.813336473212
1024,21,fixed,4,2,group,23.597999572753906,24.98866122829817,1.7309497218601755,18.289488721527018,observed support,24.15428391697613
1024,21,fixed,4,2,household,0.3070000112056732,0.3835486436995375,0.13144719618670545,0.22555555370118882,first physical ID,0.2468305744042723
1024,21,fixed,4,12,regional,227.427001953125,246.0001416185191,413.9552944389656,161.09672220508497,observed support,237.0965767350025
1024,21,fixed,4,12,group,13.444001197814941,16.40451979408382,3.1691747443969955,11.10752520900605,observed support,15.560049076043153
1024,21,fixed,4,12,household,3.0460000038146973,2.30504578390025,0.16469991503091255,1.7317111076580154,first physical ID,2.2604841518495142
1024,21,fixed,8,2,regional,393.1719970703125,396.5088194624356,83.03829212324867,295.5313866244529,observed support,393.813336473212
1024,21,fixed,8,2,group,23.597999572753906,24.35010071325529,1.7142694768546078,18.289488721527018,observed support,24.15428391697613
1024,21,fixed,8,2,household,0.3070000112056732,0.42681643833030736,0.12753956942854855,0.22555555370118882,first physical ID,0.2468305744042723
1024,21,fixed,8,12,regional,227.427001953125,232.52838472975557,388.1581675155011,161.09672220508497,observed support,237.0965767350025
1024,21,fixed,8,12,group,13.444001197814941,15.376041628989858,3.0836597240699497,11.10752520900605,observed support,15.560049076043153
1024,21,fixed,8,12,household,3.0460000038146973,2.3064426944160408,0.163475175177747,1.7317111076580154,first physical ID,2.2604841518495142
1024,21,random,2,2,regional,393.1719970703125,391.63117096753524,94.39228423877836,295.5313866244529,observed support,393.813336473212
1024,21,random,2,2,group,23.597999572753906,24.394718856955777,1.7537950965972835,18.289488721527018,observed support,24.15428391697613
1024,21,random,2,2,household,0.3070000112056732,0.6297559603054943,0.13987613981651162,0.22555555370118882,first physical ID,0.2468305744042723
1024,21,random,2,12,regional,227.427001953125,210.42104452993323,427.6888218912529,161.09672220508497,observed support,237.0965767350025
1024,21,random,2,12,group,13.444001197814941,14.119837772629454,3.224454255988964,11.10752520900605,observed support,15.560049076043153
1024,21,random,2,12,household,3.0460000038146973,2.580340830138529,0.165773529175744,1.7317111076580154,first physical ID,2.2604841518495142
1024,21,random,4,2,regional,393.1719970703125,392.4601577457845,88.89800147067757,295.5313866244529,observed support,393.813336473212
1024,21,random,4,2,group,23.597999572753906,24.30491118077972,1.7336023141335735,18.289488721527018,observed support,24.15428391697613
1024,21,random,4,2,household,0.3070000112056732,0.5560497007205735,0.13259814579845772,0.22555555370118882,first physical ID,0.2468305744042723
1024,21,random,4,12,regional,227.427001953125,222.8209764371778,408.4561854380871,161.09672220508497,observed support,237.0965767350025
1024,21,random,4,12,group,13.444001197814941,14.810774223068663,3.154541079637939,11.10752520900605,observed support,15.560049076043153
1024,21,random,4,12,household,3.0460000038146973,2.418803233079042,0.164444495367437,1.7317111076580154,first physical ID,2.2604841518495142
1024,21,random,8,2,regional,393.1719970703125,388.3238381005272,83.97516329027333,295.5313866244529,observed support,393.813336473212
1024,21,random,8,2,group,23.597999572753906,24.034768838493132,1.7147986743709827,18.289488721527018,observed support,24.15428391697613
1024,21,random,8,2,household,0.3070000112056732,0.7207791422956535,0.12906787931314695,0.22555555370118882,first physical ID,0.2468305744042723
1024,21,random,8,12,regional,227.427001953125,227.87012762550756,386.83973645079965,161.09672220508497,observed support,237.0965767350025
1024,21,random,8,12,group,13.444001197814941,15.009694206322935,3.0775337456113427,11.10752520900605,observed support,15.560049076043153
1024,21,random,8,12,household,3.0460000038146973,2.3390830730482315,0.16329617064202567,1.7317111076580154,first physical ID,2.2604841518495142
1024,21,uncertainty,2,2,regional,393.1719970703125,393.35631557452643,96.03315407398009,295.5313866244529,observed support,393.813336473212
1024,21,uncertainty,2,2,group,23.597999572753906,24.36533668281082,1.7580882560440463,18.289488721527018,observed support,24.15428391697613
1024,21,uncertainty,2,2,household,0.3070000112056732,0.6003584787066562,0.14064199724673423,0.22555555370118882,first physical ID,0.2468305744042723
1024,21,uncertainty,2,12,regional,227.427001953125,216.4706793204404,450.62574380173976,161.09672220508497,observed support,237.0965767350025
1024,21,uncertainty,2,12,group,13.444001197814941,14.421159929854594,3.291448284427071,11.10752520900605,observed support,15.560049076043153
1024,21,uncertainty,2,12,household,3.0460000038146973,2.487552673999276,0.16560293065361265,1.7317111076580154,first physical ID,2.2604841518495142
1024,21,uncertainty,4,2,regional,393.1719970703125,396.09146592168645,88.96930505311798,295.5313866244529,observed support,393.813336473212
1024,21,uncertainty,4,2,group,23.597999572753906,24.631538886257843,1.7319913291584936,18.289488721527018,observed support,24.15428391697613
1024,21,uncertainty,4,2,household,0.3070000112056732,0.4166837515607389,0.13226093347940993,0.22555555370118882,first physical ID,0.2468305744042723
1024,21,uncertainty,4,12,regional,227.427001953125,225.568925018813,420.849907185945,161.09672220508497,observed support,237.0965767350025
1024,21,uncertainty,4,12,group,13.444001197814941,15.121863578960186,3.186646447850756,11.10752520900605,observed support,15.560049076043153
1024,21,uncertainty,4,12,household,3.0460000038146973,2.3813962450674517,0.1643266381366042,1.7317111076580154,first physical ID,2.2604841518495142
1024,21,uncertainty,8,2,regional,393.1719970703125,394.16736823415533,83.44043004745386,295.5313866244529,observed support,393.813336473212
1024,21,uncertainty,8,2,group,23.597999572753906,24.33409780041464,1.7143030153627201,18.289488721527018,observed support,24.15428391697613
1024,21,uncertainty,8,2,household,0.3070000112056732,0.5420557164983828,0.12770032294037686,0.22555555370118882,first physical ID,0.2468305744042723
1024,21,uncertainty,8,12,regional,227.427001953125,229.07333843267293,388.54227688826927,161.09672220508497,observed support,237.0965767350025
1024,21,uncertainty,8,12,group,13.444001197814941,15.132749257339821,3.082373605065756,11.10752520900605,observed support,15.560049076043153
1024,21,uncertainty,8,12,household,3.0460000038146973,2.412079361983973,0.16343538485523898,1.7317111076580154,first physical ID,2.2604841518495142
1024,22,fixed_coarse,0,2,regional,301.2769775390625,322.71170495417994,109.71965548102303,236.3367316198046,observed support,322.33808191973503
1024,22,fixed_coarse,0,2,group,16.229000091552734,17.17078292657101,1.8103948885999914,13.364559410560952,observed support,16.756120230583214
1024,22,fixed_coarse,0,2,household,0.07699999958276749,0.287514583729462,0.15293000215552563,0.12777777736385662,first physical ID,0.18947430996608663
1024,22,fixed_coarse,0,12,regional,359.833984375,357.99906922543596,579.0468539686743,276.4833124432953,observed support,352.64396473413433
1024,22,fixed_coarse,0,12,group,20.58799934387207,21.74976068773761,3.696106038251968,17.195471483866,observed support,21.38885361821697
1024,22,fixed_coarse,0,12,household,0.12700000405311584,0.6495071159256258,0.17118242041680892,0.20339999952250057,first physical ID,0.5650938937765488
1024,22,uniform_fine_stream,16,2,regional,301.2769775390625,322.33808191973503,78.38863319804342,236.3367316198046,observed support,322.33808191973503
1024,22,uniform_fine_stream,16,2,group,16.229000091552734,16.756120230583214,1.6381471338605578,13.364559410560952,observed support,16.756120230583214
1024,22,uniform_fine_stream,16,2,household,0.07699999958276749,0.18947430996608663,0.08778480505883977,0.12777777736385662,first physical ID,0.18947430996608663
1024,22,uniform_fine_stream,16,12,regional,359.833984375,352.64396473413433,371.9208183656847,276.4833124432953,observed support,352.64396473413433
1024,22,uniform_fine_stream,16,12,group,20.58799934387207,21.38885361821697,2.9939110044762387,17.195471483866,observed support,21.38885361821697
1024,22,uniform_fine_stream,16,12,household,0.12700000405311584,0.5650938937765488,0.16147827501144313,0.20339999952250057,first physical ID,0.5650938937765488
1024,22,fixed,2,2,regional,301.2769775390625,328.49543501007486,92.60675936233142,236.3367316198046,observed support,322.33808191973503
1024,22,fixed,2,2,group,16.229000091552734,17.540178522894738,1.74996846188139,13.364559410560952,observed support,16.756120230583214
1024,22,fixed,2,2,household,0.07699999958276749,-0.10160262997409086,0.13558675216348995,0.12777777736385662,first physical ID,0.18947430996608663
1024,22,fixed,2,12,regional,359.833984375,368.8612097961574,438.5337326593983,276.4833124432953,observed support,352.64396473413433
1024,22,fixed,2,12,group,20.58799934387207,22.6285260410916,3.2519399025201468,17.195471483866,observed support,21.38885361821697
1024,22,fixed,2,12,household,0.12700000405311584,0.6499458611049984,0.16614515993388485,0.20339999952250057,first physical ID,0.5650938937765488
1024,22,fixed,4,2,regional,301.2769775390625,329.8837130618695,88.24700797737412,236.3367316198046,observed support,322.33808191973503
1024,22,fixed,4,2,group,16.229000091552734,17.727964566534773,1.7330366056683146,13.364559410560952,observed support,16.756120230583214
1024,22,fixed,4,2,household,0.07699999958276749,-0.08919451457192296,0.13107703710859317,0.12777777736385662,first physical ID,0.18947430996608663
1024,22,fixed,4,12,regional,359.833984375,358.93549720059013,410.24982112150155,276.4833124432953,observed support,352.64396473413433
1024,22,fixed,4,12,group,20.58799934387207,22.12265987069849,3.156180948169612,17.195471483866,observed support,21.38885361821697
1024,22,fixed,4,12,household,0.12700000405311584,0.7134931697301337,0.16467615730499255,0.20339999952250057,first physical ID,0.5650938937765488
1024,22,fixed,8,2,regional,301.2769775390625,326.5083903287606,83.35935471800039,236.3367316198046,observed support,322.33808191973503
1024,22,fixed,8,2,group,16.229000091552734,17.45481073640682,1.7142430481967412,13.364559410560952,observed support,16.756120230583214
1024,22,fixed,8,2,household,0.07699999958276749,0.016909203855796695,0.12807969696649824,0.12777777736385662,first physical ID,0.18947430996608663
1024,22,fixed,8,12,regional,359.833984375,352.45926058660297,386.46937407806195,276.4833124432953,observed support,352.64396473413433
1024,22,fixed,8,12,group,20.58799934387207,21.654688825008336,3.0780260263353956,17.195471483866,observed support,21.38885361821697
1024,22,fixed,8,12,household,0.12700000405311584,0.6461117767230875,0.16342544774266948,0.20339999952250057,first physical ID,0.5650938937765488
1024,22,random,2,2,regional,301.2769775390625,313.32958602656197,96.59145361044557,236.3367316198046,observed support,322.33808191973503
1024,22,random,2,2,group,16.229000091552734,16.75081368419357,1.7639042843037254,13.364559410560952,observed support,16.756120230583214
1024,22,random,2,2,household,0.07699999958276749,0.416858153285332,0.137240280501724,0.12777777736385662,first physical ID,0.18947430996608663
1024,22,random,2,12,regional,359.833984375,338.7993158392087,458.7363888150787,276.4833124432953,observed support,352.64396473413433
1024,22,random,2,12,group,20.58799934387207,20.672278030069982,3.3191620574118152,17.195471483866,observed support,21.38885361821697
1024,22,random,2,12,household,0.12700000405311584,0.6300324569100099,0.16605448269181172,0.20339999952250057,first physical ID,0.5650938937765488
1024,22,random,4,2,regional,301.2769775390625,318.9121197790942,90.35929047360298,236.3367316198046,observed support,322.33808191973503
1024,22,random,4,2,group,16.229000091552734,16.911774521281362,1.7381635227549541,13.364559410560952,observed support,16.756120230583214
1024,22,random,4,2,household,0.07699999958276749,0.376344810380868,0.13349853411990362,0.12777777736385662,first physical ID,0.18947430996608663
1024,22,random,4,12,regional,359.833984375,359.85289956982115,424.1754716893668,276.4833124432953,observed support,352.64396473413433
1024,22,random,4,12,group,20.58799934387207,21.83969729338263,3.1973379154861057,17.195471483866,observed support,21.38885361821697
1024,22,random,4,12,household,0.12700000405311584,0.5855209898812971,0.16459019837501682,0.20339999952250057,first physical ID,0.5650938937765488
1024,22,random,8,2,regional,301.2769775390625,320.72948434921227,84.10648682382342,236.3367316198046,observed support,322.33808191973503
1024,22,random,8,2,group,16.229000091552734,17.155969477023053,1.7161831618545953,13.364559410560952,observed support,16.756120230583214
1024,22,random,8,2,household,0.07699999958276749,0.33515317622998386,0.12881182963111804,0.12777777736385662,first physical ID,0.18947430996608663
1024,22,random,8,12,regional,359.833984375,348.79700578639665,397.3447569495105,276.4833124432953,observed support,352.64396473413433
1024,22,random,8,12,group,20.58799934387207,21.378261524286607,3.1097602357171086,17.195471483866,observed support,21.38885361821697
1024,22,random,8,12,household,0.12700000405311584,0.6538132762498001,0.16344442192883493,0.20339999952250057,first physical ID,0.5650938937765488
1024,22,uncertainty,2,2,regional,301.2769775390625,322.141917212481,96.03315407398009,236.3367316198046,observed support,322.33808191973503
1024,22,uncertainty,2,2,group,16.229000091552734,17.347377590557386,1.7580882560440463,13.364559410560952,observed support,16.756120230583214
1024,22,uncertainty,2,2,household,0.07699999958276749,0.2164259493948022,0.14064199724673423,0.12777777736385662,first physical ID,0.18947430996608663
1024,22,uncertainty,2,12,regional,359.833984375,341.3334925000534,450.62574380173976,276.4833124432953,observed support,352.64396473413433
1024,22,uncertainty,2,12,group,20.58799934387207,21.02320742538694,3.291448284427071,17.195471483866,observed support,21.38885361821697
1024,22,uncertainty,2,12,household,0.12700000405311584,0.7686476648098495,0.16560293065361265,0.20339999952250057,first physical ID,0.5650938937765488
1024,22,uncertainty,4,2,regional,301.2769775390625,326.12077525628814,88.96930505311798,236.3367316198046,observed support,322.33808191973503
1024,22,uncertainty,4,2,group,16.229000091552734,17.49771493169072,1.7319913291584936,13.364559410560952,observed support,16.756120230583214
1024,22,uncertainty,4,2,household,0.07699999958276749,0.024173943020603217,0.13226093347940993,0.12777777736385662,first physical ID,0.18947430996608663
1024,22,uncertainty,4,12,regional,359.833984375,353.9132548767467,420.849907185945,276.4833124432953,observed support,352.64396473413433
1024,22,uncertainty,4,12,group,20.58799934387207,21.743277417049644,3.186646447850756,17.195471483866,observed support,21.38885361821697
1024,22,uncertainty,4,12,household,0.12700000405311584,0.6833873513106007,0.1643266381366042,0.20339999952250057,first physical ID,0.5650938937765488
1024,22,uncertainty,8,2,regional,301.2769775390625,323.7048504335353,83.44043004745386,236.3367316198046,observed support,322.33808191973503
1024,22,uncertainty,8,2,group,16.229000091552734,17.312646607067016,1.7143030153627201,13.364559410560952,observed support,16.756120230583214
1024,22,uncertainty,8,2,household,0.07699999958276749,0.045254358263278366,0.12770032294037686,0.12777777736385662,first physical ID,0.18947430996608663
1024,22,uncertainty,8,12,regional,359.833984375,344.68455594585566,388.54227688826927,276.4833124432953,observed support,352.64396473413433
1024,22,uncertainty,8,12,group,20.58799934387207,21.133854152110878,3.082373605065756,17.195471483866,observed support,21.38885361821697
1024,22,uncertainty,8,12,household,0.12700000405311584,0.6058008886389887,0.16343538485523898,0.20339999952250057,first physical ID,0.5650938937765488
1024,23,fixed_coarse,0,2,regional,340.18701171875,340.54684157057636,109.62887123884795,254.28606531107602,observed support,332.48693473920605
1024,23,fixed_coarse,0,2,group,18.01500129699707,18.47453376665577,1.8103839796397225,14.47454320320405,observed support,18.26880440246338
1024,23,fixed_coarse,0,2,household,1.430999994277954,0.399757476607813,0.15292126689849514,0.3002325580563656,first physical ID,0.7108004070086944
1024,23,fixed_coarse,0,12,regional,405.2669982910156,404.24554068968575,577.5619857736338,308.39439397587074,observed support,385.12218824529646
1024,23,fixed_coarse,0,12,group,24.621999740600586,24.081369406350653,3.6932970965096024,18.724565634843184,observed support,23.082219339919675
1024,23,fixed_coarse,0,12,household,0.07900000363588333,0.5505709275901439,0.17119920996952526,0.20165116166652636,first physical ID,0.5445462322621852
1024,23,uniform_fine_stream,16,2,regional,340.18701171875,332.48693473920605,78.35983663963472,254.28606531107602,observed support,332.48693473920605
1024,23,uniform_fine_stream,16,2,group,18.01500129699707,18.26880440246338,1.6381543967356822,14.47454320320405,observed support,18.26880440246338
1024,23,uniform_fine_stream,16,2,household,1.430999994277954,0.7108004070086944,0.08778557706194363,0.3002325580563656,first physical ID,0.7108004070086944
1024,23,uniform_fine_stream,16,12,regional,405.2669982910156,385.12218824529646,371.75082249601996,308.39439397587074,observed support,385.12218824529646
1024,23,uniform_fine_stream,16,12,group,24.621999740600586,23.082219339919675,2.994234154636893,18.724565634843184,observed support,23.082219339919675
1024,23,uniform_fine_stream,16,12,household,0.07900000363588333,0.5445462322621852,0.16148649479202618,0.20165116166652636,first physical ID,0.5445462322621852
1024,23,fixed,2,2,regional,340.18701171875,336.5186019953711,93.00271011120448,254.28606531107602,observed support,332.48693473920605
1024,23,fixed,2,2,group,18.01500129699707,18.195586375047,1.7510312323779642,14.47454320320405,observed support,18.26880440246338
1024,23,fixed,2,2,household,1.430999994277954,0.24854547164619348,0.1364468272833865,0.3002325580563656,first physical ID,0.7108004070086944
1024,23,fixed,2,12,regional,405.2669982910156,391.83290572688384,434.45265563176054,308.39439397587074,observed support,385.12218824529646
1024,23,fixed,2,12,group,24.621999740600586,23.44894673030906,3.2449357919046085,18.724565634843184,observed support,23.082219339919675
1024,23,fixed,2,12,household,0.07900000363588333,0.4539772934658717,0.1659164788438291,0.20165116166652636,first physical ID,0.5445462322621852
1024,23,fixed,4,2,regional,340.18701171875,335.4087617846189,88.18681238700836,254.28606531107602,observed support,332.48693473920605
1024,23,fixed,4,2,group,18.01500129699707,18.05561210248108,1.7340202428025702,14.47454320320405,observed support,18.26880440246338
1024,23,fixed,4,2,household,1.430999994277954,0.25859913110669425,0.13099621701426967,0.3002325580563656,first physical ID,0.7108004070086944
1024,23,fixed,4,12,regional,405.2669982910156,387.27518677947444,402.91532197031535,308.39439397587074,observed support,385.12218824529646
1024,23,fixed,4,12,group,24.621999740600586,23.148379936516076,3.138619558721069,18.724565634843184,observed support,23.082219339919675
1024,23,fixed,4,12,household,0.07900000363588333,0.4796092850517697,0.1647556416316569,0.20165116166652636,first physical ID,0.5445462322621852
1024,23,fixed,8,2,regional,340.18701171875,328.31271549733236,83.38747128722983,254.28606531107602,observed support,332.48693473920605
1024,23,fixed,8,2,group,18.01500129699707,17.59795565115664,1.7151148291561773,14.47454320320405,observed support,18.26880440246338
1024,23,fixed,8,2,household,1.430999994277954,0.39278817377394,0.12767644596736505,0.3002325580563656,first physical ID,0.7108004070086944
1024,23,fixed,8,12,regional,405.2669982910156,387.0681207236182,387.27652594305175,308.39439397587074,observed support,385.12218824529646
1024,23,fixed,8,12,group,24.621999740600586,23.041150136765026,3.08309189563142,18.724565634843184,observed support,23.082219339919675
1024,23,fixed,8,12,household,0.07900000363588333,0.4410906934639176,0.1635044367519589,0.20165116166652636,first physical ID,0.5445462322621852
1024,23,random,2,2,regional,340.18701171875,347.04853802897503,93.23731703694881,254.28606531107602,observed support,332.48693473920605
1024,23,random,2,2,group,18.01500129699707,18.97310740570676,1.747677284010102,14.47454320320405,observed support,18.26880440246338
1024,23,random,2,2,household,1.430999994277954,0.2572435612194083,0.1352975050506389,0.3002325580563656,first physical ID,0.7108004070086944
1024,23,random,2,12,regional,405.2669982910156,408.00530203207325,453.7036280239795,308.39439397587074,observed support,385.12218824529646
1024,23,random,2,12,group,24.621999740600586,24.423580310555877,3.2911033289162672,18.724565634843184,observed support,23.082219339919675
1024,23,random,2,12,household,0.07900000363588333,0.5068094944893182,0.1655977591353089,0.20165116166652636,first physical ID,0.5445462322621852
1024,23,random,4,2,regional,340.18701171875,339.9179683184867,88.51160004282303,254.28606531107602,observed support,332.48693473920605
1024,23,random,4,2,group,18.01500129699707,18.559216752621115,1.7303140120318437,14.47454320320405,observed support,18.26880440246338
1024,23,random,4,2,household,1.430999994277954,0.4702154508435471,0.1319588275767662,0.3002325580563656,first physical ID,0.7108004070086944
1024,23,random,4,12,regional,405.2669982910156,398.97085474833347,419.6893277573457,308.39439397587074,observed support,385.12218824529646
1024,23,random,4,12,group,24.621999740600586,23.84222077926422,3.1836877391510736,18.724565634843184,observed support,23.082219339919675
1024,23,random,4,12,household,0.07900000363588333,0.6019227673158585,0.16435444905490848,0.20165116166652636,first physical ID,0.5445462322621852
1024,23,random,8,2,regional,340.18701171875,334.8458996678126,84.1235703742399,254.28606531107602,observed support,332.48693473920605
1024,23,random,8,2,group,18.01500129699707,18.168648182606816,1.7154401871901173,14.47454320320405,observed support,18.26880440246338
1024,23,random,8,2,household,1.430999994277954,0.48911584087102683,0.12896450479551905,0.3002325580563656,first physical ID,0.7108004070086944
1024,23,random,8,12,regional,405.2669982910156,387.42957790018806,394.64608901699717,308.39439397587074,observed support,385.12218824529646
1024,23,random,8,12,group,24.621999740600586,23.146878056053673,3.1010365463709384,18.724565634843184,observed support,23.082219339919675
1024,23,random,8,12,household,0.07900000363588333,0.529562518885915,0.16335542969081124,0.20165116166652636,first physical ID,0.5445462322621852
1024,23,uncertainty,2,2,regional,340.18701171875,334.6552543191149,95.98608353349715,254.28606531107602,observed support,332.48693473920605
1024,23,uncertainty,2,2,group,18.01500129699707,18.002625869648693,1.7580969992289963,14.47454320320405,observed support,18.26880440246338
1024,23,uncertainty,2,2,household,1.430999994277954,0.31710247309973727,0.1406444539705703,0.3002325580563656,first physical ID,0.7108004070086944
1024,23,uncertainty,2,12,regional,405.2669982910156,385.4176053832134,450.158301594268,308.39439397587074,observed support,385.12218824529646
1024,23,uncertainty,2,12,group,24.621999740600586,22.96885700182289,3.291167679886742,18.724565634843184,observed support,23.082219339919675
1024,23,uncertainty,2,12,household,0.07900000363588333,0.5259186215264269,0.16560828609938327,0.20165116166652636,first physical ID,0.5445462322621852
1024,23,uncertainty,4,2,regional,340.18701171875,340.56197454553967,88.93135419200064,254.28606531107602,observed support,332.48693473920605
1024,23,uncertainty,4,2,group,18.01500129699707,18.53849699337213,1.7319936050962221,14.47454320320405,observed support,18.26880440246338
1024,23,uncertainty,4,2,household,1.430999994277954,0.25171509807046677,0.13226223465859321,0.3002325580563656,first physical ID,0.7108004070086944
1024,23,uncertainty,4,12,regional,405.2669982910156,390.9763882216883,420.4711978265108,308.39439397587074,observed support,385.12218824529646
1024,23,uncertainty,4,12,group,24.621999740600586,23.44902191369336,3.1864946782915116,18.724565634843184,observed support,23.082219339919675
1024,23,uncertainty,4,12,household,0.07900000363588333,0.5345019735228639,0.16432983318566569,0.20165116166652636,first physical ID,0.5445462322621852
1024,23,uncertainty,8,2,regional,340.18701171875,337.00927648631017,83.4162449284839,254.28606531107602,observed support,332.48693473920605
1024,23,uncertainty,8,2,group,18.01500129699707,18.26391189964773,1.714319094630313,14.47454320320405,observed support,18.26880440246338
1024,23,uncertainty,8,2,household,1.430999994277954,0.4011228833136884,0.12770553084923328,0.3002325580563656,first physical ID,0.7108004070086944
1024,23,uncertainty,8,12,regional,405.2669982910156,389.5253209587662,388.5887889723252,308.39439397587074,observed support,385.12218824529646
1024,23,uncertainty,8,12,group,24.621999740600586,23.29846011404359,3.0834682697480256,18.724565634843184,observed support,23.082219339919675
1024,23,uncertainty,8,12,household,0.07900000363588333,0.5170413605571896,0.16346334259445922,0.20165116166652636,first physical ID,0.5445462322621852
1024,24,fixed_coarse,0,2,regional,282.3489990234375,261.8298337208504,108.77815890014188,206.27701395044386,observed support,275.84223543722703
1024,24,fixed_coarse,0,2,group,12.6899995803833,14.675553640703065,1.7877965790679025,12.4043506897441,observed support,15.580003883018135
1024,24,fixed_coarse,0,2,household,0.11400000005960464,0.20698201543738878,0.1526349276470897,0.2190652167343575,first physical ID,0.2475080621213733
1024,24,fixed_coarse,0,12,regional,364.51898193359375,354.4419652479427,574.7346520507695,300.53537199280913,observed support,379.5453702294129
1024,24,fixed_coarse,0,12,group,16.117000579833984,20.587169105376887,3.667128588211731,17.558009362334943,observed support,22.12738765492811
1024,24,fixed_coarse,0,12,household,0.34700000286102295,0.4580279566466515,0.17123697354073114,0.23426086909097174,first physical ID,0.4488395891208571
1024,24,uniform_fine_stream,16,2,regional,282.3489990234375,275.84223543722703,77.9074206507546,206.27701395044386,observed support,275.84223543722703
1024,24,uniform_fine_stream,16,2,group,12.6899995803833,15.580003883018135,1.6234099044641361,12.4043506897441,observed support,15.580003883018135
1024,24,uniform_fine_stream,16,2,household,0.11400000005960464,0.2475080621213733,0.08779600457922285,0.2190652167343575,first physical ID,0.2475080621213733
1024,24,uniform_fine_stream,16,12,regional,364.51898193359375,379.5453702294129,369.66273589583454,300.53537199280913,observed support,379.5453702294129
1024,24,uniform_fine_stream,16,12,group,16.117000579833984,22.12738765492811,2.9667112506728026,17.558009362334943,observed support,22.12738765492811
1024,24,uniform_fine_stream,16,12,household,0.34700000286102295,0.4488395891208571,0.1614854059183265,0.23426086909097174,first physical ID,0.4488395891208571
1024,24,fixed,2,2,regional,282.3489990234375,267.9797254312061,94.1917772266932,206.27701395044386,observed support,275.84223543722703
1024,24,fixed,2,2,group,12.6899995803833,14.980836576658994,1.737137644301729,12.4043506897441,observed support,15.580003883018135
1024,24,fixed,2,2,household,0.11400000005960464,0.39527144528547514,0.13656152752908546,0.2190652167343575,first physical ID,0.2475080621213733
1024,24,fixed,2,12,regional,364.51898193359375,373.28921403580256,442.9293094025354,300.53537199280913,observed support,379.5453702294129
1024,24,fixed,2,12,group,16.117000579833984,21.64572476539829,3.242632228429393,17.558009362334943,observed support,22.12738765492811
1024,24,fixed,2,12,household,0.34700000286102295,0.4852426292658868,0.16588263867154418,0.23426086909097174,first physical ID,0.4488395891208571
1024,24,fixed,4,2,regional,282.3489990234375,267.92108687152,88.25529769853117,206.27701395044386,observed support,275.84223543722703
1024,24,fixed,4,2,group,12.6899995803833,14.896917494493971,1.7151844543383148,12.4043506897441,observed support,15.580003883018135
1024,24,fixed,4,2,household,0.11400000005960464,0.4385064144184141,0.1325602601311599,0.2190652167343575,first physical ID,0.2475080621213733
1024,24,fixed,4,12,regional,364.51898193359375,376.1736398055616,405.92610363591916,300.53537199280913,observed support,379.5453702294129
1024,24,fixed,4,12,group,16.117000579833984,21.755961574309083,3.1263614260095793,17.558009362334943,observed support,22.12738765492811
1024,24,fixed,4,12,household,0.34700000286102295,0.44596030811318726,0.16444044576355804,0.23426086909097174,first physical ID,0.4488395891208571
1024,24,fixed,8,2,regional,282.3489990234375,271.85275864156745,83.39660492658416,206.27701395044386,observed support,275.84223543722703
1024,24,fixed,8,2,group,12.6899995803833,15.132890156935517,1.699196214596159,12.4043506897441,observed support,15.580003883018135
1024,24,fixed,8,2,household,0.11400000005960464,0.4095309146638806,0.12825596154811936,0.2190652167343575,first physical ID,0.2475080621213733
1024,24,fixed,8,12,regional,364.51898193359375,379.0053460408113,387.5529582418559,300.53537199280913,observed support,379.5453702294129
1024,24,fixed,8,12,group,16.117000579833984,22.020141783064634,3.0611472978433003,17.558009362334943,observed support,22.12738765492811
1024,24,fixed,8,12,household,0.34700000286102295,0.41957115408813894,0.1634989801402425,0.23426086909097174,first physical ID,0.4488395891208571
1024,24,random,2,2,regional,282.3489990234375,266.67322815499006,92.57654820797376,206.27701395044386,observed support,275.84223543722703
1024,24,random,2,2,group,12.6899995803833,14.87296960953664,1.728274368544131,12.4043506897441,observed support,15.580003883018135
1024,24,random,2,2,household,0.11400000005960464,0.10150884688154396,0.13517575859016467,0.2190652167343575,first physical ID,0.2475080621213733
1024,24,random,2,12,regional,364.51898193359375,356.14683375443053,451.8745915701553,300.53537199280913,observed support,379.5453702294129
1024,24,random,2,12,group,16.117000579833984,20.75274860024404,3.2752604646288184,17.558009362334943,observed support,22.12738765492811
1024,24,random,2,12,household,0.34700000286102295,0.494221260474745,0.16529126323234977,0.23426086909097174,first physical ID,0.4488395891208571
1024,24,random,4,2,regional,282.3489990234375,270.41725201123853,86.7420862414954,206.27701395044386,observed support,275.84223543722703
1024,24,random,4,2,group,12.6899995803833,15.075382077813043,1.7087697400904014,12.4043506897441,observed support,15.580003883018135
1024,24,random,4,2,household,0.11400000005960464,0.1998552853185076,0.13170496310716734,0.2190652167343575,first physical ID,0.2475080621213733
1024,24,random,4,12,regional,364.51898193359375,374.29829135642274,402.42032304206464,300.53537199280913,observed support,379.5453702294129
1024,24,random,4,12,group,16.117000579833984,21.782710239505477,3.112020600317863,17.558009362334943,observed support,22.12738765492811
1024,24,random,4,12,household,0.34700000286102295,0.4285817182720645,0.16420910505048614,0.23426086909097174,first physical ID,0.4488395891208571
1024,24,random,8,2,regional,282.3489990234375,268.78950424528836,82.39930000396316,206.27701395044386,observed support,275.84223543722703
1024,24,random,8,2,group,12.6899995803833,14.949066569374903,1.6956672767096055,12.4043506897441,observed support,15.580003883018135
1024,24,random,8,2,household,0.11400000005960464,0.2568180301897983,0.12782647170376835,0.2190652167343575,first physical ID,0.2475080621213733
1024,24,random,8,12,regional,364.51898193359375,376.4962075246416,386.24364772865,300.53537199280913,observed support,379.5453702294129
1024,24,random,8,12,group,16.117000579833984,21.929729396506517,3.0561138117318807,17.558009362334943,observed support,22.12738765492811
1024,24,random,8,12,household,0.34700000286102295,0.3764206605384748,0.16328798080324328,0.23426086909097174,first physical ID,0.4488395891208571
1024,24,uncertainty,2,2,regional,282.3489990234375,268.30469252076074,95.34893469972991,206.27701395044386,observed support,275.84223543722703
1024,24,uncertainty,2,2,group,12.6899995803833,15.107375354368639,1.7386169712646056,12.4043506897441,observed support,15.580003883018135
1024,24,uncertainty,2,2,household,0.11400000005960464,0.2818224927935409,0.14059264171473493,0.2190652167343575,first physical ID,0.2475080621213733
1024,24,uncertainty,2,12,regional,364.51898193359375,359.56497939456654,447.8455601997478,300.53537199280913,observed support,379.5453702294129
1024,24,uncertainty,2,12,group,16.117000579833984,20.97853108484097,3.2638391191381,17.558009362334943,observed support,22.12738765492811
1024,24,uncertainty,2,12,household,0.34700000286102295,0.5501226840930131,0.1656087633037493,0.23426086909097174,first physical ID,0.4488395891208571
1024,24,uncertainty,4,2,regional,282.3489990234375,281.06495916124436,88.35134509549869,206.27701395044386,observed support,275.84223543722703
1024,24,uncertainty,4,2,group,12.6899995803833,15.852946440500839,1.7141437428418396,12.4043506897441,observed support,15.580003883018135
1024,24,uncertainty,4,2,household,0.11400000005960464,-0.07933285192657563,0.1322092654100302,0.2190652167343575,first physical ID,0.2475080621213733
1024,24,uncertainty,4,12,regional,364.51898193359375,370.6395155909258,418.3652950738908,300.53537199280913,observed support,379.5453702294129
1024,24,uncertainty,4,12,group,16.117000579833984,21.819999695175923,3.1598299845863735,17.558009362334943,observed support,22.12738765492811
1024,24,uncertainty,4,12,household,0.34700000286102295,0.5637786579266537,0.1643279857581164,0.23426086909097174,first physical ID,0.4488395891208571
1024,24,uncertainty,8,2,regional,282.3489990234375,281.0339260647397,82.86203022083174,206.27701395044386,observed support,275.84223543722703
1024,24,uncertainty,8,2,group,12.6899995803833,15.700806180166337,1.6971131680736617,12.4043506897441,observed support,15.580003883018135
1024,24,uncertainty,8,2,household,0.11400000005960464,0.1695345261919466,0.12767062020745654,0.2190652167343575,first physical ID,0.2475080621213733
1024,24,uncertainty,8,12,regional,364.51898193359375,376.3704281747173,386.2122957324361,300.53537199280913,observed support,379.5453702294129
1024,24,uncertainty,8,12,group,16.117000579833984,22.004730408334865,3.0548570248247193,17.558009362334943,observed support,22.12738765492811
1024,24,uncertainty,8,12,household,0.34700000286102295,0.5181211737376681,0.16343322271026905,0.23426086909097174,first physical ID,0.4488395891208571
1024,25,fixed_coarse,0,2,regional,259.7300109863281,261.2070676898295,109.04186360995797,196.92138022882983,observed support,254.5500822878957
1024,25,fixed_coarse,0,2,group,17.499000549316406,14.368560970309899,1.8076393005118188,11.743458464063158,observed support,13.435283472194184
1024,25,fixed_coarse,0,2,household,0.21699999272823334,0.1988589270669563,0.15262572262487675,0.212199999888738,first physical ID,0.3466741942430884
1024,25,fixed_coarse,0,12,regional,239.260009765625,261.53326837350687,575.578984698105,189.73564148790072,observed support,265.2422500415565
1024,25,fixed_coarse,0,12,group,13.235000610351562,15.76342166861292,3.72437933308239,11.82360120957073,observed support,15.734982320896286
1024,25,fixed_coarse,0,12,household,0.08299999684095383,0.3769921624245556,0.17122280877930193,0.129911111212439,first physical ID,0.31528892418795706
1024,25,uniform_fine_stream,16,2,regional,259.7300109863281,254.5500822878957,77.93282972958983,196.92138022882983,observed support,254.5500822878957
1024,25,uniform_fine_stream,16,2,group,17.499000549316406,13.435283472194184,1.6359576806131209,11.743458464063158,observed support,13.435283472194184
1024,25,uniform_fine_stream,16,2,household,0.21699999272823334,0.3466741942430884,0.08779296063963239,0.212199999888738,first physical ID,0.3466741942430884
1024,25,uniform_fine_stream,16,12,regional,239.260009765625,265.2422500415565,370.1749686553747,189.73564148790072,observed support,265.2422500415565
1024,25,uniform_fine_stream,16,12,group,13.235000610351562,15.734982320896286,3.008139789126749,11.82360120957073,observed support,15.734982320896286
1024,25,uniform_fine_stream,16,12,household,0.08299999684095383,0.31528892418795706,0.16148532907803248,0.129911111212439,first physical ID,0.31528892418795706
1024,25,fixed,2,2,regional,259.7300109863281,258.8371507037277,93.58561659307483,196.92138022882983,observed support,254.5500822878957
1024,25,fixed,2,2,group,17.499000549316406,14.041370010352292,1.7541776465716699,11.743458464063158,observed support,13.435283472194184
1024,25,fixed,2,2,household,0.21699999272823334,0.3758817101896443,0.135458490655929,0.212199999888738,first physical ID,0.3466741942430884
1024,25,fixed,2,12,regional,239.260009765625,249.9286960746411,425.3382567464754,189.73564148790072,observed support,265.2422500415565
1024,25,fixed,2,12,group,13.235000610351562,14.916502475075546,3.2395355579572147,11.82360120957073,observed support,15.734982320896286
1024,25,fixed,2,12,household,0.08299999684095383,0.47410865076382347,0.16608181574184383,0.129911111212439,first physical ID,0.31528892418795706
1024,25,fixed,4,2,regional,259.7300109863281,263.3260627007746,88.94902546592647,196.92138022882983,observed support,254.5500822878957
1024,25,fixed,4,2,group,17.499000549316406,14.287250631242607,1.733243855550709,11.743458464063158,observed support,13.435283472194184
1024,25,fixed,4,2,household,0.21699999272823334,0.4158153785321374,0.1324079425343181,0.212199999888738,first physical ID,0.3466741942430884
1024,25,fixed,4,12,regional,239.260009765625,264.09795109524583,409.13025678298504,189.73564148790072,observed support,265.2422500415565
1024,25,fixed,4,12,group,13.235000610351562,15.803637390582853,3.181197010977008,11.82360120957073,observed support,15.734982320896286
1024,25,fixed,4,12,household,0.08299999684095383,0.4522442502472558,0.16453491291262418,0.129911111212439,first physical ID,0.31528892418795706
1024,25,fixed,8,2,regional,259.7300109863281,262.28512753138006,83.35744295186814,196.92138022882983,observed support,254.5500822878957
1024,25,fixed,8,2,group,17.499000549316406,13.921602083367382,1.6536802420111725,11.743458464063158,observed support,13.435283472194184
1024,25,fixed,8,2,household,0.21699999272823334,0.32924330542351105,0.08869660191693995,0.212199999888738,first physical ID,0.3466741942430884
1024,25,fixed,8,12,regional,239.260009765625,267.05756670201697,388.2948298223938,189.73564148790072,observed support,265.2422500415565
1024,25,fixed,8,12,group,13.235000610351562,15.861420794988916,3.0682084073386617,11.82360120957073,observed support,15.734982320896286
1024,25,fixed,8,12,household,0.08299999684095383,0.3617269493616666,0.16249654414740577,0.129911111212439,first physical ID,0.31528892418795706
1024,25,random,2,2,regional,259.7300109863281,258.82235804201633,96.36554510112438,196.92138022882983,observed support,254.5500822878957
1024,25,random,2,2,group,17.499000549316406,14.117751133278157,1.7585855139360347,11.743458464063158,observed support,13.435283472194184
1024,25,random,2,2,household,0.21699999272823334,0.4066658337177632,0.1399309483769168,0.212199999888738,first physical ID,0.3466741942430884
1024,25,random,2,12,regional,239.260009765625,266.4376054730848,463.41750326341673,189.73564148790072,observed support,265.2422500415565
1024,25,random,2,12,group,13.235000610351562,16.05369048131776,3.360442180821197,11.82360120957073,observed support,15.734982320896286
1024,25,random,2,12,household,0.08299999684095383,0.4123065348456403,0.16570531591811233,0.129911111212439,first physical ID,0.31528892418795706
1024,25,random,4,2,regional,259.7300109863281,262.95717856015995,88.55130823709555,196.92138022882983,observed support,254.5500822878957
1024,25,random,4,2,group,17.499000549316406,14.011615427372016,1.67077945447409,11.743458464063158,observed support,13.435283472194184
1024,25,random,4,2,household,0.21699999272823334,0.2572182525195166,0.08963230295873685,0.212199999888738,first physical ID,0.3466741942430884
1024,25,random,4,12,regional,239.260009765625,278.9972271025333,417.2436890148064,189.73564148790072,observed support,265.2422500415565
1024,25,random,4,12,group,13.235000610351562,16.63947778707645,3.1615070661850178,11.82360120957073,observed support,15.734982320896286
1024,25,random,4,12,household,0.08299999684095383,0.35633197820198703,0.16360190183685125,0.129911111212439,first physical ID,0.31528892418795706
1024,25,random,8,2,regional,259.7300109863281,257.66526699711306,83.42388163303644,196.92138022882983,observed support,254.5500822878957
1024,25,random,8,2,group,17.499000549316406,13.743328632625337,1.654197654876179,11.743458464063158,observed support,13.435283472194184
1024,25,random,8,2,household,0.21699999272823334,0.3142435236782245,0.08866870895666636,0.212199999888738,first physical ID,0.3466741942430884
1024,25,random,8,12,regional,239.260009765625,269.6019506486921,393.4269943566858,189.73564148790072,observed support,265.2422500415565
1024,25,random,8,12,group,13.235000610351562,16.121381697691,3.0850838549944006,11.82360120957073,observed support,15.734982320896286
1024,25,random,8,12,household,0.08299999684095383,0.31447654151793203,0.16254520354676283,0.129911111212439,first physical ID,0.31528892418795706
1024,25,uncertainty,2,2,regional,259.7300109863281,254.12370540719047,95.51745178871558,196.92138022882983,observed support,254.5500822878957
1024,25,uncertainty,2,2,group,17.499000549316406,14.032792772053579,1.7555313338162066,11.743458464063158,observed support,13.435283472194184
1024,25,uncertainty,2,2,household,0.21699999272823334,0.3822608104340173,0.14057864381853502,0.212199999888738,first physical ID,0.3466741942430884
1024,25,uncertainty,2,12,regional,239.260009765625,260.1806984731385,448.47676615143445,189.73564148790072,observed support,265.2422500415565
1024,25,uncertainty,2,12,group,13.235000610351562,15.822639477536377,3.3116992833098156,11.82360120957073,observed support,15.734982320896286
1024,25,uncertainty,2,12,household,0.08299999684095383,0.3884546462894708,0.16561270527387484,0.129911111212439,first physical ID,0.31528892418795706
1024,25,uncertainty,4,2,regional,259.7300109863281,247.15453315135295,88.47909139482147,196.92138022882983,observed support,254.5500822878957
1024,25,uncertainty,4,2,group,17.499000549316406,13.515009990855013,1.729733783873044,11.743458464063158,observed support,13.435283472194184
1024,25,uncertainty,4,2,household,0.21699999272823334,0.3015524030001932,0.13220538489163575,0.212199999888738,first physical ID,0.3466741942430884
1024,25,uncertainty,4,12,regional,239.260009765625,254.6832167434887,418.9448560110364,189.73564148790072,observed support,265.2422500415565
1024,25,uncertainty,4,12,group,13.235000610351562,15.389762368296651,3.2050885235950486,11.82360120957073,observed support,15.734982320896286
1024,25,uncertainty,4,12,household,0.08299999684095383,0.3408257240781619,0.1643299095392603,0.129911111212439,first physical ID,0.31528892418795706
1024,25,uncertainty,8,2,regional,259.7300109863281,250.1999216897022,82.96002336872647,196.92138022882983,observed support,254.5500822878957
1024,25,uncertainty,8,2,group,17.499000549316406,13.531923584967913,1.7118332215602934,11.743458464063158,observed support,13.435283472194184
1024,25,uncertainty,8,2,household,0.21699999272823334,0.4262262236652822,0.12766571560447856,0.212199999888738,first physical ID,0.3466741942430884
1024,25,uncertainty,8,12,regional,239.260009765625,250.0069155513814,386.75094873433204,189.73564148790072,observed support,265.2422500415565
1024,25,uncertainty,8,12,group,13.235000610351562,14.927499844910791,3.0978641471071913,11.82360120957073,observed support,15.734982320896286
1024,25,uncertainty,8,12,household,0.08299999684095383,0.35347000595979955,0.1634349925405741,0.129911111212439,first physical ID,0.31528892418795706
1024,26,fixed_coarse,0,2,regional,168.13699340820312,177.40626303219358,108.75109257649322,150.87839013872255,observed support,175.02750243540933
1024,26,fixed_coarse,0,2,group,10.302998542785645,11.803518583912004,1.8075330503112026,10.361525272335346,observed support,12.01379326796859
1024,26,fixed_coarse,0,2,household,1.8329999446868896,1.161849733881072,0.1526297966672533,0.6229777794745234,first physical ID,1.887673962510692
1024,26,fixed_coarse,0,12,regional,224.56201171875,243.83629790635123,573.7658080060986,193.9589609806833,observed support,237.35733171459424
1024,26,fixed_coarse,0,12,group,12.403999328613281,14.163869061277891,3.724542807300046,11.607026018625644,observed support,13.848378738393937
1024,26,fixed_coarse,0,12,household,0.09300000220537186,0.3413707075275412,0.17123490486720622,0.17564444343249003,first physical ID,0.4541841293277289
1024,26,uniform_fine_stream,16,2,regional,168.13699340820312,175.02750243540933,77.74793705751537,150.87839013872255,observed support,175.02750243540933
1024,26,uniform_fine_stream,16,2,group,10.302998542785645,12.01379326796859,1.6359994934922262,10.361525272335346,observed support,12.01379326796859
1024,26,uniform_fine_stream,16,2,household,1.8329999446868896,1.887673962510692,0.08779467334973515,0.6229777794745234,first physical ID,1.887673962510692
1024,26,uniform_fine_stream,16,12,regional,224.56201171875,237.35733171459424,369.0030145745526,193.9589609806833,observed support,237.35733171459424
1024,26,uniform_fine_stream,16,12,group,12.403999328613281,13.848378738393937,3.0081876668486016,11.607026018625644,observed support,13.848378738393937
1024,26,uniform_fine_stream,16,12,household,0.09300000220537186,0.4541841293277289,0.1614893265576285,0.17564444343249003,first physical ID,0.4541841293277289
1024,26,fixed,2,2,regional,168.13699340820312,178.1745833543306,93.10295210679536,150.87839013872255,observed support,175.02750243540933
1024,26,fixed,2,2,group,10.302998542785645,11.78721708033466,1.7480259231634714,10.361525272335346,observed support,12.01379326796859
1024,26,fixed,2,2,household,1.8329999446868896,1.198574756966825,0.1393806324139808,0.6229777794745234,first physical ID,1.887673962510692
1024,26,fixed,2,12,regional,224.56201171875,244.61800774873043,427.25602045012073,193.9589609806833,observed support,237.35733171459424
1024,26,fixed,2,12,group,12.403999328613281,14.140487624122981,3.2536904297142613,11.607026018625644,observed support,13.848378738393937
1024,26,fixed,2,12,household,0.09300000220537186,0.3811700415825766,0.16564895549422326,0.17564444343249003,first physical ID,0.4541841293277289
1024,26,fixed,4,2,regional,168.13699340820312,178.67536754639042,88.91263003866437,150.87839013872255,observed support,175.02750243540933
1024,26,fixed,4,2,group,10.302998542785645,11.742495957634095,1.7318515415350988,10.361525272335346,observed support,12.01379326796859
1024,26,fixed,4,2,household,1.8329999446868896,1.129888434309747,0.13502256131093315,0.6229777794745234,first physical ID,1.887673962510692
1024,26,fixed,4,12,regional,224.56201171875,239.34027613256336,406.5640910232527,193.9589609806833,observed support,237.35733171459424
1024,26,fixed,4,12,group,12.403999328613281,13.817372013070564,3.179070223096974,11.607026018625644,observed support,13.848378738393937
1024,26,fixed,4,12,household,0.09300000220537186,0.3662396024065888,0.1644519180368086,0.17564444343249003,first physical ID,0.4541841293277289
1024,26,fixed,8,2,regional,168.13699340820312,174.31498266466286,82.5578491678983,150.87839013872255,observed support,175.02750243540933
1024,26,fixed,8,2,group,10.302998542785645,11.93862600250335,1.6509251773628464,10.361525272335346,observed support,12.01379326796859
1024,26,fixed,8,2,household,1.8329999446868896,1.8774876267534641,0.08867965221321114,0.6229777794745234,first physical ID,1.887673962510692
1024,26,fixed,8,12,regional,224.56201171875,239.59477807314317,387.28723285375145,193.9589609806833,observed support,237.35733171459424
1024,26,fixed,8,12,group,12.403999328613281,13.91527504327866,3.0695144920216704,11.607026018625644,observed support,13.848378738393937
1024,26,fixed,8,12,household,0.09300000220537186,0.4247009344710299,0.16240987667274298,0.17564444343249003,first physical ID,0.4541841293277289
1024,26,random,2,2,regional,168.13699340820312,178.1745833543306,93.10295210679536,150.87839013872255,observed support,175.02750243540933
1024,26,random,2,2,group,10.302998542785645,11.78721708033466,1.7480259231634714,10.361525272335346,observed support,12.01379326796859
1024,26,random,2,2,household,1.8329999446868896,1.198574756966825,0.1393806324139808,0.6229777794745234,first physical ID,1.887673962510692
1024,26,random,2,12,regional,224.56201171875,244.61800774873043,427.25602045012073,193.9589609806833,observed support,237.35733171459424
1024,26,random,2,12,group,12.403999328613281,14.140487624122981,3.2536904297142613,11.607026018625644,observed support,13.848378738393937
1024,26,random,2,12,household,0.09300000220537186,0.3811700415825766,0.16564895549422326,0.17564444343249003,first physical ID,0.4541841293277289
1024,26,random,4,2,regional,168.13699340820312,174.3274873379359,87.8611841978443,150.87839013872255,observed support,175.02750243540933
1024,26,random,4,2,group,10.302998542785645,12.033804640937262,1.6693920219353446,10.361525272335346,observed support,12.01379326796859
1024,26,random,4,2,household,1.8329999446868896,1.9261057101647816,0.08968877443011233,0.6229777794745234,first physical ID,1.887673962510692
1024,26,random,4,12,regional,224.56201171875,239.4253644146387,405.78509519068984,193.9589609806833,observed support,237.35733171459424
1024,26,random,4,12,group,12.403999328613281,13.951247794067374,3.1303425648593572,11.607026018625644,observed support,13.848378738393937
1024,26,random,4,12,household,0.09300000220537186,0.48742948857097096,0.16350448056862166,0.17564444343249003,first physical ID,0.4541841293277289
1024,26,random,8,2,regional,168.13699340820312,173.86394687861952,82.79096295432971,150.87839013872255,observed support,175.02750243540933
1024,26,random,8,2,group,10.302998542785645,11.976626092885143,1.6529554756237048,10.361525272335346,observed support,12.01379326796859
1024,26,random,8,2,household,1.8329999446868896,1.9059605056552844,0.08868840138387388,0.6229777794745234,first physical ID,1.887673962510692
1024,26,random,8,12,regional,224.56201171875,237.91115596944314,384.84070223456445,193.9589609806833,observed support,237.35733171459424
1024,26,random,8,12,group,12.403999328613281,13.853595859080102,3.0632033533392695,11.607026018625644,observed support,13.848378738393937
1024,26,random,8,12,household,0.09300000220537186,0.4861592717295951,0.16242837626845186,0.17564444343249003,first physical ID,0.4541841293277289
1024,26,uncertainty,2,2,regional,168.13699340820312,169.72336989214313,95.27255397274051,150.87839013872255,observed support,175.02750243540933
1024,26,uncertainty,2,2,group,10.302998542785645,11.403890662116716,1.7556039962760759,10.361525272335346,observed support,12.01379326796859
1024,26,uncertainty,2,2,household,1.8329999446868896,1.1923523499709376,0.1405963343268906,0.6229777794745234,first physical ID,1.887673962510692
1024,26,uncertainty,2,12,regional,224.56201171875,221.45667637316552,447.18069969010077,193.9589609806833,observed support,237.35733171459424
1024,26,uncertainty,2,12,group,12.403999328613281,12.921758596909832,3.3122389351187946,11.607026018625644,observed support,13.848378738393937
1024,26,uncertainty,2,12,household,0.09300000220537186,0.3562815532947776,0.16563273687989188,0.17564444343249003,first physical ID,0.4541841293277289
1024,26,uncertainty,4,2,regional,168.13699340820312,174.2307682116534,88.31112968989214,150.87839013872255,observed support,175.02750243540933
1024,26,uncertainty,4,2,group,10.302998542785645,11.670287619700789,1.7298641439596634,10.361525272335346,observed support,12.01379326796859
1024,26,uncertainty,4,2,household,1.8329999446868896,1.1524416126911814,0.13220792062896936,0.6229777794745234,first physical ID,1.887673962510692
1024,26,uncertainty,4,12,regional,224.56201171875,235.43709689341486,417.7683013299413,193.9589609806833,observed support,237.35733171459424
1024,26,uncertainty,4,12,group,12.403999328613281,13.780278756385334,3.2056744916277573,11.607026018625644,observed support,13.848378738393937
1024,26,uncertainty,4,12,household,0.09300000220537186,0.3201759269039165,0.16434298049420182,0.17564444343249003,first physical ID,0.4541841293277289
1024,26,uncertainty,8,2,regional,168.13699340820312,174.78179600134325,82.77654619033521,150.87839013872255,observed support,175.02750243540933
1024,26,uncertainty,8,2,group,10.302998542785645,11.612425643191326,1.7119083511696984,10.361525272335346,observed support,12.01379326796859
1024,26,uncertainty,8,2,household,1.8329999446868896,1.2187422268748964,0.12766630901580042,0.6229777794745234,first physical ID,1.887673962510692
1024,26,uncertainty,8,12,regional,224.56201171875,237.18837946530368,385.54951711381705,193.9589609806833,observed support,237.35733171459424
1024,26,uncertainty,8,12,group,12.403999328613281,13.763384342201237,3.098041983363262,11.607026018625644,observed support,13.848378738393937
1024,26,uncertainty,8,12,household,0.09300000220537186,0.3410246202639253,0.16344287405082664,0.17564444343249003,first physical ID,0.4541841293277289
1024,27,fixed_coarse,0,2,regional,146.54100036621094,158.488847113818,108.93881337352734,112.32753753024294,observed support,143.38065785701696
1024,27,fixed_coarse,0,2,group,10.759000778198242,10.797832646931544,1.8077873158881987,8.129724001744206,observed support,9.99278625279038
1024,27,fixed_coarse,0,2,household,2.3610000610351562,1.368656418928375,0.15261749058581375,0.7720444454087152,first physical ID,1.8221661025419955
1024,27,fixed_coarse,0,12,regional,240.80300903320312,265.7155440342094,574.7478731361382,201.5741240630214,observed support,232.68738492206924
1024,27,fixed_coarse,0,12,group,16.036001205444336,16.05568359119481,3.724475707209173,12.446322773199403,observed support,14.023808860283598
1024,27,fixed_coarse,0,12,household,0.4180000126361847,0.5046872652743294,0.17122259830264908,0.23975555524230002,first physical ID,0.5649969514366907
1024,27,uniform_fine_stream,16,2,regional,146.54100036621094,143.38065785701696,77.83848569732923,112.32753753024294,observed support,143.38065785701696
1024,27,uniform_fine_stream,16,2,group,10.759000778198242,9.99278625279038,1.6359957048096345,8.129724001744206,observed support,9.99278625279038
1024,27,uniform_fine_stream,16,2,household,2.3610000610351562,1.8221661025419955,0.08779392235706927,0.7720444454087152,first physical ID,1.8221661025419955
1024,27,uniform_fine_stream,16,12,regional,240.80300903320312,232.68738492206924,369.64417026745497,201.5741240630214,observed support,232.68738492206924
1024,27,uniform_fine_stream,16,12,group,16.036001205444336,14.023808860283598,3.0081489598232025,12.446322773199403,observed support,14.023808860283598
1024,27,uniform_fine_stream,16,12,household,0.4180000126361847,0.5649969514366907,0.16148844510313481,0.23975555524230002,first physical ID,0.5649969514366907
1024,27,fixed,2,2,regional,146.54100036621094,147.1316823862857,95.19331313266218,112.32753753024294,observed support,143.38065785701696
1024,27,fixed,2,2,group,10.759000778198242,10.237920191465058,1.7534193982910953,8.129724001744206,observed support,9.99278625279038
1024,27,fixed,2,2,household,2.3610000610351562,1.4386167106194672,0.13997864510597274,0.7720444454087152,first physical ID,1.8221661025419955
1024,27,fixed,2,12,regional,240.80300903320312,231.59776804158213,454.09684753909255,201.5741240630214,observed support,232.68738492206924
1024,27,fixed,2,12,group,16.036001205444336,14.166102822306565,3.335490638674201,12.446322773199403,observed support,14.023808860283598
1024,27,fixed,2,12,household,0.4180000126361847,0.5259537133080706,0.16558245265697866,0.23975555524230002,first physical ID,0.5649969514366907
1024,27,fixed,4,2,regional,146.54100036621094,145.97864856758906,89.18329272247534,112.32753753024294,observed support,143.38065785701696
1024,27,fixed,4,2,group,10.759000778198242,10.204179667726283,1.7335919665241,8.129724001744206,observed support,9.99278625279038
1024,27,fixed,4,2,household,2.3610000610351562,1.6115314548028865,0.1332222063186071,0.7720444454087152,first physical ID,1.8221661025419955
1024,27,fixed,4,12,regional,240.80300903320312,233.5377841103836,418.5095860834788,201.5741240630214,observed support,232.68738492206924
1024,27,fixed,4,12,group,16.036001205444336,14.206617483003733,3.2133785549016998,12.446322773199403,observed support,14.023808860283598
1024,27,fixed,4,12,household,0.4180000126361847,0.52994475585704,0.16450720540393765,0.23975555524230002,first physical ID,0.5649969514366907
1024,27,fixed,8,2,regional,146.54100036621094,142.95642157867667,82.95275018988659,112.32753753024294,observed support,143.38065785701696
1024,27,fixed,8,2,group,10.759000778198242,9.896462925700131,1.650812854170883,8.129724001744206,observed support,9.99278625279038
1024,27,fixed,8,2,household,2.3610000610351562,1.7664133432171267,0.08866650075239861,0.7720444454087152,first physical ID,1.8221661025419955
1024,27,fixed,8,12,regional,240.80300903320312,232.60719671105713,391.0078493811435,201.5741240630214,observed support,232.68738492206924
1024,27,fixed,8,12,group,16.036001205444336,14.046387304839126,3.0748726182687776,12.446322773199403,observed support,14.023808860283598
1024,27,fixed,8,12,household,0.4180000126361847,0.4848551025625862,0.162338895752897,0.23975555524230002,first physical ID,0.5649969514366907
1024,27,random,2,2,regional,146.54100036621094,149.75723018104327,93.34779441453517,112.32753753024294,observed support,143.38065785701696
1024,27,random,2,2,group,10.759000778198242,10.414835979184028,1.750569100047978,8.129724001744206,observed support,9.99278625279038
1024,27,random,2,2,household,2.3610000610351562,1.7853678405880125,0.13684891348425884,0.7720444454087152,first physical ID,1.8221661025419955
1024,27,random,2,12,regional,240.80300903320312,252.5604664469036,458.2541394442077,201.5741240630214,observed support,232.68738492206924
1024,27,random,2,12,group,16.036001205444336,15.200341456624969,3.336018276382776,12.446322773199403,observed support,14.023808860283598
1024,27,random,2,12,household,0.4180000126361847,0.5440327734876875,0.16621601029279157,0.23975555524230002,first physical ID,0.5649969514366907
1024,27,random,4,2,regional,146.54100036621094,146.5655964896038,87.15365598295608,112.32753753024294,observed support,143.38065785701696
1024,27,random,4,2,group,10.759000778198242,10.252996808745555,1.7269125611376965,8.129724001744206,observed support,9.99278625279038
1024,27,random,4,2,household,2.3610000610351562,1.852614351299147,0.13109623040298,0.7720444454087152,first physical ID,1.8221661025419955
1024,27,random,4,12,regional,240.80300903320312,244.6271583708275,417.04011619532713,201.5741240630214,observed support,232.68738492206924
1024,27,random,4,12,group,16.036001205444336,14.753971818168198,3.2006970620512933,12.446322773199403,observed support,14.023808860283598
1024,27,random,4,12,household,0.4180000126361847,0.5172082699167674,0.1644913604150952,0.23975555524230002,first physical ID,0.5649969514366907
1024,27,random,8,2,regional,146.54100036621094,147.23642219378513,82.6260414157697,112.32753753024294,observed support,143.38065785701696
1024,27,random,8,2,group,10.759000778198242,10.370197732039882,1.7107816522763137,8.129724001744206,observed support,9.99278625279038
1024,27,random,8,2,household,2.3610000610351562,1.918408028359615,0.127513269424671,0.7720444454087152,first physical ID,1.8221661025419955
1024,27,random,8,12,regional,240.80300903320312,238.69227168086246,389.55986368594597,201.5741240630214,observed support,232.68738492206924
1024,27,random,8,12,group,16.036001205444336,14.455055911635657,3.104238988992398,12.446322773199403,observed support,14.023808860283598
1024,27,random,8,12,household,0.4180000126361847,0.5816564647078308,0.16341952560891537,0.23975555524230002,first physical ID,0.5649969514366907
1024,27,uncertainty,2,2,regional,146.54100036621094,150.39927745524693,95.43097513318642,112.32753753024294,observed support,143.38065785701696
1024,27,uncertainty,2,2,group,10.759000778198242,10.591047095718677,1.7557209462972594,8.129724001744206,observed support,9.99278625279038
1024,27,uncertainty,2,2,household,2.3610000610351562,1.5869943986993873,0.14059625324120803,0.7720444454087152,first physical ID,1.8221661025419955
1024,27,uncertainty,2,12,regional,240.80300903320312,230.86906812002997,448.0230321273166,201.5741240630214,observed support,232.68738492206924
1024,27,uncertainty,2,12,group,16.036001205444336,14.163496065267934,3.312281509709036,12.446322773199403,observed support,14.023808860283598
1024,27,uncertainty,2,12,household,0.4180000126361847,0.6515093995165356,0.16563000463161767,0.23975555524230002,first physical ID,0.5649969514366907
1024,27,uncertainty,4,2,regional,146.54100036621094,146.26912598229097,88.38355374048064,112.32753753024294,observed support,143.38065785701696
1024,27,uncertainty,4,2,group,10.759000778198242,10.433621399327926,1.7298142280788924,8.129724001744206,observed support,9.99278625279038
1024,27,uncertainty,4,2,household,2.3610000610351562,1.880826954814554,0.13220808195214548,0.7720444454087152,first physical ID,1.8221661025419955
1024,27,uncertainty,4,12,regional,240.80300903320312,236.94268100617688,418.4276368560196,201.5741240630214,observed support,232.68738492206924
1024,27,uncertainty,4,12,group,16.036001205444336,14.432160438342475,3.2053376574926826,12.446322773199403,observed support,14.023808860283598
1024,27,uncertainty,4,12,household,0.4180000126361847,0.597409164894814,0.1643391682467772,0.23975555524230002,first physical ID,0.5649969514366907
1024,27,uncertainty,8,2,regional,146.54100036621094,146.14675692941142,82.86518005674242,112.32753753024294,observed support,143.38065785701696
1024,27,uncertainty,8,2,group,10.759000778198242,10.310815238610731,1.7118895713009572,8.129724001744206,observed support,9.99278625279038
1024,27,uncertainty,8,2,household,2.3610000610351562,1.8864391197468624,0.1276662977563415,0.7720444454087152,first physical ID,1.8221661025419955
1024,27,uncertainty,8,12,regional,240.80300903320312,231.57551287989503,386.2085843528769,201.5741240630214,observed support,232.68738492206924
1024,27,uncertainty,8,12,group,16.036001205444336,14.028784952009364,3.097914284811748,12.446322773199403,observed support,14.023808860283598
1024,27,uncertainty,8,12,household,0.4180000126361847,0.6212145513582888,0.16344100352090796,0.23975555524230002,first physical ID,0.5649969514366907
1024,28,fixed_coarse,0,2,regional,268.2149963378906,277.4610325406605,108.92805335466632,198.91377406792427,observed support,265.89794482229854
1024,28,fixed_coarse,0,2,group,14.987998962402344,14.58692439720814,1.8077510596951971,11.448522004892563,observed support,13.967665305706296
1024,28,fixed_coarse,0,2,household,0.2409999966621399,0.29150815276998443,0.15261268329743508,0.13693333342671393,first physical ID,0.45885575635408804
1024,28,fixed_coarse,0,12,regional,124.29700469970703,185.33810627174861,572.189237803788,106.69869405661838,observed support,140.4758820542272
1024,28,fixed_coarse,0,12,group,9.701000213623047,11.662577963621473,3.724029989567341,7.3381184457980515,observed support,8.973122544067127
1024,28,fixed_coarse,0,12,household,2.568000078201294,1.0077326911645808,0.1712211853284003,0.6567777716451221,first physical ID,1.2567560887803026
1024,28,uniform_fine_stream,16,2,regional,268.2149963378906,265.89794482229854,77.83844777393172,198.91377406792427,observed support,265.89794482229854
1024,28,uniform_fine_stream,16,2,group,14.987998962402344,13.967665305706296,1.635995691859349,11.448522004892563,observed support,13.967665305706296
1024,28,uniform_fine_stream,16,2,household,0.2409999966621399,0.45885575635408804,0.08779387783338978,0.13693333342671393,first physical ID,0.45885575635408804
1024,28,uniform_fine_stream,16,12,regional,124.29700469970703,140.4758820542272,368.0308785591961,106.69869405661838,observed support,140.4758820542272
1024,28,uniform_fine_stream,16,12,group,9.701000213623047,8.973122544067127,3.008145587802229,7.3381184457980515,observed support,8.973122544067127
1024,28,uniform_fine_stream,16,12,household,2.568000078201294,1.2567560887803026,0.1614883463404615,0.6567777716451221,first physical ID,1.2567560887803026
1024,28,fixed,2,2,regional,268.2149963378906,261.8020534383419,95.0369054173638,198.91377406792427,observed support,265.89794482229854
1024,28,fixed,2,2,group,14.987998962402344,13.79748323688583,1.7553114502341687,11.448522004892563,observed support,13.967665305706296
1024,28,fixed,2,2,household,0.2409999966621399,0.3706656055732866,0.1398824894115322,0.13693333342671393,first physical ID,0.45885575635408804
1024,28,fixed,2,12,regional,124.29700469970703,123.72650122338004,442.2390250699847,106.69869405661838,observed support,140.4758820542272
1024,28,fixed,2,12,group,9.701000213623047,8.119826345687061,3.3016742682009874,7.3381184457980515,observed support,8.973122544067127
1024,28,fixed,2,12,household,2.568000078201294,1.308115291387066,0.16573202757453115,0.6567777716451221,first physical ID,1.2567560887803026
1024,28,fixed,4,2,regional,268.2149963378906,258.83286783269364,89.4080467816539,198.91377406792427,observed support,265.89794482229854
1024,28,fixed,4,2,group,14.987998962402344,13.657365382631358,1.735991446899697,11.448522004892563,observed support,13.967665305706296
1024,28,fixed,4,2,household,0.2409999966621399,0.35972208275243855,0.13289952942053024,0.13693333342671393,first physical ID,0.45885575635408804
1024,28,fixed,4,12,regional,124.29700469970703,122.3369005971437,416.2531398737046,106.69869405661838,observed support,140.4758820542272
1024,28,fixed,4,12,group,9.701000213623047,8.05298332971681,3.2075843806482944,7.3381184457980515,observed support,8.973122544067127
1024,28,fixed,4,12,household,2.568000078201294,1.221614395180973,0.1648156211247353,0.6567777716451221,first physical ID,1.2567560887803026
1024,28,fixed,8,2,regional,268.2149963378906,259.67989031067646,83.23248290638867,198.91377406792427,observed support,265.89794482229854
1024,28,fixed,8,2,group,14.987998962402344,13.673069866940196,1.6523454937375481,11.448522004892563,observed support,13.967665305706296
1024,28,fixed,8,2,household,0.2409999966621399,0.43053575221832513,0.08863780645644999,0.13693333342671393,first physical ID,0.45885575635408804
1024,28,fixed,8,12,regional,124.29700469970703,125.56574192573466,388.9764386861542,106.69869405661838,observed support,140.4758820542272
1024,28,fixed,8,12,group,9.701000213623047,8.166965434495415,3.0730395363376353,7.3381184457980515,observed support,8.973122544067127
1024,28,fixed,8,12,household,2.568000078201294,1.255240138916498,0.16235351037206228,0.6567777716451221,first physical ID,1.2567560887803026
1024,28,random,2,2,regional,268.2149963378906,270.0604988809807,92.58910313858723,198.91377406792427,observed support,265.89794482229854
1024,28,random,2,2,group,14.987998962402344,14.228309411247732,1.7532251910808252,11.448522004892563,observed support,13.967665305706296
1024,28,random,2,2,household,0.2409999966621399,0.2943431613323321,0.13368458237136188,0.13693333342671393,first physical ID,0.45885575635408804
1024,28,random,2,12,regional,124.29700469970703,157.4464580973024,430.67229155844086,106.69869405661838,observed support,140.4758820542272
1024,28,random,2,12,group,9.701000213623047,10.084004336055155,3.263476065593095,7.3381184457980515,observed support,8.973122544067127
1024,28,random,2,12,household,2.568000078201294,1.1275372302452658,0.16630527800579542,0.6567777716451221,first physical ID,1.2567560887803026
1024,28,random,4,2,regional,268.2149963378906,265.7645554233533,87.276369032848,198.91377406792427,observed support,265.89794482229854
1024,28,random,4,2,group,14.987998962402344,13.96456212784913,1.729421416233268,11.448522004892563,observed support,13.967665305706296
1024,28,random,4,2,household,0.2409999966621399,0.34192931188347864,0.1308476789479697,0.13693333342671393,first physical ID,0.45885575635408804
1024,28,random,4,12,regional,124.29700469970703,137.73308383799124,400.18177276457885,106.69869405661838,observed support,140.4758820542272
1024,28,random,4,12,group,9.701000213623047,8.912001174378203,3.1522420071838035,7.3381184457980515,observed support,8.973122544067127
1024,28,random,4,12,household,2.568000078201294,1.1997449815919103,0.16466995400488438,0.6567777716451221,first physical ID,1.2567560887803026
1024,28,random,8,2,regional,268.2149963378906,263.18631758186336,82.10708119831794,198.91377406792427,observed support,265.89794482229854
1024,28,random,8,2,group,14.987998962402344,13.80399287659797,1.6502103662278162,11.448522004892563,observed support,13.967665305706296
1024,28,random,8,2,household,0.2409999966621399,0.4532894957299188,0.08848120675761906,0.13693333342671393,first physical ID,0.45885575635408804
1024,28,random,8,12,regional,124.29700469970703,134.32810986329974,379.03166899548404,106.69869405661838,observed support,140.4758820542272
1024,28,random,8,12,group,9.701000213623047,8.607204727007295,3.045260633276329,7.3381184457980515,observed support,8.973122544067127
1024,28,random,8,12,household,2.568000078201294,1.253997400383914,0.16232067966645425,0.6567777716451221,first physical ID,1.2567560887803026
1024,28,uncertainty,2,2,regional,268.2149963378906,263.8478781662092,95.42992309163617,198.91377406792427,observed support,265.89794482229854
1024,28,uncertainty,2,2,group,14.987998962402344,14.120226871275399,1.7557179464764148,11.448522004892563,observed support,13.967665305706296
1024,28,uncertainty,2,2,household,0.2409999966621399,0.672495144620249,0.140595468497995,0.13693333342671393,first physical ID,0.45885575635408804
1024,28,uncertainty,2,12,regional,124.29700469970703,144.64305684745338,446.0262957519553,106.69869405661838,observed support,140.4758820542272
1024,28,uncertainty,2,12,group,9.701000213623047,9.361829865941239,3.3122153840031285,7.3381184457980515,observed support,8.973122544067127
1024,28,uncertainty,2,12,household,2.568000078201294,1.2770979034854746,0.16562960787726555,0.6567777716451221,first physical ID,1.2567560887803026
1024,28,uncertainty,4,2,regional,268.2149963378906,265.91675706012757,88.38299086629411,198.91377406792427,observed support,265.89794482229854
1024,28,uncertainty,4,2,group,14.987998962402344,14.249589062422418,1.7298127654577504,11.448522004892563,observed support,13.967665305706296
1024,28,uncertainty,4,2,household,0.2409999966621399,0.36294843192531434,0.1322075973564039,0.13693333342671393,first physical ID,0.45885575635408804
1024,28,uncertainty,4,12,regional,124.29700469970703,147.80163026641023,416.59049896669444,106.69869405661838,observed support,140.4758820542272
1024,28,uncertainty,4,12,group,9.701000213623047,9.6727005830556,3.205280247809524,7.3381184457980515,observed support,8.973122544067127
1024,28,uncertainty,4,12,household,2.568000078201294,1.2066680922539867,0.16433813641303274,0.6567777716451221,first physical ID,1.2567560887803026
1024,28,uncertainty,8,2,regional,268.2149963378906,262.3753056059484,82.86512693267284,198.91377406792427,observed support,265.89794482229854
1024,28,uncertainty,8,2,group,14.987998962402344,13.907587521072264,1.7118893036010325,11.448522004892563,observed support,13.967665305706296
1024,28,uncertainty,8,2,household,0.2409999966621399,0.42539663673318007,0.12766628660532886,0.13693333342671393,first physical ID,0.45885575635408804
1024,28,uncertainty,8,12,regional,124.29700469970703,132.3052888226196,384.52318979419624,106.69869405661838,observed support,140.4758820542272
1024,28,uncertainty,8,12,group,9.701000213623047,8.63464734349315,3.0978990107428066,7.3381184457980515,observed support,8.973122544067127
1024,28,uncertainty,8,12,household,2.568000078201294,1.2363599653481248,0.16344065965077004,0.6567777716451221,first physical ID,1.2567560887803026
1024,29,fixed_coarse,0,2,regional,357.54400634765625,353.3061982239897,108.35051867511622,292.79887437073603,observed support,357.28247729355564
1024,29,fixed_coarse,0,2,group,21.112001419067383,21.59750129785927,1.8074660370505626,18.195948180907543,observed support,22.35705936319108
1024,29,fixed_coarse,0,2,household,0.3100000023841858,0.3341630446644867,0.15236439078054284,0.22555555370118882,first physical ID,0.33254079912283674
1024,29,fixed_coarse,0,12,regional,203.86898803710938,217.9766922311367,571.5654341837378,159.58208144827375,observed support,210.89040924815117
1024,29,fixed_coarse,0,12,group,11.254999160766602,14.436867238797836,3.7229763848675734,11.02510415680994,observed support,14.283127642827054
1024,29,fixed_coarse,0,12,household,2.196000099182129,1.9249371498053067,0.17122814279532522,1.7317111076580154,first physical ID,2.0759606035293707
1024,29,uniform_fine_stream,16,2,regional,357.54400634765625,357.28247729355564,77.41682822407455,292.79887437073603,observed support,357.28247729355564
1024,29,uniform_fine_stream,16,2,group,21.112001419067383,22.35705936319108,1.6360075918971397,18.195948180907543,observed support,22.35705936319108
1024,29,uniform_fine_stream,16,2,household,0.3100000023841858,0.33254079912283674,0.0877971080547656,0.22555555370118882,first physical ID,0.33254079912283674
1024,29,uniform_fine_stream,16,12,regional,203.86898803710938,210.89040924815117,367.8319238571423,159.58208144827375,observed support,210.89040924815117
1024,29,uniform_fine_stream,16,12,group,11.254999160766602,14.283127642827054,3.0081900877003758,11.02510415680994,observed support,14.283127642827054
1024,29,uniform_fine_stream,16,12,household,2.196000099182129,2.0759606035293707,0.1614899102172231,1.7317111076580154,first physical ID,2.0759606035293707
1024,29,fixed,2,2,regional,357.54400634765625,354.33215039278394,93.40685595262451,292.79887437073603,observed support,357.28247729355564
1024,29,fixed,2,2,group,21.112001419067383,21.79712135482979,1.75419652109386,18.195948180907543,observed support,22.35705936319108
1024,29,fixed,2,2,household,0.3100000023841858,0.3853983749292867,0.13657984790987301,0.22555555370118882,first physical ID,0.33254079912283674
1024,29,fixed,2,12,regional,203.86898803710938,210.79838862295173,441.2503462028242,159.58208144827375,observed support,210.89040924815117
1024,29,fixed,2,12,group,11.254999160766602,14.097293851918526,3.298678620464157,11.02510415680994,observed support,14.283127642827054
1024,29,fixed,2,12,household,2.196000099182129,2.10074770680549,0.16603320794823279,1.7317111076580154,first physical ID,2.0759606035293707
1024,29,fixed,4,2,regional,357.54400634765625,352.5762164365916,88.19677838275818,292.79887437073603,observed support,357.28247729355564
1024,29,fixed,4,2,group,21.112001419067383,22.04720451497363,1.6716468118090662,18.195948180907543,observed support,22.35705936319108
1024,29,fixed,4,2,household,0.3100000023841858,0.3634377002443814,0.08959514782399412,0.22555555370118882,first physical ID,0.33254079912283674
1024,29,fixed,4,12,regional,203.86898803710938,211.71278911410803,415.354819697943,159.58208144827375,observed support,210.89040924815117
1024,29,fixed,4,12,group,11.254999160766602,14.281556102979666,3.158617552566575,11.02510415680994,observed support,14.283127642827054
1024,29,fixed,4,12,household,2.196000099182129,2.0135635683216973,0.16380021883864615,1.7317111076580154,first physical ID,2.0759606035293707
1024,29,fixed,8,2,regional,357.54400634765625,356.7197330088708,82.84453493631793,292.79887437073603,observed support,357.28247729355564
1024,29,fixed,8,2,group,21.112001419067383,22.257635836453993,1.6519515515238792,18.195948180907543,observed support,22.35705936319108
1024,29,fixed,8,2,household,0.3100000023841858,0.3269341185823054,0.08858057047148464,0.22555555370118882,first physical ID,0.33254079912283674
1024,29,fixed,8,12,regional,203.86898803710938,221.49523302594395,389.867982182251,159.58208144827375,observed support,210.89040924815117
1024,29,fixed,8,12,group,11.254999160766602,14.80835559876223,3.0762702579062964,11.02510415680994,observed support,14.283127642827054
1024,29,fixed,8,12,household,2.196000099182129,2.0270518556550883,0.16233801432796413,1.7317111076580154,first physical ID,2.0759606035293707
1024,29,random,2,2,regional,357.54400634765625,347.80162585804186,93.00234569451797,292.79887437073603,observed support,357.28247729355564
1024,29,random,2,2,group,21.112001419067383,21.21932942827549,1.7495767842831098,18.195948180907543,observed support,22.35705936319108
1024,29,random,2,2,household,0.3100000023841858,0.18995351002439625,0.13500244024567948,0.22555555370118882,first physical ID,0.33254079912283674
1024,29,random,2,12,regional,203.86898803710938,198.50133824800025,455.3184271360857,159.58208144827375,observed support,210.89040924815117
1024,29,random,2,12,group,11.254999160766602,13.209052346268301,3.3362715895450257,11.02510415680994,observed support,14.283127642827054
1024,29,random,2,12,household,2.196000099182129,1.8896142210630185,0.16584099503257343,1.7317111076580154,first physical ID,2.0759606035293707
1024,29,random,4,2,regional,357.54400634765625,352.2033117445785,87.62322526903294,292.79887437073603,observed support,357.28247729355564
1024,29,random,4,2,group,21.112001419067383,21.600027432100777,1.7306249227046433,18.195948180907543,observed support,22.35705936319108
1024,29,random,4,2,household,0.3100000023841858,0.30269722153729417,0.13092507636118195,0.22555555370118882,first physical ID,0.33254079912283674
1024,29,random,4,12,regional,203.86898803710938,208.2238952966247,415.45969094918206,159.58208144827375,observed support,210.89040924815117
1024,29,random,4,12,group,11.254999160766602,13.844224732607715,3.20399892546395,11.02510415680994,observed support,14.283127642827054
1024,29,random,4,12,household,2.196000099182129,2.015516563071626,0.16463185330655333,1.7317111076580154,first physical ID,2.0759606035293707
1024,29,random,8,2,regional,357.54400634765625,353.1060617908148,81.94041093702496,292.79887437073603,observed support,357.28247729355564
1024,29,random,8,2,group,21.112001419067383,22.100885578322085,1.650437382190301,18.195948180907543,observed support,22.35705936319108
1024,29,random,8,2,household,0.3100000023841858,0.3657847140995784,0.08853131571523,0.22555555370118882,first physical ID,0.33254079912283674
1024,29,random,8,12,regional,203.86898803710938,213.6099062200787,383.7685217621366,159.58208144827375,observed support,210.89040924815117
1024,29,random,8,12,group,11.254999160766602,14.377715974593883,3.059928341788232,11.02510415680994,observed support,14.283127642827054
1024,29,random,8,12,household,2.196000099182129,2.044905856417535,0.16238631583345792,1.7317111076580154,first physical ID,2.0759606035293707
1024,29,uncertainty,2,2,regional,357.54400634765625,355.2947392529227,94.93152044479535,292.79887437073603,observed support,357.28247729355564
1024,29,uncertainty,2,2,group,21.112001419067383,21.906165588480206,1.7556007548292605,18.195948180907543,observed support,22.35705936319108
1024,29,uncertainty,2,2,household,0.3100000023841858,0.2893887188982923,0.14050684958798176,0.22555555370118882,first physical ID,0.33254079912283674
1024,29,uncertainty,2,12,regional,203.86898803710938,207.20867112013326,445.711685627916,159.58208144827375,observed support,210.89040924815117
1024,29,uncertainty,2,12,group,11.254999160766602,14.027774451229902,3.3120570730360397,11.02510415680994,observed support,14.283127642827054
1024,29,uncertainty,2,12,household,2.196000099182129,2.014086813291907,0.16563422855841048,1.7317111076580154,first physical ID,2.0759606035293707
1024,29,uncertainty,4,2,regional,357.54400634765625,351.57741488929383,87.92859709735437,292.79887437073603,observed support,357.28247729355564
1024,29,uncertainty,4,2,group,21.112001419067383,21.61941631264753,1.7298330838885652,18.195948180907543,observed support,22.35705936319108
1024,29,uncertainty,4,2,household,0.3100000023841858,0.19208740328685647,0.1322717526385807,0.22555555370118882,first physical ID,0.33254079912283674
1024,29,uncertainty,4,12,regional,203.86898803710938,203.3564207850628,416.35041587911707,159.58208144827375,observed support,210.89040924815117
1024,29,uncertainty,4,12,group,11.254999160766602,13.738268898254521,3.205347689122607,11.02510415680994,observed support,14.283127642827054
1024,29,uncertainty,4,12,household,2.196000099182129,1.9540928137184572,0.1643432227850157,1.7317111076580154,first physical ID,2.0759606035293707
1024,29,uncertainty,8,2,regional,357.54400634765625,354.12101212960664,82.42442816416659,292.79887437073603,observed support,357.28247729355564
1024,29,uncertainty,8,2,group,21.112001419067383,21.734242826452192,1.7119033451675443,18.195948180907543,observed support,22.35705936319108
1024,29,uncertainty,8,2,household,0.3100000023841858,0.23264753039982916,0.12768945931741923,0.22555555370118882,first physical ID,0.33254079912283674
1024,29,uncertainty,8,12,regional,203.86898803710938,204.16017268515836,384.3096152837484,159.58208144827375,observed support,210.89040924815117
1024,29,uncertainty,8,12,group,11.254999160766602,13.675285164398051,3.0979389135945956,11.02510415680994,observed support,14.283127642827054
1024,29,uncertainty,8,12,household,2.196000099182129,2.0195640130370593,0.16344367782644204,1.7317111076580154,first physical ID,2.0759606035293707
1024,30,fixed_coarse,0,2,regional,273.3500061035156,295.04215060983097,108.43269925006344,233.85809927665773,observed support,300.77359410610916
1024,30,fixed_coarse,0,2,group,14.069999694824219,18.729423497355167,1.8074362795134826,13.31524362094453,observed support,18.520172197268195
1024,30,fixed_coarse,0,2,household,0.16699999570846558,0.356006920456288,0.15252491995066156,0.12777777736385662,first physical ID,0.29414485540692104
1024,30,fixed_coarse,0,12,regional,333.052001953125,315.62588865864916,572.2431024617476,273.93022211935505,observed support,322.80482378652846
1024,30,fixed_coarse,0,12,group,21.031999588012695,20.13115215213399,3.7249885204691506,17.09015569484935,observed support,20.391815578518045
1024,30,fixed_coarse,0,12,household,0.2329999953508377,0.5490249280275946,0.1712443196093687,0.20339999952250057,first physical ID,0.5504774710728654
1024,30,uniform_fine_stream,16,2,regional,273.3500061035156,300.77359410610916,77.51288521151974,233.85809927665773,observed support,300.77359410610916
1024,30,uniform_fine_stream,16,2,group,14.069999694824219,18.520172197268195,1.6360070357013832,13.31524362094453,observed support,18.520172197268195
1024,30,uniform_fine_stream,16,2,household,0.16699999570846558,0.29414485540692104,0.08779510930844249,0.12777777736385662,first physical ID,0.29414485540692104
1024,30,uniform_fine_stream,16,12,regional,333.052001953125,322.80482378652846,367.817826352289,273.93022211935505,observed support,322.80482378652846
1024,30,uniform_fine_stream,16,12,group,21.031999588012695,20.391815578518045,3.00815335356156,17.09015569484935,observed support,20.391815578518045
1024,30,uniform_fine_stream,16,12,household,0.2329999953508377,0.5504774710728654,0.16148954390983344,0.20339999952250057,first physical ID,0.5504774710728654
1024,30,fixed,2,2,regional,273.3500061035156,305.5552883235871,95.01172945836771,233.85809927665773,observed support,300.77359410610916
1024,30,fixed,2,2,group,14.069999694824219,19.276610386096525,1.758986767132113,13.31524362094453,observed support,18.520172197268195
1024,30,fixed,2,2,household,0.16699999570846558,0.24896113581894497,0.13646179210563228,0.12777777736385662,first physical ID,0.29414485540692104
1024,30,fixed,2,12,regional,333.052001953125,325.1801558368233,458.73938180938273,273.93022211935505,observed support,322.80482378652846
1024,30,fixed,2,12,group,21.031999588012695,20.817231800238986,3.347880242160352,17.09015569484935,observed support,20.391815578518045
1024,30,fixed,2,12,household,0.2329999953508377,0.5440309396176,0.1664093166800836,0.20339999952250057,first physical ID,0.5504774710728654
1024,30,fixed,4,2,regional,273.3500061035156,298.02353581792363,88.43384245198143,233.85809927665773,observed support,300.77359410610916
1024,30,fixed,4,2,group,14.069999694824219,18.311904273049446,1.6694390499138108,13.31524362094453,observed support,18.520172197268195
1024,30,fixed,4,2,household,0.16699999570846558,0.25563571480324515,0.08963149652670216,0.12777777736385662,first physical ID,0.29414485540692104
1024,30,fixed,4,12,regional,333.052001953125,316.49317057172686,423.0326261539526,273.93022211935505,observed support,322.80482378652846
1024,30,fixed,4,12,group,21.031999588012695,19.943341422845904,3.181119954729558,17.09015569484935,observed support,20.391815578518045
1024,30,fixed,4,12,household,0.2329999953508377,0.4370057729102198,0.16358013500730878,0.20339999952250057,first physical ID,0.5504774710728654
1024,30,fixed,8,2,regional,273.3500061035156,297.29195150578147,83.0323597299388,233.85809927665773,observed support,300.77359410610916
1024,30,fixed,8,2,group,14.069999694824219,18.32201193987578,1.652294263035403,13.31524362094453,observed support,18.520172197268195
1024,30,fixed,8,2,household,0.16699999570846558,0.31227948391982535,0.08863068159644089,0.12777777736385662,first physical ID,0.29414485540692104
1024,30,fixed,8,12,regional,333.052001953125,319.7395827310371,393.81230044942305,273.93022211935505,observed support,322.80482378652846
1024,30,fixed,8,12,group,21.031999588012695,20.170473948009544,3.0889267003318164,17.09015569484935,observed support,20.391815578518045
1024,30,fixed,8,12,household,0.2329999953508377,0.4991976918361949,0.16235698420046346,0.20339999952250057,first physical ID,0.5504774710728654
1024,30,random,2,2,regional,273.3500061035156,299.47233292487084,90.72697497830981,233.85809927665773,observed support,300.77359410610916
1024,30,random,2,2,group,14.069999694824219,19.22135471903064,1.7447321046762867,13.31524362094453,observed support,18.520172197268195
1024,30,random,2,2,household,0.16699999570846558,0.27895314693305384,0.1328360198827249,0.12777777736385662,first physical ID,0.29414485540692104
1024,30,random,2,12,regional,333.052001953125,329.7209563227643,432.8276729024717,273.93022211935505,observed support,322.80482378652846
1024,30,random,2,12,group,21.031999588012695,21.207258482740258,3.2735264727895945,17.09015569484935,observed support,20.391815578518045
1024,30,random,2,12,household,0.2329999953508377,0.43405164748708214,0.16567642568529473,0.20339999952250057,first physical ID,0.5504774710728654
1024,30,random,4,2,regional,273.3500061035156,302.72653440205625,86.29210920807947,233.85809927665773,observed support,300.77359410610916
1024,30,random,4,2,group,14.069999694824219,19.376383301545754,1.7251413562297215,13.31524362094453,observed support,18.520172197268195
1024,30,random,4,2,household,0.16699999570846558,0.2680188073793002,0.13067904333356967,0.12777777736385662,first physical ID,0.29414485540692104
1024,30,random,4,12,regional,333.052001953125,333.91200539742,403.5878674218107,273.93022211935505,observed support,322.80482378652846
1024,30,random,4,12,group,21.031999588012695,21.48121509404413,3.1643377517828153,17.09015569484935,observed support,20.391815578518045
1024,30,random,4,12,household,0.2329999953508377,0.5043171915632286,0.1643350911152122,0.20339999952250057,first physical ID,0.5504774710728654
1024,30,random,8,2,regional,273.3500061035156,300.19638057226234,81.55716424812552,233.85809927665773,observed support,300.77359410610916
1024,30,random,8,2,group,14.069999694824219,18.473494885446414,1.6486642929733952,13.31524362094453,observed support,18.520172197268195
1024,30,random,8,2,household,0.16699999570846558,0.2553384219708381,0.08855053756124166,0.12777777736385662,first physical ID,0.29414485540692104
1024,30,random,8,12,regional,333.052001953125,333.30514482111226,379.22201789896997,273.93022211935505,observed support,322.80482378652846
1024,30,random,8,12,group,21.031999588012695,20.91289808759535,3.045459789423083,17.09015569484935,observed support,20.391815578518045
1024,30,random,8,12,household,0.2329999953508377,0.46658763698666017,0.16232323860849351,0.20339999952250057,first physical ID,0.5504774710728654
1024,30,uncertainty,2,2,regional,273.3500061035156,295.1365079375104,94.99049337507725,233.85809927665773,observed support,300.77359410610916
1024,30,uncertainty,2,2,group,14.069999694824219,18.987305219621362,1.7555562559128388,13.31524362094453,observed support,18.520172197268195
1024,30,uncertainty,2,2,household,0.16699999570846558,0.3789710912108502,0.14056675770277133,0.12777777736385662,first physical ID,0.29414485540692104
1024,30,uncertainty,2,12,regional,333.052001953125,302.88378878195795,445.76941901011196,273.93022211935505,observed support,322.80482378652846
1024,30,uncertainty,2,12,group,21.031999588012695,19.657164041575907,3.312114346130009,17.09015569484935,observed support,20.391815578518045
1024,30,uncertainty,2,12,household,0.2329999953508377,0.6859348190981096,0.16563246812393745,0.20339999952250057,first physical ID,0.5504774710728654
1024,30,uncertainty,4,2,regional,273.3500061035156,299.0447175934406,87.99282339282527,233.85809927665773,observed support,300.77359410610916
1024,30,uncertainty,4,2,group,14.069999694824219,19.14490769140204,1.729729882206715,13.31524362094453,observed support,18.520172197268195
1024,30,uncertainty,4,2,household,0.16699999570846558,0.26274331146789653,0.13219790201421622,0.12777777736385662,first physical ID,0.29414485540692104
1024,30,uncertainty,4,12,regional,333.052001953125,320.7481652155122,416.3306712656925,273.93022211935505,observed support,322.80482378652846
1024,30,uncertainty,4,12,group,21.031999588012695,20.666197859135504,3.205230890088382,17.09015569484935,observed support,20.391815578518045
1024,30,uncertainty,4,12,household,0.2329999953508377,0.5593398242167783,0.16434030135933458,0.20339999952250057,first physical ID,0.5504774710728654
1024,30,uncertainty,8,2,regional,273.3500061035156,302.9716922845792,82.50625027820755,233.85809927665773,observed support,300.77359410610916
1024,30,uncertainty,8,2,group,14.069999694824219,19.217412273773355,1.711840023517676,13.31524362094453,observed support,18.520172197268195
1024,30,uncertainty,8,2,household,0.16699999570846558,0.31173712500234607,0.12766265681609743,0.12777777736385662,first physical ID,0.29414485540692104
1024,30,uncertainty,8,12,regional,333.052001953125,321.10649253889335,384.2881789588553,273.93022211935505,observed support,322.80482378652846
1024,30,uncertainty,8,12,group,21.031999588012695,20.52442397103621,3.0978467122309477,17.09015569484935,observed support,20.391815578518045
1024,30,uncertainty,8,12,household,0.2329999953508377,0.5678421460089706,0.16344204075489388,0.20339999952250057,first physical ID,0.5504774710728654
1024,31,fixed_coarse,0,2,regional,311.9200134277344,302.9015948020093,108.17679167992236,251.55712604206386,observed support,295.6840470121666
1024,31,fixed_coarse,0,2,group,16.19700050354004,17.324771427971466,1.8071345832769425,14.412921581374011,observed support,16.563187856667135
1024,31,fixed_coarse,0,2,household,0.04899999871850014,0.3076910439738502,0.15251929478156123,0.3002325580563656,first physical ID,0.22103709948497133
1024,31,fixed_coarse,0,12,regional,329.8890075683594,352.5815467129078,571.4585136234894,304.7751811721867,observed support,348.89290106511135
1024,31,fixed_coarse,0,12,group,22.371999740600586,21.55374869192702,3.7250832677950556,18.647619688945767,observed support,21.230838863171066
1024,31,fixed_coarse,0,12,household,0.05299999937415123,0.41175807921295937,0.1712378612847651,0.20165116166652636,first physical ID,0.3935035802766872
1024,31,uniform_fine_stream,16,2,regional,311.9200134277344,295.6840470121666,77.36465400888635,251.55712604206386,observed support,295.6840470121666
1024,31,uniform_fine_stream,16,2,group,16.19700050354004,16.563187856667135,1.6360078238112745,14.412921581374011,observed support,16.563187856667135
1024,31,uniform_fine_stream,16,2,household,0.04899999871850014,0.22103709948497133,0.08779667439805396,0.3002325580563656,first physical ID,0.22103709948497133
1024,31,uniform_fine_stream,16,12,regional,329.8890075683594,348.89290106511135,367.2158046199855,304.7751811721867,observed support,348.89290106511135
1024,31,uniform_fine_stream,16,12,group,22.371999740600586,21.230838863171066,3.008156530787895,18.647619688945767,observed support,21.230838863171066
1024,31,uniform_fine_stream,16,12,household,0.05299999937415123,0.3935035802766872,0.16148960601465256,0.20165116166652636,first physical ID,0.3935035802766872
1024,31,fixed,2,2,regional,311.9200134277344,311.5831493456799,93.71025917296696,251.55712604206386,observed support,295.6840470121666
1024,31,fixed,2,2,group,16.19700050354004,17.302982713754353,1.6888519210163695,14.412921581374011,observed support,16.563187856667135
1024,31,fixed,2,2,household,0.04899999871850014,0.10757349704353153,0.0908053243285178,0.3002325580563656,first physical ID,0.22103709948497133
1024,31,fixed,2,12,regional,329.8890075683594,373.4876119489043,456.02522867095206,304.7751811721867,observed support,348.89290106511135
1024,31,fixed,2,12,group,22.371999740600586,22.66283745521814,3.2816770101991004,18.647619688945767,observed support,21.230838863171066
1024,31,fixed,2,12,household,0.05299999937415123,0.39129394925649924,0.16545689901208765,0.20165116166652636,first physical ID,0.3935035802766872
1024,31,fixed,4,2,regional,311.9200134277344,308.2832783104885,87.34259768760148,251.55712604206386,observed support,295.6840470121666
1024,31,fixed,4,2,group,16.19700050354004,17.12029852372212,1.6661923559690808,14.412921581374011,observed support,16.563187856667135
1024,31,fixed,4,2,household,0.04899999871850014,0.13335292286790162,0.08961387440016885,0.3002325580563656,first physical ID,0.22103709948497133
1024,31,fixed,4,12,regional,329.8890075683594,370.61133688315647,416.3776961605067,304.7751811721867,observed support,348.89290106511135
1024,31,fixed,4,12,group,22.371999740600586,22.489825337403254,3.1575147044378107,18.647619688945767,observed support,21.230838863171066
1024,31,fixed,4,12,household,0.05299999937415123,0.3689620619296261,0.16350793275600917,0.20165116166652636,first physical ID,0.3935035802766872
1024,31,fixed,8,2,regional,311.9200134277344,306.65263932922164,82.5982394172054,251.55712604206386,observed support,295.6840470121666
1024,31,fixed,8,2,group,16.19700050354004,17.131666490767646,1.6511429886053954,14.412921581374011,observed support,16.563187856667135
1024,31,fixed,8,2,household,0.04899999871850014,0.17814243637360075,0.08864585891650105,0.3002325580563656,first physical ID,0.22103709948497133
1024,31,fixed,8,12,regional,329.8890075683594,361.2719065711449,392.0371862398692,304.7751811721867,observed support,348.89290106511135
1024,31,fixed,8,12,group,22.371999740600586,21.97668579856345,3.0832964320557252,18.647619688945767,observed support,21.230838863171066
1024,31,fixed,8,12,household,0.05299999937415123,0.4372052262158254,0.1623306049968063,0.20165116166652636,first physical ID,0.3935035802766872
1024,31,random,2,2,regional,311.9200134277344,295.33169662570975,92.638642053446,251.55712604206386,observed support,295.6840470121666
1024,31,random,2,2,group,16.19700050354004,16.850141171737445,1.747871777663215,14.412921581374011,observed support,16.563187856667135
1024,31,random,2,2,household,0.04899999871850014,0.6734927635960812,0.1393550260221167,0.3002325580563656,first physical ID,0.22103709948497133
1024,31,random,2,12,regional,329.8890075683594,354.219668752903,425.2297390976696,304.7751811721867,observed support,348.89290106511135
1024,31,random,2,12,group,22.371999740600586,21.52313074471954,3.253433417102342,18.647619688945767,observed support,21.230838863171066
1024,31,random,2,12,household,0.05299999937415123,0.4007500218693012,0.16564632126650675,0.20165116166652636,first physical ID,0.3935035802766872
1024,31,random,4,2,regional,311.9200134277344,293.64171454487513,86.70275657733814,251.55712604206386,observed support,295.6840470121666
1024,31,random,4,2,group,16.19700050354004,16.694403093279774,1.726819492486088,14.412921581374011,observed support,16.563187856667135
1024,31,random,4,2,household,0.04899999871850014,0.5810522307154602,0.13190899198004882,0.3002325580563656,first physical ID,0.22103709948497133
1024,31,random,4,12,regional,329.8890075683594,346.9484031347998,403.662512214638,304.7751811721867,observed support,348.89290106511135
1024,31,random,4,12,group,22.371999740600586,21.088545620996136,3.1738612748953745,18.647619688945767,observed support,21.230838863171066
1024,31,random,4,12,household,0.05299999937415123,0.4294379693444712,0.1642204860593353,0.20165116166652636,first physical ID,0.3935035802766872
1024,31,random,8,2,regional,311.9200134277344,295.0797365976674,81.9582625056231,251.55712604206386,observed support,295.6840470121666
1024,31,random,8,2,group,16.19700050354004,16.939106496735125,1.7115264012520914,14.412921581374011,observed support,16.563187856667135
1024,31,random,8,2,household,0.04899999871850014,0.5738345320663005,0.1268409141915296,0.3002325580563656,first physical ID,0.22103709948497133
1024,31,random,8,12,regional,329.8890075683594,344.2549786558121,383.18847320419945,304.7751811721867,observed support,348.89290106511135
1024,31,random,8,12,group,22.371999740600586,20.999675090808758,3.100346112900402,18.647619688945767,observed support,21.230838863171066
1024,31,random,8,12,household,0.05299999937415123,0.47457499981175627,0.16340378459979554,0.20165116166652636,first physical ID,0.3935035802766872
1024,31,uncertainty,2,2,regional,311.9200134277344,295.12994971739215,94.78802384596791,251.55712604206386,observed support,295.6840470121666
1024,31,uncertainty,2,2,group,16.19700050354004,16.871561506566028,1.7554383198880115,14.412921581374011,observed support,16.563187856667135
1024,31,uncertainty,2,2,household,0.04899999871850014,0.4131503167073189,0.14056577656572955,0.3002325580563656,first physical ID,0.22103709948497133
1024,31,uncertainty,2,12,regional,329.8890075683594,337.2796658854444,445.0419052679216,304.7751811721867,observed support,348.89290106511135
1024,31,uncertainty,2,12,group,22.371999740600586,20.65152197901883,3.3119827124389825,18.647619688945767,observed support,21.230838863171066
1024,31,uncertainty,2,12,household,0.05299999937415123,0.40038998406366255,0.16563154512918782,0.20165116166652636,first physical ID,0.3935035802766872
1024,31,uncertainty,4,2,regional,311.9200134277344,292.78118507243784,87.81331729789416,251.55712604206386,observed support,295.6840470121666
1024,31,uncertainty,4,2,group,16.19700050354004,16.702270031528865,1.7296685256260305,14.412921581374011,observed support,16.563187856667135
1024,31,uncertainty,4,2,household,0.04899999871850014,0.38263220643451007,0.13219800708086318,0.3002325580563656,first physical ID,0.22103709948497133
1024,31,uncertainty,4,12,regional,329.8890075683594,342.22872632182634,415.6560977315871,304.7751811721867,observed support,348.89290106511135
1024,31,uncertainty,4,12,group,22.371999740600586,20.89366454415475,3.205178694803042,18.647619688945767,observed support,21.230838863171066
1024,31,uncertainty,4,12,household,0.05299999937415123,0.36325967361212147,0.1643396749076188,0.20165116166652636,first physical ID,0.3935035802766872
1024,31,uncertainty,8,2,regional,311.9200134277344,295.58678998241425,82.34741210279708,251.55712604206386,observed support,295.6840470121666
1024,31,uncertainty,8,2,group,16.19700050354004,16.89876146034318,1.711850667456197,14.412921581374011,observed support,16.563187856667135
1024,31,uncertainty,8,2,household,0.04899999871850014,0.4186500728152039,0.12766389981770723,0.3002325580563656,first physical ID,0.22103709948497133
1024,31,uncertainty,8,12,regional,329.8890075683594,345.7352178902321,383.6718246936598,304.7751811721867,observed support,348.89290106511135
1024,31,uncertainty,8,12,group,22.371999740600586,21.09114676912816,3.0978562813925397,18.647619688945767,observed support,21.230838863171066
1024,31,uncertainty,8,12,household,0.05299999937415123,0.42178325157743346,0.1634427079743257,0.20165116166652636,first physical ID,0.3935035802766872
2048,0,fixed_coarse,0,2,regional,495.31298828125,489.83350566165853,338.62459972448806,415.66215638227726,observed support,486.4286035191259
2048,0,fixed_coarse,0,2,group,31.797000885009766,32.14551436725096,4.454505871127777,25.732773263448188,observed support,32.83076514653998
2048,0,fixed_coarse,0,2,household,0.15299999713897705,0.3888430381323605,0.15732344570307008,0.2190652167343575,first physical ID,0.20822410065753733
2048,0,fixed_coarse,0,12,regional,709.2160034179688,678.5709404243373,2151.929902033329,613.1556007334931,observed support,705.4111991368203
2048,0,fixed_coarse,0,12,group,49.05399703979492,42.21264431664194,12.953496704403697,37.53634204003327,observed support,45.0645062246915
2048,0,fixed_coarse,0,12,household,0.44600000977516174,0.42149461306732283,0.17052453977916937,0.23426086909097174,first physical ID,0.20910031455689965
2048,0,uniform_fine_stream,16,2,regional,495.31298828125,486.4286035191259,223.5907463375096,415.66215638227726,observed support,486.4286035191259
2048,0,uniform_fine_stream,16,2,group,31.797000885009766,32.83076514653998,3.848864900006755,25.732773263448188,observed support,32.83076514653998
2048,0,uniform_fine_stream,16,2,household,0.15299999713897705,0.20822410065753733,0.08718717542271015,0.2190652167343575,first physical ID,0.20822410065753733
2048,0,uniform_fine_stream,16,12,regional,709.2160034179688,705.4111991368203,1331.67355679689,613.1556007334931,observed support,705.4111991368203
2048,0,uniform_fine_stream,16,12,group,49.05399703979492,45.0645062246915,9.300213324766162,37.53634204003327,observed support,45.0645062246915
2048,0,uniform_fine_stream,16,12,household,0.44600000977516174,0.20910031455689965,0.16077448048434156,0.23426086909097174,first physical ID,0.20910031455689965
2048,0,fixed,2,2,regional,495.31298828125,494.7490391149319,267.82244580839716,415.66215638227726,observed support,486.4286035191259
2048,0,fixed,2,2,group,31.797000885009766,33.38486307363648,4.013211393569505,25.732773263448188,observed support,32.83076514653998
2048,0,fixed,2,2,household,0.15299999713897705,0.20456776508565094,0.08959900606702585,0.2190652167343575,first physical ID,0.20822410065753733
2048,0,fixed,2,12,regional,709.2160034179688,729.9432156880023,1579.958636137736,613.1556007334931,observed support,705.4111991368203
2048,0,fixed,2,12,group,49.05399703979492,46.63540297056893,10.283324278353236,37.53634204003327,observed support,45.0645062246915
2048,0,fixed,2,12,household,0.44600000977516174,0.32051090334019927,0.1631712325570508,0.23426086909097174,first physical ID,0.20910031455689965
2048,0,fixed,4,2,regional,495.31298828125,487.55060344557967,253.8107922779687,415.66215638227726,observed support,486.4286035191259
2048,0,fixed,4,2,group,31.797000885009766,33.11571678013173,3.9620157615056133,25.732773263448188,observed support,32.83076514653998
2048,0,fixed,4,2,household,0.15299999713897705,0.22960992134318348,0.08873613703366477,0.2190652167343575,first physical ID,0.20822410065753733
2048,0,fixed,4,12,regional,709.2160034179688,706.4439747356405,1472.4679942041284,613.1556007334931,observed support,705.4111991368203
2048,0,fixed,4,12,group,49.05399703979492,45.19884477590462,9.860254823136714,37.53634204003327,observed support,45.0645062246915
2048,0,fixed,4,12,household,0.44600000977516174,0.3783115118173762,0.1622226310745806,0.23426086909097174,first physical ID,0.20910031455689965
2048,0,fixed,8,2,regional,495.31298828125,483.9440728478786,236.84593201355088,415.66215638227726,observed support,486.4286035191259
2048,0,fixed,8,2,group,31.797000885009766,32.63650826904338,3.897261916147551,25.732773263448188,observed support,32.83076514653998
2048,0,fixed,8,2,household,0.15299999713897705,0.21613365704527102,0.08783683053916333,0.2190652167343575,first physical ID,0.20822410065753733
2048,0,fixed,8,12,regional,709.2160034179688,690.5007535440434,1382.90851936764,613.1556007334931,observed support,705.4111991368203
2048,0,fixed,8,12,group,49.05399703979492,43.91112667573486,9.50550351576411,37.53634204003327,observed support,45.0645062246915
2048,0,fixed,8,12,household,0.44600000977516174,0.19925511804197166,0.16135008764877873,0.23426086909097174,first physical ID,0.20910031455689965
2048,0,random,2,2,regional,495.31298828125,498.7736279099173,275.5079625585515,415.66215638227726,observed support,486.4286035191259
2048,0,random,2,2,group,31.797000885009766,33.84707088739286,4.04527206512845,25.732773263448188,observed support,32.83076514653998
2048,0,random,2,2,household,0.15299999713897705,0.1663081340823864,0.08990237845098913,0.2190652167343575,first physical ID,0.20822410065753733
2048,0,random,2,12,regional,709.2160034179688,715.1216769454207,1572.0689825576792,613.1556007334931,observed support,705.4111991368203
2048,0,random,2,12,group,49.05399703979492,45.70990138992971,10.248643776440144,37.53634204003327,observed support,45.0645062246915
2048,0,random,2,12,household,0.44600000977516174,0.39628765742112765,0.1634674584564827,0.23426086909097174,first physical ID,0.20910031455689965
2048,0,random,4,2,regional,495.31298828125,478.6301416576744,257.60194812260795,415.66215638227726,observed support,486.4286035191259
2048,0,random,4,2,group,31.797000885009766,32.5536123082906,3.976352939840874,25.732773263448188,observed support,32.83076514653998
2048,0,random,4,2,household,0.15299999713897705,0.20076387820976635,0.08889899310230408,0.2190652167343575,first physical ID,0.20822410065753733
2048,0,random,4,12,regional,709.2160034179688,641.2022477608118,1476.0252891615417,613.1556007334931,observed support,705.4111991368203
2048,0,random,4,12,group,49.05399703979492,40.78058245586585,9.86872932086292,37.53634204003327,observed support,45.0645062246915
2048,0,random,4,12,household,0.44600000977516174,0.17178961311437194,0.16233706919247515,0.23426086909097174,first physical ID,0.20910031455689965
2048,0,random,8,2,regional,495.31298828125,488.27552620899917,236.92696188427539,415.66215638227726,observed support,486.4286035191259
2048,0,random,8,2,group,31.797000885009766,32.98723097915798,3.896497446663063,25.732773263448188,observed support,32.83076514653998
2048,0,random,8,2,household,0.15299999713897705,0.1855786541620764,0.08783846630244126,0.2190652167343575,first physical ID,0.20822410065753733
2048,0,random,8,12,regional,709.2160034179688,691.5907594608705,1376.8489929538841,613.1556007334931,observed support,705.4111991368203
2048,0,random,8,12,group,49.05399703979492,44.09706800894755,9.477718740490687,37.53634204003327,observed support,45.0645062246915
2048,0,random,8,12,household,0.44600000977516174,0.17524935948894854,0.1613984086966279,0.23426086909097174,first physical ID,0.20910031455689965
2048,0,uncertainty,2,2,regional,495.31298828125,464.63684736593007,273.75718674437735,415.66215638227726,observed support,486.4286035191259
2048,0,uncertainty,2,2,group,31.797000885009766,29.8151345041274,4.17222985261983,25.732773263448188,observed support,32.83076514653998
2048,0,uncertainty,2,2,household,0.15299999713897705,-0.13708779585214026,0.13921750586098539,0.2190652167343575,first physical ID,0.20822410065753733
2048,0,uncertainty,2,12,regional,709.2160034179688,586.1547117653391,1573.4439574415624,613.1556007334931,observed support,705.4111991368203
2048,0,uncertainty,2,12,group,49.05399703979492,35.31838949866095,10.436259516800344,37.53634204003327,observed support,45.0645062246915
2048,0,uncertainty,2,12,household,0.44600000977516174,-0.042570740475764035,0.1648349783007628,0.23426086909097174,first physical ID,0.20910031455689965
2048,0,uncertainty,4,2,regional,495.31298828125,484.58581957276084,255.30673468786426,415.66215638227726,observed support,486.4286035191259
2048,0,uncertainty,4,2,group,31.797000885009766,31.628021714772434,4.094693134552905,25.732773263448188,observed support,32.83076514653998
2048,0,uncertainty,4,2,household,0.15299999713897705,0.09088351661318833,0.13367053799193654,0.2190652167343575,first physical ID,0.20822410065753733
2048,0,uncertainty,4,12,regional,709.2160034179688,656.572819406802,1456.2964005790732,613.1556007334931,observed support,705.4111991368203
2048,0,uncertainty,4,12,group,49.05399703979492,40.60938236394107,9.91764716454849,37.53634204003327,observed support,45.0645062246915
2048,0,uncertainty,4,12,household,0.44600000977516174,0.1548063099135839,0.16346967210472707,0.23426086909097174,first physical ID,0.20910031455689965
2048,0,uncertainty,8,2,regional,495.31298828125,485.6050539025935,237.48747923737744,415.66215638227726,observed support,486.4286035191259
2048,0,uncertainty,8,2,group,31.797000885009766,31.77333436718059,4.026424989939622,25.732773263448188,observed support,32.83076514653998
2048,0,uncertainty,8,2,household,0.15299999713897705,0.22744133723216,0.1274017281748009,0.2190652167343575,first physical ID,0.20822410065753733
2048,0,uncertainty,8,12,regional,709.2160034179688,679.906287074938,1394.238534114165,613.1556007334931,observed support,705.4111991368203
2048,0,uncertainty,8,12,group,49.05399703979492,42.2329737042817,9.648006180311125,37.53634204003327,observed support,45.0645062246915
2048,0,uncertainty,8,12,household,0.44600000977516174,0.23678255199637555,0.16257775912581074,0.23426086909097174,first physical ID,0.20910031455689965
2048,1,fixed_coarse,0,2,regional,451.4849853515625,500.89231690827853,338.92045949853275,399.67092988980465,observed support,472.0999958050152
2048,1,fixed_coarse,0,2,group,26.137998580932617,32.00346143424889,4.454292581372684,24.34361477566053,observed support,30.396785308851683
2048,1,fixed_coarse,0,2,household,0.08699999749660492,0.24524521625626838,0.1572822545296938,0.212199999888738,first physical ID,0.1753551782650108
2048,1,fixed_coarse,0,12,regional,428.5069885253906,489.8947014062067,2153.2630802290905,383.9927209869958,observed support,463.3662404085526
2048,1,fixed_coarse,0,12,group,26.400997161865234,31.81118439025832,12.948485914215603,24.702554419875366,observed support,30.36251630860409
2048,1,fixed_coarse,0,12,household,0.1679999977350235,0.26679198254741987,0.17053553030125695,0.129911111212439,first physical ID,0.17518989824842784
2048,1,uniform_fine_stream,16,2,regional,451.4849853515625,472.0999958050152,223.64623617423857,399.67092988980465,observed support,472.0999958050152
2048,1,uniform_fine_stream,16,2,group,26.137998580932617,30.396785308851683,3.848797032288224,24.34361477566053,observed support,30.396785308851683
2048,1,uniform_fine_stream,16,2,household,0.08699999749660492,0.1753551782650108,0.0871862539414273,0.212199999888738,first physical ID,0.1753551782650108
2048,1,uniform_fine_stream,16,12,regional,428.5069885253906,463.3662404085526,1333.0960509196457,383.9927209869958,observed support,463.3662404085526
2048,1,uniform_fine_stream,16,12,group,26.400997161865234,30.36251630860409,9.29983592012065,24.702554419875366,observed support,30.36251630860409
2048,1,uniform_fine_stream,16,12,household,0.1679999977350235,0.17518989824842784,0.16077398899698175,0.129911111212439,first physical ID,0.17518989824842784
2048,1,fixed,2,2,regional,451.4849853515625,478.736047041685,269.4291199364675,399.67092988980465,observed support,472.0999958050152
2048,1,fixed,2,2,group,26.137998580932617,30.67999939057006,4.156779373772446,24.34361477566053,observed support,30.396785308851683
2048,1,fixed,2,2,household,0.08699999749660492,0.40436611859803606,0.13494610923081618,0.212199999888738,first physical ID,0.1753551782650108
2048,1,fixed,2,12,regional,428.5069885253906,469.00513023244986,1582.8681207926256,383.9927209869958,observed support,463.3662404085526
2048,1,fixed,2,12,group,26.400997161865234,30.690814351578965,10.465725483978579,24.702554419875366,observed support,30.36251630860409
2048,1,fixed,2,12,household,0.1679999977350235,0.2782091778063296,0.16442535841241862,0.129911111212439,first physical ID,0.17518989824842784
2048,1,fixed,4,2,regional,451.4849853515625,470.08443064402246,255.43359264092194,399.67092988980465,observed support,472.0999958050152
2048,1,fixed,4,2,group,26.137998580932617,30.168318627860742,4.096306240245477,24.34361477566053,observed support,30.396785308851683
2048,1,fixed,4,2,household,0.08699999749660492,0.38002368235144346,0.13165953642578185,0.212199999888738,first physical ID,0.1753551782650108
2048,1,fixed,4,12,regional,428.5069885253906,457.8622299790942,1484.1692291559011,383.9927209869958,observed support,463.3662404085526
2048,1,fixed,4,12,group,26.400997161865234,29.976344702852366,10.030919855360807,24.702554419875366,observed support,30.36251630860409
2048,1,fixed,4,12,household,0.1679999977350235,0.23657901839327555,0.1633940940899474,0.129911111212439,first physical ID,0.17518989824842784
2048,1,fixed,8,2,regional,451.4849853515625,469.26739240335877,236.94362228913053,399.67092988980465,observed support,472.0999958050152
2048,1,fixed,8,2,group,26.137998580932617,30.08685003171429,4.022089097232061,24.34361477566053,observed support,30.396785308851683
2048,1,fixed,8,2,household,0.08699999749660492,0.24198051212455973,0.12717850304749997,0.212199999888738,first physical ID,0.1753551782650108
2048,1,fixed,8,12,regional,428.5069885253906,463.1519806263427,1385.248414277937,383.9927209869958,observed support,463.3662404085526
2048,1,fixed,8,12,group,26.400997161865234,30.2231376432716,9.606530510012,24.702554419875366,observed support,30.36251630860409
2048,1,fixed,8,12,household,0.1679999977350235,0.12592867939860597,0.16251514072542703,0.129911111212439,first physical ID,0.17518989824842784
2048,1,random,2,2,regional,451.4849853515625,484.12128378866487,278.02132802219376,399.67092988980465,observed support,472.0999958050152
2048,1,random,2,2,group,26.137998580932617,31.00059429620552,4.184270964521602,24.34361477566053,observed support,30.396785308851683
2048,1,random,2,2,household,0.08699999749660492,0.31718919747462593,0.1364421572566076,0.212199999888738,first physical ID,0.1753551782650108
2048,1,random,2,12,regional,428.5069885253906,477.1022443637662,1601.9458257341635,383.9927209869958,observed support,463.3662404085526
2048,1,random,2,12,group,26.400997161865234,31.119652083168848,10.524535249571894,24.702554419875366,observed support,30.36251630860409
2048,1,random,2,12,household,0.1679999977350235,0.25383103618109926,0.16485888127776577,0.129911111212439,first physical ID,0.17518989824842784
2048,1,random,4,2,regional,451.4849853515625,475.6675320901644,254.84069069734988,399.67092988980465,observed support,472.0999958050152
2048,1,random,4,2,group,26.137998580932617,30.569586168802243,4.088787190205279,24.34361477566053,observed support,30.396785308851683
2048,1,random,4,2,household,0.08699999749660492,0.3406766737332808,0.1305708137921773,0.212199999888738,first physical ID,0.1753551782650108
2048,1,random,4,12,regional,428.5069885253906,479.5413173151726,1452.9959681580515,383.9927209869958,observed support,463.3662404085526
2048,1,random,4,12,group,26.400997161865234,31.365556748912724,9.890552826488616,24.702554419875366,observed support,30.36251630860409
2048,1,random,4,12,household,0.1679999977350235,0.2075988645780246,0.1634895093838582,0.129911111212439,first physical ID,0.17518989824842784
2048,1,random,8,2,regional,451.4849853515625,474.1021283365206,236.2320228466887,399.67092988980465,observed support,472.0999958050152
2048,1,random,8,2,group,26.137998580932617,30.660941813104806,3.8941221686759775,24.34361477566053,observed support,30.396785308851683
2048,1,random,8,2,household,0.08699999749660492,0.2067295903637399,0.08778133790052026,0.212199999888738,first physical ID,0.1753551782650108
2048,1,random,8,12,regional,428.5069885253906,472.6703632572012,1382.047322681101,383.9927209869958,observed support,463.3662404085526
2048,1,random,8,12,group,26.400997161865234,31.073197679454818,9.493994364246031,24.702554419875366,observed support,30.36251630860409
2048,1,random,8,12,household,0.1679999977350235,0.20117546526041918,0.16130686134608813,0.129911111212439,first physical ID,0.17518989824842784
2048,1,uncertainty,2,2,regional,451.4849853515625,480.14231885303946,273.6959908133682,399.67092988980465,observed support,472.0999958050152
2048,1,uncertainty,2,2,group,26.137998580932617,30.538920035808303,4.171236472609737,24.34361477566053,observed support,30.396785308851683
2048,1,uncertainty,2,2,household,0.08699999749660492,-0.0625532484912315,0.13921515261688525,0.212199999888738,first physical ID,0.1753551782650108
2048,1,uncertainty,2,12,regional,428.5069885253906,437.1537991404303,1572.8892488872996,383.9927209869958,observed support,463.3662404085526
2048,1,uncertainty,2,12,group,26.400997161865234,28.247433340022788,10.427777034707923,24.702554419875366,observed support,30.36251630860409
2048,1,uncertainty,2,12,household,0.1679999977350235,0.05704807633973247,0.16483230041279173,0.129911111212439,first physical ID,0.17518989824842784
2048,1,uncertainty,4,2,regional,451.4849853515625,474.4749083246509,255.3273357210253,399.67092988980465,observed support,472.0999958050152
2048,1,uncertainty,4,2,group,26.137998580932617,30.37502023359729,4.0942672906579265,24.34361477566053,observed support,30.396785308851683
2048,1,uncertainty,4,2,household,0.08699999749660492,0.11958315759122445,0.1336673505500227,0.212199999888738,first physical ID,0.1753551782650108
2048,1,uncertainty,4,12,regional,428.5069885253906,435.87820863363453,1457.0517550791299,383.9927209869958,observed support,463.3662404085526
2048,1,uncertainty,4,12,group,26.400997161865234,28.48815954973837,9.914396741256478,24.702554419875366,observed support,30.36251630860409
2048,1,uncertainty,4,12,household,0.1679999977350235,0.18252373549867443,0.16346693829862094,0.129911111212439,first physical ID,0.17518989824842784
2048,1,uncertainty,8,2,regional,451.4849853515625,466.5238192690683,237.53652168760388,399.67092988980465,observed support,472.0999958050152
2048,1,uncertainty,8,2,group,26.137998580932617,29.811987311554272,4.026233003343704,24.34361477566053,observed support,30.396785308851683
2048,1,uncertainty,8,2,household,0.08699999749660492,0.3341151291123232,0.12740138588786404,0.212199999888738,first physical ID,0.1753551782650108
2048,1,uncertainty,8,12,regional,428.5069885253906,435.86143593852887,1395.420024825463,383.9927209869958,observed support,463.3662404085526
2048,1,uncertainty,8,12,group,26.400997161865234,28.499219937830517,9.646458072773346,24.702554419875366,observed support,30.36251630860409
2048,1,uncertainty,8,12,household,0.1679999977350235,0.24037813681774464,0.16257669756016555,0.129911111212439,first physical ID,0.17518989824842784
2048,2,fixed_coarse,0,2,regional,268.9210205078125,300.6708775977079,338.1099055469202,302.96162811168796,observed support,304.9456908395457
2048,2,fixed_coarse,0,2,group,17.02199935913086,18.727234764039924,4.4538632852202795,18.94148378434307,observed support,19.347049374265293
2048,2,fixed_coarse,0,2,household,0.1379999965429306,0.9387806769351059,0.15733214819144792,0.6229777794745234,first physical ID,0.4661462272572334
2048,2,fixed_coarse,0,12,regional,458.06597900390625,422.0486078085603,2124.9521690307156,390.3357503697921,observed support,419.769416340336
2048,2,fixed_coarse,0,12,group,25.17400360107422,26.60857460190206,12.918617131775651,24.38795456738093,observed support,26.5774505726193
2048,2,fixed_coarse,0,12,household,0.15299999713897705,0.19456444197016595,0.17053655172580268,0.17564444343249003,first physical ID,0.143187094617068
2048,2,uniform_fine_stream,16,2,regional,268.9210205078125,304.9456908395457,223.39677695749427,302.96162811168796,observed support,304.9456908395457
2048,2,uniform_fine_stream,16,2,group,17.02199935913086,19.347049374265293,3.8488313101481584,18.94148378434307,observed support,19.347049374265293
2048,2,uniform_fine_stream,16,2,household,0.1379999965429306,0.4661462272572334,0.0871868725785608,0.6229777794745234,first physical ID,0.4661462272572334
2048,2,uniform_fine_stream,16,12,regional,458.06597900390625,419.769416340336,1315.6418778739962,390.3357503697921,observed support,419.769416340336
2048,2,uniform_fine_stream,16,12,group,25.17400360107422,26.5774505726193,9.28367017195071,24.38795456738093,observed support,26.5774505726193
2048,2,uniform_fine_stream,16,12,household,0.15299999713897705,0.143187094617068,0.16077452143430604,0.17564444343249003,first physical ID,0.143187094617068
2048,2,fixed,2,2,regional,268.9210205078125,302.24030503462586,276.7779142077685,302.96162811168796,observed support,304.9456908395457
2048,2,fixed,2,2,group,17.02199935913086,18.80342953532094,4.18326248764719,18.94148378434307,observed support,19.347049374265293
2048,2,fixed,2,2,household,0.1379999965429306,0.9724724527236329,0.13918519222478185,0.6229777794745234,first physical ID,0.4661462272572334
2048,2,fixed,2,12,regional,458.06597900390625,422.24706584120975,1555.6796598427895,390.3357503697921,observed support,419.769416340336
2048,2,fixed,2,12,group,25.17400360107422,26.569539883781797,10.412853331212675,24.38795456738093,observed support,26.5774505726193
2048,2,fixed,2,12,household,0.15299999713897705,0.24895122119713337,0.16469206741256048,0.17564444343249003,first physical ID,0.143187094617068
2048,2,fixed,4,2,regional,268.9210205078125,300.55525933302914,255.80531913891463,302.96162811168796,observed support,304.9456908395457
2048,2,fixed,4,2,group,17.02199935913086,18.72268874261535,4.099866340170421,18.94148378434307,observed support,19.347049374265293
2048,2,fixed,4,2,household,0.1379999965429306,1.0073380502076257,0.1316690920066063,0.6229777794745234,first physical ID,0.4661462272572334
2048,2,fixed,4,12,regional,458.06597900390625,422.716853928826,1451.5799767353096,390.3357503697921,observed support,419.769416340336
2048,2,fixed,4,12,group,25.17400360107422,26.621472588585227,9.955494770580119,24.38795456738093,observed support,26.5774505726193
2048,2,fixed,4,12,household,0.15299999713897705,0.21559113679452663,0.1633655211272113,0.17564444343249003,first physical ID,0.143187094617068
2048,2,fixed,8,2,regional,268.9210205078125,300.06459693583656,237.4316003674303,302.96162811168796,observed support,304.9456908395457
2048,2,fixed,8,2,group,17.02199935913086,18.61613106943922,4.0252173810850875,18.94148378434307,observed support,19.347049374265293
2048,2,fixed,8,2,household,0.1379999965429306,0.9031923189117572,0.127031372766536,0.6229777794745234,first physical ID,0.4661462272572334
2048,2,fixed,8,12,regional,458.06597900390625,410.8632619001655,1365.8692851960968,390.3357503697921,observed support,419.769416340336
2048,2,fixed,8,12,group,25.17400360107422,25.793182212214674,9.582625239532442,24.38795456738093,observed support,26.5774505726193
2048,2,fixed,8,12,household,0.15299999713897705,0.18712630313987424,0.1625577121645514,0.17564444343249003,first physical ID,0.143187094617068
2048,2,random,2,2,regional,268.9210205078125,299.9294865972049,271.26974576259306,302.96162811168796,observed support,304.9456908395457
2048,2,random,2,2,group,17.02199935913086,18.685707116031463,4.163713553335378,18.94148378434307,observed support,19.347049374265293
2048,2,random,2,2,household,0.1379999965429306,0.9060843941702184,0.13390932682393433,0.6229777794745234,first physical ID,0.4661462272572334
2048,2,random,2,12,regional,458.06597900390625,417.2400818742263,1545.819019170308,390.3357503697921,observed support,419.769416340336
2048,2,random,2,12,group,25.17400360107422,26.272330090225037,10.3593570620939,24.38795456738093,observed support,26.5774505726193
2048,2,random,2,12,household,0.15299999713897705,0.18212062680114324,0.16458867039191055,0.17564444343249003,first physical ID,0.143187094617068
2048,2,random,4,2,regional,268.9210205078125,301.57806757598723,253.50161983896834,302.96162811168796,observed support,304.9456908395457
2048,2,random,4,2,group,17.02199935913086,18.82312543439536,4.090925554345828,18.94148378434307,observed support,19.347049374265293
2048,2,random,4,2,household,0.1379999965429306,0.8996245072415298,0.13060221384993909,0.6229777794745234,first physical ID,0.4661462272572334
2048,2,random,4,12,regional,458.06597900390625,415.98950548440723,1436.4623397627124,390.3357503697921,observed support,419.769416340336
2048,2,random,4,12,group,25.17400360107422,26.263021871266524,9.886390232853923,24.38795456738093,observed support,26.5774505726193
2048,2,random,4,12,household,0.15299999713897705,0.22701696086947948,0.1633120151872235,0.17564444343249003,first physical ID,0.143187094617068
2048,2,random,8,2,regional,268.9210205078125,306.71432583404044,236.1659876372999,302.96162811168796,observed support,304.9456908395457
2048,2,random,8,2,group,17.02199935913086,19.185660775140793,4.019308189793794,18.94148378434307,observed support,19.347049374265293
2048,2,random,8,2,household,0.1379999965429306,0.9621023234142998,0.1270158744793618,0.6229777794745234,first physical ID,0.4661462272572334
2048,2,random,8,12,regional,458.06597900390625,432.28336877551317,1348.6788040133881,390.3357503697921,observed support,419.769416340336
2048,2,random,8,12,group,25.17400360107422,27.367624304020257,9.504079381238743,24.38795456738093,observed support,26.5774505726193
2048,2,random,8,12,household,0.15299999713897705,0.2574220345674894,0.16243365727644804,0.17564444343249003,first physical ID,0.143187094617068
2048,2,uncertainty,2,2,regional,268.9210205078125,290.4227551216179,273.4465354387235,302.96162811168796,observed support,304.9456908395457
2048,2,uncertainty,2,2,group,17.02199935913086,17.757352296878416,4.172073318642661,18.94148378434307,observed support,19.347049374265293
2048,2,uncertainty,2,2,household,0.1379999965429306,0.6597191918863898,0.13921770475575676,0.6229777794745234,first physical ID,0.4661462272572334
2048,2,uncertainty,2,12,regional,458.06597900390625,363.30405586880215,1554.5485663657123,390.3357503697921,observed support,419.769416340336
2048,2,uncertainty,2,12,group,25.17400360107422,22.407989373931716,10.414619098624238,24.38795456738093,observed support,26.5774505726193
2048,2,uncertainty,2,12,household,0.15299999713897705,0.0676223067455282,0.16483578292486833,0.17564444343249003,first physical ID,0.143187094617068
2048,2,uncertainty,4,2,regional,268.9210205078125,299.0074206218568,255.03602818237616,302.96162811168796,observed support,304.9456908395457
2048,2,uncertainty,4,2,group,17.02199935913086,18.54331157905157,4.094620216575683,18.94148378434307,observed support,19.347049374265293
2048,2,uncertainty,4,2,household,0.1379999965429306,0.8751904252157237,0.13367002321635799,0.6229777794745234,first physical ID,0.4661462272572334
2048,2,uncertainty,4,12,regional,458.06597900390625,393.98659481495133,1438.8683391533987,390.3357503697921,observed support,419.769416340336
2048,2,uncertainty,4,12,group,25.17400360107422,24.679834443802115,9.898359337561732,24.38795456738093,observed support,26.5774505726193
2048,2,uncertainty,4,12,household,0.15299999713897705,0.1815227960680335,0.1634692594152889,0.17564444343249003,first physical ID,0.143187094617068
2048,2,uncertainty,8,2,regional,268.9210205078125,299.2371468074372,237.2644628352433,302.96162811168796,observed support,304.9456908395457
2048,2,uncertainty,8,2,group,17.02199935913086,18.58185870571933,4.02639548252761,18.94148378434307,observed support,19.347049374265293
2048,2,uncertainty,8,2,household,0.1379999965429306,0.8924444668201423,0.12740167236757613,0.6229777794745234,first physical ID,0.4661462272572334
2048,2,uncertainty,8,12,regional,458.06597900390625,402.8982654864061,1377.5141193248085,390.3357503697921,observed support,419.769416340336
2048,2,uncertainty,8,12,group,25.17400360107422,25.29334568471251,9.630191153858117,24.38795456738093,observed support,26.5774505726193
2048,2,uncertainty,8,12,household,0.15299999713897705,0.2031876717742696,0.16257762268771495,0.17564444343249003,first physical ID,0.143187094617068
2048,3,fixed_coarse,0,2,regional,262.2950134277344,266.47790725345874,338.00052946828794,221.43577971691406,observed support,253.96042050844574
2048,3,fixed_coarse,0,2,group,18.880001068115234,17.746033960743873,4.45627821147361,14.649582127646308,observed support,17.436718499924606
2048,3,fixed_coarse,0,2,household,2.2320001125335693,1.4585663008841694,0.15726426836659682,0.7720444454087152,first physical ID,1.8673923455035824
2048,3,fixed_coarse,0,12,regional,469.0040283203125,447.76862151976104,2145.736474868223,410.4982099071947,observed support,434.86091018071
2048,3,fixed_coarse,0,12,group,27.16499900817871,26.87587286326957,12.952420498666882,24.13601954853039,observed support,26.507970992141342
2048,3,fixed_coarse,0,12,household,0.2930000126361847,0.5869799352081349,0.17054396743205577,0.23975555524230002,first physical ID,0.5867737599952213
2048,3,uniform_fine_stream,16,2,regional,262.2950134277344,253.96042050844574,222.91454654777635,221.43577971691406,observed support,253.96042050844574
2048,3,uniform_fine_stream,16,2,group,18.880001068115234,17.436718499924606,3.848981633860868,14.649582127646308,observed support,17.436718499924606
2048,3,uniform_fine_stream,16,2,household,2.2320001125335693,1.8673923455035824,0.08718633999041131,0.7720444454087152,first physical ID,1.8673923455035824
2048,3,uniform_fine_stream,16,12,regional,469.0040283203125,434.86091018071,1328.1483039513437,410.4982099071947,observed support,434.86091018071
2048,3,uniform_fine_stream,16,12,group,27.16499900817871,26.507970992141342,9.29993315177464,24.13601954853039,observed support,26.507970992141342
2048,3,uniform_fine_stream,16,12,household,0.2930000126361847,0.5867737599952213,0.1607746778465589,0.23975555524230002,first physical ID,0.5867737599952213
2048,3,fixed,2,2,regional,262.2950134277344,260.11106681357944,277.9676823454415,221.43577971691406,observed support,253.96042050844574
2048,3,fixed,2,2,group,18.880001068115234,17.325811802460507,4.189978090492074,14.649582127646308,observed support,17.436718499924606
2048,3,fixed,2,2,household,2.2320001125335693,1.6009493756730784,0.13890340830475267,0.7720444454087152,first physical ID,1.8673923455035824
2048,3,fixed,2,12,regional,469.0040283203125,436.5947234242135,1592.821780937581,410.4982099071947,observed support,434.86091018071
2048,3,fixed,2,12,group,27.16499900817871,26.081013234138283,10.519819765082513,24.13601954853039,observed support,26.507970992141342
2048,3,fixed,2,12,household,0.2930000126361847,0.5437941492306173,0.1647392201334713,0.23975555524230002,first physical ID,0.5867737599952213
2048,3,fixed,4,2,regional,262.2950134277344,254.58086250811215,255.18615203783898,221.43577971691406,observed support,253.96042050844574
2048,3,fixed,4,2,group,18.880001068115234,16.820112922201705,4.098973911546659,14.649582127646308,observed support,17.436718499924606
2048,3,fixed,4,2,household,2.2320001125335693,1.6513468682691692,0.13173663127750232,0.7720444454087152,first physical ID,1.8673923455035824
2048,3,fixed,4,12,regional,469.0040283203125,418.4063550748443,1465.8201961026875,410.4982099071947,observed support,434.86091018071
2048,3,fixed,4,12,group,27.16499900817871,24.744117310464315,9.978335184227747,24.13601954853039,observed support,26.507970992141342
2048,3,fixed,4,12,household,0.2930000126361847,0.5089828917495535,0.16344081913752279,0.23975555524230002,first physical ID,0.5867737599952213
2048,3,fixed,8,2,regional,262.2950134277344,256.52739943507936,236.44369579583753,221.43577971691406,observed support,253.96042050844574
2048,3,fixed,8,2,group,18.880001068115234,17.061722306915993,4.022104284584246,14.649582127646308,observed support,17.436718499924606
2048,3,fixed,8,2,household,2.2320001125335693,1.6381675250775687,0.12682580760326642,0.7720444454087152,first physical ID,1.8673923455035824
2048,3,fixed,8,12,regional,469.0040283203125,428.2870650331571,1370.540184092328,410.4982099071947,observed support,434.86091018071
2048,3,fixed,8,12,group,27.16499900817871,25.574482079702893,9.561315181817662,24.13601954853039,observed support,26.507970992141342
2048,3,fixed,8,12,household,0.2930000126361847,0.5603518179840403,0.1625566623590878,0.23975555524230002,first physical ID,0.5867737599952213
2048,3,random,2,2,regional,262.2950134277344,261.90266085767485,267.3041436405191,221.43577971691406,observed support,253.96042050844574
2048,3,random,2,2,group,18.880001068115234,17.38119766064982,4.154397648764334,14.649582127646308,observed support,17.436718499924606
2048,3,random,2,2,household,2.2320001125335693,1.686644320857845,0.13264365641452502,0.7720444454087152,first physical ID,1.8673923455035824
2048,3,random,2,12,regional,469.0040283203125,440.86672590089586,1545.6328839081796,410.4982099071947,observed support,434.86091018071
2048,3,random,2,12,group,27.16499900817871,26.301885319826678,10.321268684406625,24.13601954853039,observed support,26.507970992141342
2048,3,random,2,12,household,0.2930000126361847,0.6352170461523627,0.16443586026151796,0.23975555524230002,first physical ID,0.5867737599952213
2048,3,random,4,2,regional,262.2950134277344,260.8918992424486,250.86884121588264,221.43577971691406,observed support,253.96042050844574
2048,3,random,4,2,group,18.880001068115234,17.356945865541835,4.082476324130944,14.649582127646308,observed support,17.436718499924606
2048,3,random,4,2,household,2.2320001125335693,1.7087579148263061,0.12941165429595763,0.7720444454087152,first physical ID,1.8673923455035824
2048,3,random,4,12,regional,469.0040283203125,436.1941459067671,1429.1568972987152,410.4982099071947,observed support,434.86091018071
2048,3,random,4,12,group,27.16499900817871,26.092794921817124,9.811239899050381,24.13601954853039,observed support,26.507970992141342
2048,3,random,4,12,household,0.2930000126361847,0.6753797399090642,0.16336370384635393,0.23975555524230002,first physical ID,0.5867737599952213
2048,3,random,8,2,regional,262.2950134277344,260.2735132676159,235.366907733058,221.43577971691406,observed support,253.96042050844574
2048,3,random,8,2,group,18.880001068115234,17.440694610800627,4.018728242203517,14.649582127646308,observed support,17.436718499924606
2048,3,random,8,2,household,2.2320001125335693,1.672458862721443,0.1267449836114239,0.7720444454087152,first physical ID,1.8673923455035824
2048,3,random,8,12,regional,469.0040283203125,440.55460409417935,1363.9934644048292,410.4982099071947,observed support,434.86091018071
2048,3,random,8,12,group,27.16499900817871,26.499165702077402,9.531901184850202,24.13601954853039,observed support,26.507970992141342
2048,3,random,8,12,household,0.2930000126361847,0.6176397665123156,0.16248867440459042,0.23975555524230002,first physical ID,0.5867737599952213
2048,3,uncertainty,2,2,regional,262.2950134277344,256.9307417456432,272.87850496361096,221.43577971691406,observed support,253.96042050844574
2048,3,uncertainty,2,2,group,18.880001068115234,16.895537945629194,4.171847959023856,14.649582127646308,observed support,17.436718499924606
2048,3,uncertainty,2,2,household,2.2320001125335693,1.4965662079555135,0.13921593568016014,0.7720444454087152,first physical ID,1.8673923455035824
2048,3,uncertainty,2,12,regional,469.0040283203125,418.3251304210014,1567.0938440505035,410.4982099071947,observed support,434.86091018071
2048,3,uncertainty,2,12,group,27.16499900817871,24.652734045392428,10.428495661025355,24.13601954853039,observed support,26.507970992141342
2048,3,uncertainty,2,12,household,0.2930000126361847,0.41769038443925577,0.1648348832321454,0.23975555524230002,first physical ID,0.5867737599952213
2048,3,uncertainty,4,2,regional,262.2950134277344,261.91340425580063,254.52873770217437,221.43577971691406,observed support,253.96042050844574
2048,3,uncertainty,4,2,group,18.880001068115234,17.48401514550341,4.094620873610342,14.649582127646308,observed support,17.436718499924606
2048,3,uncertainty,4,2,household,2.2320001125335693,1.5832145710639698,0.13366881244815446,0.7720444454087152,first physical ID,1.8673923455035824
2048,3,uncertainty,4,12,regional,469.0040283203125,442.44194921507534,1451.615204370881,410.4982099071947,observed support,434.86091018071
2048,3,uncertainty,4,12,group,27.16499900817871,26.481597825088542,9.914638653350025,24.13601954853039,observed support,26.507970992141342
2048,3,uncertainty,4,12,household,0.2930000126361847,0.45358490663581336,0.16346833334972471,0.23975555524230002,first physical ID,0.5867737599952213
2048,3,uncertainty,8,2,regional,262.2950134277344,259.80305693367933,236.767796493881,221.43577971691406,observed support,253.96042050844574
2048,3,uncertainty,8,2,group,18.880001068115234,17.31324172244817,4.026426858118804,14.649582127646308,observed support,17.436718499924606
2048,3,uncertainty,8,2,household,2.2320001125335693,1.6754882955850414,0.12740119782164513,0.7720444454087152,first physical ID,1.8673923455035824
2048,3,uncertainty,8,12,regional,469.0040283203125,439.70043338240555,1390.222926719693,410.4982099071947,observed support,434.86091018071
2048,3,uncertainty,8,12,group,27.16499900817871,26.287447041516902,9.64658627308108,24.13601954853039,observed support,26.507970992141342
2048,3,uncertainty,8,12,household,0.2930000126361847,0.5197955117001634,0.162577596882678,0.23975555524230002,first physical ID,0.5867737599952213
2048,4,fixed_coarse,0,2,regional,577.41796875,553.0786562421056,337.9821562469274,403.14169885313277,observed support,540.5925413178886
2048,4,fixed_coarse,0,2,group,35.63099670410156,32.70310622100192,4.45603751660606,23.71905456338739,observed support,31.698851090211583
2048,4,fixed_coarse,0,2,household,0.12200000137090683,0.6474130835541757,0.15728170594402732,0.13693333342671393,first physical ID,0.3858495616824059
2048,4,fixed_coarse,0,12,regional,249.80999755859375,333.4674134152775,2142.543015302285,210.67351782943447,observed support,275.2228619572343
2048,4,fixed_coarse,0,12,group,17.152000427246094,21.268845467405328,12.953853677887507,13.347259207540933,observed support,17.328625553638588
2048,4,fixed_coarse,0,12,household,2.6019999980926514,1.2120071009515216,0.17056808646937072,0.6567777716451221,first physical ID,1.2474306109006925
2048,4,uniform_fine_stream,16,2,regional,577.41796875,540.5925413178886,222.91557747324939,403.14169885313277,observed support,540.5925413178886
2048,4,uniform_fine_stream,16,2,group,35.63099670410156,31.698851090211583,3.8489870734586615,23.71905456338739,observed support,31.698851090211583
2048,4,uniform_fine_stream,16,2,household,0.12200000137090683,0.3858495616824059,0.08718634229323567,0.13693333342671393,first physical ID,0.3858495616824059
2048,4,uniform_fine_stream,16,12,regional,249.80999755859375,275.2228619572343,1325.9949244914774,210.67351782943447,observed support,275.2228619572343
2048,4,uniform_fine_stream,16,12,group,17.152000427246094,17.328625553638588,9.299925028864244,13.347259207540933,observed support,17.328625553638588
2048,4,uniform_fine_stream,16,12,household,2.6019999980926514,1.2474306109006925,0.16077477056793876,0.6567777716451221,first physical ID,1.2474306109006925
2048,4,fixed,2,2,regional,577.41796875,547.9695366456427,271.2032142463774,403.14169885313277,observed support,540.5925413178886
2048,4,fixed,2,2,group,35.63099670410156,32.29374433150712,4.1667343119064615,23.71905456338739,observed support,31.698851090211583
2048,4,fixed,2,2,household,0.12200000137090683,0.4387360889537822,0.13477512228874977,0.13693333342671393,first physical ID,0.3858495616824059
2048,4,fixed,2,12,regional,249.80999755859375,274.341797559906,1559.8010585870584,210.67351782943447,observed support,275.2228619572343
2048,4,fixed,2,12,group,17.152000427246094,17.49325931115499,10.395229826448176,13.347259207540933,observed support,17.328625553638588
2048,4,fixed,2,12,household,2.6019999980926514,1.3188027116203824,0.16434370670105192,0.6567777716451221,first physical ID,1.2474306109006925
2048,4,fixed,4,2,regional,577.41796875,537.2392988964987,251.1583645925462,403.14169885313277,observed support,540.5925413178886
2048,4,fixed,4,2,group,35.63099670410156,31.389891615695436,4.0809449768627175,23.71905456338739,observed support,31.698851090211583
2048,4,fixed,4,2,household,0.12200000137090683,0.39742313983527033,0.13003435659863125,0.13693333342671393,first physical ID,0.3858495616824059
2048,4,fixed,4,12,regional,249.80999755859375,242.4850201047285,1435.5523163181338,210.67351782943447,observed support,275.2228619572343
2048,4,fixed,4,12,group,17.152000427246094,15.266485295580397,9.859429028590142,13.347259207540933,observed support,17.328625553638588
2048,4,fixed,4,12,household,2.6019999980926514,1.2563543860935638,0.16333539895011187,0.6567777716451221,first physical ID,1.2474306109006925
2048,4,fixed,8,2,regional,577.41796875,537.0670543586889,235.2492398589974,403.14169885313277,observed support,540.5925413178886
2048,4,fixed,8,2,group,35.63099670410156,31.524091007088682,4.018194167645104,23.71905456338739,observed support,31.698851090211583
2048,4,fixed,8,2,household,0.12200000137090683,0.3915500470924614,0.12664957654925052,0.13693333342671393,first physical ID,0.3858495616824059
2048,4,fixed,8,12,regional,249.80999755859375,265.29678920371646,1363.6714222097098,210.67351782943447,observed support,275.2228619572343
2048,4,fixed,8,12,group,17.152000427246094,16.80041819979754,9.541607413167497,13.347259207540933,observed support,17.328625553638588
2048,4,fixed,8,12,household,2.6019999980926514,1.2480385524197177,0.16246413838668913,0.6567777716451221,first physical ID,1.2474306109006925
2048,4,random,2,2,regional,577.41796875,552.180729238763,270.0028373657638,403.14169885313277,observed support,540.5925413178886
2048,4,random,2,2,group,35.63099670410156,32.69365667202277,4.162959088469115,23.71905456338739,observed support,31.698851090211583
2048,4,random,2,2,household,0.12200000137090683,0.4617267513380653,0.13496450412560734,0.13693333342671393,first physical ID,0.3858495616824059
2048,4,random,2,12,regional,249.80999755859375,328.53319305759436,1596.7677620505933,210.67351782943447,observed support,275.2228619572343
2048,4,random,2,12,group,17.152000427246094,21.033509624669872,10.557094299627142,13.347259207540933,observed support,17.328625553638588
2048,4,random,2,12,household,2.6019999980926514,1.190310234775935,0.1643895543478887,0.6567777716451221,first physical ID,1.2474306109006925
2048,4,random,4,2,regional,577.41796875,541.0180434570115,253.2205916076289,403.14169885313277,observed support,540.5925413178886
2048,4,random,4,2,group,35.63099670410156,31.754460922187768,4.091586986522374,23.71905456338739,observed support,31.698851090211583
2048,4,random,4,2,household,0.12200000137090683,0.340357302247348,0.131726557340667,0.13693333342671393,first physical ID,0.3858495616824059
2048,4,random,4,12,regional,249.80999755859375,279.77537531651785,1477.1043811877837,210.67351782943447,observed support,275.2228619572343
2048,4,random,4,12,group,17.152000427246094,17.6983950782828,10.03832864803935,13.347259207540933,observed support,17.328625553638588
2048,4,random,4,12,household,2.6019999980926514,1.1879557519584485,0.1634744049156154,0.6567777716451221,first physical ID,1.2474306109006925
2048,4,random,8,2,regional,577.41796875,539.2735809925433,236.6629341438836,403.14169885313277,observed support,540.5925413178886
2048,4,random,8,2,group,35.63099670410156,31.594051445566492,4.025992316049404,23.71905456338739,observed support,31.698851090211583
2048,4,random,8,2,household,0.12200000137090683,0.41078132935098577,0.12766542168645106,0.13693333342671393,first physical ID,0.3858495616824059
2048,4,random,8,12,regional,249.80999755859375,268.4295239672044,1381.7337363965332,210.67351782943447,observed support,275.2228619572343
2048,4,random,8,12,group,17.152000427246094,17.009277185793927,9.62305506499297,13.347259207540933,observed support,17.328625553638588
2048,4,random,8,12,household,2.6019999980926514,1.2779090062659206,0.16245496739904375,0.6567777716451221,first physical ID,1.2474306109006925
2048,4,uncertainty,2,2,regional,577.41796875,530.1389532954261,272.85334008256257,403.14169885313277,observed support,540.5925413178886
2048,4,uncertainty,2,2,group,35.63099670410156,30.957539253180293,4.171759249657361,23.71905456338739,observed support,31.698851090211583
2048,4,uncertainty,2,2,household,0.12200000137090683,0.3664516754025402,0.1392128163409301,0.13693333342671393,first physical ID,0.3858495616824059
2048,4,uncertainty,2,12,regional,249.80999755859375,241.2331821548332,1564.5405500108775,210.67351782943447,observed support,275.2228619572343
2048,4,uncertainty,2,12,group,17.152000427246094,15.145888460472042,10.428308788575952,13.347259207540933,observed support,17.328625553638588
2048,4,uncertainty,2,12,household,2.6019999980926514,1.1887671021142774,0.16483506747442417,0.6567777716451221,first physical ID,1.2474306109006925
2048,4,uncertainty,4,2,regional,577.41796875,540.4066238715566,254.52000061058158,403.14169885313277,observed support,540.5925413178886
2048,4,uncertainty,4,2,group,35.63099670410156,31.53050938909693,4.094585536282278,23.71905456338739,observed support,31.698851090211583
2048,4,uncertainty,4,2,household,0.12200000137090683,0.3426206152767824,0.13366710288233455,0.13693333342671393,first physical ID,0.3858495616824059
2048,4,uncertainty,4,12,regional,249.80999755859375,261.31021565953574,1449.2839228396942,210.67351782943447,observed support,275.2228619572343
2048,4,uncertainty,4,12,group,17.152000427246094,16.51892067884713,9.91457399899699,13.347259207540933,observed support,17.328625553638588
2048,4,uncertainty,4,12,household,2.6019999980926514,1.2455155981448711,0.16346846863204603,0.6567777716451221,first physical ID,1.2474306109006925
2048,4,uncertainty,8,2,regional,577.41796875,550.6189434853912,236.7664079656913,403.14169885313277,observed support,540.5925413178886
2048,4,uncertainty,8,2,group,35.63099670410156,32.199039550432616,4.026415984909668,23.71905456338739,observed support,31.698851090211583
2048,4,uncertainty,8,2,household,0.12200000137090683,0.3286720907975318,0.12740113835572187,0.13693333342671393,first physical ID,0.3858495616824059
2048,4,uncertainty,8,12,regional,249.80999755859375,286.0723023892714,1387.9786377785663,210.67351782943447,observed support,275.2228619572343
2048,4,uncertainty,8,12,group,17.152000427246094,18.077559412573283,9.646542459445744,13.347259207540933,observed support,17.328625553638588
2048,4,uncertainty,8,12,household,2.6019999980926514,1.2341395682792875,0.16257760430920265,0.6567777716451221,first physical ID,1.2474306109006925
2048,5,fixed_coarse,0,2,regional,804.5909423828125,765.6527934532176,337.21846293292066,590.9695256207392,observed support,776.1211979155793
2048,5,fixed_coarse,0,2,group,54.26900100708008,50.56659723963746,4.455508258501562,37.69644011156577,observed support,51.17959112029385
2048,5,fixed_coarse,0,2,household,0.07999999821186066,0.6434066152536602,0.15706610403099247,0.22555555370118882,first physical ID,0.16416743431265124
2048,5,fixed_coarse,0,12,regional,433.47601318359375,443.6041620260539,2142.194203654635,306.3550870841851,observed support,407.21086658973394
2048,5,fixed_coarse,0,12,group,27.46099853515625,29.395936669639635,12.94680656765128,20.0515879069962,observed support,26.765598099009914
2048,5,fixed_coarse,0,12,household,3.0390000343322754,2.313486821229085,0.17052606710531332,1.7317111076580154,first physical ID,2.293760651994792
2048,5,uniform_fine_stream,16,2,regional,804.5909423828125,776.1211979155793,222.54602944930855,590.9695256207392,observed support,776.1211979155793
2048,5,uniform_fine_stream,16,2,group,54.26900100708008,51.17959112029385,3.8490478300546807,37.69644011156577,observed support,51.17959112029385
2048,5,uniform_fine_stream,16,2,household,0.07999999821186066,0.16416743431265124,0.08718763604991911,0.22555555370118882,first physical ID,0.16416743431265124
2048,5,uniform_fine_stream,16,12,regional,433.47601318359375,407.21086658973394,1326.967981600706,306.3550870841851,observed support,407.21086658973394
2048,5,uniform_fine_stream,16,12,group,27.46099853515625,26.765598099009914,9.29993873441593,20.0515879069962,observed support,26.765598099009914
2048,5,uniform_fine_stream,16,12,household,3.0390000343322754,2.293760651994792,0.16077495115477142,1.7317111076580154,first physical ID,2.293760651994792
2048,5,fixed,2,2,regional,804.5909423828125,770.2890279048347,268.54537884389583,590.9695256207392,observed support,776.1211979155793
2048,5,fixed,2,2,group,54.26900100708008,50.508779116637555,4.1599297178550385,37.69644011156577,observed support,51.17959112029385
2048,5,fixed,2,2,household,0.07999999821186066,0.35731749968807364,0.1350543413170519,0.22555555370118882,first physical ID,0.16416743431265124
2048,5,fixed,2,12,regional,433.47601318359375,398.12413667462835,1544.7273181687697,306.3550870841851,observed support,407.21086658973394
2048,5,fixed,2,12,group,27.46099853515625,25.96153594039544,10.337439625797215,20.0515879069962,observed support,26.765598099009914
2048,5,fixed,2,12,household,3.0390000343322754,2.242493588444854,0.1644522193895725,1.7317111076580154,first physical ID,2.293760651994792
2048,5,fixed,4,2,regional,804.5909423828125,780.165125668261,249.9126894446387,590.9695256207392,observed support,776.1211979155793
2048,5,fixed,4,2,group,54.26900100708008,51.14216000603526,4.0789128101039545,37.69644011156577,observed support,51.17959112029385
2048,5,fixed,4,2,household,0.07999999821186066,0.28780820780661465,0.13029223488168198,0.22555555370118882,first physical ID,0.16416743431265124
2048,5,fixed,4,12,regional,433.47601318359375,396.99111210457164,1431.6937340745262,306.3550870841851,observed support,407.21086658973394
2048,5,fixed,4,12,group,27.46099853515625,25.99267329655383,9.84091203641401,20.0515879069962,observed support,26.765598099009914
2048,5,fixed,4,12,household,3.0390000343322754,2.331247869442043,0.16340177725659263,1.7317111076580154,first physical ID,2.293760651994792
2048,5,fixed,8,2,regional,804.5909423828125,779.1115263162052,234.48257537448893,590.9695256207392,observed support,776.1211979155793
2048,5,fixed,8,2,group,54.26900100708008,51.02622124234443,4.017155775109488,37.69644011156577,observed support,51.17959112029385
2048,5,fixed,8,2,household,0.07999999821186066,0.2842775453544425,0.12667268050605063,0.22555555370118882,first physical ID,0.16416743431265124
2048,5,fixed,8,12,regional,433.47601318359375,395.14061646776486,1362.2704728588908,306.3550870841851,observed support,407.21086658973394
2048,5,fixed,8,12,group,27.46099853515625,25.904296379810148,9.531416655264701,20.0515879069962,observed support,26.765598099009914
2048,5,fixed,8,12,household,3.0390000343322754,2.388963241173648,0.16247612490880442,1.7317111076580154,first physical ID,2.293760651994792
2048,5,random,2,2,regional,804.5909423828125,773.9138993808033,266.8045927887259,590.9695256207392,observed support,776.1211979155793
2048,5,random,2,2,group,54.26900100708008,50.91591693463525,4.141217369362765,37.69644011156577,observed support,51.17959112029385
2048,5,random,2,2,household,0.07999999821186066,0.33032312061155983,0.13355208961325574,0.22555555370118882,first physical ID,0.16416743431265124
2048,5,random,2,12,regional,433.47601318359375,399.6615200698784,1472.6839553275595,306.3550870841851,observed support,407.21086658973394
2048,5,random,2,12,group,27.46099853515625,26.440572572229627,10.003259883417654,20.0515879069962,observed support,26.765598099009914
2048,5,random,2,12,household,3.0390000343322754,2.2973913675335735,0.1644389101853428,1.7317111076580154,first physical ID,2.293760651994792
2048,5,random,4,2,regional,804.5909423828125,766.3248449650927,251.399948220933,590.9695256207392,observed support,776.1211979155793
2048,5,random,4,2,group,54.26900100708008,50.796277824542955,3.9558023822164703,37.69644011156577,observed support,51.17959112029385
2048,5,random,4,2,household,0.07999999821186066,0.22243615712015907,0.08859983237395672,0.22555555370118882,first physical ID,0.16416743431265124
2048,5,random,4,12,regional,433.47601318359375,405.7205668483322,1421.3100319668522,306.3550870841851,observed support,407.21086658973394
2048,5,random,4,12,group,27.46099853515625,26.891379245423742,9.670905496305037,20.0515879069962,observed support,26.765598099009914
2048,5,random,4,12,household,3.0390000343322754,2.2152698980467065,0.16219415311873944,1.7317111076580154,first physical ID,2.293760651994792
2048,5,random,8,2,regional,804.5909423828125,768.9323419321875,236.59098708018465,590.9695256207392,observed support,776.1211979155793
2048,5,random,8,2,group,54.26900100708008,50.999980832659745,3.9005049705425305,37.69644011156577,observed support,51.17959112029385
2048,5,random,8,2,household,0.07999999821186066,0.22519480938080855,0.08781208320372574,0.22555555370118882,first physical ID,0.16416743431265124
2048,5,random,8,12,regional,433.47601318359375,407.7137963153891,1363.7524534266468,306.3550870841851,observed support,407.21086658973394
2048,5,random,8,12,group,27.46099853515625,27.05997868130845,9.44400991034711,20.0515879069962,observed support,26.765598099009914
2048,5,random,8,12,household,3.0390000343322754,2.267972326877859,0.16133732612046203,1.7317111076580154,first physical ID,2.293760651994792
2048,5,uncertainty,2,2,regional,804.5909423828125,774.6423447641491,272.421169696835,590.9695256207392,observed support,776.1211979155793
2048,5,uncertainty,2,2,group,54.26900100708008,50.710835326379275,4.17217191578695,37.69644011156577,observed support,51.17959112029385
2048,5,uncertainty,2,2,household,0.07999999821186066,0.3285632159299633,0.13935159196091726,0.22555555370118882,first physical ID,0.16416743431265124
2048,5,uncertainty,2,12,regional,433.47601318359375,395.2475970186733,1565.6366939242419,306.3550870841851,observed support,407.21086658973394
2048,5,uncertainty,2,12,group,27.46099853515625,25.757495894615626,10.428490224459896,20.0515879069962,observed support,26.765598099009914
2048,5,uncertainty,2,12,household,3.0390000343322754,2.2904055718331717,0.1648363008257225,1.7317111076580154,first physical ID,2.293760651994792
2048,5,uncertainty,4,2,regional,804.5909423828125,770.432917107095,254.10318466400312,590.9695256207392,observed support,776.1211979155793
2048,5,uncertainty,4,2,group,54.26900100708008,50.53082146517042,4.094822657570122,37.69644011156577,observed support,51.17959112029385
2048,5,uncertainty,4,2,household,0.07999999821186066,0.37995241098172683,0.13374145607755952,0.22555555370118882,first physical ID,0.16416743431265124
2048,5,uncertainty,4,12,regional,433.47601318359375,399.9467049426785,1450.305056855872,306.3550870841851,observed support,407.21086658973394
2048,5,uncertainty,4,12,group,27.46099853515625,26.264389785867557,9.914612394116176,20.0515879069962,observed support,26.765598099009914
2048,5,uncertainty,4,12,household,3.0390000343322754,2.2660298624609725,0.16346949868471636,1.7317111076580154,first physical ID,2.293760651994792
2048,5,uncertainty,8,2,regional,804.5909423828125,781.5120218879188,236.38918337163165,590.9695256207392,observed support,776.1211979155793
2048,5,uncertainty,8,2,group,54.26900100708008,51.20633308237058,4.026586586531622,37.69644011156577,observed support,51.17959112029385
2048,5,uncertainty,8,2,household,0.07999999821186066,0.3034687249480633,0.12741829353262663,0.22555555370118882,first physical ID,0.16416743431265124
2048,5,uncertainty,8,12,regional,433.47601318359375,418.72005223747294,1388.9936021251217,306.3550870841851,observed support,407.21086658973394
2048,5,uncertainty,8,12,group,27.46099853515625,27.48281905645546,9.64660214140453,20.0515879069962,observed support,26.765598099009914
2048,5,uncertainty,8,12,household,3.0390000343322754,2.2753947500666047,0.16257901595516577,1.7317111076580154,first physical ID,2.293760651994792
2048,6,fixed_coarse,0,2,regional,631.8909912109375,612.2374670649597,337.7293048629164,469.5328648495823,observed support,624.8685832987069
2048,6,fixed_coarse,0,2,group,38.71299743652344,36.87939125100171,4.456332016313374,28.10125507368626,observed support,37.406767127829795
2048,6,fixed_coarse,0,2,household,0.12399999797344208,0.3755503447470472,0.1573265564127848,0.12777777736385662,first physical ID,0.2591607308088518
2048,6,fixed_coarse,0,12,regional,718.240966796875,647.6157867401903,2143.0187709535135,552.3773313003459,observed support,671.27544503273
2048,6,fixed_coarse,0,12,group,44.506996154785156,40.73094569949841,12.950445547426106,34.685575623191426,observed support,41.79566232250281
2048,6,fixed_coarse,0,12,household,0.17399999499320984,0.6957679864055903,0.17056413458900732,0.20339999952250057,first physical ID,0.6039682963030656
2048,6,uniform_fine_stream,16,2,regional,631.8909912109375,624.8685832987069,222.8754281981179,469.5328648495823,observed support,624.8685832987069
2048,6,uniform_fine_stream,16,2,group,38.71299743652344,37.406767127829795,3.848986519755507,28.10125507368626,observed support,37.406767127829795
2048,6,uniform_fine_stream,16,2,household,0.12399999797344208,0.2591607308088518,0.08718622255778062,0.12777777736385662,first physical ID,0.2591607308088518
2048,6,uniform_fine_stream,16,12,regional,718.240966796875,671.27544503273,1326.9613153121745,552.3773313003459,observed support,671.27544503273
2048,6,uniform_fine_stream,16,12,group,44.506996154785156,41.79566232250281,9.299922397591331,34.685575623191426,observed support,41.79566232250281
2048,6,uniform_fine_stream,16,12,household,0.17399999499320984,0.6039682963030656,0.1607747561730245,0.20339999952250057,first physical ID,0.6039682963030656
2048,6,fixed,2,2,regional,631.8909912109375,622.9134507777354,267.69184784799097,469.5328648495823,observed support,624.8685832987069
2048,6,fixed,2,2,group,38.71299743652344,37.677975440185065,4.146966881833392,28.10125507368626,observed support,37.406767127829795
2048,6,fixed,2,2,household,0.12399999797344208,0.3707558336454983,0.13497200579763982,0.12777777736385662,first physical ID,0.2591607308088518
2048,6,fixed,2,12,regional,718.240966796875,680.9119066913273,1509.478287589658,552.3773313003459,observed support,671.27544503273
2048,6,fixed,2,12,group,44.506996154785156,42.84922120211372,10.184115190414134,34.685575623191426,observed support,41.79566232250281
2048,6,fixed,2,12,household,0.17399999499320984,0.5572962747084792,0.16456761438858722,0.20339999952250057,first physical ID,0.6039682963030656
2048,6,fixed,4,2,regional,631.8909912109375,619.0432215073532,250.87333082436214,469.5328648495823,observed support,624.8685832987069
2048,6,fixed,4,2,group,38.71299743652344,37.57905222162463,4.080511358525021,28.10125507368626,observed support,37.406767127829795
2048,6,fixed,4,2,household,0.12399999797344208,0.4477033366092682,0.13024549361218454,0.12777777736385662,first physical ID,0.2591607308088518
2048,6,fixed,4,12,regional,718.240966796875,684.0966296005896,1438.0216831668413,552.3773313003459,observed support,671.27544503273
2048,6,fixed,4,12,group,44.506996154785156,43.22375491703543,9.86475390728555,34.685575623191426,observed support,41.79566232250281
2048,6,fixed,4,12,household,0.17399999499320984,0.6082258871798801,0.16353715506642064,0.20339999952250057,first physical ID,0.6039682963030656
2048,6,fixed,8,2,regional,631.8909912109375,617.500382513701,235.3491116540836,469.5328648495823,observed support,624.8685832987069
2048,6,fixed,8,2,group,38.71299743652344,37.47963089609539,4.018154002585693,28.10125507368626,observed support,37.406767127829795
2048,6,fixed,8,2,household,0.12399999797344208,0.41028277666027047,0.12710314478685894,0.12777777736385662,first physical ID,0.2591607308088518
2048,6,fixed,8,12,regional,718.240966796875,679.705130110995,1361.8492450557753,552.3773313003459,observed support,671.27544503273
2048,6,fixed,8,12,group,44.506996154785156,43.06856866075863,9.527872029955805,34.685575623191426,observed support,41.79566232250281
2048,6,fixed,8,12,household,0.17399999499320984,0.6452677952504384,0.16247737673486545,0.20339999952250057,first physical ID,0.6039682963030656
2048,6,random,2,2,regional,631.8909912109375,621.7800999737631,272.37358995769097,469.5328648495823,observed support,624.8685832987069
2048,6,random,2,2,group,38.71299743652344,37.70409619253507,4.168915943291127,28.10125507368626,observed support,37.406767127829795
2048,6,random,2,2,household,0.12399999797344208,0.3036405994927339,0.13819547099480836,0.12777777736385662,first physical ID,0.2591607308088518
2048,6,random,2,12,regional,718.240966796875,693.5880345319413,1531.2139633445577,552.3773313003459,observed support,671.27544503273
2048,6,random,2,12,group,44.506996154785156,43.90766714194727,10.270990945060008,34.685575623191426,observed support,41.79566232250281
2048,6,random,2,12,household,0.17399999499320984,0.5982818377106964,0.1643513458261797,0.20339999952250057,first physical ID,0.6039682963030656
2048,6,random,4,2,regional,631.8909912109375,626.7905472908126,253.61470339920535,469.5328648495823,observed support,624.8685832987069
2048,6,random,4,2,group,38.71299743652344,37.81704273894557,4.094661616176824,28.10125507368626,observed support,37.406767127829795
2048,6,random,4,2,household,0.12399999797344208,0.2071413088767446,0.13175684202065693,0.12777777736385662,first physical ID,0.2591607308088518
2048,6,random,4,12,regional,718.240966796875,670.5135261546168,1444.348574537958,552.3773313003459,observed support,671.27544503273
2048,6,random,4,12,group,44.506996154785156,42.37560366668401,9.890658448763055,34.685575623191426,observed support,41.79566232250281
2048,6,random,4,12,household,0.17399999499320984,0.6460453404893158,0.16326569770555843,0.20339999952250057,first physical ID,0.6039682963030656
2048,6,random,8,2,regional,631.8909912109375,630.511050113272,235.38326705124211,469.5328648495823,observed support,624.8685832987069
2048,6,random,8,2,group,38.71299743652344,38.15657636818916,4.02036281017886,28.10125507368626,observed support,37.406767127829795
2048,6,random,8,2,household,0.12399999797344208,0.2504261769260169,0.12717868857983594,0.12777777736385662,first physical ID,0.2591607308088518
2048,6,random,8,12,regional,718.240966796875,681.8061051562231,1372.6714171654287,552.3773313003459,observed support,671.27544503273
2048,6,random,8,12,group,44.506996154785156,43.108852632626764,9.58041397720034,34.685575623191426,observed support,41.79566232250281
2048,6,random,8,12,household,0.17399999499320984,0.6010302005495682,0.16247143399538638,0.20339999952250057,first physical ID,0.6039682963030656
2048,6,uncertainty,2,2,regional,631.8909912109375,621.877463671201,272.70279268360855,469.5328648495823,observed support,624.8685832987069
2048,6,uncertainty,2,2,group,38.71299743652344,37.63759583009687,4.1717177836132215,28.10125507368626,observed support,37.406767127829795
2048,6,uncertainty,2,2,household,0.12399999797344208,0.306582504753521,0.13920777754421676,0.12777777736385662,first physical ID,0.2591607308088518
2048,6,uncertainty,2,12,regional,718.240966796875,667.6150916930599,1565.5502850832183,552.3773313003459,observed support,671.27544503273
2048,6,uncertainty,2,12,group,44.506996154785156,42.06387011617248,10.42806220935445,34.685575623191426,observed support,41.79566232250281
2048,6,uncertainty,2,12,household,0.17399999499320984,0.6231562299086982,0.1648346650052422,0.20339999952250057,first physical ID,0.6039682963030656
2048,6,uncertainty,4,2,regional,631.8909912109375,614.9633634265971,254.42396647244183,469.5328648495823,observed support,624.8685832987069
2048,6,uncertainty,4,2,group,38.71299743652344,37.32860335332229,4.094571902113238,28.10125507368626,observed support,37.406767127829795
2048,6,uncertainty,4,2,household,0.12399999797344208,0.3006680692784953,0.13366413525102036,0.12777777736385662,first physical ID,0.2591607308088518
2048,6,uncertainty,4,12,regional,718.240966796875,663.0367082784301,1450.2886836700259,552.3773313003459,observed support,671.27544503273
2048,6,uncertainty,4,12,group,44.506996154785156,41.957416543943744,9.914522034840921,34.685575623191426,observed support,41.79566232250281
2048,6,uncertainty,4,12,household,0.17399999499320984,0.6387210095546105,0.1634682902394146,0.20339999952250057,first physical ID,0.6039682963030656
2048,6,uncertainty,8,2,regional,631.8909912109375,614.28666886206,236.7013055172628,469.5328648495823,observed support,624.8685832987069
2048,6,uncertainty,8,2,group,38.71299743652344,37.306720570997136,4.026411777456332,28.10125507368626,observed support,37.406767127829795
2048,6,uncertainty,8,2,household,0.12399999797344208,0.3177631274618418,0.12740053757124478,0.12777777736385662,first physical ID,0.2591607308088518
2048,6,uncertainty,8,12,regional,718.240966796875,656.7324019037186,1388.9703812563853,552.3773313003459,observed support,671.27544503273
2048,6,uncertainty,8,12,group,44.506996154785156,41.60865918119411,9.646527175143643,34.685575623191426,observed support,41.79566232250281
2048,6,uncertainty,8,12,household,0.17399999499320984,0.6299346498556683,0.16257759195984073,0.20339999952250057,first physical ID,0.6039682963030656
2048,7,fixed_coarse,0,2,regional,683.885009765625,654.9726367817022,337.81784110535943,501.6232869627713,observed support,642.8793354294986
2048,7,fixed_coarse,0,2,group,39.57999801635742,38.93760033633442,4.456739386912094,29.40000398600558,observed support,38.976019770675045
2048,7,fixed_coarse,0,2,household,0.1379999965429306,0.3111429550853678,0.15733265373978952,0.3002325580563656,first physical ID,0.38885286883285297
2048,7,fixed_coarse,0,12,regional,875.1799926757812,777.0093156807819,2144.0132618987477,619.0180487504093,observed support,777.2755016684841
2048,7,fixed_coarse,0,12,group,58.94599914550781,48.41334428934094,12.954696471451513,38.31415183683752,observed support,48.59685112215188
2048,7,fixed_coarse,0,12,household,0.13199999928474426,0.4653864614403841,0.17056757663533517,0.20165116166652636,first physical ID,0.4486052742878419
2048,7,uniform_fine_stream,16,2,regional,683.885009765625,642.8793354294986,222.8754063951794,501.6232869627713,observed support,642.8793354294986
2048,7,uniform_fine_stream,16,2,group,39.57999801635742,38.976019770675045,3.8489864544078536,29.40000398600558,observed support,38.976019770675045
2048,7,uniform_fine_stream,16,2,household,0.1379999965429306,0.38885286883285297,0.08718622109142521,0.3002325580563656,first physical ID,0.38885286883285297
2048,7,uniform_fine_stream,16,12,regional,875.1799926757812,777.2755016684841,1326.9612864274789,619.0180487504093,observed support,777.2755016684841
2048,7,uniform_fine_stream,16,12,group,58.94599914550781,48.59685112215188,9.299922335449725,38.31415183683752,observed support,48.59685112215188
2048,7,uniform_fine_stream,16,12,household,0.13199999928474426,0.4486052742878419,0.16077475609979486,0.20165116166652636,first physical ID,0.4486052742878419
2048,7,fixed,2,2,regional,683.885009765625,647.9400631557676,267.76260131171955,501.6232869627713,observed support,642.8793354294986
2048,7,fixed,2,2,group,39.57999801635742,38.67307259183955,4.147632939197461,29.40000398600558,observed support,38.976019770675045
2048,7,fixed,2,2,household,0.1379999965429306,0.4196326176466673,0.13528013798281807,0.3002325580563656,first physical ID,0.38885286883285297
2048,7,fixed,2,12,regional,875.1799926757812,781.6226405228612,1512.5718194360174,619.0180487504093,observed support,777.2755016684841
2048,7,fixed,2,12,group,58.94599914550781,48.87706046192869,10.192878155829568,38.31415183683752,observed support,48.59685112215188
2048,7,fixed,2,12,household,0.13199999928474426,0.46033340963326563,0.1646468762059377,0.20165116166652636,first physical ID,0.4486052742878419
2048,7,fixed,4,2,regional,683.885009765625,640.047025560356,250.14578350888576,501.6232869627713,observed support,642.8793354294986
2048,7,fixed,4,2,group,39.57999801635742,38.08684987427543,4.075933571625195,29.40000398600558,observed support,38.976019770675045
2048,7,fixed,4,2,household,0.1379999965429306,0.5391149196899641,0.12960438813066105,0.3002325580563656,first physical ID,0.38885286883285297
2048,7,fixed,4,12,regional,875.1799926757812,771.1123495381098,1419.2919358686058,619.0180487504093,observed support,777.2755016684841
2048,7,fixed,4,12,group,58.94599914550781,48.202160385762795,9.774178841556573,38.31415183683752,observed support,48.59685112215188
2048,7,fixed,4,12,household,0.13199999928474426,0.4787935204394453,0.16347140198590546,0.20165116166652636,first physical ID,0.4486052742878419
2048,7,fixed,8,2,regional,683.885009765625,641.0894942259562,235.37831948590573,501.6232869627713,observed support,642.8793354294986
2048,7,fixed,8,2,group,39.57999801635742,38.276822491868714,4.017768196826616,29.40000398600558,observed support,38.976019770675045
2048,7,fixed,8,2,household,0.1379999965429306,0.5079976898915638,0.1268353038893074,0.3002325580563656,first physical ID,0.38885286883285297
2048,7,fixed,8,12,regional,875.1799926757812,772.8539827397854,1363.1187990396984,619.0180487504093,observed support,777.2755016684841
2048,7,fixed,8,12,group,58.94599914550781,48.39348482225123,9.53124825173489,38.31415183683752,observed support,48.59685112215188
2048,7,fixed,8,12,household,0.13199999928474426,0.4681999301432669,0.16250400606867005,0.20165116166652636,first physical ID,0.4486052742878419
2048,7,random,2,2,regional,683.885009765625,639.9711202243172,274.46700528551384,501.6232869627713,observed support,642.8793354294986
2048,7,random,2,2,group,39.57999801635742,38.180965529261,4.177077373594582,29.40000398600558,observed support,38.976019770675045
2048,7,random,2,2,household,0.1379999965429306,0.48444053921961516,0.13881529812896481,0.3002325580563656,first physical ID,0.38885286883285297
2048,7,random,2,12,regional,875.1799926757812,783.2626946396886,1543.9174682810683,619.0180487504093,observed support,777.2755016684841
2048,7,random,2,12,group,58.94599914550781,49.058289572385,10.316235185414111,38.31415183683752,observed support,48.59685112215188
2048,7,random,2,12,household,0.13199999928474426,0.32208899700114785,0.16447748154510933,0.20165116166652636,first physical ID,0.4486052742878419
2048,7,random,4,2,regional,683.885009765625,646.0366828172794,250.40985040760762,501.6232869627713,observed support,642.8793354294986
2048,7,random,4,2,group,39.57999801635742,38.429320619145194,4.083675284341454,29.40000398600558,observed support,38.976019770675045
2048,7,random,4,2,household,0.1379999965429306,0.3623558242337075,0.13044847469152987,0.3002325580563656,first physical ID,0.38885286883285297
2048,7,random,4,12,regional,875.1799926757812,768.4638562206143,1453.0287179171173,619.0180487504093,observed support,777.2755016684841
2048,7,random,4,12,group,58.94599914550781,48.08606190243695,9.9285667077206,38.31415183683752,observed support,48.59685112215188
2048,7,random,4,12,household,0.13199999928474426,0.38028802416052354,0.1632166056598362,0.20165116166652636,first physical ID,0.4486052742878419
2048,7,random,8,2,regional,683.885009765625,652.183504401921,235.78514959832808,501.6232869627713,observed support,642.8793354294986
2048,7,random,8,2,group,39.57999801635742,39.40704518882282,3.8986387414151826,29.40000398600558,observed support,38.976019770675045
2048,7,random,8,2,household,0.1379999965429306,0.33337247189645847,0.0878262987832792,0.3002325580563656,first physical ID,0.38885286883285297
2048,7,random,8,12,regional,875.1799926757812,790.7700936530721,1371.6994560968758,619.0180487504093,observed support,777.2755016684841
2048,7,random,8,12,group,58.94599914550781,49.36547167402472,9.479386241763875,38.31415183683752,observed support,48.59685112215188
2048,7,random,8,12,household,0.13199999928474426,0.40426410329172635,0.16135535490213715,0.20165116166652636,first physical ID,0.4486052742878419
2048,7,uncertainty,2,2,regional,683.885009765625,633.8569935064311,272.7040206627006,501.6232869627713,observed support,642.8793354294986
2048,7,uncertainty,2,2,group,39.57999801635742,37.863013198530155,4.171721459799056,29.40000398600558,observed support,38.976019770675045
2048,7,uncertainty,2,2,household,0.1379999965429306,0.44712034740838363,0.13920793768859094,0.3002325580563656,first physical ID,0.38885286883285297
2048,7,uncertainty,2,12,regional,875.1799926757812,766.6184671368201,1565.5703921155643,619.0180487504093,observed support,777.2755016684841
2048,7,uncertainty,2,12,group,58.94599914550781,47.67332860852493,10.428131073072201,38.31415183683752,observed support,48.59685112215188
2048,7,uncertainty,2,12,household,0.13199999928474426,0.28996811684708035,0.16483477281679765,0.20165116166652636,first physical ID,0.4486052742878419
2048,7,uncertainty,4,2,regional,683.885009765625,634.209823571713,254.4242877558588,501.6232869627713,observed support,642.8793354294986
2048,7,uncertainty,4,2,group,39.57999801635742,38.07149307317423,4.094571920580966,29.40000398600558,observed support,38.976019770675045
2048,7,uncertainty,4,2,household,0.1379999965429306,0.5311807404250333,0.13366410561124634,0.3002325580563656,first physical ID,0.38885286883285297
2048,7,uncertainty,4,12,regional,875.1799926757812,777.3496196811593,1450.2936724106205,619.0180487504093,observed support,777.2755016684841
2048,7,uncertainty,4,12,group,58.94599914550781,48.641872587036225,9.914534661850858,38.31415183683752,observed support,48.59685112215188
2048,7,uncertainty,4,12,household,0.13199999928474426,0.3291552733823252,0.1634683434526095,0.20165116166652636,first physical ID,0.4486052742878419
2048,7,uncertainty,8,2,regional,683.885009765625,638.776625693054,236.70130383433406,501.6232869627713,observed support,642.8793354294986
2048,7,uncertainty,8,2,group,39.57999801635742,38.273018440311944,4.026411786115727,29.40000398600558,observed support,38.976019770675045
2048,7,uncertainty,8,2,household,0.1379999965429306,0.530542230536077,0.12740051310384326,0.3002325580563656,first physical ID,0.38885286883285297
2048,7,uncertainty,8,12,regional,875.1799926757812,771.0647126861535,1388.9704082006592,619.0180487504093,observed support,777.2755016684841
2048,7,uncertainty,8,12,group,58.94599914550781,48.29088125715928,9.646527313374772,38.31415183683752,observed support,48.59685112215188
2048,7,uncertainty,8,12,household,0.13199999928474426,0.4452028376666741,0.16257758942147524,0.20165116166652636,first physical ID,0.4486052742878419
2048,8,fixed_coarse,0,2,regional,503.6930236816406,491.7110060844173,335.8070210797241,413.3912328179293,observed support,480.132008050008
2048,8,fixed_coarse,0,2,group,27.410001754760742,30.32947906053895,4.452159599903383,25.732773263448188,observed support,29.95282152940022
2048,8,fixed_coarse,0,2,household,0.035999998450279236,0.3828046090351331,0.15742477066632446,0.2190652167343575,first physical ID,0.24186378229152164
2048,8,fixed_coarse,0,12,regional,769.072021484375,710.8820421292739,2137.358858449891,609.7177954138783,observed support,724.5986342673366
2048,8,fixed_coarse,0,12,group,47.52299880981445,44.11294558694794,12.93479035099621,37.53634204003327,observed support,45.0174030394801
2048,8,fixed_coarse,0,12,household,0.36500000953674316,0.3802265958389437,0.17063071852167633,0.23426086909097174,first physical ID,0.2622558975017777
2048,8,uniform_fine_stream,16,2,regional,503.6930236816406,480.132008050008,222.14008608071686,413.3912328179293,observed support,480.132008050008
2048,8,uniform_fine_stream,16,2,group,27.410001754760742,29.95282152940022,3.849471474975509,25.732773263448188,observed support,29.95282152940022
2048,8,uniform_fine_stream,16,2,household,0.035999998450279236,0.24186378229152164,0.08719539889105717,0.2190652167343575,first physical ID,0.24186378229152164
2048,8,uniform_fine_stream,16,12,regional,769.072021484375,724.5986342673366,1324.5340460438583,609.7177954138783,observed support,724.5986342673366
2048,8,uniform_fine_stream,16,12,group,47.52299880981445,45.0174030394801,9.300597265288323,37.53634204003327,observed support,45.0174030394801
2048,8,uniform_fine_stream,16,12,household,0.36500000953674316,0.2622558975017777,0.16078397940365363,0.23426086909097174,first physical ID,0.2622558975017777
2048,8,fixed,2,2,regional,503.6930236816406,497.23763078103104,269.30879812786105,413.3912328179293,observed support,480.132008050008
2048,8,fixed,2,2,group,27.410001754760742,30.828353392422844,4.165509537178454,25.732773263448188,observed support,29.95282152940022
2048,8,fixed,2,2,household,0.035999998450279236,0.40260669762470486,0.13536211427973696,0.2190652167343575,first physical ID,0.24186378229152164
2048,8,fixed,2,12,regional,769.072021484375,775.5663157375587,1560.8421001251022,609.7177954138783,observed support,724.5986342673366
2048,8,fixed,2,12,group,47.52299880981445,48.27021721101864,10.405676104104565,37.53634204003327,observed support,45.0174030394801
2048,8,fixed,2,12,household,0.36500000953674316,0.2751792779970472,0.1648066596633849,0.23426086909097174,first physical ID,0.2622558975017777
2048,8,fixed,4,2,regional,503.6930236816406,485.1578001754336,249.84945604201943,413.3912328179293,observed support,480.132008050008
2048,8,fixed,4,2,group,27.410001754760742,30.032119936290727,4.081672726659232,25.732773263448188,observed support,29.95282152940022
2048,8,fixed,4,2,household,0.035999998450279236,0.2928429279067489,0.13037728393096606,0.2190652167343575,first physical ID,0.24186378229152164
2048,8,fixed,4,12,regional,769.072021484375,750.3032339483848,1424.1753367718588,609.7177954138783,observed support,724.5986342673366
2048,8,fixed,4,12,group,47.52299880981445,46.534850449058546,9.80612839778279,37.53634204003327,observed support,45.0174030394801
2048,8,fixed,4,12,household,0.36500000953674316,0.18595756815960074,0.16329288988349744,0.23426086909097174,first physical ID,0.2622558975017777
2048,8,fixed,8,2,regional,503.6930236816406,478.7749096145453,235.44039645907003,413.3912328179293,observed support,480.132008050008
2048,8,fixed,8,2,group,27.410001754760742,29.63844036868182,4.023584913127039,25.732773263448188,observed support,29.95282152940022
2048,8,fixed,8,2,household,0.035999998450279236,0.37753558931205494,0.12733916724075336,0.2190652167343575,first physical ID,0.24186378229152164
2048,8,fixed,8,12,regional,769.072021484375,735.6316870145318,1367.9776816100293,609.7177954138783,observed support,724.5986342673366
2048,8,fixed,8,12,group,47.52299880981445,45.660012592318566,9.562509714496908,37.53634204003327,observed support,45.0174030394801
2048,8,fixed,8,12,household,0.36500000953674316,0.27055056949464884,0.1625687559385286,0.23426086909097174,first physical ID,0.2622558975017777
2048,8,random,2,2,regional,503.6930236816406,497.08145989077053,273.3250876829877,413.3912328179293,observed support,480.132008050008
2048,8,random,2,2,group,27.410001754760742,30.75428814229757,4.177721227002716,25.732773263448188,observed support,29.95282152940022
2048,8,random,2,2,household,0.035999998450279236,0.35956465851090413,0.13595942346078455,0.2190652167343575,first physical ID,0.24186378229152164
2048,8,random,2,12,regional,769.072021484375,725.7808790057845,1581.5208070914834,609.7177954138783,observed support,724.5986342673366
2048,8,random,2,12,group,47.52299880981445,45.06572873255546,10.477755373733078,37.53634204003327,observed support,45.0174030394801
2048,8,random,2,12,household,0.36500000953674316,0.3850320673864206,0.16510789256237354,0.23426086909097174,first physical ID,0.2622558975017777
2048,8,random,4,2,regional,503.6930236816406,501.2053382215135,251.756584924709,413.3912328179293,observed support,480.132008050008
2048,8,random,4,2,group,27.410001754760742,31.27441580383168,3.95993302658907,25.732773263448188,observed support,29.95282152940022
2048,8,random,4,2,household,0.035999998450279236,0.14218478776101412,0.08876316985917737,0.2190652167343575,first physical ID,0.24186378229152164
2048,8,random,4,12,regional,769.072021484375,741.6131717093672,1472.9965260121544,609.7177954138783,observed support,724.5986342673366
2048,8,random,4,12,group,47.52299880981445,46.14952142634245,9.889561879725086,37.53634204003327,observed support,45.0174030394801
2048,8,random,4,12,household,0.36500000953674316,0.3192835351238216,0.1623439757267528,0.23426086909097174,first physical ID,0.2622558975017777
2048,8,random,8,2,regional,503.6930236816406,492.44455639862156,235.9644612692433,413.3912328179293,observed support,480.132008050008
2048,8,random,8,2,group,27.410001754760742,30.686607284974947,3.9013081825926523,25.732773263448188,observed support,29.95282152940022
2048,8,random,8,2,household,0.035999998450279236,0.15443319096766148,0.08782961077602577,0.2190652167343575,first physical ID,0.24186378229152164
2048,8,random,8,12,regional,769.072021484375,737.7906182205525,1389.458494530559,609.7177954138783,observed support,724.5986342673366
2048,8,random,8,12,group,47.52299880981445,45.763772424902555,9.560489910314299,37.53634204003327,observed support,45.0174030394801
2048,8,random,8,12,household,0.36500000953674316,0.20522856829789773,0.16141581311354886,0.23426086909097174,first physical ID,0.2622558975017777
2048,8,uncertainty,2,2,regional,503.6930236816406,478.5672557640679,271.44272153008535,413.3912328179293,observed support,480.132008050008
2048,8,uncertainty,2,2,group,27.410001754760742,29.356001702654595,4.171402484473404,25.732773263448188,observed support,29.95282152940022
2048,8,uncertainty,2,2,household,0.035999998450279236,0.18210025264285332,0.13922510102630892,0.2190652167343575,first physical ID,0.24186378229152164
2048,8,uncertainty,2,12,regional,769.072021484375,692.4001335131267,1562.667769031611,609.7177954138783,observed support,724.5986342673366
2048,8,uncertainty,2,12,group,47.52299880981445,42.63869891027997,10.426479762004522,37.53634204003327,observed support,45.0174030394801
2048,8,uncertainty,2,12,household,0.36500000953674316,0.20112969722326568,0.16482569266043612,0.23426086909097174,first physical ID,0.2622558975017777
2048,8,uncertainty,4,2,regional,503.6930236816406,480.5841702265925,250.46386714630341,413.3912328179293,observed support,480.132008050008
2048,8,uncertainty,4,2,group,27.410001754760742,29.609691975180095,4.086376666612229,25.732773263448188,observed support,29.95282152940022
2048,8,uncertainty,4,2,household,0.035999998450279236,0.2269312062002925,0.13174123102242966,0.2190652167343575,first physical ID,0.24186378229152164
2048,8,uncertainty,4,12,regional,769.072021484375,706.2665877978928,1456.2971758802921,609.7177954138783,observed support,724.5986342673366
2048,8,uncertainty,4,12,group,47.52299880981445,43.77898258862684,9.956087318631596,37.53634204003327,observed support,45.0174030394801
2048,8,uncertainty,4,12,household,0.36500000953674316,0.3208449875504953,0.1634298622893764,0.23426086909097174,first physical ID,0.2622558975017777
2048,8,uncertainty,8,2,regional,503.6930236816406,481.6814780699858,236.0608071871729,413.3912328179293,observed support,480.132008050008
2048,8,uncertainty,8,2,group,27.410001754760742,29.80591805726368,4.027292072630555,25.732773263448188,observed support,29.95282152940022
2048,8,uncertainty,8,2,household,0.035999998450279236,0.26797155675739576,0.12749032474208846,0.2190652167343575,first physical ID,0.24186378229152164
2048,8,uncertainty,8,12,regional,769.072021484375,727.2774955456905,1386.720361518,609.7177954138783,observed support,724.5986342673366
2048,8,uncertainty,8,12,group,47.52299880981445,45.137539699804236,9.648101095184142,37.53634204003327,observed support,45.0174030394801
2048,8,uncertainty,8,12,household,0.36500000953674316,0.27869071792489997,0.1626103299626387,0.23426086909097174,first physical ID,0.2622558975017777
2048,9,fixed_coarse,0,2,regional,451.6570129394531,511.46656468662223,333.5279276706293,397.01732290079684,observed support,483.11220481540136
2048,9,fixed_coarse,0,2,group,28.887001037597656,30.30030986260489,4.453171916309927,24.34361477566053,observed support,29.47151994142526
2048,9,fixed_coarse,0,2,household,0.23499999940395355,0.11031762525570821,0.15742429633078098,0.212199999888738,first physical ID,0.13765659736584263
2048,9,fixed_coarse,0,12,regional,463.9200134277344,510.1110227346795,2138.3166435159255,382.3067974917141,observed support,478.2297325223065
2048,9,fixed_coarse,0,12,group,28.691999435424805,32.605899873620814,12.942818992146488,24.702554419875366,observed support,31.031525581630483
2048,9,fixed_coarse,0,12,household,0.061000000685453415,0.25516202716279085,0.17063252463258913,0.129911111212439,first physical ID,0.14865554967531905
2048,9,uniform_fine_stream,16,2,regional,451.6570129394531,483.11220481540136,221.2272063573767,397.01732290079684,observed support,483.11220481540136
2048,9,uniform_fine_stream,16,2,group,28.887001037597656,29.47151994142526,3.849464441575111,24.34361477566053,observed support,29.47151994142526
2048,9,uniform_fine_stream,16,2,household,0.23499999940395355,0.13765659736584263,0.0871953197583145,0.212199999888738,first physical ID,0.13765659736584263
2048,9,uniform_fine_stream,16,12,regional,463.9200134277344,478.2297325223065,1323.86901374149,382.3067974917141,observed support,478.2297325223065
2048,9,uniform_fine_stream,16,12,group,28.691999435424805,31.031525581630483,9.300527633894982,24.702554419875366,observed support,31.031525581630483
2048,9,uniform_fine_stream,16,12,household,0.061000000685453415,0.14865554967531905,0.1607837689521111,0.129911111212439,first physical ID,0.14865554967531905
2048,9,fixed,2,2,regional,451.6570129394531,500.0044600550923,265.67579087924634,397.01732290079684,observed support,483.11220481540136
2048,9,fixed,2,2,group,28.887001037597656,29.732539216335837,4.151787574779202,24.34361477566053,observed support,29.47151994142526
2048,9,fixed,2,2,household,0.23499999940395355,0.007686268822147707,0.13338329826336776,0.212199999888738,first physical ID,0.13765659736584263
2048,9,fixed,2,12,regional,463.9200134277344,498.59006064181756,1504.8930656324815,382.3067974917141,observed support,478.2297325223065
2048,9,fixed,2,12,group,28.691999435424805,32.10633989903306,10.151087884778043,24.702554419875366,observed support,31.031525581630483
2048,9,fixed,2,12,household,0.061000000685453415,0.14655557963941476,0.16460140417446173,0.129911111212439,first physical ID,0.14865554967531905
2048,9,fixed,4,2,regional,451.6570129394531,493.261322785826,248.60285538635378,397.01732290079684,observed support,483.11220481540136
2048,9,fixed,4,2,group,28.887001037597656,29.307390528006298,4.080852304957456,24.34361477566053,observed support,29.47151994142526
2048,9,fixed,4,2,household,0.23499999940395355,-0.0023586566546864307,0.1301594301294791,0.212199999888738,first physical ID,0.13765659736584263
2048,9,fixed,4,12,regional,463.9200134277344,494.460663686126,1421.2219271287086,382.3067974917141,observed support,478.2297325223065
2048,9,fixed,4,12,group,28.691999435424805,31.851087348700357,9.794815866460493,24.702554419875366,observed support,31.031525581630483
2048,9,fixed,4,12,household,0.061000000685453415,0.12102839860525072,0.16327382455417688,0.129911111212439,first physical ID,0.14865554967531905
2048,9,fixed,8,2,regional,451.6570129394531,486.816353239627,234.19167247286435,397.01732290079684,observed support,483.11220481540136
2048,9,fixed,8,2,group,28.887001037597656,29.573616864559114,3.8997311566383495,24.34361477566053,observed support,29.47151994142526
2048,9,fixed,8,2,household,0.23499999940395355,0.14347364330376086,0.0877845461926649,0.212199999888738,first physical ID,0.13765659736584263
2048,9,fixed,8,12,regional,463.9200134277344,465.97978350236656,1366.1820794413584,382.3067974917141,observed support,478.2297325223065
2048,9,fixed,8,12,group,28.691999435424805,30.33117078084183,9.467152941594183,24.702554419875366,observed support,31.031525581630483
2048,9,fixed,8,12,household,0.061000000685453415,0.21750888728213377,0.16139381411137743,0.129911111212439,first physical ID,0.14865554967531905
2048,9,random,2,2,regional,451.6570129394531,501.6563920838894,269.5704739378066,397.01732290079684,observed support,483.11220481540136
2048,9,random,2,2,group,28.887001037597656,29.94029221331341,4.163196094955114,24.34361477566053,observed support,29.47151994142526
2048,9,random,2,2,household,0.23499999940395355,-0.027358427582684586,0.13595317828271608,0.212199999888738,first physical ID,0.13765659736584263
2048,9,random,2,12,regional,463.9200134277344,518.0200406444565,1510.895411761336,382.3067974917141,observed support,478.2297325223065
2048,9,random,2,12,group,28.691999435424805,33.41899006072791,10.175116976915438,24.702554419875366,observed support,31.031525581630483
2048,9,random,2,12,household,0.061000000685453415,0.08759308967930407,0.16447047514275023,0.129911111212439,first physical ID,0.14865554967531905
2048,9,random,4,2,regional,451.6570129394531,494.23550360030936,251.74846934829327,397.01732290079684,observed support,483.11220481540136
2048,9,random,4,2,group,28.887001037597656,30.07791665846158,3.965616733534688,24.34361477566053,observed support,29.47151994142526
2048,9,random,4,2,household,0.23499999940395355,0.11605986427353429,0.08869380172664121,0.212199999888738,first physical ID,0.13765659736584263
2048,9,random,4,12,regional,463.9200134277344,495.10152164501613,1436.3583091994599,382.3067974917141,observed support,478.2297325223065
2048,9,random,4,12,group,28.691999435424805,32.09934471169724,9.740815077424951,24.702554419875366,observed support,31.031525581630483
2048,9,random,4,12,household,0.061000000685453415,0.11797881058584167,0.16226228391765504,0.129911111212439,first physical ID,0.14865554967531905
2048,9,random,8,2,regional,451.6570129394531,490.4111938891822,235.3829893565485,397.01732290079684,observed support,483.11220481540136
2048,9,random,8,2,group,28.887001037597656,29.90970774620105,3.9019574177532244,24.34361477566053,observed support,29.47151994142526
2048,9,random,8,2,household,0.23499999940395355,0.10286414867420855,0.08787096455683073,0.212199999888738,first physical ID,0.13765659736584263
2048,9,random,8,12,regional,463.9200134277344,494.52831940873955,1373.5716461158072,382.3067974917141,observed support,478.2297325223065
2048,9,random,8,12,group,28.691999435424805,32.046203442783586,9.495931852270711,24.702554419875366,observed support,31.031525581630483
2048,9,random,8,12,household,0.061000000685453415,0.09603680192184427,0.16143823041689975,0.129911111212439,first physical ID,0.14865554967531905
2048,9,uncertainty,2,2,regional,451.6570129394531,495.13578538958467,270.01424503618955,397.01732290079684,observed support,483.11220481540136
2048,9,uncertainty,2,2,group,28.887001037597656,29.359833416536844,4.171601639462078,24.34361477566053,observed support,29.47151994142526
2048,9,uncertainty,2,2,household,0.23499999940395355,0.10405288649025984,0.13922533534517617,0.212199999888738,first physical ID,0.13765659736584263
2048,9,uncertainty,2,12,regional,463.9200134277344,475.89453717136274,1562.2098412650037,382.3067974917141,observed support,478.2297325223065
2048,9,uncertainty,2,12,group,28.691999435424805,30.45941058762359,10.427687090141877,24.702554419875366,observed support,31.031525581630483
2048,9,uncertainty,2,12,household,0.061000000685453415,0.1383442211010395,0.16482515001707704,0.129911111212439,first physical ID,0.14865554967531905
2048,9,uncertainty,4,2,regional,451.6570129394531,489.00667108882953,249.24577028863234,397.01732290079684,observed support,483.11220481540136
2048,9,uncertainty,4,2,group,28.887001037597656,28.99380306784087,4.086435274631366,24.34361477566053,observed support,29.47151994142526
2048,9,uncertainty,4,2,household,0.23499999940395355,0.21247744275385583,0.13174106995592508,0.212199999888738,first physical ID,0.13765659736584263
2048,9,uncertainty,4,12,regional,463.9200134277344,449.66976799061877,1455.6448701465993,382.3067974917141,observed support,478.2297325223065
2048,9,uncertainty,4,12,group,28.691999435424805,28.955564076414536,9.956305362195042,24.702554419875366,observed support,31.031525581630483
2048,9,uncertainty,4,12,household,0.061000000685453415,0.2984589561889731,0.16342935427953065,0.129911111212439,first physical ID,0.14865554967531905
2048,9,uncertainty,8,2,regional,451.6570129394531,488.2171950029051,235.00395650279577,397.01732290079684,observed support,483.11220481540136
2048,9,uncertainty,8,2,group,28.887001037597656,28.96294250045737,4.027327820895111,24.34361477566053,observed support,29.47151994142526
2048,9,uncertainty,8,2,household,0.23499999940395355,0.1983896647714191,0.1274903324186499,0.212199999888738,first physical ID,0.13765659736584263
2048,9,uncertainty,8,12,regional,463.9200134277344,464.1483836238815,1386.072004597886,382.3067974917141,observed support,478.2297325223065
2048,9,uncertainty,8,12,group,28.691999435424805,29.869659713533473,9.648193743359762,24.702554419875366,observed support,31.031525581630483
2048,9,uncertainty,8,12,household,0.061000000685453415,0.23722187585455906,0.16261004915301663,0.129911111212439,first physical ID,0.14865554967531905
2048,10,fixed_coarse,0,2,regional,275.958984375,307.9778296115031,335.52980426244267,301.0792414043856,observed support,303.5686315081152
2048,10,fixed_coarse,0,2,group,18.605998992919922,19.219575730660495,4.4526040787450505,18.94148378434307,observed support,19.191222474237332
2048,10,fixed_coarse,0,2,household,0.5099999904632568,0.9230650716557189,0.15753326261128886,0.6229777794745234,first physical ID,0.7043525398024104
2048,10,fixed_coarse,0,12,regional,411.37200927734375,444.59768705849604,2134.4944906020455,390.9517024458917,observed support,422.87403187601285
2048,10,fixed_coarse,0,12,group,24.264997482299805,28.034216345342273,12.944594615383263,24.46167549735185,observed support,26.838700299820367
2048,10,fixed_coarse,0,12,household,0.17399999499320984,0.20572952820199664,0.1706328949138685,0.17564444343249003,first physical ID,0.18647568116082575
2048,10,uniform_fine_stream,16,2,regional,275.958984375,303.5686315081152,221.84551670113802,301.0792414043856,observed support,303.5686315081152
2048,10,uniform_fine_stream,16,2,group,18.605998992919922,19.191222474237332,3.8494712199253076,18.94148378434307,observed support,19.191222474237332
2048,10,uniform_fine_stream,16,2,household,0.5099999904632568,0.7043525398024104,0.08719763058597245,0.6229777794745234,first physical ID,0.7043525398024104
2048,10,uniform_fine_stream,16,12,regional,411.37200927734375,422.87403187601285,1321.4474919607421,390.9517024458917,observed support,422.87403187601285
2048,10,uniform_fine_stream,16,12,group,24.264997482299805,26.838700299820367,9.300602261078225,24.46167549735185,observed support,26.838700299820367
2048,10,uniform_fine_stream,16,12,household,0.17399999499320984,0.18647568116082575,0.1607843209725387,0.17564444343249003,first physical ID,0.18647568116082575
2048,10,fixed,2,2,regional,275.958984375,313.1079981875638,266.12217266673986,301.0792414043856,observed support,303.5686315081152
2048,10,fixed,2,2,group,18.605998992919922,19.54816819640704,4.148113610739429,18.94148378434307,observed support,19.191222474237332
2048,10,fixed,2,2,household,0.5099999904632568,0.7308042438784066,0.13553158526471804,0.6229777794745234,first physical ID,0.7043525398024104
2048,10,fixed,2,12,regional,411.37200927734375,454.53380923028107,1480.7557854224,390.9517024458917,observed support,422.87403187601285
2048,10,fixed,2,12,group,24.264997482299805,28.649578377398342,10.063570152877624,24.46167549735185,observed support,26.838700299820367
2048,10,fixed,2,12,household,0.17399999499320984,0.14877592629768507,0.16414147141253338,0.17564444343249003,first physical ID,0.18647568116082575
2048,10,fixed,4,2,regional,275.958984375,310.0355107149989,250.46577075162517,301.0792414043856,observed support,303.5686315081152
2048,10,fixed,4,2,group,18.605998992919922,19.393216199393517,4.083273841749054,18.94148378434307,observed support,19.191222474237332
2048,10,fixed,4,2,household,0.5099999904632568,0.8037823147974398,0.13218801294897173,0.6229777794745234,first physical ID,0.7043525398024104
2048,10,fixed,4,12,regional,411.37200927734375,443.75871456573606,1410.8623888137827,390.9517024458917,observed support,422.87403187601285
2048,10,fixed,4,12,group,24.264997482299805,28.00874317190795,9.762681339657771,24.46167549735185,observed support,26.838700299820367
2048,10,fixed,4,12,household,0.17399999499320984,0.19307827051261933,0.16321902085474682,0.17564444343249003,first physical ID,0.18647568116082575
2048,10,fixed,8,2,regional,275.958984375,307.6387010275172,234.336743834284,301.0792414043856,observed support,303.5686315081152
2048,10,fixed,8,2,group,18.605998992919922,19.519455831119927,3.8966313476314856,18.94148378434307,observed support,19.191222474237332
2048,10,fixed,8,2,household,0.5099999904632568,0.6562650830248667,0.08781483985222228,0.6229777794745234,first physical ID,0.7043525398024104
2048,10,fixed,8,12,regional,411.37200927734375,435.8647161823968,1365.0115973212519,390.9517024458917,observed support,422.87403187601285
2048,10,fixed,8,12,group,24.264997482299805,27.699673665290373,9.473107386750593,24.46167549735185,observed support,26.838700299820367
2048,10,fixed,8,12,household,0.17399999499320984,0.17907724470493946,0.1613775351450151,0.17564444343249003,first physical ID,0.18647568116082575
2048,10,random,2,2,regional,275.958984375,292.8670422848638,268.69411050547285,301.0792414043856,observed support,303.5686315081152
2048,10,random,2,2,group,18.605998992919922,18.03001950135011,4.163709711808368,18.94148378434307,observed support,19.191222474237332
2048,10,random,2,2,household,0.5099999904632568,0.9182239075607335,0.1348096534846853,0.6229777794745234,first physical ID,0.7043525398024104
2048,10,random,2,12,regional,411.37200927734375,384.3977890045712,1558.4907803262308,390.9517024458917,observed support,422.87403187601285
2048,10,random,2,12,group,24.264997482299805,23.972965890312484,10.4163414009324,24.46167549735185,observed support,26.838700299820367
2048,10,random,2,12,household,0.17399999499320984,0.17473573015072505,0.16473964090914517,0.17564444343249003,first physical ID,0.18647568116082575
2048,10,random,4,2,regional,275.958984375,295.75828688462764,251.70222022312106,301.0792414043856,observed support,303.5686315081152
2048,10,random,4,2,group,18.605998992919922,18.259686475416814,4.093587636794483,18.94148378434307,observed support,19.191222474237332
2048,10,random,4,2,household,0.5099999904632568,0.934069541850234,0.13022585118109395,0.6229777794745234,first physical ID,0.7043525398024104
2048,10,random,4,12,regional,411.37200927734375,395.4160062436073,1452.6901272937064,390.9517024458917,observed support,422.87403187601285
2048,10,random,4,12,group,24.264997482299805,24.733168971618152,9.954105349303997,24.46167549735185,observed support,26.838700299820367
2048,10,random,4,12,household,0.17399999499320984,0.18733615537405918,0.1634648925856646,0.17564444343249003,first physical ID,0.18647568116082575
2048,10,random,8,2,regional,275.958984375,298.3411575828643,235.35418427399418,301.0792414043856,observed support,303.5686315081152
2048,10,random,8,2,group,18.605998992919922,18.485380432851525,4.026213327002777,18.94148378434307,observed support,19.191222474237332
2048,10,random,8,2,household,0.5099999904632568,0.8852795302190559,0.12699112273736243,0.6229777794745234,first physical ID,0.7043525398024104
2048,10,random,8,12,regional,411.37200927734375,406.48721414724247,1380.9565547512948,390.9517024458917,observed support,422.87403187601285
2048,10,random,8,12,group,24.264997482299805,25.523570581360296,9.638771125503975,24.46167549735185,observed support,26.838700299820367
2048,10,random,8,12,household,0.17399999499320984,0.22401485687613154,0.1625900075781384,0.17564444343249003,first physical ID,0.18647568116082575
2048,10,uncertainty,2,2,regional,275.958984375,291.63727165219143,271.112937884962,301.0792414043856,observed support,303.5686315081152
2048,10,uncertainty,2,2,group,18.605998992919922,17.954778127476917,4.171335981450076,18.94148378434307,observed support,19.191222474237332
2048,10,uncertainty,2,2,household,0.5099999904632568,0.8552292035932998,0.13924245697789603,0.6229777794745234,first physical ID,0.7043525398024104
2048,10,uncertainty,2,12,regional,411.37200927734375,380.2812597233387,1559.417627175139,390.9517024458917,observed support,422.87403187601285
2048,10,uncertainty,2,12,group,24.264997482299805,23.65983979339157,10.428288480551815,24.46167549735185,observed support,26.838700299820367
2048,10,uncertainty,2,12,household,0.17399999499320984,0.16461727112971863,0.16482806693587176,0.17564444343249003,first physical ID,0.18647568116082575
2048,10,uncertainty,4,2,regional,275.958984375,296.5321883653834,250.14139897926765,301.0792414043856,observed support,303.5686315081152
2048,10,uncertainty,4,2,group,18.605998992919922,18.404371586287095,4.086263294605047,18.94148378434307,observed support,19.191222474237332
2048,10,uncertainty,4,2,household,0.5099999904632568,0.8888203678589379,0.1317454724263222,0.6229777794745234,first physical ID,0.7043525398024104
2048,10,uncertainty,4,12,regional,411.37200927734375,405.10412185155985,1453.0108427354908,390.9517024458917,observed support,422.87403187601285
2048,10,uncertainty,4,12,group,24.264997482299805,25.423321540024705,9.9565356042741,24.46167549735185,observed support,26.838700299820367
2048,10,uncertainty,4,12,household,0.17399999499320984,0.20363034389789397,0.1634310428517674,0.17564444343249003,first physical ID,0.18647568116082575
2048,10,uncertainty,8,2,regional,275.958984375,297.80200740815417,235.78971524313494,301.0792414043856,observed support,303.5686315081152
2048,10,uncertainty,8,2,group,18.605998992919922,18.48042725979229,4.027387518123881,18.94148378434307,observed support,19.191222474237332
2048,10,uncertainty,8,2,household,0.5099999904632568,0.9203701219563081,0.12751262337789324,0.6229777794745234,first physical ID,0.7043525398024104
2048,10,uncertainty,8,12,regional,411.37200927734375,409.7105289254711,1383.6267806686928,390.9517024458917,observed support,422.87403187601285
2048,10,uncertainty,8,12,group,24.264997482299805,25.71540915838666,9.648652558695947,24.46167549735185,observed support,26.838700299820367
2048,10,uncertainty,8,12,household,0.17399999499320984,0.22010326606013936,0.16261252887858169,0.17564444343249003,first physical ID,0.18647568116082575
2048,11,fixed_coarse,0,2,regional,261.27899169921875,266.0992843253965,335.6941050261446,220.21414614847595,observed support,247.03933151589968
2048,11,fixed_coarse,0,2,group,17.72300148010254,17.642236186477746,4.452175189379993,14.649582127646308,observed support,16.38502045856319
2048,11,fixed_coarse,0,2,household,1.2139999866485596,1.4963496535308158,0.15746688708533496,0.7720444454087152,first physical ID,1.2901538779675958
2048,11,fixed_coarse,0,12,regional,468.219970703125,468.0939346890532,2137.057524924245,407.99451869564643,observed support,438.14804089391794
2048,11,fixed_coarse,0,12,group,27.527999877929688,28.25022160839708,12.947015809855188,24.13601954853039,observed support,26.469591090488755
2048,11,fixed_coarse,0,12,household,0.12099999934434891,0.5088902290103094,0.17063975123753378,0.23975555524230002,first physical ID,0.4091512576473143
2048,11,uniform_fine_stream,16,2,regional,261.27899169921875,247.03933151589968,221.88546331386732,220.21414614847595,observed support,247.03933151589968
2048,11,uniform_fine_stream,16,2,group,17.72300148010254,16.38502045856319,3.8494714216937824,14.649582127646308,observed support,16.38502045856319
2048,11,uniform_fine_stream,16,2,household,1.2139999866485596,1.2901538779675958,0.08719775074081265,0.7720444454087152,first physical ID,1.2901538779675958
2048,11,uniform_fine_stream,16,12,regional,468.219970703125,438.14804089391794,1322.6320906742978,407.99451869564643,observed support,438.14804089391794
2048,11,uniform_fine_stream,16,12,group,27.527999877929688,26.469591090488755,9.300605111771954,24.13601954853039,observed support,26.469591090488755
2048,11,uniform_fine_stream,16,12,household,0.12099999934434891,0.4091512576473143,0.16078433161615807,0.23975555524230002,first physical ID,0.4091512576473143
2048,11,fixed,2,2,regional,261.27899169921875,258.61558137178577,267.5984603649744,220.21414614847595,observed support,247.03933151589968
2048,11,fixed,2,2,group,17.72300148010254,17.17992641156589,4.155025066298151,14.649582127646308,observed support,16.38502045856319
2048,11,fixed,2,2,household,1.2139999866485596,1.457354897335986,0.13724489378156338,0.7720444454087152,first physical ID,1.2901538779675958
2048,11,fixed,2,12,regional,468.219970703125,442.19084250098103,1521.0947741751174,407.99451869564643,observed support,438.14804089391794
2048,11,fixed,2,12,group,27.527999877929688,26.536866818309893,10.241838557830825,24.13601954853039,observed support,26.469591090488755
2048,11,fixed,2,12,household,0.12099999934434891,0.5073552555459128,0.16422700033404303,0.23975555524230002,first physical ID,0.4091512576473143
2048,11,fixed,4,2,regional,261.27899169921875,254.30373584659733,251.35208029695713,220.21414614847595,observed support,247.03933151589968
2048,11,fixed,4,2,group,17.72300148010254,16.971455018176005,4.087480252932331,14.649582127646308,observed support,16.38502045856319
2048,11,fixed,4,2,household,1.2139999866485596,1.571319967219742,0.13180756005676578,0.7720444454087152,first physical ID,1.2901538779675958
2048,11,fixed,4,12,regional,468.219970703125,445.82586801113314,1435.0774927126174,407.99451869564643,observed support,438.14804089391794
2048,11,fixed,4,12,group,27.527999877929688,26.843706594252627,9.863574980726252,24.13601954853039,observed support,26.469591090488755
2048,11,fixed,4,12,household,0.12099999934434891,0.47929939138550237,0.16333972919064282,0.23975555524230002,first physical ID,0.4091512576473143
2048,11,fixed,8,2,regional,261.27899169921875,248.78309844824605,235.07185930138692,220.21414614847595,observed support,247.03933151589968
2048,11,fixed,8,2,group,17.72300148010254,16.512588744706594,3.899110343727256,14.649582127646308,observed support,16.38502045856319
2048,11,fixed,8,2,household,1.2139999866485596,1.290899183540039,0.08784744104007142,0.7720444454087152,first physical ID,1.2901538779675958
2048,11,fixed,8,12,regional,468.219970703125,439.71935084971176,1374.0559146111696,407.99451869564643,observed support,438.14804089391794
2048,11,fixed,8,12,group,27.527999877929688,26.613041683439473,9.50521618256115,24.13601954853039,observed support,26.469591090488755
2048,11,fixed,8,12,household,0.12099999934434891,0.4294814396035873,0.1613738105948812,0.23975555524230002,first physical ID,0.4091512576473143
2048,11,random,2,2,regional,261.27899169921875,259.2912662245818,268.03849377349616,220.21414614847595,observed support,247.03933151589968
2048,11,random,2,2,group,17.72300148010254,17.184325265545265,4.152124286611285,14.649582127646308,observed support,16.38502045856319
2048,11,random,2,2,household,1.2139999866485596,1.5958245802349746,0.13460339865494486,0.7720444454087152,first physical ID,1.2901538779675958
2048,11,random,2,12,regional,468.219970703125,443.83604375892037,1521.0173955783293,407.99451869564643,observed support,438.14804089391794
2048,11,random,2,12,group,27.527999877929688,26.695393752223207,10.243570673508094,24.13601954853039,observed support,26.469591090488755
2048,11,random,2,12,household,0.12099999934434891,0.5226276398534702,0.164466565886147,0.23975555524230002,first physical ID,0.4091512576473143
2048,11,random,4,2,regional,261.27899169921875,251.96792025111284,249.41129355045678,220.21414614847595,observed support,247.03933151589968
2048,11,random,4,2,group,17.72300148010254,16.828369740206835,4.0784141292133524,14.649582127646308,observed support,16.38502045856319
2048,11,random,4,2,household,1.2139999866485596,1.6151462384773292,0.13089400983532196,0.7720444454087152,first physical ID,1.2901538779675958
2048,11,random,4,12,regional,468.219970703125,444.14247214457424,1420.746347238455,407.99451869564643,observed support,438.14804089391794
2048,11,random,4,12,group,27.527999877929688,26.74567528733465,9.805897734147438,24.13601954853039,observed support,26.469591090488755
2048,11,random,4,12,household,0.12099999934434891,0.4955061564951081,0.16318575381904304,0.23975555524230002,first physical ID,0.4091512576473143
2048,11,random,8,2,regional,261.27899169921875,247.6955958574663,235.1846727853091,220.21414614847595,observed support,247.03933151589968
2048,11,random,8,2,group,17.72300148010254,16.545886155635415,4.020902138661521,14.649582127646308,observed support,16.38502045856319
2048,11,random,8,2,household,1.2139999866485596,1.6465996491416162,0.12793140411123985,0.7720444454087152,first physical ID,1.2901538779675958
2048,11,random,8,12,regional,468.219970703125,436.3838906469239,1359.0099683632995,407.99451869564643,observed support,438.14804089391794
2048,11,random,8,12,group,27.527999877929688,26.190551702029936,9.534517481602869,24.13601954853039,observed support,26.469591090488755
2048,11,random,8,12,household,0.12099999934434891,0.4791005478030388,0.16248753343770517,0.23975555524230002,first physical ID,0.4091512576473143
2048,11,uncertainty,2,2,regional,261.27899169921875,252.92415418995068,271.26042623892636,220.21414614847595,observed support,247.03933151589968
2048,11,uncertainty,2,2,group,17.72300148010254,16.57216443954193,4.171372923779874,14.649582127646308,observed support,16.38502045856319
2048,11,uncertainty,2,2,household,1.2139999866485596,1.488253241064315,0.1392452810050831,0.7720444454087152,first physical ID,1.2901538779675958
2048,11,uncertainty,2,12,regional,468.219970703125,405.6927727170505,1560.8607495302695,407.99451869564643,observed support,438.14804089391794
2048,11,uncertainty,2,12,group,27.527999877929688,24.004309705018073,10.428460631384823,24.13601954853039,observed support,26.469591090488755
2048,11,uncertainty,2,12,household,0.12099999934434891,0.4964348138905877,0.16482799674296972,0.23975555524230002,first physical ID,0.4091512576473143
2048,11,uncertainty,4,2,regional,261.27899169921875,246.80314760835427,250.23352006383317,220.21414614847595,observed support,247.03933151589968
2048,11,uncertainty,4,2,group,17.72300148010254,16.342335546130368,4.086276146190302,14.649582127646308,observed support,16.38502045856319
2048,11,uncertainty,4,2,household,1.2139999866485596,1.6619249563131702,0.13174667371696464,0.7720444454087152,first physical ID,1.2901538779675958
2048,11,uncertainty,4,12,regional,468.219970703125,424.4504020015237,1454.3122687589985,407.99451869564643,observed support,438.14804089391794
2048,11,uncertainty,4,12,group,27.527999877929688,25.35141292359049,9.95655825528809,24.13601954853039,observed support,26.469591090488755
2048,11,uncertainty,4,12,household,0.12099999934434891,0.4845878563785183,0.1634309953670185,0.23975555524230002,first physical ID,0.4091512576473143
2048,11,uncertainty,8,2,regional,261.27899169921875,246.39392698687465,235.85493654297773,220.21414614847595,observed support,247.03933151589968
2048,11,uncertainty,8,2,group,17.72300148010254,16.43569627469433,4.027397324722931,14.649582127646308,observed support,16.38502045856319
2048,11,uncertainty,8,2,household,1.2139999866485596,1.6840078603972954,0.12751327581915373,0.7720444454087152,first physical ID,1.2901538779675958
2048,11,uncertainty,8,12,regional,468.219970703125,431.6219208835095,1384.8671163027263,407.99451869564643,observed support,438.14804089391794
2048,11,uncertainty,8,12,group,27.527999877929688,25.864578551396143,9.64867714646903,24.13601954853039,observed support,26.469591090488755
2048,11,uncertainty,8,12,household,0.12099999934434891,0.4832152376803038,0.16261254584986717,0.23975555524230002,first physical ID,0.4091512576473143
2048,12,fixed_coarse,0,2,regional,514.0559692382812,536.2980906927254,335.69041936165934,400.74302671584456,observed support,505.25939934899867
2048,12,fixed_coarse,0,2,group,31.98900032043457,33.1799028583507,4.451962015173756,23.71905456338739,observed support,31.159587796227555
2048,12,fixed_coarse,0,2,household,0.13500000536441803,0.3571825431577266,0.15746412428619996,0.13693333342671393,first physical ID,0.31187373955567754
2048,12,fixed_coarse,0,12,regional,223.6699981689453,322.28019622679295,2135.478867436069,209.52203018976917,observed support,247.2523080152397
2048,12,fixed_coarse,0,12,group,13.531999588012695,21.079521390852435,12.946815604091935,13.347259207540933,observed support,15.764234901689353
2048,12,fixed_coarse,0,12,household,1.1109999418258667,1.0523783782101264,0.17063820256561088,0.6567777716451221,first physical ID,1.1826492425895152
2048,12,uniform_fine_stream,16,2,regional,514.0559692382812,505.25939934899867,221.8854760978685,400.74302671584456,observed support,505.25939934899867
2048,12,uniform_fine_stream,16,2,group,31.98900032043457,31.159587796227555,3.849471441071268,23.71905456338739,observed support,31.159587796227555
2048,12,uniform_fine_stream,16,2,household,0.13500000536441803,0.31187373955567754,0.08719775336975198,0.13693333342671393,first physical ID,0.31187373955567754
2048,12,uniform_fine_stream,16,12,regional,223.6699981689453,247.2523080152397,1321.7212717805892,209.52203018976917,observed support,247.2523080152397
2048,12,uniform_fine_stream,16,12,group,13.531999588012695,15.764234901689353,9.300605279903053,13.347259207540933,observed support,15.764234901689353
2048,12,uniform_fine_stream,16,12,household,1.1109999418258667,1.1826492425895152,0.1607843353770422,0.6567777716451221,first physical ID,1.1826492425895152
2048,12,fixed,2,2,regional,514.0559692382812,528.3595555961689,269.89482276196713,400.74302671584456,observed support,505.25939934899867
2048,12,fixed,2,2,group,31.98900032043457,32.528819755733366,4.162295592507205,23.71905456338739,observed support,31.159587796227555
2048,12,fixed,2,2,household,0.13500000536441803,0.45149114131775914,0.13837936158871228,0.13693333342671393,first physical ID,0.31187373955567754
2048,12,fixed,2,12,regional,223.6699981689453,296.339870231295,1525.9292040254415,209.52203018976917,observed support,247.2523080152397
2048,12,fixed,2,12,group,13.531999588012695,19.400507125645042,10.265758259431635,13.347259207540933,observed support,15.764234901689353
2048,12,fixed,2,12,household,1.1109999418258667,1.21984747969607,0.16450383066316743,0.6567777716451221,first physical ID,1.1826492425895152
2048,12,fixed,4,2,regional,514.0559692382812,515.3346333042308,252.92837828418595,400.74302671584456,observed support,505.25939934899867
2048,12,fixed,4,2,group,31.98900032043457,31.77294148250364,4.093993771272926,23.71905456338739,observed support,31.159587796227555
2048,12,fixed,4,2,household,0.13500000536441803,0.3622502060060335,0.1321078201998673,0.13693333342671393,first physical ID,0.31187373955567754
2048,12,fixed,4,12,regional,223.6699981689453,280.1607640399804,1449.1433867481858,209.52203018976917,observed support,247.2523080152397
2048,12,fixed,4,12,group,13.531999588012695,18.252973973156195,9.926005965000613,13.347259207540933,observed support,15.764234901689353
2048,12,fixed,4,12,household,1.1109999418258667,1.1818333598284543,0.16364178934676213,0.6567777716451221,first physical ID,1.1826492425895152
2048,12,fixed,8,2,regional,514.0559692382812,509.10028579299126,236.37562594028807,400.74302671584456,observed support,505.25939934899867
2048,12,fixed,8,2,group,31.98900032043457,31.469228488399466,3.9038653328825905,23.71905456338739,observed support,31.159587796227555
2048,12,fixed,8,2,household,0.13500000536441803,0.33152572762978605,0.08792689700577234,0.13693333342671393,first physical ID,0.31187373955567754
2048,12,fixed,8,12,regional,223.6699981689453,268.35506826280914,1380.4801708821162,209.52203018976917,observed support,247.2523080152397
2048,12,fixed,8,12,group,13.531999588012695,17.287516223088563,9.5346057574343,13.347259207540933,observed support,15.764234901689353
2048,12,fixed,8,12,household,1.1109999418258667,1.1275457970585827,0.16146158595593835,0.6567777716451221,first physical ID,1.1826492425895152
2048,12,random,2,2,regional,514.0559692382812,521.5241948689711,272.99634334494897,400.74302671584456,observed support,505.25939934899867
2048,12,random,2,2,group,31.98900032043457,31.900432399139707,4.176326639717985,23.71905456338739,observed support,31.159587796227555
2048,12,random,2,2,household,0.13500000536441803,0.2920996076565672,0.13715832448018325,0.13693333342671393,first physical ID,0.31187373955567754
2048,12,random,2,12,regional,223.6699981689453,258.8961737161296,1568.0045106169655,209.52203018976917,observed support,247.2523080152397
2048,12,random,2,12,group,13.531999588012695,16.553116747903204,10.443460690152671,13.347259207540933,observed support,15.764234901689353
2048,12,random,2,12,household,1.1109999418258667,1.2096597967365792,0.16498745760076644,0.6567777716451221,first physical ID,1.1826492425895152
2048,12,random,4,2,regional,514.0559692382812,519.8180873627275,251.1133072927271,400.74302671584456,observed support,505.25939934899867
2048,12,random,4,2,group,31.98900032043457,31.952754649883953,4.089763328339108,23.71905456338739,observed support,31.159587796227555
2048,12,random,4,2,household,0.13500000536441803,0.35388136901624967,0.12995261229237945,0.13693333342671393,first physical ID,0.31187373955567754
2048,12,random,4,12,regional,223.6699981689453,263.33029314424584,1471.8381505573764,209.52203018976917,observed support,247.2523080152397
2048,12,random,4,12,group,13.531999588012695,17.096766209778703,10.027951571650036,13.347259207540933,observed support,15.764234901689353
2048,12,random,4,12,household,1.1109999418258667,1.1928158757396892,0.16356810969645452,0.6567777716451221,first physical ID,1.1826492425895152
2048,12,random,8,2,regional,514.0559692382812,513.359108342877,235.2848449945034,400.74302671584456,observed support,505.25939934899867
2048,12,random,8,2,group,31.98900032043457,31.409696243221898,4.023046309426434,23.71905456338739,observed support,31.159587796227555
2048,12,random,8,2,household,0.13500000536441803,0.4115464933326994,0.1268196784570156,0.13693333342671393,first physical ID,0.31187373955567754
2048,12,random,8,12,regional,223.6699981689453,249.2846923363516,1377.6588555848357,209.52203018976917,observed support,247.2523080152397
2048,12,random,8,12,group,13.531999588012695,16.097184261346385,9.621843772411097,13.347259207540933,observed support,15.764234901689353
2048,12,random,8,12,household,1.1109999418258667,1.2496031214275556,0.1626076078993704,0.6567777716451221,first physical ID,1.1826492425895152
2048,12,uncertainty,2,2,regional,514.0559692382812,520.3982415357924,271.2613793753225,400.74302671584456,observed support,505.25939934899867
2048,12,uncertainty,2,2,group,31.98900032043457,31.719190906500817,4.171373791589755,23.71905456338739,observed support,31.159587796227555
2048,12,uncertainty,2,2,household,0.13500000536441803,0.19260363765130895,0.1392471436636257,0.13693333342671393,first physical ID,0.31187373955567754
2048,12,uncertainty,2,12,regional,223.6699981689453,237.79534265437368,1559.783496657872,209.52203018976917,observed support,247.2523080152397
2048,12,uncertainty,2,12,group,13.531999588012695,15.242457411973088,10.428476565131561,13.347259207540933,observed support,15.764234901689353
2048,12,uncertainty,2,12,household,1.1109999418258667,1.1923036828144529,0.16482820029114975,0.6567777716451221,first physical ID,1.1826492425895152
2048,12,uncertainty,4,2,regional,514.0559692382812,516.2769462116679,250.2335842908938,400.74302671584456,observed support,505.25939934899867
2048,12,uncertainty,4,2,group,31.98900032043457,31.574532487718695,4.086276136650687,23.71905456338739,observed support,31.159587796227555
2048,12,uncertainty,4,2,household,0.13500000536441803,0.24549615780317202,0.13174699253441047,0.13693333342671393,first physical ID,0.31187373955567754
2048,12,uncertainty,4,12,regional,223.6699981689453,241.5980384140385,1453.3268593793218,209.52203018976917,observed support,247.2523080152397
2048,12,uncertainty,4,12,group,13.531999588012695,15.660846675345956,9.956558682262205,13.347259207540933,observed support,15.764234901689353
2048,12,uncertainty,4,12,household,1.1109999418258667,1.1837091951084844,0.16343102930331865,0.6567777716451221,first physical ID,1.1826492425895152
2048,12,uncertainty,8,2,regional,514.0559692382812,514.1466178860088,235.85498243677893,400.74302671584456,observed support,505.25939934899867
2048,12,uncertainty,8,2,group,31.98900032043457,31.642850711542827,4.027397413913605,23.71905456338739,observed support,31.159587796227555
2048,12,uncertainty,8,2,household,0.13500000536441803,0.3726810287344613,0.12751337279796687,0.13693333342671393,first physical ID,0.31187373955567754
2048,12,uncertainty,8,12,regional,223.6699981689453,252.85362208560932,1383.9083139731026,209.52203018976917,observed support,247.2523080152397
2048,12,uncertainty,8,12,group,13.531999588012695,16.533531281464874,9.648677869558359,13.347259207540933,observed support,15.764234901689353
2048,12,uncertainty,8,12,household,1.1109999418258667,1.2460653452722381,0.16261255035741196,0.6567777716451221,first physical ID,1.1826492425895152
2048,13,fixed_coarse,0,2,regional,738.56103515625,741.9345796882433,335.65109978313365,588.6590262006393,observed support,717.9347005703448
2048,13,fixed_coarse,0,2,group,52.012996673583984,47.85291240564609,4.45297612774156,37.69644011156577,observed support,46.24562362866948
2048,13,fixed_coarse,0,2,household,0.35100001096725464,0.12873459003192683,0.1575986660050307,0.22555555370118882,first physical ID,0.23562010032980188
2048,13,fixed_coarse,0,12,regional,395.66302490234375,439.1521531579032,2132.8316808934587,304.51067151369045,observed support,383.30410913955177
2048,13,fixed_coarse,0,12,group,27.946996688842773,28.971570347126544,12.947912144951903,20.0515879069962,observed support,24.798602644487133
2048,13,fixed_coarse,0,12,household,2.953000068664551,1.983531115889447,0.17064174348140165,1.7317111076580154,first physical ID,2.1376692221853513
2048,13,uniform_fine_stream,16,2,regional,738.56103515625,717.9347005703448,221.86973177643551,588.6590262006393,observed support,717.9347005703448
2048,13,uniform_fine_stream,16,2,group,52.012996673583984,46.24562362866948,3.849578584901672,37.69644011156577,observed support,46.24562362866948
2048,13,uniform_fine_stream,16,2,household,0.35100001096725464,0.23562010032980188,0.08719876834804446,0.22555555370118882,first physical ID,0.23562010032980188
2048,13,uniform_fine_stream,16,12,regional,395.66302490234375,383.30410913955177,1319.5840838122988,304.51067151369045,observed support,383.30410913955177
2048,13,uniform_fine_stream,16,12,group,27.946996688842773,24.798602644487133,9.300759568054723,20.0515879069962,observed support,24.798602644487133
2048,13,uniform_fine_stream,16,12,household,2.953000068664551,2.1376692221853513,0.1607847298182929,1.7317111076580154,first physical ID,2.1376692221853513
2048,13,fixed,2,2,regional,738.56103515625,720.7791832476762,270.6333175034136,588.6590262006393,observed support,717.9347005703448
2048,13,fixed,2,2,group,52.012996673583984,46.57424709753662,4.166306764361851,37.69644011156577,observed support,46.24562362866948
2048,13,fixed,2,2,household,0.35100001096725464,0.17014167959068274,0.13629839721090317,0.22555555370118882,first physical ID,0.23562010032980188
2048,13,fixed,2,12,regional,395.66302490234375,394.21511726119735,1538.4115426368676,304.51067151369045,observed support,383.30410913955177
2048,13,fixed,2,12,group,27.946996688842773,26.189972914710953,10.324098973079385,20.0515879069962,observed support,24.798602644487133
2048,13,fixed,2,12,household,2.953000068664551,2.1280454929767183,0.1647635561780204,1.7317111076580154,first physical ID,2.1376692221853513
2048,13,fixed,4,2,regional,738.56103515625,717.8602868360514,252.5371270503265,588.6590262006393,observed support,717.9347005703448
2048,13,fixed,4,2,group,52.012996673583984,46.2276783154518,3.9666534574965784,37.69644011156577,observed support,46.24562362866948
2048,13,fixed,4,2,household,0.35100001096725464,0.3110320745763804,0.088832421436695,0.22555555370118882,first physical ID,0.23562010032980188
2048,13,fixed,4,12,regional,395.66302490234375,387.6077536653878,1446.575590416494,304.51067151369045,observed support,383.30410913955177
2048,13,fixed,4,12,group,27.946996688842773,25.16374773759516,9.803676094039368,20.0515879069962,observed support,24.798602644487133
2048,13,fixed,4,12,household,2.953000068664551,2.1195753801141834,0.16240708097359155,1.7317111076580154,first physical ID,2.1376692221853513
2048,13,fixed,8,2,regional,738.56103515625,715.6850173419436,236.9688743613217,588.6590262006393,observed support,717.9347005703448
2048,13,fixed,8,2,group,52.012996673583984,46.05843367306958,3.9059447851063203,37.69644011156577,observed support,46.24562362866948
2048,13,fixed,8,2,household,0.35100001096725464,0.30904213196874647,0.08792072402108013,0.22555555370118882,first physical ID,0.23562010032980188
2048,13,fixed,8,12,regional,395.66302490234375,392.58646506776057,1382.5510385235793,304.51067151369045,observed support,383.30410913955177
2048,13,fixed,8,12,group,27.946996688842773,25.407091284277563,9.551303341110781,20.0515879069962,observed support,24.798602644487133
2048,13,fixed,8,12,household,2.953000068664551,2.0740572318044173,0.16143732340651576,1.7317111076580154,first physical ID,2.1376692221853513
2048,13,random,2,2,regional,738.56103515625,723.3432239862451,269.1547491645248,588.6590262006393,observed support,717.9347005703448
2048,13,random,2,2,group,52.012996673583984,46.67324355938514,4.162318803214625,37.69644011156577,observed support,46.24562362866948
2048,13,random,2,2,household,0.35100001096725464,0.28177404133475814,0.13531878822453458,0.22555555370118882,first physical ID,0.23562010032980188
2048,13,random,2,12,regional,395.66302490234375,386.44889452697345,1535.5865545550666,304.51067151369045,observed support,383.30410913955177
2048,13,random,2,12,group,27.946996688842773,25.710114430797404,10.31244214691012,20.0515879069962,observed support,24.798602644487133
2048,13,random,2,12,household,2.953000068664551,2.194703410404436,0.16441645623404316,1.7317111076580154,first physical ID,2.1376692221853513
2048,13,random,4,2,regional,738.56103515625,711.1134047316261,250.93929760530574,588.6590262006393,observed support,717.9347005703448
2048,13,random,4,2,group,52.012996673583984,45.86620634272658,3.960792141486438,37.69644011156577,observed support,46.24562362866948
2048,13,random,4,2,household,0.35100001096725464,0.31316924860629136,0.08863842037341467,0.22555555370118882,first physical ID,0.23562010032980188
2048,13,random,4,12,regional,395.66302490234375,383.6052119739362,1431.871123080215,304.51067151369045,observed support,383.30410913955177
2048,13,random,4,12,group,27.946996688842773,25.00601167243478,9.747444562125402,20.0515879069962,observed support,24.798602644487133
2048,13,random,4,12,household,2.953000068664551,2.1219721456558847,0.16213138361210866,1.7317111076580154,first physical ID,2.1376692221853513
2048,13,random,8,2,regional,738.56103515625,718.7992053563077,234.9198971701487,588.6590262006393,observed support,717.9347005703448
2048,13,random,8,2,group,52.012996673583984,46.33283568228794,3.8984895488777704,37.69644011156577,observed support,46.24562362866948
2048,13,random,8,2,household,0.35100001096725464,0.24760945765287026,0.08777996294102,0.22555555370118882,first physical ID,0.23562010032980188
2048,13,random,8,12,regional,395.66302490234375,395.7929640800852,1372.3967317238846,304.51067151369045,observed support,383.30410913955177
2048,13,random,8,12,group,27.946996688842773,25.677094061913273,9.51126665704898,20.0515879069962,observed support,24.798602644487133
2048,13,random,8,12,household,2.953000068664551,2.1406490712026653,0.1613328337554562,1.7317111076580154,first physical ID,2.1376692221853513
2048,13,uncertainty,2,2,regional,738.56103515625,745.7883379745972,271.1516389368511,588.6590262006393,observed support,717.9347005703448
2048,13,uncertainty,2,2,group,52.012996673583984,48.02336564975861,4.171403790098616,37.69644011156577,observed support,46.24562362866948
2048,13,uncertainty,2,2,household,0.35100001096725464,0.24399602336851364,0.13925494032691157,0.22555555370118882,first physical ID,0.23562010032980188
2048,13,uncertainty,2,12,regional,395.66302490234375,421.91998821691163,1557.340243391479,304.51067151369045,observed support,383.30410913955177
2048,13,uncertainty,2,12,group,27.946996688842773,27.70382010610127,10.428180855246993,20.0515879069962,observed support,24.798602644487133
2048,13,uncertainty,2,12,household,2.953000068664551,2.139053692775147,0.16482846576017057,1.7317111076580154,first physical ID,2.1376692221853513
2048,13,uncertainty,4,2,regional,738.56103515625,734.5808180788547,250.22734091799012,588.6590262006393,observed support,717.9347005703448
2048,13,uncertainty,4,2,group,52.012996673583984,47.41216863760886,4.086630637687338,37.69644011156577,observed support,46.24562362866948
2048,13,uncertainty,4,2,household,0.35100001096725464,0.26196232597411273,0.13178227380416915,0.22555555370118882,first physical ID,0.23562010032980188
2048,13,uncertainty,4,12,regional,395.66302490234375,425.3234197777606,1451.109004818526,304.51067151369045,observed support,383.30410913955177
2048,13,uncertainty,4,12,group,27.946996688842773,28.022025979444635,9.956803090599802,20.0515879069962,observed support,24.798602644487133
2048,13,uncertainty,4,12,household,2.953000068664551,2.0916495075193495,0.16343413998227066,1.7317111076580154,first physical ID,2.1376692221853513
2048,13,uncertainty,8,2,regional,738.56103515625,726.8366168574763,235.85130302277196,588.6590262006393,observed support,717.9347005703448
2048,13,uncertainty,8,2,group,52.012996673583984,46.88106920096903,4.027664137625086,37.69644011156577,observed support,46.24562362866948
2048,13,uncertainty,8,2,household,0.35100001096725464,0.22188000728079862,0.12752728150536274,0.22555555370118882,first physical ID,0.23562010032980188
2048,13,uncertainty,8,12,regional,395.66302490234375,410.13810740265524,1381.8625451424325,304.51067151369045,observed support,383.30410913955177
2048,13,uncertainty,8,12,group,27.946996688842773,26.965069697757407,9.649314348314544,20.0515879069962,observed support,24.798602644487133
2048,13,uncertainty,8,12,household,2.953000068664551,2.074977657141828,0.16261513713125095,1.7317111076580154,first physical ID,2.1376692221853513
2048,14,fixed_coarse,0,2,regional,556.1939697265625,567.1639740274092,334.991581621444,467.13157975597994,observed support,563.5747884212349
2048,14,fixed_coarse,0,2,group,38.702999114990234,34.25639570550604,4.4525697525603585,28.10125507368626,observed support,34.21352185746951
2048,14,fixed_coarse,0,2,household,0.14499999582767487,0.17912692768609656,0.15762566355795235,0.12777777736385662,first physical ID,0.21458496997008242
2048,14,fixed_coarse,0,12,regional,699.6820068359375,643.352261471477,2134.4120385199085,549.4728961350693,observed support,649.8195462540259
2048,14,fixed_coarse,0,12,group,47.157997131347656,40.761566489496616,12.954692593673565,34.685575623191426,observed support,40.96847822122612
2048,14,fixed_coarse,0,12,household,0.17499999701976776,0.43024229712826373,0.17064342576248454,0.20339999952250057,first physical ID,0.41917640537901035
2048,14,uniform_fine_stream,16,2,regional,556.1939697265625,563.5747884212349,221.4845945899187,467.13157975597994,observed support,563.5747884212349
2048,14,uniform_fine_stream,16,2,group,38.702999114990234,34.21352185746951,3.8494847091250746,28.10125507368626,observed support,34.21352185746951
2048,14,uniform_fine_stream,16,2,household,0.14499999582767487,0.21458496997008242,0.08719819754716655,0.12777777736385662,first physical ID,0.21458496997008242
2048,14,uniform_fine_stream,16,12,regional,699.6820068359375,649.8195462540259,1319.5634087459175,549.4728961350693,observed support,649.8195462540259
2048,14,uniform_fine_stream,16,12,group,47.157997131347656,40.96847822122612,9.300704031736796,34.685575623191426,observed support,40.96847822122612
2048,14,uniform_fine_stream,16,12,household,0.17499999701976776,0.41917640537901035,0.1607848064243163,0.20339999952250057,first physical ID,0.41917640537901035
2048,14,fixed,2,2,regional,556.1939697265625,568.876577835977,272.59694711302416,467.13157975597994,observed support,563.5747884212349
2048,14,fixed,2,2,group,38.702999114990234,34.43829536996943,4.178065347894418,28.10125507368626,observed support,34.21352185746951
2048,14,fixed,2,2,household,0.14499999582767487,0.21024470083254077,0.13611936335271227,0.12777777736385662,first physical ID,0.21458496997008242
2048,14,fixed,2,12,regional,699.6820068359375,650.7527065479409,1576.5855689116856,549.4728961350693,observed support,649.8195462540259
2048,14,fixed,2,12,group,47.157997131347656,41.329496034031,10.481858976607779,34.685575623191426,observed support,40.96847822122612
2048,14,fixed,2,12,household,0.17499999701976776,0.42573495848627285,0.16512123019832192,0.20339999952250057,first physical ID,0.41917640537901035
2048,14,fixed,4,2,regional,556.1939697265625,569.4688099631796,251.0358319723498,467.13157975597994,observed support,563.5747884212349
2048,14,fixed,4,2,group,38.702999114990234,34.677759435059706,3.9600375605368656,28.10125507368626,observed support,34.21352185746951
2048,14,fixed,4,2,household,0.14499999582767487,0.1319367998542207,0.08878287038602495,0.12777777736385662,first physical ID,0.21458496997008242
2048,14,fixed,4,12,regional,699.6820068359375,646.7346131789614,1467.8990620534694,549.4728961350693,observed support,649.8195462540259
2048,14,fixed,4,12,group,47.157997131347656,40.652470220821385,9.891033654725655,34.685575623191426,observed support,40.96847822122612
2048,14,fixed,4,12,household,0.17499999701976776,0.37669177362451534,0.16234678636353533,0.20339999952250057,first physical ID,0.41917640537901035
2048,14,fixed,8,2,regional,556.1939697265625,572.5066695330686,236.0181999459014,467.13157975597994,observed support,563.5747884212349
2048,14,fixed,8,2,group,38.702999114990234,34.83598877986491,3.903777458273482,28.10125507368626,observed support,34.21352185746951
2048,14,fixed,8,2,household,0.14499999582767487,0.14429323254817486,0.08788434271646496,0.12777777736385662,first physical ID,0.21458496997008242
2048,14,fixed,8,12,regional,699.6820068359375,647.5863096955144,1384.9600451243646,549.4728961350693,observed support,649.8195462540259
2048,14,fixed,8,12,group,47.157997131347656,40.77018476432109,9.563368498006412,34.685575623191426,observed support,40.96847822122612
2048,14,fixed,8,12,household,0.17499999701976776,0.3842077333423591,0.16141216502689598,0.20339999952250057,first physical ID,0.41917640537901035
2048,14,random,2,2,regional,556.1939697265625,566.0535714909333,271.93708195206875,467.13157975597994,observed support,563.5747884212349
2048,14,random,2,2,group,38.702999114990234,34.23243627672332,4.176581739366943,28.10125507368626,observed support,34.21352185746951
2048,14,random,2,2,household,0.14499999582767487,0.32198240476610324,0.1390554169292573,0.12777777736385662,first physical ID,0.21458496997008242
2048,14,random,2,12,regional,699.6820068359375,661.4510296475385,1554.8664180262977,549.4728961350693,observed support,649.8195462540259
2048,14,random,2,12,group,47.157997131347656,41.894310075436394,10.412226170343544,34.685575623191426,observed support,40.96847822122612
2048,14,random,2,12,household,0.17499999701976776,0.41913866723888443,0.1647003341118825,0.20339999952250057,first physical ID,0.41917640537901035
2048,14,random,4,2,regional,556.1939697265625,565.4304930855908,255.11188766739835,467.13157975597994,observed support,563.5747884212349
2048,14,random,4,2,group,38.702999114990234,34.185613464038106,4.1040974988531564,28.10125507368626,observed support,34.21352185746951
2048,14,random,4,2,household,0.14499999582767487,0.20359406523477847,0.1323889121316982,0.12777777736385662,first physical ID,0.21458496997008242
2048,14,random,4,12,regional,699.6820068359375,648.5495750962018,1467.1343086982279,549.4728961350693,observed support,649.8195462540259
2048,14,random,4,12,group,47.157997131347656,41.14737227795525,10.015150458117402,34.685575623191426,observed support,40.96847822122612
2048,14,random,4,12,household,0.17499999701976776,0.38615375599424256,0.16361439359495134,0.20339999952250057,first physical ID,0.41917640537901035
2048,14,random,8,2,regional,556.1939697265625,573.4407699618628,235.84272393623257,467.13157975597994,observed support,563.5747884212349
2048,14,random,8,2,group,38.702999114990234,34.69703910332044,4.029840598996016,28.10125507368626,observed support,34.21352185746951
2048,14,random,8,2,household,0.14499999582767487,0.20678814335008022,0.12720005387749472,0.12777777736385662,first physical ID,0.21458496997008242
2048,14,random,8,12,regional,699.6820068359375,660.0483557240007,1378.6991656363352,549.4728961350693,observed support,649.8195462540259
2048,14,random,8,12,group,47.157997131347656,41.92052483498405,9.634785443257854,34.685575623191426,observed support,40.96847822122612
2048,14,random,8,12,household,0.17499999701976776,0.44121418494193176,0.16259715081181292,0.20339999952250057,first physical ID,0.41917640537901035
2048,14,uncertainty,2,2,regional,556.1939697265625,568.2166366568842,270.63985594140837,467.13157975597994,observed support,563.5747884212349
2048,14,uncertainty,2,2,group,38.702999114990234,34.44251989543956,4.1712909092305015,28.10125507368626,observed support,34.21352185746951
2048,14,uncertainty,2,2,household,0.14499999582767487,0.501583505259353,0.13925707380137944,0.12777777736385662,first physical ID,0.21458496997008242
2048,14,uncertainty,2,12,regional,699.6820068359375,659.9341621046149,1557.3247023693275,549.4728961350693,observed support,649.8195462540259
2048,14,uncertainty,2,12,group,47.157997131347656,42.01133870659981,10.428112510446432,34.685575623191426,observed support,40.96847822122612
2048,14,uncertainty,2,12,household,0.17499999701976776,0.49934573922176956,0.1648301260002239,0.20339999952250057,first physical ID,0.41917640537901035
2048,14,uncertainty,4,2,regional,556.1939697265625,571.2146349943343,249.71478980559687,467.13157975597994,observed support,563.5747884212349
2048,14,uncertainty,4,2,group,38.702999114990234,34.63212145550605,4.08620613648851,28.10125507368626,observed support,34.21352185746951
2048,14,uncertainty,4,2,household,0.14499999582767487,0.3332610647550397,0.13175007829816135,0.12777777736385662,first physical ID,0.21458496997008242
2048,14,uncertainty,4,12,regional,699.6820068359375,674.9591330592394,1450.9863065668103,549.4728961350693,observed support,649.8195462540259
2048,14,uncertainty,4,12,group,47.157997131347656,42.98262141154618,9.956364211308614,34.685575623191426,observed support,40.96847822122612
2048,14,uncertainty,4,12,household,0.17499999701976776,0.42110371305189453,0.16343204607308226,0.20339999952250057,first physical ID,0.41917640537901035
2048,14,uncertainty,8,2,regional,556.1939697265625,562.7307095987071,235.4073097182976,467.13157975597994,observed support,563.5747884212349
2048,14,uncertainty,8,2,group,38.702999114990234,34.111241713536685,4.027434591266614,28.10125507368626,observed support,34.21352185746951
2048,14,uncertainty,8,2,household,0.14499999582767487,0.34109034075162725,0.1275164472078225,0.12777777736385662,first physical ID,0.21458496997008242
2048,14,uncertainty,8,12,regional,699.6820068359375,661.5650657181361,1381.7784251348019,549.4728961350693,observed support,649.8195462540259
2048,14,uncertainty,8,12,group,47.157997131347656,42.07424679944902,9.64900161117321,34.685575623191426,observed support,40.96847822122612
2048,14,uncertainty,8,12,household,0.17499999701976776,0.40361312388166715,0.1626145203732626,0.20339999952250057,first physical ID,0.41917640537901035
2048,15,fixed_coarse,0,2,regional,669.3590087890625,618.8459311988427,335.3632300751966,498.7516523660691,observed support,617.451462336198
2048,15,fixed_coarse,0,2,group,38.30900192260742,36.39523161598976,4.452051145275312,29.40000398600558,observed support,36.29283943616641
2048,15,fixed_coarse,0,2,household,1.1890000104904175,0.5770606548393676,0.15758681113476,0.3002325580563656,first physical ID,0.3026463184592124
2048,15,fixed_coarse,0,12,regional,810.125,758.1968647035629,2132.207496443612,615.4258563471884,observed support,753.4695345722093
2048,15,fixed_coarse,0,12,group,54.231998443603516,47.60024985343648,12.936461846885502,38.31415183683752,observed support,47.126045300340174
2048,15,fixed_coarse,0,12,household,0.42899999022483826,0.45616982988342336,0.17064638747940858,0.20165116166652636,first physical ID,0.36906296531799776
2048,15,uniform_fine_stream,16,2,regional,669.3590087890625,617.451462336198,221.79109893605428,498.7516523660691,observed support,617.451462336198
2048,15,uniform_fine_stream,16,2,group,38.30900192260742,36.29283943616641,3.8494865074942863,29.40000398600558,observed support,36.29283943616641
2048,15,uniform_fine_stream,16,2,household,1.1890000104904175,0.3026463184592124,0.08719848648149728,0.3002325580563656,first physical ID,0.3026463184592124
2048,15,uniform_fine_stream,16,12,regional,810.125,753.4695345722093,1321.2926896694578,615.4258563471884,observed support,753.4695345722093
2048,15,uniform_fine_stream,16,12,group,54.231998443603516,47.126045300340174,9.301271801509147,38.31415183683752,observed support,47.126045300340174
2048,15,uniform_fine_stream,16,12,household,0.42899999022483826,0.36906296531799776,0.16078730936726818,0.20165116166652636,first physical ID,0.36906296531799776
2048,15,fixed,2,2,regional,669.3590087890625,623.022451858604,270.1964813166652,498.7516523660691,observed support,617.451462336198
2048,15,fixed,2,2,group,38.30900192260742,36.74998081541363,4.033749738223387,29.40000398600558,observed support,36.29283943616641
2048,15,fixed,2,2,household,1.1890000104904175,0.16249884425496663,0.08988835300392808,0.3002325580563656,first physical ID,0.3026463184592124
2048,15,fixed,2,12,regional,810.125,758.4232198317344,1554.3452384005307,615.4258563471884,observed support,753.4695345722093
2048,15,fixed,2,12,group,54.231998443603516,47.24925957551405,10.22427202825899,38.31415183683752,observed support,47.126045300340174
2048,15,fixed,2,12,household,0.42899999022483826,0.34112017864544164,0.16357350202344798,0.20165116166652636,first physical ID,0.36906296531799776
2048,15,fixed,4,2,regional,669.3590087890625,626.9224479230451,250.80598811693443,498.7516523660691,observed support,617.451462336198
2048,15,fixed,4,2,group,38.30900192260742,37.08064742800533,3.9590846929364316,29.40000398600558,observed support,36.29283943616641
2048,15,fixed,4,2,household,1.1890000104904175,0.17365796318616195,0.08874668661018764,0.3002325580563656,first physical ID,0.3026463184592124
2048,15,fixed,4,12,regional,810.125,781.7266486551364,1460.2451629252892,615.4258563471884,observed support,753.4695345722093
2048,15,fixed,4,12,group,54.231998443603516,48.90867515959462,9.857289564454202,38.31415183683752,observed support,47.126045300340174
2048,15,fixed,4,12,household,0.42899999022483826,0.2896868414284858,0.16230039932197235,0.20165116166652636,first physical ID,0.36906296531799776
2048,15,fixed,8,2,regional,669.3590087890625,618.6810984243629,236.0587902271327,498.7516523660691,observed support,617.451462336198
2048,15,fixed,8,2,group,38.30900192260742,36.435135373157415,3.9035700929658743,29.40000398600558,observed support,36.29283943616641
2048,15,fixed,8,2,household,1.1890000104904175,0.22120143319705618,0.08789913097467807,0.3002325580563656,first physical ID,0.3026463184592124
2048,15,fixed,8,12,regional,810.125,757.642727112462,1383.3424569894244,615.4258563471884,observed support,753.4695345722093
2048,15,fixed,8,12,group,54.231998443603516,47.298788006504914,9.551889337672673,38.31415183683752,observed support,47.126045300340174
2048,15,fixed,8,12,household,0.42899999022483826,0.34302040825369384,0.16140522914376165,0.20165116166652636,first physical ID,0.36906296531799776
2048,15,random,2,2,regional,669.3590087890625,622.2276635135378,269.75028682312865,498.7516523660691,observed support,617.451462336198
2048,15,random,2,2,group,38.30900192260742,36.6328736944088,4.166921719418743,29.40000398600558,observed support,36.29283943616641
2048,15,random,2,2,household,1.1890000104904175,0.2571122230633728,0.1377906155612519,0.3002325580563656,first physical ID,0.3026463184592124
2048,15,random,2,12,regional,810.125,764.6658019935787,1534.193866761725,615.4258563471884,observed support,753.4695345722093
2048,15,random,2,12,group,54.231998443603516,48.00334998081229,10.301766692284867,38.31415183683752,observed support,47.126045300340174
2048,15,random,2,12,household,0.42899999022483826,0.3671040802783291,0.16473510078680884,0.20165116166652636,first physical ID,0.36906296531799776
2048,15,random,4,2,regional,669.3590087890625,620.0930091664424,252.43688309632006,498.7516523660691,observed support,617.451462336198
2048,15,random,4,2,group,38.30900192260742,36.6367384526056,3.9665547660672997,29.40000398600558,observed support,36.29283943616641
2048,15,random,4,2,household,1.1890000104904175,0.18992725345363662,0.08883263039618645,0.3002325580563656,first physical ID,0.3026463184592124
2048,15,random,4,12,regional,810.125,746.0524195132117,1448.1038739727896,615.4258563471884,observed support,753.4695345722093
2048,15,random,4,12,group,54.231998443603516,46.638154315431606,9.803345994011217,38.31415183683752,observed support,47.126045300340174
2048,15,random,4,12,household,0.42899999022483826,0.3854261220168847,0.1624082265160201,0.20165116166652636,first physical ID,0.36906296531799776
2048,15,random,8,2,regional,669.3590087890625,614.9995513188047,234.89029746078535,498.7516523660691,observed support,617.451462336198
2048,15,random,8,2,group,38.30900192260742,36.17908689375231,3.898853399396823,29.40000398600558,observed support,36.29283943616641
2048,15,random,8,2,household,1.1890000104904175,0.29633459851461597,0.08787344017404271,0.3002325580563656,first physical ID,0.3026463184592124
2048,15,random,8,12,regional,810.125,756.8279878726046,1374.36686936626,615.4258563471884,observed support,753.4695345722093
2048,15,random,8,12,group,54.231998443603516,47.282089489755876,9.512936388998927,38.31415183683752,observed support,47.126045300340174
2048,15,random,8,12,household,0.42899999022483826,0.34794092606751537,0.16139274962490363,0.20165116166652636,first physical ID,0.36906296531799776
2048,15,uncertainty,2,2,regional,669.3590087890625,599.8930516938871,271.02906279671527,498.7516523660691,observed support,617.451462336198
2048,15,uncertainty,2,2,group,38.30900192260742,35.1049756487937,4.1712124626735285,29.40000398600558,observed support,36.29283943616641
2048,15,uncertainty,2,2,household,1.1890000104904175,0.7746014577785787,0.13925510955524073,0.3002325580563656,first physical ID,0.3026463184592124
2048,15,uncertainty,2,12,regional,810.125,730.3814228916166,1558.8349405024815,615.4258563471884,observed support,753.4695345722093
2048,15,uncertainty,2,12,group,54.231998443603516,45.72250356579303,10.427291241660365,38.31415183683752,observed support,47.126045300340174
2048,15,uncertainty,2,12,household,0.42899999022483826,0.45001263642825307,0.16483081680673617,0.20165116166652636,first physical ID,0.36906296531799776
2048,15,uncertainty,4,2,regional,669.3590087890625,608.7945704067436,250.06973978839306,498.7516523660691,observed support,617.451462336198
2048,15,uncertainty,4,2,group,38.30900192260742,35.83482726881881,4.0861758751203014,29.40000398600558,observed support,36.29283943616641
2048,15,uncertainty,4,2,household,1.1890000104904175,0.6291024654616604,0.13174959762836272,0.3002325580563656,first physical ID,0.3026463184592124
2048,15,uncertainty,4,12,regional,810.125,756.9526444766866,1452.5618671837708,615.4258563471884,observed support,753.4695345722093
2048,15,uncertainty,4,12,group,54.231998443603516,47.718580675559316,9.956071545220144,38.31415183683752,observed support,47.126045300340174
2048,15,uncertainty,4,12,household,0.42899999022483826,0.39334861186288933,0.1634324117322138,0.20165116166652636,first physical ID,0.36906296531799776
2048,15,uncertainty,8,2,regional,669.3590087890625,610.1778485623548,235.73828001062503,498.7516523660691,observed support,617.451462336198
2048,15,uncertainty,8,2,group,38.30900192260742,35.85373755831016,4.0274197735724115,29.40000398600558,observed support,36.29283943616641
2048,15,uncertainty,8,2,household,1.1890000104904175,0.5779363464882055,0.1275164969874855,0.3002325580563656,first physical ID,0.3026463184592124
2048,15,uncertainty,8,12,regional,810.125,753.993536939833,1383.3772506057235,615.4258563471884,observed support,753.4695345722093
2048,15,uncertainty,8,12,group,54.231998443603516,47.4038580454911,9.648914324401087,38.31415183683752,observed support,47.126045300340174
2048,15,uncertainty,8,12,household,0.42899999022483826,0.3826102529019625,0.16261475590809776,0.20165116166652636,first physical ID,0.36906296531799776
2048,16,fixed_coarse,0,2,regional,470.9429931640625,492.3679524040494,331.42545568501055,409.8398937149831,observed support,489.49217053621976
2048,16,fixed_coarse,0,2,group,32.61199951171875,30.64858602575151,4.451709758892324,25.732773263448188,observed support,29.8332144498714
2048,16,fixed_coarse,0,2,household,0.13099999725818634,0.3245846946788237,0.1574891336715122,0.2190652167343575,first physical ID,0.2942170016367868
2048,16,fixed_coarse,0,12,regional,692.8509521484375,685.2966173110517,2120.9620119254005,605.3823970110968,observed support,712.4983782627705
2048,16,fixed_coarse,0,12,group,46.76700210571289,42.86794992125232,12.94433258380089,37.53634204003327,observed support,43.97538051790981
2048,16,fixed_coarse,0,12,household,0.6079999804496765,0.45774281854953924,0.1705705850194918,0.23426086909097174,first physical ID,0.29787199857394664
2048,16,uniform_fine_stream,16,2,regional,470.9429931640625,489.49217053621976,219.26368148065632,409.8398937149831,observed support,489.49217053621976
2048,16,uniform_fine_stream,16,2,group,32.61199951171875,29.8332144498714,3.8499641008050203,25.732773263448188,observed support,29.8332144498714
2048,16,uniform_fine_stream,16,2,household,0.13099999725818634,0.2942170016367868,0.08719935425424673,0.2190652167343575,first physical ID,0.2942170016367868
2048,16,uniform_fine_stream,16,12,regional,692.8509521484375,712.4983782627705,1312.3876045242923,605.3823970110968,observed support,712.4983782627705
2048,16,uniform_fine_stream,16,12,group,46.76700210571289,43.97538051790981,9.302316673786908,37.53634204003327,observed support,43.97538051790981
2048,16,uniform_fine_stream,16,12,household,0.6079999804496765,0.29787199857394664,0.1607876121947938,0.23426086909097174,first physical ID,0.29787199857394664
2048,16,fixed,2,2,regional,470.9429931640625,489.63579644745715,262.9321349896252,409.8398937149831,observed support,489.49217053621976
2048,16,fixed,2,2,group,32.61199951171875,30.073075132931287,4.0159626260241135,25.732773263448188,observed support,29.8332144498714
2048,16,fixed,2,2,household,0.13099999725818634,0.2757583549429263,0.08961917109171534,0.2190652167343575,first physical ID,0.2942170016367868
2048,16,fixed,2,12,regional,692.8509521484375,716.5332056159605,1558.3023259320476,605.3823970110968,observed support,712.4983782627705
2048,16,fixed,2,12,group,46.76700210571289,44.52453822376039,10.28938417390752,37.53634204003327,observed support,43.97538051790981
2048,16,fixed,2,12,household,0.6079999804496765,0.3007947688774186,0.16319106443456088,0.23426086909097174,first physical ID,0.29787199857394664
2048,16,fixed,4,2,regional,470.9429931640625,489.458091925268,248.9785747391531,409.8398937149831,observed support,489.49217053621976
2048,16,fixed,4,2,group,32.61199951171875,29.985086532172225,3.96360688845125,25.732773263448188,observed support,29.8332144498714
2048,16,fixed,4,2,household,0.13099999725818634,0.329796136946714,0.08874522778784054,0.2190652167343575,first physical ID,0.2942170016367868
2048,16,fixed,4,12,regional,692.8509521484375,711.7089646213205,1451.5438190812938,605.3823970110968,observed support,712.4983782627705
2048,16,fixed,4,12,group,46.76700210571289,44.18163580578706,9.863646118833977,37.53634204003327,observed support,43.97538051790981
2048,16,fixed,4,12,household,0.6079999804496765,0.35685689403882526,0.16223300932141166,0.23426086909097174,first physical ID,0.29787199857394664
2048,16,fixed,8,2,regional,470.9429931640625,486.48651144990686,232.26920213698924,409.8398937149831,observed support,489.49217053621976
2048,16,fixed,8,2,group,32.61199951171875,29.660223830364448,3.8986516118905588,25.732773263448188,observed support,29.8332144498714
2048,16,fixed,8,2,household,0.13099999725818634,0.287064763397357,0.08784137065177543,0.2190652167343575,first physical ID,0.2942170016367868
2048,16,fixed,8,12,regional,692.8509521484375,700.4404540437172,1363.4304631707946,605.3823970110968,observed support,712.4983782627705
2048,16,fixed,8,12,group,46.76700210571289,43.179589663138856,9.509934754033445,37.53634204003327,observed support,43.97538051790981
2048,16,fixed,8,12,household,0.6079999804496765,0.3238082837783231,0.1613585118154904,0.23426086909097174,first physical ID,0.29787199857394664
2048,16,random,2,2,regional,470.9429931640625,486.063691087626,265.4530039384059,409.8398937149831,observed support,489.49217053621976
2048,16,random,2,2,group,32.61199951171875,29.958751730745494,4.029365674383522,25.732773263448188,observed support,29.8332144498714
2048,16,random,2,2,household,0.13099999725818634,0.30166720731852703,0.08953915822988422,0.2190652167343575,first physical ID,0.2942170016367868
2048,16,random,2,12,regional,692.8509521484375,695.545930770108,1542.3648250403417,605.3823970110968,observed support,712.4983782627705
2048,16,random,2,12,group,46.76700210571289,43.24151897954209,10.220183049462289,37.53634204003327,observed support,43.97538051790981
2048,16,random,2,12,household,0.6079999804496765,0.35839073711572844,0.1633572935239505,0.23426086909097174,first physical ID,0.29787199857394664
2048,16,random,4,2,regional,470.9429931640625,488.88245221139954,249.3151758085833,409.8398937149831,observed support,489.49217053621976
2048,16,random,4,2,group,32.61199951171875,30.002961973036903,3.9670546365076556,25.732773263448188,observed support,29.8332144498714
2048,16,random,4,2,household,0.13099999725818634,0.3099057475964685,0.08871602641309097,0.2190652167343575,first physical ID,0.2942170016367868
2048,16,random,4,12,regional,692.8509521484375,708.0720485511126,1446.1326588657882,605.3823970110968,observed support,712.4983782627705
2048,16,random,4,12,group,46.76700210571289,43.939896727840456,9.84141691465128,37.53634204003327,observed support,43.97538051790981
2048,16,random,4,12,household,0.6079999804496765,0.38043834786371383,0.16232263539437142,0.23426086909097174,first physical ID,0.29787199857394664
2048,16,random,8,2,regional,470.9429931640625,490.6627632674563,232.27396764200623,409.8398937149831,observed support,489.49217053621976
2048,16,random,8,2,group,32.61199951171875,29.9855128545692,3.899118224827615,25.732773263448188,observed support,29.8332144498714
2048,16,random,8,2,household,0.13099999725818634,0.28492082832390947,0.08780352494938824,0.2190652167343575,first physical ID,0.2942170016367868
2048,16,random,8,12,regional,692.8509521484375,700.9261448637,1361.746530034798,605.3823970110968,observed support,712.4983782627705
2048,16,random,8,12,group,46.76700210571289,43.250405599304486,9.50121772598107,37.53634204003327,observed support,43.97538051790981
2048,16,random,8,12,household,0.6079999804496765,0.3215587449545545,0.16137527658618328,0.23426086909097174,first physical ID,0.29787199857394664
2048,16,uncertainty,2,2,regional,470.9429931640625,499.688817020137,268.377329709238,409.8398937149831,observed support,489.49217053621976
2048,16,uncertainty,2,2,group,32.61199951171875,31.127593285795427,4.1748280058338105,25.732773263448188,observed support,29.8332144498714
2048,16,uncertainty,2,2,household,0.13099999725818634,0.5019446311110904,0.13937419147850902,0.2190652167343575,first physical ID,0.2942170016367868
2048,16,uncertainty,2,12,regional,692.8509521484375,706.9148702272814,1556.8331444938701,605.3823970110968,observed support,712.4983782627705
2048,16,uncertainty,2,12,group,46.76700210571289,44.159371344404335,10.468579106975575,37.53634204003327,observed support,43.97538051790981
2048,16,uncertainty,2,12,household,0.6079999804496765,0.36642170040682986,0.1648657244056292,0.23426086909097174,first physical ID,0.29787199857394664
2048,16,uncertainty,4,2,regional,470.9429931640625,497.67647764826796,247.3642236463956,409.8398937149831,observed support,489.49217053621976
2048,16,uncertainty,4,2,group,32.61199951171875,30.970225520614218,4.087502150756286,25.732773263448188,observed support,29.8332144498714
2048,16,uncertainty,4,2,household,0.13099999725818634,0.42986154553656963,0.13178001745918905,0.2190652167343575,first physical ID,0.2942170016367868
2048,16,uncertainty,4,12,regional,692.8509521484375,734.5865707916705,1445.6950542720024,605.3823970110968,observed support,712.4983782627705
2048,16,uncertainty,4,12,group,46.76700210571289,45.98530053679564,9.97052643401836,37.53634204003327,observed support,43.97538051790981
2048,16,uncertainty,4,12,household,0.6079999804496765,0.2800325875910212,0.16344130418552286,0.23426086909097174,first physical ID,0.29787199857394664
2048,16,uncertainty,8,2,regional,470.9429931640625,493.30011414690966,233.12886158547698,409.8398937149831,observed support,489.49217053621976
2048,16,uncertainty,8,2,group,32.61199951171875,30.738928790360443,4.028275850349253,25.732773263448188,observed support,29.8332144498714
2048,16,uncertainty,8,2,household,0.13099999725818634,0.36579575336795794,0.12754055091719863,0.2190652167343575,first physical ID,0.2942170016367868
2048,16,uncertainty,8,12,regional,692.8509521484375,722.8262547944057,1375.3013369480027,605.3823970110968,observed support,712.4983782627705
2048,16,uncertainty,8,12,group,46.76700210571289,45.21086069445241,9.655680214214053,37.53634204003327,observed support,43.97538051790981
2048,16,uncertainty,8,12,household,0.6079999804496765,0.2914374227111417,0.16262392632121583,0.23426086909097174,first physical ID,0.29787199857394664
2048,17,fixed_coarse,0,2,regional,513.3590087890625,511.1857464813646,332.1097131416634,395.59066192174197,observed support,493.9111448796952
2048,17,fixed_coarse,0,2,group,35.66999816894531,31.432677472573705,4.450178066790054,24.34361477566053,observed support,30.39757151669019
2048,17,fixed_coarse,0,2,household,0.20399999618530273,0.23650549204070626,0.15747787800772062,0.212199999888738,first physical ID,0.16424930861710713
2048,17,fixed_coarse,0,12,regional,431.33203125,528.5150633848041,2113.1474405468325,379.4037100033497,observed support,515.5617628306165
2048,17,fixed_coarse,0,12,group,29.34000015258789,34.30871064789886,12.926004105232746,24.702554419875366,observed support,33.36319320132745
2048,17,fixed_coarse,0,12,household,0.14800000190734863,0.3058372821752515,0.1705832325500304,0.129911111212439,first physical ID,0.20294295039307025
2048,17,uniform_fine_stream,16,2,regional,513.3590087890625,493.9111448796952,219.73456730694562,395.59066192174197,observed support,493.9111448796952
2048,17,uniform_fine_stream,16,2,group,35.66999816894531,30.39757151669019,3.8499621386703,24.34361477566053,observed support,30.39757151669019
2048,17,uniform_fine_stream,16,2,household,0.20399999618530273,0.16424930861710713,0.08719966160064115,0.212199999888738,first physical ID,0.16424930861710713
2048,17,uniform_fine_stream,16,12,regional,431.33203125,515.5617628306165,1310.3193779569017,379.4037100033497,observed support,515.5617628306165
2048,17,uniform_fine_stream,16,12,group,29.34000015258789,33.36319320132745,9.302483048989988,24.702554419875366,observed support,33.36319320132745
2048,17,uniform_fine_stream,16,12,household,0.14800000190734863,0.20294295039307025,0.16078852470049376,0.129911111212439,first physical ID,0.20294295039307025
2048,17,fixed,2,2,regional,513.3590087890625,494.33307792847734,264.8269253434929,395.59066192174197,observed support,493.9111448796952
2048,17,fixed,2,2,group,35.66999816894531,30.523117735183785,4.158763208483688,24.34361477566053,observed support,30.39757151669019
2048,17,fixed,2,2,household,0.20399999618530273,0.13993145493404965,0.13502636843449076,0.212199999888738,first physical ID,0.16424930861710713
2048,17,fixed,2,12,regional,431.33203125,510.3376360546423,1556.272836219,379.4037100033497,observed support,515.5617628306165
2048,17,fixed,2,12,group,29.34000015258789,33.238427527849126,10.469755261149093,24.702554419875366,observed support,33.36319320132745
2048,17,fixed,2,12,household,0.14800000190734863,0.24515210079948507,0.16445657470642042,0.129911111212439,first physical ID,0.20294295039307025
2048,17,fixed,4,2,regional,513.3590087890625,497.26515180789545,251.13103807799408,395.59066192174197,observed support,493.9111448796952
2048,17,fixed,4,2,group,35.66999816894531,30.570654846876486,4.09822809859915,24.34361477566053,observed support,30.39757151669019
2048,17,fixed,4,2,household,0.20399999618530273,0.23874923061578662,0.13170576761147917,0.212199999888738,first physical ID,0.16424930861710713
2048,17,fixed,4,12,regional,431.33203125,505.7754850959129,1458.8757472271518,379.4037100033497,observed support,515.5617628306165
2048,17,fixed,4,12,group,29.34000015258789,32.99085696864622,10.033189585145664,24.702554419875366,observed support,33.36319320132745
2048,17,fixed,4,12,household,0.14800000190734863,0.2426543793578554,0.16340957747517842,0.129911111212439,first physical ID,0.20294295039307025
2048,17,fixed,8,2,regional,513.3590087890625,493.11794114063593,232.8122733532581,395.59066192174197,observed support,493.9111448796952
2048,17,fixed,8,2,group,35.66999816894531,30.3503135119038,4.023552628247046,24.34361477566053,observed support,30.39757151669019
2048,17,fixed,8,2,household,0.20399999618530273,0.37914632186235,0.12720830832705363,0.212199999888738,first physical ID,0.16424930861710713
2048,17,fixed,8,12,regional,431.33203125,517.5809453444338,1362.2376630628046,379.4037100033497,observed support,515.5617628306165
2048,17,fixed,8,12,group,29.34000015258789,33.71768902932228,9.612348729396444,24.702554419875366,observed support,33.36319320132745
2048,17,fixed,8,12,household,0.14800000190734863,0.2105401207012927,0.16252780155272264,0.129911111212439,first physical ID,0.20294295039307025
2048,17,random,2,2,regional,513.3590087890625,500.6141379297451,269.8543350411394,395.59066192174197,observed support,493.9111448796952
2048,17,random,2,2,group,35.66999816894531,30.95958266471871,4.176737133699807,24.34361477566053,observed support,30.39757151669019
2048,17,random,2,2,household,0.20399999618530273,0.1979817306509651,0.13905675714531968,0.212199999888738,first physical ID,0.16424930861710713
2048,17,random,2,12,regional,431.33203125,513.4756836436469,1543.0843396623977,379.4037100033497,observed support,515.5617628306165
2048,17,random,2,12,group,29.34000015258789,33.520474652349606,10.409739192787498,24.702554419875366,observed support,33.36319320132745
2048,17,random,2,12,household,0.14800000190734863,0.28886689088176637,0.16469461850621786,0.129911111212439,first physical ID,0.20294295039307025
2048,17,random,4,2,regional,513.3590087890625,495.97445005435566,248.30539354309852,395.59066192174197,observed support,493.9111448796952
2048,17,random,4,2,group,35.66999816894531,30.72757432522649,4.08685381610001,24.34361477566053,observed support,30.39757151669019
2048,17,random,4,2,household,0.20399999618530273,0.3275453081899119,0.13097892227282978,0.212199999888738,first physical ID,0.16424930861710713
2048,17,random,4,12,regional,431.33203125,530.2293738419427,1408.9471687270811,379.4037100033497,observed support,515.5617628306165
2048,17,random,4,12,group,29.34000015258789,34.72187759927346,9.810019616290859,24.702554419875366,observed support,33.36319320132745
2048,17,random,4,12,household,0.14800000190734863,0.2593579226245651,0.1633534362761691,0.129911111212439,first physical ID,0.20294295039307025
2048,17,random,8,2,regional,513.3590087890625,493.0888672470084,231.92605242607777,395.59066192174197,observed support,493.9111448796952
2048,17,random,8,2,group,35.66999816894531,30.38909522773224,3.896227597186246,24.34361477566053,observed support,30.39757151669019
2048,17,random,8,2,household,0.20399999618530273,0.15349978486335258,0.0877925244845897,0.212199999888738,first physical ID,0.16424930861710713
2048,17,random,8,12,regional,431.33203125,523.3801924962554,1348.494266123393,379.4037100033497,observed support,515.5617628306165
2048,17,random,8,12,group,29.34000015258789,33.88004485760376,9.456417182358267,24.702554419875366,observed support,33.36319320132745
2048,17,random,8,12,household,0.14800000190734863,0.2111310303085713,0.16138920021416114,0.129911111212439,first physical ID,0.20294295039307025
2048,17,uncertainty,2,2,regional,513.3590087890625,504.22004274700134,269.0127495853686,395.59066192174197,observed support,493.9111448796952
2048,17,uncertainty,2,2,group,35.66999816894531,31.084494336340814,4.174551517264053,24.34361477566053,observed support,30.39757151669019
2048,17,uncertainty,2,2,household,0.20399999618530273,0.5718555478743461,0.13937081502872462,0.212199999888738,first physical ID,0.16424930861710713
2048,17,uncertainty,2,12,regional,431.33203125,522.56145741595,1553.7163079652407,379.4037100033497,observed support,515.5617628306165
2048,17,uncertainty,2,12,group,29.34000015258789,34.16661308574344,10.466319350371844,24.702554419875366,observed support,33.36319320132745
2048,17,uncertainty,2,12,household,0.14800000190734863,0.3495050438620648,0.1648672517180304,0.129911111212439,first physical ID,0.20294295039307025
2048,17,uncertainty,4,2,regional,513.3590087890625,499.57030002030126,247.91746922172035,395.59066192174197,observed support,493.9111448796952
2048,17,uncertainty,4,2,group,35.66999816894531,30.7972980683195,4.08762172373578,24.34361477566053,observed support,30.39757151669019
2048,17,uncertainty,4,2,household,0.20399999618530273,0.48875271321115427,0.13178587355953578,0.212199999888738,first physical ID,0.16424930861710713
2048,17,uncertainty,4,12,regional,431.33203125,512.6990978294834,1443.7467175544944,379.4037100033497,observed support,515.5617628306165
2048,17,uncertainty,4,12,group,29.34000015258789,33.56974164166043,9.972447415750603,24.702554419875366,observed support,33.36319320132745
2048,17,uncertainty,4,12,household,0.14800000190734863,0.3220438861273089,0.16344872666705582,0.129911111212439,first physical ID,0.20294295039307025
2048,17,uncertainty,8,2,regional,513.3590087890625,495.1531803435916,233.6390522855044,395.59066192174197,observed support,493.9111448796952
2048,17,uncertainty,8,2,group,35.66999816894531,30.46590059224889,4.02829961042683,24.34361477566053,observed support,30.39757151669019
2048,17,uncertainty,8,2,household,0.20399999618530273,0.4825551959729717,0.12753625686416212,0.212199999888738,first physical ID,0.16424930861710713
2048,17,uncertainty,8,12,regional,431.33203125,498.33551389237317,1373.2425543518284,379.4037100033497,observed support,515.5617628306165
2048,17,uncertainty,8,12,group,29.34000015258789,32.54304376728418,9.65645584827819,24.702554419875366,observed support,33.36319320132745
2048,17,uncertainty,8,12,household,0.14800000190734863,0.32772802734174067,0.1626261124603649,0.129911111212439,first physical ID,0.20294295039307025
2048,18,fixed_coarse,0,2,regional,294.32000732421875,320.6620670909666,331.7001924531577,298.4992618392398,observed support,319.9292610627109
2048,18,fixed_coarse,0,2,group,18.893999099731445,20.411913948123352,4.44938150951353,18.94148378434307,observed support,20.490197697463238
2048,18,fixed_coarse,0,2,household,0.9200000166893005,1.0891120360593758,0.15725215022230718,0.6229777794745234,first physical ID,1.022860493771453
2048,18,fixed_coarse,0,12,regional,494.5,452.41161196834634,2106.7468570737324,387.1532001417966,observed support,457.82739707092895
2048,18,fixed_coarse,0,12,group,31.125003814697266,28.876427677014433,12.919181844001294,24.46167549735185,observed support,29.203497153167195
2048,18,fixed_coarse,0,12,household,0.2280000001192093,0.3228915703086198,0.17059255972572346,0.17564444343249003,first physical ID,0.24443068454032477
2048,18,uniform_fine_stream,16,2,regional,294.32000732421875,319.9292610627109,219.4697107176499,298.4992618392398,observed support,319.9292610627109
2048,18,uniform_fine_stream,16,2,group,18.893999099731445,20.490197697463238,3.8499687724713105,18.94148378434307,observed support,20.490197697463238
2048,18,uniform_fine_stream,16,2,household,0.9200000166893005,1.022860493771453,0.08720087239721207,0.6229777794745234,first physical ID,1.022860493771453
2048,18,uniform_fine_stream,16,12,regional,494.5,457.82739707092895,1307.3037784789417,387.1532001417966,observed support,457.82739707092895
2048,18,uniform_fine_stream,16,12,group,31.125003814697266,29.203497153167195,9.30249644006945,24.46167549735185,observed support,29.203497153167195
2048,18,uniform_fine_stream,16,12,household,0.2280000001192093,0.24443068454032477,0.16078863213535033,0.17564444343249003,first physical ID,0.24443068454032477
2048,18,fixed,2,2,regional,294.32000732421875,319.21249848291154,271.7752005024897,298.4992618392398,observed support,319.9292610627109
2048,18,fixed,2,2,group,18.893999099731445,20.32395850030753,4.1830769458567465,18.94148378434307,observed support,20.490197697463238
2048,18,fixed,2,2,household,0.9200000166893005,1.0980762567946016,0.13917521806770045,0.6229777794745234,first physical ID,1.022860493771453
2048,18,fixed,2,12,regional,494.5,442.41193822526907,1545.8785546215609,387.1532001417966,observed support,457.82739707092895
2048,18,fixed,2,12,group,31.125003814697266,28.197108087601325,10.433487295502047,24.46167549735185,observed support,29.203497153167195
2048,18,fixed,2,12,household,0.2280000001192093,0.2895255587283519,0.16469240282644793,0.17564444343249003,first physical ID,0.24443068454032477
2048,18,fixed,4,2,regional,294.32000732421875,321.72086419631694,251.3051347438352,298.4992618392398,observed support,319.9292610627109
2048,18,fixed,4,2,group,18.893999099731445,20.48571770694832,4.100649931713214,18.94148378434307,observed support,20.490197697463238
2048,18,fixed,4,2,household,0.9200000166893005,1.116770587910587,0.1316796825099812,0.6229777794745234,first physical ID,1.022860493771453
2048,18,fixed,4,12,regional,494.5,453.2669946746024,1442.2964743589177,387.1532001417966,observed support,457.82739707092895
2048,18,fixed,4,12,group,31.125003814697266,28.873423072355404,9.97503775578973,24.46167549735185,observed support,29.203497153167195
2048,18,fixed,4,12,household,0.2280000001192093,0.26830125603627797,0.16336950064303074,0.17564444343249003,first physical ID,0.24443068454032477
2048,18,fixed,8,2,regional,294.32000732421875,318.738968341808,233.1761547690387,298.4992618392398,observed support,319.9292610627109
2048,18,fixed,8,2,group,18.893999099731445,20.17837046281235,4.026269904372995,18.94148378434307,observed support,20.490197697463238
2048,18,fixed,8,2,household,0.9200000166893005,1.1875424184040886,0.1270720161563504,0.6229777794745234,first physical ID,1.022860493771453
2048,18,fixed,8,12,regional,494.5,445.70420710477646,1357.7690058737721,387.1532001417966,observed support,457.82739707092895
2048,18,fixed,8,12,group,31.125003814697266,28.30414637568916,9.60525355089472,24.46167549735185,observed support,29.203497153167195
2048,18,fixed,8,12,household,0.2280000001192093,0.3010710111585047,0.1625652702928466,0.17564444343249003,first physical ID,0.24443068454032477
2048,18,random,2,2,regional,294.32000732421875,317.7891407060132,261.26844015037557,298.4992618392398,observed support,319.9292610627109
2048,18,random,2,2,group,18.893999099731445,20.327883327148957,4.1415896769364675,18.94148378434307,observed support,20.490197697463238
2048,18,random,2,2,household,0.9200000166893005,1.3246441605057862,0.1336029262069899,0.6229777794745234,first physical ID,1.022860493771453
2048,18,random,2,12,regional,494.5,471.09635712101556,1493.9652974316875,387.1532001417966,observed support,457.82739707092895
2048,18,random,2,12,group,31.125003814697266,30.1421168945173,10.195104707504008,24.46167549735185,observed support,29.203497153167195
2048,18,random,2,12,household,0.2280000001192093,0.2682431197664134,0.16434865979579305,0.17564444343249003,first physical ID,0.24443068454032477
2048,18,random,4,2,regional,294.32000732421875,320.23980705831497,247.91280937088382,298.4992618392398,observed support,319.9292610627109
2048,18,random,4,2,group,18.893999099731445,20.478603347913438,4.085535081799567,18.94148378434307,observed support,20.490197697463238
2048,18,random,4,2,household,0.9200000166893005,1.2723160138573752,0.13056059345913704,0.6229777794745234,first physical ID,1.022860493771453
2048,18,random,4,12,regional,494.5,469.16140839319917,1425.0561537713984,387.1532001417966,observed support,457.82739707092895
2048,18,random,4,12,group,31.125003814697266,29.99507890972342,9.890428767438106,24.46167549735185,observed support,29.203497153167195
2048,18,random,4,12,household,0.2280000001192093,0.26827700028045953,0.16342139775428158,0.17564444343249003,first physical ID,0.24443068454032477
2048,18,random,8,2,regional,294.32000732421875,319.49933551704976,231.52785256727748,298.4992618392398,observed support,319.9292610627109
2048,18,random,8,2,group,18.893999099731445,20.346501035112006,4.0181818824125575,18.94148378434307,observed support,20.490197697463238
2048,18,random,8,2,household,0.9200000166893005,1.235085637426896,0.12720327283941305,0.6229777794745234,first physical ID,1.022860493771453
2048,18,random,8,12,regional,494.5,454.7385785071581,1347.0825093812769,387.1532001417966,observed support,457.82739707092895
2048,18,random,8,12,group,31.125003814697266,29.004278783719673,9.55354118007698,24.46167549735185,observed support,29.203497153167195
2048,18,random,8,12,household,0.2280000001192093,0.3054031686855574,0.16249342361862193,0.17564444343249003,first physical ID,0.24443068454032477
2048,18,uncertainty,2,2,regional,294.32000732421875,319.0242517847918,268.79856808177715,298.4992618392398,observed support,319.9292610627109
2048,18,uncertainty,2,2,group,18.893999099731445,20.20436469171698,4.174899863231017,18.94148378434307,observed support,20.490197697463238
2048,18,uncertainty,2,2,household,0.9200000166893005,1.0851580430764,0.13951896917227483,0.6229777794745234,first physical ID,1.022860493771453
2048,18,uncertainty,2,12,regional,494.5,434.56459468070807,1550.3272033254939,387.1532001417966,observed support,457.82739707092895
2048,18,uncertainty,2,12,group,31.125003814697266,27.612797886570178,10.466731999141022,24.46167549735185,observed support,29.203497153167195
2048,18,uncertainty,2,12,household,0.2280000001192093,0.3305008625835628,0.1648719405337308,0.17564444343249003,first physical ID,0.24443068454032477
2048,18,uncertainty,4,2,regional,294.32000732421875,321.31012942079735,247.65774280180818,298.4992618392398,observed support,319.9292610627109
2048,18,uncertainty,4,2,group,18.893999099731445,20.391071689185353,4.087712281419198,18.94148378434307,observed support,20.490197697463238
2048,18,uncertainty,4,2,household,0.9200000166893005,1.18564731329782,0.13183661668377591,0.6229777794745234,first physical ID,1.022860493771453
2048,18,uncertainty,4,12,regional,494.5,458.5943367080157,1440.4720710818974,387.1532001417966,observed support,457.82739707092895
2048,18,uncertainty,4,12,group,31.125003814697266,29.140952340114787,9.972508557080442,24.46167549735185,observed support,29.203497153167195
2048,18,uncertainty,4,12,household,0.2280000001192093,0.2823742673551319,0.16345076367712325,0.17564444343249003,first physical ID,0.24443068454032477
2048,18,uncertainty,8,2,regional,294.32000732421875,317.7647049044723,233.3701055646511,298.4992618392398,observed support,319.9292610627109
2048,18,uncertainty,8,2,group,18.893999099731445,20.17506562644371,4.028323143606625,18.94148378434307,observed support,20.490197697463238
2048,18,uncertainty,8,2,household,0.9200000166893005,1.207941622859641,0.12755319952307528,0.6229777794745234,first physical ID,1.022860493771453
2048,18,uncertainty,8,12,regional,494.5,453.0188522778949,1370.0987015304559,387.1532001417966,observed support,457.82739707092895
2048,18,uncertainty,8,12,group,31.125003814697266,28.79838841740091,9.656481636190033,24.46167549735185,observed support,29.203497153167195
2048,18,uncertainty,8,12,household,0.2280000001192093,0.28053979875916024,0.16262706330027576,0.17564444343249003,first physical ID,0.24443068454032477
2048,19,fixed_coarse,0,2,regional,272.14898681640625,289.0037445170077,330.8471403071519,218.2444244672432,observed support,267.8614563093505
2048,19,fixed_coarse,0,2,group,18.9169979095459,20.098084942786343,4.455651228914224,14.649582127646308,observed support,18.517654058721657
2048,19,fixed_coarse,0,2,household,2.3369998931884766,1.4574657797952546,0.1574565732742241,0.7720444454087152,first physical ID,2.138099641243502
2048,19,fixed_coarse,0,12,regional,451.83599853515625,496.1832571647733,2107.456729415593,403.9505328081073,observed support,466.1752287605663
2048,19,fixed_coarse,0,12,group,28.507001876831055,30.70798411718454,12.94469863453098,24.13601954853039,observed support,28.38367456518714
2048,19,fixed_coarse,0,12,household,0.12700000405311584,0.6053644541911534,0.1706358164528407,0.23975555524230002,first physical ID,0.5857761228734992
2048,19,uniform_fine_stream,16,2,regional,272.14898681640625,267.8614563093505,218.5988812866317,218.2444244672432,observed support,267.8614563093505
2048,19,uniform_fine_stream,16,2,group,18.9169979095459,18.517654058721657,3.8513570964241683,14.649582127646308,observed support,18.517654058721657
2048,19,uniform_fine_stream,16,2,household,2.3369998931884766,2.138099641243502,0.08721612177918366,0.7720444454087152,first physical ID,2.138099641243502
2048,19,uniform_fine_stream,16,12,regional,451.83599853515625,466.1752287605663,1304.4098605200597,403.9505328081073,observed support,466.1752287605663
2048,19,uniform_fine_stream,16,12,group,28.507001876831055,28.38367456518714,9.305330991414458,24.13601954853039,observed support,28.38367456518714
2048,19,uniform_fine_stream,16,12,household,0.12700000405311584,0.5857761228734992,0.1607996702151239,0.23975555524230002,first physical ID,0.5857761228734992
2048,19,fixed,2,2,regional,272.14898681640625,282.6278337751204,273.04708036361706,218.2444244672432,observed support,267.8614563093505
2048,19,fixed,2,2,group,18.9169979095459,19.832904432597594,4.195458261052513,14.649582127646308,observed support,18.517654058721657
2048,19,fixed,2,2,household,2.3369998931884766,1.6031821300999007,0.13910683487593092,0.7720444454087152,first physical ID,2.138099641243502
2048,19,fixed,2,12,regional,451.83599853515625,485.39646581552347,1568.108029306416,403.9505328081073,observed support,466.1752287605663
2048,19,fixed,2,12,group,28.507001876831055,30.12034679140104,10.53972069115137,24.13601954853039,observed support,28.38367456518714
2048,19,fixed,2,12,household,0.12700000405311584,0.5522322391998096,0.16478092932723515,0.23975555524230002,first physical ID,0.5857761228734992
2048,19,fixed,4,2,regional,272.14898681640625,277.8274737051829,250.48524607167542,218.2444244672432,observed support,267.8614563093505
2048,19,fixed,4,2,group,18.9169979095459,19.470345961558262,4.104369451020719,14.649582127646308,observed support,18.517654058721657
2048,19,fixed,4,2,household,2.3369998931884766,1.7326965681772473,0.13193983607182583,0.7720444454087152,first physical ID,2.138099641243502
2048,19,fixed,4,12,regional,451.83599853515625,476.6441178474522,1444.1426019955484,403.9505328081073,observed support,466.1752287605663
2048,19,fixed,4,12,group,28.507001876831055,29.514056348871925,10.004860060517032,24.13601954853039,observed support,28.38367456518714
2048,19,fixed,4,12,household,0.12700000405311584,0.5516533306386042,0.16348170851980032,0.23975555524230002,first physical ID,0.5857761228734992
2048,19,fixed,8,2,regional,272.14898681640625,276.39560916003063,231.978774087084,218.2444244672432,observed support,267.8614563093505
2048,19,fixed,8,2,group,18.9169979095459,19.34441473412401,4.0261576612428485,14.649582127646308,observed support,18.517654058721657
2048,19,fixed,8,2,household,2.3369998931884766,1.8634599040800999,0.12692708174200132,0.7720444454087152,first physical ID,2.138099641243502
2048,19,fixed,8,12,regional,451.83599853515625,477.53751962000615,1347.0992141789725,403.9505328081073,observed support,466.1752287605663
2048,19,fixed,8,12,group,28.507001876831055,29.519574278429097,9.572132977289826,24.13601954853039,observed support,28.38367456518714
2048,19,fixed,8,12,household,0.12700000405311584,0.5964139989266439,0.16258642072766338,0.23975555524230002,first physical ID,0.5857761228734992
2048,19,random,2,2,regional,272.14898681640625,273.00831789961404,272.31312390232586,218.2444244672432,observed support,267.8614563093505
2048,19,random,2,2,group,18.9169979095459,19.149976709671183,4.191428270892013,14.649582127646308,observed support,18.517654058721657
2048,19,random,2,2,household,2.3369998931884766,1.8192296382831648,0.13662683551436183,0.7720444454087152,first physical ID,2.138099641243502
2048,19,random,2,12,regional,451.83599853515625,469.52747999999497,1572.9923712956247,403.9505328081073,observed support,466.1752287605663
2048,19,random,2,12,group,28.507001876831055,29.075907838348282,10.553074802493976,24.13601954853039,observed support,28.38367456518714
2048,19,random,2,12,household,0.12700000405311584,0.6214938084728387,0.16493021595167148,0.23975555524230002,first physical ID,0.5857761228734992
2048,19,random,4,2,regional,272.14898681640625,270.8611647444208,252.57096756604983,218.2444244672432,observed support,267.8614563093505
2048,19,random,4,2,group,18.9169979095459,18.990447571507215,4.109706694978089,14.649582127646308,observed support,18.517654058721657
2048,19,random,4,2,household,2.3369998931884766,1.7187941061983056,0.13249767448032493,0.7720444454087152,first physical ID,2.138099641243502
2048,19,random,4,12,regional,451.83599853515625,456.10623241889635,1452.5814607605919,403.9505328081073,observed support,466.1752287605663
2048,19,random,4,12,group,28.507001876831055,28.140353470722985,10.03011137296734,24.13601954853039,observed support,28.38367456518714
2048,19,random,4,12,household,0.12700000405311584,0.5537211995954834,0.163655884602941,0.23975555524230002,first physical ID,0.5857761228734992
2048,19,random,8,2,regional,272.14898681640625,274.9017572485325,234.1815895943802,218.2444244672432,observed support,267.8614563093505
2048,19,random,8,2,group,18.9169979095459,18.891385320068462,3.9109487807475487,14.649582127646308,observed support,18.517654058721657
2048,19,random,8,2,household,2.3369998931884766,2.125315714335748,0.08800663438920979,0.7720444454087152,first physical ID,2.138099641243502
2048,19,random,8,12,regional,451.83599853515625,475.30017127703536,1365.0992088025819,403.9505328081073,observed support,466.1752287605663
2048,19,random,8,12,group,28.507001876831055,28.920430746095185,9.54773718066916,24.13601954853039,observed support,28.38367456518714
2048,19,random,8,12,household,0.12700000405311584,0.5904575325359397,0.1615240606852445,0.23975555524230002,first physical ID,0.5857761228734992
2048,19,uncertainty,2,2,regional,272.14898681640625,283.155567549981,268.6636615606776,218.2444244672432,observed support,267.8614563093505
2048,19,uncertainty,2,2,group,18.9169979095459,19.605640830806696,4.181585732701283,14.649582127646308,observed support,18.517654058721657
2048,19,uncertainty,2,2,household,2.3369998931884766,1.559163142093362,0.1396838298588873,0.7720444454087152,first physical ID,2.138099641243502
2048,19,uncertainty,2,12,regional,451.83599853515625,474.23705779507395,1550.8470461412635,403.9505328081073,observed support,466.1752287605663
2048,19,uncertainty,2,12,group,28.507001876831055,29.181820430050983,10.488230056313743,24.13601954853039,observed support,28.38367456518714
2048,19,uncertainty,2,12,household,0.12700000405311584,0.5753733959699184,0.16492535235634892,0.23975555524230002,first physical ID,0.5857761228734992
2048,19,uncertainty,4,2,regional,272.14898681640625,282.1846100387181,247.0837786392035,218.2444244672432,observed support,267.8614563093505
2048,19,uncertainty,4,2,group,18.9169979095459,19.61751567137114,4.091979369597449,14.649582127646308,observed support,18.517654058721657
2048,19,uncertainty,4,2,household,2.3369998931884766,1.6705697138054456,0.13195975434933063,0.7720444454087152,first physical ID,2.138099641243502
2048,19,uncertainty,4,12,regional,451.83599853515625,493.1587014267405,1439.894160867746,403.9505328081073,observed support,466.1752287605663
2048,19,uncertainty,4,12,group,28.507001876831055,30.433873197985932,9.987612694723772,24.13601954853039,observed support,28.38367456518714
2048,19,uncertainty,4,12,household,0.12700000405311584,0.5023247728128353,0.1634845258253142,0.23975555524230002,first physical ID,0.5857761228734992
2048,19,uncertainty,8,2,regional,272.14898681640625,274.91877869764716,232.60405601658022,218.2444244672432,observed support,267.8614563093505
2048,19,uncertainty,8,2,group,18.9169979095459,19.208817139256766,4.0312588161008724,14.649582127646308,observed support,18.517654058721657
2048,19,uncertainty,8,2,household,2.3369998931884766,1.8184133957528648,0.12761972827282175,0.7720444454087152,first physical ID,2.138099641243502
2048,19,uncertainty,8,12,regional,451.83599853515625,477.90198052118484,1368.1999720802544,403.9505328081073,observed support,466.1752287605663
2048,19,uncertainty,8,12,group,28.507001876831055,29.43917906218436,9.664913326253398,24.13601954853039,observed support,28.38367456518714
2048,19,uncertainty,8,12,household,0.12700000405311584,0.5505573638020385,0.16264700060845733,0.23975555524230002,first physical ID,0.5857761228734992
2048,20,fixed_coarse,0,2,regional,560.6840209960938,583.8912190616943,330.461292206538,396.10106774632686,observed support,559.7574603736608
2048,20,fixed_coarse,0,2,group,36.45100402832031,35.72612278552248,4.452432222288133,23.71905456338739,observed support,33.86471100105204
2048,20,fixed_coarse,0,2,household,0.15000000596046448,0.7137969985059159,0.15739126391105956,0.13693333342671393,first physical ID,0.4494604163341057
2048,20,fixed_coarse,0,12,regional,267.677978515625,379.6685554763821,2110.3847047574955,207.61514151175078,observed support,299.03679332880034
2048,20,fixed_coarse,0,12,group,17.76900291442871,24.45951441204498,12.938672282746143,13.347259207540933,observed support,19.266684299000037
2048,20,fixed_coarse,0,12,household,2.375999927520752,1.333211210720239,0.1706299348192651,0.6567777716451221,first physical ID,1.407128836251358
2048,20,uniform_fine_stream,16,2,regional,560.6840209960938,559.7574603736608,218.49926954991489,396.10106774632686,observed support,559.7574603736608
2048,20,uniform_fine_stream,16,2,group,36.45100402832031,33.86471100105204,3.8504932432559578,23.71905456338739,observed support,33.86471100105204
2048,20,uniform_fine_stream,16,2,household,0.15000000596046448,0.4494604163341057,0.08720324352633983,0.13693333342671393,first physical ID,0.4494604163341057
2048,20,uniform_fine_stream,16,12,regional,267.677978515625,299.03679332880034,1306.5583333717125,207.61514151175078,observed support,299.03679332880034
2048,20,uniform_fine_stream,16,12,group,17.76900291442871,19.266684299000037,9.303272781834483,13.347259207540933,observed support,19.266684299000037
2048,20,uniform_fine_stream,16,12,household,2.375999927520752,1.407128836251358,0.1607927375105495,0.6567777716451221,first physical ID,1.407128836251358
2048,20,fixed,2,2,regional,560.6840209960938,579.8495613134127,265.86009974646163,396.10106774632686,observed support,559.7574603736608
2048,20,fixed,2,2,group,36.45100402832031,35.464041158940816,4.168937809401178,23.71905456338739,observed support,33.86471100105204
2048,20,fixed,2,2,household,0.15000000596046448,0.6904178846821791,0.13482226436193345,0.13693333342671393,first physical ID,0.4494604163341057
2048,20,fixed,2,12,regional,267.677978515625,339.18542135845723,1536.8780601879187,207.61514151175078,observed support,299.03679332880034
2048,20,fixed,2,12,group,17.76900291442871,22.165491644129823,10.39541087739694,13.347259207540933,observed support,19.266684299000037
2048,20,fixed,2,12,household,2.375999927520752,1.4530599449700254,0.16435645799733145,0.6567777716451221,first physical ID,1.407128836251358
2048,20,fixed,4,2,regional,560.6840209960938,581.4104848778925,246.24508710004358,396.10106774632686,observed support,559.7574603736608
2048,20,fixed,4,2,group,36.45100402832031,35.59692220457842,4.083930229170621,23.71905456338739,observed support,33.86471100105204
2048,20,fixed,4,2,household,0.15000000596046448,0.6262518611641366,0.1301258236474972,0.13693333342671393,first physical ID,0.4494604163341057
2048,20,fixed,4,12,regional,267.677978515625,343.6273235931351,1417.0245772468484,207.61514151175078,observed support,299.03679332880034
2048,20,fixed,4,12,group,17.76900291442871,22.406279485094995,9.873926372714696,13.347259207540933,observed support,19.266684299000037
2048,20,fixed,4,12,household,2.375999927520752,1.426045148398147,0.16335264533418947,0.6567777716451221,first physical ID,1.407128836251358
2048,20,fixed,8,2,regional,560.6840209960938,573.052363482072,230.63071345651662,396.10106774632686,observed support,559.7574603736608
2048,20,fixed,8,2,group,36.45100402832031,34.98071675958926,4.020454030533563,23.71905456338739,observed support,33.86471100105204
2048,20,fixed,8,2,household,0.15000000596046448,0.5782905668152386,0.1266944273291211,0.13693333342671393,first physical ID,0.4494604163341057
2048,20,fixed,8,12,regional,267.677978515625,315.5561795702106,1344.3815980873571,207.61514151175078,observed support,299.03679332880034
2048,20,fixed,8,12,group,17.76900291442871,20.46239110271609,9.54844262746365,13.347259207540933,observed support,19.266684299000037
2048,20,fixed,8,12,household,2.375999927520752,1.421093134334685,0.1624794033824747,0.6567777716451221,first physical ID,1.407128836251358
2048,20,random,2,2,regional,560.6840209960938,572.4818127428002,263.198309078856,396.10106774632686,observed support,559.7574603736608
2048,20,random,2,2,group,36.45100402832031,34.92357505341536,4.1512529013396655,23.71905456338739,observed support,33.86471100105204
2048,20,random,2,2,household,0.15000000596046448,0.6943074049280303,0.13490469560806628,0.13693333342671393,first physical ID,0.4494604163341057
2048,20,random,2,12,regional,267.677978515625,330.32992043922457,1486.139959669423,207.61514151175078,observed support,299.03679332880034
2048,20,random,2,12,group,17.76900291442871,21.396818748129753,10.177041160830349,13.347259207540933,observed support,19.266684299000037
2048,20,random,2,12,household,2.375999927520752,1.397197714577092,0.16447674562937029,0.6567777716451221,first physical ID,1.407128836251358
2048,20,random,4,2,regional,560.6840209960938,567.6137132901463,246.83355401348746,396.10106774632686,observed support,559.7574603736608
2048,20,random,4,2,group,36.45100402832031,34.643374695001484,4.084937311906313,23.71905456338739,observed support,33.86471100105204
2048,20,random,4,2,household,0.15000000596046448,0.7550269397408963,0.12955938083495397,0.13693333342671393,first physical ID,0.4494604163341057
2048,20,random,4,12,regional,267.677978515625,310.51706637773407,1417.2313965501658,207.61514151175078,observed support,299.03679332880034
2048,20,random,4,12,group,17.76900291442871,20.22723528334172,9.864830472999458,13.347259207540933,observed support,19.266684299000037
2048,20,random,4,12,household,2.375999927520752,1.473397270975846,0.16355994566171722,0.6567777716451221,first physical ID,1.407128836251358
2048,20,random,8,2,regional,560.6840209960938,565.436485533759,231.32848954219773,396.10106774632686,observed support,559.7574603736608
2048,20,random,8,2,group,36.45100402832031,34.57570553056811,4.023853190884241,23.71905456338739,observed support,33.86471100105204
2048,20,random,8,2,household,0.15000000596046448,0.645149138995102,0.1268093644235793,0.13693333342671393,first physical ID,0.4494604163341057
2048,20,random,8,12,regional,267.677978515625,280.777984830497,1354.6484695229253,207.61514151175078,observed support,299.03679332880034
2048,20,random,8,12,group,17.76900291442871,18.326404837434225,9.593885584472968,13.347259207540933,observed support,19.266684299000037
2048,20,random,8,12,household,2.375999927520752,1.500051873064277,0.16261409461948878,0.6567777716451221,first physical ID,1.407128836251358
2048,20,uncertainty,2,2,regional,560.6840209960938,573.5705603061355,268.1574435394073,396.10106774632686,observed support,559.7574603736608
2048,20,uncertainty,2,2,group,36.45100402832031,35.186095036004964,4.178290452133308,23.71905456338739,observed support,33.86471100105204
2048,20,uncertainty,2,2,household,0.15000000596046448,0.40158470069424906,0.13955072213593453,0.13693333342671393,first physical ID,0.4494604163341057
2048,20,uncertainty,2,12,regional,267.677978515625,296.94955261347786,1550.8981335431604,207.61514151175078,observed support,299.03679332880034
2048,20,uncertainty,2,12,group,17.76900291442871,19.34927562330275,10.474243925893743,13.347259207540933,observed support,19.266684299000037
2048,20,uncertainty,2,12,household,2.375999927520752,1.4149227826449866,0.16488831693854583,0.6567777716451221,first physical ID,1.407128836251358
2048,20,uncertainty,4,2,regional,560.6840209960938,560.7707601279083,246.79327051728404,396.10106774632686,observed support,559.7574603736608
2048,20,uncertainty,4,2,group,36.45100402832031,34.59059431207474,4.0896006290478795,23.71905456338739,observed support,33.86471100105204
2048,20,uncertainty,4,2,household,0.15000000596046448,0.6318768244268336,0.13185778591274977,0.13693333342671393,first physical ID,0.4494604163341057
2048,20,uncertainty,4,12,regional,267.677978515625,304.1842510854943,1440.4533848754659,207.61514151175078,observed support,299.03679332880034
2048,20,uncertainty,4,12,group,17.76900291442871,20.17090409602302,9.976922702231544,13.347259207540933,observed support,19.266684299000037
2048,20,uncertainty,4,12,household,2.375999927520752,1.4290797267958775,0.1634618137812556,0.6567777716451221,first physical ID,1.407128836251358
2048,20,uncertainty,8,2,regional,560.6840209960938,556.7866289252187,232.43048268031714,396.10106774632686,observed support,559.7574603736608
2048,20,uncertainty,8,2,group,36.45100402832031,34.179174105890866,4.02941042767485,23.71905456338739,observed support,33.86471100105204
2048,20,uncertainty,8,2,household,0.15000000596046448,0.710724232874982,0.12756217908339296,0.13693333342671393,first physical ID,0.4494604163341057
2048,20,uncertainty,8,12,regional,267.677978515625,286.79460300368504,1369.5718988688734,207.61514151175078,observed support,299.03679332880034
2048,20,uncertainty,8,12,group,17.76900291442871,18.786486795631266,9.658407899157911,13.347259207540933,observed support,19.266684299000037
2048,20,uncertainty,8,12,household,2.375999927520752,1.484807702746406,0.1626323348907655,0.6567777716451221,first physical ID,1.407128836251358
2048,21,fixed_coarse,0,2,regional,782.4390258789062,810.4127205765337,331.43700251331154,583.9070465870869,observed support,795.2708716219033
2048,21,fixed_coarse,0,2,group,50.9329948425293,53.55925020306093,4.454955102847782,37.69644011156577,observed support,52.686986287780165
2048,21,fixed_coarse,0,2,household,0.3070000112056732,0.4328871543139148,0.15763043387183995,0.22555555370118882,first physical ID,0.23853255395294315
2048,21,fixed_coarse,0,12,regional,425.239990234375,494.79545491911426,2115.5591355353067,301.2154391139938,observed support,442.80632857209093
2048,21,fixed_coarse,0,12,group,28.998998641967773,32.892477631003,12.964856096269303,20.0515879069962,observed support,29.534059891490728
2048,21,fixed_coarse,0,12,household,3.0460000038146973,2.354174912269083,0.17063396788929627,1.7317111076580154,first physical ID,2.4114242928395817
2048,21,uniform_fine_stream,16,2,regional,782.4390258789062,795.2708716219033,218.9649196326271,583.9070465870869,observed support,795.2708716219033
2048,21,uniform_fine_stream,16,2,group,50.9329948425293,52.686986287780165,3.850429921053026,37.69644011156577,observed support,52.686986287780165
2048,21,uniform_fine_stream,16,2,household,0.3070000112056732,0.23853255395294315,0.08720141876278709,0.22555555370118882,first physical ID,0.23853255395294315
2048,21,uniform_fine_stream,16,12,regional,425.239990234375,442.80632857209093,1306.0722541304585,301.2154391139938,observed support,442.80632857209093
2048,21,uniform_fine_stream,16,12,group,28.998998641967773,29.534059891490728,9.303087950299886,20.0515879069962,observed support,29.534059891490728
2048,21,uniform_fine_stream,16,12,household,3.0460000038146973,2.4114242928395817,0.1607915559121766,1.7317111076580154,first physical ID,2.4114242928395817
2048,21,fixed,2,2,regional,782.4390258789062,819.230499868434,264.2647462880391,583.9070465870869,observed support,795.2708716219033
2048,21,fixed,2,2,group,50.9329948425293,54.205026389585996,4.163477782085006,37.69644011156577,observed support,52.686986287780165
2048,21,fixed,2,2,household,0.3070000112056732,0.2578366394802052,0.1350638482505211,0.22555555370118882,first physical ID,0.23853255395294315
2048,21,fixed,2,12,regional,425.239990234375,470.0157075550638,1526.5957409024018,301.2154391139938,observed support,442.80632857209093
2048,21,fixed,2,12,group,28.998998641967773,31.192139928920994,10.368212078961136,20.0515879069962,observed support,29.534059891490728
2048,21,fixed,2,12,household,3.0460000038146973,2.369852558871158,0.1644871230354797,1.7317111076580154,first physical ID,2.4114242928395817
2048,21,fixed,4,2,regional,782.4390258789062,815.446180362975,245.99471460404953,583.9070465870869,observed support,795.2708716219033
2048,21,fixed,4,2,group,50.9329948425293,53.79200201876826,4.08175266195398,37.69644011156577,observed support,52.686986287780165
2048,21,fixed,4,2,household,0.3070000112056732,0.29734521309391737,0.13032898026449177,0.22555555370118882,first physical ID,0.23853255395294315
2048,21,fixed,4,12,regional,425.239990234375,446.0226302584328,1412.0432380872003,301.2154391139938,observed support,442.80632857209093
2048,21,fixed,4,12,group,28.998998641967773,29.44956115929713,9.856906630797134,20.0515879069962,observed support,29.534059891490728
2048,21,fixed,4,12,household,3.0460000038146973,2.4012304167715612,0.1634200035222969,1.7317111076580154,first physical ID,2.4114242928395817
2048,21,fixed,8,2,regional,782.4390258789062,800.7351845387902,230.67057019360095,583.9070465870869,observed support,795.2708716219033
2048,21,fixed,8,2,group,50.9329948425293,52.627988084496785,4.018968573096517,37.69644011156577,observed support,52.686986287780165
2048,21,fixed,8,2,household,0.3070000112056732,0.3375733757553929,0.126688759105423,0.22555555370118882,first physical ID,0.23853255395294315
2048,21,fixed,8,12,regional,425.239990234375,432.57098095195977,1341.5307502891335,301.2154391139938,observed support,442.80632857209093
2048,21,fixed,8,12,group,28.998998641967773,28.504411809104816,9.538052480680934,20.0515879069962,observed support,29.534059891490728
2048,21,fixed,8,12,household,3.0460000038146973,2.4343369532697063,0.16249279091136407,1.7317111076580154,first physical ID,2.4114242928395817
2048,21,random,2,2,regional,782.4390258789062,802.1605119077695,268.13432937049504,583.9070465870869,observed support,795.2708716219033
2048,21,random,2,2,group,50.9329948425293,52.94708054388782,4.175945757797985,37.69644011156577,observed support,52.686986287780165
2048,21,random,2,2,household,0.3070000112056732,0.5488399307509356,0.13463928373828105,0.22555555370118882,first physical ID,0.23853255395294315
2048,21,random,2,12,regional,425.239990234375,495.21338929869853,1557.9516593133462,301.2154391139938,observed support,442.80632857209093
2048,21,random,2,12,group,28.998998641967773,32.83220362329163,10.482918503606186,20.0515879069962,observed support,29.534059891490728
2048,21,random,2,12,household,3.0460000038146973,2.392123497477077,0.16466776651591003,1.7317111076580154,first physical ID,2.4114242928395817
2048,21,random,4,2,regional,782.4390258789062,793.6617711002301,250.01364756501505,583.9070465870869,observed support,795.2708716219033
2048,21,random,4,2,group,50.9329948425293,52.352622328221436,4.098908485888644,37.69644011156577,observed support,52.686986287780165
2048,21,random,4,2,household,0.3070000112056732,0.556878693536087,0.13099240991612057,0.22555555370118882,first physical ID,0.23853255395294315
2048,21,random,4,12,regional,425.239990234375,470.27551052142417,1447.7266807252104,301.2154391139938,observed support,442.80632857209093
2048,21,random,4,12,group,28.998998641967773,31.18718993614842,9.998023012346678,20.0515879069962,observed support,29.534059891490728
2048,21,random,4,12,household,3.0460000038146973,2.4184477859375457,0.16359444756808345,1.7317111076580154,first physical ID,2.4114242928395817
2048,21,random,8,2,regional,782.4390258789062,797.6450089766626,231.9242528699375,583.9070465870869,observed support,795.2708716219033
2048,21,random,8,2,group,50.9329948425293,52.81663193272844,3.899328782533032,37.69644011156577,observed support,52.686986287780165
2048,21,random,8,2,household,0.3070000112056732,0.24971446020242358,0.08780104380543331,0.22555555370118882,first physical ID,0.23853255395294315
2048,21,random,8,12,regional,425.239990234375,464.2160647511625,1356.1762868838018,301.2154391139938,observed support,442.80632857209093
2048,21,random,8,12,group,28.998998641967773,30.853959616208286,9.504485503265052,20.0515879069962,observed support,29.534059891490728
2048,21,random,8,12,household,3.0460000038146973,2.3994345975048352,0.16142104211041836,1.7317111076580154,first physical ID,2.4114242928395817
2048,21,uncertainty,2,2,regional,782.4390258789062,819.6348351679766,268.6407866846491,583.9070465870869,observed support,795.2708716219033
2048,21,uncertainty,2,2,group,50.9329948425293,53.95665755490671,4.178149814307346,37.69644011156577,observed support,52.686986287780165
2048,21,uncertainty,2,2,household,0.3070000112056732,-0.04504224427826886,0.13940192005572577,0.22555555370118882,first physical ID,0.23853255395294315
2048,21,uncertainty,2,12,regional,425.239990234375,454.85074881782,1550.8216392512586,301.2154391139938,observed support,442.80632857209093
2048,21,uncertainty,2,12,group,28.998998641967773,29.86239342826323,10.476292504121698,20.0515879069962,observed support,29.534059891490728
2048,21,uncertainty,2,12,household,3.0460000038146973,2.3331567461620337,0.1648844110778127,1.7317111076580154,first physical ID,2.4114242928395817
2048,21,uncertainty,4,2,regional,782.4390258789062,803.3456628146918,247.2627909421525,583.9070465870869,observed support,795.2708716219033
2048,21,uncertainty,4,2,group,50.9329948425293,53.04623514797696,4.089334970117158,37.69644011156577,observed support,52.686986287780165
2048,21,uncertainty,4,2,household,0.3070000112056732,0.4689103050236694,0.13179998542498403,0.22555555370118882,first physical ID,0.23853255395294315
2048,21,uncertainty,4,12,regional,425.239990234375,440.05528136352774,1439.506156263926,301.2154391139938,observed support,442.80632857209093
2048,21,uncertainty,4,12,group,28.998998641967773,29.32271218269822,9.975027623385726,20.0515879069962,observed support,29.534059891490728
2048,21,uncertainty,4,12,household,3.0460000038146973,2.504449730288214,0.163453474792583,1.7317111076580154,first physical ID,2.4114242928395817
2048,21,uncertainty,8,2,regional,782.4390258789062,797.9735604907958,232.87842172424024,583.9070465870869,observed support,795.2708716219033
2048,21,uncertainty,8,2,group,50.9329948425293,52.56274332865682,4.029196255146202,37.69644011156577,observed support,52.686986287780165
2048,21,uncertainty,8,2,household,0.3070000112056732,0.5328303139755223,0.12754117368250092,0.22555555370118882,first physical ID,0.23853255395294315
2048,21,uncertainty,8,12,regional,425.239990234375,443.4255390988986,1368.8905668869315,301.2154391139938,observed support,442.80632857209093
2048,21,uncertainty,8,12,group,28.998998641967773,29.45108879609204,9.65754120234945,20.0515879069962,observed support,29.534059891490728
2048,21,uncertainty,8,12,household,3.0460000038146973,2.530525614906065,0.16262759175640362,1.7317111076580154,first physical ID,2.4114242928395817
2048,22,fixed_coarse,0,2,regional,593.0819702148438,629.9090622267548,331.1106586096208,462.81406536991653,observed support,627.3341701592873
2048,22,fixed_coarse,0,2,group,38.097999572753906,40.340921369777014,4.452419665547588,28.10125507368626,observed support,39.17890280791194
2048,22,fixed_coarse,0,2,household,0.07699999958276749,0.46071103347369585,0.15756073894937428,0.12777777736385662,first physical ID,0.23037730422115404
2048,22,fixed_coarse,0,12,regional,728.9810180664062,708.526139171404,2110.893657837867,544.0650160782523,observed support,677.6292168216999
2048,22,fixed_coarse,0,12,group,44.31899642944336,45.70240143183172,12.94394886446723,34.685575623191426,observed support,42.959299447971325
2048,22,fixed_coarse,0,12,household,0.12700000405311584,0.6792348621304662,0.1706203458228949,0.20339999952250057,first physical ID,0.6012430932548241
2048,22,uniform_fine_stream,16,2,regional,593.0819702148438,627.3341701592873,218.86356179122254,462.81406536991653,observed support,627.3341701592873
2048,22,uniform_fine_stream,16,2,group,38.097999572753906,39.17890280791194,3.85043298264768,28.10125507368626,observed support,39.17890280791194
2048,22,uniform_fine_stream,16,2,household,0.07699999958276749,0.23037730422115404,0.08720197314941439,0.12777777736385662,first physical ID,0.23037730422115404
2048,22,uniform_fine_stream,16,12,regional,728.9810180664062,677.6292168216999,1306.1108811140696,544.0650160782523,observed support,677.6292168216999
2048,22,uniform_fine_stream,16,12,group,44.31899642944336,42.959299447971325,9.30325858176322,34.685575623191426,observed support,42.959299447971325
2048,22,uniform_fine_stream,16,12,household,0.12700000405311584,0.6012430932548241,0.1607925987342847,0.20339999952250057,first physical ID,0.6012430932548241
2048,22,fixed,2,2,regional,593.0819702148438,640.4426177831872,263.056325542472,462.81406536991653,observed support,627.3341701592873
2048,22,fixed,2,2,group,38.097999572753906,40.92787574365725,4.1505347677833235,28.10125507368626,observed support,39.17890280791194
2048,22,fixed,2,2,household,0.07699999958276749,-0.013317096025074304,0.13508040503026889,0.12777777736385662,first physical ID,0.23037730422115404
2048,22,fixed,2,12,regional,728.9810180664062,697.5594818974012,1492.5483292346391,544.0650160782523,observed support,677.6292168216999
2048,22,fixed,2,12,group,44.31899642944336,44.769725494849766,10.218410817581363,34.685575623191426,observed support,42.959299447971325
2048,22,fixed,2,12,household,0.12700000405311584,0.6842503397508546,0.1646196448744314,0.20339999952250057,first physical ID,0.6012430932548241
2048,22,fixed,4,2,regional,593.0819702148438,638.5257576111038,246.59235701206853,462.81406536991653,observed support,627.3341701592873
2048,22,fixed,4,2,group,38.097999572753906,40.79131753807002,4.083713570547094,28.10125507368626,observed support,39.17890280791194
2048,22,fixed,4,2,household,0.07699999958276749,0.13640003173706627,0.13032891739501717,0.12777777736385662,first physical ID,0.23037730422115404
2048,22,fixed,4,12,regional,728.9810180664062,686.979231236767,1419.1160225337399,544.0650160782523,observed support,677.6292168216999
2048,22,fixed,4,12,group,44.31899642944336,44.137462052398625,9.88496926235909,34.685575623191426,observed support,42.959299447971325
2048,22,fixed,4,12,household,0.12700000405311584,0.668450333383047,0.16356648910182284,0.20339999952250057,first physical ID,0.6012430932548241
2048,22,fixed,8,2,regional,593.0819702148438,628.8826635359977,231.20742383705038,462.81406536991653,observed support,627.3341701592873
2048,22,fixed,8,2,group,38.097999572753906,40.153994414447126,4.020223030724872,28.10125507368626,observed support,39.17890280791194
2048,22,fixed,8,2,household,0.07699999958276749,0.3078489800132874,0.12719634874046354,0.12777777736385662,first physical ID,0.23037730422115404
2048,22,fixed,8,12,regional,728.9810180664062,673.4482488322026,1341.437275917308,544.0650160782523,observed support,677.6292168216999
2048,22,fixed,8,12,group,44.31899642944336,43.252425479205506,9.535941665211128,34.685575623191426,observed support,42.959299447971325
2048,22,fixed,8,12,household,0.12700000405311584,0.6878463466910238,0.1625217069493013,0.20339999952250057,first physical ID,0.6012430932548241
2048,22,random,2,2,regional,593.0819702148438,642.0448226853189,268.6609230955907,462.81406536991653,observed support,627.3341701592873
2048,22,random,2,2,group,38.097999572753906,41.15027169923678,4.177479057210698,28.10125507368626,observed support,39.17890280791194
2048,22,random,2,2,household,0.07699999958276749,0.1679592343246779,0.1387953192289312,0.12777777736385662,first physical ID,0.23037730422115404
2048,22,random,2,12,regional,728.9810180664062,712.1832735704411,1549.683473864225,544.0650160782523,observed support,677.6292168216999
2048,22,random,2,12,group,44.31899642944336,45.84850457608966,10.472513378978967,34.685575623191426,observed support,42.959299447971325
2048,22,random,2,12,household,0.12700000405311584,0.7248383407358602,0.16474143898454066,0.20339999952250057,first physical ID,0.6012430932548241
2048,22,random,4,2,regional,593.0819702148438,640.1513268923687,250.96829546935572,462.81406536991653,observed support,627.3341701592873
2048,22,random,4,2,group,38.097999572753906,41.05251426221885,4.102964500416691,28.10125507368626,observed support,39.17890280791194
2048,22,random,4,2,household,0.07699999958276749,0.46641615198867525,0.132119288000477,0.12777777736385662,first physical ID,0.23037730422115404
2048,22,random,4,12,regional,728.9810180664062,711.2028908044456,1447.328876579762,544.0650160782523,observed support,677.6292168216999
2048,22,random,4,12,group,44.31899642944336,45.83746596530209,10.002171834147394,34.685575623191426,observed support,42.959299447971325
2048,22,random,4,12,household,0.12700000405311584,0.6952705787563943,0.1637558527489284,0.20339999952250057,first physical ID,0.6012430932548241
2048,22,random,8,2,regional,593.0819702148438,627.033165586259,233.72306492139657,462.81406536991653,observed support,627.3341701592873
2048,22,random,8,2,group,38.097999572753906,40.16198101629347,4.03200993424677,28.10125507368626,observed support,39.17890280791194
2048,22,random,8,2,household,0.07699999958276749,0.553890429070097,0.12866505567565376,0.12777777736385662,first physical ID,0.23037730422115404
2048,22,random,8,12,regional,728.9810180664062,687.3900335549106,1357.1338400091572,544.0650160782523,observed support,677.6292168216999
2048,22,random,8,12,group,44.31899642944336,44.299424342961075,9.605352298699607,34.685575623191426,observed support,42.959299447971325
2048,22,random,8,12,household,0.12700000405311584,0.692910678423484,0.1625896218595828,0.20339999952250057,first physical ID,0.6012430932548241
2048,22,uncertainty,2,2,regional,593.0819702148438,647.7811500048781,268.5977465155784,462.81406536991653,observed support,627.3341701592873
2048,22,uncertainty,2,2,group,38.097999572753906,41.39470171328726,4.177899786659373,28.10125507368626,observed support,39.17890280791194
2048,22,uncertainty,2,2,household,0.07699999958276749,0.06447316442904738,0.1394051436817877,0.12777777736385662,first physical ID,0.23037730422115404
2048,22,uncertainty,2,12,regional,728.9810180664062,686.0388944470229,1550.2844040273558,544.0650160782523,observed support,677.6292168216999
2048,22,uncertainty,2,12,group,44.31899642944336,44.16868031018461,10.474087970867416,34.685575623191426,observed support,42.959299447971325
2048,22,uncertainty,2,12,household,0.12700000405311584,0.7780155332893455,0.16488494333089898,0.20339999952250057,first physical ID,0.6012430932548241
2048,22,uncertainty,4,2,regional,593.0819702148438,641.7385263531712,247.2199326867095,462.81406536991653,observed support,627.3341701592873
2048,22,uncertainty,4,2,group,38.097999572753906,41.1271609682418,4.089463867823985,28.10125507368626,observed support,39.17890280791194
2048,22,uncertainty,4,2,household,0.07699999958276749,0.3664663718699518,0.1318084998236248,0.12777777736385662,first physical ID,0.23037730422115404
2048,22,uncertainty,4,12,regional,728.9810180664062,700.2707731651417,1439.9260150149842,544.0650160782523,observed support,677.6292168216999
2048,22,uncertainty,4,12,group,44.31899642944336,45.24050063845401,9.976933061953599,34.685575623191426,observed support,42.959299447971325
2048,22,uncertainty,4,12,household,0.12700000405311584,0.7247709829251706,0.16346054194837412,0.20339999952250057,first physical ID,0.6012430932548241
2048,22,uncertainty,8,2,regional,593.0819702148438,629.6333860484701,232.80428423972432,462.81406536991653,observed support,627.3341701592873
2048,22,uncertainty,8,2,group,38.097999572753906,40.35507448429115,4.0292405098272175,28.10125507368626,observed support,39.17890280791194
2048,22,uncertainty,8,2,household,0.07699999958276749,0.37167804311974084,0.12754553480058278,0.12777777736385662,first physical ID,0.23037730422115404
2048,22,uncertainty,8,12,regional,728.9810180664062,683.1288588306752,1369.0673952117986,544.0650160782523,observed support,677.6292168216999
2048,22,uncertainty,8,12,group,44.31899642944336,44.0319451916874,9.658346208550814,34.685575623191426,observed support,42.959299447971325
2048,22,uncertainty,8,12,household,0.12700000405311584,0.6581304504875117,0.16263104481854934,0.20339999952250057,first physical ID,0.6012430932548241
2048,23,fixed_coarse,0,2,regional,674.571044921875,681.4263383250612,330.7633362215715,494.77806255233924,observed support,658.7956021760332
2048,23,fixed_coarse,0,2,group,40.85200119018555,40.72284903757098,4.452508282394803,29.40000398600558,observed support,39.04775960510354
2048,23,fixed_coarse,0,2,household,1.430999994277954,0.574929306157112,0.15761983486443693,0.3002325580563656,first physical ID,0.7417865468297283
2048,23,fixed_coarse,0,12,regional,814.02099609375,813.7592611514493,2105.499032982975,610.0413992348416,observed support,772.2806749552469
2048,23,fixed_coarse,0,12,group,54.111000061035156,51.289338245974456,12.93309099496908,38.31415183683752,observed support,48.67691753052215
2048,23,fixed_coarse,0,12,household,0.07900000363588333,0.6845059660785505,0.17062555065160284,0.20165116166652636,first physical ID,0.6153238194359656
2048,23,uniform_fine_stream,16,2,regional,674.571044921875,658.7956021760332,218.7667860016956,494.77806255233924,observed support,658.7956021760332
2048,23,uniform_fine_stream,16,2,group,40.85200119018555,39.04775960510354,3.8504396832233185,29.40000398600558,observed support,39.04775960510354
2048,23,uniform_fine_stream,16,2,household,1.430999994277954,0.7417865468297283,0.0872022506370822,0.3002325580563656,first physical ID,0.7417865468297283
2048,23,uniform_fine_stream,16,12,regional,814.02099609375,772.2806749552469,1304.525306147804,610.0413992348416,observed support,772.2806749552469
2048,23,uniform_fine_stream,16,12,group,54.111000061035156,48.67691753052215,9.303869460151008,38.31415183683752,observed support,48.67691753052215
2048,23,uniform_fine_stream,16,12,household,0.07900000363588333,0.6153238194359656,0.1607952643258076,0.20165116166652636,first physical ID,0.6153238194359656
2048,23,fixed,2,2,regional,674.571044921875,675.3437018025846,263.0908203103874,494.77806255233924,observed support,658.7956021760332
2048,23,fixed,2,2,group,40.85200119018555,40.51604683222294,4.150333754315816,29.40000398600558,observed support,39.04775960510354
2048,23,fixed,2,2,household,1.430999994277954,0.2841433740603857,0.13537416740958721,0.3002325580563656,first physical ID,0.7417865468297283
2048,23,fixed,2,12,regional,814.02099609375,789.2352587842829,1487.9567188816932,610.0413992348416,observed support,772.2806749552469
2048,23,fixed,2,12,group,54.111000061035156,49.741973873263476,10.198054115330802,38.31415183683752,observed support,48.67691753052215
2048,23,fixed,2,12,household,0.07900000363588333,0.4771822940629473,0.1646517143860724,0.20165116166652636,first physical ID,0.6153238194359656
2048,23,fixed,4,2,regional,674.571044921875,665.787398028606,245.75128167670766,494.77806255233924,observed support,658.7956021760332
2048,23,fixed,4,2,group,40.85200119018555,39.972191566908464,4.07875214293613,29.40000398600558,observed support,39.04775960510354
2048,23,fixed,4,2,household,1.430999994277954,0.2959964806901356,0.1296725209771109,0.3002325580563656,first physical ID,0.7417865468297283
2048,23,fixed,4,12,regional,814.02099609375,786.8770504257391,1396.6784449971763,610.0413992348416,observed support,772.2806749552469
2048,23,fixed,4,12,group,54.111000061035156,49.639862309998094,9.784167274270276,38.31415183683752,observed support,48.67691753052215
2048,23,fixed,4,12,household,0.07900000363588333,0.48821658381062166,0.1635237337052282,0.20165116166652636,first physical ID,0.6153238194359656
2048,23,fixed,8,2,regional,674.571044921875,657.3142580217501,231.08430593741036,494.77806255233924,observed support,658.7956021760332
2048,23,fixed,8,2,group,40.85200119018555,39.48066888388517,4.019696685057866,29.40000398600558,observed support,39.04775960510354
2048,23,fixed,8,2,household,1.430999994277954,0.4696662798598965,0.126926092368659,0.3002325580563656,first physical ID,0.7417865468297283
2048,23,fixed,8,12,regional,814.02099609375,781.1118642437414,1340.6774475616908,610.0413992348416,observed support,772.2806749552469
2048,23,fixed,8,12,group,54.111000061035156,49.48124907689689,9.538102701820545,38.31415183683752,observed support,48.67691753052215
2048,23,fixed,8,12,household,0.07900000363588333,0.5393153936629951,0.1625580948448494,0.20165116166652636,first physical ID,0.6153238194359656
2048,23,random,2,2,regional,674.571044921875,674.3006072480968,262.4320916699985,494.77806255233924,observed support,658.7956021760332
2048,23,random,2,2,group,40.85200119018555,40.36473120877779,4.15337578008408,29.40000398600558,observed support,39.04775960510354
2048,23,random,2,2,household,1.430999994277954,0.6557353992708077,0.13518388115868427,0.3002325580563656,first physical ID,0.7417865468297283
2048,23,random,2,12,regional,814.02099609375,800.8401815017917,1545.9624826940783,610.0413992348416,observed support,772.2806749552469
2048,23,random,2,12,group,54.111000061035156,50.72979859177402,10.451985662939709,38.31415183683752,observed support,48.67691753052215
2048,23,random,2,12,household,0.07900000363588333,0.585025114256656,0.16443710695142305,0.20165116166652636,first physical ID,0.6153238194359656
2048,23,random,4,2,regional,674.571044921875,670.9887095214333,245.84629473312737,494.77806255233924,observed support,658.7956021760332
2048,23,random,4,2,group,40.85200119018555,40.23430052510417,4.0846738626963965,29.40000398600558,observed support,39.04775960510354
2048,23,random,4,2,household,1.430999994277954,0.6358657314993038,0.1303446873132199,0.3002325580563656,first physical ID,0.7417865468297283
2048,23,random,4,12,regional,814.02099609375,786.2688448434943,1431.9836480998163,610.0413992348416,observed support,772.2806749552469
2048,23,random,4,12,group,54.111000061035156,49.88634534264127,9.948519279565716,38.31415183683752,observed support,48.67691753052215
2048,23,random,4,12,household,0.07900000363588333,0.6077506000782513,0.16331001785551225,0.20165116166652636,first physical ID,0.6153238194359656
2048,23,random,8,2,regional,674.571044921875,663.6992168650032,232.16966888158495,494.77806255233924,observed support,658.7956021760332
2048,23,random,8,2,group,40.85200119018555,39.84657470686398,4.028305982744722,29.40000398600558,observed support,39.04775960510354
2048,23,random,8,2,household,1.430999994277954,0.7500094173735523,0.12784069381525204,0.3002325580563656,first physical ID,0.7417865468297283
2048,23,random,8,12,regional,814.02099609375,774.9139916286115,1359.4596073465418,610.0413992348416,observed support,772.2806749552469
2048,23,random,8,12,group,54.111000061035156,49.36355627137429,9.627196457788404,38.31415183683752,observed support,48.67691753052215
2048,23,random,8,12,household,0.07900000363588333,0.6654904234283008,0.16256211481304114,0.20165116166652636,first physical ID,0.6153238194359656
2048,23,uncertainty,2,2,regional,674.571044921875,692.0141681591529,268.3615567701142,494.77806255233924,observed support,658.7956021760332
2048,23,uncertainty,2,2,group,40.85200119018555,41.59110994756393,4.1777714743560495,29.40000398600558,observed support,39.04775960510354
2048,23,uncertainty,2,2,household,1.430999994277954,0.21070509824713668,0.13940144855405642,0.3002325580563656,first physical ID,0.7417865468297283
2048,23,uncertainty,2,12,regional,814.02099609375,808.4498641923706,1547.9900273624187,610.0413992348416,observed support,772.2806749552469
2048,23,uncertainty,2,12,group,54.111000061035156,51.10498587926667,10.472987933490822,38.31415183683752,observed support,48.67691753052215
2048,23,uncertainty,2,12,household,0.07900000363588333,0.5681697395179597,0.16488620745293966,0.20165116166652636,first physical ID,0.6153238194359656
2048,23,uncertainty,4,2,regional,674.571044921875,676.2050853634462,247.05525187635217,494.77806255233924,observed support,658.7956021760332
2048,23,uncertainty,4,2,group,40.85200119018555,40.81340449004722,4.089406664739593,29.40000398600558,observed support,39.04775960510354
2048,23,uncertainty,4,2,household,1.430999994277954,0.6046216060113041,0.13180729265766952,0.3002325580563656,first physical ID,0.7417865468297283
2048,23,uncertainty,4,12,regional,814.02099609375,797.8802906092062,1437.939324614816,610.0413992348416,observed support,772.2806749552469
2048,23,uncertainty,4,12,group,54.111000061035156,50.95259098131988,9.976547642595717,38.31415183683752,observed support,48.67691753052215
2048,23,uncertainty,4,12,household,0.07900000363588333,0.6525433620461019,0.1634612571168138,0.20165116166652636,first physical ID,0.6153238194359656
2048,23,uncertainty,8,2,regional,674.571044921875,667.1731379657562,232.67517135626707,494.77806255233924,observed support,658.7956021760332
2048,23,uncertainty,8,2,group,40.85200119018555,40.05156995752295,4.029214578839119,29.40000398600558,observed support,39.04775960510354
2048,23,uncertainty,8,2,household,1.430999994277954,0.582161465986808,0.12754513581238144,0.3002325580563656,first physical ID,0.7417865468297283
2048,23,uncertainty,8,12,regional,814.02099609375,784.1902010517385,1367.2295824771475,610.0413992348416,observed support,772.2806749552469
2048,23,uncertainty,8,12,group,54.111000061035156,49.698176786633624,9.658199107829882,38.31415183683752,observed support,48.67691753052215
2048,23,uncertainty,8,12,household,0.07900000363588333,0.6436282430266915,0.16263146630352895,0.20165116166652636,first physical ID,0.6153238194359656
2048,24,fixed_coarse,0,2,regional,553.843017578125,514.1596586849763,327.8555977199101,406.7796256289049,observed support,529.3999238694308
2048,24,fixed_coarse,0,2,group,33.07899856567383,32.505737391061274,4.29180318422329,25.40108447448195,observed support,33.70899979644265
2048,24,fixed_coarse,0,2,household,0.11400000005960464,0.4641560309796598,0.15704356855161752,0.2190652167343575,first physical ID,0.29782346257067416
2048,24,fixed_coarse,0,12,regional,728.8009643554688,704.497978843925,2103.635701339209,600.0366705888262,observed support,748.2983594437542
2048,24,fixed_coarse,0,12,group,41.66200256347656,43.45279156031441,12.765138573660783,36.61282620181878,observed support,46.29689721768874
2048,24,fixed_coarse,0,12,household,0.34700000286102295,0.5029131532631508,0.17047787923187735,0.23426086909097174,first physical ID,0.46721256300977865
2048,24,uniform_fine_stream,16,2,regional,553.843017578125,529.3999238694308,217.2738824261445,406.7796256289049,observed support,529.3999238694308
2048,24,uniform_fine_stream,16,2,group,33.07899856567383,33.70899979644265,3.6879943158506787,25.40108447448195,observed support,33.70899979644265
2048,24,uniform_fine_stream,16,2,household,0.11400000005960464,0.29782346257067416,0.08720651447303748,0.2190652167343575,first physical ID,0.29782346257067416
2048,24,uniform_fine_stream,16,12,regional,728.8009643554688,748.2983594437542,1299.8461111914685,600.0366705888262,observed support,748.2983594437542
2048,24,uniform_fine_stream,16,12,group,41.66200256347656,46.29689721768874,9.124057063669115,36.61282620181878,observed support,46.29689721768874
2048,24,uniform_fine_stream,16,12,household,0.34700000286102295,0.46721256300977865,0.16079619265399886,0.23426086909097174,first physical ID,0.46721256300977865
2048,24,fixed,2,2,regional,553.843017578125,516.725262095896,263.9332579674716,406.7796256289049,observed support,529.3999238694308
2048,24,fixed,2,2,group,33.07899856567383,32.85749539340541,4.006210950132547,25.40108447448195,observed support,33.70899979644265
2048,24,fixed,2,2,household,0.11400000005960464,0.6303397824708801,0.1352629524391962,0.2190652167343575,first physical ID,0.29782346257067416
2048,24,fixed,2,12,regional,728.8009643554688,758.9620425584917,1534.6528734389628,600.0366705888262,observed support,748.2983594437542
2048,24,fixed,2,12,group,41.66200256347656,47.23891665671386,10.243326449008563,36.61282620181878,observed support,46.29689721768874
2048,24,fixed,2,12,household,0.34700000286102295,0.5002760193412642,0.16480179069071785,0.23426086909097174,first physical ID,0.46721256300977865
2048,24,fixed,4,2,regional,553.843017578125,522.8983526579137,244.5958773133056,406.7796256289049,observed support,529.3999238694308
2048,24,fixed,4,2,group,33.07899856567383,33.1501084479833,3.9193217509178293,25.40108447448195,observed support,33.70899979644265
2048,24,fixed,4,2,household,0.11400000005960464,0.4633213965815004,0.130330598075614,0.2190652167343575,first physical ID,0.29782346257067416
2048,24,fixed,4,12,regional,728.8009643554688,750.3625394484068,1397.7695674556614,600.0366705888262,observed support,748.2983594437542
2048,24,fixed,4,12,group,41.66200256347656,46.66589190638118,9.628677236743282,36.61282620181878,observed support,46.29689721768874
2048,24,fixed,4,12,household,0.34700000286102295,0.47770531522959275,0.16330058985328463,0.23426086909097174,first physical ID,0.46721256300977865
2048,24,fixed,8,2,regional,553.843017578125,525.1208872045097,230.3724981489386,406.7796256289049,observed support,529.3999238694308
2048,24,fixed,8,2,group,33.07899856567383,33.42620927281589,3.860357613747187,25.40108447448195,observed support,33.70899979644265
2048,24,fixed,8,2,household,0.11400000005960464,0.48669440151535825,0.12731512186399374,0.2190652167343575,first physical ID,0.29782346257067416
2048,24,fixed,8,12,regional,728.8009643554688,754.0656238949803,1342.8432831949267,600.0366705888262,observed support,748.2983594437542
2048,24,fixed,8,12,group,41.66200256347656,47.031530655825414,9.385043684432404,36.61282620181878,observed support,46.29689721768874
2048,24,fixed,8,12,household,0.34700000286102295,0.45568558644588875,0.16258873568409987,0.23426086909097174,first physical ID,0.46721256300977865
2048,24,random,2,2,regional,553.843017578125,512.9005481093943,262.92319320918244,406.7796256289049,observed support,529.3999238694308
2048,24,random,2,2,group,33.07899856567383,32.45834650814461,3.9907733583748612,25.40108447448195,observed support,33.70899979644265
2048,24,random,2,2,household,0.11400000005960464,0.6281438340495855,0.13500832752651182,0.2190652167343575,first physical ID,0.29782346257067416
2048,24,random,2,12,regional,728.8009643554688,714.0133563294937,1481.6345004813502,600.0366705888262,observed support,748.2983594437542
2048,24,random,2,12,group,41.66200256347656,44.177200354475445,10.012938063722459,36.61282620181878,observed support,46.29689721768874
2048,24,random,2,12,household,0.34700000286102295,0.4879594108725759,0.16456988355349078,0.23426086909097174,first physical ID,0.46721256300977865
2048,24,random,4,2,regional,553.843017578125,536.2770462524979,246.6060117832506,406.7796256289049,observed support,529.3999238694308
2048,24,random,4,2,group,33.07899856567383,33.96292532008863,3.9223419080154382,25.40108447448195,observed support,33.70899979644265
2048,24,random,4,2,household,0.11400000005960464,0.3550189115689864,0.13164541788180775,0.2190652167343575,first physical ID,0.29782346257067416
2048,24,random,4,12,regional,728.8009643554688,742.6009620680834,1408.8543772060843,600.0366705888262,observed support,748.2983594437542
2048,24,random,4,12,group,41.66200256347656,45.891507245673786,9.689039446418725,36.61282620181878,observed support,46.29689721768874
2048,24,random,4,12,household,0.34700000286102295,0.51358186347731,0.16349085683616238,0.23426086909097174,first physical ID,0.46721256300977865
2048,24,random,8,2,regional,553.843017578125,533.0566607148422,230.33115335002088,406.7796256289049,observed support,529.3999238694308
2048,24,random,8,2,group,33.07899856567383,33.85226586088736,3.859803657345523,25.40108447448195,observed support,33.70899979644265
2048,24,random,8,2,household,0.11400000005960464,0.28794875404282205,0.12753352545197624,0.2190652167343575,first physical ID,0.29782346257067416
2048,24,random,8,12,regional,728.8009643554688,743.9887343426402,1342.802547422061,600.0366705888262,observed support,748.2983594437542
2048,24,random,8,12,group,41.66200256347656,46.08060018136072,9.392773757999043,36.61282620181878,observed support,46.29689721768874
2048,24,random,8,12,household,0.34700000286102295,0.47855044285705506,0.1624589922981874,0.23426086909097174,first physical ID,0.46721256300977865
2048,24,uncertainty,2,2,regional,553.843017578125,550.4034044921525,266.2796627877391,406.7796256289049,observed support,529.3999238694308
2048,24,uncertainty,2,2,group,33.07899856567383,35.060269380359244,4.014008290352858,25.40108447448195,observed support,33.70899979644265
2048,24,uncertainty,2,2,household,0.11400000005960464,0.15238990643916478,0.13924710489888836,0.2190652167343575,first physical ID,0.29782346257067416
2048,24,uncertainty,2,12,regional,728.8009643554688,774.9110372458397,1543.0732220242915,600.0366705888262,observed support,748.2983594437542
2048,24,uncertainty,2,12,group,41.66200256347656,48.16436372936655,10.3005031079203,36.61282620181878,observed support,46.29689721768874
2048,24,uncertainty,2,12,household,0.34700000286102295,0.5404574482160838,0.16485341442953316,0.23426086909097174,first physical ID,0.46721256300977865
2048,24,uncertainty,4,2,regional,553.843017578125,540.1832457067218,245.27558658858092,406.7796256289049,observed support,529.3999238694308
2048,24,uncertainty,4,2,group,33.07899856567383,34.47829827846358,3.9245779513005594,25.40108447448195,observed support,33.70899979644265
2048,24,uncertainty,4,2,household,0.11400000005960464,0.2104625718235003,0.13171269499748373,0.2190652167343575,first physical ID,0.29782346257067416
2048,24,uncertainty,4,12,regional,728.8009643554688,758.7376293826594,1432.5178027663571,600.0366705888262,observed support,748.2983594437542
2048,24,uncertainty,4,12,group,41.66200256347656,47.28683398456931,9.795430973897512,36.61282620181878,observed support,46.29689721768874
2048,24,uncertainty,4,12,household,0.34700000286102295,0.5203001292490125,0.1634418805765957,0.23426086909097174,first physical ID,0.46721256300977865
2048,24,uncertainty,8,2,regional,553.843017578125,535.7414199447729,231.03256919942112,406.7796256289049,observed support,529.3999238694308
2048,24,uncertainty,8,2,group,33.07899856567383,34.11899168782621,3.8645331829412175,25.40108447448195,observed support,33.70899979644265
2048,24,uncertainty,8,2,household,0.11400000005960464,0.34148326190832246,0.12746459206507382,0.2190652167343575,first physical ID,0.29782346257067416
2048,24,uncertainty,8,12,regional,728.8009643554688,758.9730513449389,1362.6839018120004,600.0366705888262,observed support,748.2983594437542
2048,24,uncertainty,8,12,group,41.66200256347656,47.22481516373913,9.478017421789579,36.61282620181878,observed support,46.29689721768874
2048,24,uncertainty,8,12,household,0.34700000286102295,0.5127410266654107,0.16262115504568053,0.23426086909097174,first physical ID,0.46721256300977865
2048,25,fixed_coarse,0,2,regional,526.1170654296875,540.8044170854647,328.5157858874529,392.7289315632984,observed support,516.293990396496
2048,25,fixed_coarse,0,2,group,33.98800277709961,31.6864824504339,4.3201644982400245,24.075646716623623,observed support,30.043120455832216
2048,25,fixed_coarse,0,2,household,0.21699999272823334,0.33847943674365233,0.15704649874082247,0.212199999888738,first physical ID,0.37326566527352173
2048,25,fixed_coarse,0,12,regional,475.5360107421875,556.2034838229777,2105.7397827088816,377.22461523310767,observed support,533.2693913269796
2048,25,fixed_coarse,0,12,group,29.542999267578125,35.798061183730525,12.872588999537232,24.555389800321013,observed support,34.63436019421179
2048,25,fixed_coarse,0,12,household,0.08299999684095383,0.42048343580478337,0.1704768736149588,0.129911111212439,first physical ID,0.31000450920316164
2048,25,uniform_fine_stream,16,2,regional,526.1170654296875,516.293990396496,217.31846934057927,392.7289315632984,observed support,516.293990396496
2048,25,uniform_fine_stream,16,2,group,33.98800277709961,30.043120455832216,3.7022238660541182,24.075646716623623,observed support,30.043120455832216
2048,25,uniform_fine_stream,16,2,household,0.21699999272823334,0.37326566527352173,0.0872054676428289,0.212199999888738,first physical ID,0.37326566527352173
2048,25,uniform_fine_stream,16,12,regional,475.5360107421875,533.2693913269796,1300.8344988240679,377.22461523310767,observed support,533.2693913269796
2048,25,uniform_fine_stream,16,12,group,29.542999267578125,34.63436019421179,9.198053087101279,24.555389800321013,observed support,34.63436019421179
2048,25,uniform_fine_stream,16,12,household,0.08299999684095383,0.31000450920316164,0.16079611482796272,0.129911111212439,first physical ID,0.31000450920316164
2048,25,fixed,2,2,regional,526.1170654296875,530.4031444728863,261.718834852661,392.7289315632984,observed support,516.293990396496
2048,25,fixed,2,2,group,33.98800277709961,31.1346616785128,4.0108740033043615,24.075646716623623,observed support,30.043120455832216
2048,25,fixed,2,2,household,0.21699999272823334,0.42073009846055714,0.13329749039253067,0.212199999888738,first physical ID,0.37326566527352173
2048,25,fixed,2,12,regional,475.5360107421875,536.3264455627112,1478.9573482927667,377.22461523310767,observed support,533.2693913269796
2048,25,fixed,2,12,group,29.542999267578125,34.81301413405338,10.054585225048555,24.555389800321013,observed support,34.63436019421179
2048,25,fixed,2,12,household,0.08299999684095383,0.42461956974680337,0.16462267740743516,0.129911111212439,first physical ID,0.31000450920316164
2048,25,fixed,4,2,regional,526.1170654296875,536.5535578047123,244.5018734351415,392.7289315632984,observed support,516.293990396496
2048,25,fixed,4,2,group,33.98800277709961,31.497318005681755,3.9354466235092014,24.075646716623623,observed support,30.043120455832216
2048,25,fixed,4,2,household,0.21699999272823334,0.40152345091365405,0.130101046592979,0.212199999888738,first physical ID,0.37326566527352173
2048,25,fixed,4,12,regional,475.5360107421875,551.2230817808221,1396.5547976934217,377.22461523310767,observed support,533.2693913269796
2048,25,fixed,4,12,group,29.542999267578125,35.84018100246541,9.69282423296583,24.555389800321013,observed support,34.63436019421179
2048,25,fixed,4,12,household,0.08299999684095383,0.43434389995864003,0.16328946949861428,0.129911111212439,first physical ID,0.31000450920316164
2048,25,fixed,8,2,regional,526.1170654296875,527.3299808071332,230.2470159666491,392.7289315632984,observed support,516.293990396496
2048,25,fixed,8,2,group,33.98800277709961,30.711501383184917,3.753354093403355,24.075646716623623,observed support,30.043120455832216
2048,25,fixed,8,2,household,0.21699999272823334,0.3598437066386755,0.0878034230447454,0.212199999888738,first physical ID,0.37326566527352173
2048,25,fixed,8,12,regional,475.5360107421875,524.4153510894283,1342.7935502268558,377.22461523310767,observed support,533.2693913269796
2048,25,fixed,8,12,group,29.542999267578125,34.10442262508895,9.3671973720977,24.555389800321013,observed support,34.63436019421179
2048,25,fixed,8,12,household,0.08299999684095383,0.41609504993237795,0.1614228287920627,0.129911111212439,first physical ID,0.31000450920316164
2048,25,random,2,2,regional,526.1170654296875,530.1385905321856,267.83777715159863,392.7289315632984,observed support,516.293990396496
2048,25,random,2,2,group,33.98800277709961,31.192968491466374,4.039463129889397,24.075646716623623,observed support,30.043120455832216
2048,25,random,2,2,household,0.21699999272823334,0.3117090572322606,0.13823348655068654,0.212199999888738,first physical ID,0.37326566527352173
2048,25,random,2,12,regional,475.5360107421875,541.9193396590915,1559.7262178953697,377.22461523310767,observed support,533.2693913269796
2048,25,random,2,12,group,29.542999267578125,35.172655999156305,10.447643021065637,24.555389800321013,observed support,34.63436019421179
2048,25,random,2,12,household,0.08299999684095383,0.3572972821557022,0.1646853680460221,0.129911111212439,first physical ID,0.31000450920316164
2048,25,random,4,2,regional,526.1170654296875,524.2622722405322,247.30492313578594,392.7289315632984,observed support,516.293990396496
2048,25,random,4,2,group,33.98800277709961,30.80359878270421,3.8207960074924285,24.075646716623623,observed support,30.043120455832216
2048,25,random,4,2,household,0.21699999272823334,0.31640806347276906,0.08875435537858882,0.212199999888738,first physical ID,0.37326566527352173
2048,25,random,4,12,regional,475.5360107421875,542.7319896134236,1435.0549681076384,377.22461523310767,observed support,533.2693913269796
2048,25,random,4,12,group,29.542999267578125,35.305470006801315,9.751782336117,24.555389800321013,observed support,34.63436019421179
2048,25,random,4,12,household,0.08299999684095383,0.2947308747489035,0.16222622349962643,0.129911111212439,first physical ID,0.31000450920316164
2048,25,random,8,2,regional,526.1170654296875,516.6810700071424,231.75816299656842,392.7289315632984,observed support,516.293990396496
2048,25,random,8,2,group,33.98800277709961,30.240640466307333,3.7604797079547936,24.075646716623623,observed support,30.043120455832216
2048,25,random,8,2,household,0.21699999272823334,0.3591834772055687,0.08787924644506198,0.212199999888738,first physical ID,0.37326566527352173
2048,25,random,8,12,regional,475.5360107421875,516.3223732476861,1358.4054087509853,377.22461523310767,observed support,533.2693913269796
2048,25,random,8,12,group,29.542999267578125,33.52150520711123,9.435843317004739,24.555389800321013,observed support,34.63436019421179
2048,25,random,8,12,household,0.08299999684095383,0.3248756979360598,0.16142235856720727,0.129911111212439,first physical ID,0.31000450920316164
2048,25,uncertainty,2,2,regional,526.1170654296875,520.084789870503,266.5835467630718,392.7289315632984,observed support,516.293990396496
2048,25,uncertainty,2,2,group,33.98800277709961,30.71103267580929,4.035615400004054,24.075646716623623,observed support,30.043120455832216
2048,25,uncertainty,2,2,household,0.21699999272823334,0.2949188871431088,0.13924371786153414,0.212199999888738,first physical ID,0.37326566527352173
2048,25,uncertainty,2,12,regional,475.5360107421875,530.5661634389407,1544.3185201428178,377.22461523310767,observed support,533.2693913269796
2048,25,uncertainty,2,12,group,29.542999267578125,34.683450329721914,10.38459280689819,24.555389800321013,observed support,34.63436019421179
2048,25,uncertainty,2,12,household,0.08299999684095383,0.37225327991982154,0.16485523444942862,0.129911111212439,first physical ID,0.31000450920316164
2048,25,uncertainty,4,2,regional,526.1170654296875,505.4067762206257,245.4874006833904,392.7289315632984,observed support,516.293990396496
2048,25,uncertainty,4,2,group,33.98800277709961,29.812172093135295,3.9434976974367792,24.075646716623623,observed support,30.043120455832216
2048,25,uncertainty,4,2,household,0.21699999272823334,0.583101696167004,0.1317095955771594,0.212199999888738,first physical ID,0.37326566527352173
2048,25,uncertainty,4,12,regional,475.5360107421875,519.3248479148526,1433.6405710050576,377.22461523310767,observed support,533.2693913269796
2048,25,uncertainty,4,12,group,29.542999267578125,34.14999970921824,9.875335078266007,24.555389800321013,observed support,34.63436019421179
2048,25,uncertainty,4,12,household,0.08299999684095383,0.40084422413000664,0.16344242314764262,0.129911111212439,first physical ID,0.31000450920316164
2048,25,uncertainty,8,2,regional,526.1170654296875,512.0169451896344,231.191553482971,392.7289315632984,observed support,516.293990396496
2048,25,uncertainty,8,2,group,33.98800277709961,30.087385846017032,3.88162559610252,24.075646716623623,observed support,30.043120455832216
2048,25,uncertainty,8,2,household,0.21699999272823334,0.43875570797998015,0.12746293926072408,0.212199999888738,first physical ID,0.37326566527352173
2048,25,uncertainty,8,12,regional,475.5360107421875,519.2697621177588,1363.7435054937914,377.22461523310767,observed support,533.2693913269796
2048,25,uncertainty,8,12,group,29.542999267578125,33.82911889175867,9.554955433475872,24.555389800321013,observed support,34.63436019421179
2048,25,uncertainty,8,12,household,0.08299999684095383,0.37802898871722607,0.16262157384439893,0.129911111212439,first physical ID,0.31000450920316164
2048,26,fixed_coarse,0,2,regional,324.8089904785156,342.6249171686815,327.96645677310545,296.3258522488982,observed support,339.3804219119961
2048,26,fixed_coarse,0,2,group,18.979000091552734,21.939449246563566,4.319596862567043,18.729296282754127,observed support,22.04992787586929
2048,26,fixed_coarse,0,2,household,1.8329999446868896,1.1936246773181245,0.157059405130302,0.6229777794745234,first physical ID,1.8873923601946234
2048,26,fixed_coarse,0,12,regional,447.60699462890625,489.4714972099647,2102.775795566322,384.9546839240185,observed support,469.6135740596974
2048,26,fixed_coarse,0,12,group,25.025999069213867,31.253285352844124,12.876243228459035,24.277852580408325,observed support,30.12912885108318
2048,26,fixed_coarse,0,12,household,0.09300000220537186,0.29487172706148634,0.17047851558054805,0.17564444343249003,first physical ID,0.46142815831758827
2048,26,uniform_fine_stream,16,2,regional,324.8089904785156,339.3804219119961,217.02607443477598,296.3258522488982,observed support,339.3804219119961
2048,26,uniform_fine_stream,16,2,group,18.979000091552734,22.04992787586929,3.702258256940035,18.729296282754127,observed support,22.04992787586929
2048,26,uniform_fine_stream,16,2,household,1.8329999446868896,1.8873923601946234,0.08720589159800024,0.6229777794745234,first physical ID,1.8873923601946234
2048,26,uniform_fine_stream,16,12,regional,447.60699462890625,469.6135740596974,1298.6464919754835,384.9546839240185,observed support,469.6135740596974
2048,26,uniform_fine_stream,16,12,group,25.025999069213867,30.12912885108318,9.19813446689884,24.277852580408325,observed support,30.12912885108318
2048,26,uniform_fine_stream,16,12,household,0.09300000220537186,0.46142815831758827,0.160797397610885,0.17564444343249003,first physical ID,0.46142815831758827
2048,26,fixed,2,2,regional,324.8089904785156,351.17581644240954,260.60494073648016,296.3258522488982,observed support,339.3804219119961
2048,26,fixed,2,2,group,18.979000091552734,22.56065052743096,4.005992248111677,18.729296282754127,observed support,22.04992787586929
2048,26,fixed,2,2,household,1.8329999446868896,1.147217251762697,0.13546867888587708,0.6229777794745234,first physical ID,1.8873923601946234
2048,26,fixed,2,12,regional,447.60699462890625,494.5034296907139,1454.0768095200658,384.9546839240185,observed support,469.6135740596974
2048,26,fixed,2,12,group,25.025999069213867,31.829189798525796,9.960266148962592,24.277852580408325,observed support,30.12912885108318
2048,26,fixed,2,12,household,0.09300000220537186,0.38244469476390447,0.16414872976057393,0.17564444343249003,first physical ID,0.46142815831758827
2048,26,fixed,4,2,regional,324.8089904785156,347.62247050906194,245.2669164321224,296.3258522488982,observed support,339.3804219119961
2048,26,fixed,4,2,group,18.979000091552734,22.272287372058077,3.9380699049581978,18.729296282754127,observed support,22.04992787586929
2048,26,fixed,4,2,household,1.8329999446868896,1.172816781081307,0.13216251366469048,0.6229777794745234,first physical ID,1.8873923601946234
2048,26,fixed,4,12,regional,447.60699462890625,478.08267430043315,1386.5260618684658,384.9546839240185,observed support,469.6135740596974
2048,26,fixed,4,12,group,25.025999069213867,30.69482515712069,9.661549338434686,24.277852580408325,observed support,30.12912885108318
2048,26,fixed,4,12,household,0.09300000220537186,0.39860329460020016,0.1632373190164218,0.17564444343249003,first physical ID,0.46142815831758827
2048,26,fixed,8,2,regional,324.8089904785156,340.7884963972885,229.2707271769486,296.3258522488982,observed support,339.3804219119961
2048,26,fixed,8,2,group,18.979000091552734,22.200368043808922,3.749747526956309,18.729296282754127,observed support,22.04992787586929
2048,26,fixed,8,2,household,1.8329999446868896,1.8716450354364547,0.0878271546403461,0.6229777794745234,first physical ID,1.8873923601946234
2048,26,fixed,8,12,regional,447.60699462890625,479.08547635197493,1341.6296462709283,384.9546839240185,observed support,469.6135740596974
2048,26,fixed,8,12,group,25.025999069213867,30.749998333060336,9.37232541566183,24.277852580408325,observed support,30.12912885108318
2048,26,fixed,8,12,household,0.09300000220537186,0.4428973124998402,0.16140410896185883,0.17564444343249003,first physical ID,0.46142815831758827
2048,26,random,2,2,regional,324.8089904785156,347.0295857793392,265.83482173866605,296.3258522488982,observed support,339.3804219119961
2048,26,random,2,2,group,18.979000091552734,22.31174319416228,4.034222430166538,18.729296282754127,observed support,22.04992787586929
2048,26,random,2,2,household,1.8329999446868896,1.1961202409018872,0.13798961923224806,0.6229777794745234,first physical ID,1.8873923601946234
2048,26,random,2,12,regional,447.60699462890625,502.9923414425098,1542.8064935574653,384.9546839240185,observed support,469.6135740596974
2048,26,random,2,12,group,25.025999069213867,32.13698752524828,10.366778175088651,24.277852580408325,observed support,30.12912885108318
2048,26,random,2,12,household,0.09300000220537186,0.2571345304898886,0.164956429281264,0.17564444343249003,first physical ID,0.46142815831758827
2048,26,random,4,2,regional,324.8089904785156,341.6076749709557,244.91424024150993,296.3258522488982,observed support,339.3804219119961
2048,26,random,4,2,group,18.979000091552734,21.981189528077255,3.9430392113852264,18.729296282754127,observed support,22.04992787586929
2048,26,random,4,2,household,1.8329999446868896,1.2657317150593133,0.13140253872151114,0.6229777794745234,first physical ID,1.8873923601946234
2048,26,random,4,12,regional,447.60699462890625,484.31560814105836,1430.335037373853,384.9546839240185,observed support,469.6135740596974
2048,26,random,4,12,group,25.025999069213867,31.004021366099124,9.86674501211866,24.277852580408325,observed support,30.12912885108318
2048,26,random,4,12,household,0.09300000220537186,0.33417311413785966,0.16348563422554546,0.17564444343249003,first physical ID,0.46142815831758827
2048,26,random,8,2,regional,324.8089904785156,338.9854366322169,229.38734759941357,296.3258522488982,observed support,339.3804219119961
2048,26,random,8,2,group,18.979000091552734,22.084066400520896,3.748998431278828,18.729296282754127,observed support,22.04992787586929
2048,26,random,8,2,household,1.8329999446868896,1.9113579602885344,0.08790270474820691,0.6229777794745234,first physical ID,1.8873923601946234
2048,26,random,8,12,regional,447.60699462890625,477.87132784198207,1347.1042890576043,384.9546839240185,observed support,469.6135740596974
2048,26,random,8,12,group,25.025999069213867,30.65009295611886,9.39722417009245,24.277852580408325,observed support,30.12912885108318
2048,26,random,8,12,household,0.09300000220537186,0.4470429256267831,0.1614841671439412,0.17564444343249003,first physical ID,0.46142815831758827
2048,26,uncertainty,2,2,regional,324.8089904785156,338.8154025815338,266.36329082738126,296.3258522488982,observed support,339.3804219119961
2048,26,uncertainty,2,2,group,18.979000091552734,21.847783850737237,4.036055805908017,18.729296282754127,observed support,22.04992787586929
2048,26,uncertainty,2,2,household,1.8329999446868896,1.218789397182872,0.13924990689366343,0.6229777794745234,first physical ID,1.8873923601946234
2048,26,uncertainty,2,12,regional,447.60699462890625,484.40341767922564,1542.7695530630174,384.9546839240185,observed support,469.6135740596974
2048,26,uncertainty,2,12,group,25.025999069213867,31.054788632556118,10.389352566387998,24.277852580408325,observed support,30.12912885108318
2048,26,uncertainty,2,12,household,0.09300000220537186,0.3000139268957601,0.16486985570626078,0.17564444343249003,first physical ID,0.46142815831758827
2048,26,uncertainty,4,2,regional,324.8089904785156,337.4452528270874,245.22504574890942,296.3258522488982,observed support,339.3804219119961
2048,26,uncertainty,4,2,group,18.979000091552734,21.745515499717726,3.943690934685697,18.729296282754127,observed support,22.04992787586929
2048,26,uncertainty,4,2,household,1.8329999446868896,1.26626291781722,0.13171050542030388,0.6229777794745234,first physical ID,1.8873923601946234
2048,26,uncertainty,4,12,regional,447.60699462890625,482.2956359758998,1431.4886896986018,384.9546839240185,observed support,469.6135740596974
2048,26,uncertainty,4,12,group,25.025999069213867,30.935041701423653,9.876640164719024,24.277852580408325,observed support,30.12912885108318
2048,26,uncertainty,4,12,household,0.09300000220537186,0.32582143169114036,0.16344866195108018,0.17564444343249003,first physical ID,0.46142815831758827
2048,26,uncertainty,8,2,regional,324.8089904785156,334.1478435449184,230.91392562692772,296.3258522488982,observed support,339.3804219119961
2048,26,uncertainty,8,2,group,18.979000091552734,21.35042832432489,3.8817221668614224,18.729296282754127,observed support,22.04992787586929
2048,26,uncertainty,8,2,household,1.8329999446868896,1.2776580085802947,0.12746310638202057,0.6229777794745234,first physical ID,1.8873923601946234
2048,26,uncertainty,8,12,regional,447.60699462890625,465.1582220241446,1361.5169315031903,384.9546839240185,observed support,469.6135740596974
2048,26,uncertainty,8,12,group,25.025999069213867,29.66690501673609,9.555385102467731,24.277852580408325,observed support,30.12912885108318
2048,26,uncertainty,8,12,household,0.09300000220537186,0.32078126954445313,0.16262455906515585,0.17564444343249003,first physical ID,0.46142815831758827
2048,27,fixed_coarse,0,2,regional,276.0260009765625,287.7675116842926,328.375877696021,217.31877504785606,observed support,268.68746687892116
2048,27,fixed_coarse,0,2,group,18.282001495361328,19.51392378793569,4.320399243891588,14.482328238277827,observed support,18.045390936702386
2048,27,fixed_coarse,0,2,household,2.3610000610351562,1.504732500413767,0.15704154216172572,0.7720444454087152,first physical ID,1.838617511222669
2048,27,fixed_coarse,0,12,regional,473.68902587890625,487.3192016735163,2104.909871437103,401.1955605325047,observed support,468.9556760450807
2048,27,fixed_coarse,0,12,group,29.336000442504883,29.952912919096292,12.875835643069234,23.891023642330367,observed support,28.566475223574866
2048,27,fixed_coarse,0,12,household,0.4180000126361847,0.5706233061685573,0.17047648432185047,0.23975555524230002,first physical ID,0.5567032256880353
2048,27,uniform_fine_stream,16,2,regional,276.0260009765625,268.68746687892116,217.1815069636824,217.31877504785606,observed support,268.68746687892116
2048,27,uniform_fine_stream,16,2,group,18.282001495361328,18.045390936702386,3.702245425521715,14.482328238277827,observed support,18.045390936702386
2048,27,uniform_fine_stream,16,2,household,2.3610000610351562,1.838617511222669,0.08720566946075617,0.7720444454087152,first physical ID,1.838617511222669
2048,27,uniform_fine_stream,16,12,regional,473.68902587890625,468.9556760450807,1299.9183642457788,401.1955605325047,observed support,468.9556760450807
2048,27,uniform_fine_stream,16,12,group,29.336000442504883,28.566475223574866,9.198070558910679,23.891023642330367,observed support,28.566475223574866
2048,27,uniform_fine_stream,16,12,household,0.4180000126361847,0.5567032256880353,0.1607971218030263,0.23975555524230002,first physical ID,0.5567032256880353
2048,27,fixed,2,2,regional,276.0260009765625,273.04318966503297,261.8408139735241,217.31877504785606,observed support,268.68746687892116
2048,27,fixed,2,2,group,18.282001495361328,18.495092181996963,4.01033121204406,14.482328238277827,observed support,18.045390936702386
2048,27,fixed,2,2,household,2.3610000610351562,1.5918112255371217,0.13715907724186105,0.7720444454087152,first physical ID,1.838617511222669
2048,27,fixed,2,12,regional,473.68902587890625,449.5994434550809,1495.7240190237337,401.1955605325047,observed support,468.9556760450807
2048,27,fixed,2,12,group,29.336000442504883,27.370419618238415,10.14525020739146,23.891023642330367,observed support,28.566475223574866
2048,27,fixed,2,12,household,0.4180000126361847,0.5036256320028945,0.16422835708871225,0.23975555524230002,first physical ID,0.5567032256880353
2048,27,fixed,4,2,regional,276.0260009765625,270.1003441461826,246.10808072194487,217.31877504785606,observed support,268.68746687892116
2048,27,fixed,4,2,group,18.282001495361328,18.42491970464045,3.9423740239299256,14.482328238277827,observed support,18.045390936702386
2048,27,fixed,4,2,household,2.3610000610351562,1.7776486829607858,0.13176369512062305,0.7720444454087152,first physical ID,1.838617511222669
2048,27,fixed,4,12,regional,473.68902587890625,453.42386718168854,1411.2362673050352,401.1955605325047,observed support,468.9556760450807
2048,27,fixed,4,12,group,29.336000442504883,27.79751473339458,9.766330013853736,23.891023642330367,observed support,28.566475223574866
2048,27,fixed,4,12,household,0.4180000126361847,0.5783478025065895,0.16336920913871922,0.23975555524230002,first physical ID,0.5567032256880353
2048,27,fixed,8,2,regional,276.0260009765625,267.7558597848922,230.07136857046714,217.31877504785606,observed support,268.68746687892116
2048,27,fixed,8,2,group,18.282001495361328,17.988336107676332,3.7520487786478114,14.482328238277827,observed support,18.045390936702386
2048,27,fixed,8,2,household,2.3610000610351562,1.8059545904499636,0.0878607995201482,0.7720444454087152,first physical ID,1.838617511222669
2048,27,fixed,8,12,regional,473.68902587890625,462.07462505753307,1350.824019375319,401.1955605325047,observed support,468.9556760450807
2048,27,fixed,8,12,group,29.336000442504883,28.066726870950802,9.40420906256801,23.891023642330367,observed support,28.566475223574866
2048,27,fixed,8,12,household,0.4180000126361847,0.5166822842583321,0.16139663097996249,0.23975555524230002,first physical ID,0.5567032256880353
2048,27,random,2,2,regional,276.0260009765625,277.2088405730083,259.3793200052826,217.31877504785606,observed support,268.68746687892116
2048,27,random,2,2,group,18.282001495361328,19.11477574535468,4.006703843091856,14.482328238277827,observed support,18.045390936702386
2048,27,random,2,2,household,2.3610000610351562,1.884791641467939,0.1349014503379755,0.7720444454087152,first physical ID,1.838617511222669
2048,27,random,2,12,regional,473.68902587890625,484.50954039374045,1520.0246927597668,401.1955605325047,observed support,468.9556760450807
2048,27,random,2,12,group,29.336000442504883,30.000821591838402,10.26478868869298,23.891023642330367,observed support,28.566475223574866
2048,27,random,2,12,household,0.4180000126361847,0.583491496960122,0.16435624770538532,0.23975555524230002,first physical ID,0.5567032256880353
2048,27,random,4,2,regional,276.0260009765625,271.8927392858615,243.7776658933622,217.31877504785606,observed support,268.68746687892116
2048,27,random,4,2,group,18.282001495361328,18.73212281160445,3.9376258543915137,14.482328238277827,observed support,18.045390936702386
2048,27,random,4,2,household,2.3610000610351562,2.037293252506858,0.13023053936430257,0.7720444454087152,first physical ID,1.838617511222669
2048,27,random,4,12,regional,473.68902587890625,476.33177511578765,1418.2201576894295,401.1955605325047,observed support,468.9556760450807
2048,27,random,4,12,group,29.336000442504883,29.442872757048793,9.805533773647264,23.891023642330367,observed support,28.566475223574866
2048,27,random,4,12,household,0.4180000126361847,0.592888318245104,0.1632577500964053,0.23975555524230002,first physical ID,0.5567032256880353
2048,27,random,8,2,regional,276.0260009765625,271.5703742662718,230.35934285186653,217.31877504785606,observed support,268.68746687892116
2048,27,random,8,2,group,18.282001495361328,18.632593723351523,3.877438438777376,14.482328238277827,observed support,18.045390936702386
2048,27,random,8,2,household,2.3610000610351562,2.1011346787664884,0.12722011654671442,0.7720444454087152,first physical ID,1.838617511222669
2048,27,random,8,12,regional,473.68902587890625,477.30176953246786,1346.020825338293,401.1955605325047,observed support,468.9556760450807
2048,27,random,8,12,group,29.336000442504883,29.447435941570294,9.47738210245965,23.891023642330367,observed support,28.566475223574866
2048,27,random,8,12,household,0.4180000126361847,0.6437898634630101,0.1625538644739833,0.23975555524230002,first physical ID,0.5567032256880353
2048,27,uncertainty,2,2,regional,276.0260009765625,280.69190486825926,266.4598601680058,217.31877504785606,observed support,268.68746687892116
2048,27,uncertainty,2,2,group,18.282001495361328,19.131692374597314,4.035746137862665,14.482328238277827,observed support,18.045390936702386
2048,27,uncertainty,2,2,household,2.3610000610351562,1.9277649998866766,0.13924890079376853,0.7720444454087152,first physical ID,1.838617511222669
2048,27,uncertainty,2,12,regional,473.68902587890625,478.1707876798254,1543.9244634400502,401.1955605325047,observed support,468.9556760450807
2048,27,uncertainty,2,12,group,29.336000442504883,29.50030121372847,10.387710718798871,23.891023642330367,observed support,28.566475223574866
2048,27,uncertainty,2,12,household,0.4180000126361847,0.683401933259878,0.16486701736099618,0.23975555524230002,first physical ID,0.5567032256880353
2048,27,uncertainty,4,2,regional,276.0260009765625,276.9952267244555,245.35049581954246,217.31877504785606,observed support,268.68746687892116
2048,27,uncertainty,4,2,group,18.282001495361328,19.074591573632045,3.9435354504201667,14.482328238277827,observed support,18.045390936702386
2048,27,uncertainty,4,2,household,2.3610000610351562,2.090425090954681,0.1317104681803553,0.7720444454087152,first physical ID,1.838617511222669
2048,27,uncertainty,4,12,regional,473.68902587890625,488.0985822759265,1432.7540913359219,401.1955605325047,observed support,468.9556760450807
2048,27,uncertainty,4,12,group,29.336000442504883,30.260463434437565,9.875912749200555,23.891023642330367,observed support,28.566475223574866
2048,27,uncertainty,4,12,household,0.4180000126361847,0.6493234748156514,0.16344737674522003,0.23975555524230002,first physical ID,0.5567032256880353
2048,27,uncertainty,8,2,regional,276.0260009765625,274.55283607378396,231.05525232947383,217.31877504785606,observed support,268.68746687892116
2048,27,uncertainty,8,2,group,18.282001495361328,18.748755055269488,3.881653749582714,14.482328238277827,observed support,18.045390936702386
2048,27,uncertainty,8,2,household,2.3610000610351562,2.025446912749736,0.12746310593870394,0.7720444454087152,first physical ID,1.838617511222669
2048,27,uncertainty,8,12,regional,473.68902587890625,474.32533257232615,1362.807904941537,401.1955605325047,observed support,468.9556760450807
2048,27,uncertainty,8,12,group,29.336000442504883,29.118795660129567,9.555098056081054,23.891023642330367,observed support,28.566475223574866
2048,27,uncertainty,8,12,household,0.4180000126361847,0.6106879476289859,0.1626239914628148,0.23975555524230002,first physical ID,0.5567032256880353
2048,28,fixed_coarse,0,2,regional,540.614013671875,543.6329782001294,328.34858871985386,395.2782990566734,observed support,522.2568305544005
2048,28,fixed_coarse,0,2,group,32.07500076293945,32.11550339248359,4.320233348537641,23.527631915874522,observed support,30.73352940753234
2048,28,fixed_coarse,0,2,household,0.2409999966621399,0.4561831801918018,0.15703998622535967,0.13693333342671393,first physical ID,0.47964028829058764
2048,28,fixed_coarse,0,12,regional,241.43600463867188,348.33681067837716,2100.0521221376584,206.01812629356033,observed support,272.7372907740057
2048,28,fixed_coarse,0,12,group,16.4320011138916,22.258140925899447,12.873367042707134,13.213223990914832,observed support,17.565312965877656
2048,28,fixed_coarse,0,12,household,2.568000078201294,1.035570971755701,0.17047465154851046,0.6567777716451221,first physical ID,1.271396648222538
2048,28,uniform_fine_stream,16,2,regional,540.614013671875,522.2568305544005,217.18148540774857,395.2782990566734,observed support,522.2568305544005
2048,28,uniform_fine_stream,16,2,group,32.07500076293945,30.73352940753234,3.7022452915350827,23.527631915874522,observed support,30.73352940753234
2048,28,uniform_fine_stream,16,2,household,0.2409999966621399,0.47964028829058764,0.08720565966751387,0.13693333342671393,first physical ID,0.47964028829058764
2048,28,uniform_fine_stream,16,12,regional,241.43600463867188,272.7372907740057,1297.179599964482,206.01812629356033,observed support,272.7372907740057
2048,28,uniform_fine_stream,16,12,group,16.4320011138916,17.565312965877656,9.198067549485433,13.213223990914832,observed support,17.565312965877656
2048,28,uniform_fine_stream,16,12,household,2.568000078201294,1.271396648222538,0.1607971017568126,0.6567777716451221,first physical ID,1.271396648222538
2048,28,fixed,2,2,regional,540.614013671875,516.2244559247456,264.415693896215,395.2782990566734,observed support,522.2568305544005
2048,28,fixed,2,2,group,32.07500076293945,30.512701311561266,4.0190185137676435,23.527631915874522,observed support,30.73352940753234
2048,28,fixed,2,2,household,0.2409999966621399,0.5243824882038521,0.13838616071096085,0.13693333342671393,first physical ID,0.47964028829058764
2048,28,fixed,2,12,regional,241.43600463867188,260.8597059098714,1498.9326552379098,206.01812629356033,observed support,272.7372907740057
2048,28,fixed,2,12,group,16.4320011138916,17.14673580793662,10.174408076985518,13.213223990914832,observed support,17.565312965877656
2048,28,fixed,2,12,household,2.568000078201294,1.3148120444705493,0.16452842522326794,0.6567777716451221,first physical ID,1.271396648222538
2048,28,fixed,4,2,regional,540.614013671875,516.774376471864,247.70514198595305,395.2782990566734,observed support,522.2568305544005
2048,28,fixed,4,2,group,32.07500076293945,30.51944374691729,3.949437343249545,23.527631915874522,observed support,30.73352940753234
2048,28,fixed,4,2,household,0.2409999966621399,0.48901827326721553,0.132069052984169,0.13693333342671393,first physical ID,0.47964028829058764
2048,28,fixed,4,12,regional,241.43600463867188,269.94676325292374,1423.9712705061079,206.01812629356033,observed support,272.7372907740057
2048,28,fixed,4,12,group,16.4320011138916,17.57753112447294,9.83213970002954,13.213223990914832,observed support,17.565312965877656
2048,28,fixed,4,12,household,2.568000078201294,1.1982943594659363,0.16368924379392524,0.6567777716451221,first physical ID,1.271396648222538
2048,28,fixed,8,2,regional,540.614013671875,512.9578534126396,231.3396974260965,395.2782990566734,observed support,522.2568305544005
2048,28,fixed,8,2,group,32.07500076293945,30.181062245221558,3.756765262985165,23.527631915874522,observed support,30.73352940753234
2048,28,fixed,8,2,household,0.2409999966621399,0.43324294744312825,0.08794131011596792,0.13693333342671393,first physical ID,0.47964028829058764
2048,28,fixed,8,12,regional,241.43600463867188,258.91127182226745,1355.376074463394,206.01812629356033,observed support,272.7372907740057
2048,28,fixed,8,12,group,16.4320011138916,16.69089193270116,9.434364310542072,13.213223990914832,observed support,17.565312965877656
2048,28,fixed,8,12,household,2.568000078201294,1.1964522654697878,0.16148621584914935,0.6567777716451221,first physical ID,1.271396648222538
2048,28,random,2,2,regional,540.614013671875,529.2830699818219,256.0110342901224,395.2782990566734,observed support,522.2568305544005
2048,28,random,2,2,group,32.07500076293945,31.17090845438642,3.986606755066499,23.527631915874522,observed support,30.73352940753234
2048,28,random,2,2,household,0.2409999966621399,0.36504278099584364,0.1327300277947706,0.13693333342671393,first physical ID,0.47964028829058764
2048,28,random,2,12,regional,241.43600463867188,298.71231666195524,1483.378956977871,206.01812629356033,observed support,272.7372907740057
2048,28,random,2,12,group,16.4320011138916,18.968285915191473,10.12322399808316,13.213223990914832,observed support,17.565312965877656
2048,28,random,2,12,household,2.568000078201294,1.1175860183324278,0.16427476970284938,0.6567777716451221,first physical ID,1.271396648222538
2048,28,random,4,2,regional,540.614013671875,524.3655410230639,241.20880692052938,395.2782990566734,observed support,522.2568305544005
2048,28,random,4,2,group,32.07500076293945,30.81487980727386,3.794975604582694,23.527631915874522,observed support,30.73352940753234
2048,28,random,4,2,household,0.2409999966621399,0.43745633148362867,0.08848461488131903,0.13693333342671393,first physical ID,0.47964028829058764
2048,28,random,4,12,regional,241.43600463867188,283.4927667268105,1396.2632555352995,206.01812629356033,observed support,272.7372907740057
2048,28,random,4,12,group,16.4320011138916,18.136892102780916,9.609631357366485,13.213223990914832,observed support,17.565312965877656
2048,28,random,4,12,household,2.568000078201294,1.183252023206101,0.16199236773169612,0.6567777716451221,first physical ID,1.271396648222538
2048,28,random,8,2,regional,540.614013671875,514.567129443776,229.01155123398536,395.2782990566734,observed support,522.2568305544005
2048,28,random,8,2,group,32.07500076293945,30.333464574677127,3.74672943988386,23.527631915874522,observed support,30.73352940753234
2048,28,random,8,2,household,0.2409999966621399,0.5166770260135671,0.08779519078739266,0.13693333342671393,first physical ID,0.47964028829058764
2048,28,random,8,12,regional,241.43600463867188,259.63367812346667,1337.5560295474997,206.01812629356033,observed support,272.7372907740057
2048,28,random,8,12,group,16.4320011138916,16.781761570150383,9.36383026980982,13.213223990914832,observed support,17.565312965877656
2048,28,random,8,12,household,2.568000078201294,1.268474902930083,0.16132242336847713,0.6567777716451221,first physical ID,1.271396648222538
2048,28,uncertainty,2,2,regional,540.614013671875,520.486384009595,266.45770673324654,395.2782990566734,observed support,522.2568305544005
2048,28,uncertainty,2,2,group,32.07500076293945,30.713564895647288,4.0357365657845445,23.527631915874522,observed support,30.73352940753234
2048,28,uncertainty,2,2,household,0.2409999966621399,0.5441532635944353,0.13924848674980872,0.13693333342671393,first physical ID,0.47964028829058764
2048,28,uncertainty,2,12,regional,241.43600463867188,298.56487787485185,1540.615301786331,206.01812629356033,observed support,272.7372907740057
2048,28,uncertainty,2,12,group,16.4320011138916,19.251472768628204,10.387379057192321,13.213223990914832,observed support,17.565312965877656
2048,28,uncertainty,2,12,household,2.568000078201294,1.1490781229426748,0.16486576678564327,0.6567777716451221,first physical ID,1.271396648222538
2048,28,uncertainty,4,2,regional,540.614013671875,510.0030119862693,245.3499119394331,395.2782990566734,observed support,522.2568305544005
2048,28,uncertainty,4,2,group,32.07500076293945,30.299753730178523,3.9435310365849023,23.527631915874522,observed support,30.73352940753234
2048,28,uncertainty,4,2,household,0.2409999966621399,0.6228310861525439,0.13171042492914806,0.13693333342671393,first physical ID,0.47964028829058764
2048,28,uncertainty,4,12,regional,241.43600463867188,279.68619014954436,1429.7295750321102,206.01812629356033,observed support,272.7372907740057
2048,28,uncertainty,4,12,group,16.4320011138916,18.339351521645572,9.875825266292741,13.213223990914832,observed support,17.565312965877656
2048,28,uncertainty,4,12,household,2.568000078201294,1.240485396066021,0.16344712790048768,0.6567777716451221,first physical ID,1.271396648222538
2048,28,uncertainty,8,2,regional,540.614013671875,516.9718843058191,231.05517060664562,395.2782990566734,observed support,522.2568305544005
2048,28,uncertainty,8,2,group,32.07500076293945,30.57170793932241,3.8816527439687727,23.527631915874522,observed support,30.73352940753234
2048,28,uncertainty,8,2,household,0.2409999966621399,0.5712662893445679,0.12746310568822544,0.13693333342671393,first physical ID,0.47964028829058764
2048,28,uncertainty,8,12,regional,241.43600463867188,278.0762923454552,1359.9388271677076,206.01812629356033,observed support,272.7372907740057
2048,28,uncertainty,8,12,group,16.4320011138916,18.061372182133507,9.555080107208628,13.213223990914832,observed support,17.565312965877656
2048,28,uncertainty,8,12,household,2.568000078201294,1.2541491067170343,0.16262392380853297,0.6567777716451221,first physical ID,1.271396648222538
2048,29,fixed_coarse,0,2,regional,719.2030029296875,718.8139552473137,327.33796218410384,579.6343702433348,observed support,706.4525356716505
2048,29,fixed_coarse,0,2,group,46.27299880981445,45.687469175929245,4.3191068578601755,37.13723289478037,observed support,45.711790004901395
2048,29,fixed_coarse,0,2,household,0.3100000023841858,0.01649195603102449,0.1568038798829733,0.22555555370118882,first physical ID,0.3938626511374754
2048,29,fixed_coarse,0,12,regional,387.9129638671875,442.19335666141023,2095.3226181753553,299.2696275133701,observed support,392.67781814907704
2048,29,fixed_coarse,0,12,group,26.527002334594727,29.132706972755418,12.864641015879425,19.889318369789045,observed support,26.261433123764995
2048,29,fixed_coarse,0,12,household,2.196000099182129,1.8355266567758235,0.17047773625316054,1.7317111076580154,first physical ID,2.1242357420882887
2048,29,uniform_fine_stream,16,2,regional,719.2030029296875,706.4525356716505,216.54300701574246,579.6343702433348,observed support,706.4525356716505
2048,29,uniform_fine_stream,16,2,group,46.27299880981445,45.711790004901395,3.7022645858695844,37.13723289478037,observed support,45.711790004901395
2048,29,uniform_fine_stream,16,2,household,0.3100000023841858,0.3938626511374754,0.08720715261908896,0.22555555370118882,first physical ID,0.3938626511374754
2048,29,uniform_fine_stream,16,12,regional,387.9129638671875,392.67781814907704,1295.1164624974067,299.2696275133701,observed support,392.67781814907704
2048,29,uniform_fine_stream,16,12,group,26.527002334594727,26.261433123764995,9.198146095156885,19.889318369789045,observed support,26.261433123764995
2048,29,uniform_fine_stream,16,12,household,2.196000099182129,2.1242357420882887,0.16079758639232722,1.7317111076580154,first physical ID,2.1242357420882887
2048,29,fixed,2,2,regional,719.2030029296875,690.3205735325205,264.5548936318524,579.6343702433348,observed support,706.4525356716505
2048,29,fixed,2,2,group,46.27299880981445,43.94041978253835,4.027030143962939,37.13723289478037,observed support,45.711790004901395
2048,29,fixed,2,2,household,0.3100000023841858,0.49530317230498677,0.13624434328931595,0.22555555370118882,first physical ID,0.3938626511374754
2048,29,fixed,2,12,regional,387.9129638671875,379.65662045168034,1511.7292364399957,299.2696275133701,observed support,392.67781814907704
2048,29,fixed,2,12,group,26.527002334594727,25.52409635640803,10.24048320409426,19.889318369789045,observed support,26.261433123764995
2048,29,fixed,2,12,household,2.196000099182129,2.1668949329576495,0.16483979267921361,1.7317111076580154,first physical ID,2.1242357420882887
2048,29,fixed,4,2,regional,719.2030029296875,694.9713702386841,246.75632044869073,579.6343702433348,observed support,706.4525356716505
2048,29,fixed,4,2,group,46.27299880981445,45.026780796109215,3.8224710894092544,37.13723289478037,observed support,45.711790004901395
2048,29,fixed,4,2,household,0.3100000023841858,0.43821489770218164,0.08886610520800442,0.22555555370118882,first physical ID,0.3938626511374754
2048,29,fixed,4,12,regional,387.9129638671875,392.6938750144073,1422.0442922743125,299.2696275133701,observed support,392.67781814907704
2048,29,fixed,4,12,group,26.527002334594727,26.45485258095532,9.716639891700048,19.889318369789045,observed support,26.261433123764995
2048,29,fixed,4,12,household,2.196000099182129,2.1040257734880226,0.16247266305064614,1.7317111076580154,first physical ID,2.1242357420882887
2048,29,fixed,8,2,regional,719.2030029296875,702.358479766328,231.34739434495157,579.6343702433348,observed support,706.4525356716505
2048,29,fixed,8,2,group,46.27299880981445,45.543120959063124,3.759306264539463,37.13723289478037,observed support,45.711790004901395
2048,29,fixed,8,2,household,0.3100000023841858,0.37777844355284246,0.08793298525606633,0.22555555370118882,first physical ID,0.3938626511374754
2048,29,fixed,8,12,regional,387.9129638671875,415.41892093987633,1357.4527377917348,299.2696275133701,observed support,392.67781814907704
2048,29,fixed,8,12,group,26.527002334594727,27.809344663208805,9.45281732220774,19.889318369789045,observed support,26.261433123764995
2048,29,fixed,8,12,household,2.196000099182129,2.0080989561169846,0.161457949485733,1.7317111076580154,first physical ID,2.1242357420882887
2048,29,random,2,2,regional,719.2030029296875,712.3674732308875,263.6325767644156,579.6343702433348,observed support,706.4525356716505
2048,29,random,2,2,group,46.27299880981445,45.176345767446314,4.019988575936579,37.13723289478037,observed support,45.711790004901395
2048,29,random,2,2,household,0.3100000023841858,0.10150838826324085,0.13636018407202924,0.22555555370118882,first physical ID,0.3938626511374754
2048,29,random,2,12,regional,387.9129638671875,406.9951920462286,1473.4266288497272,299.2696275133701,observed support,392.67781814907704
2048,29,random,2,12,group,26.527002334594727,26.77342264149781,10.067819558512648,19.889318369789045,observed support,26.261433123764995
2048,29,random,2,12,household,2.196000099182129,1.9252218729047184,0.16466643793144076,1.7317111076580154,first physical ID,2.1242357420882887
2048,29,random,4,2,regional,719.2030029296875,701.28816925401,243.40279362351538,579.6343702433348,observed support,706.4525356716505
2048,29,random,4,2,group,46.27299880981445,44.453286656860506,3.9338181861138413,37.13723289478037,observed support,45.711790004901395
2048,29,random,4,2,household,0.3100000023841858,0.32080174910308723,0.12944579039920895,0.22555555370118882,first physical ID,0.3938626511374754
2048,29,random,4,12,regional,387.9129638671875,392.9924647345738,1386.4908742781606,299.2696275133701,observed support,392.67781814907704
2048,29,random,4,12,group,26.527002334594727,25.99158862387374,9.684332058298068,19.889318369789045,observed support,26.261433123764995
2048,29,random,4,12,household,2.196000099182129,2.054881931044539,0.16347329515174797,1.7317111076580154,first physical ID,2.1242357420882887
2048,29,random,8,2,regional,719.2030029296875,709.1889656148246,228.01328212730186,579.6343702433348,observed support,706.4525356716505
2048,29,random,8,2,group,46.27299880981445,45.90667780352045,3.747954822882649,37.13723289478037,observed support,45.711790004901395
2048,29,random,8,2,household,0.3100000023841858,0.3756909148051762,0.0877534858799175,0.22555555370118882,first physical ID,0.3938626511374754
2048,29,random,8,12,regional,387.9129638671875,382.7893154009338,1328.554419717415,299.2696275133701,observed support,392.67781814907704
2048,29,random,8,12,group,26.527002334594727,25.67425496398294,9.337243389029066,19.889318369789045,observed support,26.261433123764995
2048,29,random,8,12,household,2.196000099182129,2.2012861598819526,0.16132093452060536,1.7317111076580154,first physical ID,2.1242357420882887
2048,29,uncertainty,2,2,regional,719.2030029296875,714.6145658792623,265.8004896743675,579.6343702433348,observed support,706.4525356716505
2048,29,uncertainty,2,2,group,46.27299880981445,45.408472465006646,4.036026270626389,37.13723289478037,observed support,45.711790004901395
2048,29,uncertainty,2,2,household,0.3100000023841858,0.0808559332037716,0.13939466106813767,0.22555555370118882,first physical ID,0.3938626511374754
2048,29,uncertainty,2,12,regional,387.9129638671875,404.19390405680355,1538.2753952200924,299.2696275133701,observed support,392.67781814907704
2048,29,uncertainty,2,12,group,26.527002334594727,26.710819512697796,10.387763958129927,19.889318369789045,observed support,26.261433123764995
2048,29,uncertainty,2,12,household,2.196000099182129,1.970128860832744,0.16487089604610475,1.7317111076580154,first physical ID,2.1242357420882887
2048,29,uncertainty,4,2,regional,719.2030029296875,698.313894608517,244.67584413423322,579.6343702433348,observed support,706.4525356716505
2048,29,uncertainty,4,2,group,46.27299880981445,44.44893836045219,3.943605350474315,37.13723289478037,observed support,45.711790004901395
2048,29,uncertainty,4,2,household,0.3100000023841858,0.31172915559753733,0.13176045009388823,0.22555555370118882,first physical ID,0.3938626511374754
2048,29,uncertainty,4,12,regional,387.9129638671875,385.81530956499756,1427.4575617251057,299.2696275133701,observed support,392.67781814907704
2048,29,uncertainty,4,12,group,26.527002334594727,25.721697117614173,9.875836380388808,19.889318369789045,observed support,26.261433123764995
2048,29,uncertainty,4,12,household,2.196000099182129,2.0289689655465826,0.16344964525526928,1.7317111076580154,first physical ID,2.1242357420882887
2048,29,uncertainty,8,2,regional,719.2030029296875,703.2466760657489,230.39339095374368,579.6343702433348,observed support,706.4525356716505
2048,29,uncertainty,8,2,group,46.27299880981445,44.63306335514596,3.8816894722429005,37.13723289478037,observed support,45.711790004901395
2048,29,uncertainty,8,2,household,0.3100000023841858,0.3415067813387268,0.1274800598655776,0.22555555370118882,first physical ID,0.3938626511374754
2048,29,uncertainty,8,12,regional,387.9129638671875,405.00238814254146,1357.8117381161435,299.2696275133701,observed support,392.67781814907704
2048,29,uncertainty,8,12,group,26.527002334594727,26.761073393340148,9.555313707446752,19.889318369789045,observed support,26.261433123764995
2048,29,uncertainty,8,12,household,2.196000099182129,2.018862140506328,0.16262546238888526,1.7317111076580154,first physical ID,2.1242357420882887
2048,30,fixed_coarse,0,2,regional,526.9539794921875,567.1456016616246,327.55848270085323,459.8493276248282,observed support,570.5825315317896
2048,30,fixed_coarse,0,2,group,29.15599822998047,36.91272955307796,4.320013321869785,27.670757468317813,observed support,36.8663861307423
2048,30,fixed_coarse,0,2,household,0.16699999570846558,0.44191496060694535,0.15702560443809427,0.12777777736385662,first physical ID,0.30810754014920855
2048,30,fixed_coarse,0,12,regional,658.8880004882812,625.6931757145035,2099.8711616747887,541.7496834424633,observed support,607.6816986767187
2048,30,fixed_coarse,0,12,group,41.39399719238281,40.482417978069684,12.877205609228593,34.42053256218985,observed support,39.146476050898485
2048,30,fixed_coarse,0,12,household,0.2329999953508377,0.5339452793900162,0.17047954794693862,0.20339999952250057,first physical ID,0.5570645855263937
2048,30,uniform_fine_stream,16,2,regional,526.9539794921875,570.5825315317896,216.65516072105464,459.8493276248282,observed support,570.5825315317896
2048,30,uniform_fine_stream,16,2,group,29.15599822998047,36.8663861307423,3.7022558757253483,27.670757468317813,observed support,36.8663861307423
2048,30,uniform_fine_stream,16,2,household,0.16699999570846558,0.30810754014920855,0.08720608871270676,0.12777777736385662,first physical ID,0.30810754014920855
2048,30,uniform_fine_stream,16,12,regional,658.8880004882812,607.6816986767187,1296.560061980688,541.7496834424633,observed support,607.6816986767187
2048,30,uniform_fine_stream,16,12,group,41.39399719238281,39.146476050898485,9.19808993259753,34.42053256218985,observed support,39.146476050898485
2048,30,uniform_fine_stream,16,12,household,0.2329999953508377,0.5570645855263937,0.16079748218506595,0.20339999952250057,first physical ID,0.5570645855263937
2048,30,fixed,2,2,regional,526.9539794921875,591.5028645486863,266.90289966224935,459.8493276248282,observed support,570.5825315317896
2048,30,fixed,2,2,group,29.15599822998047,38.36367393802305,4.038195880154801,27.670757468317813,observed support,36.8663861307423
2048,30,fixed,2,2,household,0.16699999570846558,0.23037029697740613,0.13600508776891526,0.12777777736385662,first physical ID,0.30810754014920855
2048,30,fixed,2,12,regional,658.8880004882812,651.5408021634071,1552.0811583109721,541.7496834424633,observed support,607.6816986767187
2048,30,fixed,2,12,group,41.39399719238281,42.090284386189474,10.39556634736071,34.42053256218985,observed support,39.146476050898485
2048,30,fixed,2,12,household,0.2329999953508377,0.4283545740911975,0.16522536826815892,0.20339999952250057,first physical ID,0.5570645855263937
2048,30,fixed,4,2,regional,526.9539794921875,581.4562574059163,245.59691505508775,459.8493276248282,observed support,570.5825315317896
2048,30,fixed,4,2,group,29.15599822998047,37.545842832001235,3.8140523694290307,27.670757468317813,observed support,36.8663861307423
2048,30,fixed,4,2,household,0.16699999570846558,0.21087890758366176,0.0888060682794405,0.12777777736385662,first physical ID,0.30810754014920855
2048,30,fixed,4,12,regional,658.8880004882812,643.8872097910233,1444.0420196340187,541.7496834424633,observed support,607.6816986767187
2048,30,fixed,4,12,group,41.39399719238281,41.154328637107525,9.799173433725105,34.42053256218985,observed support,39.146476050898485
2048,30,fixed,4,12,household,0.2329999953508377,0.37726659815866764,0.16239698654612164,0.20339999952250057,first physical ID,0.5570645855263937
2048,30,fixed,8,2,regional,526.9539794921875,574.4754596577045,230.9050376694208,459.8493276248282,observed support,570.5825315317896
2048,30,fixed,8,2,group,29.15599822998047,37.31493098099068,3.7574527733247685,27.670757468317813,observed support,36.8663861307423
2048,30,fixed,8,2,household,0.16699999570846558,0.26853594742558234,0.0878980739600892,0.12777777736385662,first physical ID,0.30810754014920855
2048,30,fixed,8,12,regional,658.8880004882812,632.1913208999065,1361.079041204959,541.7496834424633,observed support,607.6816986767187
2048,30,fixed,8,12,group,41.39399719238281,40.579883458380635,9.4628072056369,34.42053256218985,observed support,39.146476050898485
2048,30,fixed,8,12,household,0.2329999953508377,0.42583684840670033,0.16143550583837513,0.20339999952250057,first physical ID,0.5570645855263937
2048,30,random,2,2,regional,526.9539794921875,575.2471423749357,268.3562726167679,459.8493276248282,observed support,570.5825315317896
2048,30,random,2,2,group,29.15599822998047,37.40634944272202,4.04153699823935,27.670757468317813,observed support,36.8663861307423
2048,30,random,2,2,household,0.16699999570846558,0.1794759754831784,0.13794157686250122,0.12777777736385662,first physical ID,0.30810754014920855
2048,30,random,2,12,regional,658.8880004882812,642.5701483102487,1548.0744908532145,541.7496834424633,observed support,607.6816986767187
2048,30,random,2,12,group,41.39399719238281,41.51097920420026,10.401635680084965,34.42053256218985,observed support,39.146476050898485
2048,30,random,2,12,household,0.2329999953508377,0.4502819931650297,0.16457312531464224,0.20339999952250057,first physical ID,0.5570645855263937
2048,30,random,4,2,regional,526.9539794921875,582.496896555002,251.04878805818777,459.8493276248282,observed support,570.5825315317896
2048,30,random,4,2,group,29.15599822998047,37.97875073321254,3.965231220485358,27.670757468317813,observed support,36.8663861307423
2048,30,random,4,2,household,0.16699999570846558,0.21982221210430808,0.13234272515919518,0.12777777736385662,first physical ID,0.30810754014920855
2048,30,random,4,12,regional,658.8880004882812,655.5634180332338,1444.107869125215,541.7496834424633,observed support,607.6816986767187
2048,30,random,4,12,group,41.39399719238281,42.55726339430404,9.926996167869937,34.42053256218985,observed support,39.146476050898485
2048,30,random,4,12,household,0.2329999953508377,0.4279463288342848,0.16361556740188393,0.20339999952250057,first physical ID,0.5570645855263937
2048,30,random,8,2,regional,526.9539794921875,575.7071805150357,231.71294561558034,459.8493276248282,observed support,570.5825315317896
2048,30,random,8,2,group,29.15599822998047,37.149444256235014,3.7607775738292384,27.670757468317813,observed support,36.8663861307423
2048,30,random,8,2,household,0.16699999570846558,0.2682544385899125,0.08792181242631593,0.12777777736385662,first physical ID,0.30810754014920855
2048,30,random,8,12,regional,658.8880004882812,628.199859538609,1352.4193269692698,541.7496834424633,observed support,607.6816986767187
2048,30,random,8,12,group,41.39399719238281,40.3183947809946,9.423585507644495,34.42053256218985,observed support,39.146476050898485
2048,30,random,8,12,household,0.2329999953508377,0.46705062303318445,0.16143211316089598,0.20339999952250057,first physical ID,0.5570645855263937
2048,30,uncertainty,2,2,regional,526.9539794921875,579.8456530008159,265.7755166685575,459.8493276248282,observed support,570.5825315317896
2048,30,uncertainty,2,2,group,29.15599822998047,37.7955672616527,4.035592937469429,27.670757468317813,observed support,36.8663861307423
2048,30,uncertainty,2,2,household,0.16699999570846558,0.3391491993983625,0.13924562506736127,0.12777777736385662,first physical ID,0.30810754014920855
2048,30,uncertainty,2,12,regional,658.8880004882812,633.0997068393774,1539.8865037867217,541.7496834424633,observed support,607.6816986767187
2048,30,uncertainty,2,12,group,41.39399719238281,41.183690084866534,10.387682279556214,34.42053256218985,observed support,39.146476050898485
2048,30,uncertainty,2,12,household,0.2329999953508377,0.6578150927919973,0.16486715481160946,0.20339999952250057,first physical ID,0.5570645855263937
2048,30,uncertainty,4,2,regional,526.9539794921875,564.1899837658633,244.73873011314708,459.8493276248282,observed support,570.5825315317896
2048,30,uncertainty,4,2,group,29.15599822998047,37.05191901808463,3.943446184139633,27.670757468317813,observed support,36.8663861307423
2048,30,uncertainty,4,2,household,0.16699999570846558,0.682005999559153,0.13170948917894523,0.12777777736385662,first physical ID,0.30810754014920855
2048,30,uncertainty,4,12,regional,658.8880004882812,614.3864147217106,1429.0334894741986,541.7496834424633,observed support,607.6816986767187
2048,30,uncertainty,4,12,group,41.39399719238281,40.30935876014127,9.87588176317454,34.42053256218985,observed support,39.146476050898485
2048,30,uncertainty,4,12,household,0.2329999953508377,0.6827618868864579,0.16344797250240742,0.20339999952250057,first physical ID,0.5570645855263937
2048,30,uncertainty,8,2,regional,526.9539794921875,570.9113742013774,230.48677851065906,459.8493276248282,observed support,570.5825315317896
2048,30,uncertainty,8,2,group,29.15599822998047,37.183974957773785,3.8816144855577823,27.670757468317813,observed support,36.8663861307423
2048,30,uncertainty,8,2,household,0.16699999570846558,0.4032938711313631,0.12746293163382735,0.12777777736385662,first physical ID,0.30810754014920855
2048,30,uncertainty,8,12,regional,658.8880004882812,604.3631992244466,1359.276254365364,541.7496834424633,observed support,607.6816986767187
2048,30,uncertainty,8,12,group,41.39399719238281,39.361622198733464,9.555090346533891,34.42053256218985,observed support,39.146476050898485
2048,30,uncertainty,8,12,household,0.2329999953508377,0.6282416162148972,0.16262443887462413,0.20339999952250057,first physical ID,0.5570645855263937
2048,31,fixed_coarse,0,2,regional,600.3179931640625,584.7346560672202,326.9944938740364,490.60475975552856,observed support,572.8930573295747
2048,31,fixed_coarse,0,2,group,36.95500183105469,35.63715266296859,4.319897377880689,29.18356986476041,observed support,34.732768686118845
2048,31,fixed_coarse,0,2,household,0.04899999871850014,0.36503674570932926,0.15705081769875323,0.3002325580563656,first physical ID,0.2589238205499918
2048,31,fixed_coarse,0,12,regional,667.7340087890625,698.0832273726066,2096.9926526397485,604.5520453975331,observed support,674.7057975851328
2048,31,fixed_coarse,0,12,group,50.65800094604492,43.920492427061404,12.875890409632447,37.82273715257325,observed support,42.92049129444206
2048,31,fixed_coarse,0,12,household,0.05299999937415123,0.4158108937401319,0.17047382779391929,0.20165116166652636,first physical ID,0.41975669393044485
2048,31,uniform_fine_stream,16,2,regional,600.3179931640625,572.8930573295747,216.32542493610126,490.60475975552856,observed support,572.8930573295747
2048,31,uniform_fine_stream,16,2,group,36.95500183105469,34.732768686118845,3.7023354440633813,29.18356986476041,observed support,34.732768686118845
2048,31,uniform_fine_stream,16,2,household,0.04899999871850014,0.2589238205499918,0.08720657480874036,0.3002325580563656,first physical ID,0.2589238205499918
2048,31,uniform_fine_stream,16,12,regional,667.7340087890625,674.7057975851328,1294.9022588583496,604.5520453975331,observed support,674.7057975851328
2048,31,uniform_fine_stream,16,12,group,50.65800094604492,42.92049129444206,9.19809406256298,37.82273715257325,observed support,42.92049129444206
2048,31,uniform_fine_stream,16,12,household,0.05299999937415123,0.41975669393044485,0.16079756854942043,0.20165116166652636,first physical ID,0.41975669393044485
2048,31,fixed,2,2,regional,600.3179931640625,598.8489787630558,263.78509908052666,490.60475975552856,observed support,572.8930573295747
2048,31,fixed,2,2,group,36.95500183105469,36.02718935833854,3.890344007947448,29.18356986476041,observed support,34.732768686118845
2048,31,fixed,2,2,household,0.04899999871850014,0.14698882492536036,0.08993552255808601,0.3002325580563656,first physical ID,0.2589238205499918
2048,31,fixed,2,12,regional,667.7340087890625,725.0774204316759,1527.7947556633567,604.5520453975331,observed support,674.7057975851328
2048,31,fixed,2,12,group,50.65800094604492,45.68682196281995,10.145399452488007,37.82273715257325,observed support,42.92049129444206
2048,31,fixed,2,12,household,0.05299999937415123,0.3762755484616503,0.16364975118829483,0.20165116166652636,first physical ID,0.41975669393044485
2048,31,fixed,4,2,regional,600.3179931640625,592.3532364971327,244.6647425895954,490.60475975552856,observed support,572.8930573295747
2048,31,fixed,4,2,group,36.95500183105469,35.877510789637384,3.8128518591330645,29.18356986476041,observed support,34.732768686118845
2048,31,fixed,4,2,household,0.04899999871850014,0.1639872567576191,0.08877288831864555,0.3002325580563656,first physical ID,0.2589238205499918
2048,31,fixed,4,12,regional,667.7340087890625,712.6244275441162,1432.3090167018454,604.5520453975331,observed support,674.7057975851328
2048,31,fixed,4,12,group,50.65800094604492,45.08827030542224,9.759629176088513,37.82273715257325,observed support,42.92049129444206
2048,31,fixed,4,12,household,0.05299999937415123,0.3358408161108637,0.1623226879650233,0.20165116166652636,first physical ID,0.41975669393044485
2048,31,fixed,8,2,regional,600.3179931640625,594.913173267649,230.3304835951113,490.60475975552856,observed support,572.8930573295747
2048,31,fixed,8,2,group,36.95500183105469,36.14041346245746,3.7575768809610235,29.18356986476041,observed support,34.732768686118845
2048,31,fixed,8,2,household,0.04899999871850014,0.14947925546462848,0.08791564763226228,0.3002325580563656,first physical ID,0.2589238205499918
2048,31,fixed,8,12,regional,667.7340087890625,691.9624272203705,1357.000948044027,604.5520453975331,observed support,674.7057975851328
2048,31,fixed,8,12,group,50.65800094604492,43.96024132500574,9.455280659005505,37.82273715257325,observed support,42.92049129444206
2048,31,fixed,8,12,household,0.05299999937415123,0.43277783293880956,0.16142175166555453,0.20165116166652636,first physical ID,0.41975669393044485
2048,31,random,2,2,regional,600.3179931640625,572.5990669944649,259.97908022795315,490.60475975552856,observed support,572.8930573295747
2048,31,random,2,2,group,36.95500183105469,34.92185189771424,4.015195454120383,29.18356986476041,observed support,34.732768686118845
2048,31,random,2,2,household,0.04899999871850014,0.3416550115397539,0.13521996297565972,0.3002325580563656,first physical ID,0.2589238205499918
2048,31,random,2,12,regional,667.7340087890625,658.9698937360339,1551.317417060382,604.5520453975331,observed support,674.7057975851328
2048,31,random,2,12,group,50.65800094604492,41.549979809572925,10.442969099543806,37.82273715257325,observed support,42.92049129444206
2048,31,random,2,12,household,0.05299999937415123,0.4302562773975511,0.164507166694083,0.20165116166652636,first physical ID,0.41975669393044485
2048,31,random,4,2,regional,600.3179931640625,574.4473839295313,244.05907180458524,490.60475975552856,observed support,572.8930573295747
2048,31,random,4,2,group,36.95500183105469,34.78843580133714,3.8098365572538437,29.18356986476041,observed support,34.732768686118845
2048,31,random,4,2,household,0.04899999871850014,0.21405814832327943,0.08877124666424419,0.3002325580563656,first physical ID,0.2589238205499918
2048,31,random,4,12,regional,667.7340087890625,676.5691205777084,1432.4809736186812,604.5520453975331,observed support,674.7057975851328
2048,31,random,4,12,group,50.65800094604492,42.970893693525475,9.765380554924931,37.82273715257325,observed support,42.92049129444206
2048,31,random,4,12,household,0.05299999937415123,0.4238728821209201,0.16226551163716646,0.20165116166652636,first physical ID,0.41975669393044485
2048,31,random,8,2,regional,600.3179931640625,567.2423390349059,229.87247083071836,490.60475975552856,observed support,572.8930573295747
2048,31,random,8,2,group,36.95500183105469,34.27825456724747,3.7544742114003826,29.18356986476041,observed support,34.732768686118845
2048,31,random,8,2,household,0.04899999871850014,0.24766450969897663,0.08795046931507933,0.3002325580563656,first physical ID,0.2589238205499918
2048,31,random,8,12,regional,667.7340087890625,670.8441995450775,1354.1321609139434,604.5520453975331,observed support,674.7057975851328
2048,31,random,8,12,group,50.65800094604492,42.538105930486736,9.439970722236328,37.82273715257325,observed support,42.92049129444206
2048,31,random,8,12,household,0.05299999937415123,0.3968318650495667,0.1615114413047635,0.20165116166652636,first physical ID,0.41975669393044485
2048,31,uncertainty,2,2,regional,600.3179931640625,576.4106013124908,265.35871487573826,490.60475975552856,observed support,572.8930573295747
2048,31,uncertainty,2,2,group,36.95500183105469,35.18712091173727,4.035697820012613,29.18356986476041,observed support,34.732768686118845
2048,31,uncertainty,2,2,household,0.04899999871850014,0.2567952730266123,0.13925160002704268,0.3002325580563656,first physical ID,0.2589238205499918
2048,31,uncertainty,2,12,regional,667.7340087890625,672.5492447711805,1537.9206085613619,604.5520453975331,observed support,674.7057975851328
2048,31,uncertainty,2,12,group,50.65800094604492,42.48878266505388,10.387602174993049,37.82273715257325,observed support,42.92049129444206
2048,31,uncertainty,2,12,household,0.05299999937415123,0.4197328588573199,0.16486646692920745,0.20165116166652636,first physical ID,0.41975669393044485
2048,31,uncertainty,4,2,regional,600.3179931640625,568.9915498947203,244.36524869634388,490.60475975552856,observed support,572.8930573295747
2048,31,uncertainty,4,2,group,36.95500183105469,35.01587348969814,3.943550185899957,29.18356986476041,observed support,34.732768686118845
2048,31,uncertainty,4,2,household,0.04899999871850014,0.4511266933104152,0.1317114135365175,0.3002325580563656,first physical ID,0.2589238205499918
2048,31,uncertainty,4,12,regional,667.7340087890625,672.9486103680954,1427.2326523053532,604.5520453975331,observed support,674.7057975851328
2048,31,uncertainty,4,12,group,50.65800094604492,42.90776288057022,9.875895545163972,37.82273715257325,observed support,42.92049129444206
2048,31,uncertainty,4,12,household,0.05299999937415123,0.44778525535650743,0.1634476512335491,0.20165116166652636,first physical ID,0.41975669393044485
2048,31,uncertainty,8,2,regional,600.3179931640625,578.298691646676,230.1325707181499,490.60475975552856,observed support,572.8930573295747
2048,31,uncertainty,8,2,group,36.95500183105469,35.597575414845096,3.8816881375744705,29.18356986476041,observed support,34.732768686118845
2048,31,uncertainty,8,2,household,0.04899999871850014,0.42461019258256877,0.12746355603586293,0.3002325580563656,first physical ID,0.2589238205499918
2048,31,uncertainty,8,12,regional,667.7340087890625,675.5880729671092,1357.553527487123,604.5520453975331,observed support,674.7057975851328
2048,31,uncertainty,8,12,group,50.65800094604492,43.0449478174403,9.555101738999706,37.82273715257325,observed support,42.92049129444206
2048,31,uncertainty,8,12,household,0.05299999937415123,0.47497071022236803,0.16262457478098433,0.20165116166652636,first physical ID,0.41975669393044485
4194,0,fixed_coarse,0,2,regional,996.052001953125,983.7893757315186,1294.9461484354238,840.5319038284013,observed support,993.258701038279
4194,0,fixed_coarse,0,2,group,65.07099914550781,66.74953315497277,12.054072219586374,55.4548886800162,observed support,67.44376092969206
4194,0,fixed_coarse,0,2,household,0.15299999713897705,0.34785453177984543,0.15402105128768498,0.2190652167343575,first physical ID,0.16886105930948364
4194,0,fixed_coarse,0,12,regional,1462.7010498046875,1395.5204697430463,8766.794239698404,1235.8681654179788,observed support,1462.7870260332973
4194,0,fixed_coarse,0,12,group,102.17799377441406,91.24656908525228,46.98466652826586,80.29302786546299,observed support,96.58548044566946
4194,0,fixed_coarse,0,12,household,0.44600000977516174,0.3619619492965651,0.1695380965229935,0.23426086909097174,first physical ID,0.2339298249405692
4194,0,uniform_fine_stream,16,2,regional,996.052001953125,993.258701038279,869.530466376151,840.5319038284013,observed support,993.258701038279
4194,0,uniform_fine_stream,16,2,group,65.07099914550781,67.44376092969206,10.071311817676962,55.4548886800162,observed support,67.44376092969206
4194,0,uniform_fine_stream,16,2,household,0.15299999713897705,0.16886105930948364,0.08670542775475096,0.2190652167343575,first physical ID,0.16886105930948364
4194,0,uniform_fine_stream,16,12,regional,1462.7010498046875,1462.7870260332973,5616.41154586165,1235.8681654179788,observed support,1462.7870260332973
4194,0,uniform_fine_stream,16,12,group,102.17799377441406,96.58548044566946,32.67800442479458,80.29302786546299,observed support,96.58548044566946
4194,0,uniform_fine_stream,16,12,household,0.44600000977516174,0.2339298249405692,0.1603298964561417,0.23426086909097174,first physical ID,0.2339298249405692
4194,0,fixed,2,2,regional,996.052001953125,985.3123457721246,989.7044544860382,840.5319038284013,observed support,993.258701038279
4194,0,fixed,2,2,group,65.07099914550781,67.20540813915889,10.517618033030361,55.4548886800162,observed support,67.44376092969206
4194,0,fixed,2,2,household,0.15299999713897705,0.22079621974795316,0.08840406663770373,0.2190652167343575,first physical ID,0.16886105930948364
4194,0,fixed,2,12,regional,1462.7010498046875,1456.7358563393295,6253.420279463136,1235.8681654179788,observed support,1462.7870260332973
4194,0,fixed,2,12,group,102.17799377441406,96.25361249123672,35.36168214624106,80.29302786546299,observed support,96.58548044566946
4194,0,fixed,2,12,household,0.44600000977516174,0.3004964982939531,0.1619143240201661,0.23426086909097174,first physical ID,0.2339298249405692
4194,0,fixed,4,2,regional,996.052001953125,981.995777003732,944.4022048540633,840.5319038284013,observed support,993.258701038279
4194,0,fixed,4,2,group,65.07099914550781,67.02929363995224,10.353159798823873,55.4548886800162,observed support,67.44376092969206
4194,0,fixed,4,2,household,0.15299999713897705,0.20371669498016592,0.08770275718704157,0.2190652167343575,first physical ID,0.16886105930948364
4194,0,fixed,4,12,regional,1462.7010498046875,1438.175544165344,5953.536628769661,1235.8681654179788,observed support,1462.7870260332973
4194,0,fixed,4,12,group,102.17799377441406,94.88293605845205,34.10021724569898,80.29302786546299,observed support,96.58548044566946
4194,0,fixed,4,12,household,0.44600000977516174,0.2981394245924857,0.1612517398291552,0.23426086909097174,first physical ID,0.2339298249405692
4194,0,fixed,8,2,regional,996.052001953125,987.4170563280687,901.4190660953659,840.5319038284013,observed support,993.258701038279
4194,0,fixed,8,2,group,65.07099914550781,67.09535799584262,10.185255177786587,55.4548886800162,observed support,67.44376092969206
4194,0,fixed,8,2,household,0.15299999713897705,0.18900390314110696,0.08708679514751941,0.2190652167343575,first physical ID,0.16886105930948364
4194,0,fixed,8,12,regional,1462.7010498046875,1446.4625950079417,5741.92779901826,1235.8681654179788,observed support,1462.7870260332973
4194,0,fixed,8,12,group,102.17799377441406,95.29189696175233,33.203829353609564,80.29302786546299,observed support,96.58548044566946
4194,0,fixed,8,12,household,0.44600000977516174,0.20114750782644375,0.16067834089602445,0.23426086909097174,first physical ID,0.2339298249405692
4194,0,random,2,2,regional,996.052001953125,997.7730820095982,996.864681186072,840.5319038284013,observed support,993.258701038279
4194,0,random,2,2,group,65.07099914550781,67.76361269319071,10.829587743362591,55.4548886800162,observed support,67.44376092969206
4194,0,random,2,2,household,0.15299999713897705,0.35402518845243625,0.12896537966383886,0.2190652167343575,first physical ID,0.16886105930948364
4194,0,random,2,12,regional,1462.7010498046875,1451.7434584989041,6258.39296980291,1235.8681654179788,observed support,1462.7870260332973
4194,0,random,2,12,group,102.17799377441406,94.92246157287548,35.698754253861566,80.29302786546299,observed support,96.58548044566946
4194,0,random,2,12,household,0.44600000977516174,0.42442005602489724,0.16327209207539045,0.23426086909097174,first physical ID,0.2339298249405692
4194,0,random,4,2,regional,996.052001953125,989.3200695376555,940.1905916323957,840.5319038284013,observed support,993.258701038279
4194,0,random,4,2,group,65.07099914550781,67.35636818290413,10.33077139905192,55.4548886800162,observed support,67.44376092969206
4194,0,random,4,2,household,0.15299999713897705,0.2177028349852993,0.0875730879825564,0.2190652167343575,first physical ID,0.16886105930948364
4194,0,random,4,12,regional,1462.7010498046875,1455.2786901191332,5959.86738695433,1235.8681654179788,observed support,1462.7870260332973
4194,0,random,4,12,group,102.17799377441406,96.13078608935123,34.11280729283403,80.29302786546299,observed support,96.58548044566946
4194,0,random,4,12,household,0.44600000977516174,0.34434611383115765,0.16120566364991057,0.23426086909097174,first physical ID,0.2339298249405692
4194,0,random,8,2,regional,996.052001953125,991.7692739969425,900.759851297538,840.5319038284013,observed support,993.258701038279
4194,0,random,8,2,group,65.07099914550781,67.29742094080576,10.184529244762675,55.4548886800162,observed support,67.44376092969206
4194,0,random,8,2,household,0.15299999713897705,0.18820888068712627,0.0870532691996168,0.2190652167343575,first physical ID,0.16886105930948364
4194,0,random,8,12,regional,1462.7010498046875,1448.696035035199,5760.54784148232,1235.8681654179788,observed support,1462.7870260332973
4194,0,random,8,12,group,102.17799377441406,95.5494781720068,33.27802729969005,80.29302786546299,observed support,96.58548044566946
4194,0,random,8,12,household,0.44600000977516174,0.24104089907888543,0.16067914728516997,0.23426086909097174,first physical ID,0.2339298249405692
4194,0,uncertainty,2,2,regional,996.052001953125,991.1537303661344,995.8049569508823,840.5319038284013,observed support,993.258701038279
4194,0,uncertainty,2,2,group,65.07099914550781,67.42004401779535,10.824880121735175,55.4548886800162,observed support,67.44376092969206
4194,0,uncertainty,2,2,household,0.15299999713897705,0.25764561027502253,0.12972469031879055,0.2190652167343575,first physical ID,0.16886105930948364
4194,0,uncertainty,2,12,regional,1462.7010498046875,1433.1965448696665,6159.442322903461,1235.8681654179788,observed support,1462.7870260332973
4194,0,uncertainty,2,12,group,102.17799377441406,93.7711310872049,35.287177757269276,80.29302786546299,observed support,96.58548044566946
4194,0,uncertainty,2,12,household,0.44600000977516174,0.36134135219907143,0.16303615379550018,0.23426086909097174,first physical ID,0.2339298249405692
4194,0,uncertainty,4,2,regional,996.052001953125,982.9322175129232,942.7192280688623,840.5319038284013,observed support,993.258701038279
4194,0,uncertainty,4,2,group,65.07099914550781,67.05974526110609,10.622063583870945,55.4548886800162,observed support,67.44376092969206
4194,0,uncertainty,4,2,household,0.15299999713897705,0.24872659603249442,0.12641982675687044,0.2190652167343575,first physical ID,0.16886105930948364
4194,0,uncertainty,4,12,regional,1462.7010498046875,1446.253821379324,5936.70336733165,1235.8681654179788,observed support,1462.7870260332973
4194,0,uncertainty,4,12,group,102.17799377441406,94.64860609917079,34.27814758200513,80.29302786546299,observed support,96.58548044566946
4194,0,uncertainty,4,12,household,0.44600000977516174,0.3016279636497353,0.16231126503703275,0.23426086909097174,first physical ID,0.2339298249405692
4194,0,uncertainty,8,2,regional,996.052001953125,979.4703731371919,900.39293051714,840.5319038284013,observed support,993.258701038279
4194,0,uncertainty,8,2,group,65.07099914550781,66.75216257976244,10.46127505417589,55.4548886800162,observed support,67.44376092969206
4194,0,uncertainty,8,2,household,0.15299999713897705,0.25778565163020173,0.12422231331340279,0.2190652167343575,first physical ID,0.16886105930948364
4194,0,uncertainty,8,12,regional,1462.7010498046875,1413.5962384221968,5732.643935845608,1235.8681654179788,observed support,1462.7870260332973
4194,0,uncertainty,8,12,group,102.17799377441406,92.70234737474712,33.359464343951885,80.29302786546299,observed support,96.58548044566946
4194,0,uncertainty,8,12,household,0.44600000977516174,0.2706815049704161,0.1617937754752668,0.23426086909097174,first physical ID,0.2339298249405692
4194,1,fixed_coarse,0,2,regional,934.9979858398438,1030.8171450308087,1295.8209180336057,819.172432162506,observed support,970.2013170200383
4194,1,fixed_coarse,0,2,group,64.5530014038086,70.62439856141809,12.052628186851681,53.89446812283895,observed support,67.81198072303054
4194,1,fixed_coarse,0,2,household,0.08699999749660492,0.2635401810689022,0.15400819284679065,0.212199999888738,first physical ID,0.14736127053125694
4194,1,fixed_coarse,0,12,regional,870.8289794921875,1028.2272688771168,8761.404212236754,784.7163389104879,observed support,955.6379394801
4194,1,fixed_coarse,0,12,group,61.165000915527344,68.51613211052387,46.67728417922659,51.70772919649619,observed support,63.41959219637216
4194,1,fixed_coarse,0,12,household,0.1679999977350235,0.2341485503878891,0.16953920470830444,0.129911111212439,first physical ID,0.1720689341900386
4194,1,uniform_fine_stream,16,2,regional,934.9979858398438,970.2013170200383,870.1195124298392,819.172432162506,observed support,970.2013170200383
4194,1,uniform_fine_stream,16,2,group,64.5530014038086,67.81198072303054,10.07125750931686,53.89446812283895,observed support,67.81198072303054
4194,1,uniform_fine_stream,16,2,household,0.08699999749660492,0.14736127053125694,0.0867051390400474,0.212199999888738,first physical ID,0.14736127053125694
4194,1,uniform_fine_stream,16,12,regional,870.8289794921875,955.6379394801,5618.307382583468,784.7163389104879,observed support,955.6379394801
4194,1,uniform_fine_stream,16,12,group,61.165000915527344,63.41959219637216,32.5150648349654,51.70772919649619,observed support,63.41959219637216
4194,1,uniform_fine_stream,16,12,household,0.1679999977350235,0.1720689341900386,0.16032961515265998,0.129911111212439,first physical ID,0.1720689341900386
4194,1,fixed,2,2,regional,934.9979858398438,990.3530625619743,997.2469517584822,819.172432162506,observed support,970.2013170200383
4194,1,fixed,2,2,group,64.5530014038086,68.40986044663894,10.83496490459809,53.89446812283895,observed support,67.81198072303054
4194,1,fixed,2,2,household,0.08699999749660492,0.33104096779263936,0.1291609002675773,0.212199999888738,first physical ID,0.14736127053125694
4194,1,fixed,2,12,regional,870.8289794921875,973.4434360900087,6292.798356520605,784.7163389104879,observed support,955.6379394801
4194,1,fixed,2,12,group,61.165000915527344,64.78466586085382,35.692209050131424,51.70772919649619,observed support,63.41959219637216
4194,1,fixed,2,12,household,0.1679999977350235,0.24795174437454348,0.16317112833289907,0.129911111212439,first physical ID,0.1720689341900386
4194,1,fixed,4,2,regional,934.9979858398438,967.6629208513159,949.2294676502391,819.172432162506,observed support,970.2013170200383
4194,1,fixed,4,2,group,64.5530014038086,67.4488659101104,10.647350586143473,53.89446812283895,observed support,67.81198072303054
4194,1,fixed,4,2,household,0.08699999749660492,0.33601536480262656,0.12665845900021316,0.212199999888738,first physical ID,0.14736127053125694
4194,1,fixed,4,12,regional,870.8289794921875,964.9945880649151,5974.366710343248,784.7163389104879,observed support,955.6379394801
4194,1,fixed,4,12,group,61.165000915527344,64.42772069238995,34.25615188386395,51.70772919649619,observed support,63.41959219637216
4194,1,fixed,4,12,household,0.1679999977350235,0.16796060943815566,0.16243324307906434,0.129911111212439,first physical ID,0.1720689341900386
4194,1,fixed,8,2,regional,934.9979858398438,963.6678420616803,903.0228001027501,819.172432162506,observed support,970.2013170200383
4194,1,fixed,8,2,group,64.5530014038086,67.14461762872008,10.469549156134814,53.89446812283895,observed support,67.81198072303054
4194,1,fixed,8,2,household,0.08699999749660492,0.24326352336373774,0.12434069369039714,0.212199999888738,first physical ID,0.14736127053125694
4194,1,fixed,8,12,regional,870.8289794921875,955.9064011180742,5750.618238422434,784.7163389104879,observed support,955.6379394801
4194,1,fixed,8,12,group,61.165000915527344,63.68588705420605,33.26643635165998,51.70772919649619,observed support,63.41959219637216
4194,1,fixed,8,12,household,0.1679999977350235,0.11767524021836023,0.16185279939280905,0.129911111212439,first physical ID,0.1720689341900386
4194,1,random,2,2,regional,934.9979858398438,986.1864007250733,991.8059660463439,819.172432162506,observed support,970.2013170200383
4194,1,random,2,2,group,64.5530014038086,68.15839428757873,10.788380198394073,53.89446812283895,observed support,67.81198072303054
4194,1,random,2,2,household,0.08699999749660492,0.22409493415358467,0.12807263855132495,0.212199999888738,first physical ID,0.14736127053125694
4194,1,random,2,12,regional,870.8289794921875,954.8578601453594,6147.104995992165,784.7163389104879,observed support,955.6379394801
4194,1,random,2,12,group,61.165000915527344,63.634099850236176,34.99411915067523,51.70772919649619,observed support,63.41959219637216
4194,1,random,2,12,household,0.1679999977350235,0.2043495928604167,0.16323370547450458,0.129911111212439,first physical ID,0.1720689341900386
4194,1,random,4,2,regional,934.9979858398438,972.1245883115475,945.1405858772434,819.172432162506,observed support,970.2013170200383
4194,1,random,4,2,group,64.5530014038086,67.46710281333239,10.620046277272765,53.89446812283895,observed support,67.81198072303054
4194,1,random,4,2,household,0.08699999749660492,0.1604501437129348,0.1258776760930794,0.212199999888738,first physical ID,0.14736127053125694
4194,1,random,4,12,regional,870.8289794921875,925.31847726409,5942.683839992657,784.7163389104879,observed support,955.6379394801
4194,1,random,4,12,group,61.165000915527344,61.74830238422214,34.099264049116016,51.70772919649619,observed support,63.41959219637216
4194,1,random,4,12,household,0.1679999977350235,0.14019330042507208,0.1624462737783744,0.129911111212439,first physical ID,0.1720689341900386
4194,1,random,8,2,regional,934.9979858398438,978.0338827523921,899.5108340549771,819.172432162506,observed support,970.2013170200383
4194,1,random,8,2,group,64.5530014038086,68.31494635680133,10.170710582775063,53.89446812283895,observed support,67.81198072303054
4194,1,random,8,2,household,0.08699999749660492,0.09737425300542066,0.08703687272450303,0.212199999888738,first physical ID,0.14736127053125694
4194,1,random,8,12,regional,870.8289794921875,972.7971248920783,5730.1577026475225,784.7163389104879,observed support,955.6379394801
4194,1,random,8,12,group,61.165000915527344,64.49546940012198,32.97513963052568,51.70772919649619,observed support,63.41959219637216
4194,1,random,8,12,household,0.1679999977350235,0.1343262353091471,0.16067556274159217,0.129911111212439,first physical ID,0.1720689341900386
4194,1,uncertainty,2,2,regional,934.9979858398438,996.5822119807501,996.520468146306,819.172432162506,observed support,970.2013170200383
4194,1,uncertainty,2,2,group,64.5530014038086,68.74150177827632,10.824147855046677,53.89446812283895,observed support,67.81198072303054
4194,1,uncertainty,2,2,household,0.08699999749660492,0.24791990572965333,0.1297125127262617,0.212199999888738,first physical ID,0.14736127053125694
4194,1,uncertainty,2,12,regional,870.8289794921875,945.1761196409971,6161.357059092423,784.7163389104879,observed support,955.6379394801
4194,1,uncertainty,2,12,group,61.165000915527344,63.01067939392047,35.104245384473046,51.70772919649619,observed support,63.41959219637216
4194,1,uncertainty,2,12,household,0.1679999977350235,0.2535586695010999,0.16303299703386864,0.129911111212439,first physical ID,0.1720689341900386
4194,1,uncertainty,4,2,regional,934.9979858398438,987.0209481033668,943.4267302864802,819.172432162506,observed support,970.2013170200383
4194,1,uncertainty,4,2,group,64.5530014038086,68.22179868886784,10.621999127150488,53.89446812283895,observed support,67.81198072303054
4194,1,uncertainty,4,2,household,0.08699999749660492,0.2490168023343548,0.1264141382259239,0.212199999888738,first physical ID,0.14736127053125694
4194,1,uncertainty,4,12,regional,870.8289794921875,942.4727558446433,5938.722776970955,784.7163389104879,observed support,955.6379394801
4194,1,uncertainty,4,12,group,61.165000915527344,62.747516907448116,34.10380778435852,51.70772919649619,observed support,63.41959219637216
4194,1,uncertainty,4,12,household,0.1679999977350235,0.23794731581435397,0.16230985247711655,0.129911111212439,first physical ID,0.1720689341900386
4194,1,uncertainty,8,2,regional,934.9979858398438,976.7364233329382,900.9929859957929,819.172432162506,observed support,970.2013170200383
4194,1,uncertainty,8,2,group,64.5530014038086,67.84202906795542,10.461014640478716,53.89446812283895,observed support,67.81198072303054
4194,1,uncertainty,8,2,household,0.08699999749660492,0.22824398130023732,0.12421992733449509,0.212199999888738,first physical ID,0.14736127053125694
4194,1,uncertainty,8,12,regional,870.8289794921875,936.9381751164742,5734.281209011067,784.7163389104879,observed support,955.6379394801
4194,1,uncertainty,8,12,group,61.165000915527344,62.352617925085184,33.191009524440965,51.70772919649619,observed support,63.41959219637216
4194,1,uncertainty,8,12,household,0.1679999977350235,0.21377446978074688,0.1617930749836945,0.129911111212439,first physical ID,0.1720689341900386
4194,2,fixed_coarse,0,2,regional,576.1690063476562,638.1605339004601,1294.7418612009988,632.3364866698755,observed support,642.3219076572348
4194,2,fixed_coarse,0,2,group,41.143001556396484,42.06944997752149,12.053362761830988,40.51444963799888,observed support,42.3572024925945
4194,2,fixed_coarse,0,2,household,0.1379999965429306,0.9905060739235634,0.15400791228010965,0.6229777794745234,first physical ID,0.47335623857604003
4194,2,fixed_coarse,0,12,regional,920.5479736328125,859.8533339260646,8545.86923498188,789.1809922852472,observed support,854.6495984051364
4194,2,fixed_coarse,0,12,group,65.00300598144531,58.397182098614735,47.13268988668153,52.890195288017075,observed support,57.785845004853535
4194,2,fixed_coarse,0,12,household,0.15299999713897705,0.15743348851637018,0.1695413923728466,0.17564444343249003,first physical ID,0.13173537155700377
4194,2,uniform_fine_stream,16,2,regional,576.1690063476562,642.3219076572348,869.6081284292469,632.3364866698755,observed support,642.3219076572348
4194,2,uniform_fine_stream,16,2,group,41.143001556396484,42.3572024925945,10.071268392831154,40.51444963799888,observed support,42.3572024925945
4194,2,uniform_fine_stream,16,2,household,0.1379999965429306,0.47335623857604003,0.0867053067214439,0.6229777794745234,first physical ID,0.47335623857604003
4194,2,uniform_fine_stream,16,12,regional,920.5479736328125,854.6495984051364,5471.548400141436,789.1809922852472,observed support,854.6495984051364
4194,2,uniform_fine_stream,16,12,group,65.00300598144531,57.785845004853535,32.619134117933854,52.890195288017075,observed support,57.785845004853535
4194,2,uniform_fine_stream,16,12,household,0.15299999713897705,0.13173537155700377,0.16033028785092457,0.17564444343249003,first physical ID,0.13173537155700377
4194,2,fixed,2,2,regional,576.1690063476562,640.507928380001,1007.3315332795187,632.3364866698755,observed support,642.3219076572348
4194,2,fixed,2,2,group,41.143001556396484,42.18731378546994,10.877373823973418,40.51444963799888,observed support,42.3572024925945
4194,2,fixed,2,2,household,0.1379999965429306,1.0029806009022353,0.13071121738961042,0.6229777794745234,first physical ID,0.47335623857604003
4194,2,fixed,2,12,regional,920.5479736328125,858.5209386589411,6095.806981577405,789.1809922852472,observed support,854.6495984051364
4194,2,fixed,2,12,group,65.00300598144531,58.205079641078704,35.701991024242794,52.890195288017075,observed support,57.785845004853535
4194,2,fixed,2,12,household,0.15299999713897705,0.23795981941935404,0.16340463914318804,0.17564444343249003,first physical ID,0.13173537155700377
4194,2,fixed,4,2,regional,576.1690063476562,643.1389948720798,948.2946087282041,632.3364866698755,observed support,642.3219076572348
4194,2,fixed,4,2,group,41.143001556396484,42.369913253417785,10.64535263327228,40.51444963799888,observed support,42.3572024925945
4194,2,fixed,4,2,household,0.1379999965429306,0.9856584649501597,0.1267932876773876,0.6229777794745234,first physical ID,0.47335623857604003
4194,2,fixed,4,12,regional,920.5479736328125,866.451203348633,5792.409613017139,789.1809922852472,observed support,854.6495984051364
4194,2,fixed,4,12,group,65.00300598144531,58.70517923581984,34.27074723608916,52.890195288017075,observed support,57.785845004853535
4194,2,fixed,4,12,household,0.15299999713897705,0.20805687954591634,0.16246095844050157,0.17564444343249003,first physical ID,0.13173537155700377
4194,2,fixed,8,2,regional,576.1690063476562,638.2250746699071,903.6017307757879,632.3364866698755,observed support,642.3219076572348
4194,2,fixed,8,2,group,41.143001556396484,42.02260994916809,10.47483530591785,40.51444963799888,observed support,42.3572024925945
4194,2,fixed,8,2,household,0.1379999965429306,0.9717422613472302,0.12438325470521552,0.6229777794745234,first physical ID,0.47335623857604003
4194,2,fixed,8,12,regional,920.5479736328125,842.5193990082827,5601.508460850152,789.1809922852472,observed support,854.6495984051364
4194,2,fixed,8,12,group,65.00300598144531,57.15096863244265,33.38043116385701,52.890195288017075,observed support,57.785845004853535
4194,2,fixed,8,12,household,0.15299999713897705,0.20866706493914228,0.16186762620026268,0.17564444343249003,first physical ID,0.13173537155700377
4194,2,random,2,2,regional,576.1690063476562,633.3053957146276,991.0901407983785,632.3364866698755,observed support,642.3219076572348
4194,2,random,2,2,group,41.143001556396484,41.59988725277843,10.828996551126764,40.51444963799888,observed support,42.3572024925945
4194,2,random,2,2,household,0.1379999965429306,1.1023625247599544,0.12871677663598452,0.6229777794745234,first physical ID,0.47335623857604003
4194,2,random,2,12,regional,920.5479736328125,842.6447933652623,6140.5451338477205,789.1809922852472,observed support,854.6495984051364
4194,2,random,2,12,group,65.00300598144531,57.015012258357096,35.88957036300785,52.890195288017075,observed support,57.785845004853535
4194,2,random,2,12,household,0.15299999713897705,0.24861144790378942,0.16329963057786023,0.17564444343249003,first physical ID,0.13173537155700377
4194,2,random,4,2,regional,576.1690063476562,639.9576800423233,938.4752668986192,632.3364866698755,observed support,642.3219076572348
4194,2,random,4,2,group,41.143001556396484,42.15453537495464,10.324185928021386,40.51444963799888,observed support,42.3572024925945
4194,2,random,4,2,household,0.1379999965429306,0.5053676182272959,0.08762113308058331,0.6229777794745234,first physical ID,0.47335623857604003
4194,2,random,4,12,regional,920.5479736328125,873.3290088373949,5769.000335802234,789.1809922852472,observed support,854.6495984051364
4194,2,random,4,12,group,65.00300598144531,58.970378583350026,33.92815884306171,52.890195288017075,observed support,57.785845004853535
4194,2,random,4,12,household,0.15299999713897705,0.12568609048428292,0.1612327814410825,0.17564444343249003,first physical ID,0.13173537155700377
4194,2,random,8,2,regional,576.1690063476562,642.405091743286,898.5317856787515,632.3364866698755,observed support,642.3219076572348
4194,2,random,8,2,group,41.143001556396484,42.38990029897368,10.172064379307704,40.51444963799888,observed support,42.3572024925945
4194,2,random,8,2,household,0.1379999965429306,0.47291326712848036,0.08704225482743512,0.6229777794745234,first physical ID,0.47335623857604003
4194,2,random,8,12,regional,920.5479736328125,866.3016390730959,5577.520777017692,789.1809922852472,observed support,854.6495984051364
4194,2,random,8,12,group,65.00300598144531,58.53357916343975,33.07797874559165,52.890195288017075,observed support,57.785845004853535
4194,2,random,8,12,household,0.15299999713897705,0.1227161593920011,0.16069968951362995,0.17564444343249003,first physical ID,0.13173537155700377
4194,2,uncertainty,2,2,regional,576.1690063476562,644.010582115615,995.7275458964307,632.3364866698755,observed support,642.3219076572348
4194,2,uncertainty,2,2,group,41.143001556396484,42.33250782830806,10.824010365090427,40.51444963799888,observed support,42.3572024925945
4194,2,uncertainty,2,2,household,0.1379999965429306,0.9362561907677136,0.12971292498717213,0.6229777794745234,first physical ID,0.47335623857604003
4194,2,uncertainty,2,12,regional,920.5479736328125,827.213042325076,6001.314376979033,789.1809922852472,observed support,854.6495984051364
4194,2,uncertainty,2,12,group,65.00300598144531,56.11099267170724,35.25727439264382,52.890195288017075,observed support,57.785845004853535
4194,2,uncertainty,2,12,household,0.15299999713897705,0.2393235889975961,0.163034061521035,0.17564444343249003,first physical ID,0.13173537155700377
4194,2,uncertainty,4,2,regional,576.1690063476562,639.2325402387299,942.7283685175564,632.3364866698755,observed support,642.3219076572348
4194,2,uncertainty,4,2,group,41.143001556396484,42.06651605878204,10.621651384897357,40.51444963799888,observed support,42.3572024925945
4194,2,uncertainty,4,2,household,0.1379999965429306,0.8542496654230504,0.12641314064295855,0.6229777794745234,first physical ID,0.47335623857604003
4194,2,uncertainty,4,12,regional,920.5479736328125,816.6466889430812,5784.007679492169,789.1809922852472,observed support,854.6495984051364
4194,2,uncertainty,4,12,group,65.00300598144531,55.3335389309434,34.23287154359299,52.890195288017075,observed support,57.785845004853535
4194,2,uncertainty,4,12,household,0.15299999713897705,0.23695273531116004,0.16231024782992248,0.17564444343249003,first physical ID,0.13173537155700377
4194,2,uncertainty,8,2,regional,576.1690063476562,640.2783956214929,900.4478356679789,632.3364866698755,observed support,642.3219076572348
4194,2,uncertainty,8,2,group,41.143001556396484,42.14559789704921,10.461124577791805,40.51444963799888,observed support,42.3572024925945
4194,2,uncertainty,8,2,household,0.1379999965429306,0.9213744510535418,0.12421998454664741,0.6229777794745234,first physical ID,0.47335623857604003
4194,2,uncertainty,8,12,regional,920.5479736328125,842.872203850239,5584.809435900649,789.1809922852472,observed support,854.6495984051364
4194,2,uncertainty,8,12,group,65.00300598144531,57.195520745306446,33.30045905970261,52.890195288017075,observed support,57.785845004853535
4194,2,uncertainty,8,12,household,0.15299999713897705,0.22735942893167035,0.1617934778372233,0.17564444343249003,first physical ID,0.13173537155700377
4194,3,fixed_coarse,0,2,regional,582.739990234375,579.8495006763083,1294.048882574933,481.84080474532857,observed support,564.4669038432992
4194,3,fixed_coarse,0,2,group,40.509002685546875,38.821243606882426,12.056327814966384,31.348367454366375,observed support,38.23359727624974
4194,3,fixed_coarse,0,2,household,2.2320001125335693,1.3480608733999848,0.15395485769522585,0.7720444454087152,first physical ID,1.8408961381148692
4194,3,fixed_coarse,0,12,regional,971.0859375,917.3846411184699,8755.162539398641,841.989643698084,observed support,897.5157553643359
4194,3,fixed_coarse,0,12,group,59.50499725341797,59.451815024354595,46.99086743646744,53.817315353049764,observed support,58.60264260009151
4194,3,fixed_coarse,0,12,household,0.2930000126361847,0.46189180029723154,0.16955798742388173,0.23975555524230002,first physical ID,0.5620793031840258
4194,3,uniform_fine_stream,16,2,regional,582.739990234375,564.4669038432992,868.4708984638559,481.84080474532857,observed support,564.4669038432992
4194,3,uniform_fine_stream,16,2,group,40.509002685546875,38.23359727624974,10.071442368093217,31.348367454366375,observed support,38.23359727624974
4194,3,uniform_fine_stream,16,2,household,2.2320001125335693,1.8408961381148692,0.08670518126234328,0.7720444454087152,first physical ID,1.8408961381148692
4194,3,uniform_fine_stream,16,12,regional,971.0859375,897.5157553643359,5610.434208416108,841.989643698084,observed support,897.5157553643359
4194,3,uniform_fine_stream,16,12,group,59.50499725341797,58.60264260009151,32.67787975453905,53.817315353049764,observed support,58.60264260009151
4194,3,uniform_fine_stream,16,12,household,0.2930000126361847,0.5620793031840258,0.16033032231954786,0.23975555524230002,first physical ID,0.5620793031840258
4194,3,fixed,2,2,regional,582.739990234375,566.8467535334943,1010.7640226942149,481.84080474532857,observed support,564.4669038432992
4194,3,fixed,2,2,group,40.509002685546875,37.80011211513418,10.895409159613308,31.348367454366375,observed support,38.23359727624974
4194,3,fixed,2,2,household,2.2320001125335693,1.6453333399259953,0.13084044948765014,0.7720444454087152,first physical ID,1.8408961381148692
4194,3,fixed,2,12,regional,971.0859375,895.6549693884278,6285.0780656407305,841.989643698084,observed support,897.5157553643359
4194,3,fixed,2,12,group,59.50499725341797,57.89459606620138,35.82896670455924,53.817315353049764,observed support,58.60264260009151
4194,3,fixed,2,12,household,0.2930000126361847,0.5198196713972849,0.16343155834257667,0.23975555524230002,first physical ID,0.5620793031840258
4194,3,fixed,4,2,regional,582.739990234375,558.9777138242865,946.5711266123328,481.84080474532857,observed support,564.4669038432992
4194,3,fixed,4,2,group,40.509002685546875,37.198031990903324,10.64517589136482,31.348367454366375,observed support,38.23359727624974
4194,3,fixed,4,2,household,2.2320001125335693,1.7662526019213827,0.12650215801709103,0.7720444454087152,first physical ID,1.8408961381148692
4194,3,fixed,4,12,regional,971.0859375,866.2841060167119,5954.110020516795,841.989643698084,observed support,897.5157553643359
4194,3,fixed,4,12,group,59.50499725341797,56.07666049906509,34.37931426976921,53.817315353049764,observed support,58.60264260009151
4194,3,fixed,4,12,household,0.2930000126361847,0.5381823936834921,0.16248236965674,0.23975555524230002,first physical ID,0.5620793031840258
4194,3,fixed,8,2,regional,582.739990234375,569.0043294472607,901.1428766906216,481.84080474532857,observed support,564.4669038432992
4194,3,fixed,8,2,group,40.509002685546875,37.986549682190194,10.466624312793243,31.348367454366375,observed support,38.23359727624974
4194,3,fixed,8,2,household,2.2320001125335693,1.6595369802631685,0.124304604852956,0.7720444454087152,first physical ID,1.8408961381148692
4194,3,fixed,8,12,regional,971.0859375,889.3642532424523,5728.280366510826,841.989643698084,observed support,897.5157553643359
4194,3,fixed,8,12,group,59.50499725341797,57.63508886350796,33.36558424288158,53.817315353049764,observed support,58.60264260009151
4194,3,fixed,8,12,household,0.2930000126361847,0.5527473811752761,0.16186904836425955,0.23975555524230002,first physical ID,0.5620793031840258
4194,3,random,2,2,regional,582.739990234375,579.8658482967703,996.8788240483009,481.84080474532857,observed support,564.4669038432992
4194,3,random,2,2,group,40.509002685546875,38.672548453626625,10.819078679599185,31.348367454366375,observed support,38.23359727624974
4194,3,random,2,2,household,2.2320001125335693,1.585648528906202,0.12901365922816804,0.7720444454087152,first physical ID,1.8408961381148692
4194,3,random,2,12,regional,971.0859375,908.9235950594222,6132.863498933031,841.989643698084,observed support,897.5157553643359
4194,3,random,2,12,group,59.50499725341797,58.7152133761421,35.17654573279254,53.817315353049764,observed support,58.60264260009151
4194,3,random,2,12,household,0.2930000126361847,0.59456399710902,0.16329708112638147,0.23975555524230002,first physical ID,0.5620793031840258
4194,3,random,4,2,regional,582.739990234375,576.5155235767181,949.4645584577411,481.84080474532857,observed support,564.4669038432992
4194,3,random,4,2,group,40.509002685546875,38.390656296811656,10.641558746099985,31.348367454366375,observed support,38.23359727624974
4194,3,random,4,2,household,2.2320001125335693,1.6086000497840889,0.12656404341253585,0.7720444454087152,first physical ID,1.8408961381148692
4194,3,random,4,12,regional,971.0859375,905.3153780469072,5926.517520037134,841.989643698084,observed support,897.5157553643359
4194,3,random,4,12,group,59.50499725341797,58.434354232956146,34.23551557350913,53.817315353049764,observed support,58.60264260009151
4194,3,random,4,12,household,0.2930000126361847,0.5538828020209625,0.16244761202147778,0.23975555524230002,first physical ID,0.5620793031840258
4194,3,random,8,2,regional,582.739990234375,566.7659755071542,902.0435120134136,481.84080474532857,observed support,564.4669038432992
4194,3,random,8,2,group,40.509002685546875,38.123907648926455,10.191055468099838,31.348367454366375,observed support,38.23359727624974
4194,3,random,8,2,household,2.2320001125335693,1.8510147964933172,0.0870532958360951,0.7720444454087152,first physical ID,1.8408961381148692
4194,3,random,8,12,regional,971.0859375,915.5536290199932,5738.302852295595,841.989643698084,observed support,897.5157553643359
4194,3,random,8,12,group,59.50499725341797,59.55075804420734,33.20642364883649,53.817315353049764,observed support,58.60264260009151
4194,3,random,8,12,household,0.2930000126361847,0.5376861051777228,0.16065179491799092,0.23975555524230002,first physical ID,0.5620793031840258
4194,3,uncertainty,2,2,regional,582.739990234375,572.0558532883638,994.8410046696647,481.84080474532857,observed support,564.4669038432992
4194,3,uncertainty,2,2,group,40.509002685546875,38.19518870112278,10.82482742218778,31.348367454366375,observed support,38.23359727624974
4194,3,uncertainty,2,2,household,2.2320001125335693,1.7161471851309327,0.12971478409485984,0.7720444454087152,first physical ID,1.8408961381148692
4194,3,uncertainty,2,12,regional,971.0859375,899.1455551226215,6152.695358506295,841.989643698084,observed support,897.5157553643359
4194,3,uncertainty,2,12,group,59.50499725341797,58.24774903262211,35.28777495565432,53.817315353049764,observed support,58.60264260009151
4194,3,uncertainty,2,12,household,0.2930000126361847,0.5323334973548518,0.16303553708018084,0.23975555524230002,first physical ID,0.5620793031840258
4194,3,uncertainty,4,2,regional,582.739990234375,572.8780138318914,941.7410851468746,481.84080474532857,observed support,564.4669038432992
4194,3,uncertainty,4,2,group,40.509002685546875,38.33258342771664,10.622388033767306,31.348367454366375,observed support,38.23359727624974
4194,3,uncertainty,4,2,household,2.2320001125335693,1.7070684102530258,0.1264149539370441,0.7720444454087152,first physical ID,1.8408961381148692
4194,3,uncertainty,4,12,regional,971.0859375,915.170400540122,5930.265223284383,841.989643698084,observed support,897.5157553643359
4194,3,uncertainty,4,12,group,59.50499725341797,59.31523173951401,34.27834067583146,53.817315353049764,observed support,58.60264260009151
4194,3,uncertainty,4,12,household,0.2930000126361847,0.504242987772119,0.16231108933371463,0.23975555524230002,first physical ID,0.5620793031840258
4194,3,uncertainty,8,2,regional,582.739990234375,571.8709321197093,899.3445933459575,481.84080474532857,observed support,564.4669038432992
4194,3,uncertainty,8,2,group,40.509002685546875,38.325922884643774,10.46139116640836,31.348367454366375,observed support,38.23359727624974
4194,3,uncertainty,8,2,household,2.2320001125335693,1.7568062469066423,0.12422046702991198,0.7720444454087152,first physical ID,1.8408961381148692
4194,3,uncertainty,8,12,regional,971.0859375,919.2889761869367,5726.149287300679,841.989643698084,observed support,897.5157553643359
4194,3,uncertainty,8,12,group,59.50499725341797,59.710010511260826,33.35793812007159,53.817315353049764,observed support,58.60264260009151
4194,3,uncertainty,8,12,household,0.2930000126361847,0.5292285006057458,0.16179357850907036,0.23975555524230002,first physical ID,0.5620793031840258
4194,4,fixed_coarse,0,2,regional,1184.131103515625,1146.3156535982966,1293.5045736747536,823.8385023182018,observed support,1118.6206305611286
4194,4,fixed_coarse,0,2,group,80.25399780273438,73.5304924815468,12.012943267526822,51.82511062802227,observed support,72.48501704813765
4194,4,fixed_coarse,0,2,household,0.12200000137090683,0.5998702325393039,0.1539800695232664,0.13693333342671393,first physical ID,0.4216714833627163
4194,4,fixed_coarse,0,12,regional,543.7850341796875,721.9337618065426,8735.498254012558,451.75580528214175,observed support,587.5604298867582
4194,4,fixed_coarse,0,12,group,36.28099822998047,47.95721275814938,46.9861595110868,29.72020861740586,observed support,39.05410624028646
4194,4,fixed_coarse,0,12,household,2.6019999980926514,1.1223313415091754,0.16956977402054954,0.6567777716451221,first physical ID,1.3061661272280811
4194,4,uniform_fine_stream,16,2,regional,1184.131103515625,1118.6206305611286,868.2465869007407,823.8385023182018,observed support,1118.6206305611286
4194,4,uniform_fine_stream,16,2,group,80.25399780273438,72.48501704813765,10.03523480423819,51.82511062802227,observed support,72.48501704813765
4194,4,uniform_fine_stream,16,2,household,0.12200000137090683,0.4216714833627163,0.08670518319995861,0.13693333342671393,first physical ID,0.4216714833627163
4194,4,uniform_fine_stream,16,12,regional,543.7850341796875,587.5604298867582,5598.3564882827595,451.75580528214175,observed support,587.5604298867582
4194,4,uniform_fine_stream,16,12,group,36.28099822998047,39.05410624028646,32.67787169628694,29.72020861740586,observed support,39.05410624028646
4194,4,uniform_fine_stream,16,12,household,2.6019999980926514,1.3061661272280811,0.1603303397343231,0.6567777716451221,first physical ID,1.3061661272280811
4194,4,fixed,2,2,regional,1184.131103515625,1135.9712856859671,997.5772997356826,823.8385023182018,observed support,1118.6206305611286
4194,4,fixed,2,2,group,80.25399780273438,72.65356917240099,10.80509400826727,51.82511062802227,observed support,72.48501704813765
4194,4,fixed,2,2,household,0.12200000137090683,0.38604566608776714,0.12948619824076407,0.13693333342671393,first physical ID,0.4216714833627163
4194,4,fixed,2,12,regional,543.7850341796875,654.2067260833253,6207.795579547515,451.75580528214175,observed support,587.5604298867582
4194,4,fixed,2,12,group,36.28099822998047,42.9441700294926,35.560417602991755,29.72020861740586,observed support,39.05410624028646
4194,4,fixed,2,12,household,2.6019999980926514,1.2364969629661913,0.16322644454692248,0.6567777716451221,first physical ID,1.3061661272280811
4194,4,fixed,4,2,regional,1184.131103515625,1110.967481017243,941.8971656612385,823.8385023182018,observed support,1118.6206305611286
4194,4,fixed,4,2,group,80.25399780273438,70.92049781777354,10.587452589705803,51.82511062802227,observed support,72.48501704813765
4194,4,fixed,4,2,household,0.12200000137090683,0.44441011621688764,0.12589920224258377,0.13693333342671393,first physical ID,0.4216714833627163
4194,4,fixed,4,12,regional,543.7850341796875,559.3929896168804,5904.706682278374,451.75580528214175,observed support,587.5604298867582
4194,4,fixed,4,12,group,36.28099822998047,36.629512441736644,34.209540880952154,29.72020861740586,observed support,39.05410624028646
4194,4,fixed,4,12,household,2.6019999980926514,1.2834402967765786,0.1624145495414826,0.6567777716451221,first physical ID,1.3061661272280811
4194,4,fixed,8,2,regional,1184.131103515625,1111.7060218173776,900.1122255053617,823.8385023182018,observed support,1118.6206305611286
4194,4,fixed,8,2,group,80.25399780273438,70.92021073753543,10.430123521171542,51.82511062802227,observed support,72.48501704813765
4194,4,fixed,8,2,household,0.12200000137090683,0.46786846790634495,0.12424967642530188,0.13693333342671393,first physical ID,0.4216714833627163
4194,4,fixed,8,12,regional,543.7850341796875,577.971998653195,5704.527813920742,451.75580528214175,observed support,587.5604298867582
4194,4,fixed,8,12,group,36.28099822998047,37.79047834331966,33.31940015186488,29.72020861740586,observed support,39.05410624028646
4194,4,fixed,8,12,household,2.6019999980926514,1.314035604665377,0.1618123165613357,0.6567777716451221,first physical ID,1.3061661272280811
4194,4,random,2,2,regional,1184.131103515625,1088.5480185343108,992.6506196287723,823.8385023182018,observed support,1118.6206305611286
4194,4,random,2,2,group,80.25399780273438,69.53868699727818,10.78162362791714,51.82511062802227,observed support,72.48501704813765
4194,4,random,2,2,household,0.12200000137090683,0.5214277879681117,0.12819722212628684,0.13693333342671393,first physical ID,0.4216714833627163
4194,4,random,2,12,regional,543.7850341796875,487.4791689451053,6169.309426524283,451.75580528214175,observed support,587.5604298867582
4194,4,random,2,12,group,36.28099822998047,32.00360185976188,35.3923986518847,29.72020861740586,observed support,39.05410624028646
4194,4,random,2,12,household,2.6019999980926514,1.2936593970413932,0.16324505626378394,0.6567777716451221,first physical ID,1.3061661272280811
4194,4,random,4,2,regional,1184.131103515625,1094.8091205271094,937.6821722773803,823.8385023182018,observed support,1118.6206305611286
4194,4,random,4,2,group,80.25399780273438,71.42431941701207,10.282665174593042,51.82511062802227,observed support,72.48501704813765
4194,4,random,4,2,household,0.12200000137090683,0.4820989041938313,0.08759906398440495,0.13693333342671393,first physical ID,0.4216714833627163
4194,4,random,4,12,regional,543.7850341796875,532.222211020552,5911.420717749343,451.75580528214175,observed support,587.5604298867582
4194,4,random,4,12,group,36.28099822998047,35.66758774965965,33.99525019472916,29.72020861740586,observed support,39.05410624028646
4194,4,random,4,12,household,2.6019999980926514,1.2946537680397463,0.1611726835939587,0.6567777716451221,first physical ID,1.3061661272280811
4194,4,random,8,2,regional,1184.131103515625,1108.0765034523508,898.9236058177586,823.8385023182018,observed support,1118.6206305611286
4194,4,random,8,2,group,80.25399780273438,71.95181730466159,10.145084649662262,51.82511062802227,observed support,72.48501704813765
4194,4,random,8,2,household,0.12200000137090683,0.45923971249756534,0.08705687232520154,0.13693333342671393,first physical ID,0.4216714833627163
4194,4,random,8,12,regional,543.7850341796875,563.1856766705641,5721.985511786309,451.75580528214175,observed support,587.5604298867582
4194,4,random,8,12,group,36.28099822998047,37.49991318739777,33.19463317318859,29.72020861740586,observed support,39.05410624028646
4194,4,random,8,12,household,2.6019999980926514,1.2873456183986498,0.1606965735586035,0.6567777716451221,first physical ID,1.3061661272280811
4194,4,uncertainty,2,2,regional,1184.131103515625,1125.3897051243323,994.6251088102022,823.8385023182018,observed support,1118.6206305611286
4194,4,uncertainty,2,2,group,80.25399780273438,71.74585933590296,10.792644724419889,51.82511062802227,observed support,72.48501704813765
4194,4,uncertainty,2,2,household,0.12200000137090683,0.5223295611697119,0.12971537273208802,0.13693333342671393,first physical ID,0.4216714833627163
4194,4,uncertainty,2,12,regional,543.7850341796875,610.3050254067341,6139.70130542788,451.75580528214175,observed support,587.5604298867582
4194,4,uncertainty,2,12,group,36.28099822998047,39.994498895651034,35.2881994744712,29.72020861740586,observed support,39.05410624028646
4194,4,uncertainty,2,12,household,2.6019999980926514,1.378726395786046,0.16303606312947055,0.6567777716451221,first physical ID,1.3061661272280811
4194,4,uncertainty,4,2,regional,1184.131103515625,1113.4378726048599,941.528194384193,823.8385023182018,observed support,1118.6206305611286
4194,4,uncertainty,4,2,group,80.25399780273438,71.21368758883462,10.590028272120078,51.82511062802227,observed support,72.48501704813765
4194,4,uncertainty,4,2,household,0.12200000137090683,0.5385669418050603,0.12641512322365042,0.13693333342671393,first physical ID,0.4216714833627163
4194,4,uncertainty,4,12,regional,543.7850341796875,614.8812930521319,5917.612141392561,451.75580528214175,observed support,587.5604298867582
4194,4,uncertainty,4,12,group,36.28099822998047,40.3519281791721,34.27837939541989,29.72020861740586,observed support,39.05410624028646
4194,4,uncertainty,4,12,household,2.6019999980926514,1.3420418013494122,0.1623112114109459,0.6567777716451221,first physical ID,1.3061661272280811
4194,4,uncertainty,8,2,regional,1184.131103515625,1117.4647288254434,899.1221026313989,823.8385023182018,observed support,1118.6206305611286
4194,4,uncertainty,8,2,group,80.25399780273438,71.26459669920415,10.428293731140892,51.82511062802227,observed support,72.48501704813765
4194,4,uncertainty,8,2,household,0.12200000137090683,0.457091804265134,0.12422052348336063,0.13693333342671393,first physical ID,0.4216714833627163
4194,4,uncertainty,8,12,regional,543.7850341796875,589.6770844652747,5713.851815730053,451.75580528214175,observed support,587.5604298867582
4194,4,uncertainty,8,12,group,36.28099822998047,38.55032747879896,33.357902911825725,29.72020861740586,observed support,39.05410624028646
4194,4,uncertainty,8,12,household,2.6019999980926514,1.3019351496996365,0.16179361241421297,0.6567777716451221,first physical ID,1.3061661272280811
4194,5,fixed_coarse,0,2,regional,1667.7449951171875,1572.5200742225413,1290.4218699406322,1211.1443003165834,observed support,1570.9794898427313
4194,5,fixed_coarse,0,2,group,113.1719970703125,106.28114826310764,12.056403363030446,79.73045274380522,observed support,106.6236179249386
4194,5,fixed_coarse,0,2,household,0.07999999821186066,0.40183043979384414,0.15389575643956388,0.22555555370118882,first physical ID,0.15993355713060542
4194,5,fixed_coarse,0,12,regional,979.14794921875,970.0545578513254,8733.477880017896,694.0482331771555,observed support,914.7897286724861
4194,5,fixed_coarse,0,12,group,61.305999755859375,62.58775228710355,46.96132314919943,44.39431444339309,observed support,59.376250534951325
4194,5,fixed_coarse,0,12,household,3.0390000343322754,2.25921163848515,0.16957565288484616,1.7317111076580154,first physical ID,2.3124572304478335
4194,5,uniform_fine_stream,16,2,regional,1667.7449951171875,1570.9794898427313,866.5305015838491,1211.1443003165834,observed support,1570.9794898427313
4194,5,uniform_fine_stream,16,2,group,113.1719970703125,106.6236179249386,10.071538712967628,79.73045274380522,observed support,106.6236179249386
4194,5,uniform_fine_stream,16,2,household,0.07999999821186066,0.15993355713060542,0.08670549252372076,0.22555555370118882,first physical ID,0.15993355713060542
4194,5,uniform_fine_stream,16,12,regional,979.14794921875,914.7897286724861,5601.677051265917,694.0482331771555,observed support,914.7897286724861
4194,5,uniform_fine_stream,16,12,group,61.305999755859375,59.376250534951325,32.678065010321404,44.39431444339309,observed support,59.376250534951325
4194,5,uniform_fine_stream,16,12,household,3.0390000343322754,2.3124572304478335,0.16033061974058677,1.7317111076580154,first physical ID,2.3124572304478335
4194,5,fixed,2,2,regional,1667.7449951171875,1572.358848819742,992.0987625014229,1211.1443003165834,observed support,1570.9794898427313
4194,5,fixed,2,2,group,113.1719970703125,106.26306903300808,10.833899891108315,79.73045274380522,observed support,106.6236179249386
4194,5,fixed,2,2,household,0.07999999821186066,0.2864653700654641,0.1288045707711338,0.22555555370118882,first physical ID,0.15993355713060542
4194,5,fixed,2,12,regional,979.14794921875,931.1323656610175,6229.973650439171,694.0482331771555,observed support,914.7897286724861
4194,5,fixed,2,12,group,61.305999755859375,60.44676604915221,35.67645145961216,44.39431444339309,observed support,59.376250534951325
4194,5,fixed,2,12,household,3.0390000343322754,2.2377997041844884,0.16323216778493352,1.7317111076580154,first physical ID,2.3124572304478335
4194,5,fixed,4,2,regional,1667.7449951171875,1580.3387285442786,939.4224014769258,1211.1443003165834,observed support,1570.9794898427313
4194,5,fixed,4,2,group,113.1719970703125,106.56373527894007,10.620052069104243,79.73045274380522,observed support,106.6236179249386
4194,5,fixed,4,2,household,0.07999999821186066,0.3180074503798527,0.12600063661180336,0.22555555370118882,first physical ID,0.15993355713060542
4194,5,fixed,4,12,regional,979.14794921875,922.5563998049925,5910.635972745603,694.0482331771555,observed support,914.7897286724861
4194,5,fixed,4,12,group,61.305999755859375,59.71660305708356,34.22159723046683,44.39431444339309,observed support,59.376250534951325
4194,5,fixed,4,12,household,3.0390000343322754,2.3229582463342258,0.16243018254618302,1.7317111076580154,first physical ID,2.3124572304478335
4194,5,fixed,8,2,regional,1667.7449951171875,1577.3758563960657,896.7634695518109,1211.1443003165834,observed support,1570.9794898427313
4194,5,fixed,8,2,group,113.1719970703125,106.27325844453335,10.457327601980953,79.73045274380522,observed support,106.6236179249386
4194,5,fixed,8,2,household,0.07999999821186066,0.31226100471663687,0.12417134674544414,0.22555555370118882,first physical ID,0.15993355713060542
4194,5,fixed,8,12,regional,979.14794921875,908.7103676623836,5703.463794140471,694.0482331771555,observed support,914.7897286724861
4194,5,fixed,8,12,group,61.305999755859375,58.9382707857447,33.30182403398067,44.39431444339309,observed support,59.376250534951325
4194,5,fixed,8,12,household,3.0390000343322754,2.354381096811951,0.16181734808710968,1.7317111076580154,first physical ID,2.3124572304478335
4194,5,random,2,2,regional,1667.7449951171875,1604.566761655919,993.9114475337936,1211.1443003165834,observed support,1570.9794898427313
4194,5,random,2,2,group,113.1719970703125,107.93899224282778,10.838073260585828,79.73045274380522,observed support,106.6236179249386
4194,5,random,2,2,household,0.07999999821186066,0.3259194106383596,0.12958011242892334,0.22555555370118882,first physical ID,0.15993355713060542
4194,5,random,2,12,regional,979.14794921875,1008.5919470950976,6315.387817061115,694.0482331771555,observed support,914.7897286724861
4194,5,random,2,12,group,61.305999755859375,64.99338247852286,36.01777507460602,44.39431444339309,observed support,59.376250534951325
4194,5,random,2,12,household,3.0390000343322754,2.355409528587957,0.16318489899444966,1.7317111076580154,first physical ID,2.3124572304478335
4194,5,random,4,2,regional,1667.7449951171875,1583.03504070295,946.2084244176393,1211.1443003165834,observed support,1570.9794898427313
4194,5,random,4,2,group,113.1719970703125,106.93848213095347,10.650999104495632,79.73045274380522,observed support,106.6236179249386
4194,5,random,4,2,household,0.07999999821186066,0.41618849825159643,0.12665071184635457,0.22555555370118882,first physical ID,0.15993355713060542
4194,5,random,4,12,regional,979.14794921875,987.9743509878447,5994.758616702165,694.0482331771555,observed support,914.7897286724861
4194,5,random,4,12,group,61.305999755859375,64.11017790778389,34.589070208289215,44.39431444339309,observed support,59.376250534951325
4194,5,random,4,12,household,3.0390000343322754,2.319551102256044,0.1624842019860706,1.7317111076580154,first physical ID,2.3124572304478335
4194,5,random,8,2,regional,1667.7449951171875,1582.0071643973824,900.9595053218934,1211.1443003165834,observed support,1570.9794898427313
4194,5,random,8,2,group,113.1719970703125,106.80143609877818,10.478856363419851,79.73045274380522,observed support,106.6236179249386
4194,5,random,8,2,household,0.07999999821186066,0.33421889714106046,0.12444256244011384,0.22555555370118882,first physical ID,0.15993355713060542
4194,5,random,8,12,regional,979.14794921875,963.3728302685342,5762.167218727951,694.0482331771555,observed support,914.7897286724861
4194,5,random,8,12,group,61.305999755859375,62.546938631611226,33.5585637471179,44.39431444339309,observed support,59.376250534951325
4194,5,random,8,12,household,3.0390000343322754,2.305091286956074,0.16189539178719461,1.7317111076580154,first physical ID,2.3124572304478335
4194,5,uncertainty,2,2,regional,1667.7449951171875,1581.6007308133023,992.4801353170587,1211.1443003165834,observed support,1570.9794898427313
4194,5,uncertainty,2,2,group,113.1719970703125,106.76309929304468,10.82503315344175,79.73045274380522,observed support,106.6236179249386
4194,5,uncertainty,2,2,household,0.07999999821186066,0.4020742063425769,0.1297134198070322,0.22555555370118882,first physical ID,0.15993355713060542
4194,5,uncertainty,2,12,regional,979.14794921875,932.5979115051921,6142.9144954676085,694.0482331771555,observed support,914.7897286724861
4194,5,uncertainty,2,12,group,61.305999755859375,60.56174458470034,35.28773462746824,44.39431444339309,observed support,59.376250534951325
4194,5,uncertainty,2,12,household,3.0390000343322754,2.3706227374699105,0.16303698408511763,1.7317111076580154,first physical ID,2.3124572304478335
4194,5,uncertainty,4,2,regional,1667.7449951171875,1591.924395411504,939.5419531474482,1211.1443003165834,observed support,1570.9794898427313
4194,5,uncertainty,4,2,group,113.1719970703125,107.27411420199796,10.622306897876932,79.73045274380522,observed support,106.6236179249386
4194,5,uncertainty,4,2,household,0.07999999821186066,0.3608983460758135,0.12641314341983068,0.22555555370118882,first physical ID,0.15993355713060542
4194,5,uncertainty,4,12,regional,979.14794921875,959.4527961366672,5920.9808475372865,694.0482331771555,observed support,914.7897286724861
4194,5,uncertainty,4,12,group,61.305999755859375,62.12988101833776,34.27844077885791,44.39431444339309,observed support,59.376250534951325
4194,5,uncertainty,4,12,household,3.0390000343322754,2.382066503107418,0.1623118748347555,1.7317111076580154,first physical ID,2.3124572304478335
4194,5,uncertainty,8,2,regional,1667.7449951171875,1580.393248223956,897.2891966827788,1211.1443003165834,observed support,1570.9794898427313
4194,5,uncertainty,8,2,group,113.1719970703125,106.34766372441129,10.461452025663732,79.73045274380522,observed support,106.6236179249386
4194,5,uncertainty,8,2,household,0.07999999821186066,0.28524798657665806,0.12422258961083944,0.22555555370118882,first physical ID,0.15993355713060542
4194,5,uncertainty,8,12,regional,979.14794921875,919.3904515142617,5717.186351919685,694.0482331771555,observed support,914.7897286724861
4194,5,uncertainty,8,12,group,61.305999755859375,59.53443649801043,33.35805329482509,44.39431444339309,observed support,59.376250534951325
4194,5,uncertainty,8,12,household,3.0390000343322754,2.3566846849254217,0.16179407537480744,1.7317111076580154,first physical ID,2.3124572304478335
4194,6,fixed_coarse,0,2,regional,1285.1400146484375,1284.4609773623986,1291.94570061708,951.6152859948279,observed support,1281.5118933691947
4194,6,fixed_coarse,0,2,group,78.7020034790039,79.95703589141793,12.058432872181395,59.579083412669526,observed support,79.06172398877342
4194,6,fixed_coarse,0,2,household,0.12399999797344208,0.2243658094554571,0.15399873411268852,0.12777777736385662,first physical ID,0.21099753635723612
4194,6,fixed_coarse,0,12,regional,1473.867919921875,1376.6513766078378,8738.70794297038,1124.7620388809914,observed support,1404.85307234246
4194,6,fixed_coarse,0,12,group,94.0979995727539,90.1567039896947,46.98406997313943,74.30962185781638,observed support,90.95013700555175
4194,6,fixed_coarse,0,12,household,0.17399999499320984,0.6871032488810312,0.16957831654532296,0.20339999952250057,first physical ID,0.5617424361654905
4194,6,uniform_fine_stream,16,2,regional,1285.1400146484375,1281.5118933691947,867.442620664549,951.6152859948279,observed support,1281.5118933691947
4194,6,uniform_fine_stream,16,2,group,78.7020034790039,79.06172398877342,10.07151644424842,59.579083412669526,observed support,79.06172398877342
4194,6,uniform_fine_stream,16,2,household,0.12399999797344208,0.21099753635723612,0.08670516858971257,0.12777777736385662,first physical ID,0.21099753635723612
4194,6,uniform_fine_stream,16,12,regional,1473.867919921875,1404.85307234246,5601.261640328571,1124.7620388809914,observed support,1404.85307234246
4194,6,uniform_fine_stream,16,12,group,94.0979995727539,90.95013700555175,32.67794159435907,74.30962185781638,observed support,90.95013700555175
4194,6,uniform_fine_stream,16,12,household,0.17399999499320984,0.5617424361654905,0.16033057771433978,0.20339999952250057,first physical ID,0.5617424361654905
4194,6,fixed,2,2,regional,1285.1400146484375,1286.2343265390614,991.5321018561715,951.6152859948279,observed support,1281.5118933691947
4194,6,fixed,2,2,group,78.7020034790039,80.18691070030883,10.814748235013715,59.579083412669526,observed support,79.06172398877342
4194,6,fixed,2,2,household,0.12399999797344208,0.3408044180986105,0.1281974229099318,0.12777777736385662,first physical ID,0.21099753635723612
4194,6,fixed,2,12,regional,1473.867919921875,1412.773316966524,6172.287265121682,1124.7620388809914,observed support,1404.85307234246
4194,6,fixed,2,12,group,94.0979995727539,92.71699959251875,35.39222685132626,74.30962185781638,observed support,90.95013700555175
4194,6,fixed,2,12,household,0.17399999499320984,0.5680255952418803,0.16324662890361397,0.20339999952250057,first physical ID,0.5617424361654905
4194,6,fixed,4,2,regional,1285.1400146484375,1277.423029475034,943.1832494822459,951.6152859948279,observed support,1281.5118933691947
4194,6,fixed,4,2,group,78.7020034790039,79.86370110860761,10.633125241334477,59.579083412669526,observed support,79.06172398877342
4194,6,fixed,4,2,household,0.12399999797344208,0.3418149356053104,0.12605371527548262,0.12777777736385662,first physical ID,0.21099753635723612
4194,6,fixed,4,12,regional,1473.867919921875,1430.6643967103232,5936.931086409935,1124.7620388809914,observed support,1404.85307234246
4194,6,fixed,4,12,group,94.0979995727539,93.8892365500771,34.33583502030974,74.30962185781638,observed support,90.95013700555175
4194,6,fixed,4,12,household,0.17399999499320984,0.5558073989165297,0.1624488646549253,0.20339999952250057,first physical ID,0.5617424361654905
4194,6,fixed,8,2,regional,1285.1400146484375,1276.1085738064094,898.4577658055737,951.6152859948279,observed support,1281.5118933691947
4194,6,fixed,8,2,group,78.7020034790039,79.65757800544124,10.459607834058467,59.579083412669526,observed support,79.06172398877342
4194,6,fixed,8,2,household,0.12399999797344208,0.311095951050238,0.1241574236891049,0.12777777736385662,first physical ID,0.21099753635723612
4194,6,fixed,8,12,regional,1473.867919921875,1412.3875741132947,5702.553948986249,1124.7620388809914,observed support,1404.85307234246
4194,6,fixed,8,12,group,94.0979995727539,92.75502392774072,33.29285480288754,74.30962185781638,observed support,90.95013700555175
4194,6,fixed,8,12,household,0.17399999499320984,0.5838376303690336,0.16180431466114803,0.20339999952250057,first physical ID,0.5617424361654905
4194,6,random,2,2,regional,1285.1400146484375,1258.3509679470524,1000.3970217515538,951.6152859948279,observed support,1281.5118933691947
4194,6,random,2,2,group,78.7020034790039,78.42895090152284,10.842046158180155,59.579083412669526,observed support,79.06172398877342
4194,6,random,2,2,household,0.12399999797344208,0.3324486632324042,0.12938274076697198,0.12777777736385662,first physical ID,0.21099753635723612
4194,6,random,2,12,regional,1473.867919921875,1319.494314925219,6259.122747079478,1124.7620388809914,observed support,1404.85307234246
4194,6,random,2,12,group,94.0979995727539,86.71797608369579,35.74725761467512,74.30962185781638,observed support,90.95013700555175
4194,6,random,2,12,household,0.17399999499320984,0.6032689774247971,0.16330389834774847,0.20339999952250057,first physical ID,0.5617424361654905
4194,6,random,4,2,regional,1285.1400146484375,1271.8341434926963,943.4550553641509,951.6152859948279,observed support,1281.5118933691947
4194,6,random,4,2,group,78.7020034790039,78.65358042523064,10.349173026441022,59.579083412669526,observed support,79.06172398877342
4194,6,random,4,2,household,0.12399999797344208,0.2489659717099904,0.08760970620894938,0.12777777736385662,first physical ID,0.21099753635723612
4194,6,random,4,12,regional,1473.867919921875,1375.0731879243917,5899.5537147740215,1124.7620388809914,observed support,1404.85307234246
4194,6,random,4,12,group,94.0979995727539,89.07512041813123,33.933642125509934,74.30962185781638,observed support,90.95013700555175
4194,6,random,4,12,household,0.17399999499320984,0.5647386122618936,0.16114655617854046,0.20339999952250057,first physical ID,0.5617424361654905
4194,6,random,8,2,regional,1285.1400146484375,1278.4491458519976,900.0728643136376,951.6152859948279,observed support,1281.5118933691947
4194,6,random,8,2,group,78.7020034790039,78.90565091537896,10.184380447810732,59.579083412669526,observed support,79.06172398877342
4194,6,random,8,2,household,0.12399999797344208,0.22552493121905692,0.08706686754595404,0.12777777736385662,first physical ID,0.21099753635723612
4194,6,random,8,12,regional,1473.867919921875,1400.2895873071318,5698.402568599615,1124.7620388809914,observed support,1404.85307234246
4194,6,random,8,12,group,94.0979995727539,90.66289914918066,33.087361138863656,74.30962185781638,observed support,90.95013700555175
4194,6,random,8,12,household,0.17399999499320984,0.5570686471317703,0.16067027479567839,0.20339999952250057,first physical ID,0.5617424361654905
4194,6,uncertainty,2,2,regional,1285.1400146484375,1281.4459710751219,993.5249983047597,951.6152859948279,observed support,1281.5118933691947
4194,6,uncertainty,2,2,group,78.7020034790039,79.94508210960471,10.825324246804913,59.579083412669526,observed support,79.06172398877342
4194,6,uncertainty,2,2,household,0.12399999797344208,0.3267826231672451,0.1297150690971594,0.12777777736385662,first physical ID,0.21099753635723612
4194,6,uncertainty,2,12,regional,1473.867919921875,1418.4633793875387,6142.504098099292,1124.7620388809914,observed support,1404.85307234246
4194,6,uncertainty,2,12,group,94.0979995727539,93.21811634765788,35.287680724765565,74.30962185781638,observed support,90.95013700555175
4194,6,uncertainty,2,12,household,0.17399999499320984,0.6005310062601713,0.16303731334887117,0.20339999952250057,first physical ID,0.5617424361654905
4194,6,uncertainty,4,2,regional,1285.1400146484375,1287.6511433235107,940.5334897424507,951.6152859948279,observed support,1281.5118933691947
4194,6,uncertainty,4,2,group,78.7020034790039,80.21740901450468,10.622435637909614,59.579083412669526,observed support,79.06172398877342
4194,6,uncertainty,4,2,household,0.12399999797344208,0.2968281119430646,0.1264139702134885,0.12777777736385662,first physical ID,0.21099753635723612
4194,6,uncertainty,4,12,regional,1473.867919921875,1414.906559248972,5920.52580089085,1124.7620388809914,observed support,1404.85307234246
4194,6,uncertainty,4,12,group,94.0979995727539,92.77500352779752,34.27842907370687,74.30962185781638,observed support,90.95013700555175
4194,6,uncertainty,4,12,household,0.17399999499320984,0.5855956623437003,0.1623118793281783,0.20339999952250057,first physical ID,0.5617424361654905
4194,6,uncertainty,8,2,regional,1285.1400146484375,1283.789793990622,898.2464335493055,951.6152859948279,observed support,1281.5118933691947
4194,6,uncertainty,8,2,group,78.7020034790039,80.08422607381198,10.461445141199873,59.579083412669526,observed support,79.06172398877342
4194,6,uncertainty,8,2,household,0.12399999797344208,0.2980229233859084,0.12422020703758453,0.12777777736385662,first physical ID,0.21099753635723612
4194,6,uncertainty,8,12,regional,1473.867919921875,1428.5364798906796,5716.7334658499285,1124.7620388809914,observed support,1404.85307234246
4194,6,uncertainty,8,12,group,94.0979995727539,93.78061654357504,33.35783422784351,74.30962185781638,observed support,90.95013700555175
4194,6,uncertainty,8,12,household,0.17399999499320984,0.5734764477467541,0.16179391121167275,0.20339999952250057,first physical ID,0.5617424361654905
4194,7,fixed_coarse,0,2,regional,1356.7530517578125,1316.7354757033227,1293.7027230294586,1014.0473771576595,observed support,1315.2357137928016
4194,7,fixed_coarse,0,2,group,89.53500366210938,86.40538106236471,12.057474239391254,64.97047797310914,observed support,86.61418143776565
4194,7,fixed_coarse,0,2,household,0.1379999965429306,0.44424112544966765,0.1540198312754322,0.3002325580563656,first physical ID,0.37387289522480216
4194,7,fixed_coarse,0,12,regional,1784.242919921875,1569.2448237733513,8751.150645081463,1258.9952154804967,observed support,1577.5727378979595
4194,7,fixed_coarse,0,12,group,114.64199829101562,102.65315122748939,46.986387481889096,81.98965715429307,observed support,102.7689566371052
4194,7,fixed_coarse,0,12,household,0.13199999928474426,0.4736206416229388,0.16957126452573068,0.20165116166652636,first physical ID,0.4698179945454861
4194,7,uniform_fine_stream,16,2,regional,1356.7530517578125,1315.2357137928016,868.3556830454165,1014.0473771576595,observed support,1315.2357137928016
4194,7,uniform_fine_stream,16,2,group,89.53500366210938,86.61418143776565,10.07143972027706,64.97047797310914,observed support,86.61418143776565
4194,7,uniform_fine_stream,16,2,household,0.1379999965429306,0.37387289522480216,0.08670510841399022,0.3002325580563656,first physical ID,0.37387289522480216
4194,7,uniform_fine_stream,16,12,regional,1784.242919921875,1577.5727378979595,5608.537242232947,1258.9952154804967,observed support,1577.5727378979595
4194,7,uniform_fine_stream,16,12,group,114.64199829101562,102.7689566371052,32.677861252425,81.98965715429307,observed support,102.7689566371052
4194,7,uniform_fine_stream,16,12,household,0.13199999928474426,0.4698179945454861,0.16033033570879246,0.20165116166652636,first physical ID,0.4698179945454861
4194,7,fixed,2,2,regional,1356.7530517578125,1306.0183173821226,996.2711433224388,1014.0473771576595,observed support,1315.2357137928016
4194,7,fixed,2,2,group,89.53500366210938,85.74663907917261,10.822421622402972,64.97047797310914,observed support,86.61418143776565
4194,7,fixed,2,2,household,0.1379999965429306,0.5206534387426043,0.12894292191788392,0.3002325580563656,first physical ID,0.37387289522480216
4194,7,fixed,2,12,regional,1784.242919921875,1562.1504189397615,6179.56928276777,1258.9952154804967,observed support,1577.5727378979595
4194,7,fixed,2,12,group,114.64199829101562,101.99065262919554,35.36413593139239,81.98965715429307,observed support,102.7689566371052
4194,7,fixed,2,12,household,0.13199999928474426,0.5327384662107799,0.16327460922743636,0.20165116166652636,first physical ID,0.4698179945454861
4194,7,fixed,4,2,regional,1356.7530517578125,1299.2646082153315,941.6583242822153,1014.0473771576595,observed support,1315.2357137928016
4194,7,fixed,4,2,group,89.53500366210938,85.18817486469061,10.614345861635348,64.97047797310914,observed support,86.61418143776565
4194,7,fixed,4,2,household,0.1379999965429306,0.5560650717990792,0.1260119231148658,0.3002325580563656,first physical ID,0.37387289522480216
4194,7,fixed,4,12,regional,1784.242919921875,1552.804324540662,5889.994374226998,1258.9952154804967,observed support,1577.5727378979595
4194,7,fixed,4,12,group,114.64199829101562,101.37281731483603,34.082789548694564,81.98965715429307,observed support,102.7689566371052
4194,7,fixed,4,12,household,0.13199999928474426,0.5531612198599762,0.16243751186819105,0.20165116166652636,first physical ID,0.4698179945454861
4194,7,fixed,8,2,regional,1356.7530517578125,1298.2801505568805,899.5650635877271,1014.0473771576595,observed support,1315.2357137928016
4194,7,fixed,8,2,group,89.53500366210938,85.4507593500845,10.460139460821367,64.97047797310914,observed support,86.61418143776565
4194,7,fixed,8,2,household,0.1379999965429306,0.505940952534591,0.12422747080950253,0.3002325580563656,first physical ID,0.37387289522480216
4194,7,fixed,8,12,regional,1784.242919921875,1559.3797011831703,5708.934843903854,1258.9952154804967,observed support,1577.5727378979595
4194,7,fixed,8,12,group,114.64199829101562,102.07507337751244,33.28966292924246,81.98965715429307,observed support,102.7689566371052
4194,7,fixed,8,12,household,0.13199999928474426,0.49072615353280646,0.16182701009989514,0.20165116166652636,first physical ID,0.4698179945454861
4194,7,random,2,2,regional,1356.7530517578125,1337.9726255538976,988.6943380826406,1014.0473771576595,observed support,1315.2357137928016
4194,7,random,2,2,group,89.53500366210938,88.04949014458724,10.50415995488156,64.97047797310914,observed support,86.61418143776565
4194,7,random,2,2,household,0.1379999965429306,0.2634078039099351,0.08845457865306953,0.3002325580563656,first physical ID,0.37387289522480216
4194,7,random,2,12,regional,1784.242919921875,1575.732626974052,6131.264277507734,1258.9952154804967,observed support,1577.5727378979595
4194,7,random,2,12,group,114.64199829101562,102.6932122166766,34.876338991384955,81.98965715429307,observed support,102.7689566371052
4194,7,random,2,12,household,0.13199999928474426,0.5173989624429435,0.161972569598174,0.20165116166652636,first physical ID,0.4698179945454861
4194,7,random,4,2,regional,1356.7530517578125,1341.6286355837628,934.5713715026116,1014.0473771576595,observed support,1315.2357137928016
4194,7,random,4,2,group,89.53500366210938,88.335166070404,10.309280243574477,64.97047797310914,observed support,86.61418143776565
4194,7,random,4,2,household,0.1379999965429306,0.285679412981058,0.08761527775762584,0.3002325580563656,first physical ID,0.37387289522480216
4194,7,random,4,12,regional,1784.242919921875,1604.7347695772733,5893.360012185501,1258.9952154804967,observed support,1577.5727378979595
4194,7,random,4,12,group,114.64199829101562,104.56098719501794,33.87785879589974,81.98965715429307,observed support,102.7689566371052
4194,7,random,4,12,household,0.13199999928474426,0.519155882172229,0.16118054100564844,0.20165116166652636,first physical ID,0.4698179945454861
4194,7,random,8,2,regional,1356.7530517578125,1326.4905233541338,898.5980446632605,1014.0473771576595,observed support,1315.2357137928016
4194,7,random,8,2,group,89.53500366210938,87.1665222809714,10.176110475915609,64.97047797310914,observed support,86.61418143776565
4194,7,random,8,2,household,0.1379999965429306,0.37025428735791943,0.08707230719654317,0.3002325580563656,first physical ID,0.37387289522480216
4194,7,random,8,12,regional,1784.242919921875,1574.8999604972041,5722.4696502859515,1258.9952154804967,observed support,1577.5727378979595
4194,7,random,8,12,group,114.64199829101562,102.55855057487048,33.15174187087714,81.98965715429307,observed support,102.7689566371052
4194,7,random,8,12,household,0.13199999928474426,0.542604795396771,0.16067851266646865,0.20165116166652636,first physical ID,0.4698179945454861
4194,7,uncertainty,2,2,regional,1356.7530517578125,1314.8877981668504,994.6847383760411,1014.0473771576595,observed support,1315.2357137928016
4194,7,uncertainty,2,2,group,89.53500366210938,86.42806440508339,10.825088686513217,64.97047797310914,observed support,86.61418143776565
4194,7,uncertainty,2,2,household,0.1379999965429306,0.4892325916636387,0.12971605462846683,0.3002325580563656,first physical ID,0.37387289522480216
4194,7,uncertainty,2,12,regional,1784.242919921875,1586.627582537892,6150.701471288051,1258.9952154804967,observed support,1577.5727378979595
4194,7,uncertainty,2,12,group,114.64199829101562,103.86923927655837,35.288183667303045,81.98965715429307,observed support,102.7689566371052
4194,7,uncertainty,2,12,household,0.13199999928474426,0.4934539057180378,0.16303643479955104,0.20165116166652636,first physical ID,0.4698179945454861
4194,7,uncertainty,4,2,regional,1356.7530517578125,1311.025245587946,941.5869137701658,1014.0473771576595,observed support,1315.2357137928016
4194,7,uncertainty,4,2,group,89.53500366210938,86.17436165185184,10.622316810521793,64.97047797310914,observed support,86.61418143776565
4194,7,uncertainty,4,2,household,0.1379999965429306,0.4924006349644591,0.12641398837602252,0.3002325580563656,first physical ID,0.37387289522480216
4194,7,uncertainty,4,12,regional,1784.242919921875,1587.8145018043701,5928.268980301776,1258.9952154804967,observed support,1577.5727378979595
4194,7,uncertainty,4,12,group,114.64199829101562,103.72828607203475,34.2782570252574,81.98965715429307,observed support,102.7689566371052
4194,7,uncertainty,4,12,household,0.13199999928474426,0.491165978050111,0.162311169762287,0.20165116166652636,first physical ID,0.4698179945454861
4194,7,uncertainty,8,2,regional,1356.7530517578125,1302.951579749837,899.2166387004437,1014.0473771576595,observed support,1315.2357137928016
4194,7,uncertainty,8,2,group,89.53500366210938,85.69375863186407,10.461372670348473,64.97047797310914,observed support,86.61418143776565
4194,7,uncertainty,8,2,household,0.1379999965429306,0.5069605781804596,0.12422024486140237,0.3002325580563656,first physical ID,0.37387289522480216
4194,7,uncertainty,8,12,regional,1784.242919921875,1584.115076275245,5724.214821286954,1258.9952154804967,observed support,1577.5727378979595
4194,7,uncertainty,8,12,group,114.64199829101562,103.53399826339655,33.35787298220018,81.98965715429307,observed support,102.7689566371052
4194,7,uncertainty,8,12,household,0.13199999928474426,0.44696973790429917,0.16179360143038052,0.20165116166652636,first physical ID,0.4698179945454861
4194,8,fixed_coarse,0,2,regional,1044.2880859375,1012.0175675083278,1286.7763571649748,837.3329782287351,observed support,989.5346438530381
4194,8,fixed_coarse,0,2,group,66.70600128173828,67.95522279543941,12.052162672011546,55.4548886800162,observed support,66.13542232127232
4194,8,fixed_coarse,0,2,household,0.035999998450279236,0.16838280857792853,0.1541796214545186,0.2190652167343575,first physical ID,0.2579990300188306
4194,8,fixed_coarse,0,12,regional,1573.1529541015625,1439.469252763024,8701.521835436943,1230.6382541931907,observed support,1484.8733659296845
4194,8,fixed_coarse,0,12,group,108.5459976196289,94.40074628792075,46.88538767138502,80.29302786546299,observed support,96.73824383200889
4194,8,fixed_coarse,0,12,household,0.36500000953674316,0.3319289103207911,0.16968689904657625,0.23426086909097174,first physical ID,0.30414160391315065
4194,8,uniform_fine_stream,16,2,regional,1044.2880859375,989.5346438530381,865.4617819366504,837.3329782287351,observed support,989.5346438530381
4194,8,uniform_fine_stream,16,2,group,66.70600128173828,66.13542232127232,10.072409366401912,55.4548886800162,observed support,66.13542232127232
4194,8,uniform_fine_stream,16,2,household,0.035999998450279236,0.2579990300188306,0.08670958325715451,0.2190652167343575,first physical ID,0.2579990300188306
4194,8,uniform_fine_stream,16,12,regional,1573.1529541015625,1484.8733659296845,5591.16510827258,1230.6382541931907,observed support,1484.8733659296845
4194,8,uniform_fine_stream,16,12,group,108.5459976196289,96.73824383200889,32.6798348960421,80.29302786546299,observed support,96.73824383200889
4194,8,uniform_fine_stream,16,12,household,0.36500000953674316,0.30414160391315065,0.16033442305387047,0.23426086909097174,first physical ID,0.30414160391315065
4194,8,fixed,2,2,regional,1044.2880859375,997.2587749530835,1000.6832957552615,837.3329782287351,observed support,989.5346438530381
4194,8,fixed,2,2,group,66.70600128173828,67.04069863585441,10.874306849685041,55.4548886800162,observed support,66.13542232127232
4194,8,fixed,2,2,household,0.035999998450279236,0.45274633444157736,0.1301170955966559,0.2190652167343575,first physical ID,0.2579990300188306
4194,8,fixed,2,12,regional,1573.1529541015625,1502.4204973560868,6289.439078420531,1230.6382541931907,observed support,1484.8733659296845
4194,8,fixed,2,12,group,108.5459976196289,98.43606104577741,35.957574273168376,80.29302786546299,observed support,96.73824383200889
4194,8,fixed,2,12,household,0.36500000953674316,0.36412392819051265,0.16329584656056628,0.23426086909097174,first physical ID,0.30414160391315065
4194,8,fixed,4,2,regional,1044.2880859375,983.5082654210593,940.2597273789714,837.3329782287351,observed support,989.5346438530381
4194,8,fixed,4,2,group,66.70600128173828,66.26475459335599,10.628997185473906,55.4548886800162,observed support,66.13542232127232
4194,8,fixed,4,2,household,0.035999998450279236,0.34798212086510366,0.12648238177139293,0.2190652167343575,first physical ID,0.2579990300188306
4194,8,fixed,4,12,regional,1573.1529541015625,1491.424396756608,5871.330617001244,1230.6382541931907,observed support,1484.8733659296845
4194,8,fixed,4,12,group,108.5459976196289,97.66688082022283,34.10071632182505,80.29302786546299,observed support,96.73824383200889
4194,8,fixed,4,12,household,0.36500000953674316,0.25841600891495575,0.16232870695074725,0.23426086909097174,first physical ID,0.30414160391315065
4194,8,fixed,8,2,regional,1044.2880859375,989.5019965219439,897.0124072761059,837.3329782287351,observed support,989.5346438530381
4194,8,fixed,8,2,group,66.70600128173828,66.57213660213323,10.46819117863063,55.4548886800162,observed support,66.13542232127232
4194,8,fixed,8,2,household,0.035999998450279236,0.398861417658855,0.12434932971729018,0.2190652167343575,first physical ID,0.2579990300188306
4194,8,fixed,8,12,regional,1573.1529541015625,1498.0246890848855,5705.051201656208,1230.6382541931907,observed support,1484.8733659296845
4194,8,fixed,8,12,group,108.5459976196289,98.01504148707645,33.35539690719512,80.29302786546299,observed support,96.73824383200889
4194,8,fixed,8,12,household,0.36500000953674316,0.3124607957102639,0.16185459800480412,0.23426086909097174,first physical ID,0.30414160391315065
4194,8,random,2,2,regional,1044.2880859375,1019.3306791112369,998.9619698136903,837.3329782287351,observed support,989.5346438530381
4194,8,random,2,2,group,66.70600128173828,68.09947067323614,10.571917693974385,55.4548886800162,observed support,66.13542232127232
4194,8,random,2,2,household,0.035999998450279236,0.16858035526745527,0.08855492867842688,0.2190652167343575,first physical ID,0.2579990300188306
4194,8,random,2,12,regional,1573.1529541015625,1465.739342344459,6238.707020859506,1230.6382541931907,observed support,1484.8733659296845
4194,8,random,2,12,group,108.5459976196289,95.80578969191028,35.391687129656596,80.29302786546299,observed support,96.73824383200889
4194,8,random,2,12,household,0.36500000953674316,0.3005758953278692,0.16197104866110434,0.23426086909097174,first physical ID,0.30414160391315065
4194,8,random,4,2,regional,1044.2880859375,1012.0617541329055,944.238680243672,837.3329782287351,observed support,989.5346438530381
4194,8,random,4,2,group,66.70600128173828,67.44561918324094,10.357781899393615,55.4548886800162,observed support,66.13542232127232
4194,8,random,4,2,household,0.035999998450279236,0.19908542059430442,0.08764918421417156,0.2190652167343575,first physical ID,0.2579990300188306
4194,8,random,4,12,regional,1573.1529541015625,1479.7317331312022,5944.216171653819,1230.6382541931907,observed support,1484.8733659296845
4194,8,random,4,12,group,108.5459976196289,96.55139420713148,34.14448905680325,80.29302786546299,observed support,96.73824383200889
4194,8,random,4,12,household,0.36500000953674316,0.31894574448109136,0.16123977066827788,0.23426086909097174,first physical ID,0.30414160391315065
4194,8,random,8,2,regional,1044.2880859375,1003.3845410618492,897.8461022353082,837.3329782287351,observed support,989.5346438530381
4194,8,random,8,2,group,66.70600128173828,66.9281442775847,10.18505699985171,55.4548886800162,observed support,66.13542232127232
4194,8,random,8,2,household,0.035999998450279236,0.20971268836920384,0.08708150232543484,0.2190652167343575,first physical ID,0.2579990300188306
4194,8,random,8,12,regional,1573.1529541015625,1488.3293272044875,5707.07599839465,1230.6382541931907,observed support,1484.8733659296845
4194,8,random,8,12,group,108.5459976196289,97.03645260286531,33.16015818677266,80.29302786546299,observed support,96.73824383200889
4194,8,random,8,12,household,0.36500000953674316,0.2955943609522002,0.16071614619494728,0.23426086909097174,first physical ID,0.30414160391315065
4194,8,uncertainty,2,2,regional,1044.2880859375,998.3032494226686,991.3750409476982,837.3329782287351,observed support,989.5346438530381
4194,8,uncertainty,2,2,group,66.70600128173828,67.11826961012527,10.82928014808159,55.4548886800162,observed support,66.13542232127232
4194,8,uncertainty,2,2,household,0.035999998450279236,0.2650826298591721,0.12972594240422738,0.2190652167343575,first physical ID,0.2579990300188306
4194,8,uncertainty,2,12,regional,1573.1529541015625,1473.1277631389778,6136.061357483392,1230.6382541931907,observed support,1484.8733659296845
4194,8,uncertainty,2,12,group,108.5459976196289,96.45994001738465,35.31075853590295,80.29302786546299,observed support,96.73824383200889
4194,8,uncertainty,2,12,household,0.36500000953674316,0.2803570239800783,0.16303739092380581,0.23426086909097174,first physical ID,0.30414160391315065
4194,8,uncertainty,4,2,regional,1044.2880859375,993.2306809712823,938.6351670705543,837.3329782287351,observed support,989.5346438530381
4194,8,uncertainty,4,2,group,66.70600128173828,67.06305767157046,10.62527479100626,55.4548886800162,observed support,66.13542232127232
4194,8,uncertainty,4,2,household,0.035999998450279236,0.3006777746035838,0.1264219040116351,0.2190652167343575,first physical ID,0.2579990300188306
4194,8,uncertainty,4,12,regional,1573.1529541015625,1477.2638770577398,5911.981598880129,1230.6382541931907,observed support,1484.8733659296845
4194,8,uncertainty,4,12,group,108.5459976196289,96.92880949120438,34.289499414087416,80.29302786546299,observed support,96.73824383200889
4194,8,uncertainty,4,12,household,0.36500000953674316,0.30459155458693443,0.1623156785212993,0.23426086909097174,first physical ID,0.30414160391315065
4194,8,uncertainty,8,2,regional,1044.2880859375,971.2390405432204,896.3036148322733,837.3329782287351,observed support,989.5346438530381
4194,8,uncertainty,8,2,group,66.70600128173828,65.5466597179275,10.463208090351886,55.4548886800162,observed support,66.13542232127232
4194,8,uncertainty,8,2,household,0.035999998450279236,0.34654106104846044,0.12426041033517415,0.2190652167343575,first physical ID,0.2579990300188306
4194,8,uncertainty,8,12,regional,1573.1529541015625,1461.879602995811,5707.057443055341,1230.6382541931907,observed support,1484.8733659296845
4194,8,uncertainty,8,12,group,108.5459976196289,95.78493683450338,33.362359265852504,80.29302786546299,observed support,96.73824383200889
4194,8,uncertainty,8,12,household,0.36500000953674316,0.30809589191129144,0.16180481964809168,0.23426086909097174,first physical ID,0.30414160391315065
4194,9,fixed_coarse,0,2,regional,941.5800170898438,1059.6474745461219,1280.732075564875,814.1122240097231,observed support,1010.7473972564808
4194,9,fixed_coarse,0,2,group,60.60499954223633,68.42209348021157,12.052680737240225,53.89446812283895,observed support,66.7640010800997
4194,9,fixed_coarse,0,2,household,0.23499999940395355,0.17473565677428055,0.15412091934911093,0.212199999888738,first physical ID,0.1352927240886458
4194,9,fixed_coarse,0,12,regional,951.2630004882812,1055.3132214130876,8709.387016063632,781.4191897798711,observed support,995.4121453631061
4194,9,fixed_coarse,0,12,group,64.02999877929688,69.52896361975368,46.925854127769185,51.85889048696105,observed support,65.86062263835228
4194,9,fixed_coarse,0,12,household,0.061000000685453415,0.2770885913921626,0.16968579615357648,0.129911111212439,first physical ID,0.15508227507355046
4194,9,uniform_fine_stream,16,2,regional,941.5800170898438,1010.7473972564808,863.1807857783905,814.1122240097231,observed support,1010.7473972564808
4194,9,uniform_fine_stream,16,2,group,60.60499954223633,66.7640010800997,10.072370508320416,53.89446812283895,observed support,66.7640010800997
4194,9,uniform_fine_stream,16,2,household,0.23499999940395355,0.1352927240886458,0.08670951360934546,0.212199999888738,first physical ID,0.1352927240886458
4194,9,uniform_fine_stream,16,12,regional,951.2630004882812,995.4121453631061,5589.795039259605,781.4191897798711,observed support,995.4121453631061
4194,9,uniform_fine_stream,16,12,group,64.02999877929688,65.86062263835228,32.67967920326947,51.85889048696105,observed support,65.86062263835228
4194,9,uniform_fine_stream,16,12,household,0.061000000685453415,0.15508227507355046,0.16033412381099144,0.129911111212439,first physical ID,0.15508227507355046
4194,9,fixed,2,2,regional,941.5800170898438,1028.2920730720086,986.2851906870119,814.1122240097231,observed support,1010.7473972564808
4194,9,fixed,2,2,group,60.60499954223633,67.01062777348086,10.816400934047701,53.89446812283895,observed support,66.7640010800997
4194,9,fixed,2,2,household,0.23499999940395355,0.020035691494213193,0.1288161648720926,0.212199999888738,first physical ID,0.1352927240886458
4194,9,fixed,2,12,regional,951.2630004882812,1030.1285874071718,6135.2907678874435,781.4191897798711,observed support,995.4121453631061
4194,9,fixed,2,12,group,64.02999877929688,67.6443185384177,35.27455674715521,51.85889048696105,observed support,65.86062263835228
4194,9,fixed,2,12,household,0.061000000685453415,0.1664268350010933,0.1632838960757518,0.129911111212439,first physical ID,0.15508227507355046
4194,9,fixed,4,2,regional,941.5800170898438,1017.4227324824715,934.269099044378,814.1122240097231,observed support,1010.7473972564808
4194,9,fixed,4,2,group,60.60499954223633,66.33715194732093,10.614587153322368,53.89446812283895,observed support,66.7640010800997
4194,9,fixed,4,2,household,0.23499999940395355,0.08747549514337005,0.12609841734704924,0.212199999888738,first physical ID,0.1352927240886458
4194,9,fixed,4,12,regional,951.2630004882812,1013.4327241669514,5859.042399822238,781.4191897798711,observed support,995.4121453631061
4194,9,fixed,4,12,group,64.02999877929688,66.80491393445678,34.05605069478839,51.85889048696105,observed support,65.86062263835228
4194,9,fixed,4,12,household,0.061000000685453415,0.14015836757699282,0.16234060010836604,0.129911111212439,first physical ID,0.15508227507355046
4194,9,fixed,8,2,regional,941.5800170898438,1009.3869136809991,893.5219552662795,814.1122240097231,observed support,1010.7473972564808
4194,9,fixed,8,2,group,60.60499954223633,66.55367998976205,10.185084228566211,53.89446812283895,observed support,66.7640010800997
4194,9,fixed,8,2,household,0.23499999940395355,0.1457586964255992,0.08705124616382151,0.212199999888738,first physical ID,0.1352927240886458
4194,9,fixed,8,12,regional,951.2630004882812,970.1744983031286,5698.436356140385,781.4191897798711,observed support,995.4121453631061
4194,9,fixed,8,12,group,64.02999877929688,64.20174712833237,33.13960274563695,51.85889048696105,observed support,65.86062263835228
4194,9,fixed,8,12,household,0.061000000685453415,0.20798524992655465,0.1606809218892874,0.129911111212439,first physical ID,0.15508227507355046
4194,9,random,2,2,regional,941.5800170898438,1026.3369627839631,996.9697905942189,814.1122240097231,observed support,1010.7473972564808
4194,9,random,2,2,group,60.60499954223633,66.86383873581168,10.879274138423117,53.89446812283895,observed support,66.7640010800997
4194,9,random,2,2,household,0.23499999940395355,0.1431047424432925,0.12949918443619432,0.212199999888738,first physical ID,0.1352927240886458
4194,9,random,2,12,regional,951.2630004882812,1013.4547825812629,6276.085709201108,781.4191897798711,observed support,995.4121453631061
4194,9,random,2,12,group,64.02999877929688,66.99555406110466,35.893746895226656,51.85889048696105,observed support,65.86062263835228
4194,9,random,2,12,household,0.061000000685453415,0.19707710651249527,0.1633904404019091,0.129911111212439,first physical ID,0.15508227507355046
4194,9,random,4,2,regional,941.5800170898438,1013.4266846970913,936.5713549490985,814.1122240097231,observed support,1010.7473972564808
4194,9,random,4,2,group,60.60499954223633,66.7405106697869,10.3396399221491,53.89446812283895,observed support,66.7640010800997
4194,9,random,4,2,household,0.23499999940395355,0.15805913246175388,0.0876924265065149,0.212199999888738,first physical ID,0.1352927240886458
4194,9,random,4,12,regional,951.2630004882812,1000.3681220902798,5902.172124513534,781.4191897798711,observed support,995.4121453631061
4194,9,random,4,12,group,64.02999877929688,66.20309985835206,33.987219899734384,51.85889048696105,observed support,65.86062263835228
4194,9,random,4,12,household,0.061000000685453415,0.1763397167112024,0.16123936843419145,0.129911111212439,first physical ID,0.15508227507355046
4194,9,random,8,2,regional,941.5800170898438,1007.4467773638326,893.1421330648008,814.1122240097231,observed support,1010.7473972564808
4194,9,random,8,2,group,60.60499954223633,66.49773119084679,10.177873587823415,53.89446812283895,observed support,66.7640010800997
4194,9,random,8,2,household,0.23499999940395355,0.1738383526944513,0.08707829339098912,0.212199999888738,first physical ID,0.1352927240886458
4194,9,random,8,12,regional,951.2630004882812,985.8777347424947,5716.2451278237195,781.4191897798711,observed support,995.4121453631061
4194,9,random,8,12,group,64.02999877929688,65.3118176542934,33.20892346498715,51.85889048696105,observed support,65.86062263835228
4194,9,random,8,12,household,0.061000000685453415,0.18361834593552667,0.16070895834690746,0.129911111212439,first physical ID,0.15508227507355046
4194,9,uncertainty,2,2,regional,941.5800170898438,1016.417965999309,988.0814724507027,814.1122240097231,observed support,1010.7473972564808
4194,9,uncertainty,2,2,group,60.60499954223633,66.18776043339422,10.829157347488383,53.89446812283895,observed support,66.7640010800997
4194,9,uncertainty,2,2,household,0.23499999940395355,0.2168569947240704,0.1297240562545792,0.212199999888738,first physical ID,0.1352927240886458
4194,9,uncertainty,2,12,regional,951.2630004882812,993.7564252962345,6135.422015954644,781.4191897798711,observed support,995.4121453631061
4194,9,uncertainty,2,12,group,64.02999877929688,65.77061079360793,35.31278012638387,51.85889048696105,observed support,65.86062263835228
4194,9,uncertainty,2,12,household,0.061000000685453415,0.17857217316593796,0.16303602540070472,0.129911111212439,first physical ID,0.15508227507355046
4194,9,uncertainty,4,2,regional,941.5800170898438,1004.6511815367751,935.7744315594615,814.1122240097231,observed support,1010.7473972564808
4194,9,uncertainty,4,2,group,60.60499954223633,65.38741951326125,10.625249373703507,53.89446812283895,observed support,66.7640010800997
4194,9,uncertainty,4,2,household,0.23499999940395355,0.18582398424279306,0.12642162410006852,0.212199999888738,first physical ID,0.1352927240886458
4194,9,uncertainty,4,12,regional,951.2630004882812,953.664320480055,5910.960341807366,781.4191897798711,observed support,995.4121453631061
4194,9,uncertainty,4,12,group,64.02999877929688,62.958230585994414,34.290354952310274,51.85889048696105,observed support,65.86062263835228
4194,9,uncertainty,4,12,household,0.061000000685453415,0.20037613935516457,0.16231569782583777,0.129911111212439,first physical ID,0.15508227507355046
4194,9,uncertainty,8,2,regional,941.5800170898438,1013.7986954311231,893.7916271313256,814.1122240097231,observed support,1010.7473972564808
4194,9,uncertainty,8,2,group,60.60499954223633,65.95127711382209,10.46318331227626,53.89446812283895,observed support,66.7640010800997
4194,9,uncertainty,8,2,household,0.23499999940395355,0.12272148609431371,0.1242604425162953,0.212199999888738,first physical ID,0.1352927240886458
4194,9,uncertainty,8,12,regional,951.2630004882812,983.1333773065905,5705.844574292503,781.4191897798711,observed support,995.4121453631061
4194,9,uncertainty,8,12,group,64.02999877929688,64.6551425359575,33.362617124654946,51.85889048696105,observed support,65.86062263835228
4194,9,uncertainty,8,12,household,0.061000000685453415,0.18257432604722929,0.1618045589325982,0.129911111212439,first physical ID,0.15508227507355046
4194,10,fixed_coarse,0,2,regional,585.365966796875,657.8725526095302,1284.679078635796,629.2540607459403,observed support,646.066922599045
4194,10,fixed_coarse,0,2,group,39.842002868652344,42.82811689351999,12.05401837184435,40.51444963799888,observed support,42.289008093609965
4194,10,fixed_coarse,0,2,household,0.5099999904632568,0.8935458063926582,0.15424047981176223,0.6229777794745234,first physical ID,0.7299408299321026
4194,10,fixed_coarse,0,12,regional,851.2349853515625,902.3428061029124,8696.432867964875,794.456241875191,observed support,870.5718970299286
4194,10,fixed_coarse,0,12,group,58.137001037597656,60.96965537391626,46.92474643102012,53.27821989125048,observed support,58.90160402159398
4194,10,fixed_coarse,0,12,household,0.17399999499320984,0.17329482411147626,0.16968357454898766,0.17564444343249003,first physical ID,0.1887990247871982
4194,10,uniform_fine_stream,16,2,regional,585.365966796875,646.066922599045,864.0798120089515,629.2540607459403,observed support,646.066922599045
4194,10,uniform_fine_stream,16,2,group,39.842002868652344,42.289008093609965,10.072425450113101,40.51444963799888,observed support,42.289008093609965
4194,10,uniform_fine_stream,16,2,household,0.5099999904632568,0.7299408299321026,0.08671005815572036,0.6229777794745234,first physical ID,0.7299408299321026
4194,10,uniform_fine_stream,16,12,regional,851.2349853515625,870.5718970299286,5581.261816478888,794.456241875191,observed support,870.5718970299286
4194,10,uniform_fine_stream,16,12,group,58.137001037597656,58.90160402159398,32.67947696729871,53.27821989125048,observed support,58.90160402159398
4194,10,uniform_fine_stream,16,12,household,0.17399999499320984,0.1887990247871982,0.16033423898985413,0.17564444343249003,first physical ID,0.1887990247871982
4194,10,fixed,2,2,regional,585.365966796875,653.2437963586464,987.45434880263,629.2540607459403,observed support,646.066922599045
4194,10,fixed,2,2,group,39.842002868652344,42.58897571114981,10.810971859835771,40.51444963799888,observed support,42.289008093609965
4194,10,fixed,2,2,household,0.5099999904632568,0.8808287747126932,0.12913634876637223,0.6229777794745234,first physical ID,0.7299408299321026
4194,10,fixed,2,12,regional,851.2349853515625,896.0570503406186,6049.702329025674,794.456241875191,observed support,870.5718970299286
4194,10,fixed,2,12,group,58.137001037597656,60.55941481386328,34.954872835753484,53.27821989125048,observed support,58.90160402159398
4194,10,fixed,2,12,household,0.17399999499320984,0.19423795334688074,0.16302275180014109,0.17564444343249003,first physical ID,0.1887990247871982
4194,10,fixed,4,2,regional,585.365966796875,654.4614512627802,935.2681959128261,629.2540607459403,observed support,646.066922599045
4194,10,fixed,4,2,group,39.842002868652344,42.610274224897246,10.610463656494332,40.51444963799888,observed support,42.289008093609965
4194,10,fixed,4,2,household,0.5099999904632568,0.8876521012180032,0.126131381372189,0.6229777794745234,first physical ID,0.7299408299321026
4194,10,fixed,4,12,regional,851.2349853515625,889.6396566694173,5828.183902610565,794.456241875191,observed support,870.5718970299286
4194,10,fixed,4,12,group,58.137001037597656,60.07875360861941,33.94409174153665,53.27821989125048,observed support,58.90160402159398
4194,10,fixed,4,12,household,0.17399999499320984,0.20263450662038046,0.16231950082975655,0.17564444343249003,first physical ID,0.1887990247871982
4194,10,fixed,8,2,regional,585.365966796875,646.6229059419383,893.6962506966968,629.2540607459403,observed support,646.066922599045
4194,10,fixed,8,2,group,39.842002868652344,42.3937866717589,10.180393838497375,40.51444963799888,observed support,42.289008093609965
4194,10,fixed,8,2,household,0.5099999904632568,0.6942192435257718,0.08705058598163781,0.6229777794745234,first physical ID,0.7299408299321026
4194,10,fixed,8,12,regional,851.2349853515625,879.308328088093,5689.627004095122,794.456241875191,observed support,870.5718970299286
4194,10,fixed,8,12,group,58.137001037597656,59.50852719402515,33.14018233963056,53.27821989125048,observed support,58.90160402159398
4194,10,fixed,8,12,household,0.17399999499320984,0.16373543232926985,0.1606780840653813,0.17564444343249003,first physical ID,0.1887990247871982
4194,10,random,2,2,regional,585.365966796875,648.8439944775128,994.6995625849919,629.2540607459403,observed support,646.066922599045
4194,10,random,2,2,group,39.842002868652344,42.087204835018404,10.85960754416778,40.51444963799888,observed support,42.289008093609965
4194,10,random,2,2,household,0.5099999904632568,0.8594322316472152,0.12969437819990906,0.6229777794745234,first physical ID,0.7299408299321026
4194,10,random,2,12,regional,851.2349853515625,861.7145222345282,6196.610195152892,794.456241875191,observed support,870.5718970299286
4194,10,random,2,12,group,58.137001037597656,58.03497785768704,35.592125123297166,53.27821989125048,observed support,58.90160402159398
4194,10,random,2,12,household,0.17399999499320984,0.23810184340500137,0.16339932002306176,0.17564444343249003,first physical ID,0.1887990247871982
4194,10,random,4,2,regional,585.365966796875,647.9367956345874,943.4127372275124,629.2540607459403,observed support,646.066922599045
4194,10,random,4,2,group,39.842002868652344,41.984838436148536,10.655580827821547,40.51444963799888,observed support,42.289008093609965
4194,10,random,4,2,household,0.5099999904632568,0.979657220157867,0.1265305288364938,0.6229777794745234,first physical ID,0.7299408299321026
4194,10,random,4,12,regional,851.2349853515625,867.5138932168363,5931.658943319432,794.456241875191,observed support,870.5718970299286
4194,10,random,4,12,group,58.137001037597656,58.454285533112476,34.39954749476949,53.27821989125048,observed support,58.90160402159398
4194,10,random,4,12,household,0.17399999499320984,0.2520751705755175,0.16247927740336274,0.17564444343249003,first physical ID,0.1887990247871982
4194,10,random,8,2,regional,585.365966796875,645.1883646612955,896.6687137239771,629.2540607459403,observed support,646.066922599045
4194,10,random,8,2,group,39.842002868652344,41.84684089601231,10.47376593961214,40.51444963799888,observed support,42.289008093609965
4194,10,random,8,2,household,0.5099999904632568,0.9459594580676594,0.12432771892372223,0.6229777794745234,first physical ID,0.7299408299321026
4194,10,random,8,12,regional,851.2349853515625,864.8026139638994,5699.959594121774,794.456241875191,observed support,870.5718970299286
4194,10,random,8,12,group,58.137001037597656,58.281885744555346,33.37789265070017,53.27821989125048,observed support,58.90160402159398
4194,10,random,8,12,household,0.17399999499320984,0.22904027570849028,0.1618489051203949,0.17564444343249003,first physical ID,0.1887990247871982
4194,10,uncertainty,2,2,regional,585.365966796875,663.0982082352837,989.2304595719378,629.2540607459403,observed support,646.066922599045
4194,10,uncertainty,2,2,group,39.842002868652344,43.160879422235624,10.825558287969914,40.51444963799888,observed support,42.289008093609965
4194,10,uncertainty,2,2,household,0.5099999904632568,0.8817230580396586,0.12972552552061062,0.6229777794745234,first physical ID,0.7299408299321026
4194,10,uncertainty,2,12,regional,851.2349853515625,896.6296164686863,6121.731853398114,794.456241875191,observed support,870.5718970299286
4194,10,uncertainty,2,12,group,58.137001037597656,60.55367333078344,35.290757439932136,53.27821989125048,observed support,58.90160402159398
4194,10,uncertainty,2,12,household,0.17399999499320984,0.20604317334331484,0.16303516245192062,0.17564444343249003,first physical ID,0.1887990247871982
4194,10,uncertainty,4,2,regional,585.365966796875,651.2952750894462,937.0045813554032,629.2540607459403,observed support,646.066922599045
4194,10,uncertainty,4,2,group,39.842002868652344,42.32504736739502,10.624533280321998,40.51444963799888,observed support,42.289008093609965
4194,10,uncertainty,4,2,household,0.5099999904632568,0.8675346644245121,0.12642980399429687,0.6229777794745234,first physical ID,0.7299408299321026
4194,10,uncertainty,4,12,regional,851.2349853515625,872.1267570750774,5900.390022491662,794.456241875191,observed support,870.5718970299286
4194,10,uncertainty,4,12,group,58.137001037597656,58.82362913658084,34.28229923946357,53.27821989125048,observed support,58.90160402159398
4194,10,uncertainty,4,12,household,0.17399999499320984,0.21797248429372623,0.16231540589630125,0.17564444343249003,first physical ID,0.1887990247871982
4194,10,uncertainty,8,2,regional,585.365966796875,647.0997274181769,894.8513201042517,629.2540607459403,observed support,646.066922599045
4194,10,uncertainty,8,2,group,39.842002868652344,41.995627251139005,10.46306257557432,40.51444963799888,observed support,42.289008093609965
4194,10,uncertainty,8,2,household,0.5099999904632568,0.9092137704783045,0.12426237905800072,0.6229777794745234,first physical ID,0.7299408299321026
4194,10,uncertainty,8,12,regional,851.2349853515625,865.2840075380684,5696.752380171297,794.456241875191,observed support,870.5718970299286
4194,10,uncertainty,8,12,group,58.137001037597656,58.37488566693238,33.36050637048308,53.27821989125048,observed support,58.90160402159398
4194,10,uncertainty,8,12,household,0.17399999499320984,0.21813946413406898,0.16180460335075542,0.17564444343249003,first physical ID,0.1887990247871982
4194,11,fixed_coarse,0,2,regional,583.760986328125,586.1913030520063,1283.732866999162,478.9100729693817,observed support,573.3827252219021
4194,11,fixed_coarse,0,2,group,37.4109992980957,39.34254508426258,12.049636628763773,31.348367454366375,observed support,38.632918270840825
4194,11,fixed_coarse,0,2,household,1.2139999866485596,1.3016766419477954,0.1541550535793336,0.7720444454087152,first physical ID,1.245147531832595
4194,11,fixed_coarse,0,12,regional,963.447998046875,921.3042014680395,8703.188196585746,837.1659464278491,observed support,920.1860287411765
4194,11,fixed_coarse,0,12,group,61.6719970703125,60.21999375688652,46.92444814861915,53.817315353049764,observed support,60.47539328861807
4194,11,fixed_coarse,0,12,household,0.12099999934434891,0.44344807076696935,0.16971514860502987,0.23975555524230002,first physical ID,0.42218875299378045
4194,11,uniform_fine_stream,16,2,regional,583.760986328125,573.3827252219021,863.0415458469638,478.9100729693817,observed support,573.3827252219021
4194,11,uniform_fine_stream,16,2,group,37.4109992980957,38.632918270840825,10.072428790199133,31.348367454366375,observed support,38.632918270840825
4194,11,uniform_fine_stream,16,2,household,1.2139999866485596,1.245147531832595,0.08671079110835042,0.7720444454087152,first physical ID,1.245147531832595
4194,11,uniform_fine_stream,16,12,regional,963.447998046875,920.1860287411765,5586.303275962593,837.1659464278491,observed support,920.1860287411765
4194,11,uniform_fine_stream,16,12,group,61.6719970703125,60.47539328861807,32.68017543707525,53.817315353049764,observed support,60.47539328861807
4194,11,uniform_fine_stream,16,12,household,0.12099999934434891,0.42218875299378045,0.16033453644866422,0.23975555524230002,first physical ID,0.42218875299378045
4194,11,fixed,2,2,regional,583.760986328125,586.8836090894795,988.6436498267947,478.9100729693817,observed support,573.3827252219021
4194,11,fixed,2,2,group,37.4109992980957,39.17929542635759,10.82803744976525,31.348367454366375,observed support,38.632918270840825
4194,11,fixed,2,2,household,1.2139999866485596,1.4740654114786138,0.12972488981099062,0.7720444454087152,first physical ID,1.245147531832595
4194,11,fixed,2,12,regional,963.447998046875,925.2376441750665,6130.290967519388,837.1659464278491,observed support,920.1860287411765
4194,11,fixed,2,12,group,61.6719970703125,60.28368647012788,35.307567358524196,53.817315353049764,observed support,60.47539328861807
4194,11,fixed,2,12,household,0.12099999934434891,0.4665363090205318,0.16303806581730967,0.23975555524230002,first physical ID,0.42218875299378045
4194,11,fixed,4,2,regional,583.760986328125,573.2628495590338,937.5844148213837,478.9100729693817,observed support,573.3827252219021
4194,11,fixed,4,2,group,37.4109992980957,38.38218356894029,10.633678232177296,31.348367454366375,observed support,38.632918270840825
4194,11,fixed,4,2,household,1.2139999866485596,1.5535875178544187,0.1264699326831039,0.7720444454087152,first physical ID,1.245147531832595
4194,11,fixed,4,12,regional,963.447998046875,917.5053761888753,5878.834602337888,837.1659464278491,observed support,920.1860287411765
4194,11,fixed,4,12,group,61.6719970703125,59.80012453441691,34.16173949808749,53.817315353049764,observed support,60.47539328861807
4194,11,fixed,4,12,household,0.12099999934434891,0.453942539588122,0.16237807535098758,0.23975555524230002,first physical ID,0.42218875299378045
4194,11,fixed,8,2,regional,583.760986328125,571.9700473561106,894.2734390116468,478.9100729693817,observed support,573.3827252219021
4194,11,fixed,8,2,group,37.4109992980957,38.533036499721064,10.188098935008918,31.348367454366375,observed support,38.632918270840825
4194,11,fixed,8,2,household,1.2139999866485596,1.2401875709179389,0.08706750318171648,0.7720444454087152,first physical ID,1.245147531832595
4194,11,fixed,8,12,regional,963.447998046875,907.1297991571711,5709.080545141611,837.1659464278491,observed support,920.1860287411765
4194,11,fixed,8,12,group,61.6719970703125,59.619342454982764,33.201731700124526,53.817315353049764,observed support,60.47539328861807
4194,11,fixed,8,12,household,0.12099999934434891,0.4271013431358468,0.16067926160086132,0.23975555524230002,first physical ID,0.42218875299378045
4194,11,random,2,2,regional,583.760986328125,589.4552798318613,978.8033464406609,478.9100729693817,observed support,573.3827252219021
4194,11,random,2,2,group,37.4109992980957,39.56333914780423,10.798720256486499,31.348367454366375,observed support,38.632918270840825
4194,11,random,2,2,household,1.2139999866485596,1.4825527580897622,0.1288202660768279,0.7720444454087152,first physical ID,1.245147531832595
4194,11,random,2,12,regional,963.447998046875,957.2696988876498,6202.176911933765,837.1659464278491,observed support,920.1860287411765
4194,11,random,2,12,group,61.6719970703125,62.557099297693505,35.623143966102546,53.817315353049764,observed support,60.47539328861807
4194,11,random,2,12,household,0.12099999934434891,0.4556701563956839,0.16315009905991387,0.23975555524230002,first physical ID,0.42218875299378045
4194,11,random,4,2,regional,583.760986328125,576.7065782966669,934.5213675499995,478.9100729693817,observed support,573.3827252219021
4194,11,random,4,2,group,37.4109992980957,38.74551901102739,10.622036729867402,31.348367454366375,observed support,38.632918270840825
4194,11,random,4,2,household,1.2139999866485596,1.5381914790123576,0.12639139919299225,0.7720444454087152,first physical ID,1.245147531832595
4194,11,random,4,12,regional,963.447998046875,933.1367509735338,5911.473278439827,837.1659464278491,observed support,920.1860287411765
4194,11,random,4,12,group,61.6719970703125,60.8641654998638,34.288964656560886,53.817315353049764,observed support,60.47539328861807
4194,11,random,4,12,household,0.12099999934434891,0.48614945486597805,0.16237570300040097,0.23975555524230002,first physical ID,0.42218875299378045
4194,11,random,8,2,regional,583.760986328125,573.9158813563959,893.7070752973634,478.9100729693817,observed support,573.3827252219021
4194,11,random,8,2,group,37.4109992980957,38.5698435523195,10.466613359285068,31.348367454366375,observed support,38.632918270840825
4194,11,random,8,2,household,1.2139999866485596,1.5943660716812005,0.12429974225124094,0.7720444454087152,first physical ID,1.245147531832595
4194,11,random,8,12,regional,963.447998046875,919.322139041192,5711.145204343305,837.1659464278491,observed support,920.1860287411765
4194,11,random,8,12,group,61.6719970703125,59.96668493435955,33.40498432488746,53.817315353049764,observed support,60.47539328861807
4194,11,random,8,12,household,0.12099999934434891,0.5156714599432703,0.16188135852128008,0.23975555524230002,first physical ID,0.42218875299378045
4194,11,uncertainty,2,2,regional,583.760986328125,586.8836090894795,988.6436498267947,478.9100729693817,observed support,573.3827252219021
4194,11,uncertainty,2,2,group,37.4109992980957,39.17929542635759,10.82803744976525,31.348367454366375,observed support,38.632918270840825
4194,11,uncertainty,2,2,household,1.2139999866485596,1.4740654114786138,0.12972488981099062,0.7720444454087152,first physical ID,1.245147531832595
4194,11,uncertainty,2,12,regional,963.447998046875,925.2376441750665,6130.290967519388,837.1659464278491,observed support,920.1860287411765
4194,11,uncertainty,2,12,group,61.6719970703125,60.28368647012788,35.307567358524196,53.817315353049764,observed support,60.47539328861807
4194,11,uncertainty,2,12,household,0.12099999934434891,0.4665363090205318,0.16303806581730967,0.23975555524230002,first physical ID,0.42218875299378045
4194,11,uncertainty,4,2,regional,583.760986328125,582.6434299052207,936.0851281495482,478.9100729693817,observed support,573.3827252219021
4194,11,uncertainty,4,2,group,37.4109992980957,39.02875372316215,10.625045175184622,31.348367454366375,observed support,38.632918270840825
4194,11,uncertainty,4,2,household,1.2139999866485596,1.4991878202486815,0.1264262475017643,0.7720444454087152,first physical ID,1.245147531832595
4194,11,uncertainty,4,12,regional,963.447998046875,913.1803635078325,5907.0060806553665,837.1659464278491,observed support,920.1860287411765
4194,11,uncertainty,4,12,group,61.6719970703125,59.5964356916166,34.28972164424637,53.817315353049764,observed support,60.47539328861807
4194,11,uncertainty,4,12,household,0.12099999934434891,0.5120767435600316,0.1623173283545697,0.23975555524230002,first physical ID,0.42218875299378045
4194,11,uncertainty,8,2,regional,583.760986328125,574.4855668975242,893.8476866775836,478.9100729693817,observed support,573.3827252219021
4194,11,uncertainty,8,2,group,37.4109992980957,38.558458340132255,10.46319111936035,31.348367454366375,observed support,38.632918270840825
4194,11,uncertainty,8,2,household,1.2139999866485596,1.5984910783663553,0.12426229344922403,0.7720444454087152,first physical ID,1.245147531832595
4194,11,uncertainty,8,12,regional,963.447998046875,927.1706420676594,5702.180357367413,837.1659464278491,observed support,920.1860287411765
4194,11,uncertainty,8,12,group,61.6719970703125,60.507701265225734,33.36280322765551,53.817315353049764,observed support,60.47539328861807
4194,11,uncertainty,8,12,household,0.12099999934434891,0.47710584285068847,0.16180526186621785,0.23975555524230002,first physical ID,0.42218875299378045
4194,12,fixed_coarse,0,2,regional,1085.65087890625,1097.0279033303227,1286.1217033153077,819.1800851388534,observed support,1059.003852117684
4194,12,fixed_coarse,0,2,group,71.86100769042969,73.65514851609305,12.051889808875906,52.04205657383613,observed support,70.96415058740841
4194,12,fixed_coarse,0,2,household,0.13500000536441803,0.3541404036652973,0.1541887576129247,0.13693333342671393,first physical ID,0.2859066503542171
4194,12,fixed_coarse,0,12,regional,505.5190124511719,661.9611048005105,8695.584612233462,449.35009912564635,observed support,556.6739015467138
4194,12,fixed_coarse,0,12,group,33.56199645996094,44.938963970546666,46.931541257662445,29.72020861740586,observed support,36.692294314805146
4194,12,fixed_coarse,0,12,household,1.1109999418258667,0.9857243541908502,0.1697035534573032,0.6567777716451221,first physical ID,1.171240847479706
4194,12,uniform_fine_stream,16,2,regional,1085.65087890625,1059.003852117684,864.5474073465724,819.1800851388534,observed support,1059.003852117684
4194,12,uniform_fine_stream,16,2,group,71.86100769042969,70.96415058740841,10.07242647122083,52.04205657383613,observed support,70.96415058740841
4194,12,uniform_fine_stream,16,2,household,0.13500000536441803,0.2859066503542171,0.08671036163328769,0.13693333342671393,first physical ID,0.2859066503542171
4194,12,uniform_fine_stream,16,12,regional,505.5190124511719,556.6739015467138,5580.434044055273,449.35009912564635,observed support,556.6739015467138
4194,12,uniform_fine_stream,16,12,group,33.56199645996094,36.692294314805146,32.680271087089004,29.72020861740586,observed support,36.692294314805146
4194,12,uniform_fine_stream,16,12,household,1.1109999418258667,1.171240847479706,0.16033437950355722,0.6567777716451221,first physical ID,1.171240847479706
4194,12,fixed,2,2,regional,1085.65087890625,1080.1014785476286,989.5336078869509,819.1800851388534,observed support,1059.003852117684
4194,12,fixed,2,2,group,71.86100769042969,72.4771372149441,10.819704529585788,52.04205657383613,observed support,70.96415058740841
4194,12,fixed,2,2,household,0.13500000536441803,0.37734509379106657,0.1290605351956438,0.13693333342671393,first physical ID,0.2859066503542171
4194,12,fixed,2,12,regional,505.5190124511719,614.7608668276584,6158.912696990197,449.35009912564635,observed support,556.6739015467138
4194,12,fixed,2,12,group,33.56199645996094,41.418140358353035,35.39729758290546,29.72020861740586,observed support,36.692294314805146
4194,12,fixed,2,12,household,1.1109999418258667,1.1872538969442445,0.16320023374880832,0.6567777716451221,first physical ID,1.171240847479706
4194,12,fixed,4,2,regional,1085.65087890625,1070.024064393631,938.635522388087,819.1800851388534,observed support,1059.003852117684
4194,12,fixed,4,2,group,71.86100769042969,72.04443040249558,10.635539203163496,52.04205657383613,observed support,70.96415058740841
4194,12,fixed,4,2,household,0.13500000536441803,0.3838672697803441,0.12619488531554582,0.13693333342671393,first physical ID,0.2859066503542171
4194,12,fixed,4,12,regional,505.5190124511719,604.0530110081329,5914.3473121510415,449.35009912564635,observed support,556.6739015467138
4194,12,fixed,4,12,group,33.56199645996094,40.902869599512975,34.33354337593106,29.72020861740586,observed support,36.692294314805146
4194,12,fixed,4,12,household,1.1109999418258667,1.1540914049854982,0.16255200294111039,0.6567777716451221,first physical ID,1.171240847479706
4194,12,fixed,8,2,regional,1085.65087890625,1064.712510383437,896.5539580172112,819.1800851388534,observed support,1059.003852117684
4194,12,fixed,8,2,group,71.86100769042969,71.45665655631856,10.192299944177895,52.04205657383613,observed support,70.96415058740841
4194,12,fixed,8,2,household,0.13500000536441803,0.2923955639098972,0.08709261963070973,0.13693333342671393,first physical ID,0.2859066503542171
4194,12,fixed,8,12,regional,505.5190124511719,584.1044980655537,5715.574380432822,449.35009912564635,observed support,556.6739015467138
4194,12,fixed,8,12,group,33.56199645996094,38.71163072136319,33.24943917080437,29.72020861740586,observed support,36.692294314805146
4194,12,fixed,8,12,household,1.1109999418258667,1.1227850233690122,0.160727714011567,0.6567777716451221,first physical ID,1.171240847479706
4194,12,random,2,2,regional,1085.65087890625,1069.267574800534,1001.0781985781676,819.1800851388534,observed support,1059.003852117684
4194,12,random,2,2,group,71.86100769042969,71.78139833044654,10.877478330808408,52.04205657383613,observed support,70.96415058740841
4194,12,random,2,2,household,0.13500000536441803,0.5597373693357092,0.1307219709642168,0.13693333342671393,first physical ID,0.2859066503542171
4194,12,random,2,12,regional,505.5190124511719,602.5548339483005,6215.570658029644,449.35009912564635,observed support,556.6739015467138
4194,12,random,2,12,group,33.56199645996094,40.93247752858731,35.72771947540835,29.72020861740586,observed support,36.692294314805146
4194,12,random,2,12,household,1.1109999418258667,1.086919774585489,0.16340625826235616,0.6567777716451221,first physical ID,1.171240847479706
4194,12,random,4,2,regional,1085.65087890625,1071.7200987029958,938.5535465967403,819.1800851388534,observed support,1059.003852117684
4194,12,random,4,2,group,71.86100769042969,71.81238057985034,10.62825134891857,52.04205657383613,observed support,70.96415058740841
4194,12,random,4,2,household,0.13500000536441803,0.5196687047099104,0.1265453419791394,0.13693333342671393,first physical ID,0.2859066503542171
4194,12,random,4,12,regional,505.5190124511719,594.4713989627814,5894.923438693478,449.35009912564635,observed support,556.6739015467138
4194,12,random,4,12,group,33.56199645996094,40.13615743164367,34.2691968290223,29.72020861740586,observed support,36.692294314805146
4194,12,random,4,12,household,1.1109999418258667,1.1409151092277452,0.1624740789899149,0.6567777716451221,first physical ID,1.171240847479706
4194,12,random,8,2,regional,1085.65087890625,1063.8697473332008,895.2696658751029,819.1800851388534,observed support,1059.003852117684
4194,12,random,8,2,group,71.86100769042969,71.25305942091023,10.465534623113209,52.04205657383613,observed support,70.96415058740841
4194,12,random,8,2,household,0.13500000536441803,0.46008075099954315,0.12422322563330525,0.13693333342671393,first physical ID,0.2859066503542171
4194,12,random,8,12,regional,505.5190124511719,564.1773784496041,5695.722875863862,449.35009912564635,observed support,556.6739015467138
4194,12,random,8,12,group,33.56199645996094,38.038007633462136,33.3632933228705,29.72020861740586,observed support,36.692294314805146
4194,12,random,8,12,household,1.1109999418258667,1.2007633545746268,0.1618783469983499,0.6567777716451221,first physical ID,1.171240847479706
4194,12,uncertainty,2,2,regional,1085.65087890625,1077.2760771668625,990.3760009306131,819.1800851388534,observed support,1059.003852117684
4194,12,uncertainty,2,2,group,71.86100769042969,72.57936655569705,10.82848620774032,52.04205657383613,observed support,70.96415058740841
4194,12,uncertainty,2,2,household,0.13500000536441803,0.35197267961918793,0.12972705884075014,0.13693333342671393,first physical ID,0.2859066503542171
4194,12,uncertainty,2,12,regional,505.5190124511719,625.225466774308,6124.90801034552,449.35009912564635,observed support,556.6739015467138
4194,12,uncertainty,2,12,group,33.56199645996094,42.27389986421524,35.31204552530754,29.72020861740586,observed support,36.692294314805146
4194,12,uncertainty,2,12,household,1.1109999418258667,1.0846230736169127,0.16303613059425942,0.6567777716451221,first physical ID,1.171240847479706
4194,12,uncertainty,4,2,regional,1085.65087890625,1068.8973839378027,937.7037987297725,819.1800851388534,observed support,1059.003852117684
4194,12,uncertainty,4,2,group,71.86100769042969,72.00441651424181,10.625174117497828,52.04205657383613,observed support,70.96415058740841
4194,12,uncertainty,4,2,household,0.13500000536441803,0.3448586668924851,0.12642546540572625,0.13693333342671393,first physical ID,0.2859066503542171
4194,12,uncertainty,4,12,regional,505.5190124511719,609.1126794080944,5901.204241640594,449.35009912564635,observed support,556.6739015467138
4194,12,uncertainty,4,12,group,33.56199645996094,41.22113169400698,34.2913738298987,29.72020861740586,observed support,36.692294314805146
4194,12,uncertainty,4,12,household,1.1109999418258667,1.0675826943084616,0.16231679505082192,0.6567777716451221,first physical ID,1.171240847479706
4194,12,uncertainty,8,2,regional,1085.65087890625,1067.1197476100947,895.3971482532423,819.1800851388534,observed support,1059.003852117684
4194,12,uncertainty,8,2,group,71.86100769042969,71.47534449891448,10.46321898998977,52.04205657383613,observed support,70.96415058740841
4194,12,uncertainty,8,2,household,0.13500000536441803,0.36869789050763935,0.1242616440949584,0.13693333342671393,first physical ID,0.2859066503542171
4194,12,uncertainty,8,12,regional,505.5190124511719,565.2811262662012,5696.269880194581,449.35009912564635,observed support,556.6739015467138
4194,12,uncertainty,8,12,group,33.56199645996094,38.03499050705841,33.363226336198224,29.72020861740586,observed support,36.692294314805146
4194,12,uncertainty,8,12,household,1.1109999418258667,1.1862129901836713,0.16180503327059315,0.6567777716451221,first physical ID,1.171240847479706
4194,13,fixed_coarse,0,2,regional,1545.02392578125,1504.2520672567555,1284.5059800326223,1205.7339194845042,observed support,1472.0444639862876
4194,13,fixed_coarse,0,2,group,103.80699157714844,97.05689978781082,12.052885135563447,79.73045274380522,observed support,94.903363040526
4194,13,fixed_coarse,0,2,household,0.35100001096725464,-0.06585778708349366,0.1542428136424713,0.22555555370118882,first physical ID,0.2046213624740244
4194,13,fixed_coarse,0,12,regional,907.2120361328125,917.8302421025039,8691.270767092323,691.0460164649058,observed support,882.299825745019
4194,13,fixed_coarse,0,12,group,61.42499923706055,58.64430472314063,46.93397957564454,44.39431444339309,observed support,55.82851851209371
4194,13,fixed_coarse,0,12,household,2.953000068664551,2.0291604783126798,0.16971959934131517,1.7317111076580154,first physical ID,2.122313460702506
4194,13,uniform_fine_stream,16,2,regional,1545.02392578125,1472.0444639862876,863.951796510787,1205.7339194845042,observed support,1472.0444639862876
4194,13,uniform_fine_stream,16,2,group,103.80699157714844,94.903363040526,10.072555461307198,79.73045274380522,observed support,94.903363040526
4194,13,uniform_fine_stream,16,2,household,0.35100001096725464,0.2046213624740244,0.08671067520238396,0.22555555370118882,first physical ID,0.2046213624740244
4194,13,uniform_fine_stream,16,12,regional,907.2120361328125,882.299825745019,5577.097143090959,691.0460164649058,observed support,882.299825745019
4194,13,uniform_fine_stream,16,12,group,61.42499923706055,55.82851851209371,32.68049206868468,44.39431444339309,observed support,55.82851851209371
4194,13,uniform_fine_stream,16,12,household,2.953000068664551,2.122313460702506,0.16033483159697678,1.7317111076580154,first physical ID,2.122313460702506
4194,13,fixed,2,2,regional,1545.02392578125,1475.0679725471098,994.4954535267291,1205.7339194845042,observed support,1472.0444639862876
4194,13,fixed,2,2,group,103.80699157714844,95.17591894055221,10.859136463344141,79.73045274380522,observed support,94.903363040526
4194,13,fixed,2,2,household,0.35100001096725464,0.0773696452670933,0.12969388821255035,0.22555555370118882,first physical ID,0.2046213624740244
4194,13,fixed,2,12,regional,907.2120361328125,909.8515683722915,6191.497698614799,691.0460164649058,observed support,882.299825745019
4194,13,fixed,2,12,group,61.42499923706055,58.156354277768756,35.59059973579982,44.39431444339309,observed support,55.82851851209371
4194,13,fixed,2,12,household,2.953000068664551,2.097419704695208,0.16340101590746992,1.7317111076580154,first physical ID,2.122313460702506
4194,13,fixed,4,2,regional,1545.02392578125,1470.147840326259,938.3149758306658,1205.7339194845042,observed support,1472.0444639862876
4194,13,fixed,4,2,group,103.80699157714844,94.74197188806201,10.35579254202317,79.73045274380522,observed support,94.903363040526
4194,13,fixed,4,2,household,0.35100001096725464,0.2498646253001514,0.08769455522648839,0.22555555370118882,first physical ID,0.2046213624740244
4194,13,fixed,4,12,regional,907.2120361328125,885.6352699725985,5905.60030703357,691.0460164649058,observed support,882.299825745019
4194,13,fixed,4,12,group,61.42499923706055,55.906455916379336,34.06775044732121,44.39431444339309,observed support,55.82851851209371
4194,13,fixed,4,12,household,2.953000068664551,2.1085725611380775,0.1613003116795622,1.7317111076580154,first physical ID,2.122313460702506
4194,13,fixed,8,2,regional,1545.02392578125,1470.6696309693243,897.700685893579,1205.7339194845042,observed support,1472.0444639862876
4194,13,fixed,8,2,group,103.80699157714844,94.74899429415119,10.200064044491295,79.73045274380522,observed support,94.903363040526
4194,13,fixed,8,2,household,0.35100001096725464,0.2584740427602452,0.08711841588985257,0.22555555370118882,first physical ID,0.2046213624740244
4194,13,fixed,8,12,regional,907.2120361328125,902.1111831443648,5716.605452897883,691.0460164649058,observed support,882.299825745019
4194,13,fixed,8,12,group,61.42499923706055,57.08310872040289,33.26770906119626,44.39431444339309,observed support,55.82851851209371
4194,13,fixed,8,12,household,2.953000068664551,2.0828027389661363,0.16071365248849084,1.7317111076580154,first physical ID,2.122313460702506
4194,13,random,2,2,regional,1545.02392578125,1505.4352315065953,985.707576022998,1205.7339194845042,observed support,1472.0444639862876
4194,13,random,2,2,group,103.80699157714844,96.93615775347621,10.815834677045855,79.73045274380522,observed support,94.903363040526
4194,13,random,2,2,household,0.35100001096725464,0.06102471658623854,0.12874954163218935,0.22555555370118882,first physical ID,0.2046213624740244
4194,13,random,2,12,regional,907.2120361328125,942.4090503830159,6130.164920969288,691.0460164649058,observed support,882.299825745019
4194,13,random,2,12,group,61.42499923706055,60.114081344885726,35.31859229201068,44.39431444339309,observed support,55.82851851209371
4194,13,random,2,12,household,2.953000068664551,1.9919681777875664,0.16344393764568027,1.7317111076580154,first physical ID,2.122313460702506
4194,13,random,4,2,regional,1545.02392578125,1487.4016629859743,939.2250304634283,1205.7339194845042,observed support,1472.0444639862876
4194,13,random,4,2,group,103.80699157714844,95.99130874519727,10.634887282842296,79.73045274380522,observed support,94.903363040526
4194,13,random,4,2,household,0.35100001096725464,0.05186017394292303,0.12618756653062194,0.22555555370118882,first physical ID,0.2046213624740244
4194,13,random,4,12,regional,907.2120361328125,920.7378672763189,5897.760514839785,691.0460164649058,observed support,882.299825745019
4194,13,random,4,12,group,61.42499923706055,58.947263247023145,34.270288029020755,44.39431444339309,observed support,55.82851851209371
4194,13,random,4,12,household,2.953000068664551,1.9979630860502113,0.1624925137975279,1.7317111076580154,first physical ID,2.122313460702506
4194,13,random,8,2,regional,1545.02392578125,1471.2732346941948,894.7388126251683,1205.7339194845042,observed support,1472.0444639862876
4194,13,random,8,2,group,103.80699157714844,95.096833038967,10.462863242071398,79.73045274380522,observed support,94.903363040526
4194,13,random,8,2,household,0.35100001096725464,0.1097734699676339,0.12422192791815045,0.22555555370118882,first physical ID,0.2046213624740244
4194,13,random,8,12,regional,907.2120361328125,896.1042688755525,5682.866003645765,691.0460164649058,observed support,882.299825745019
4194,13,random,8,12,group,61.42499923706055,57.57127554404498,33.315205015867356,44.39431444339309,observed support,55.82851851209371
4194,13,random,8,12,household,2.953000068664551,2.0883066575713207,0.1618585402140087,1.7317111076580154,first physical ID,2.122313460702506
4194,13,uncertainty,2,2,regional,1545.02392578125,1478.7905289743883,989.4254234585096,1205.7339194845042,observed support,1472.0444639862876
4194,13,uncertainty,2,2,group,103.80699157714844,95.37251242140987,10.828731195479035,79.73045274380522,observed support,94.903363040526
4194,13,uncertainty,2,2,household,0.35100001096725464,0.15193375559993694,0.12972788855616674,0.22555555370118882,first physical ID,0.2046213624740244
4194,13,uncertainty,2,12,regional,907.2120361328125,860.900399929956,6121.196452274755,691.0460164649058,observed support,882.299825745019
4194,13,uncertainty,2,12,group,61.42499923706055,55.0467360179494,35.31181486647989,44.39431444339309,observed support,55.82851851209371
4194,13,uncertainty,2,12,household,2.953000068664551,2.126814294777774,0.1630373297480362,1.7317111076580154,first physical ID,2.122313460702506
4194,13,uncertainty,4,2,regional,1545.02392578125,1490.728466996829,936.9159085072615,1205.7339194845042,observed support,1472.0444639862876
4194,13,uncertainty,4,2,group,103.80699157714844,96.08944066100064,10.625329952186199,79.73045274380522,observed support,94.903363040526
4194,13,uncertainty,4,2,household,0.35100001096725464,0.15730759139841657,0.1264299775543754,0.22555555370118882,first physical ID,0.2046213624740244
4194,13,uncertainty,4,12,regional,907.2120361328125,897.4056294032841,5897.441127756719,691.0460164649058,observed support,882.299825745019
4194,13,uncertainty,4,12,group,61.42499923706055,57.589557580525245,34.2905089185542,44.39431444339309,observed support,55.82851851209371
4194,13,uncertainty,4,12,household,2.953000068664551,2.0741131915949156,0.1623170287391026,1.7317111076580154,first physical ID,2.122313460702506
4194,13,uncertainty,8,2,regional,1545.02392578125,1480.4255313789479,894.7459190366641,1205.7339194845042,observed support,1472.0444639862876
4194,13,uncertainty,8,2,group,103.80699157714844,95.39909586137229,10.463413206014057,79.73045274380522,observed support,94.903363040526
4194,13,uncertainty,8,2,household,0.35100001096725464,0.08495929030078589,0.12426437965141365,0.22555555370118882,first physical ID,0.2046213624740244
4194,13,uncertainty,8,12,regional,907.2120361328125,889.8130302123664,5692.907422284419,691.0460164649058,observed support,882.299825745019
4194,13,uncertainty,8,12,group,61.42499923706055,56.92642505858227,33.36356806106248,44.39431444339309,observed support,55.82851851209371
4194,13,uncertainty,8,12,household,2.953000068664551,2.0956496160007725,0.1618056598934544,1.7317111076580154,first physical ID,2.122313460702506
4194,14,fixed_coarse,0,2,regional,1170.347900390625,1186.9397407467309,1284.278013663787,947.3093405728417,observed support,1178.7528299366827
4194,14,fixed_coarse,0,2,group,81.16099548339844,77.59114919862405,12.054237265057786,59.579083412669526,observed support,78.1843416672596
4194,14,fixed_coarse,0,2,household,0.14499999582767487,-0.011159612207215841,0.15426408430577745,0.12777777736385662,first physical ID,0.182541642054903
4194,14,fixed_coarse,0,12,regional,1437.075927734375,1321.0110779578615,8699.882208636653,1119.8285842587197,observed support,1359.8654125114738
4194,14,fixed_coarse,0,12,group,100.72200012207031,87.91921526191686,46.96858194462392,74.30962185781638,observed support,89.85921878452211
4194,14,fixed_coarse,0,12,household,0.17499999701976776,0.48826741510426697,0.169703503881932,0.20339999952250057,first physical ID,0.4217536284948614
4194,14,uniform_fine_stream,16,2,regional,1170.347900390625,1178.7528299366827,863.5803509469306,947.3093405728417,observed support,1178.7528299366827
4194,14,uniform_fine_stream,16,2,group,81.16099548339844,78.1843416672596,10.072262617127235,59.579083412669526,observed support,78.1843416672596
4194,14,uniform_fine_stream,16,2,household,0.14499999582767487,0.182541642054903,0.08670999139091597,0.12777777736385662,first physical ID,0.182541642054903
4194,14,uniform_fine_stream,16,12,regional,1437.075927734375,1359.8654125114738,5576.891981161435,1119.8285842587197,observed support,1359.8654125114738
4194,14,uniform_fine_stream,16,12,group,100.72200012207031,89.85921878452211,32.67952314210447,74.30962185781638,observed support,89.85921878452211
4194,14,uniform_fine_stream,16,12,household,0.17499999701976776,0.4217536284948614,0.16033475729460162,0.20339999952250057,first physical ID,0.4217536284948614
4194,14,fixed,2,2,regional,1170.347900390625,1204.6900207874637,996.3090432207076,947.3093405728417,observed support,1178.7528299366827
4194,14,fixed,2,2,group,81.16099548339844,78.49634160683881,10.885691060712844,59.579083412669526,observed support,78.1843416672596
4194,14,fixed,2,2,household,0.14499999582767487,0.36365430536470306,0.12956436561050136,0.12777777736385662,first physical ID,0.182541642054903
4194,14,fixed,2,12,regional,1437.075927734375,1393.6487179820222,6279.920007829718,1119.8285842587197,observed support,1359.8654125114738
4194,14,fixed,2,12,group,100.72200012207031,92.67678081881091,36.02803180166794,74.30962185781638,observed support,89.85921878452211
4194,14,fixed,2,12,household,0.17499999701976776,0.5494953591394239,0.1636479069328954,0.20339999952250057,first physical ID,0.4217536284948614
4194,14,fixed,4,2,regional,1170.347900390625,1191.3241269516107,936.2416781739498,947.3093405728417,observed support,1178.7528299366827
4194,14,fixed,4,2,group,81.16099548339844,78.71453448416852,10.344317957017696,59.579083412669526,observed support,78.1843416672596
4194,14,fixed,4,2,household,0.14499999582767487,0.15752953133837044,0.0877128033695087,0.12777777736385662,first physical ID,0.182541642054903
4194,14,fixed,4,12,regional,1437.075927734375,1375.5701386658452,5939.453498027246,1119.8285842587197,observed support,1359.8654125114738
4194,14,fixed,4,12,group,100.72200012207031,90.73599137782388,34.218888714262285,74.30962185781638,observed support,89.85921878452211
4194,14,fixed,4,12,household,0.17499999701976776,0.4337315280680082,0.16130321007376788,0.20339999952250057,first physical ID,0.4217536284948614
4194,14,fixed,8,2,regional,1170.347900390625,1189.2504453249126,896.265981979607,947.3093405728417,observed support,1178.7528299366827
4194,14,fixed,8,2,group,81.16099548339844,78.73405814818965,10.194580538246594,59.579083412669526,observed support,78.1843416672596
4194,14,fixed,8,2,household,0.14499999582767487,0.15463025182112028,0.08712667834538836,0.12777777736385662,first physical ID,0.182541642054903
4194,14,fixed,8,12,regional,1437.075927734375,1365.302739062296,5717.8052692997335,1119.8285842587197,observed support,1359.8654125114738
4194,14,fixed,8,12,group,100.72200012207031,90.10554238988178,33.27742090718548,74.30962185781638,observed support,89.85921878452211
4194,14,fixed,8,12,household,0.17499999701976776,0.421812093942096,0.16072155585370151,0.20339999952250057,first physical ID,0.4217536284948614
4194,14,random,2,2,regional,1170.347900390625,1161.284898645613,981.9201277096938,947.3093405728417,observed support,1178.7528299366827
4194,14,random,2,2,group,81.16099548339844,76.05507209463873,10.798267524790788,59.579083412669526,observed support,78.1843416672596
4194,14,random,2,2,household,0.14499999582767487,0.27841507003863397,0.12866055909058416,0.12777777736385662,first physical ID,0.182541642054903
4194,14,random,2,12,regional,1437.075927734375,1357.709299262755,6235.129455912855,1119.8285842587197,observed support,1359.8654125114738
4194,14,random,2,12,group,100.72200012207031,90.28201651431507,35.78728148619439,74.30962185781638,observed support,89.85921878452211
4194,14,random,2,12,household,0.17499999701976776,0.39573328265290364,0.16322285675298231,0.20339999952250057,first physical ID,0.4217536284948614
4194,14,random,4,2,regional,1170.347900390625,1169.1367189688233,937.7141015164998,947.3093405728417,observed support,1178.7528299366827
4194,14,random,4,2,group,81.16099548339844,76.32730063298446,10.630482371437171,59.579083412669526,observed support,78.1843416672596
4194,14,random,4,2,household,0.14499999582767487,0.302431068661002,0.12624780421438153,0.12777777736385662,first physical ID,0.182541642054903
4194,14,random,4,12,regional,1437.075927734375,1353.2376360401172,5939.141584187948,1119.8285842587197,observed support,1359.8654125114738
4194,14,random,4,12,group,100.72200012207031,89.82261195600458,34.48086824124997,74.30962185781638,observed support,89.85921878452211
4194,14,random,4,12,household,0.17499999701976776,0.44320031458440745,0.1624907778179993,0.20339999952250057,first physical ID,0.4217536284948614
4194,14,random,8,2,regional,1170.347900390625,1172.465221985331,897.9765166866836,947.3093405728417,observed support,1178.7528299366827
4194,14,random,8,2,group,81.16099548339844,77.70748235332161,10.196601500527798,59.579083412669526,observed support,78.1843416672596
4194,14,random,8,2,household,0.14499999582767487,0.19150397179539547,0.08711033534904211,0.12777777736385662,first physical ID,0.182541642054903
4194,14,random,8,12,regional,1437.075927734375,1334.315239199239,5724.3376617057,1119.8285842587197,observed support,1359.8654125114738
4194,14,random,8,12,group,100.72200012207031,87.94666968017388,33.29619740949917,74.30962185781638,observed support,89.85921878452211
4194,14,random,8,12,household,0.17499999701976776,0.42934841870187057,0.16072005250453347,0.20339999952250057,first physical ID,0.4217536284948614
4194,14,uncertainty,2,2,regional,1170.347900390625,1152.67830621341,988.3330132822331,947.3093405728417,observed support,1178.7528299366827
4194,14,uncertainty,2,2,group,81.16099548339844,75.50760240034887,10.824476424603427,59.579083412669526,observed support,78.1843416672596
4194,14,uncertainty,2,2,household,0.14499999582767487,0.5439286892118017,0.1297212313048912,0.12777777736385662,first physical ID,0.182541642054903
4194,14,uncertainty,2,12,regional,1437.075927734375,1337.544528645075,6116.681845768122,1119.8285842587197,observed support,1359.8654125114738
4194,14,uncertainty,2,12,group,100.72200012207031,89.08713149723548,35.28970734041656,74.30962185781638,observed support,89.85921878452211
4194,14,uncertainty,2,12,household,0.17499999701976776,0.49634330273168814,0.16303643791359013,0.20339999952250057,first physical ID,0.4217536284948614
4194,14,uncertainty,4,2,regional,1170.347900390625,1158.0147928777594,936.2135903326853,947.3093405728417,observed support,1178.7528299366827
4194,14,uncertainty,4,2,group,81.16099548339844,75.78001636881679,10.623248272204474,59.579083412669526,observed support,78.1843416672596
4194,14,uncertainty,4,2,household,0.14499999582767487,0.40991807665796337,0.12642177565149487,0.12777777736385662,first physical ID,0.182541642054903
4194,14,uncertainty,4,12,regional,1437.075927734375,1344.023164778535,5895.469429949801,1119.8285842587197,observed support,1359.8654125114738
4194,14,uncertainty,4,12,group,100.72200012207031,89.32473457685988,34.280948628663,74.30962185781638,observed support,89.85921878452211
4194,14,uncertainty,4,12,household,0.17499999701976776,0.46090857429532034,0.16231610114890366,0.20339999952250057,first physical ID,0.4217536284948614
4194,14,uncertainty,8,2,regional,1170.347900390625,1172.488842254289,894.2685903305073,947.3093405728417,observed support,1178.7528299366827
4194,14,uncertainty,8,2,group,81.16099548339844,76.77261068744559,10.462582480634017,59.579083412669526,observed support,78.1843416672596
4194,14,uncertainty,8,2,household,0.14499999582767487,0.3058057645754312,0.12426100428841981,0.12777777736385662,first physical ID,0.182541642054903
4194,14,uncertainty,8,12,regional,1437.075927734375,1361.345299989054,5692.2499522370545,1119.8285842587197,observed support,1359.8654125114738
4194,14,uncertainty,8,12,group,100.72200012207031,90.59880971661369,33.36036519537174,74.30962185781638,observed support,89.85921878452211
4194,14,uncertainty,8,12,household,0.17499999701976776,0.44297838983120813,0.16180524492887385,0.20339999952250057,first physical ID,0.4217536284948614
4194,15,fixed_coarse,0,2,regional,1349.632080078125,1243.738210801469,1285.4126891745439,1009.3140789336474,observed support,1285.1254192103568
4194,15,fixed_coarse,0,2,group,90.16499328613281,80.96154693863843,12.052638289192705,64.97047797310914,observed support,83.9266460260092
4194,15,fixed_coarse,0,2,household,1.1890000104904175,0.5276805142197287,0.1542584623264887,0.3002325580563656,first physical ID,0.2395713367843316
4194,15,fixed_coarse,0,12,regional,1662.926025390625,1535.0597492941738,8697.610499961036,1252.5541709238482,observed support,1536.1934603268976
4194,15,fixed_coarse,0,12,group,118.31401062011719,100.65682995259336,46.910567056850205,81.98965715429307,observed support,100.41428358571285
4194,15,fixed_coarse,0,12,household,0.42899999022483826,0.42224676634654834,0.16968387067686636,0.20165116166652636,first physical ID,0.4352580073916955
4194,15,uniform_fine_stream,16,2,regional,1349.632080078125,1285.1254192103568,864.3449019057068,1009.3140789336474,observed support,1285.1254192103568
4194,15,uniform_fine_stream,16,2,group,90.16499328613281,83.9266460260092,10.072269630734564,64.97047797310914,observed support,83.9266460260092
4194,15,uniform_fine_stream,16,2,household,1.1890000104904175,0.2395713367843316,0.08671003034480478,0.3002325580563656,first physical ID,0.2395713367843316
4194,15,uniform_fine_stream,16,12,regional,1662.926025390625,1536.1934603268976,5584.186146680059,1252.5541709238482,observed support,1536.1934603268976
4194,15,uniform_fine_stream,16,12,group,118.31401062011719,100.41428358571285,32.680083734294705,81.98965715429307,observed support,100.41428358571285
4194,15,uniform_fine_stream,16,12,household,0.42899999022483826,0.4352580073916955,0.16033511121643568,0.20165116166652636,first physical ID,0.4352580073916955
4194,15,fixed,2,2,regional,1349.632080078125,1270.8103565543815,989.9227506188807,1009.3140789336474,observed support,1285.1254192103568
4194,15,fixed,2,2,group,90.16499328613281,83.16527259113872,10.548934317799146,64.97047797310914,observed support,83.9266460260092
4194,15,fixed,2,2,household,1.1890000104904175,0.19197907952178397,0.08855528032323699,0.3002325580563656,first physical ID,0.2395713367843316
4194,15,fixed,2,12,regional,1662.926025390625,1572.0837440241971,6216.0370402148665,1252.5541709238482,observed support,1536.1934603268976
4194,15,fixed,2,12,group,118.31401062011719,102.411464109267,35.35997504477986,81.98965715429307,observed support,100.41428358571285
4194,15,fixed,2,12,household,0.42899999022483826,0.38698345136085627,0.16207817863614615,0.20165116166652636,first physical ID,0.4352580073916955
4194,15,fixed,4,2,regional,1349.632080078125,1268.3704806362791,937.2539377550103,1009.3140789336474,observed support,1285.1254192103568
4194,15,fixed,4,2,group,90.16499328613281,83.30819446448233,10.343888301575175,64.97047797310914,observed support,83.9266460260092
4194,15,fixed,4,2,household,1.1890000104904175,0.1829535372157528,0.08767253512764685,0.3002325580563656,first physical ID,0.2395713367843316
4194,15,fixed,4,12,regional,1662.926025390625,1535.6898144875115,5930.350508902918,1252.5541709238482,observed support,1536.1934603268976
4194,15,fixed,4,12,group,118.31401062011719,100.35106747741852,34.14667643362713,81.98965715429307,observed support,100.41428358571285
4194,15,fixed,4,12,household,0.42899999022483826,0.35976825852543176,0.16124457139795134,0.20165116166652636,first physical ID,0.4352580073916955
4194,15,fixed,8,2,regional,1349.632080078125,1276.8226638893098,896.8970045800096,1009.3140789336474,observed support,1285.1254192103568
4194,15,fixed,8,2,group,90.16499328613281,83.41655441088633,10.1937263106788,64.97047797310914,observed support,83.9266460260092
4194,15,fixed,8,2,household,1.1890000104904175,0.19489788361994712,0.0871005136131959,0.3002325580563656,first physical ID,0.2395713367843316
4194,15,fixed,8,12,regional,1662.926025390625,1525.9981443235497,5724.598552112262,1252.5541709238482,observed support,1536.1934603268976
4194,15,fixed,8,12,group,118.31401062011719,99.57725021822026,33.273544093007715,81.98965715429307,observed support,100.41428358571285
4194,15,fixed,8,12,household,0.42899999022483826,0.4173826749430366,0.1606949225677268,0.20165116166652636,first physical ID,0.4352580073916955
4194,15,random,2,2,regional,1349.632080078125,1282.7285921160064,992.5942324745523,1009.3140789336474,observed support,1285.1254192103568
4194,15,random,2,2,group,90.16499328613281,83.21495908529975,10.841284638994603,64.97047797310914,observed support,83.9266460260092
4194,15,random,2,2,household,1.1890000104904175,0.35536868413734424,0.12922166472688487,0.3002325580563656,first physical ID,0.2395713367843316
4194,15,random,2,12,regional,1662.926025390625,1545.195212657353,6276.647307566135,1252.5541709238482,observed support,1536.1934603268976
4194,15,random,2,12,group,118.31401062011719,101.43485711414286,35.923391139617166,81.98965715429307,observed support,100.41428358571285
4194,15,random,2,12,household,0.42899999022483826,0.4138380676024208,0.16316892270218,0.20165116166652636,first physical ID,0.4352580073916955
4194,15,random,4,2,regional,1349.632080078125,1282.4080451792684,939.5271266985641,1009.3140789336474,observed support,1285.1254192103568
4194,15,random,4,2,group,90.16499328613281,83.1305447154424,10.63196009774533,64.97047797310914,observed support,83.9266460260092
4194,15,random,4,2,household,1.1890000104904175,0.3195518648697239,0.1262780505167651,0.3002325580563656,first physical ID,0.2395713367843316
4194,15,random,4,12,regional,1662.926025390625,1520.8493963196447,5953.700947507093,1252.5541709238482,observed support,1536.1934603268976
4194,15,random,4,12,group,118.31401062011719,99.66750772217638,34.49288035519198,81.98965715429307,observed support,100.41428358571285
4194,15,random,4,12,household,0.42899999022483826,0.471673536425446,0.1624893576693264,0.20165116166652636,first physical ID,0.4352580073916955
4194,15,random,8,2,regional,1349.632080078125,1280.166248683295,897.2586917408946,1009.3140789336474,observed support,1285.1254192103568
4194,15,random,8,2,group,90.16499328613281,83.91300583047982,10.189027015204854,64.97047797310914,observed support,83.9266460260092
4194,15,random,8,2,household,1.1890000104904175,0.1941386051647665,0.08708850150772392,0.3002325580563656,first physical ID,0.2395713367843316
4194,15,random,8,12,regional,1662.926025390625,1507.1360465041519,5727.142200085673,1252.5541709238482,observed support,1536.1934603268976
4194,15,random,8,12,group,118.31401062011719,98.46144184178614,33.2771440751266,81.98965715429307,observed support,100.41428358571285
4194,15,random,8,12,household,0.42899999022483826,0.466884380072923,0.1606983378456975,0.20165116166652636,first physical ID,0.4352580073916955
4194,15,uncertainty,2,2,regional,1349.632080078125,1273.9012752697026,989.3115548403026,1009.3140789336474,observed support,1285.1254192103568
4194,15,uncertainty,2,2,group,90.16499328613281,82.94900680501877,10.82455419548099,64.97047797310914,observed support,83.9266460260092
4194,15,uncertainty,2,2,household,1.1890000104904175,0.4445257566334168,0.12972344436372008,0.3002325580563656,first physical ID,0.2395713367843316
4194,15,uncertainty,2,12,regional,1662.926025390625,1586.0227295015034,6124.274104530241,1252.5541709238482,observed support,1536.1934603268976
4194,15,uncertainty,2,12,group,118.31401062011719,104.22171234970628,35.28872909580936,81.98965715429307,observed support,100.41428358571285
4194,15,uncertainty,2,12,household,0.42899999022483826,0.3710358239919023,0.16303529183163648,0.20165116166652636,first physical ID,0.4352580073916955
4194,15,uncertainty,4,2,regional,1349.632080078125,1278.7242189467506,937.0984223615781,1009.3140789336474,observed support,1285.1254192103568
4194,15,uncertainty,4,2,group,90.16499328613281,83.25993065317724,10.623296481511577,64.97047797310914,observed support,83.9266460260092
4194,15,uncertainty,4,2,household,1.1890000104904175,0.4065779010563635,0.12642240429522597,0.3002325580563656,first physical ID,0.2395713367843316
4194,15,uncertainty,4,12,regional,1662.926025390625,1576.1227308559064,5902.934633759665,1252.5541709238482,observed support,1536.1934603268976
4194,15,uncertainty,4,12,group,118.31401062011719,103.74492486979752,34.28052113671849,81.98965715429307,observed support,100.41428358571285
4194,15,uncertainty,4,12,household,0.42899999022483826,0.3801511964273685,0.16231554672869353,0.20165116166652636,first physical ID,0.4352580073916955
4194,15,uncertainty,8,2,regional,1349.632080078125,1272.2690836913912,895.0985024118961,1009.3140789336474,observed support,1285.1254192103568
4194,15,uncertainty,8,2,group,90.16499328613281,82.6152299852518,10.462715365786282,64.97047797310914,observed support,83.9266460260092
4194,15,uncertainty,8,2,household,1.1890000104904175,0.5077561787853766,0.12426195764954691,0.3002325580563656,first physical ID,0.2395713367843316
4194,15,uncertainty,8,12,regional,1662.926025390625,1555.2462059825175,5700.241313185066,1252.5541709238482,observed support,1536.1934603268976
4194,15,uncertainty,8,12,group,118.31401062011719,102.24733255912513,33.36332228601486,81.98965715429307,observed support,100.41428358571285
4194,15,uncertainty,8,12,household,0.42899999022483826,0.4441029495606975,0.16180751212183087,0.20165116166652636,first physical ID,0.4352580073916955
4194,16,fixed_coarse,0,2,regional,956.4340209960938,973.8430793497835,1273.7764741041751,831.560453071224,observed support,983.7550832428103
4194,16,fixed_coarse,0,2,group,71.05599975585938,65.30725137786689,12.003133664348685,55.35194423597905,observed support,65.64963690257096
4194,16,fixed_coarse,0,2,household,0.13099999725818634,0.1345080781047754,0.15424245208138873,0.2190652167343575,first physical ID,0.2777386764156945
4194,16,fixed_coarse,0,12,regional,1411.4940185546875,1370.6091419473873,8629.106689700773,1223.3650107846863,observed support,1437.195514919386
4194,16,fixed_coarse,0,12,group,96.6510009765625,90.34256087405652,46.51257041493017,80.11575008682549,observed support,94.39985568967073
4194,16,fixed_coarse,0,12,household,0.6079999804496765,0.31588002030138046,0.1696465226427454,0.23426086909097174,first physical ID,0.3057850692436802
4194,16,uniform_fine_stream,16,2,regional,956.4340209960938,983.7550832428103,857.3753657970387,831.560453071224,observed support,983.7550832428103
4194,16,uniform_fine_stream,16,2,group,71.05599975585938,65.64963690257096,10.04097503898613,55.35194423597905,observed support,65.64963690257096
4194,16,uniform_fine_stream,16,2,household,0.13099999725818634,0.2777386764156945,0.08671115678343154,0.2190652167343575,first physical ID,0.2777386764156945
4194,16,uniform_fine_stream,16,12,regional,1411.4940185546875,1437.195514919386,5557.532448533702,1223.3650107846863,observed support,1437.195514919386
4194,16,uniform_fine_stream,16,12,group,96.6510009765625,94.39985568967073,32.50609716569551,80.11575008682549,observed support,94.39985568967073
4194,16,uniform_fine_stream,16,12,household,0.6079999804496765,0.3057850692436802,0.16033736356240225,0.23426086909097174,first physical ID,0.3057850692436802
4194,16,fixed,2,2,regional,956.4340209960938,975.753728097174,976.0367427010026,831.560453071224,observed support,983.7550832428103
4194,16,fixed,2,2,group,71.05599975585938,65.57690079735065,10.484843847290437,55.35194423597905,observed support,65.64963690257096
4194,16,fixed,2,2,household,0.13099999725818634,0.26007433099437327,0.08841330564813384,0.2190652167343575,first physical ID,0.2777386764156945
4194,16,fixed,2,12,regional,1411.4940185546875,1433.2111734376472,6187.253058784832,1223.3650107846863,observed support,1437.195514919386
4194,16,fixed,2,12,group,96.6510009765625,94.35913612995853,35.162524546037524,80.11575008682549,observed support,94.39985568967073
4194,16,fixed,2,12,household,0.6079999804496765,0.2682259558489633,0.1619218773996588,0.23426086909097174,first physical ID,0.3057850692436802
4194,16,fixed,4,2,regional,956.4340209960938,982.80326161574,931.1688784377803,831.560453071224,observed support,983.7550832428103
4194,16,fixed,4,2,group,71.05599975585938,65.83478403356307,10.3207576988505,55.35194423597905,observed support,65.64963690257096
4194,16,fixed,4,2,household,0.13099999725818634,0.2843367096568577,0.08770681878346512,0.2190652167343575,first physical ID,0.2777386764156945
4194,16,fixed,4,12,regional,1411.4940185546875,1421.1536865615908,5891.229399226097,1223.3650107846863,observed support,1437.195514919386
4194,16,fixed,4,12,group,96.6510009765625,93.51614646365181,33.91696136830717,80.11575008682549,observed support,94.39985568967073
4194,16,fixed,4,12,household,0.6079999804496765,0.3282695122676199,0.1612593324102452,0.23426086909097174,first physical ID,0.3057850692436802
4194,16,fixed,8,2,regional,956.4340209960938,982.2517263823752,888.8584621028217,831.560453071224,observed support,983.7550832428103
4194,16,fixed,8,2,group,71.05599975585938,65.49880619772362,10.154467781410855,55.35194423597905,observed support,65.64963690257096
4194,16,fixed,8,2,household,0.13099999725818634,0.2709521523822266,0.08709175680384218,0.2190652167343575,first physical ID,0.2777386764156945
4194,16,fixed,8,12,regional,1411.4940185546875,1432.3127126598108,5682.834786983263,1223.3650107846863,observed support,1437.195514919386
4194,16,fixed,8,12,group,96.6510009765625,93.99428215152959,33.032043956273625,80.11575008682549,observed support,94.39985568967073
4194,16,fixed,8,12,household,0.6079999804496765,0.30414676218278597,0.1606871507068766,0.23426086909097174,first physical ID,0.3057850692436802
4194,16,random,2,2,regional,956.4340209960938,973.3052178541145,982.7014156757466,831.560453071224,observed support,983.7550832428103
4194,16,random,2,2,group,71.05599975585938,65.21242126105504,10.812235699074272,55.35194423597905,observed support,65.64963690257096
4194,16,random,2,2,household,0.13099999725818634,0.22940763506370554,0.12931462411871616,0.2190652167343575,first physical ID,0.2777386764156945
4194,16,random,2,12,regional,1411.4940185546875,1438.2295340962776,6265.1241260260085,1223.3650107846863,observed support,1437.195514919386
4194,16,random,2,12,group,96.6510009765625,94.47657255226628,35.858804389377894,80.11575008682549,observed support,94.39985568967073
4194,16,random,2,12,household,0.6079999804496765,0.2665967547129351,0.1633715930511796,0.23426086909097174,first physical ID,0.3057850692436802
4194,16,random,4,2,regional,956.4340209960938,974.1978062190628,929.6237005703347,831.560453071224,observed support,983.7550832428103
4194,16,random,4,2,group,71.05599975585938,65.3052329760753,10.591786865408658,55.35194423597905,observed support,65.64963690257096
4194,16,random,4,2,household,0.13099999725818634,0.3223931551024153,0.1263350299360322,0.2190652167343575,first physical ID,0.2777386764156945
4194,16,random,4,12,regional,1411.4940185546875,1430.440333674506,5870.705344146092,1223.3650107846863,observed support,1437.195514919386
4194,16,random,4,12,group,96.6510009765625,94.10460407829466,34.0752646750117,80.11575008682549,observed support,94.39985568967073
4194,16,random,4,12,household,0.6079999804496765,0.2982618702206002,0.1625411989111149,0.23426086909097174,first physical ID,0.3057850692436802
4194,16,random,8,2,regional,956.4340209960938,978.1193597566485,889.0210863234597,831.560453071224,observed support,983.7550832428103
4194,16,random,8,2,group,71.05599975585938,65.62453437341,10.434943051981776,55.35194423597905,observed support,65.64963690257096
4194,16,random,8,2,household,0.13099999725818634,0.36044106870255566,0.12434277904653313,0.2190652167343575,first physical ID,0.2777386764156945
4194,16,random,8,12,regional,1411.4940185546875,1426.864309846321,5678.037708022796,1223.3650107846863,observed support,1437.195514919386
4194,16,random,8,12,group,96.6510009765625,93.91865986802712,33.21136113808336,80.11575008682549,observed support,94.39985568967073
4194,16,random,8,12,household,0.6079999804496765,0.30078061963317804,0.16189297891993304,0.23426086909097174,first physical ID,0.3057850692436802
4194,16,uncertainty,2,2,regional,956.4340209960938,988.4283372239122,981.695990294273,831.560453071224,observed support,983.7550832428103
4194,16,uncertainty,2,2,group,71.05599975585938,65.9280448052,10.791243130526626,55.35194423597905,observed support,65.64963690257096
4194,16,uncertainty,2,2,household,0.13099999725818634,0.4713272558851198,0.12974022525806592,0.2190652167343575,first physical ID,0.2777386764156945
4194,16,uncertainty,2,12,regional,1411.4940185546875,1436.6537415809291,6097.507139401482,1223.3650107846863,observed support,1437.195514919386
4194,16,uncertainty,2,12,group,96.6510009765625,94.27650669280749,35.10741707774345,80.11575008682549,observed support,94.39985568967073
4194,16,uncertainty,2,12,household,0.6079999804496765,0.3674252055754968,0.16304655539768173,0.23426086909097174,first physical ID,0.3057850692436802
4194,16,uncertainty,4,2,regional,956.4340209960938,990.7817553134729,929.7712005708022,831.560453071224,observed support,983.7550832428103
4194,16,uncertainty,4,2,group,71.05599975585938,66.44911687456971,10.591069643909563,55.35194423597905,observed support,65.64963690257096
4194,16,uncertainty,4,2,household,0.13099999725818634,0.35428841165575126,0.12643159236026777,0.2190652167343575,first physical ID,0.2777386764156945
4194,16,uncertainty,4,12,regional,1411.4940185546875,1468.4015241263132,5877.8314346563875,1223.3650107846863,observed support,1437.195514919386
4194,16,uncertainty,4,12,group,96.6510009765625,96.67990334047522,34.10963952756393,80.11575008682549,observed support,94.39985568967073
4194,16,uncertainty,4,12,household,0.6079999804496765,0.246529674716462,0.1623261778168419,0.23426086909097174,first physical ID,0.3057850692436802
4194,16,uncertainty,8,2,regional,956.4340209960938,976.4291452434419,888.0507117790607,831.560453071224,observed support,983.7550832428103
4194,16,uncertainty,8,2,group,71.05599975585938,65.36534761302764,10.431063504847065,55.35194423597905,observed support,65.64963690257096
4194,16,uncertainty,8,2,household,0.13099999725818634,0.4500375330589492,0.12426675297488597,0.2190652167343575,first physical ID,0.2777386764156945
4194,16,uncertainty,8,12,regional,1411.4940185546875,1442.8525614114783,5674.189449549766,1223.3650107846863,observed support,1437.195514919386
4194,16,uncertainty,8,12,group,96.6510009765625,94.81205588995816,33.190132166712665,80.11575008682549,observed support,94.39985568967073
4194,16,uncertainty,8,12,household,0.6079999804496765,0.31989100558899736,0.16181329827837568,0.23426086909097174,first physical ID,0.3057850692436802
4194,17,fixed_coarse,0,2,regional,1027.64599609375,1056.5497533539371,1273.7931171918362,810.9117681142477,observed support,1013.0538677092138
4194,17,fixed_coarse,0,2,group,73.08599853515625,71.50940557935957,12.001609960012443,53.78152694571534,observed support,69.52666792699196
4194,17,fixed_coarse,0,2,household,0.20399999618530273,0.08550927845193307,0.15422832878462103,0.212199999888738,first physical ID,0.1713816544406245
4194,17,fixed_coarse,0,12,regional,868.3380126953125,1050.3930206935545,8607.537706769888,776.8616391076869,observed support,1058.4291992011063
4194,17,fixed_coarse,0,12,group,60.55000305175781,70.26702046851739,46.46443978776263,51.7316551938466,observed support,70.6785815816545
4194,17,fixed_coarse,0,12,household,0.14800000190734863,0.23302427670465198,0.16964974999480248,0.129911111212439,first physical ID,0.21829571397782233
4194,17,uniform_fine_stream,16,2,regional,1027.64599609375,1013.0538677092138,857.9036548039666,810.9117681142477,observed support,1013.0538677092138
4194,17,uniform_fine_stream,16,2,group,73.08599853515625,69.52666792699196,10.041044894613107,53.78152694571534,observed support,69.52666792699196
4194,17,uniform_fine_stream,16,2,household,0.20399999618530273,0.1713816544406245,0.08671132854529229,0.212199999888738,first physical ID,0.1713816544406245
4194,17,uniform_fine_stream,16,12,regional,868.3380126953125,1058.4291992011063,5551.869679069599,776.8616391076869,observed support,1058.4291992011063
4194,17,uniform_fine_stream,16,12,group,60.55000305175781,70.6785815816545,32.5065850695521,51.7316551938466,observed support,70.6785815816545
4194,17,uniform_fine_stream,16,12,household,0.14800000190734863,0.21829571397782233,0.16033778995434872,0.129911111212439,first physical ID,0.21829571397782233
4194,17,fixed,2,2,regional,1027.64599609375,1008.8114221745092,983.0632015377726,810.9117681142477,observed support,1013.0538677092138
4194,17,fixed,2,2,group,73.08599853515625,68.30800106286613,10.802818217652884,53.78152694571534,observed support,69.52666792699196
4194,17,fixed,2,2,household,0.20399999618530273,0.29102169436937486,0.1291845371207425,0.212199999888738,first physical ID,0.1713816544406245
4194,17,fixed,2,12,regional,868.3380126953125,1006.1556896589342,6220.080594554745,776.8616391076869,observed support,1058.4291992011063
4194,17,fixed,2,12,group,60.55000305175781,66.56235032626748,35.69258132063616,51.7316551938466,observed support,70.6785815816545
4194,17,fixed,2,12,household,0.14800000190734863,0.29888428940599543,0.16319165285333948,0.129911111212439,first physical ID,0.21829571397782233
4194,17,fixed,4,2,regional,1027.64599609375,1026.2838707341657,936.0539974135908,810.9117681142477,observed support,1013.0538677092138
4194,17,fixed,4,2,group,73.08599853515625,69.473268260369,10.61619074376604,53.78152694571534,observed support,69.52666792699196
4194,17,fixed,4,2,household,0.20399999618530273,0.25102908405354923,0.12667538638782977,0.212199999888738,first physical ID,0.1713816544406245
4194,17,fixed,4,12,regional,868.3380126953125,1043.945493393543,5904.944376315386,776.8616391076869,observed support,1058.4291992011063
4194,17,fixed,4,12,group,60.55000305175781,69.25293715012009,34.25276556124616,51.7316551938466,observed support,70.6785815816545
4194,17,fixed,4,12,household,0.14800000190734863,0.25211410925251904,0.16244259944139247,0.129911111212439,first physical ID,0.21829571397782233
4194,17,fixed,8,2,regional,1027.64599609375,1028.663563169026,890.3953488831582,810.9117681142477,observed support,1013.0538677092138
4194,17,fixed,8,2,group,73.08599853515625,69.80104687361406,10.439169968869164,53.78152694571534,observed support,69.52666792699196
4194,17,fixed,8,2,household,0.20399999618530273,0.36854699912858285,0.12435306650511704,0.212199999888738,first physical ID,0.1713816544406245
4194,17,fixed,8,12,regional,868.3380126953125,1084.983727471241,5684.738624399307,776.8616391076869,observed support,1058.4291992011063
4194,17,fixed,8,12,group,60.55000305175781,72.10486182919279,33.26736001433429,51.7316551938466,observed support,70.6785815816545
4194,17,fixed,8,12,household,0.14800000190734863,0.23610165342001374,0.16186583829301227,0.129911111212439,first physical ID,0.21829571397782233
4194,17,random,2,2,regional,1027.64599609375,1032.2316576110193,979.6484034765375,810.9117681142477,observed support,1013.0538677092138
4194,17,random,2,2,group,73.08599853515625,70.08578779791847,10.782523802099796,53.78152694571534,observed support,69.52666792699196
4194,17,random,2,2,household,0.20399999618530273,0.3578805154540643,0.1285009175389096,0.212199999888738,first physical ID,0.1713816544406245
4194,17,random,2,12,regional,868.3380126953125,1063.841350325259,6101.297326817016,776.8616391076869,observed support,1058.4291992011063
4194,17,random,2,12,group,60.55000305175781,71.05015226355397,35.121172751491265,51.7316551938466,observed support,70.6785815816545
4194,17,random,2,12,household,0.14800000190734863,0.23855351930183866,0.16326193942181133,0.129911111212439,first physical ID,0.21829571397782233
4194,17,random,4,2,regional,1027.64599609375,1027.2226265876343,930.5349022195894,810.9117681142477,observed support,1013.0538677092138
4194,17,random,4,2,group,73.08599853515625,69.72491843951921,10.595209795571227,53.78152694571534,observed support,69.52666792699196
4194,17,random,4,2,household,0.20399999618530273,0.41216700634839126,0.1260755910609488,0.212199999888738,first physical ID,0.1713816544406245
4194,17,random,4,12,regional,868.3380126953125,1037.9566515945785,5848.483844540965,776.8616391076869,observed support,1058.4291992011063
4194,17,random,4,12,group,60.55000305175781,69.14874774477526,33.98868407520754,51.7316551938466,observed support,70.6785815816545
4194,17,random,4,12,household,0.14800000190734863,0.31994281235661115,0.16249226590553656,0.129911111212439,first physical ID,0.21829571397782233
4194,17,random,8,2,regional,1027.64599609375,1002.1054924684108,888.392830262482,810.9117681142477,observed support,1013.0538677092138
4194,17,random,8,2,group,73.08599853515625,68.82782087670249,10.15082846777183,53.78152694571534,observed support,69.52666792699196
4194,17,random,8,2,household,0.20399999618530273,0.2128446243018969,0.0870593800201808,0.212199999888738,first physical ID,0.1713816544406245
4194,17,random,8,12,regional,868.3380126953125,1022.8609779112434,5674.332326004331,776.8616391076869,observed support,1058.4291992011063
4194,17,random,8,12,group,60.55000305175781,68.32560701753678,33.016752044418936,51.7316551938466,observed support,70.6785815816545
4194,17,random,8,12,household,0.14800000190734863,0.24958121415970694,0.16069696759387866,0.129911111212439,first physical ID,0.21829571397782233
4194,17,uncertainty,2,2,regional,1027.64599609375,1029.8604921353058,982.1222205048527,810.9117681142477,observed support,1013.0538677092138
4194,17,uncertainty,2,2,group,73.08599853515625,69.84681416474005,10.791233180856906,53.78152694571534,observed support,69.52666792699196
4194,17,uncertainty,2,2,household,0.20399999618530273,0.3028646140479791,0.12972774203619947,0.212199999888738,first physical ID,0.1713816544406245
4194,17,uncertainty,2,12,regional,868.3380126953125,1066.174174706513,6090.313394063962,776.8616391076869,observed support,1058.4291992011063
4194,17,uncertainty,2,12,group,60.55000305175781,70.79376623474582,35.10413132263325,51.7316551938466,observed support,70.6785815816545
4194,17,uncertainty,2,12,household,0.14800000190734863,0.24787345001537855,0.16304488059508704,0.129911111212439,first physical ID,0.21829571397782233
4194,17,uncertainty,4,2,regional,1027.64599609375,1021.3186598270329,930.2539300357416,810.9117681142477,observed support,1013.0538677092138
4194,17,uncertainty,4,2,group,73.08599853515625,69.28524129681699,10.591027204892603,53.78152694571534,observed support,69.52666792699196
4194,17,uncertainty,4,2,household,0.20399999618530273,0.4081546392535494,0.12642634213588827,0.212199999888738,first physical ID,0.1713816544406245
4194,17,uncertainty,4,12,regional,868.3380126953125,1050.2289440210332,5871.3287013281715,776.8616391076869,observed support,1058.4291992011063
4194,17,uncertainty,4,12,group,60.55000305175781,69.77126761979345,34.10813475848302,51.7316551938466,observed support,70.6785815816545
4194,17,uncertainty,4,12,household,0.14800000190734863,0.25908435139112085,0.16232544014773326,0.129911111212439,first physical ID,0.21829571397782233
4194,17,uncertainty,8,2,regional,1027.64599609375,1024.5356010665794,888.5363402504323,810.9117681142477,observed support,1013.0538677092138
4194,17,uncertainty,8,2,group,73.08599853515625,69.54093409907433,10.431113621529,53.78152694571534,observed support,69.52666792699196
4194,17,uncertainty,8,2,household,0.20399999618530273,0.4473871407547285,0.12426528476565882,0.212199999888738,first physical ID,0.1713816544406245
4194,17,uncertainty,8,12,regional,868.3380126953125,1047.9140387600003,5668.403790714907,776.8616391076869,observed support,1058.4291992011063
4194,17,uncertainty,8,12,group,60.55000305175781,69.58458199485386,33.19067528349591,51.7316551938466,observed support,70.6785815816545
4194,17,uncertainty,8,12,household,0.14800000190734863,0.30516140487313326,0.16181387967922883,0.129911111212439,first physical ID,0.21829571397782233
4194,18,fixed_coarse,0,2,regional,621.083984375,676.6134613822667,1274.227658614176,625.4591823743131,observed support,679.5538896350539
4194,18,fixed_coarse,0,2,group,43.05400085449219,45.36729446502612,12.000479347771055,40.44239081443659,observed support,45.49453037696706
4194,18,fixed_coarse,0,2,household,0.9200000166893005,0.9246957042636192,0.15413788490337224,0.6229777794745234,first physical ID,0.9877219236533841
4194,18,fixed_coarse,0,12,regional,1017.3920288085938,917.7242661939952,8599.269360668462,789.2664135597618,observed support,927.7811692860753
4194,18,fixed_coarse,0,12,group,71.30000305175781,62.718078535525194,46.46490737850464,53.10107283352131,observed support,63.18709938228538
4194,18,fixed_coarse,0,12,household,0.2280000001192093,0.19189234254640608,0.1696600330192704,0.17564444343249003,first physical ID,0.2450064031494536
4194,18,uniform_fine_stream,16,2,regional,621.083984375,679.5538896350539,857.6787030807193,625.4591823743131,observed support,679.5538896350539
4194,18,uniform_fine_stream,16,2,group,43.05400085449219,45.49453037696706,10.040882352411765,40.44239081443659,observed support,45.49453037696706
4194,18,uniform_fine_stream,16,2,household,0.9200000166893005,0.9877219236533841,0.08671140762487835,0.6229777794745234,first physical ID,0.9877219236533841
4194,18,uniform_fine_stream,16,12,regional,1017.3920288085938,927.7811692860753,5546.299557024754,789.2664135597618,observed support,927.7811692860753
4194,18,uniform_fine_stream,16,12,group,71.30000305175781,63.18709938228538,32.50635451251204,53.10107283352131,observed support,63.18709938228538
4194,18,uniform_fine_stream,16,12,household,0.2280000001192093,0.2450064031494536,0.1603374861049615,0.17564444343249003,first physical ID,0.2450064031494536
4194,18,fixed,2,2,regional,621.083984375,669.0176059536543,993.1323507982008,625.4591823743131,observed support,679.5538896350539
4194,18,fixed,2,2,group,43.05400085449219,44.51677925833531,10.842245458874517,40.44239081443659,observed support,45.49453037696706
4194,18,fixed,2,2,household,0.9200000166893005,1.044004043470722,0.13072797202989073,0.6229777794745234,first physical ID,0.9877219236533841
4194,18,fixed,2,12,regional,1017.3920288085938,903.4395266966906,6175.256228829792,789.2664135597618,observed support,927.7811692860753
4194,18,fixed,2,12,group,71.30000305175781,61.27837671902396,35.52165836661496,53.10107283352131,observed support,63.18709938228538
4194,18,fixed,2,12,household,0.2280000001192093,0.24838565697569276,0.16340583034140882,0.17564444343249003,first physical ID,0.2450064031494536
4194,18,fixed,4,2,regional,621.083984375,671.8060704682775,935.2438398917859,625.4591823743131,observed support,679.5538896350539
4194,18,fixed,4,2,group,43.05400085449219,44.7092615684116,10.612924416964194,40.44239081443659,observed support,45.49453037696706
4194,18,fixed,4,2,household,0.9200000166893005,1.095501194792912,0.1268013639542864,0.6229777794745234,first physical ID,0.9877219236533841
4194,18,fixed,4,12,regional,1017.3920288085938,916.4827110509827,5870.226502423928,789.2664135597618,observed support,927.7811692860753
4194,18,fixed,4,12,group,71.30000305175781,62.079389198658504,34.130858951405834,53.10107283352131,observed support,63.18709938228538
4194,18,fixed,4,12,household,0.2280000001192093,0.24326024105213692,0.16246137860468765,0.17564444343249003,first physical ID,0.2450064031494536
4194,18,fixed,8,2,regional,621.083984375,675.0520031744848,891.1789663992386,625.4591823743131,observed support,679.5538896350539
4194,18,fixed,8,2,group,43.05400085449219,44.86195978745787,10.443923980142761,40.44239081443659,observed support,45.49453037696706
4194,18,fixed,8,2,household,0.9200000166893005,1.111215876531187,0.12439627735615515,0.6229777794745234,first physical ID,0.9877219236533841
4194,18,fixed,8,12,regional,1017.3920288085938,916.1995827204662,5679.320238308113,789.2664135597618,observed support,927.7811692860753
4194,18,fixed,8,12,group,71.30000305175781,62.02956973472772,33.26887716460098,53.10107283352131,observed support,63.18709938228538
4194,18,fixed,8,12,household,0.2280000001192093,0.27114784697264666,0.16187790720859258,0.17564444343249003,first physical ID,0.2450064031494536
4194,18,random,2,2,regional,621.083984375,679.3054165858412,988.3040138034376,625.4591823743131,observed support,679.5538896350539
4194,18,random,2,2,group,43.05400085449219,45.230570410947564,10.843305732935455,40.44239081443659,observed support,45.49453037696706
4194,18,random,2,2,household,0.9200000166893005,1.0231980566111452,0.13006736944477032,0.6229777794745234,first physical ID,0.9877219236533841
4194,18,random,2,12,regional,1017.3920288085938,943.8411761657966,6208.819028655176,789.2664135597618,observed support,927.7811692860753
4194,18,random,2,12,group,71.30000305175781,63.951099329834484,35.64371734309364,53.10107283352131,observed support,63.18709938228538
4194,18,random,2,12,household,0.2280000001192093,0.21677646606388598,0.1635487765703887,0.17564444343249003,first physical ID,0.2450064031494536
4194,18,random,4,2,regional,621.083984375,678.9280468598137,932.711272725352,625.4591823743131,observed support,679.5538896350539
4194,18,random,4,2,group,43.05400085449219,45.10463185938643,10.614286843175945,40.44239081443659,observed support,45.49453037696706
4194,18,random,4,2,household,0.9200000166893005,1.0861310571598393,0.126528274498512,0.6229777794745234,first physical ID,0.9877219236533841
4194,18,random,4,12,regional,1017.3920288085938,944.0036004708127,5875.238034691389,789.2664135597618,observed support,927.7811692860753
4194,18,random,4,12,group,71.30000305175781,63.870672272835314,34.13420417903518,53.10107283352131,observed support,63.18709938228538
4194,18,random,4,12,household,0.2280000001192093,0.24829264155063285,0.1625144421354798,0.17564444343249003,first physical ID,0.2450064031494536
4194,18,random,8,2,regional,621.083984375,677.0194313220563,888.128633568956,625.4591823743131,observed support,679.5538896350539
4194,18,random,8,2,group,43.05400085449219,44.98773679713595,10.432296709854189,40.44239081443659,observed support,45.49453037696706
4194,18,random,8,2,household,0.9200000166893005,1.157276311399988,0.12430742967706145,0.6229777794745234,first physical ID,0.9877219236533841
4194,18,random,8,12,regional,1017.3920288085938,935.2613150427667,5656.812018136454,789.2664135597618,observed support,927.7811692860753
4194,18,random,8,12,group,71.30000305175781,63.30635499361198,33.165743462608425,53.10107283352131,observed support,63.18709938228538
4194,18,random,8,12,household,0.2280000001192093,0.2728284762018645,0.1618802614869415,0.17564444343249003,first physical ID,0.2450064031494536
4194,18,uncertainty,2,2,regional,621.083984375,674.9147768864578,982.0531353938408,625.4591823743131,observed support,679.5538896350539
4194,18,uncertainty,2,2,group,43.05400085449219,44.86421666343735,10.790675951256068,40.44239081443659,observed support,45.49453037696706
4194,18,uncertainty,2,2,household,0.9200000166893005,1.1034941980820885,0.1297276316826955,0.6229777794745234,first physical ID,0.9877219236533841
4194,18,uncertainty,2,12,regional,1017.3920288085938,901.6875701434724,6084.506935432065,789.2664135597618,observed support,927.7811692860753
4194,18,uncertainty,2,12,group,71.30000305175781,61.156809041896494,35.10470304452399,53.10107283352131,observed support,63.18709938228538
4194,18,uncertainty,2,12,household,0.2280000001192093,0.28712460612197344,0.16304577437088286,0.17564444343249003,first physical ID,0.2450064031494536
4194,18,uncertainty,4,2,regional,621.083984375,669.4356665286782,930.1310629101926,625.4591823743131,observed support,679.5538896350539
4194,18,uncertainty,4,2,group,43.05400085449219,44.383239886679334,10.59070267469272,40.44239081443659,observed support,45.49453037696706
4194,18,uncertainty,4,2,household,0.9200000166893005,1.1198777272118081,0.1264262189076151,0.6229777794745234,first physical ID,0.9877219236533841
4194,18,uncertainty,4,12,regional,1017.3920288085938,890.8125003789461,5865.61941719298,789.2664135597618,observed support,927.7811692860753
4194,18,uncertainty,4,12,group,71.30000305175781,60.3231083220753,34.10830827759774,53.10107283352131,observed support,63.18709938228538
4194,18,uncertainty,4,12,household,0.2280000001192093,0.31475022356021204,0.16232585471663974,0.17564444343249003,first physical ID,0.2450064031494536
4194,18,uncertainty,8,2,regional,621.083984375,679.5332409164325,888.376147980854,625.4591823743131,observed support,679.5538896350539
4194,18,uncertainty,8,2,group,43.05400085449219,45.07357522877882,10.431026002825353,40.44239081443659,observed support,45.49453037696706
4194,18,uncertainty,8,2,household,0.9200000166893005,1.13914563677245,0.12426752768966652,0.6229777794745234,first physical ID,0.9877219236533841
4194,18,uncertainty,8,12,regional,1017.3920288085938,925.1733988978802,5662.827938289811,789.2664135597618,observed support,927.7811692860753
4194,18,uncertainty,8,12,group,71.30000305175781,62.60392917126162,33.190768726889296,53.10107283352131,observed support,63.18709938228538
4194,18,uncertainty,8,12,household,0.2280000001192093,0.3093278604323088,0.16181408381649948,0.17564444343249003,first physical ID,0.2450064031494536
4194,19,fixed_coarse,0,2,regional,634.4869384765625,655.9233570016606,1272.1432324985976,476.419162654416,observed support,619.9862795648206
4194,19,fixed_coarse,0,2,group,42.84600067138672,44.90638251213396,12.01568590105646,31.28608173998274,observed support,42.65752415158807
4194,19,fixed_coarse,0,2,household,2.3369998931884766,1.2103696344256638,0.15427832937245303,0.7720444454087152,first physical ID,2.1615815652410375
4194,19,fixed_coarse,0,12,regional,922.695068359375,1010.6594677611939,8599.902232321952,831.5481378503637,observed support,973.4726407972204
4194,19,fixed_coarse,0,12,group,63.314998626708984,66.6300821985107,46.53360836195468,53.689886781702086,observed support,64.0374944759942
4194,19,fixed_coarse,0,12,household,0.12700000405311584,0.46614099945057774,0.16966860351228008,0.23975555524230002,first physical ID,0.6007677536426215
4194,19,uniform_fine_stream,16,2,regional,634.4869384765625,619.9862795648206,855.5190463624926,476.419162654416,observed support,619.9862795648206
4194,19,uniform_fine_stream,16,2,group,42.84600067138672,42.65752415158807,10.043449932795502,31.28608173998274,observed support,42.65752415158807
4194,19,uniform_fine_stream,16,2,household,2.3369998931884766,2.1615815652410375,0.08672316719981486,0.7720444454087152,first physical ID,2.1615815652410375
4194,19,uniform_fine_stream,16,12,regional,922.695068359375,973.4726407972204,5538.242339027533,831.5481378503637,observed support,973.4726407972204
4194,19,uniform_fine_stream,16,12,group,63.314998626708984,64.0374944759942,32.51216864942594,53.689886781702086,observed support,64.0374944759942
4194,19,uniform_fine_stream,16,12,household,0.12700000405311584,0.6007677536426215,0.16034203069853584,0.23975555524230002,first physical ID,0.6007677536426215
4194,19,fixed,2,2,regional,634.4869384765625,634.0222363169312,996.716050734399,476.419162654416,observed support,619.9862795648206
4194,19,fixed,2,2,group,42.84600067138672,43.13067658126706,10.869800183365626,31.28608173998274,observed support,42.65752415158807
4194,19,fixed,2,2,household,2.3369998931884766,1.6441837749149288,0.13093791257768964,0.7720444454087152,first physical ID,2.1615815652410375
4194,19,fixed,2,12,regional,922.695068359375,978.1441981591049,6211.257217067727,831.5481378503637,observed support,973.4726407972204
4194,19,fixed,2,12,group,63.314998626708984,64.09264069124895,35.66907166423524,53.689886781702086,observed support,64.0374944759942
4194,19,fixed,2,12,household,0.12700000405311584,0.5494326058792827,0.1634528096127697,0.23975555524230002,first physical ID,0.6007677536426215
4194,19,fixed,4,2,regional,634.4869384765625,626.9976820033587,932.8332898921417,476.419162654416,observed support,619.9862795648206
4194,19,fixed,4,2,group,42.84600067138672,42.58252707067904,10.619721433238906,31.28608173998274,observed support,42.65752415158807
4194,19,fixed,4,2,household,2.3369998931884766,1.9103266955345841,0.12655764945556774,0.7720444454087152,first physical ID,2.1615815652410375
4194,19,fixed,4,12,regional,922.695068359375,975.5547130595594,5885.544144103414,831.5481378503637,observed support,973.4726407972204
4194,19,fixed,4,12,group,63.314998626708984,64.02456286229821,34.237659154348016,53.689886781702086,observed support,64.0374944759942
4194,19,fixed,4,12,household,0.12700000405311584,0.559159626243962,0.16250604546345135,0.23975555524230002,first physical ID,0.6007677536426215
4194,19,fixed,8,2,regional,634.4869384765625,629.0026988401187,887.9978217906743,476.419162654416,observed support,619.9862795648206
4194,19,fixed,8,2,group,42.84600067138672,42.91841482573461,10.441028871116075,31.28608173998274,observed support,42.65752415158807
4194,19,fixed,8,2,household,2.3369998931884766,1.8862063447246085,0.12433749668723419,0.7720444454087152,first physical ID,2.1615815652410375
4194,19,fixed,8,12,regional,922.695068359375,978.5983918372415,5657.3978567718505,831.5481378503637,observed support,973.4726407972204
4194,19,fixed,8,12,group,63.314998626708984,64.37670395008254,33.20863433065444,53.689886781702086,observed support,64.0374944759942
4194,19,fixed,8,12,household,0.12700000405311584,0.5900487855119683,0.16188749266468577,0.23975555524230002,first physical ID,0.6007677536426215
4194,19,random,2,2,regional,634.4869384765625,634.5032504804736,975.1352056897335,476.419162654416,observed support,619.9862795648206
4194,19,random,2,2,group,42.84600067138672,43.33404268923615,10.772348073882222,31.28608173998274,observed support,42.65752415158807
4194,19,random,2,2,household,2.3369998931884766,1.9164522324380446,0.12849313738841583,0.7720444454087152,first physical ID,2.1615815652410375
4194,19,random,2,12,regional,922.695068359375,1030.7699441798022,6039.455235778567,831.5481378503637,observed support,973.4726407972204
4194,19,random,2,12,group,63.314998626708984,67.87020435369207,34.88121785606336,53.689886781702086,observed support,64.0374944759942
4194,19,random,2,12,household,0.12700000405311584,0.563716580630447,0.16325691501676975,0.23975555524230002,first physical ID,0.6007677536426215
4194,19,random,4,2,regional,634.4869384765625,637.6760023933883,925.1646426789351,476.419162654416,observed support,619.9862795648206
4194,19,random,4,2,group,42.84600067138672,43.43267660776466,10.302751505771841,31.28608173998274,observed support,42.65752415158807
4194,19,random,4,2,household,2.3369998931884766,2.2004802871809206,0.08765385530848896,0.7720444454087152,first physical ID,2.1615815652410375
4194,19,random,4,12,regional,922.695068359375,1021.5270221297087,5821.846200066166,831.5481378503637,observed support,973.4726407972204
4194,19,random,4,12,group,63.314998626708984,66.91658860970874,33.7005515922417,53.689886781702086,observed support,64.0374944759942
4194,19,random,4,12,household,0.12700000405311584,0.6389879588100342,0.1612562578524469,0.23975555524230002,first physical ID,0.6007677536426215
4194,19,random,8,2,regional,634.4869384765625,628.1044273759716,887.5109666198382,476.419162654416,observed support,619.9862795648206
4194,19,random,8,2,group,42.84600067138672,43.151979240722795,10.161471014843734,31.28608173998274,observed support,42.65752415158807
4194,19,random,8,2,household,2.3369998931884766,2.1369824737683465,0.08710650335757868,0.7720444454087152,first physical ID,2.1615815652410375
4194,19,random,8,12,regional,922.695068359375,999.6402885628753,5660.089360756909,831.5481378503637,observed support,973.4726407972204
4194,19,random,8,12,group,63.314998626708984,65.59059047565839,33.02136614861145,53.689886781702086,observed support,64.0374944759942
4194,19,random,8,12,household,0.12700000405311584,0.5885015415060662,0.16070020340620927,0.23975555524230002,first physical ID,0.6007677536426215
4194,19,uncertainty,2,2,regional,634.4869384765625,604.9182626623192,980.6886878194123,476.419162654416,observed support,619.9862795648206
4194,19,uncertainty,2,2,group,42.84600067138672,41.252887203048495,10.799387367517284,31.28608173998274,observed support,42.65752415158807
4194,19,uncertainty,2,2,household,2.3369998931884766,1.950463841912145,0.1297915154406363,0.7720444454087152,first physical ID,2.1615815652410375
4194,19,uncertainty,2,12,regional,922.695068359375,925.3667755059289,6080.985711376132,831.5481378503637,observed support,973.4726407972204
4194,19,uncertainty,2,12,group,63.314998626708984,60.88895522866119,35.136318519023774,53.689886781702086,observed support,64.0374944759942
4194,19,uncertainty,2,12,household,0.12700000405311584,0.5780273834143046,0.16306437087148867,0.23975555524230002,first physical ID,0.6007677536426215
4194,19,uncertainty,4,2,regional,634.4869384765625,617.3867094249646,928.5909301912408,476.419162654416,observed support,619.9862795648206
4194,19,uncertainty,4,2,group,42.84600067138672,42.14188609064191,10.598021566846974,31.28608173998274,observed support,42.65752415158807
4194,19,uncertainty,4,2,household,2.3369998931884766,1.8215184041811592,0.1264610040170935,0.7720444454087152,first physical ID,2.1615815652410375
4194,19,uncertainty,4,12,regional,922.695068359375,949.8446957612175,5860.427890663693,831.5481378503637,observed support,973.4726407972204
4194,19,uncertainty,4,12,group,63.314998626708984,62.50921137563134,34.13003202444698,53.689886781702086,observed support,64.0374944759942
4194,19,uncertainty,4,12,household,0.12700000405311584,0.5595380524629571,0.16233762815670588,0.23975555524230002,first physical ID,0.6007677536426215
4194,19,uncertainty,8,2,regional,634.4869384765625,621.8162521073481,886.435324766388,476.419162654416,observed support,619.9862795648206
4194,19,uncertainty,8,2,group,42.84600067138672,42.44934660932549,10.436401361748407,31.28608173998274,observed support,42.65752415158807
4194,19,uncertainty,8,2,household,2.3369998931884766,1.9484739374848874,0.12428605277535307,0.7720444454087152,first physical ID,2.1615815652410375
4194,19,uncertainty,8,12,regional,922.695068359375,973.8144406332206,5655.679558503753,831.5481378503637,observed support,973.4726407972204
4194,19,uncertainty,8,12,group,63.314998626708984,64.11456427186893,33.20221708057112,53.689886781702086,observed support,64.0374944759942
4194,19,uncertainty,8,12,household,0.12700000405311584,0.5876557974178529,0.1618223881025703,0.23975555524230002,first physical ID,0.6007677536426215
4194,20,fixed_coarse,0,2,regional,1166.35888671875,1157.6500620623628,1270.1273806187312,813.1996296814245,observed support,1140.5600713705196
4194,20,fixed_coarse,0,2,group,76.31900024414062,75.25390239718355,12.00237506895053,51.8101137191741,observed support,73.02057500064433
4194,20,fixed_coarse,0,2,household,0.15000000596046448,0.49265993649570494,0.15418837628050466,0.13693333342671393,first physical ID,0.42582922720911043
4194,20,fixed_coarse,0,12,regional,607.8880004882812,733.9323434266229,8594.633397542537,446.8278813945514,observed support,640.2251551446604
4194,20,fixed_coarse,0,12,group,42.37200164794922,49.106839820630604,46.47532130936693,29.664665759886642,observed support,41.96168061915698
4194,20,fixed_coarse,0,12,household,2.375999927520752,1.1327831456382784,0.16964847904588842,0.6567777716451221,first physical ID,1.3671369970437155
4194,20,uniform_fine_stream,16,2,regional,1166.35888671875,1140.5600713705196,855.3184157471553,813.1996296814245,observed support,1140.5600713705196
4194,20,uniform_fine_stream,16,2,group,76.31900024414062,73.02057500064433,10.04154504405191,51.8101137191741,observed support,73.02057500064433
4194,20,uniform_fine_stream,16,2,household,0.15000000596046448,0.42582922720911043,0.0867122170653011,0.13693333342671393,first physical ID,0.42582922720911043
4194,20,uniform_fine_stream,16,12,regional,607.8880004882812,640.2251551446604,5542.146153195364,446.8278813945514,observed support,640.2251551446604
4194,20,uniform_fine_stream,16,12,group,42.37200164794922,41.96168061915698,32.507441692491106,29.664665759886642,observed support,41.96168061915698
4194,20,uniform_fine_stream,16,12,household,2.375999927520752,1.3671369970437155,0.16033871934524424,0.6567777716451221,first physical ID,1.3671369970437155
4194,20,fixed,2,2,regional,1166.35888671875,1167.8449626297895,982.8035586826207,813.1996296814245,observed support,1140.5600713705196
4194,20,fixed,2,2,group,76.31900024414062,75.28480232805273,10.806842742048788,51.8101137191741,observed support,73.02057500064433
4194,20,fixed,2,2,household,0.15000000596046448,0.4896566754395123,0.12950495479920493,0.13693333342671393,first physical ID,0.42582922720911043
4194,20,fixed,2,12,regional,607.8880004882812,713.0091753880813,6146.694059838706,446.8278813945514,observed support,640.2251551446604
4194,20,fixed,2,12,group,42.37200164794922,46.714833885258955,35.373265816693284,29.664665759886642,observed support,41.96168061915698
4194,20,fixed,2,12,household,2.375999927520752,1.38489053743838,0.16322721502219908,0.6567777716451221,first physical ID,1.3671369970437155
4194,20,fixed,4,2,regional,1166.35888671875,1175.4655022458678,928.0929586539212,813.1996296814245,observed support,1140.5600713705196
4194,20,fixed,4,2,group,76.31900024414062,75.87860404993144,10.591144389621233,51.8101137191741,observed support,73.02057500064433
4194,20,fixed,4,2,household,0.15000000596046448,0.5160698685316656,0.12593311250844222,0.13693333342671393,first physical ID,0.42582922720911043
4194,20,fixed,4,12,regional,607.8880004882812,719.4498383526136,5850.941192238074,446.8278813945514,observed support,640.2251551446604
4194,20,fixed,4,12,group,42.37200164794922,47.276625530879144,34.0513722157834,29.664665759886642,observed support,41.96168061915698
4194,20,fixed,4,12,household,2.375999927520752,1.3833107092436716,0.16243339824408715,0.6567777716451221,first physical ID,1.3671369970437155
4194,20,fixed,8,2,regional,1166.35888671875,1153.3823711836696,886.9232670399318,813.1996296814245,observed support,1140.5600713705196
4194,20,fixed,8,2,group,76.31900024414062,74.60675020414914,10.433713298716516,51.8101137191741,observed support,73.02057500064433
4194,20,fixed,8,2,household,0.15000000596046448,0.5597373261958142,0.1242641589823908,0.13693333342671393,first physical ID,0.42582922720911043
4194,20,fixed,8,12,regional,607.8880004882812,652.3394637149503,5648.842015093231,446.8278813945514,observed support,640.2251551446604
4194,20,fixed,8,12,group,42.37200164794922,43.09934674584192,33.15189843879584,29.664665759886642,observed support,41.96168061915698
4194,20,fixed,8,12,household,2.375999927520752,1.3986241870399803,0.16182323112727226,0.6567777716451221,first physical ID,1.3671369970437155
4194,20,random,2,2,regional,1166.35888671875,1150.6679616823458,971.2532095823142,813.1996296814245,observed support,1140.5600713705196
4194,20,random,2,2,group,76.31900024414062,74.67369602391237,10.753232138195186,51.8101137191741,observed support,73.02057500064433
4194,20,random,2,2,household,0.15000000596046448,0.5302030177507838,0.12846892791696518,0.13693333342671393,first physical ID,0.42582922720911043
4194,20,random,2,12,regional,607.8880004882812,715.5613858107338,6090.257406855092,446.8278813945514,observed support,640.2251551446604
4194,20,random,2,12,group,42.37200164794922,47.37695281289773,35.11841126626176,29.664665759886642,observed support,41.96168061915698
4194,20,random,2,12,household,2.375999927520752,1.2340918625636288,0.16321709996105038,0.6567777716451221,first physical ID,1.3671369970437155
4194,20,random,4,2,regional,1166.35888671875,1135.3281275477648,926.0570060466289,813.1996296814245,observed support,1140.5600713705196
4194,20,random,4,2,group,76.31900024414062,73.681023870104,10.582043630492231,51.8101137191741,observed support,73.02057500064433
4194,20,random,4,2,household,0.15000000596046448,0.4737268990670673,0.12614458353837432,0.13693333342671393,first physical ID,0.42582922720911043
4194,20,random,4,12,regional,607.8880004882812,673.0171130491351,5809.289969263756,446.8278813945514,observed support,640.2251551446604
4194,20,random,4,12,group,42.37200164794922,44.49968738512201,33.8845036759973,29.664665759886642,observed support,41.96168061915698
4194,20,random,4,12,household,2.375999927520752,1.2156780199127017,0.1623154215316802,0.6567777716451221,first physical ID,1.3671369970437155
4194,20,random,8,2,regional,1166.35888671875,1128.5131009561014,884.9528112845085,813.1996296814245,observed support,1140.5600713705196
4194,20,random,8,2,group,76.31900024414062,73.25987131358715,10.42512748937521,51.8101137191741,observed support,73.02057500064433
4194,20,random,8,2,household,0.15000000596046448,0.6275509964964885,0.1241901970446788,0.13693333342671393,first physical ID,0.42582922720911043
4194,20,random,8,12,regional,607.8880004882812,657.6515165565602,5638.060700884471,446.8278813945514,observed support,640.2251551446604
4194,20,random,8,12,group,42.37200164794922,43.51763476132569,33.10543726247479,29.664665759886642,observed support,41.96168061915698
4194,20,random,8,12,household,2.375999927520752,1.3137496174646284,0.1618385477746171,0.6567777716451221,first physical ID,1.3671369970437155
4194,20,uncertainty,2,2,regional,1166.35888671875,1117.7129695642261,979.6606006654322,813.1996296814245,observed support,1140.5600713705196
4194,20,uncertainty,2,2,group,76.31900024414062,72.37306677307299,10.792759754150755,51.8101137191741,observed support,73.02057500064433
4194,20,uncertainty,2,2,household,0.15000000596046448,0.7291478894735537,0.12973743017479436,0.13693333342671393,first physical ID,0.42582922720911043
4194,20,uncertainty,2,12,regional,607.8880004882812,656.2981784514982,6081.328879086945,446.8278813945514,observed support,640.2251551446604
4194,20,uncertainty,2,12,group,42.37200164794922,43.24275162657269,35.11333799269003,29.664665759886642,observed support,41.96168061915698
4194,20,uncertainty,2,12,household,2.375999927520752,1.23866385831666,0.16305013070361993,0.6567777716451221,first physical ID,1.3671369970437155
4194,20,uncertainty,4,2,regional,1166.35888671875,1121.879480316346,928.0021163275144,813.1996296814245,observed support,1140.5600713705196
4194,20,uncertainty,4,2,group,76.31900024414062,72.84709101904221,10.593068412876455,51.8101137191741,observed support,73.02057500064433
4194,20,uncertainty,4,2,household,0.15000000596046448,0.6143884021201865,0.1264311010888832,0.13693333342671393,first physical ID,0.42582922720911043
4194,20,uncertainty,4,12,regional,607.8880004882812,630.9636709533833,5862.066751735743,446.8278813945514,observed support,640.2251551446604
4194,20,uncertainty,4,12,group,42.37200164794922,41.86807659702188,34.11347306385539,29.664665759886642,observed support,41.96168061915698
4194,20,uncertainty,4,12,household,2.375999927520752,1.2625657125218295,0.16232765325161078,0.6567777716451221,first physical ID,1.3671369970437155
4194,20,uncertainty,8,2,regional,1166.35888671875,1133.316549004217,886.1232669202187,813.1996296814245,observed support,1140.5600713705196
4194,20,uncertainty,8,2,group,76.31900024414062,73.5067816327288,10.432487110956561,51.8101137191741,observed support,73.02057500064433
4194,20,uncertainty,8,2,household,0.15000000596046448,0.6466008447904645,0.12427085032690488,0.13693333342671393,first physical ID,0.42582922720911043
4194,20,uncertainty,8,12,regional,607.8880004882812,613.7294819146316,5658.904708354781,446.8278813945514,observed support,640.2251551446604
4194,20,uncertainty,8,12,group,42.37200164794922,40.651326207225964,33.19334944678053,29.664665759886642,observed support,41.96168061915698
4194,20,uncertainty,8,12,household,2.375999927520752,1.427984561747834,0.16181712246407703,0.6567777716451221,first physical ID,1.3671369970437155
4194,21,fixed_coarse,0,2,regional,1609.9619140625,1617.526875574507,1267.4610821441731,1199.015402544155,observed support,1611.2216404774704
4194,21,fixed_coarse,0,2,group,116.27799987792969,111.41536477761693,11.996450268591259,79.52330568471962,observed support,110.32121672041441
4194,21,fixed_coarse,0,2,household,0.3070000112056732,0.48561411137517574,0.1543218884245568,0.22555555370118882,first physical ID,0.2024272598375096
4194,21,fixed_coarse,0,12,regional,987.073974609375,1043.8588773800427,8594.41242907687,686.2178549697408,observed support,978.1767081845128
4194,21,fixed_coarse,0,12,group,65.03800201416016,69.24728306732237,46.492730596402396,44.304400156990376,observed support,64.1008370224174
4194,21,fixed_coarse,0,12,household,3.0460000038146973,2.1685685892942956,0.16966340018395507,1.7317111076580154,first physical ID,2.3557214663807327
4194,21,uniform_fine_stream,16,2,regional,1609.9619140625,1611.2216404774704,855.2046486292546,1199.015402544155,observed support,1611.2216404774704
4194,21,uniform_fine_stream,16,2,group,116.27799987792969,110.32121672041441,10.041539796463924,79.52330568471962,observed support,110.32121672041441
4194,21,uniform_fine_stream,16,2,household,0.3070000112056732,0.2024272598375096,0.08671194674740036,0.22555555370118882,first physical ID,0.2024272598375096
4194,21,uniform_fine_stream,16,12,regional,987.073974609375,978.1767081845128,5538.9389456530735,686.2178549697408,observed support,978.1767081845128
4194,21,uniform_fine_stream,16,12,group,65.03800201416016,64.1008370224174,32.50730661648345,44.304400156990376,observed support,64.1008370224174
4194,21,uniform_fine_stream,16,12,household,3.0460000038146973,2.3557214663807327,0.1603386259859823,1.7317111076580154,first physical ID,2.3557214663807327
4194,21,fixed,2,2,regional,1609.9619140625,1675.7182246723955,978.5820083568136,1199.015402544155,observed support,1611.2216404774704
4194,21,fixed,2,2,group,116.27799987792969,114.29170263688613,10.803383171807054,79.52330568471962,observed support,110.32121672041441
4194,21,fixed,2,2,household,0.3070000112056732,0.3064452477031385,0.12884234579287296,0.22555555370118882,first physical ID,0.2024272598375096
4194,21,fixed,2,12,regional,987.073974609375,1072.6876549394158,6173.236213210975,686.2178549697408,observed support,978.1767081845128
4194,21,fixed,2,12,group,65.03800201416016,70.4034184314708,35.54165180830235,44.304400156990376,observed support,64.1008370224174
4194,21,fixed,2,12,household,3.0460000038146973,2.3704374327511446,0.16326087619657287,1.7317111076580154,first physical ID,2.3557214663807327
4194,21,fixed,4,2,regional,1609.9619140625,1651.247555021871,927.1344535298913,1199.015402544155,observed support,1611.2216404774704
4194,21,fixed,4,2,group,116.27799987792969,112.78560001531295,10.590995821890955,79.52330568471962,observed support,110.32121672041441
4194,21,fixed,4,2,household,0.3070000112056732,0.3572925273348809,0.12603798371906047,0.22555555370118882,first physical ID,0.2024272598375096
4194,21,fixed,4,12,regional,987.073974609375,1008.9985320043061,5851.606117490918,686.2178549697408,observed support,978.1767081845128
4194,21,fixed,4,12,group,65.03800201416016,66.32692759531623,34.07134457557132,44.304400156990376,observed support,64.1008370224174
4194,21,fixed,4,12,household,3.0460000038146973,2.3660521720776355,0.16245886207777294,1.7317111076580154,first physical ID,2.3557214663807327
4194,21,fixed,8,2,regional,1609.9619140625,1627.3417901876287,884.9047517590983,1199.015402544155,observed support,1611.2216404774704
4194,21,fixed,8,2,group,116.27799987792969,110.90962807530539,10.427043297977937,79.52330568471962,observed support,110.32121672041441
4194,21,fixed,8,2,household,0.3070000112056732,0.42339389938002897,0.12418045603213072,0.22555555370118882,first physical ID,0.2024272598375096
4194,21,fixed,8,12,regional,987.073974609375,966.7706196640984,5641.175241866898,686.2178549697408,observed support,978.1767081845128
4194,21,fixed,8,12,group,65.03800201416016,63.187284849387645,33.134518774475104,44.304400156990376,observed support,64.1008370224174
4194,21,fixed,8,12,household,3.0460000038146973,2.409625887518554,0.16182926815634222,1.7317111076580154,first physical ID,2.3557214663807327
4194,21,random,2,2,regional,1609.9619140625,1603.1800807760983,981.7414745924607,1199.015402544155,observed support,1611.2216404774704
4194,21,random,2,2,group,116.27799987792969,109.53189121387183,10.831782119506087,79.52330568471962,observed support,110.32121672041441
4194,21,random,2,2,household,0.3070000112056732,0.4745401344067531,0.12919353740290607,0.22555555370118882,first physical ID,0.2024272598375096
4194,21,random,2,12,regional,987.073974609375,1026.3704527081463,6212.399820630413,686.2178549697408,observed support,978.1767081845128
4194,21,random,2,12,group,65.03800201416016,66.86078386322797,35.70342423840037,44.304400156990376,observed support,64.1008370224174
4194,21,random,2,12,household,3.0460000038146973,2.311107524332079,0.16340225605548908,1.7317111076580154,first physical ID,2.3557214663807327
4194,21,random,4,2,regional,1609.9619140625,1623.3214997074954,925.6357533705335,1199.015402544155,observed support,1611.2216404774704
4194,21,random,4,2,group,116.27799987792969,111.06427149974665,10.30676951441171,79.52330568471962,observed support,110.32121672041441
4194,21,random,4,2,household,0.3070000112056732,0.1620174982421656,0.08764150515976511,0.22555555370118882,first physical ID,0.2024272598375096
4194,21,random,4,12,regional,987.073974609375,1046.0357185296216,5840.799394374979,686.2178549697408,observed support,978.1767081845128
4194,21,random,4,12,group,65.03800201416016,68.28948493947904,33.78516029728257,44.304400156990376,observed support,64.1008370224174
4194,21,random,4,12,household,3.0460000038146973,2.2434459383305327,0.16125787615730286,1.7317111076580154,first physical ID,2.3557214663807327
4194,21,random,8,2,regional,1609.9619140625,1607.0617855994099,883.4778199269349,1199.015402544155,observed support,1611.2216404774704
4194,21,random,8,2,group,116.27799987792969,109.81088910242904,10.143040782712724,79.52330568471962,observed support,110.32121672041441
4194,21,random,8,2,household,0.3070000112056732,0.255963794112992,0.08703610460453574,0.22555555370118882,first physical ID,0.2024272598375096
4194,21,random,8,12,regional,987.073974609375,974.5838299918985,5645.9295662552795,686.2178549697408,observed support,978.1767081845128
4194,21,random,8,12,group,65.03800201416016,63.80391935399595,32.95321230428305,44.304400156990376,observed support,64.1008370224174
4194,21,random,8,12,household,3.0460000038146973,2.376590979940415,0.16069040123613126,1.7317111076580154,first physical ID,2.3557214663807327
4194,21,uncertainty,2,2,regional,1609.9619140625,1617.820705672218,978.5211606363881,1199.015402544155,observed support,1611.2216404774704
4194,21,uncertainty,2,2,group,116.27799987792969,110.41806820441843,10.7912296861664,79.52330568471962,observed support,110.32121672041441
4194,21,uncertainty,2,2,household,0.3070000112056732,0.6213963711194853,0.12973426476793304,0.22555555370118882,first physical ID,0.2024272598375096
4194,21,uncertainty,2,12,regional,987.073974609375,974.9695047598073,6077.20873509993,686.2178549697408,observed support,978.1767081845128
4194,21,uncertainty,2,12,group,65.03800201416016,63.848136395968886,35.111472222423664,44.304400156990376,observed support,64.1008370224174
4194,21,uncertainty,2,12,household,3.0460000038146973,2.396455883616516,0.16304987185014708,1.7317111076580154,first physical ID,2.3557214663807327
4194,21,uncertainty,4,2,regional,1609.9619140625,1607.8035200619352,927.2879612407095,1199.015402544155,observed support,1611.2216404774704
4194,21,uncertainty,4,2,group,116.27799987792969,110.03400295781833,10.592244010451282,79.52330568471962,observed support,110.32121672041441
4194,21,uncertainty,4,2,household,0.3070000112056732,0.5354562861695652,0.12642994255766693,0.22555555370118882,first physical ID,0.2024272598375096
4194,21,uncertainty,4,12,regional,987.073974609375,960.4313305339641,5858.396308621738,686.2178549697408,observed support,978.1767081845128
4194,21,uncertainty,4,12,group,65.03800201416016,63.04694933511438,34.112744705774176,44.304400156990376,observed support,64.1008370224174
4194,21,uncertainty,4,12,household,3.0460000038146973,2.3440894274880772,0.16232725970667006,1.7317111076580154,first physical ID,2.3557214663807327
4194,21,uncertainty,8,2,regional,1609.9619140625,1623.654158362644,886.0011525106868,1199.015402544155,observed support,1611.2216404774704
4194,21,uncertainty,8,2,group,116.27799987792969,110.52274666242758,10.432598752001383,79.52330568471962,observed support,110.32121672041441
4194,21,uncertainty,8,2,household,0.3070000112056732,0.4824079892650816,0.12426799047598046,0.22555555370118882,first physical ID,0.2024272598375096
4194,21,uncertainty,8,12,regional,987.073974609375,956.3788327176742,5655.382297632764,686.2178549697408,observed support,978.1767081845128
4194,21,uncertainty,8,12,group,65.03800201416016,62.42257993729677,33.192484365022786,44.304400156990376,observed support,64.1008370224174
4194,21,uncertainty,8,12,household,3.0460000038146973,2.446653103393456,0.1618168232755813,1.7317111076580154,first physical ID,2.3557214663807327
4194,22,fixed_coarse,0,2,regional,1254.4130859375,1318.8585866302847,1271.6764267966441,940.7007524312806,observed support,1306.531590793475
4194,22,fixed_coarse,0,2,group,84.34900665283203,87.29457806428482,12.003738804637724,59.462911982990725,observed support,84.22098100224636
4194,22,fixed_coarse,0,2,household,0.07699999958276749,0.41461421340939125,0.1542620885375058,0.12777777736385662,first physical ID,0.2415881179324849
4194,22,fixed_coarse,0,12,regional,1488.488037109375,1518.2915962654572,8594.174429091634,1111.7522547495948,observed support,1418.3535413294635
4194,22,fixed_coarse,0,12,group,101.8010025024414,101.94321606745605,46.49821291405229,74.10225042761093,observed support,93.43590076269082
4194,22,fixed_coarse,0,12,household,0.12700000405311584,0.5562541199513856,0.169646376983351,0.20339999952250057,first physical ID,0.6316106563375036
4194,22,uniform_fine_stream,16,2,regional,1254.4130859375,1306.531590793475,855.9802778386987,940.7007524312806,observed support,1306.531590793475
4194,22,uniform_fine_stream,16,2,group,84.34900665283203,84.22098100224636,10.04159944766364,59.462911982990725,observed support,84.22098100224636
4194,22,uniform_fine_stream,16,2,household,0.07699999958276749,0.2415881179324849,0.08671222847196028,0.12777777736385662,first physical ID,0.2415881179324849
4194,22,uniform_fine_stream,16,12,regional,1488.488037109375,1418.3535413294635,5538.972654548455,1111.7522547495948,observed support,1418.3535413294635
4194,22,uniform_fine_stream,16,12,group,101.8010025024414,93.43590076269082,32.507437475405496,74.10225042761093,observed support,93.43590076269082
4194,22,uniform_fine_stream,16,12,household,0.12700000405311584,0.6316106563375036,0.16033893380592465,0.20339999952250057,first physical ID,0.6316106563375036
4194,22,fixed,2,2,regional,1254.4130859375,1328.7053467169521,979.2010574573007,940.7007524312806,observed support,1306.531590793475
4194,22,fixed,2,2,group,84.34900665283203,87.80069966306492,10.786207644682275,59.462911982990725,observed support,84.22098100224636
4194,22,fixed,2,2,household,0.07699999958276749,0.09339852054820058,0.12828879163691403,0.12777777736385662,first physical ID,0.2415881179324849
4194,22,fixed,2,12,regional,1488.488037109375,1489.3778780477464,6118.46378656958,1111.7522547495948,observed support,1418.3535413294635
4194,22,fixed,2,12,group,101.8010025024414,99.5352171029287,35.261588839221034,74.10225042761093,observed support,93.43590076269082
4194,22,fixed,2,12,household,0.12700000405311584,0.5500203214151372,0.163302132685268,0.20339999952250057,first physical ID,0.6316106563375036
4194,22,fixed,4,2,regional,1254.4130859375,1316.008732822561,931.4733174616474,940.7007524312806,observed support,1306.531590793475
4194,22,fixed,4,2,group,84.34900665283203,86.56518904994874,10.605364423348377,59.462911982990725,observed support,84.22098100224636
4194,22,fixed,4,2,household,0.07699999958276749,0.24591234554000585,0.12610071198062806,0.12777777736385662,first physical ID,0.2415881179324849
4194,22,fixed,4,12,regional,1488.488037109375,1438.279161289847,5880.467322749282,1111.7522547495948,observed support,1418.3535413294635
4194,22,fixed,4,12,group,101.8010025024414,95.89222050177807,34.194608756629165,74.10225042761093,observed support,93.43590076269082
4194,22,fixed,4,12,household,0.12700000405311584,0.619920120743864,0.16248035439476277,0.20339999952250057,first physical ID,0.6316106563375036
4194,22,fixed,8,2,regional,1254.4130859375,1306.0424418949674,886.8975396592441,940.7007524312806,observed support,1306.531590793475
4194,22,fixed,8,2,group,84.34900665283203,85.70227761471712,10.430470893493444,59.462911982990725,observed support,84.22098100224636
4194,22,fixed,8,2,household,0.07699999958276749,0.3781565639906872,0.12420824911512036,0.12777777736385662,first physical ID,0.2415881179324849
4194,22,fixed,8,12,regional,1488.488037109375,1392.8694606390422,5641.271281903945,1111.7522547495948,observed support,1418.3535413294635
4194,22,fixed,8,12,group,101.8010025024414,92.78513396503575,33.12758413718881,74.10225042761093,observed support,93.43590076269082
4194,22,fixed,8,12,household,0.12700000405311584,0.708876154970399,0.16183030229801276,0.20339999952250057,first physical ID,0.6316106563375036
4194,22,random,2,2,regional,1254.4130859375,1315.9985808670324,981.5147241329993,940.7007524312806,observed support,1306.531590793475
4194,22,random,2,2,group,84.34900665283203,86.7939258642687,10.795993423881441,59.462911982990725,observed support,84.22098100224636
4194,22,random,2,2,household,0.07699999958276749,0.26867594465008005,0.12877445067551788,0.12777777736385662,first physical ID,0.2415881179324849
4194,22,random,2,12,regional,1488.488037109375,1452.6285997221928,6094.787045024445,1111.7522547495948,observed support,1418.3535413294635
4194,22,random,2,12,group,101.8010025024414,97.0790996310858,35.170120509822524,74.10225042761093,observed support,93.43590076269082
4194,22,random,2,12,household,0.12700000405311584,0.5436325915705343,0.1634595224245035,0.20339999952250057,first physical ID,0.6316106563375036
4194,22,random,4,2,regional,1254.4130859375,1319.43719828854,927.7451969063809,940.7007524312806,observed support,1306.531590793475
4194,22,random,4,2,group,84.34900665283203,86.49217298998536,10.591183752374178,59.462911982990725,observed support,84.22098100224636
4194,22,random,4,2,household,0.07699999958276749,0.39082471806553687,0.1261419465186196,0.12777777736385662,first physical ID,0.2415881179324849
4194,22,random,4,12,regional,1488.488037109375,1428.9142784985743,5797.239521230253,1111.7522547495948,observed support,1418.3535413294635
4194,22,random,4,12,group,101.8010025024414,95.0608106211516,33.835742807812025,74.10225042761093,observed support,93.43590076269082
4194,22,random,4,12,household,0.12700000405311584,0.6754440360617896,0.1623828578393079,0.20339999952250057,first physical ID,0.6316106563375036
4194,22,random,8,2,regional,1254.4130859375,1315.6618887369882,884.1988484147641,940.7007524312806,observed support,1306.531590793475
4194,22,random,8,2,group,84.34900665283203,84.96508955651014,10.14236798388696,59.462911982990725,observed support,84.22098100224636
4194,22,random,8,2,household,0.07699999958276749,0.2056531703875036,0.08705556247522599,0.12777777736385662,first physical ID,0.2415881179324849
4194,22,random,8,12,regional,1488.488037109375,1411.4132813606545,5629.924198218039,1111.7522547495948,observed support,1418.3535413294635
4194,22,random,8,12,group,101.8010025024414,93.17181187289239,32.895891923265374,74.10225042761093,observed support,93.43590076269082
4194,22,random,8,12,household,0.12700000405311584,0.6193754095923858,0.16066601675622594,0.20339999952250057,first physical ID,0.6316106563375036
4194,22,uncertainty,2,2,regional,1254.4130859375,1295.8763795778768,980.3974224210112,940.7007524312806,observed support,1306.531590793475
4194,22,uncertainty,2,2,group,84.34900665283203,85.15640571933784,10.793010688767366,59.462911982990725,observed support,84.22098100224636
4194,22,uncertainty,2,2,household,0.07699999958276749,0.4693712718663414,0.12975606063457326,0.12777777736385662,first physical ID,0.2415881179324849
4194,22,uncertainty,2,12,regional,1488.488037109375,1397.881685229739,6077.565586800747,1111.7522547495948,observed support,1418.3535413294635
4194,22,uncertainty,2,12,group,101.8010025024414,93.21017204936018,35.113279054079875,74.10225042761093,observed support,93.43590076269082
4194,22,uncertainty,2,12,household,0.12700000405311584,0.6868972821143657,0.16305396490695712,0.20339999952250057,first physical ID,0.6316106563375036
4194,22,uncertainty,4,2,regional,1254.4130859375,1300.5444991359677,928.7080813166615,940.7007524312806,observed support,1306.531590793475
4194,22,uncertainty,4,2,group,84.34900665283203,85.34503406294502,10.5931869260508,59.462911982990725,observed support,84.22098100224636
4194,22,uncertainty,4,2,household,0.07699999958276749,0.37951991392464046,0.12643874580455003,0.12777777736385662,first physical ID,0.2415881179324849
4194,22,uncertainty,4,12,regional,1488.488037109375,1369.2550986109113,5858.500473721671,1111.7522547495948,observed support,1418.3535413294635
4194,22,uncertainty,4,12,group,101.8010025024414,91.2931340073122,34.11327975424226,74.10225042761093,observed support,93.43590076269082
4194,22,uncertainty,4,12,household,0.12700000405311584,0.7116912222367648,0.1623290929242463,0.20339999952250057,first physical ID,0.6316106563375036
4194,22,uncertainty,8,2,regional,1254.4130859375,1304.4591763749315,886.8319031492526,940.7007524312806,observed support,1306.531590793475
4194,22,uncertainty,8,2,group,84.34900665283203,85.56814851634562,10.432562536263909,59.462911982990725,observed support,84.22098100224636
4194,22,uncertainty,8,2,household,0.07699999958276749,0.391686661837478,0.124270654155106,0.12777777736385662,first physical ID,0.2415881179324849
4194,22,uncertainty,8,12,regional,1488.488037109375,1382.9640817790928,5655.576469442185,1111.7522547495948,observed support,1418.3535413294635
4194,22,uncertainty,8,12,group,101.8010025024414,92.20533507919072,33.193219999202434,74.10225042761093,observed support,93.43590076269082
4194,22,uncertainty,8,12,household,0.12700000405311584,0.720162350537231,0.16181759879667396,0.20339999952250057,first physical ID,0.6316106563375036
4194,23,fixed_coarse,0,2,regional,1406.00390625,1383.1051050620515,1271.7486872436962,1003.2741157279532,observed support,1352.730309015048
4194,23,fixed_coarse,0,2,group,88.19000244140625,90.63757745464424,12.002117930351558,64.86109561878347,observed support,87.35022511831393
4194,23,fixed_coarse,0,2,household,1.430999994277954,0.34378438707208925,0.15428550224359025,0.3002325580563656,first physical ID,0.7026326243646908
4194,23,fixed_coarse,0,12,regional,1658.4849853515625,1665.7239498668878,8593.351839127861,1244.2407420971704,observed support,1591.0720475212088
4194,23,fixed_coarse,0,12,group,116.23400115966797,110.23287333890258,46.47222588184402,81.82662774155408,observed support,103.53781068239914
4194,23,fixed_coarse,0,12,household,0.07900000363588333,0.548397109070208,0.169630486935618,0.20165116166652636,first physical ID,0.6037238819500551
4194,23,uniform_fine_stream,16,2,regional,1406.00390625,1352.730309015048,856.3241499019774,1003.2741157279532,observed support,1352.730309015048
4194,23,uniform_fine_stream,16,2,group,88.19000244140625,87.35022511831393,10.04149335482323,64.86109561878347,observed support,87.35022511831393
4194,23,uniform_fine_stream,16,2,household,1.430999994277954,0.7026326243646908,0.08671199179040134,0.3002325580563656,first physical ID,0.7026326243646908
4194,23,uniform_fine_stream,16,12,regional,1658.4849853515625,1591.0720475212088,5541.539620864054,1244.2407420971704,observed support,1591.0720475212088
4194,23,uniform_fine_stream,16,12,group,116.23400115966797,103.53781068239914,32.508064308727214,81.82662774155408,observed support,103.53781068239914
4194,23,uniform_fine_stream,16,12,household,0.07900000363588333,0.6037238819500551,0.16033947007535798,0.20165116166652636,first physical ID,0.6037238819500551
4194,23,fixed,2,2,regional,1406.00390625,1361.2719496366572,983.4116135817051,1003.2741157279532,observed support,1352.730309015048
4194,23,fixed,2,2,group,88.19000244140625,89.09233291914248,10.7943718066933,64.86109561878347,observed support,87.35022511831393
4194,23,fixed,2,2,household,1.430999994277954,0.3810565321162832,0.1290162398842791,0.3002325580563656,first physical ID,0.7026326243646908
4194,23,fixed,2,12,regional,1658.4849853515625,1625.765271598531,6113.715353565645,1244.2407420971704,observed support,1591.0720475212088
4194,23,fixed,2,12,group,116.23400115966797,107.06006246582064,35.207238320225414,81.82662774155408,observed support,103.53781068239914
4194,23,fixed,2,12,household,0.07900000363588333,0.428956629455703,0.16331031380408145,0.20165116166652636,first physical ID,0.6037238819500551
4194,23,fixed,4,2,regional,1406.00390625,1350.6671327173553,929.2842505294396,1003.2741157279532,observed support,1352.730309015048
4194,23,fixed,4,2,group,88.19000244140625,88.11559165832233,10.585572188219592,64.86109561878347,observed support,87.35022511831393
4194,23,fixed,4,2,household,1.430999994277954,0.4296045640823235,0.12604217910543072,0.3002325580563656,first physical ID,0.7026326243646908
4194,23,fixed,4,12,regional,1658.4849853515625,1586.9137475109385,5823.493503215267,1244.2407420971704,observed support,1591.0720475212088
4194,23,fixed,4,12,group,116.23400115966797,104.11250540265459,33.918660769317626,81.82662774155408,observed support,103.53781068239914
4194,23,fixed,4,12,household,0.07900000363588333,0.5341412980797516,0.16246634936744808,0.20165116166652636,first physical ID,0.6037238819500551
4194,23,fixed,8,2,regional,1406.00390625,1343.9733522424208,887.2726174521447,1003.2741157279532,observed support,1352.730309015048
4194,23,fixed,8,2,group,88.19000244140625,87.86277322472357,10.430621106458407,64.86109561878347,observed support,87.35022511831393
4194,23,fixed,8,2,household,1.430999994277954,0.5066596815282598,0.12427271031266496,0.3002325580563656,first physical ID,0.7026326243646908
4194,23,fixed,8,12,regional,1658.4849853515625,1602.2279853727073,5641.970520658632,1244.2407420971704,observed support,1591.0720475212088
4194,23,fixed,8,12,group,116.23400115966797,105.34495407750053,33.12170674998802,81.82662774155408,observed support,103.53781068239914
4194,23,fixed,8,12,household,0.07900000363588333,0.5322709662040003,0.16185311100834132,0.20165116166652636,first physical ID,0.6037238819500551
4194,23,random,2,2,regional,1406.00390625,1354.6377355137156,981.347853224543,1003.2741157279532,observed support,1352.730309015048
4194,23,random,2,2,group,88.19000244140625,88.06227724054602,10.80695659019809,64.86109561878347,observed support,87.35022511831393
4194,23,random,2,2,household,1.430999994277954,0.6696191374448993,0.13010030498464423,0.3002325580563656,first physical ID,0.7026326243646908
4194,23,random,2,12,regional,1658.4849853515625,1573.937309773246,6120.54878470774,1244.2407420971704,observed support,1591.0720475212088
4194,23,random,2,12,group,116.23400115966797,103.2411416918595,35.29005117549125,81.82662774155408,observed support,103.53781068239914
4194,23,random,2,12,household,0.07900000363588333,0.7176641379054058,0.16336222856655136,0.20165116166652636,first physical ID,0.6037238819500551
4194,23,random,4,2,regional,1406.00390625,1353.6551544186918,928.8426987878261,1003.2741157279532,observed support,1352.730309015048
4194,23,random,4,2,group,88.19000244140625,88.31688725472654,10.591262590015132,64.86109561878347,observed support,87.35022511831393
4194,23,random,4,2,household,1.430999994277954,0.5169858266261723,0.1263852657155518,0.3002325580563656,first physical ID,0.7026326243646908
4194,23,random,4,12,regional,1658.4849853515625,1590.643474639785,5833.510423169546,1244.2407420971704,observed support,1591.0720475212088
4194,23,random,4,12,group,116.23400115966797,104.50312613773562,33.97884987436556,81.82662774155408,observed support,103.53781068239914
4194,23,random,4,12,household,0.07900000363588333,0.5614095873073015,0.16249493588715844,0.20165116166652636,first physical ID,0.6037238819500551
4194,23,random,8,2,regional,1406.00390625,1351.4699738258057,886.4072760380666,1003.2741157279532,observed support,1352.730309015048
4194,23,random,8,2,group,88.19000244140625,88.1819037170703,10.43030646270257,64.86109561878347,observed support,87.35022511831393
4194,23,random,8,2,household,1.430999994277954,0.4316564858557532,0.12430883349175571,0.3002325580563656,first physical ID,0.7026326243646908
4194,23,random,8,12,regional,1658.4849853515625,1592.9028879889806,5657.1822799515585,1244.2407420971704,observed support,1591.0720475212088
4194,23,random,8,12,group,116.23400115966797,104.59970876783503,33.19370032291516,81.82662774155408,observed support,103.53781068239914
4194,23,random,8,12,household,0.07900000363588333,0.5455130503313819,0.1618940923429504,0.20165116166652636,first physical ID,0.6037238819500551
4194,23,uncertainty,2,2,regional,1406.00390625,1365.5465543254218,980.5787028923179,1003.2741157279532,observed support,1352.730309015048
4194,23,uncertainty,2,2,group,88.19000244140625,89.37742008578131,10.792045882797229,64.86109561878347,observed support,87.35022511831393
4194,23,uncertainty,2,2,household,1.430999994277954,0.4637767698900861,0.12973344519245245,0.3002325580563656,first physical ID,0.7026326243646908
4194,23,uncertainty,2,12,regional,1658.4849853515625,1644.2186606394246,6079.878548449096,1244.2407420971704,observed support,1591.0720475212088
4194,23,uncertainty,2,12,group,116.23400115966797,108.67059606512605,35.11140246729615,81.82662774155408,observed support,103.53781068239914
4194,23,uncertainty,2,12,household,0.07900000363588333,0.511949711332752,0.16304935030085504,0.20165116166652636,first physical ID,0.6037238819500551
4194,23,uncertainty,4,2,regional,1406.00390625,1373.2276837878694,929.007762499069,1003.2741157279532,observed support,1352.730309015048
4194,23,uncertainty,4,2,group,88.19000244140625,89.87125886510236,10.592729429352788,64.86109561878347,observed support,87.35022511831393
4194,23,uncertainty,4,2,household,1.430999994277954,0.41749999535158033,0.12642983197417382,0.3002325580563656,first physical ID,0.7026326243646908
4194,23,uncertainty,4,12,regional,1658.4849853515625,1655.1536060686872,5860.958601410352,1244.2407420971704,observed support,1591.0720475212088
4194,23,uncertainty,4,12,group,116.23400115966797,109.38074781815843,34.11258189882092,81.82662774155408,observed support,103.53781068239914
4194,23,uncertainty,4,12,household,0.07900000363588333,0.47885769948240464,0.16232751006170298,0.20165116166652636,first physical ID,0.6037238819500551
4194,23,uncertainty,8,2,regional,1406.00390625,1364.2075109546017,887.1747550073835,1003.2741157279532,observed support,1352.730309015048
4194,23,uncertainty,8,2,group,88.19000244140625,89.02824421258629,10.432418102677897,64.86109561878347,observed support,87.35022511831393
4194,23,uncertainty,8,2,household,1.430999994277954,0.5033555109752313,0.12426915699053835,0.3002325580563656,first physical ID,0.7026326243646908
4194,23,uncertainty,8,12,regional,1658.4849853515625,1617.3027898937894,5658.739188918196,1244.2407420971704,observed support,1591.0720475212088
4194,23,uncertainty,8,12,group,116.23400115966797,106.42536215412596,33.1961066982997,81.82662774155408,observed support,103.53781068239914
4194,23,uncertainty,8,12,household,0.07900000363588333,0.5792881711436133,0.16181966796298383,0.20165116166652636,first physical ID,0.6037238819500551
4194,24,fixed_coarse,0,2,regional,1124.302978515625,1057.6683936795712,1260.1679774329318,825.8320615123635,observed support,1094.27915652223
4194,24,fixed_coarse,0,2,group,71.5250015258789,71.09501261132564,11.799989805396082,54.92361258899665,observed support,74.30561728821002
4194,24,fixed_coarse,0,2,household,0.11400000005960464,0.3939649443602076,0.15424939923036063,0.2190652167343575,first physical ID,0.3267970212771718
4194,24,fixed_coarse,0,12,regional,1513.85888671875,1398.1441941985813,8537.082446279537,1214.4057996542435,observed support,1540.6800850118466
4194,24,fixed_coarse,0,12,group,91.2030029296875,91.59309063750607,46.033324343201265,79.0936628204467,observed support,101.31698214425651
4194,24,fixed_coarse,0,12,household,0.34700000286102295,0.5152310296982509,0.1696165141341519,0.23426086909097174,first physical ID,0.47091248216774806
4194,24,uniform_fine_stream,16,2,regional,1124.302978515625,1094.27915652223,849.7874310385743,825.8320615123635,observed support,1094.27915652223
4194,24,uniform_fine_stream,16,2,group,71.5250015258789,74.30561728821002,9.859623151868442,54.92361258899665,observed support,74.30561728821002
4194,24,uniform_fine_stream,16,2,household,0.11400000005960464,0.3267970212771718,0.08671429425510556,0.2190652167343575,first physical ID,0.3267970212771718
4194,24,uniform_fine_stream,16,12,regional,1513.85888671875,1540.6800850118466,5506.523920733307,1214.4057996542435,observed support,1540.6800850118466
4194,24,uniform_fine_stream,16,12,group,91.2030029296875,101.31698214425651,32.18749623277743,79.0936628204467,observed support,101.31698214425651
4194,24,uniform_fine_stream,16,12,household,0.34700000286102295,0.47091248216774806,0.1603409460681119,0.23426086909097174,first physical ID,0.47091248216774806
4194,24,fixed,2,2,regional,1124.302978515625,1058.1923748552617,983.7481220478528,825.8320615123635,observed support,1094.27915652223
4194,24,fixed,2,2,group,71.5250015258789,71.14597988072727,10.655806346067598,54.92361258899665,observed support,74.30561728821002
4194,24,fixed,2,2,household,0.11400000005960464,0.6409467160900145,0.13012647614817277,0.2190652167343575,first physical ID,0.3267970212771718
4194,24,fixed,2,12,regional,1513.85888671875,1514.4007195566692,6206.690575172765,1214.4057996542435,observed support,1540.6800850118466
4194,24,fixed,2,12,group,91.2030029296875,99.01811928874491,35.47201663977964,79.0936628204467,observed support,101.31698214425651
4194,24,fixed,2,12,household,0.34700000286102295,0.5592394656080439,0.1633171870036078,0.23426086909097174,first physical ID,0.47091248216774806
4194,24,fixed,4,2,regional,1124.302978515625,1070.81825684098,923.863445594341,825.8320615123635,observed support,1094.27915652223
4194,24,fixed,4,2,group,71.5250015258789,71.9678006266901,10.40967053463955,54.92361258899665,observed support,74.30561728821002
4194,24,fixed,4,2,household,0.11400000005960464,0.513780182104185,0.12648347614429548,0.2190652167343575,first physical ID,0.3267970212771718
4194,24,fixed,4,12,regional,1513.85888671875,1521.6879178429735,5785.7631691956585,1214.4057996542435,observed support,1540.6800850118466
4194,24,fixed,4,12,group,91.2030029296875,99.64452688110538,33.59569126125909,79.0936628204467,observed support,101.31698214425651
4194,24,fixed,4,12,household,0.34700000286102295,0.4825162956275286,0.1623426876148225,0.23426086909097174,first physical ID,0.47091248216774806
4194,24,fixed,8,2,regional,1124.302978515625,1079.209868777494,880.7590242576694,825.8320615123635,observed support,1094.27915652223
4194,24,fixed,8,2,group,71.5250015258789,72.56124524583682,10.250177192278,54.92361258899665,observed support,74.30561728821002
4194,24,fixed,8,2,household,0.11400000005960464,0.5169277803355404,0.12434763685920158,0.2190652167343575,first physical ID,0.3267970212771718
4194,24,fixed,8,12,regional,1513.85888671875,1525.9031885565323,5619.774163896051,1214.4057996542435,observed support,1540.6800850118466
4194,24,fixed,8,12,group,91.2030029296875,99.95155849772402,32.85441463507059,79.0936628204467,observed support,101.31698214425651
4194,24,fixed,8,12,household,0.34700000286102295,0.48530217307769374,0.16186778944559466,0.23426086909097174,first physical ID,0.47091248216774806
4194,24,random,2,2,regional,1124.302978515625,1099.0339631135726,990.7857353703438,825.8320615123635,observed support,1094.27915652223
4194,24,random,2,2,group,71.5250015258789,73.91779484062005,10.671909048721133,54.92361258899665,observed support,74.30561728821002
4194,24,random,2,2,household,0.11400000005960464,0.2207691724283702,0.13058142155040078,0.2190652167343575,first physical ID,0.3267970212771718
4194,24,random,2,12,regional,1513.85888671875,1548.9771193127249,6233.359753862037,1214.4057996542435,observed support,1540.6800850118466
4194,24,random,2,12,group,91.2030029296875,101.50899202141632,35.56484241919554,79.0936628204467,observed support,101.31698214425651
4194,24,random,2,12,household,0.34700000286102295,0.46245173863777433,0.1633478772384058,0.23426086909097174,first physical ID,0.47091248216774806
4194,24,random,4,2,regional,1124.302978515625,1102.2054367884282,924.0353980855675,825.8320615123635,observed support,1094.27915652223
4194,24,random,4,2,group,71.5250015258789,74.12386672738342,10.407522930563587,54.92361258899665,observed support,74.30561728821002
4194,24,random,4,2,household,0.11400000005960464,0.25890749040592476,0.12621602886487038,0.2190652167343575,first physical ID,0.3267970212771718
4194,24,random,4,12,regional,1513.85888671875,1554.4083373136905,5812.300739671641,1214.4057996542435,observed support,1540.6800850118466
4194,24,random,4,12,group,91.2030029296875,101.67749421712469,33.70616995639894,79.0936628204467,observed support,101.31698214425651
4194,24,random,4,12,household,0.34700000286102295,0.44872357663107487,0.16243816163365965,0.23426086909097174,first physical ID,0.47091248216774806
4194,24,random,8,2,regional,1124.302978515625,1089.4046429886655,880.7579162865966,825.8320615123635,observed support,1094.27915652223
4194,24,random,8,2,group,71.5250015258789,73.85600303664505,9.969259604299168,54.92361258899665,observed support,74.30561728821002
4194,24,random,8,2,household,0.11400000005960464,0.31750730397595495,0.0870896255576513,0.2190652167343575,first physical ID,0.3267970212771718
4194,24,random,8,12,regional,1513.85888671875,1540.1412716814489,5620.454464875639,1214.4057996542435,observed support,1540.6800850118466
4194,24,random,8,12,group,91.2030029296875,101.14598405138531,32.661724325395866,79.0936628204467,observed support,101.31698214425651
4194,24,random,8,12,household,0.34700000286102295,0.4563717047582231,0.1606953144101157,0.23426086909097174,first physical ID,0.47091248216774806
4194,24,uncertainty,2,2,regional,1124.302978515625,1100.9605076720172,973.1548872024694,825.8320615123635,observed support,1094.27915652223
4194,24,uncertainty,2,2,group,71.5250015258789,73.8676206360206,10.599655164863192,54.92361258899665,observed support,74.30561728821002
4194,24,uncertainty,2,2,household,0.11400000005960464,0.4112882138478459,0.12972738620896646,0.2190652167343575,first physical ID,0.3267970212771718
4194,24,uncertainty,2,12,regional,1513.85888671875,1538.531957759269,6046.950739029014,1214.4057996542435,observed support,1540.6800850118466
4194,24,uncertainty,2,12,group,91.2030029296875,100.78619537458843,34.781003681282286,79.0936628204467,observed support,101.31698214425651
4194,24,uncertainty,2,12,household,0.34700000286102295,0.49129276865750726,0.16305585326610617,0.23426086909097174,first physical ID,0.47091248216774806
4194,24,uncertainty,4,2,regional,1124.302978515625,1098.8239079526222,921.7189061827553,825.8320615123635,observed support,1094.27915652223
4194,24,uncertainty,4,2,group,71.5250015258789,73.80491128469497,10.402870605559391,54.92361258899665,observed support,74.30561728821002
4194,24,uncertainty,4,2,household,0.11400000005960464,0.40154567661043916,0.12641872664642936,0.2190652167343575,first physical ID,0.3267970212771718
4194,24,uncertainty,4,12,regional,1513.85888671875,1545.6959285751464,5825.786647392641,1214.4057996542435,observed support,1540.6800850118466
4194,24,uncertainty,4,12,group,91.2030029296875,101.32376212110421,33.78128944630768,79.0936628204467,observed support,101.31698214425651
4194,24,uncertainty,4,12,household,0.34700000286102295,0.4999192187882152,0.16232974577864814,0.23426086909097174,first physical ID,0.47091248216774806
4194,24,uncertainty,8,2,regional,1124.302978515625,1092.5258600284826,880.2328595181825,825.8320615123635,observed support,1094.27915652223
4194,24,uncertainty,8,2,group,71.5250015258789,73.29749542789925,10.245748766438055,54.92361258899665,observed support,74.30561728821002
4194,24,uncertainty,8,2,household,0.11400000005960464,0.4887544913255782,0.1242565615092816,0.2190652167343575,first physical ID,0.3267970212771718
4194,24,uncertainty,8,12,regional,1513.85888671875,1540.617820699233,5622.748572619622,1214.4057996542435,observed support,1540.6800850118466
4194,24,uncertainty,8,12,group,91.2030029296875,100.8153048470394,32.86666221971352,79.0936628204467,observed support,101.31698214425651
4194,24,uncertainty,8,12,household,0.34700000286102295,0.5507498093948208,0.16181830325150676,0.23426086909097174,first physical ID,0.47091248216774806
4194,25,fixed_coarse,0,2,regional,1100.5570068359375,1135.1018526061716,1260.612562138062,805.5506634890181,observed support,1099.8700803698748
4194,25,fixed_coarse,0,2,group,74.7540054321289,73.67815202722281,11.846298205896463,53.31021397953895,observed support,71.55738762042968
4194,25,fixed_coarse,0,2,household,0.21699999272823334,0.24709474295851114,0.15425228437856733,0.212199999888738,first physical ID,0.3216190056904519
4194,25,fixed_coarse,0,12,regional,984.7460327148438,1150.395728771749,8536.02901317802,772.0598191699038,observed support,1128.0782587627377
4194,25,fixed_coarse,0,12,group,68.50599670410156,76.64892997270543,46.241704505377804,51.50834242525224,observed support,74.92750305139108
4194,25,fixed_coarse,0,12,household,0.08299999684095383,0.41047699909863644,0.1696008091399019,0.129911111212439,first physical ID,0.32815561306880003
4194,25,uniform_fine_stream,16,2,regional,1100.5570068359375,1099.8700803698748,849.189576471109,805.5506634890181,observed support,1099.8700803698748
4194,25,uniform_fine_stream,16,2,group,74.7540054321289,71.55738762042968,9.865599330931012,53.31021397953895,observed support,71.55738762042968
4194,25,uniform_fine_stream,16,2,household,0.21699999272823334,0.3216190056904519,0.0867143027854592,0.212199999888738,first physical ID,0.3216190056904519
4194,25,uniform_fine_stream,16,12,regional,984.7460327148438,1128.0782587627377,5503.013885600681,772.0598191699038,observed support,1128.0782587627377
4194,25,uniform_fine_stream,16,12,group,68.50599670410156,74.92750305139108,32.31978487111545,51.50834242525224,observed support,74.92750305139108
4194,25,uniform_fine_stream,16,12,household,0.08299999684095383,0.32815561306880003,0.16034094840428692,0.129911111212439,first physical ID,0.32815561306880003
4194,25,fixed,2,2,regional,1100.5570068359375,1121.492680074459,971.9238859145282,805.5506634890181,observed support,1099.8700803698748
4194,25,fixed,2,2,group,74.7540054321289,72.74409104829742,10.61516000612705,53.31021397953895,observed support,71.55738762042968
4194,25,fixed,2,2,household,0.21699999272823334,0.31024129833174263,0.1288049868789303,0.212199999888738,first physical ID,0.3216190056904519
4194,25,fixed,2,12,regional,984.7460327148438,1136.7027925783527,6039.906764972879,772.0598191699038,observed support,1128.0782587627377
4194,25,fixed,2,12,group,68.50599670410156,75.27071002681737,34.87943409442171,51.50834242525224,observed support,74.92750305139108
4194,25,fixed,2,12,household,0.08299999684095383,0.36903129689477243,0.1632921330808728,0.129911111212439,first physical ID,0.32815561306880003
4194,25,fixed,4,2,regional,1100.5570068359375,1113.750309033443,919.7615620569476,805.5506634890181,observed support,1099.8700803698748
4194,25,fixed,4,2,group,74.7540054321289,72.39770086477893,10.408102896409558,53.31021397953895,observed support,71.55738762042968
4194,25,fixed,4,2,household,0.21699999272823334,0.3943808285552247,0.12609026768145953,0.212199999888738,first physical ID,0.3216190056904519
4194,25,fixed,4,12,regional,984.7460327148438,1124.580115917188,5768.575285520006,772.0598191699038,observed support,1128.0782587627377
4194,25,fixed,4,12,group,68.50599670410156,74.61990036152002,33.67620529598452,51.50834242525224,observed support,74.92750305139108
4194,25,fixed,4,12,household,0.08299999684095383,0.40297238026939364,0.16235245955490588,0.129911111212439,first physical ID,0.32815561306880003
4194,25,fixed,8,2,regional,1100.5570068359375,1103.3962355957044,879.1968934865472,805.5506634890181,observed support,1099.8700803698748
4194,25,fixed,8,2,group,74.7540054321289,71.739219116963,9.977559158259366,53.31021397953895,observed support,71.55738762042968
4194,25,fixed,8,2,household,0.21699999272823334,0.3220254074953757,0.08705735931754113,0.212199999888738,first physical ID,0.3216190056904519
4194,25,fixed,8,12,regional,984.7460327148438,1100.1807922149546,5610.565359494146,772.0598191699038,observed support,1128.0782587627377
4194,25,fixed,8,12,group,68.50599670410156,73.2078703125215,32.774702224988175,51.50834242525224,observed support,74.92750305139108
4194,25,fixed,8,12,household,0.08299999684095383,0.3720867230335742,0.16069399759234831,0.129911111212439,first physical ID,0.32815561306880003
4194,25,random,2,2,regional,1100.5570068359375,1064.7793351800356,986.9002299513252,805.5506634890181,observed support,1099.8700803698748
4194,25,random,2,2,group,74.7540054321289,69.27136002846598,10.683725979001615,53.31021397953895,observed support,71.55738762042968
4194,25,random,2,2,household,0.21699999272823334,0.440199536339761,0.1305307206830306,0.212199999888738,first physical ID,0.3216190056904519
4194,25,random,2,12,regional,984.7460327148438,1014.0678757603199,6193.946119353196,772.0598191699038,observed support,1128.0782587627377
4194,25,random,2,12,group,68.50599670410156,67.26363410840045,35.60898657817599,51.50834242525224,observed support,74.92750305139108
4194,25,random,2,12,household,0.08299999684095383,0.4697378575278298,0.16330750876562086,0.129911111212439,first physical ID,0.32815561306880003
4194,25,random,4,2,regional,1100.5570068359375,1103.7008309145365,926.1680825523097,805.5506634890181,observed support,1099.8700803698748
4194,25,random,4,2,group,74.7540054321289,71.77886117349914,10.433840220037146,53.31021397953895,observed support,71.55738762042968
4194,25,random,4,2,household,0.21699999272823334,0.42073027545068953,0.126298533284024,0.212199999888738,first physical ID,0.3216190056904519
4194,25,random,4,12,regional,984.7460327148438,1111.8630444621426,5820.72472228505,772.0598191699038,observed support,1128.0782587627377
4194,25,random,4,12,group,68.50599670410156,73.70285082954734,33.90315906607111,51.50834242525224,observed support,74.92750305139108
4194,25,random,4,12,household,0.08299999684095383,0.4151330579133329,0.1624772445396075,0.129911111212439,first physical ID,0.32815561306880003
4194,25,random,8,2,regional,1100.5570068359375,1096.0310368440053,879.8689821812483,805.5506634890181,observed support,1099.8700803698748
4194,25,random,8,2,group,74.7540054321289,71.35946561273435,10.256065347047779,53.31021397953895,observed support,71.55738762042968
4194,25,random,8,2,household,0.21699999272823334,0.46719172551653143,0.12422245354242957,0.212199999888738,first physical ID,0.3216190056904519
4194,25,random,8,12,regional,984.7460327148438,1135.9837151039617,5605.300359344756,772.0598191699038,observed support,1128.0782587627377
4194,25,random,8,12,group,68.50599670410156,75.24974326853129,32.9417709454235,51.50834242525224,observed support,74.92750305139108
4194,25,random,8,12,household,0.08299999684095383,0.34633701579016773,0.16181752353279008,0.129911111212439,first physical ID,0.32815561306880003
4194,25,uncertainty,2,2,regional,1100.5570068359375,1106.0083959555657,972.8037740688276,805.5506634890181,observed support,1099.8700803698748
4194,25,uncertainty,2,2,group,74.7540054321289,72.15048795798882,10.619824278915075,53.31021397953895,observed support,71.55738762042968
4194,25,uncertainty,2,2,household,0.21699999272823334,0.4911612583230889,0.1297262501387117,0.212199999888738,first physical ID,0.3216190056904519
4194,25,uncertainty,2,12,regional,984.7460327148438,1124.6924741920554,6043.283515016542,772.0598191699038,observed support,1128.0782587627377
4194,25,uncertainty,2,12,group,68.50599670410156,74.85904300266574,34.924507902045335,51.50834242525224,observed support,74.92750305139108
4194,25,uncertainty,2,12,household,0.08299999684095383,0.45402230941488875,0.1630551806203991,0.129911111212439,first physical ID,0.32815561306880003
4194,25,uncertainty,4,2,regional,1100.5570068359375,1086.1167022635889,921.3955276898165,805.5506634890181,observed support,1099.8700803698748
4194,25,uncertainty,4,2,group,74.7540054321289,70.9526933669323,10.419119892553526,53.31021397953895,observed support,71.55738762042968
4194,25,uncertainty,4,2,household,0.21699999272823334,0.5369296476135882,0.12642481587179785,0.212199999888738,first physical ID,0.3216190056904519
4194,25,uncertainty,4,12,regional,984.7460327148438,1134.1248637268077,5822.309235405304,772.0598191699038,observed support,1128.0782587627377
4194,25,uncertainty,4,12,group,68.50599670410156,75.41826748807974,33.920965898447996,51.50834242525224,observed support,74.92750305139108
4194,25,uncertainty,4,12,household,0.08299999684095383,0.3920702664325023,0.16233022636312813,0.129911111212439,first physical ID,0.32815561306880003
4194,25,uncertainty,8,2,regional,1100.5570068359375,1104.988555061951,879.791034435017,805.5506634890181,observed support,1099.8700803698748
4194,25,uncertainty,8,2,group,74.7540054321289,71.80144612124784,10.25799860865317,53.31021397953895,observed support,71.55738762042968
4194,25,uncertainty,8,2,household,0.21699999272823334,0.4550850729628443,0.12425777765307086,0.212199999888738,first physical ID,0.3216190056904519
4194,25,uncertainty,8,12,regional,984.7460327148438,1129.9836022857066,5619.319715823397,772.0598191699038,observed support,1128.0782587627377
4194,25,uncertainty,8,12,group,68.50599670410156,74.69777569676519,33.00220065210646,51.50834242525224,observed support,74.92750305139108
4194,25,uncertainty,8,12,household,0.08299999684095383,0.38103709839582506,0.16181850938983217,0.129911111212439,first physical ID,0.32815561306880003
4194,26,fixed_coarse,0,2,regional,695.9349975585938,722.5369269725602,1259.5370144897556,621.4366195024044,observed support,721.1077229606976
4194,26,fixed_coarse,0,2,group,46.625999450683594,49.351032518760285,11.838738359790748,40.175055164559325,observed support,49.26201004789778
4194,26,fixed_coarse,0,2,household,1.8329999446868896,1.0775124866921113,0.1542502880814777,0.6229777794745234,first physical ID,1.8673694523786974
4194,26,fixed_coarse,0,12,regional,938.58203125,960.0453754725761,8531.598345601256,784.2637313372047,observed support,970.5540369966589
4194,26,fixed_coarse,0,12,group,62.058006286621094,66.23676548334025,46.25942753469275,52.839842509141405,observed support,65.95923448053455
4194,26,fixed_coarse,0,12,household,0.09300000220537186,0.23962299518850935,0.16960354786763,0.17564444343249003,first physical ID,0.42741139541173934
4194,26,uniform_fine_stream,16,2,regional,695.9349975585938,721.1077229606976,848.6192950704249,621.4366195024044,observed support,721.1077229606976
4194,26,uniform_fine_stream,16,2,group,46.625999450683594,49.26201004789778,9.87119876032194,40.175055164559325,observed support,49.26201004789778
4194,26,uniform_fine_stream,16,2,household,1.8329999446868896,1.8673694523786974,0.08671448650825654,0.6229777794745234,first physical ID,1.8673694523786974
4194,26,uniform_fine_stream,16,12,regional,938.58203125,970.5540369966589,5497.926831014642,784.2637313372047,observed support,970.5540369966589
4194,26,uniform_fine_stream,16,12,group,62.058006286621094,65.95923448053455,32.31990249077154,52.839842509141405,observed support,65.95923448053455
4194,26,uniform_fine_stream,16,12,household,0.09300000220537186,0.42741139541173934,0.16034124980393769,0.17564444343249003,first physical ID,0.42741139541173934
4194,26,fixed,2,2,regional,695.9349975585938,736.1832175207678,970.6363080314467,621.4366195024044,observed support,721.1077229606976
4194,26,fixed,2,2,group,46.625999450683594,49.943844637807956,10.60743435788087,40.175055164559325,observed support,49.26201004789778
4194,26,fixed,2,2,household,1.8329999446868896,1.1461511445104016,0.12913447633698005,0.6229777794745234,first physical ID,1.8673694523786974
4194,26,fixed,2,12,regional,938.58203125,988.5123063235666,5961.750467155504,784.2637313372047,observed support,970.5540369966589
4194,26,fixed,2,12,group,62.058006286621094,67.62950671549032,34.56800412574979,52.839842509141405,observed support,65.95923448053455
4194,26,fixed,2,12,household,0.09300000220537186,0.35273710980228346,0.16303814590872412,0.17564444343249003,first physical ID,0.42741139541173934
4194,26,fixed,4,2,regional,695.9349975585938,729.7719559562731,919.117952809115,621.4366195024044,observed support,721.1077229606976
4194,26,fixed,4,2,group,46.625999450683594,49.18274699296713,10.407722237997291,40.175055164559325,observed support,49.26201004789778
4194,26,fixed,4,2,household,1.8329999446868896,1.2547303469989772,0.12613053264221205,0.6229777794745234,first physical ID,1.8673694523786974
4194,26,fixed,4,12,regional,938.58203125,971.3974719398456,5743.881829607374,784.2637313372047,observed support,970.5540369966589
4194,26,fixed,4,12,group,62.058006286621094,66.14932401871982,33.577818519946256,52.839842509141405,observed support,65.95923448053455
4194,26,fixed,4,12,household,0.09300000220537186,0.37645150519863535,0.16234196950382343,0.17564444343249003,first physical ID,0.42741139541173934
4194,26,fixed,8,2,regional,695.9349975585938,722.8063201571377,877.7023014143649,621.4366195024044,observed support,721.1077229606976
4194,26,fixed,8,2,group,46.625999450683594,49.31349005656652,9.978141134473269,40.175055164559325,observed support,49.26201004789778
4194,26,fixed,8,2,household,1.8329999446868896,1.8621763197022216,0.08705625074196806,0.6229777794745234,first physical ID,1.8673694523786974
4194,26,fixed,8,12,regional,938.58203125,978.4592155844375,5605.353361096111,784.2637313372047,observed support,970.5540369966589
4194,26,fixed,8,12,group,62.058006286621094,66.43578724339142,32.77617154471059,52.839842509141405,observed support,65.95923448053455
4194,26,fixed,8,12,household,0.09300000220537186,0.4474511785496764,0.16069102744843833,0.17564444343249003,first physical ID,0.42741139541173934
4194,26,random,2,2,regional,695.9349975585938,717.0182345651363,985.9146618034042,621.4366195024044,observed support,721.1077229606976
4194,26,random,2,2,group,46.625999450683594,48.71433763186908,10.685224323371992,40.175055164559325,observed support,49.26201004789778
4194,26,random,2,2,household,1.8329999446868896,1.2323710800448533,0.13146080258384868,0.6229777794745234,first physical ID,1.8673694523786974
4194,26,random,2,12,regional,938.58203125,958.5705174574631,6169.821960441454,784.2637313372047,observed support,970.5540369966589
4194,26,random,2,12,group,62.058006286621094,65.53968793170651,35.48304551719695,52.839842509141405,observed support,65.95923448053455
4194,26,random,2,12,household,0.09300000220537186,0.3125169958661703,0.16347534140106995,0.17564444343249003,first physical ID,0.42741139541173934
4194,26,random,4,2,regional,695.9349975585938,722.707391520836,924.9728160786807,621.4366195024044,observed support,721.1077229606976
4194,26,random,4,2,group,46.625999450683594,49.04404696419368,10.445509557761888,40.175055164559325,observed support,49.26201004789778
4194,26,random,4,2,household,1.8329999446868896,1.1780784056059652,0.12665620292505766,0.6229777794745234,first physical ID,1.8673694523786974
4194,26,random,4,12,regional,938.58203125,959.3755790354911,5847.007855439574,784.2637313372047,observed support,970.5540369966589
4194,26,random,4,12,group,62.058006286621094,65.49868871624778,34.054629912137756,52.839842509141405,observed support,65.95923448053455
4194,26,random,4,12,household,0.09300000220537186,0.33406134215670696,0.1625216187916773,0.17564444343249003,first physical ID,0.42741139541173934
4194,26,random,8,2,regional,695.9349975585938,721.926773323034,879.4228669241493,621.4366195024044,observed support,721.1077229606976
4194,26,random,8,2,group,46.625999450683594,49.369277848930665,9.987020423735693,40.175055164559325,observed support,49.26201004789778
4194,26,random,8,2,household,1.8329999446868896,1.8645950985777173,0.08709902143770987,0.6229777794745234,first physical ID,1.8673694523786974
4194,26,random,8,12,regional,938.58203125,970.5111024188909,5617.593322352219,784.2637313372047,observed support,970.5540369966589
4194,26,random,8,12,group,62.058006286621094,65.89116353140125,32.82228631253217,52.839842509141405,observed support,65.95923448053455
4194,26,random,8,12,household,0.09300000220537186,0.43552573993345794,0.1607219767841231,0.17564444343249003,first physical ID,0.42741139541173934
4194,26,uncertainty,2,2,regional,695.9349975585938,728.2506777433755,972.0503854208405,621.4366195024044,observed support,721.1077229606976
4194,26,uncertainty,2,2,group,46.625999450683594,49.2883232238949,10.621034814691741,40.175055164559325,observed support,49.26201004789778
4194,26,uncertainty,2,2,household,1.8329999446868896,1.2531779869528687,0.12972813474305397,0.6229777794745234,first physical ID,1.8673694523786974
4194,26,uncertainty,2,12,regional,938.58203125,956.4433035818013,6037.640140531708,784.2637313372047,observed support,970.5540369966589
4194,26,uncertainty,2,12,group,62.058006286621094,65.51141788765896,34.92477011604461,52.839842509141405,observed support,65.95923448053455
4194,26,uncertainty,2,12,household,0.09300000220537186,0.34659823356335623,0.16305590907830853,0.17564444343249003,first physical ID,0.42741139541173934
4194,26,uncertainty,4,2,regional,695.9349975585938,720.8144933527406,920.7052420331138,621.4366195024044,observed support,721.1077229606976
4194,26,uncertainty,4,2,group,46.625999450683594,48.94356484297315,10.42125843015393,40.175055164559325,observed support,49.26201004789778
4194,26,uncertainty,4,2,household,1.8329999446868896,1.2264061181863652,0.12642560433127606,0.6229777794745234,first physical ID,1.8673694523786974
4194,26,uncertainty,4,12,regional,938.58203125,962.3216228606286,5817.0187309749,784.2637313372047,observed support,970.5540369966589
4194,26,uncertainty,4,12,group,62.058006286621094,65.85299629779838,33.921822663812776,52.839842509141405,observed support,65.95923448053455
4194,26,uncertainty,4,12,household,0.09300000220537186,0.32254001481799555,0.16233169703146327,0.17564444343249003,first physical ID,0.42741139541173934
4194,26,uncertainty,8,2,regional,695.9349975585938,724.5296701788156,879.210413581267,621.4366195024044,observed support,721.1077229606976
4194,26,uncertainty,8,2,group,46.625999450683594,48.96673137604773,10.261121362381399,40.175055164559325,observed support,49.26201004789778
4194,26,uncertainty,8,2,household,1.8329999446868896,1.2304783880674925,0.12425800864405558,0.6229777794745234,first physical ID,1.8673694523786974
4194,26,uncertainty,8,12,regional,938.58203125,973.0922786077339,5614.186465698699,784.2637313372047,observed support,970.5540369966589
4194,26,uncertainty,8,12,group,62.058006286621094,66.3484049233303,33.002713666495644,52.839842509141405,observed support,65.95923448053455
4194,26,uncertainty,8,12,household,0.09300000220537186,0.3298029686658126,0.16181916034949256,0.17564444343249003,first physical ID,0.42741139541173934
4194,27,fixed_coarse,0,2,regional,643.0269775390625,652.6317578470334,1259.9274983479397,474.25561129739503,observed support,624.149041392919
4194,27,fixed_coarse,0,2,group,42.88199996948242,45.14119882893777,11.83949577345083,31.067383406084822,observed support,42.27083159143525
4194,27,fixed_coarse,0,2,household,2.3610000610351562,1.3058083399038944,0.154246580255275,0.7720444454087152,first physical ID,1.7993570787258766
4194,27,fixed_coarse,0,12,regional,987.633056640625,1021.5560795316127,8535.781194352874,825.775447284468,observed support,989.3754816942406
4194,27,fixed_coarse,0,12,group,65.64500427246094,67.86403171024354,46.25419574439302,53.352668653340544,observed support,64.32661000632835
4194,27,fixed_coarse,0,12,household,0.4180000126361847,0.4215285610656865,0.1696019116147702,0.23975555524230002,first physical ID,0.5126204453200219
4194,27,uniform_fine_stream,16,2,regional,643.0269775390625,624.149041392919,848.7526775528335,474.25561129739503,observed support,624.149041392919
4194,27,uniform_fine_stream,16,2,group,42.88199996948242,42.27083159143525,9.871172908893001,31.067383406084822,observed support,42.27083159143525
4194,27,uniform_fine_stream,16,2,household,2.3610000610351562,1.7993570787258766,0.08671435929520069,0.7720444454087152,first physical ID,1.7993570787258766
4194,27,uniform_fine_stream,16,12,regional,987.633056640625,989.3754816942406,5501.033738513366,825.775447284468,observed support,989.3754816942406
4194,27,uniform_fine_stream,16,12,group,65.64500427246094,64.32661000632835,32.31981254574485,53.352668653340544,observed support,64.32661000632835
4194,27,uniform_fine_stream,16,12,household,0.4180000126361847,0.5126204453200219,0.1603411763542947,0.23975555524230002,first physical ID,0.5126204453200219
4194,27,fixed,2,2,regional,643.0269775390625,618.6854096589545,972.2821043800544,474.25561129739503,observed support,624.149041392919
4194,27,fixed,2,2,group,42.88199996948242,42.658155640537096,10.621187862534331,31.067383406084822,observed support,42.27083159143525
4194,27,fixed,2,2,household,2.3610000610351562,1.8505565052946973,0.12972665166323943,0.7720444454087152,first physical ID,1.7993570787258766
4194,27,fixed,2,12,regional,987.633056640625,958.9881116530822,6041.133730413034,825.775447284468,observed support,989.3754816942406
4194,27,fixed,2,12,group,65.64500427246094,63.515843264385204,34.924646868227825,53.352668653340544,observed support,64.32661000632835
4194,27,fixed,2,12,household,0.4180000126361847,0.527695079758338,0.16305551793147993,0.23975555524230002,first physical ID,0.5126204453200219
4194,27,fixed,4,2,regional,643.0269775390625,611.9922419905967,922.0664007073201,474.25561129739503,observed support,624.149041392919
4194,27,fixed,4,2,group,42.88199996948242,42.1192554300105,10.429159531995838,31.067383406084822,observed support,42.27083159143525
4194,27,fixed,4,2,household,2.3610000610351562,1.9354985560537141,0.1264706472523297,0.7720444454087152,first physical ID,1.7993570787258766
4194,27,fixed,4,12,regional,987.633056640625,956.6289946673509,5791.896339740799,825.775447284468,observed support,989.3754816942406
4194,27,fixed,4,12,group,65.64500427246094,63.16258610589662,33.790347458787245,53.352668653340544,observed support,64.32661000632835
4194,27,fixed,4,12,household,0.4180000126361847,0.5599101481764217,0.1624031005043351,0.23975555524230002,first physical ID,0.5126204453200219
4194,27,fixed,8,2,regional,643.0269775390625,620.2449137375338,879.335629906029,474.25561129739503,observed support,624.149041392919
4194,27,fixed,8,2,group,42.88199996948242,42.00779149110725,9.985482541830805,31.067383406084822,observed support,42.27083159143525
4194,27,fixed,8,2,household,2.3610000610351562,1.8111372644963395,0.08707133117467056,0.7720444454087152,first physical ID,1.7993570787258766
4194,27,fixed,8,12,regional,987.633056640625,978.7922924142417,5622.610272411284,825.775447284468,observed support,989.3754816942406
4194,27,fixed,8,12,group,65.64500427246094,63.57130537918711,32.83584814965246,53.352668653340544,observed support,64.32661000632835
4194,27,fixed,8,12,household,0.4180000126361847,0.5141279587231273,0.1606896211228826,0.23975555524230002,first physical ID,0.5126204453200219
4194,27,random,2,2,regional,643.0269775390625,619.2596356287468,973.3367013411548,474.25561129739503,observed support,624.149041392919
4194,27,random,2,2,group,42.88199996948242,42.74590005944415,10.629632509531607,31.067383406084822,observed support,42.27083159143525
4194,27,random,2,2,household,2.3610000610351562,1.8014048200996229,0.12895892155581404,0.7720444454087152,first physical ID,1.7993570787258766
4194,27,random,2,12,regional,987.633056640625,963.949529810051,6137.06697233697,825.775447284468,observed support,989.3754816942406
4194,27,random,2,12,group,65.64500427246094,63.92627002122169,35.33713256684696,53.352668653340544,observed support,64.32661000632835
4194,27,random,2,12,household,0.4180000126361847,0.5242591977795839,0.16328910748736442,0.23975555524230002,first physical ID,0.5126204453200219
4194,27,random,4,2,regional,643.0269775390625,622.1309505326954,919.9109569952143,474.25561129739503,observed support,624.149041392919
4194,27,random,4,2,group,42.88199996948242,42.989208526634116,10.427149391456046,31.067383406084822,observed support,42.27083159143525
4194,27,random,4,2,household,2.3610000610351562,1.794748674308724,0.12617511175943913,0.7720444454087152,first physical ID,1.7993570787258766
4194,27,random,4,12,regional,987.633056640625,971.7587823168267,5811.92779792291,825.775447284468,observed support,989.3754816942406
4194,27,random,4,12,group,65.64500427246094,64.49374331141063,33.89000518625126,53.352668653340544,observed support,64.32661000632835
4194,27,random,4,12,household,0.4180000126361847,0.48766562509463063,0.16238670649171857,0.23975555524230002,first physical ID,0.5126204453200219
4194,27,random,8,2,regional,643.0269775390625,621.7127658577291,878.5060058057763,474.25561129739503,observed support,624.149041392919
4194,27,random,8,2,group,42.88199996948242,43.07986541113345,10.265901180160213,31.067383406084822,observed support,42.27083159143525
4194,27,random,8,2,household,2.3610000610351562,1.8766697964764125,0.12434611087001793,0.7720444454087152,first physical ID,1.7993570787258766
4194,27,random,8,12,regional,987.633056640625,999.3413614785991,5628.811920560035,825.775447284468,observed support,989.3754816942406
4194,27,random,8,12,group,65.64500427246094,66.33644127845902,33.068714294317715,53.352668653340544,observed support,64.32661000632835
4194,27,random,8,12,household,0.4180000126361847,0.4773968696318683,0.16187022241470844,0.23975555524230002,first physical ID,0.5126204453200219
4194,27,uncertainty,2,2,regional,643.0269775390625,618.6854096589545,972.2821043800544,474.25561129739503,observed support,624.149041392919
4194,27,uncertainty,2,2,group,42.88199996948242,42.658155640537096,10.621187862534331,31.067383406084822,observed support,42.27083159143525
4194,27,uncertainty,2,2,household,2.3610000610351562,1.8505565052946968,0.12972665166323943,0.7720444454087152,first physical ID,1.7993570787258766
4194,27,uncertainty,2,12,regional,987.633056640625,958.9881116530822,6041.133730413034,825.775447284468,observed support,989.3754816942406
4194,27,uncertainty,2,12,group,65.64500427246094,63.5158432643852,34.92464686822783,53.352668653340544,observed support,64.32661000632835
4194,27,uncertainty,2,12,household,0.4180000126361847,0.5276950797583376,0.16305551793147993,0.23975555524230002,first physical ID,0.5126204453200219
4194,27,uncertainty,4,2,regional,643.0269775390625,628.5405305360248,920.9184556447518,474.25561129739503,observed support,624.149041392919
4194,27,uncertainty,4,2,group,42.88199996948242,43.2921757562891,10.421397281682427,31.067383406084822,observed support,42.27083159143525
4194,27,uncertainty,4,2,household,2.3610000610351562,1.9117063517036685,0.1264250475751664,0.7720444454087152,first physical ID,1.7993570787258766
4194,27,uncertainty,4,12,regional,987.633056640625,982.0042574981258,5820.366133468424,825.775447284468,observed support,989.3754816942406
4194,27,uncertainty,4,12,group,65.64500427246094,65.10590183120007,33.921754889973016,53.352668653340544,observed support,64.32661000632835
4194,27,uncertainty,4,12,household,0.4180000126361847,0.5353281598003881,0.16233144341072217,0.23975555524230002,first physical ID,0.5126204453200219
4194,27,uncertainty,8,2,regional,643.0269775390625,630.217982760736,879.3303367629977,474.25561129739503,observed support,624.149041392919
4194,27,uncertainty,8,2,group,42.88199996948242,43.36325859224967,10.26100964438973,31.067383406084822,observed support,42.27083159143525
4194,27,uncertainty,8,2,household,2.3610000610351562,1.9302126507801969,0.12425781287313252,0.7720444454087152,first physical ID,1.7993570787258766
4194,27,uncertainty,8,12,regional,987.633056640625,984.4638575586496,5617.330058783172,825.775447284468,observed support,989.3754816942406
4194,27,uncertainty,8,12,group,65.64500427246094,65.18524038838467,33.00237893944495,53.352668653340544,observed support,64.32661000632835
4194,27,uncertainty,8,12,household,0.4180000126361847,0.5566252362958641,0.16181899144012907,0.23975555524230002,first physical ID,0.5126204453200219
4194,28,fixed_coarse,0,2,regional,1129.9691162109375,1141.5214856242922,1260.1015360059541,809.6109015444746,observed support,1099.284188766736
4194,28,fixed_coarse,0,2,group,70.31399536132812,74.50316013107565,11.838824492060148,51.437512500071406,observed support,71.18058425203635
4194,28,fixed_coarse,0,2,household,0.2409999966621399,0.4410269513776913,0.15424575310243355,0.13693333342671393,first physical ID,0.4164316432497437
4194,28,fixed_coarse,0,12,regional,535.4000244140625,764.9675839533263,8529.01540090219,444.2125018108828,observed support,610.4544738492865
4194,28,fixed_coarse,0,12,group,35.680999755859375,51.128576855187006,46.2460693204915,29.484344828971636,observed support,40.79910203103141
4194,28,fixed_coarse,0,12,household,2.568000078201294,1.0361243233693236,0.16959916880680187,0.6567777716451221,first physical ID,1.2592355290808332
4194,28,uniform_fine_stream,16,2,regional,1129.9691162109375,1099.284188766736,848.8911999922369,809.6109015444746,observed support,1099.284188766736
4194,28,uniform_fine_stream,16,2,group,70.31399536132812,71.18058425203635,9.871172696149344,51.437512500071406,observed support,71.18058425203635
4194,28,uniform_fine_stream,16,2,household,0.2409999966621399,0.4164316432497437,0.08671435416585381,0.13693333342671393,first physical ID,0.4164316432497437
4194,28,uniform_fine_stream,16,12,regional,535.4000244140625,610.4544738492865,5497.507619314939,444.2125018108828,observed support,610.4544738492865
4194,28,uniform_fine_stream,16,12,group,35.680999755859375,40.79910203103141,32.31980547627134,29.484344828971636,observed support,40.79910203103141
4194,28,uniform_fine_stream,16,12,household,2.568000078201294,1.2592355290808332,0.16034117112464907,0.6567777716451221,first physical ID,1.2592355290808332
4194,28,fixed,2,2,regional,1129.9691162109375,1102.3080026269195,971.7947270958314,809.6109015444746,observed support,1099.284188766736
4194,28,fixed,2,2,group,70.31399536132812,71.50522391330048,10.61536109969518,51.437512500071406,observed support,71.18058425203635
4194,28,fixed,2,2,household,0.2409999966621399,0.48785997520615476,0.12907489337051067,0.13693333342671393,first physical ID,0.4164316432497437
4194,28,fixed,2,12,regional,535.4000244140625,608.9886712348259,6069.926815405132,444.2125018108828,observed support,610.4544738492865
4194,28,fixed,2,12,group,35.680999755859375,39.83558145410241,35.016567629739825,29.484344828971636,observed support,40.79910203103141
4194,28,fixed,2,12,household,2.568000078201294,1.3617357002580905,0.16324469131122357,0.6567777716451221,first physical ID,1.2592355290808332
4194,28,fixed,4,2,regional,1129.9691162109375,1098.5226407894975,921.425183497939,809.6109015444746,observed support,1099.284188766736
4194,28,fixed,4,2,group,70.31399536132812,71.66091864049632,10.431257400370608,51.437512500071406,observed support,71.18058425203635
4194,28,fixed,4,2,household,0.2409999966621399,0.5037646086678358,0.12619032555699314,0.13693333342671393,first physical ID,0.4164316432497437
4194,28,fixed,4,12,regional,535.4000244140625,621.8474518180426,5828.147826951745,444.2125018108828,observed support,610.4544738492865
4194,28,fixed,4,12,group,35.680999755859375,41.16904762366835,33.95669397250282,29.484344828971636,observed support,40.79910203103141
4194,28,fixed,4,12,household,2.568000078201294,1.2807671502722675,0.16257899970892342,0.6567777716451221,first physical ID,1.2592355290808332
4194,28,fixed,8,2,regional,1129.9691162109375,1091.9181965169034,880.1288738499472,809.6109015444746,observed support,1099.284188766736
4194,28,fixed,8,2,group,70.31399536132812,70.76236349594761,9.989344528749214,51.437512500071406,observed support,71.18058425203635
4194,28,fixed,8,2,household,0.2409999966621399,0.39059346579072957,0.08709660973328269,0.13693333342671393,first physical ID,0.4164316432497437
4194,28,fixed,8,12,regional,535.4000244140625,598.0376326149965,5630.580473449488,444.2125018108828,observed support,610.4544738492865
4194,28,fixed,8,12,group,35.680999755859375,40.02864056248706,32.88002387665621,29.484344828971636,observed support,40.79910203103141
4194,28,fixed,8,12,household,2.568000078201294,1.2311450636756418,0.1607380606202929,0.6567777716451221,first physical ID,1.2592355290808332
4194,28,random,2,2,regional,1129.9691162109375,1130.3833084729222,975.9962905736222,809.6109015444746,observed support,1099.284188766736
4194,28,random,2,2,group,70.31399536132812,73.73496469160247,10.626784379133836,51.437512500071406,observed support,71.18058425203635
4194,28,random,2,2,household,0.2409999966621399,0.36484102276642155,0.12866259562817875,0.13693333342671393,first physical ID,0.4164316432497437
4194,28,random,2,12,regional,535.4000244140625,704.4532965107057,6060.677319629367,444.2125018108828,observed support,610.4544738492865
4194,28,random,2,12,group,35.680999755859375,46.73714879365903,34.99146715390936,29.484344828971636,observed support,40.79910203103141
4194,28,random,2,12,household,2.568000078201294,1.1948680058666745,0.16323636202729888,0.6567777716451221,first physical ID,1.2592355290808332
4194,28,random,4,2,regional,1129.9691162109375,1126.196939321423,919.9482090332056,809.6109015444746,observed support,1099.284188766736
4194,28,random,4,2,group,70.31399536132812,73.67290892166001,10.419831571415205,51.437512500071406,observed support,71.18058425203635
4194,28,random,4,2,household,0.2409999966621399,0.3426927250463371,0.1259895643523341,0.13693333342671393,first physical ID,0.4164316432497437
4194,28,random,4,12,regional,535.4000244140625,707.0244823690867,5794.674578742468,444.2125018108828,observed support,610.4544738492865
4194,28,random,4,12,group,35.680999755859375,46.9855861218217,33.81283278549091,29.484344828971636,observed support,40.79910203103141
4194,28,random,4,12,household,2.568000078201294,1.159550243545141,0.1624583818574914,0.6567777716451221,first physical ID,1.2592355290808332
4194,28,random,8,2,regional,1129.9691162109375,1110.741951230644,878.5703868445237,809.6109015444746,observed support,1099.284188766736
4194,28,random,8,2,group,70.31399536132812,72.26205973319979,10.255749453045464,51.437512500071406,observed support,71.18058425203635
4194,28,random,8,2,household,0.2409999966621399,0.5042252118299728,0.12413676459494204,0.13693333342671393,first physical ID,0.4164316432497437
4194,28,random,8,12,regional,535.4000244140625,637.8855419423854,5601.734406357729,444.2125018108828,observed support,610.4544738492865
4194,28,random,8,12,group,35.680999755859375,42.043568278344374,32.943248911914786,29.484344828971636,observed support,40.79910203103141
4194,28,random,8,12,household,2.568000078201294,1.3002123504526177,0.16186912503388795,0.6567777716451221,first physical ID,1.2592355290808332
4194,28,uncertainty,2,2,regional,1129.9691162109375,1094.456381259163,972.4636234623401,809.6109015444746,observed support,1099.284188766736
4194,28,uncertainty,2,2,group,70.31399536132812,71.29204903895459,10.621183268682568,51.437512500071406,observed support,71.18058425203635
4194,28,uncertainty,2,2,household,0.2409999966621399,0.6239757977321325,0.12972646236892116,0.13693333342671393,first physical ID,0.4164316432497437
4194,28,uncertainty,2,12,regional,535.4000244140625,591.1594008075524,6037.346050570019,444.2125018108828,observed support,610.4544738492865
4194,28,uncertainty,2,12,group,35.680999755859375,39.36819008737704,34.924492149445456,29.484344828971636,observed support,40.79910203103141
4194,28,uncertainty,2,12,household,2.568000078201294,1.3055402728713257,0.16305543956769658,0.6567777716451221,first physical ID,1.2592355290808332
4194,28,uncertainty,4,2,regional,1129.9691162109375,1087.7075492098857,921.0771965555386,809.6109015444746,observed support,1099.284188766736
4194,28,uncertainty,4,2,group,70.31399536132812,70.9469233893946,10.42139494421032,51.437512500071406,observed support,71.18058425203635
4194,28,uncertainty,4,2,household,0.2409999966621399,0.5793559815601711,0.12642498961904414,0.13693333342671393,first physical ID,0.4164316432497437
4194,28,uncertainty,4,12,regional,535.4000244140625,599.1007128944029,5816.71282425863,444.2125018108828,observed support,610.4544738492865
4194,28,uncertainty,4,12,group,35.680999755859375,39.88946456286187,33.92172338533038,29.484344828971636,observed support,40.79910203103141
4194,28,uncertainty,4,12,household,2.568000078201294,1.2629582858296424,0.16233142263272976,0.6567777716451221,first physical ID,1.2592355290808332
4194,28,uncertainty,8,2,regional,1129.9691162109375,1096.7795620574598,879.4790381192704,809.6109015444746,observed support,1099.284188766736
4194,28,uncertainty,8,2,group,70.31399536132812,71.19898669801574,10.26100797392496,51.437512500071406,observed support,71.18058425203635
4194,28,uncertainty,8,2,household,0.2409999966621399,0.5833543403000139,0.12425779880606463,0.13693333342671393,first physical ID,0.4164316432497437
4194,28,uncertainty,8,12,regional,535.4000244140625,594.0976173561617,5613.74760272387,444.2125018108828,observed support,610.4544738492865
4194,28,uncertainty,8,12,group,35.680999755859375,39.175633616085435,33.002354908267996,29.484344828971636,observed support,40.79910203103141
4194,28,uncertainty,8,12,household,2.568000078201294,1.3221876722196602,0.16181897562892567,0.6567777716451221,first physical ID,1.2592355290808332
4194,29,fixed_coarse,0,2,regional,1521.0390625,1485.2534503476902,1258.4392564244868,1191.6105344011823,observed support,1467.559367250428
4194,29,fixed_coarse,0,2,group,104.87699890136719,96.83303817434447,11.834959507170055,78.83059846886925,observed support,96.37248990332392
4194,29,fixed_coarse,0,2,household,0.3100000023841858,0.0419996054794633,0.15413385743319297,0.22555555370118882,first physical ID,0.3516448473784951
4194,29,fixed_coarse,0,12,regional,895.9459838867188,959.0962669078488,8496.880778712797,682.2507748909107,observed support,906.837083287338
4194,29,fixed_coarse,0,12,group,62.26100158691406,62.345794148824794,46.219091005831274,44.048773477057,observed support,58.85233376615217
4194,29,fixed_coarse,0,12,household,2.196000099182129,1.878521371108702,0.16961481334769885,1.7317111076580154,first physical ID,2.1359958178424194
4194,29,uniform_fine_stream,16,2,regional,1521.0390625,1467.559367250428,847.816878576491,1191.6105344011823,observed support,1467.559367250428
4194,29,uniform_fine_stream,16,2,group,104.87699890136719,96.37248990332392,9.871028048535244,78.83059846886925,observed support,96.37248990332392
4194,29,uniform_fine_stream,16,2,household,0.3100000023841858,0.3516448473784951,0.08671433704098705,0.22555555370118882,first physical ID,0.3516448473784951
4194,29,uniform_fine_stream,16,12,regional,895.9459838867188,906.837083287338,5481.2278488848715,682.2507748909107,observed support,906.837083287338
4194,29,uniform_fine_stream,16,12,group,62.26100158691406,58.85233376615217,32.31975402813816,44.048773477057,observed support,58.85233376615217
4194,29,uniform_fine_stream,16,12,household,2.196000099182129,2.1359958178424194,0.16034132417518832,1.7317111076580154,first physical ID,2.1359958178424194
4194,29,fixed,2,2,regional,1521.0390625,1451.626303941373,976.5686324067716,1191.6105344011823,observed support,1467.559367250428
4194,29,fixed,2,2,group,104.87699890136719,94.16457037931752,10.656599269145623,78.83059846886925,observed support,96.37248990332392
4194,29,fixed,2,2,household,0.3100000023841858,0.4746187212679376,0.1297069393039038,0.22555555370118882,first physical ID,0.3516448473784951
4194,29,fixed,2,12,regional,895.9459838867188,876.5727959204876,6089.749904175735,682.2507748909107,observed support,906.837083287338
4194,29,fixed,2,12,group,62.26100158691406,56.61067054296025,35.21290588496143,44.048773477057,observed support,58.85233376615217
4194,29,fixed,2,12,household,2.196000099182129,2.2209636307504077,0.16345459277071453,1.7317111076580154,first physical ID,2.1359958178424194
4194,29,fixed,4,2,regional,1521.0390625,1462.1986603516361,921.0585906200179,1191.6105344011823,observed support,1467.559367250428
4194,29,fixed,4,2,group,104.87699890136719,95.9082448861641,10.153277924637742,78.83059846886925,observed support,96.37248990332392
4194,29,fixed,4,2,household,0.3100000023841858,0.3831963437980362,0.08770586548124158,0.22555555370118882,first physical ID,0.3516448473784951
4194,29,fixed,4,12,regional,895.9459838867188,921.5784579253306,5807.590962016138,682.2507748909107,observed support,906.837083287338
4194,29,fixed,4,12,group,62.26100158691406,59.657077478570955,33.703607701695105,44.048773477057,observed support,58.85233376615217
4194,29,fixed,4,12,household,2.196000099182129,2.147125898816538,0.16132536138207165,1.7317111076580154,first physical ID,2.1359958178424194
4194,29,fixed,8,2,regional,1521.0390625,1476.854553455571,880.9220798600616,1191.6105344011823,observed support,1467.559367250428
4194,29,fixed,8,2,group,104.87699890136719,96.97469450003169,9.996823181495472,78.83059846886925,observed support,96.37248990332392
4194,29,fixed,8,2,household,0.3100000023841858,0.29615231364320715,0.08712219191275741,0.22555555370118882,first physical ID,0.3516448473784951
4194,29,fixed,8,12,regional,895.9459838867188,961.1042173597789,5618.700519374447,682.2507748909107,observed support,906.837083287338
4194,29,fixed,8,12,group,62.26100158691406,62.19124987422694,32.90040390705204,44.048773477057,observed support,58.85233376615217
4194,29,fixed,8,12,household,2.196000099182129,2.057528806670634,0.1607208893560347,1.7317111076580154,first physical ID,2.1359958178424194
4194,29,random,2,2,regional,1521.0390625,1484.4399920569494,976.5510345434453,1191.6105344011823,observed support,1467.559367250428
4194,29,random,2,2,group,104.87699890136719,96.12088414323534,10.646958939033741,78.83059846886925,observed support,96.37248990332392
4194,29,random,2,2,household,0.3100000023841858,0.2470514648330176,0.12967930019946036,0.22555555370118882,first physical ID,0.3516448473784951
4194,29,random,2,12,regional,895.9459838867188,927.5064120843992,6057.889064784181,682.2507748909107,observed support,906.837083287338
4194,29,random,2,12,group,62.26100158691406,59.72087079565486,35.080739871942306,44.048773477057,observed support,58.85233376615217
4194,29,random,2,12,household,2.196000099182129,2.159167244549915,0.16322778785199651,1.7317111076580154,first physical ID,2.1359958178424194
4194,29,random,4,2,regional,1521.0390625,1472.7678307225676,921.0165923855463,1191.6105344011823,observed support,1467.559367250428
4194,29,random,4,2,group,104.87699890136719,95.2515147647983,10.431337009786766,78.83059846886925,observed support,96.37248990332392
4194,29,random,4,2,household,0.3100000023841858,0.23497946109232082,0.1261489779668876,0.22555555370118882,first physical ID,0.3516448473784951
4194,29,random,4,12,regional,895.9459838867188,885.7066348216554,5825.809036917206,682.2507748909107,observed support,906.837083287338
4194,29,random,4,12,group,62.26100158691406,56.951226851328165,34.03412058260567,44.048773477057,observed support,58.85233376615217
4194,29,random,4,12,household,2.196000099182129,2.1178951152179972,0.16239981767503575,1.7317111076580154,first physical ID,2.1359958178424194
4194,29,random,8,2,regional,1521.0390625,1470.768698618731,879.3662859141178,1191.6105344011823,observed support,1467.559367250428
4194,29,random,8,2,group,104.87699890136719,96.58613002374521,9.987035280674714,78.83059846886925,observed support,96.37248990332392
4194,29,random,8,2,household,0.3100000023841858,0.33534686378177836,0.08706047511508999,0.22555555370118882,first physical ID,0.3516448473784951
4194,29,random,8,12,regional,895.9459838867188,882.0606332710544,5592.557046190778,682.2507748909107,observed support,906.837083287338
4194,29,random,8,12,group,62.26100158691406,57.10267691388529,32.792396957150416,44.048773477057,observed support,58.85233376615217
4194,29,random,8,12,household,2.196000099182129,2.1177474945839196,0.1606533057727435,1.7317111076580154,first physical ID,2.1359958178424194
4194,29,uncertainty,2,2,regional,1521.0390625,1465.1547252729465,971.2958229078973,1191.6105344011823,observed support,1467.559367250428
4194,29,uncertainty,2,2,group,104.87699890136719,94.94835759425172,10.620376781647806,78.83059846886925,observed support,96.37248990332392
4194,29,uncertainty,2,2,household,0.3100000023841858,0.41263019080387997,0.12972338534885178,0.22555555370118882,first physical ID,0.3516448473784951
4194,29,uncertainty,2,12,regional,895.9459838867188,845.2577255528158,6019.313744087694,682.2507748909107,observed support,906.837083287338
4194,29,uncertainty,2,12,group,62.26100158691406,54.6453858748033,34.92378396915755,44.048773477057,observed support,58.85233376615217
4194,29,uncertainty,2,12,household,2.196000099182129,2.180434496513458,0.16305644697567695,1.7317111076580154,first physical ID,2.1359958178424194
4194,29,uncertainty,4,2,regional,1521.0390625,1455.50706225913,919.8620483486225,1191.6105344011823,observed support,1467.559367250428
4194,29,uncertainty,4,2,group,104.87699890136719,94.45478024803135,10.420250671505451,78.83059846886925,observed support,96.37248990332392
4194,29,uncertainty,4,2,household,0.3100000023841858,0.33024963882109487,0.12641669715272266,0.22555555370118882,first physical ID,0.3516448473784951
4194,29,uncertainty,4,12,regional,895.9459838867188,852.9293858754405,5799.269702326615,682.2507748909107,observed support,906.837083287338
4194,29,uncertainty,4,12,group,62.26100158691406,55.19991899637019,33.92065967689528,44.048773477057,observed support,58.85233376615217
4194,29,uncertainty,4,12,household,2.196000099182129,2.081111140663653,0.16233184051347113,1.7317111076580154,first physical ID,2.1359958178424194
4194,29,uncertainty,8,2,regional,1521.0390625,1457.3149516206627,878.3557476724498,1191.6105344011823,observed support,1467.559367250428
4194,29,uncertainty,8,2,group,104.87699890136719,94.2628089206672,10.260503815780936,78.83059846886925,observed support,96.37248990332392
4194,29,uncertainty,8,2,household,0.3100000023841858,0.34608497662383075,0.12425774704835228,0.22555555370118882,first physical ID,0.3516448473784951
4194,29,uncertainty,8,12,regional,895.9459838867188,849.3213707683174,5597.059297205415,682.2507748909107,observed support,906.837083287338
4194,29,uncertainty,8,12,group,62.26100158691406,54.81649908311487,33.001928835392775,44.048773477057,observed support,58.85233376615217
4194,29,uncertainty,8,12,household,2.196000099182129,2.1670709458553454,0.16181926556385123,1.7317111076580154,first physical ID,2.1359958178424194
4194,30,fixed_coarse,0,2,regional,1096.3070068359375,1182.056420421,1258.2489163256223,934.8095026071435,observed support,1176.7408876477152
4194,30,fixed_coarse,0,2,group,70.06500244140625,77.37063051435156,11.836095868054782,58.94070009064512,observed support,77.15770479871654
4194,30,fixed_coarse,0,2,household,0.16699999570846558,0.2680269854720584,0.15423772288339668,0.12777777736385662,first physical ID,0.317041835551118
4194,30,fixed_coarse,0,12,regional,1352.39306640625,1282.4610071533716,8506.977497563428,1105.170062902241,observed support,1280.2918887971623
4194,30,fixed_coarse,0,12,group,92.56800079345703,85.85553772041744,46.24219081006186,73.71231450908492,observed support,85.9210532937471
4194,30,fixed_coarse,0,12,household,0.2329999953508377,0.5984463461139451,0.16960880584051502,0.20339999952250057,first physical ID,0.5244497297728281
4194,30,uniform_fine_stream,16,2,regional,1096.3070068359375,1176.7408876477152,847.8583691500314,934.8095026071435,observed support,1176.7408876477152
4194,30,uniform_fine_stream,16,2,group,70.06500244140625,77.15770479871654,9.871024861264228,58.94070009064512,observed support,77.15770479871654
4194,30,uniform_fine_stream,16,2,household,0.16699999570846558,0.317041835551118,0.08671430661560522,0.12777777736385662,first physical ID,0.317041835551118
4194,30,uniform_fine_stream,16,12,regional,1352.39306640625,1280.2918887971623,5484.53665536208,1105.170062902241,observed support,1280.2918887971623
4194,30,uniform_fine_stream,16,12,group,92.56800079345703,85.9210532937471,32.319710208799464,73.71231450908492,observed support,85.9210532937471
4194,30,uniform_fine_stream,16,12,household,0.2329999953508377,0.5244497297728281,0.16034147181379416,0.20339999952250057,first physical ID,0.5244497297728281
4194,30,fixed,2,2,regional,1096.3070068359375,1194.268837786879,978.0129801883081,934.8095026071435,observed support,1176.7408876477152
4194,30,fixed,2,2,group,70.06500244140625,78.00010135562133,10.681472789917606,58.94070009064512,observed support,77.15770479871654
4194,30,fixed,2,2,household,0.16699999570846558,0.3765823974269982,0.12954808763645326,0.12777777736385662,first physical ID,0.317041835551118
4194,30,fixed,2,12,regional,1352.39306640625,1317.0374533379581,6177.105304040526,1105.170062902241,observed support,1280.2918887971623
4194,30,fixed,2,12,group,92.56800079345703,88.20480752731932,35.62433102522056,73.71231450908492,observed support,85.9210532937471
4194,30,fixed,2,12,household,0.2329999953508377,0.49901156125205504,0.16366558559749456,0.20339999952250057,first physical ID,0.5244497297728281
4194,30,fixed,4,2,regional,1096.3070068359375,1173.0559555268915,919.0457907136333,934.8095026071435,observed support,1176.7408876477152
4194,30,fixed,4,2,group,70.06500244140625,76.5195639901605,10.140209882500145,58.94070009064512,observed support,77.15770479871654
4194,30,fixed,4,2,household,0.16699999570846558,0.3022044728171859,0.08771941498110401,0.12777777736385662,first physical ID,0.317041835551118
4194,30,fixed,4,12,regional,1352.39306640625,1301.0885980995304,5841.86616272847,1105.170062902241,observed support,1280.2918887971623
4194,30,fixed,4,12,group,92.56800079345703,86.93025951784382,33.84075034576689,73.71231450908492,observed support,85.9210532937471
4194,30,fixed,4,12,household,0.2329999953508377,0.4157934402521012,0.16131436323994827,0.20339999952250057,first physical ID,0.5244497297728281
4194,30,fixed,8,2,regional,1096.3070068359375,1176.4368904725964,880.0586199549206,934.8095026071435,observed support,1176.7408876477152
4194,30,fixed,8,2,group,70.06500244140625,77.04274470543265,9.992478288322832,58.94070009064512,observed support,77.15770479871654
4194,30,fixed,8,2,household,0.16699999570846558,0.32269443701728096,0.08713171429484581,0.12777777736385662,first physical ID,0.317041835551118
4194,30,fixed,8,12,regional,1352.39306640625,1302.1658047348324,5622.966869438343,1105.170062902241,observed support,1280.2918887971623
4194,30,fixed,8,12,group,92.56800079345703,87.16300291093026,32.90836298469564,73.71231450908492,observed support,85.9210532937471
4194,30,fixed,8,12,household,0.2329999953508377,0.45825882630128145,0.16072561121356854,0.20339999952250057,first physical ID,0.5244497297728281
4194,30,random,2,2,regional,1096.3070068359375,1199.6648978512262,978.1760777474369,934.8095026071435,observed support,1176.7408876477152
4194,30,random,2,2,group,70.06500244140625,78.85309519518029,10.67097423906289,58.94070009064512,observed support,77.15770479871654
4194,30,random,2,2,household,0.16699999570846558,0.24499455096498618,0.12896057853648857,0.12777777736385662,first physical ID,0.317041835551118
4194,30,random,2,12,regional,1352.39306640625,1364.0997662967684,6195.900232190442,1105.170062902241,observed support,1280.2918887971623
4194,30,random,2,12,group,92.56800079345703,91.51820520417988,35.7049429305235,73.71231450908492,observed support,85.9210532937471
4194,30,random,2,12,household,0.2329999953508377,0.5669655934804566,0.16332669784105885,0.20339999952250057,first physical ID,0.5244497297728281
4194,30,random,4,2,regional,1096.3070068359375,1190.7418175268695,924.4459955914178,934.8095026071435,observed support,1176.7408876477152
4194,30,random,4,2,group,70.06500244140625,77.94469548257385,10.442564878498,58.94070009064512,observed support,77.15770479871654
4194,30,random,4,2,household,0.16699999570846558,0.23504921039272725,0.1262271102651628,0.12777777736385662,first physical ID,0.317041835551118
4194,30,random,4,12,regional,1352.39306640625,1301.3332008908192,5863.477315571758,1105.170062902241,observed support,1280.2918887971623
4194,30,random,4,12,group,92.56800079345703,87.18736896271044,34.18339072883659,73.71231450908492,observed support,85.9210532937471
4194,30,random,4,12,household,0.2329999953508377,0.6059831422677965,0.16248249748578705,0.20339999952250057,first physical ID,0.5244497297728281
4194,30,random,8,2,regional,1096.3070068359375,1172.5158631091729,879.2639698942729,934.8095026071435,observed support,1176.7408876477152
4194,30,random,8,2,group,70.06500244140625,76.79315411955484,10.26922833053677,58.94070009064512,observed support,77.15770479871654
4194,30,random,8,2,household,0.16699999570846558,0.3418161099662168,0.12430661817526847,0.12777777736385662,first physical ID,0.317041835551118
4194,30,random,8,12,regional,1352.39306640625,1263.8285544790674,5629.753412614531,1105.170062902241,observed support,1280.2918887971623
4194,30,random,8,12,group,92.56800079345703,84.70100923736638,33.13332490780168,73.71231450908492,observed support,85.9210532937471
4194,30,random,8,12,household,0.2329999953508377,0.5754247673400669,0.16187792832179518,0.20339999952250057,first physical ID,0.5244497297728281
4194,30,uncertainty,2,2,regional,1096.3070068359375,1144.66752258702,971.2647079068097,934.8095026071435,observed support,1176.7408876477152
4194,30,uncertainty,2,2,group,70.06500244140625,75.13233705305029,10.620696870958696,58.94070009064512,observed support,77.15770479871654
4194,30,uncertainty,2,2,household,0.16699999570846558,0.4121927325610894,0.12972577721466877,0.12777777736385662,first physical ID,0.317041835551118
4194,30,uncertainty,2,12,regional,1352.39306640625,1205.673794777005,6023.007705515038,1105.170062902241,observed support,1280.2918887971623
4194,30,uncertainty,2,12,group,92.56800079345703,80.84844534603506,34.92509036145802,73.71231450908492,observed support,85.9210532937471
4194,30,uncertainty,2,12,household,0.2329999953508377,0.5776592638627498,0.16305803391186546,0.20339999952250057,first physical ID,0.5244497297728281
4194,30,uncertainty,4,2,regional,1096.3070068359375,1152.7922178829,919.8485473199823,934.8095026071435,observed support,1176.7408876477152
4194,30,uncertainty,4,2,group,70.06500244140625,75.63210891684884,10.420453068091714,58.94070009064512,observed support,77.15770479871654
4194,30,uncertainty,4,2,household,0.16699999570846558,0.41054823065512563,0.1264180462403616,0.12777777736385662,first physical ID,0.317041835551118
4194,30,uncertainty,4,12,regional,1352.39306640625,1229.5826042708372,5802.7647755397775,1105.170062902241,observed support,1280.2918887971623
4194,30,uncertainty,4,12,group,92.56800079345703,82.49501808267618,33.92118828914421,73.71231450908492,observed support,85.9210532937471
4194,30,uncertainty,4,12,household,0.2329999953508377,0.5449047473997631,0.16233260284990736,0.20339999952250057,first physical ID,0.5244497297728281
4194,30,uncertainty,8,2,regional,1096.3070068359375,1171.176271040115,878.3718455576104,934.8095026071435,observed support,1176.7408876477152
4194,30,uncertainty,8,2,group,70.06500244140625,76.8284132900396,10.26058180995463,58.94070009064512,observed support,77.15770479871654
4194,30,uncertainty,8,2,household,0.16699999570846558,0.3455326631885672,0.12425625564936521,0.12777777736385662,first physical ID,0.317041835551118
4194,30,uncertainty,8,12,regional,1352.39306640625,1251.826242021184,5600.408514912352,1105.170062902241,observed support,1280.2918887971623
4194,30,uncertainty,8,12,group,92.56800079345703,84.0203606819649,33.00198407846128,73.71231450908492,observed support,85.9210532937471
4194,30,uncertainty,8,12,household,0.2329999953508377,0.5797081736349102,0.16181953142611905,0.20339999952250057,first physical ID,0.5244497297728281
4194,31,fixed_coarse,0,2,regional,1220.5760498046875,1196.4234884588182,1256.26600374464,995.2217422321938,observed support,1188.4253419649754
4194,31,fixed_coarse,0,2,group,76.78500366210938,78.96624141057141,11.837532438213591,64.51366149855545,observed support,78.17606258645462
4194,31,fixed_coarse,0,2,household,0.04899999871850014,0.19239985145046223,0.15428565518793683,0.3002325580563656,first physical ID,0.22522339679079512
4194,31,fixed_coarse,0,12,regional,1373.446044921875,1423.3595687359048,8503.17915473735,1233.0234491467174,observed support,1406.8006770406507
4194,31,fixed_coarse,0,12,group,100.27400207519531,93.83595570751896,46.2227696971824,81.16436120937408,observed support,92.79297207774889
4194,31,fixed_coarse,0,12,household,0.05299999937415123,0.38793539498589047,0.16962435999726594,0.20165116166652636,first physical ID,0.39164659775788013
4194,31,uniform_fine_stream,16,2,regional,1220.5760498046875,1188.4253419649754,846.5487861140812,995.2217422321938,observed support,1188.4253419649754
4194,31,uniform_fine_stream,16,2,group,76.78500366210938,78.17606258645462,9.87118973355039,64.51366149855545,observed support,78.17606258645462
4194,31,uniform_fine_stream,16,2,household,0.04899999871850014,0.22522339679079512,0.08671453537640243,0.3002325580563656,first physical ID,0.22522339679079512
4194,31,uniform_fine_stream,16,12,regional,1373.446044921875,1406.8006770406507,5484.382206399103,1233.0234491467174,observed support,1406.8006770406507
4194,31,uniform_fine_stream,16,12,group,100.27400207519531,92.79297207774889,32.319787075534634,81.16436120937408,observed support,92.79297207774889
4194,31,uniform_fine_stream,16,12,household,0.05299999937415123,0.39164659775788013,0.160341698092551,0.20165116166652636,first physical ID,0.39164659775788013
4194,31,fixed,2,2,regional,1220.5760498046875,1227.0112434140715,969.56060867304,995.2217422321938,observed support,1188.4253419649754
4194,31,fixed,2,2,group,76.78500366210938,80.35211986046026,10.345146124079147,64.51366149855545,observed support,78.17606258645462
4194,31,fixed,2,2,household,0.04899999871850014,0.10043786432802132,0.08857139120282695,0.3002325580563656,first physical ID,0.22522339679079512
4194,31,fixed,2,12,regional,1373.446044921875,1475.8499414756254,6107.716368986162,1233.0234491467174,observed support,1406.8006770406507
4194,31,fixed,2,12,group,100.27400207519531,96.83213587006264,34.97693420707179,81.16436120937408,observed support,92.79297207774889
4194,31,fixed,2,12,household,0.05299999937415123,0.3886705826548511,0.16208869291464484,0.20165116166652636,first physical ID,0.39164659775788013
4194,31,fixed,4,2,regional,1220.5760498046875,1206.4482406776383,917.7844208249207,995.2217422321938,observed support,1188.4253419649754
4194,31,fixed,4,2,group,76.78500366210938,79.37129267130001,10.139793663188296,64.51366149855545,observed support,78.17606258645462
4194,31,fixed,4,2,household,0.04899999871850014,0.16228529537289105,0.08767961027185152,0.3002325580563656,first physical ID,0.22522339679079512
4194,31,fixed,4,12,regional,1373.446044921875,1452.2167354107632,5824.691922029158,1233.0234491467174,observed support,1406.8006770406507
4194,31,fixed,4,12,group,100.27400207519531,95.5059214866366,33.76840628412658,81.16436120937408,observed support,92.79297207774889
4194,31,fixed,4,12,household,0.05299999937415123,0.3242663090902702,0.16124857593586922,0.20165116166652636,first physical ID,0.39164659775788013
4194,31,fixed,8,2,regional,1220.5760498046875,1205.1188561333022,878.6741901127486,995.2217422321938,observed support,1188.4253419649754
4194,31,fixed,8,2,group,76.78500366210938,79.31667682177941,9.992617100280102,64.51366149855545,observed support,78.17606258645462
4194,31,fixed,8,2,household,0.04899999871850014,0.1546686332973884,0.08710939591182677,0.3002325580563656,first physical ID,0.22522339679079512
4194,31,fixed,8,12,regional,1373.446044921875,1417.4809349398458,5624.109571073864,1233.0234491467174,observed support,1406.8006770406507
4194,31,fixed,8,12,group,100.27400207519531,93.32284503004315,32.91293224132977,81.16436120937408,observed support,92.79297207774889
4194,31,fixed,8,12,household,0.05299999937415123,0.3614002071238923,0.16070250237934353,0.20165116166652636,first physical ID,0.39164659775788013
4194,31,random,2,2,regional,1220.5760498046875,1184.9387492784074,964.2858127664031,995.2217422321938,observed support,1188.4253419649754
4194,31,random,2,2,group,76.78500366210938,78.36661759161625,10.591896075471592,64.51366149855545,observed support,78.17606258645462
4194,31,random,2,2,household,0.04899999871850014,0.5738373016192713,0.12864902372204684,0.3002325580563656,first physical ID,0.22522339679079512
4194,31,random,2,12,regional,1373.446044921875,1423.1197185119659,5969.4661268796335,1233.0234491467174,observed support,1406.8006770406507
4194,31,random,2,12,group,100.27400207519531,94.08776800420499,34.66180388707411,81.16436120937408,observed support,92.79297207774889
4194,31,random,2,12,household,0.05299999937415123,0.5308835748561982,0.1632783673115145,0.20165116166652636,first physical ID,0.39164659775788013
4194,31,random,4,2,regional,1220.5760498046875,1170.3310829956908,918.9243796630199,995.2217422321938,observed support,1188.4253419649754
4194,31,random,4,2,group,76.78500366210938,77.37202217335113,10.419068326995152,64.51366149855545,observed support,78.17606258645462
4194,31,random,4,2,household,0.04899999871850014,0.6248688907901782,0.12642214290145162,0.3002325580563656,first physical ID,0.22522339679079512
4194,31,random,4,12,regional,1373.446044921875,1406.7363299975912,5742.7749062587445,1233.0234491467174,observed support,1406.8006770406507
4194,31,random,4,12,group,100.27400207519531,93.02480577139858,33.648583109164925,81.16436120937408,observed support,92.79297207774889
4194,31,random,4,12,household,0.05299999937415123,0.47790736089580566,0.162342515022677,0.20165116166652636,first physical ID,0.39164659775788013
4194,31,random,8,2,regional,1220.5760498046875,1187.7531975787504,877.7693324972524,995.2217422321938,observed support,1188.4253419649754
4194,31,random,8,2,group,76.78500366210938,77.97379705682131,9.983555057226217,64.51366149855545,observed support,78.17606258645462
4194,31,random,8,2,household,0.04899999871850014,0.2558447141916742,0.08707880462271375,0.3002325580563656,first physical ID,0.22522339679079512
4194,31,random,8,12,regional,1373.446044921875,1429.576367285916,5590.206267726717,1233.0234491467174,observed support,1406.8006770406507
4194,31,random,8,12,group,100.27400207519531,94.10605572500093,32.770845197157904,81.16436120937408,observed support,92.79297207774889
4194,31,random,8,12,household,0.05299999937415123,0.3996923912357264,0.16069562611735877,0.20165116166652636,first physical ID,0.39164659775788013
4194,31,uncertainty,2,2,regional,1220.5760498046875,1195.5490168287909,969.7162261034514,995.2217422321938,observed support,1188.4253419649754
4194,31,uncertainty,2,2,group,76.78500366210938,78.4444123314637,10.621190428933662,64.51366149855545,observed support,78.17606258645462
4194,31,uncertainty,2,2,household,0.04899999871850014,0.575145906312138,0.12972548352751853,0.3002325580563656,first physical ID,0.22522339679079512
4194,31,uncertainty,2,12,regional,1373.446044921875,1455.652275021581,6022.669026108562,1233.0234491467174,observed support,1406.8006770406507
4194,31,uncertainty,2,12,group,100.27400207519531,96.042682195031,34.92398432428557,81.16436120937408,observed support,92.79297207774889
4194,31,uncertainty,2,12,household,0.05299999937415123,0.40616604688816355,0.16305860693159846,0.20165116166652636,first physical ID,0.39164659775788013
4194,31,uncertainty,4,2,regional,1220.5760498046875,1177.2411774201707,918.3967292317843,995.2217422321938,observed support,1188.4253419649754
4194,31,uncertainty,4,2,group,76.78500366210938,77.48138126700826,10.420769111967049,64.51366149855545,observed support,78.17606258645462
4194,31,uncertainty,4,2,household,0.04899999871850014,0.5333412291404586,0.12641800407411924,0.3002325580563656,first physical ID,0.22522339679079512
4194,31,uncertainty,4,12,regional,1373.446044921875,1427.205163384585,5802.540913941938,1233.0234491467174,observed support,1406.8006770406507
4194,31,uncertainty,4,12,group,100.27400207519531,94.19238438640458,33.920785389632314,81.16436120937408,observed support,92.79297207774889
4194,31,uncertainty,4,12,household,0.05299999937415123,0.41387577722675706,0.16233287618121534,0.20165116166652636,first physical ID,0.39164659775788013
4194,31,uncertainty,8,2,regional,1220.5760498046875,1173.5358281592771,877.0064479824005,995.2217422321938,observed support,1188.4253419649754
4194,31,uncertainty,8,2,group,76.78500366210938,77.39869713565861,10.260786325727954,64.51366149855545,observed support,78.17606258645462
4194,31,uncertainty,8,2,household,0.04899999871850014,0.5796976859160594,0.12425705911488998,0.3002325580563656,first physical ID,0.22522339679079512
4194,31,uncertainty,8,12,regional,1373.446044921875,1404.5727582189534,5600.227269520356,1233.0234491467174,observed support,1406.8006770406507
4194,31,uncertainty,8,12,group,100.27400207519531,92.98200738428346,33.00192274251467,81.16436120937408,observed support,92.79297207774889
4194,31,uncertainty,8,12,household,0.05299999937415123,0.46473436000066065,0.16181991108228203,0.20165116166652636,first physical ID,0.39164659775788013
