episode,step,method,complete_seconds,cuda_event_ms,provider_summary_seconds,provider_summary_scan_rows,summary_bytes,fine_attempts,fine_valid,fine_bytes,window_cache_bytes,retained_old_fine_cells,expired_fine_cells,source_rereads,groups_rebuilt,separator_rebuilt,detail_bytes,state_bytes,after_eviction_bytes,gpu_peak_bytes,host_peak_bytes,payload_transfer_bytes
calibration_final,0,M0,0.07036405242979527,70.30044555664062,1.561921089887619e-05,4194,717,0,0,0,805248,0,0,0,16,1,0,2365440,2365440,138926592,1442193408,1022214
calibration_final,0,M1,0.07691798824816942,76.85346984863281,1.561921089887619e-05,4194,717,41,41,720,805248,0,0,0,16,1,0,2365440,2365440,138926592,1442193408,1022214
calibration_final,0,M2,0.07663982082158327,76.57708740234375,1.561921089887619e-05,4194,717,209,208,3472,805248,0,0,0,16,1,0,2365440,2365440,138926592,1442193408,1022214
calibration_final,0,M3,0.07401250582188368,73.95552062988281,1.561921089887619e-05,4194,717,209,209,3472,805248,0,0,0,16,1,0,2365440,2365440,140136960,1442979840,1022214
calibration_final,0,M3_fixed,0.07608951441943645,76.032958984375,1.561921089887619e-05,4194,717,209,209,3472,805248,0,0,0,16,1,38651904,41017344,2365440,178721280,1442979840,1022214
calibration_final,0,M4,0.07545466162264347,75.40035247802734,1.561921089887619e-05,4194,717,4194,4167,67232,805248,0,0,0,16,1,0,2365440,2365440,178721280,1442979840,1022214
calibration_final,1,M0,0.07352984137833118,73.4639663696289,1.9810162484645844e-05,4194,717,0,0,0,805248,0,0,0,16,1,0,2365440,2365440,178721280,1444159488,1022214
calibration_final,1,M1,0.07344241254031658,73.38553619384766,1.9810162484645844e-05,4194,717,41,41,720,805248,41,0,0,16,1,0,2365440,2365440,178721280,1444159488,1022214
calibration_final,1,M2,0.07333917263895273,73.2831039428711,1.9810162484645844e-05,4194,717,209,208,3472,805248,208,0,0,16,1,0,2365440,2365440,178721280,1444552704,1022214
calibration_final,1,M3,0.07358600106090307,73.5294418334961,1.9810162484645844e-05,4194,717,209,208,3472,805248,209,0,0,16,1,0,2365440,2365440,178721280,1444552704,1022214
calibration_final,1,M3_fixed,0.07392214797437191,73.8650894165039,1.9810162484645844e-05,4194,717,209,208,3472,805248,209,0,0,16,1,38651904,41017344,2365440,181306880,1444552704,1022214
calibration_final,1,M4,0.07390349917113781,73.84614562988281,1.9810162484645844e-05,4194,717,4194,4167,67232,805248,4167,0,0,16,1,0,2365440,2365440,181306880,1444552704,1022214
calibration_final,2,M0,0.07281946949660778,72.7570571899414,1.9740313291549683e-05,4194,717,0,0,0,805248,0,0,0,16,1,0,2365440,2365440,181306880,1445339136,1022214
calibration_final,2,M1,0.0706945201382041,70.63817596435547,1.9740313291549683e-05,4194,717,41,41,720,805248,82,0,0,16,1,0,2365440,2365440,181306880,1445339136,1022214
calibration_final,2,M2,0.07074926793575287,70.69136047363281,1.9740313291549683e-05,4194,717,209,207,3472,805248,416,0,0,16,1,0,2365440,2365440,181306880,1445339136,1022214
calibration_final,2,M3,0.07144434191286564,71.38713836669922,1.9740313291549683e-05,4194,717,209,208,3472,805248,417,0,0,16,1,0,2365440,2365440,181306880,1445339136,1022214
calibration_final,2,M3_fixed,0.0743250846862793,74.26876831054688,1.9740313291549683e-05,4194,717,209,208,3472,805248,417,0,0,16,1,38651904,41017344,2365440,181306880,1445339136,1022214
calibration_final,2,M4,0.070908366702497,70.85104370117188,1.9740313291549683e-05,4194,717,4194,4168,67232,805248,8334,0,0,16,1,0,2365440,2365440,181306880,1445339136,1022214
calibration_final,3,M0,0.07056218106299639,70.49868774414062,2.057943493127823e-05,4194,717,0,0,0,805248,0,0,0,16,1,0,2365440,2365440,181306880,1446125568,1022214
calibration_final,3,M1,0.07063112873584032,70.57357025146484,2.057943493127823e-05,4194,717,41,41,720,805248,123,0,0,16,1,0,2365440,2365440,181306880,1446125568,1022214
calibration_final,3,M2,0.0720177749171853,71.96047973632812,2.057943493127823e-05,4194,717,209,208,3472,805248,623,0,0,16,1,0,2365440,2365440,181306880,1446125568,1022214
calibration_final,3,M3,0.07513728551566601,75.07584381103516,2.057943493127823e-05,4194,717,209,208,3472,805248,625,0,0,16,1,0,2365440,2365440,181306880,1446518784,1022214
calibration_final,3,M3_fixed,0.07022273261100054,70.1640625,2.057943493127823e-05,4194,717,209,208,3472,805248,625,0,0,16,1,38651904,41017344,2365440,181306880,1446518784,1022214
calibration_final,3,M4,0.07082838751375675,70.77040100097656,2.057943493127823e-05,4194,717,4194,4168,67232,805248,12502,0,0,16,1,0,2365440,2365440,181306880,1446518784,1022214
calibration_final,4,M0,0.07083824835717678,70.77558135986328,2.035032957792282e-05,4194,717,0,0,0,805248,0,0,0,16,1,0,2365440,2365440,181306880,1446518784,1022214
calibration_final,4,M1,0.07373518962413073,73.66925048828125,2.035032957792282e-05,4194,717,41,41,720,805248,164,0,0,16,1,0,2365440,2365440,181306880,1446518784,1022214
calibration_final,4,M2,0.07257500104606152,72.51062774658203,2.035032957792282e-05,4194,717,209,206,3472,805248,831,0,0,16,1,0,2365440,2365440,181306880,1446518784,1022214
calibration_final,4,M3,0.0729852570220828,72.92361450195312,2.035032957792282e-05,4194,717,209,208,3472,805248,833,0,0,16,1,0,2365440,2365440,181306880,1446518784,1022214
calibration_final,4,M3_fixed,0.07615817617624998,76.0997085571289,2.035032957792282e-05,4194,717,209,208,3472,805248,833,0,0,16,1,38651904,41017344,2365440,181306880,1446518784,1022214
calibration_final,4,M4,0.07647678256034851,76.41804504394531,2.035032957792282e-05,4194,717,4194,4168,67232,805248,16670,0,0,16,1,0,2365440,2365440,181306880,1446518784,1022214
calibration_final,5,M0,0.07202505506575108,71.95945739746094,2.0589679479599e-05,4194,717,0,0,0,805248,0,0,0,16,1,0,2365440,2365440,181306880,1446518784,1022214
calibration_final,5,M1,0.07025989331305027,70.19999694824219,2.0589679479599e-05,4194,717,41,41,720,805248,205,0,0,16,1,0,2365440,2365440,181306880,1446518784,1022214
calibration_final,5,M2,0.07116791512817144,71.10588836669922,2.0589679479599e-05,4194,717,209,208,3472,805248,1037,0,0,16,1,0,2365440,2365440,181306880,1446518784,1022214
calibration_final,5,M3,0.07059075031429529,70.52534484863281,2.0589679479599e-05,4194,717,209,208,3472,805248,1041,0,0,16,1,0,2365440,2365440,181306880,1446518784,1022214
calibration_final,5,M3_fixed,0.070350781083107,70.29078674316406,2.0589679479599e-05,4194,717,209,208,3472,805248,1041,0,0,16,1,38651904,41017344,2365440,181371392,1446518784,1022214
calibration_final,5,M4,0.0703902319073677,70.3309097290039,2.0589679479599e-05,4194,717,4194,4168,67232,805248,20838,0,0,16,1,0,2365440,2365440,181371392,1446518784,1022214
calibration_final,6,M0,0.07062730938196182,70.55267333984375,2.0979903638362885e-05,4194,717,0,0,0,805248,0,0,0,16,1,0,2365440,2365440,181371392,1446912000,1022214
calibration_final,6,M1,0.07066254876554012,70.5986557006836,2.0979903638362885e-05,4194,717,41,40,720,805248,246,0,0,16,1,0,2365440,2365440,181371392,1446912000,1022214
calibration_final,6,M2,0.07088057789951563,70.8141098022461,2.0979903638362885e-05,4194,717,209,205,3472,805248,1245,0,0,16,1,0,2365440,2365440,181371392,1446912000,1022214
calibration_final,6,M3,0.07060600072145462,70.54051208496094,2.0979903638362885e-05,4194,717,209,205,3472,805248,1249,0,0,16,1,0,2365440,2365440,181371392,1446912000,1022214
calibration_final,6,M3_fixed,0.06957460939884186,69.51350402832031,2.0979903638362885e-05,4194,717,209,205,3472,805248,1249,0,0,16,1,38651904,41017344,2365440,181389824,1446912000,1022214
calibration_final,6,M4,0.07038248237222433,70.32275390625,2.0979903638362885e-05,4194,717,4194,4168,67232,805248,25006,0,0,16,1,0,2365440,2365440,181389824,1446912000,1022214
calibration_final,7,M0,0.06974709872156382,69.68281555175781,2.0639970898628235e-05,4194,717,0,0,0,805248,0,0,0,16,1,0,2365440,2365440,181389824,1446912000,1022214
calibration_final,7,M1,0.07061903923749924,70.55427551269531,2.0639970898628235e-05,4194,717,41,41,720,805248,286,0,0,16,1,0,2365440,2365440,181389824,1446912000,1022214
calibration_final,7,M2,0.07037671282887459,70.30582427978516,2.0639970898628235e-05,4194,717,209,208,3472,805248,1450,0,0,16,1,0,2365440,2365440,181389824,1446912000,1022214
calibration_final,7,M3,0.0706852488219738,70.62230682373047,2.0639970898628235e-05,4194,717,209,209,3472,805248,1454,0,0,16,1,0,2365440,2365440,181389824,1446912000,1022214
calibration_final,7,M3_fixed,0.06985448766499758,69.79484558105469,2.0639970898628235e-05,4194,717,209,209,3472,805248,1454,0,0,16,1,38651904,41017344,2365440,181389824,1446912000,1022214
calibration_final,7,M4,0.07025202363729477,70.19245147705078,2.0639970898628235e-05,4194,717,4194,4167,67232,805248,29174,0,0,16,1,0,2365440,2365440,181389824,1446912000,1022214
calibration_final,8,M0,0.07273680996149778,72.6646728515625,2.4559907615184784e-05,4194,717,0,0,0,805248,0,0,0,16,1,0,2365440,2365440,181389824,1446912000,1022214
calibration_final,8,M1,0.07118390500545502,71.11186981201172,2.4559907615184784e-05,4194,717,41,41,720,805248,327,0,0,16,1,0,2365440,2365440,181389824,1446912000,1022214
calibration_final,8,M2,0.07090277783572674,70.83353424072266,2.4559907615184784e-05,4194,717,209,208,3472,805248,1658,0,0,16,1,0,2365440,2365440,181389824,1447305216,1022214
calibration_final,8,M3,0.07041304185986519,70.34819030761719,2.4559907615184784e-05,4194,717,209,204,3472,805248,1663,0,0,16,1,0,2365440,2365440,181389824,1447305216,1022214
calibration_final,8,M3_fixed,0.07004315592348576,69.97955322265625,2.4559907615184784e-05,4194,717,209,204,3472,805248,1663,0,0,16,1,38651904,41017344,2365440,181389824,1447305216,1022214
calibration_final,8,M4,0.07048222050070763,70.41590118408203,2.4559907615184784e-05,4194,717,4194,4168,67232,805248,33341,0,0,16,1,0,2365440,2365440,181389824,1447305216,1022214
calibration_final,9,M0,0.07032679114490747,70.25762939453125,2.03792005777359e-05,4194,717,0,0,0,805248,0,0,0,16,1,0,2365440,2365440,181389824,1447305216,1022214
calibration_final,9,M1,0.07035749219357967,70.29183959960938,2.03792005777359e-05,4194,717,41,41,720,805248,368,0,0,16,1,0,2365440,2365440,181389824,1447305216,1022214
calibration_final,9,M2,0.07076018769294024,70.70066833496094,2.03792005777359e-05,4194,717,209,207,3472,805248,1866,0,0,16,1,0,2365440,2365440,181389824,1447305216,1022214
calibration_final,9,M3,0.07230272237211466,72.24336242675781,2.03792005777359e-05,4194,717,209,208,3472,805248,1867,0,0,16,1,0,2365440,2365440,181389824,1447305216,1022214
calibration_final,9,M3_fixed,0.06990571692585945,69.8463363647461,2.03792005777359e-05,4194,717,209,208,3472,805248,1867,0,0,16,1,38651904,41017344,2365440,181389824,1447305216,1022214
calibration_final,9,M4,0.07080095820128918,70.7284164428711,2.03792005777359e-05,4194,717,4194,4168,67232,805248,37509,0,0,16,1,0,2365440,2365440,181389824,1447305216,1022214
calibration_final,10,M0,0.07514859549701214,75.05878448486328,2.171006053686142e-05,4194,717,0,0,0,805248,0,0,0,16,1,0,2365440,2365440,181389824,1447305216,1022214
calibration_final,10,M1,0.07040485180914402,70.3410873413086,2.171006053686142e-05,4194,717,41,40,720,805248,409,0,0,16,1,0,2365440,2365440,181389824,1447305216,1022214
calibration_final,10,M2,0.07005748618394136,69.99657440185547,2.171006053686142e-05,4194,717,209,206,3472,805248,2073,0,0,16,1,0,2365440,2365440,181389824,1447305216,1022214
calibration_final,10,M3,0.07036251202225685,70.30178833007812,2.171006053686142e-05,4194,717,209,208,3472,805248,2075,0,0,16,1,0,2365440,2365440,181389824,1447305216,1022214
calibration_final,10,M3_fixed,0.07003352604806423,69.97261047363281,2.171006053686142e-05,4194,717,209,208,3472,805248,2075,0,0,16,1,38651904,41017344,2365440,181389824,1447305216,1022214
calibration_final,10,M4,0.07080330792814493,70.73894500732422,2.171006053686142e-05,4194,717,4194,4168,67232,805248,41677,0,0,16,1,0,2365440,2365440,181389824,1447698432,1022214
calibration_final,11,M0,0.07193839736282825,71.86685180664062,2.1510757505893707e-05,4194,717,0,0,0,805248,0,0,0,16,1,0,2365440,2365440,181389824,1447698432,1022214
calibration_final,11,M1,0.07021117489784956,70.1502685546875,2.1510757505893707e-05,4194,717,41,41,720,805248,449,0,0,16,1,0,2365440,2365440,181389824,1447698432,1022214
calibration_final,11,M2,0.0704200528562069,70.35948944091797,2.1510757505893707e-05,4194,717,209,209,3472,805248,2279,0,0,16,1,0,2365440,2365440,181389824,1447698432,1022214
calibration_final,11,M3,0.07043172232806683,70.37094116210938,2.1510757505893707e-05,4194,717,209,208,3472,805248,2283,0,0,16,1,0,2365440,2365440,181389824,1447698432,1022214
calibration_final,11,M3_fixed,0.07053793221712112,70.47366333007812,2.1510757505893707e-05,4194,717,209,208,3472,805248,2283,0,0,16,1,38651904,41017344,2365440,181389824,1447698432,1022214
calibration_final,11,M4,0.070777109824121,70.71033477783203,2.1510757505893707e-05,4194,717,4194,4168,67232,805248,45845,0,0,16,1,0,2365440,2365440,181389824,1447698432,1022214
calibration_final,12,M0,0.07021867390722036,70.14800262451172,2.1260231733322144e-05,4194,717,0,0,0,805248,0,0,0,16,1,0,2365440,2365440,181389824,1447698432,1022214
calibration_final,12,M1,0.07020581513643265,70.13980865478516,2.1260231733322144e-05,4194,717,41,41,720,805248,490,0,0,16,1,0,2365440,2365440,181389824,1447698432,1022214
calibration_final,12,M2,0.07405879721045494,73.99820709228516,2.1260231733322144e-05,4194,717,209,207,3472,805248,2488,0,0,16,1,0,2365440,2365440,181389824,1447698432,1022214
calibration_final,12,M3,0.07065740041434765,70.59292602539062,2.1260231733322144e-05,4194,717,209,209,3472,805248,2491,0,0,16,1,0,2365440,2365440,181389824,1447698432,1022214
calibration_final,12,M3_fixed,0.07136420346796513,71.29052734375,2.1260231733322144e-05,4194,717,209,209,3472,805248,2491,0,0,16,1,38651904,41017344,2365440,181389824,1447698432,1022214
calibration_final,12,M4,0.07046944182366133,70.40428924560547,2.1260231733322144e-05,4194,717,4194,4168,67232,805248,50013,0,0,16,1,0,2365440,2365440,181389824,1447698432,1022214
calibration_final,13,M0,0.07438323367387056,74.31378936767578,2.0780600607395172e-05,4194,717,0,0,0,805248,0,0,0,16,1,0,2365440,2365440,181389824,1447698432,1022214
calibration_final,13,M1,0.07038551196455956,70.32406616210938,2.0780600607395172e-05,4194,717,41,41,720,805248,531,0,0,16,1,0,2365440,2365440,181389824,1447698432,1022214
calibration_final,13,M2,0.07051912229508162,70.45779418945312,2.0780600607395172e-05,4194,717,209,208,3472,805248,2695,0,0,16,1,0,2365440,2365440,181389824,1447698432,1022214
calibration_final,13,M3,0.07108854595571756,71.02403259277344,2.0780600607395172e-05,4194,717,209,207,3472,805248,2700,0,0,16,1,0,2365440,2365440,181389824,1448091648,1022214
calibration_final,13,M3_fixed,0.069985656067729,69.92121887207031,2.0780600607395172e-05,4194,717,209,207,3472,805248,2700,0,0,16,1,38651904,41017344,2365440,181389824,1448091648,1022214
calibration_final,13,M4,0.07060400117188692,70.54150390625,2.0780600607395172e-05,4194,717,4194,4168,67232,805248,54181,0,0,16,1,0,2365440,2365440,181389824,1448091648,1022214
calibration_final,14,M0,0.07017300557345152,70.10633850097656,2.076011151075363e-05,4194,717,0,0,0,805248,0,0,0,16,1,0,2365440,2365440,181389824,1448091648,1022214
calibration_final,14,M1,0.0724687222391367,72.40652465820312,2.076011151075363e-05,4194,717,41,41,720,805248,572,0,0,16,1,0,2365440,2365440,181389824,1448091648,1022214
calibration_final,14,M2,0.07108603604137897,71.01958465576172,2.076011151075363e-05,4194,717,209,208,3472,805248,2903,0,0,16,1,0,2365440,2365440,181389824,1448091648,1022214
calibration_final,14,M3,0.07871825154870749,78.64784240722656,2.076011151075363e-05,4194,717,209,207,3472,805248,2907,0,0,16,1,0,2365440,2365440,181389824,1448091648,1022214
calibration_final,14,M3_fixed,0.07379206921905279,73.7267837524414,2.076011151075363e-05,4194,717,209,207,3472,805248,2907,0,0,16,1,38651904,41017344,2365440,181389824,1448091648,1022214
calibration_final,14,M4,0.07486983761191368,74.80604553222656,2.076011151075363e-05,4194,717,4194,4168,67232,805248,58349,0,0,16,1,0,2365440,2365440,181389824,1448091648,1022214
calibration_final,15,M0,0.07110165618360043,71.03533172607422,2.1600164473056793e-05,4194,717,0,0,0,805248,0,0,0,16,1,0,2365440,2365440,181389824,1448091648,1022214
calibration_final,15,M1,0.07376779988408089,73.70294189453125,2.1600164473056793e-05,4194,717,41,40,720,805248,613,0,0,16,1,0,2365440,2365440,181389824,1448091648,1022214
calibration_final,15,M2,0.07436560373753309,74.30076599121094,2.1600164473056793e-05,4194,717,209,207,3472,805248,3111,0,0,16,1,0,2365440,2365440,181389824,1448091648,1022214
calibration_final,15,M3,0.0704508125782013,70.38726043701172,2.1600164473056793e-05,4194,717,209,206,3472,805248,3114,0,0,16,1,0,2365440,2365440,181389824,1448091648,1022214
calibration_final,15,M3_fixed,0.0699994470924139,69.93795013427734,2.1600164473056793e-05,4194,717,209,206,3472,805248,3114,0,0,16,1,38651904,41017344,2365440,181389824,1448091648,1022214
calibration_final,15,M4,0.07055248040705919,70.49008178710938,2.1600164473056793e-05,4194,717,4194,4168,67232,805248,62517,0,0,16,1,0,2365440,2365440,181389824,1448091648,1022214
calibration_final,16,M0,0.07009471580386162,70.02806091308594,2.0709820091724396e-05,4194,717,0,0,0,805248,0,0,0,16,1,0,2365440,2365440,181389824,1448091648,1022214
calibration_final,16,M1,0.07035873178392649,70.29430389404297,2.0709820091724396e-05,4194,717,41,41,720,805248,653,0,0,16,1,0,2365440,2365440,181389824,1448091648,1022214
calibration_final,16,M2,0.07047579158097506,70.4065933227539,2.0709820091724396e-05,4194,717,209,207,3472,805248,3318,0,0,16,1,0,2365440,2365440,181389824,1448091648,1022214
calibration_final,16,M3,0.07321992516517639,73.15542602539062,2.0709820091724396e-05,4194,717,209,209,3472,805248,3320,0,0,16,1,0,2365440,2365440,181389824,1448091648,1022214
calibration_final,16,M3_fixed,0.070072784088552,70.01203155517578,2.0709820091724396e-05,4194,717,209,209,3472,805248,3320,0,0,16,1,38651904,41017344,2365440,181389824,1448091648,1022214
calibration_final,16,M4,0.07023775298148394,70.17833709716797,2.0709820091724396e-05,4194,717,4194,4168,67232,805248,66685,0,0,16,1,0,2365440,2365440,181389824,1448091648,1022214
calibration_final,17,M0,0.07047977112233639,70.40940856933594,2.0679086446762085e-05,4194,717,0,0,0,805248,0,0,0,16,1,0,2365440,2365440,181389824,1448091648,1022214
calibration_final,17,M1,0.07025729306042194,70.19347381591797,2.0679086446762085e-05,4194,717,41,41,720,805248,694,0,0,16,1,0,2365440,2365440,181389824,1448091648,1022214
calibration_final,17,M2,0.07081904821097851,70.75641632080078,2.0679086446762085e-05,4194,717,209,208,3472,805248,3525,0,0,16,1,0,2365440,2365440,181389824,1448091648,1022214
calibration_final,17,M3,0.07058550883084536,70.52467346191406,2.0679086446762085e-05,4194,717,209,209,3472,805248,3529,0,0,16,1,0,2365440,2365440,181389824,1448091648,1022214
calibration_final,17,M3_fixed,0.07009938452392817,70.04025268554688,2.0679086446762085e-05,4194,717,209,209,3472,805248,3529,0,0,16,1,38651904,41017344,2365440,181389824,1448091648,1022214
calibration_final,17,M4,0.07056554034352303,70.5027847290039,2.0679086446762085e-05,4194,717,4194,4167,67232,805248,70853,0,0,16,1,0,2365440,2365440,181389824,1448091648,1022214
calibration_final,18,M0,0.07043300289660692,70.36109161376953,2.169981598854065e-05,4194,717,0,0,0,805248,0,0,0,16,1,0,2365440,2365440,181389824,1448091648,1022214
calibration_final,18,M1,0.0703602721914649,70.29484558105469,2.169981598854065e-05,4194,717,41,41,720,805248,735,0,0,16,1,0,2365440,2365440,181389824,1448091648,1022214
calibration_final,18,M2,0.07042209338396788,70.35469055175781,2.169981598854065e-05,4194,717,209,207,3472,805248,3733,0,0,16,1,0,2365440,2365440,181389824,1448484864,1022214
calibration_final,18,M3,0.07069841958582401,70.63488006591797,2.169981598854065e-05,4194,717,209,208,3472,805248,3738,0,0,16,1,0,2365440,2365440,181389824,1448484864,1022214
calibration_final,18,M3_fixed,0.06972770858556032,69.66223907470703,2.169981598854065e-05,4194,717,209,208,3472,805248,3738,0,0,16,1,38651904,41017344,2365440,181389824,1448484864,1022214
calibration_final,18,M4,0.07072909828275442,70.66438293457031,2.169981598854065e-05,4194,717,4194,4168,67232,805248,75020,0,0,16,1,0,2365440,2365440,181389824,1448484864,1022214
calibration_final,19,M0,0.06996800657361746,69.8944320678711,2.101995050907135e-05,4194,717,0,0,0,805248,0,0,0,16,1,0,2365440,2365440,181389824,1448484864,1022214
calibration_final,19,M1,0.07026548311114311,70.20377349853516,2.101995050907135e-05,4194,717,41,41,720,805248,776,0,0,16,1,0,2365440,2365440,181389824,1448484864,1022214
calibration_final,19,M2,0.07054416090250015,70.48477172851562,2.101995050907135e-05,4194,717,209,205,3472,805248,3940,0,0,16,1,0,2365440,2365440,181389824,1448484864,1022214
calibration_final,19,M3,0.07037811353802681,70.31836700439453,2.101995050907135e-05,4194,717,209,209,3472,805248,3946,0,0,16,1,0,2365440,2365440,181389824,1448484864,1022214
calibration_final,19,M3_fixed,0.06994885765016079,69.88601684570312,2.101995050907135e-05,4194,717,209,209,3472,805248,3946,0,0,16,1,38651904,41017344,2365440,181389824,1448484864,1022214
calibration_final,19,M4,0.07303296681493521,72.9636459350586,2.101995050907135e-05,4194,717,4194,4168,67232,805248,79188,0,0,16,1,0,2365440,2365440,181389824,1448484864,1022214
calibration_final,20,M0,0.07016148325055838,70.08719635009766,2.1199695765972137e-05,4194,717,0,0,0,805248,0,0,0,16,1,0,2365440,2365440,181389824,1448484864,1022214
calibration_final,20,M1,0.07029284257441759,70.23101043701172,2.1199695765972137e-05,4194,717,41,40,720,805248,817,0,0,16,1,0,2365440,2365440,181389824,1448484864,1022214
calibration_final,20,M2,0.07085064798593521,70.78985595703125,2.1199695765972137e-05,4194,717,209,206,3472,805248,4145,0,0,16,1,0,2365440,2365440,181389824,1448484864,1022214
calibration_final,20,M3,0.07051942031830549,70.45651245117188,2.1199695765972137e-05,4194,717,209,207,3472,805248,4155,0,0,16,1,0,2365440,2365440,181389824,1448484864,1022214
calibration_final,20,M3_fixed,0.0707130590453744,70.64969635009766,2.1199695765972137e-05,4194,717,209,207,3472,805248,4155,0,0,16,1,38651904,41017344,2365440,181389824,1448484864,1022214
calibration_final,20,M4,0.0703122429549694,70.2410888671875,2.1199695765972137e-05,4194,717,4194,4168,67232,805248,83356,0,0,16,1,0,2365440,2365440,181389824,1448878080,1022214
calibration_final,21,M0,0.07022617384791374,70.15376281738281,2.1639280021190643e-05,4194,717,0,0,0,805248,0,0,0,16,1,0,2365440,2365440,181389824,1448878080,1022214
calibration_final,21,M1,0.0700673246756196,70.00109100341797,2.1639280021190643e-05,4194,717,41,41,720,805248,857,0,0,16,1,0,2365440,2365440,181389824,1448878080,1022214
calibration_final,21,M2,0.07043126132339239,70.36943817138672,2.1639280021190643e-05,4194,717,209,207,3472,805248,4351,0,0,16,1,0,2365440,2365440,181389824,1448878080,1022214
calibration_final,21,M3,0.07044669054448605,70.37798309326172,2.1639280021190643e-05,4194,717,209,208,3472,805248,4362,0,0,16,1,0,2365440,2365440,181389824,1448878080,1022214
calibration_final,21,M3_fixed,0.07054533995687962,70.47376251220703,2.1639280021190643e-05,4194,717,209,208,3472,805248,4362,0,0,16,1,38651904,41017344,2365440,181389824,1448878080,1022214
calibration_final,21,M4,0.07258981000632048,72.5192642211914,2.1639280021190643e-05,4194,717,4194,4168,67232,805248,87524,0,0,16,1,0,2365440,2365440,181389824,1448878080,1022214
calibration_final,22,M0,0.06973996851593256,69.67359924316406,2.0720064640045166e-05,4194,717,0,0,0,805248,0,0,0,16,1,0,2365440,2365440,181389824,1448878080,1022214
calibration_final,22,M1,0.0704711927101016,70.41027069091797,2.0720064640045166e-05,4194,717,41,40,720,805248,898,0,0,16,1,0,2365440,2365440,181389824,1448878080,1022214
calibration_final,22,M2,0.07149252202361822,71.42822265625,2.0720064640045166e-05,4194,717,209,208,3472,805248,4558,0,0,16,1,0,2365440,2365440,181389824,1448878080,1022214
calibration_final,22,M3,0.07124531269073486,71.17385864257812,2.0720064640045166e-05,4194,717,209,208,3472,805248,4570,0,0,16,1,0,2365440,2365440,181389824,1448878080,1022214
calibration_final,22,M3_fixed,0.07008649501949549,70.02617645263672,2.0720064640045166e-05,4194,717,209,208,3472,805248,4570,0,0,16,1,38651904,41017344,2365440,181389824,1449271296,1022214
calibration_final,22,M4,0.07044848054647446,70.388671875,2.0720064640045166e-05,4194,717,4194,4168,67232,805248,91692,0,0,16,1,0,2365440,2365440,181389824,1449271296,1022214
calibration_final,23,M0,0.07063437066972256,70.5640640258789,2.0650215446949005e-05,4194,717,0,0,0,805248,0,0,0,16,1,0,2365440,2365440,181389824,1449271296,1022214
calibration_final,23,M1,0.07041768170893192,70.35072326660156,2.0650215446949005e-05,4194,717,41,41,720,805248,938,0,0,16,1,0,2365440,2365440,181389824,1449271296,1022214
calibration_final,23,M2,0.07107887603342533,71.01663970947266,2.0650215446949005e-05,4194,717,209,209,3472,805248,4766,0,0,16,1,0,2365440,2365440,181389824,1449271296,1022214
calibration_final,23,M3,0.07080335821956396,70.74444580078125,2.0650215446949005e-05,4194,717,209,207,3472,805248,4778,0,0,16,1,0,2365440,2365440,181389824,1449271296,1022214
calibration_final,23,M3_fixed,0.07056277059018612,70.49811553955078,2.0650215446949005e-05,4194,717,209,207,3472,805248,4778,0,0,16,1,38651904,41017344,2365440,181389824,1449271296,1022214
calibration_final,23,M4,0.07035403326153755,70.28995513916016,2.0650215446949005e-05,4194,717,4194,4168,67232,805248,95860,0,0,16,1,0,2365440,2365440,181389824,1449664512,1022214
calibration_final,24,M0,0.0703423423692584,70.27180480957031,2.1789222955703735e-05,4194,717,0,0,0,805248,0,0,0,16,1,0,2365440,2365440,181389824,1449664512,1022214
calibration_final,24,M1,0.07060077972710133,70.534912109375,2.1789222955703735e-05,4194,717,41,41,720,805248,938,41,0,16,1,0,2365440,2365440,181389824,1449664512,1022214
calibration_final,24,M2,0.07045182026922703,70.3853759765625,2.1789222955703735e-05,4194,717,209,207,3472,805248,4767,208,0,16,1,0,2365440,2365440,181389824,1449664512,1022214
calibration_final,24,M3,0.0708885658532381,70.821533203125,2.1789222955703735e-05,4194,717,209,209,3472,805248,4776,209,0,16,1,0,2365440,2365440,181389824,1449664512,1022214
calibration_final,24,M3_fixed,0.07035516202449799,70.28591918945312,2.1789222955703735e-05,4194,717,209,209,3472,805248,4776,209,0,16,1,38651904,41017344,2365440,181389824,1449664512,1022214
calibration_final,24,M4,0.07043438125401735,70.37110137939453,2.1789222955703735e-05,4194,717,4194,4168,67232,805248,95861,4167,0,16,1,0,2365440,2365440,181389824,1449664512,1022214
calibration_final,25,M0,0.07006261590868235,69.98639678955078,2.0810402929782867e-05,4194,717,0,0,0,805248,0,0,0,16,1,0,2365440,2365440,181389824,1450057728,1022214
calibration_final,25,M1,0.07028855290263891,70.223388671875,2.0810402929782867e-05,4194,717,41,41,720,805248,938,41,0,16,1,0,2365440,2365440,181389824,1450057728,1022214
calibration_final,25,M2,0.0706782890483737,70.61286163330078,2.0810402929782867e-05,4194,717,209,209,3472,805248,4766,208,0,16,1,0,2365440,2365440,181389824,1450057728,1022214
calibration_final,25,M3,0.07060100045055151,70.53622436523438,2.0810402929782867e-05,4194,717,209,209,3472,805248,4777,208,0,16,1,0,2365440,2365440,181389824,1450057728,1022214
calibration_final,25,M3_fixed,0.07016433402895927,70.10313415527344,2.0810402929782867e-05,4194,717,209,209,3472,805248,4777,208,0,16,1,38651904,41017344,2365440,181389824,1450450944,1022214
calibration_final,25,M4,0.07054638117551804,70.48194885253906,2.0810402929782867e-05,4194,717,4194,4168,67232,805248,95862,4167,0,16,1,0,2365440,2365440,181389824,1450450944,1022214
calibration_final,26,M0,0.0704475911334157,70.37459564208984,2.1369196474552155e-05,4194,717,0,0,0,805248,0,0,0,16,1,0,2365440,2365440,181389824,1450450944,1022214
calibration_final,26,M1,0.07059061899781227,70.52528381347656,2.1369196474552155e-05,4194,717,41,39,720,805248,938,41,0,16,1,0,2365440,2365440,181389824,1450450944,1022214
calibration_final,26,M2,0.07099755480885506,70.93126678466797,2.1369196474552155e-05,4194,717,209,206,3472,805248,4768,207,0,16,1,0,2365440,2365440,181389824,1450450944,1022214
calibration_final,26,M3,0.07061313930898905,70.5508804321289,2.1369196474552155e-05,4194,717,209,206,3472,805248,4778,208,0,16,1,0,2365440,2365440,181389824,1450450944,1022214
calibration_final,26,M3_fixed,0.07034377194941044,70.27238464355469,2.1369196474552155e-05,4194,717,209,206,3472,805248,4778,208,0,16,1,38651904,41017344,2365440,181389824,1450450944,1022214
calibration_final,26,M4,0.07106077577918768,70.98812866210938,2.1369196474552155e-05,4194,717,4194,4168,67232,805248,95862,4168,0,16,1,0,2365440,2365440,181389824,1450450944,1022214
calibration_final,27,M0,0.07495898753404617,74.88365173339844,2.1920539438724518e-05,4194,717,0,0,0,805248,0,0,0,16,1,0,2365440,2365440,181389824,1450450944,1022214
calibration_final,27,M1,0.07005185633897781,69.98716735839844,2.1920539438724518e-05,4194,717,41,40,720,805248,936,41,0,16,1,0,2365440,2365440,181389824,1450450944,1022214
calibration_final,27,M2,0.07219516579061747,72.12921905517578,2.1920539438724518e-05,4194,717,209,207,3472,805248,4766,208,0,16,1,0,2365440,2365440,181389824,1450450944,1022214
calibration_final,27,M3,0.07460685167461634,74.53609466552734,2.1920539438724518e-05,4194,717,209,207,3472,805248,4776,208,0,16,1,0,2365440,2365440,181389824,1450450944,1022214
calibration_final,27,M3_fixed,0.07252391241490841,72.45817565917969,2.1920539438724518e-05,4194,717,209,207,3472,805248,4776,208,0,16,1,38651904,41017344,2365440,181463552,1450844160,1022214
calibration_final,27,M4,0.07396215852349997,73.89564514160156,2.1920539438724518e-05,4194,717,4194,4168,67232,805248,95862,4168,0,16,1,0,2365440,2365440,181463552,1450844160,1022214
calibration_final,28,M0,0.07426199410110712,74.18048095703125,2.0330771803855896e-05,4194,717,0,0,0,805248,0,0,0,16,1,0,2365440,2365440,181463552,1450844160,1022214
calibration_final,28,M1,0.07245358265936375,72.38272094726562,2.0330771803855896e-05,4194,717,41,41,720,805248,935,41,0,16,1,0,2365440,2365440,181463552,1450844160,1022214
calibration_final,28,M2,0.07109998539090157,71.02365112304688,2.0330771803855896e-05,4194,717,209,208,3472,805248,4767,206,0,16,1,0,2365440,2365440,181463552,1450844160,1022214
calibration_final,28,M3,0.07077215891331434,70.70313262939453,2.0330771803855896e-05,4194,717,209,208,3472,805248,4775,208,0,16,1,0,2365440,2365440,181463552,1450844160,1022214
calibration_final,28,M3_fixed,0.07267413102090359,72.60214233398438,2.0330771803855896e-05,4194,717,209,208,3472,805248,4775,208,0,16,1,38651904,41017344,2365440,181463552,1450844160,1022214
calibration_final,28,M4,0.07147811260074377,71.40438079833984,2.0330771803855896e-05,4194,717,4194,4168,67232,805248,95862,4168,0,16,1,0,2365440,2365440,181463552,1450844160,1022214
calibration_final,29,M0,0.06991541665047407,69.83926391601562,2.0639970898628235e-05,4194,717,0,0,0,805248,0,0,0,16,1,0,2365440,2365440,181463552,1450844160,1022214
calibration_final,29,M1,0.07763796113431454,77.54774475097656,2.0639970898628235e-05,4194,717,41,41,720,805248,935,41,0,16,1,0,2365440,2365440,181463552,1450844160,1022214
calibration_final,29,M2,0.07322053518146276,73.1502685546875,2.0639970898628235e-05,4194,717,209,208,3472,805248,4767,208,0,16,1,0,2365440,2365440,181463552,1450844160,1022214
calibration_final,29,M3,0.07452177163213491,74.45398712158203,2.0639970898628235e-05,4194,717,209,208,3472,805248,4775,208,0,16,1,0,2365440,2365440,181463552,1450844160,1022214
calibration_final,29,M3_fixed,0.07191783655434847,71.8482894897461,2.0639970898628235e-05,4194,717,209,208,3472,805248,4775,208,0,16,1,38651904,41017344,2365440,181463552,1450844160,1022214
calibration_final,29,M4,0.08328380528837442,83.21507263183594,2.0639970898628235e-05,4194,717,4194,4168,67232,805248,95862,4168,0,16,1,0,2365440,2365440,181463552,1451237376,1022214
calibration_final,30,M0,0.06994944717735052,69.878173828125,2.0789913833141327e-05,4194,717,0,0,0,805248,0,0,0,16,1,0,2365440,2365440,181463552,1451237376,1022214
calibration_final,30,M1,0.07036580238491297,70.30435180664062,2.0789913833141327e-05,4194,717,41,41,720,805248,936,40,0,16,1,0,2365440,2365440,181463552,1451237376,1022214
calibration_final,30,M2,0.07044199295341969,70.38253021240234,2.0789913833141327e-05,4194,717,209,209,3472,805248,4770,205,0,16,1,0,2365440,2365440,181463552,1451237376,1022214
calibration_final,30,M3,0.0707395588979125,70.67996978759766,2.0789913833141327e-05,4194,717,209,208,3472,805248,4778,205,0,16,1,0,2365440,2365440,181463552,1451237376,1022214
calibration_final,30,M3_fixed,0.06973195914179087,69.66780853271484,2.0789913833141327e-05,4194,717,209,208,3472,805248,4778,205,0,16,1,38651904,41017344,2365440,181463552,1451237376,1022214
calibration_final,30,M4,0.07038181181997061,70.32288360595703,2.0789913833141327e-05,4194,717,4194,4168,67232,805248,95862,4168,0,16,1,0,2365440,2365440,181463552,1451237376,1022214
calibration_final,31,M0,0.06989783700555563,69.83641815185547,1.909025013446808e-05,4194,717,0,0,0,805248,0,0,0,16,1,0,2365440,2365440,181463552,1451237376,1022214
calibration_final,31,M1,0.07028205413371325,70.22611236572266,1.909025013446808e-05,4194,717,41,41,720,805248,936,41,0,16,1,0,2365440,2365440,181463552,1451237376,1022214
calibration_final,31,M2,0.06999277602881193,69.93689727783203,1.909025013446808e-05,4194,717,209,207,3472,805248,4771,208,0,16,1,0,2365440,2365440,181463552,1451237376,1022214
calibration_final,31,M3,0.07056406140327454,70.50653076171875,1.909025013446808e-05,4194,717,209,206,3472,805248,4777,209,0,16,1,0,2365440,2365440,181463552,1451237376,1022214
calibration_final,31,M3_fixed,0.07032902259379625,70.27113342285156,1.909025013446808e-05,4194,717,209,206,3472,805248,4777,209,0,16,1,38651904,41017344,2365440,181463552,1451237376,1022214
calibration_final,31,M4,0.07051110174506903,70.45414733886719,1.909025013446808e-05,4194,717,4194,4167,67232,805248,95863,4167,0,16,1,0,2365440,2365440,181463552,1451237376,1022214
calibration_final,32,M0,0.06992327701300383,69.8605728149414,1.9759871065616608e-05,4194,717,0,0,0,805248,0,0,0,16,1,0,2365440,2365440,181463552,1451237376,1022214
calibration_final,32,M1,0.07020723354071379,70.14924621582031,1.9759871065616608e-05,4194,717,41,41,720,805248,936,41,0,16,1,0,2365440,2365440,181463552,1451630592,1022214
calibration_final,32,M2,0.07110584527254105,71.04914855957031,1.9759871065616608e-05,4194,717,209,208,3472,805248,4770,208,0,16,1,0,2365440,2365440,181463552,1451630592,1022214
calibration_final,32,M3,0.0705886110663414,70.53059387207031,1.9759871065616608e-05,4194,717,209,207,3472,805248,4779,204,0,16,1,0,2365440,2365440,181463552,1451630592,1022214
calibration_final,32,M3_fixed,0.06994474679231644,69.88790130615234,1.9759871065616608e-05,4194,717,209,207,3472,805248,4779,204,0,16,1,38651904,41017344,2365440,181463552,1451630592,1022214
calibration_final,32,M4,0.07051331084221601,70.45670318603516,1.9759871065616608e-05,4194,717,4194,4168,67232,805248,95862,4168,0,16,1,0,2365440,2365440,181463552,1451630592,1022214
calibration_final,33,M0,0.07017964497208595,70.1176986694336,1.959037035703659e-05,4194,717,0,0,0,805248,0,0,0,16,1,0,2365440,2365440,181463552,1452023808,1022214
calibration_final,33,M1,0.07040741201490164,70.3505630493164,1.959037035703659e-05,4194,717,41,39,720,805248,936,41,0,16,1,0,2365440,2365440,181463552,1452023808,1022214
calibration_final,33,M2,0.07035275176167488,70.2957763671875,1.959037035703659e-05,4194,717,209,206,3472,805248,4771,207,0,16,1,0,2365440,2365440,181463552,1452023808,1022214
calibration_final,33,M3,0.07045404240489006,70.39753723144531,1.959037035703659e-05,4194,717,209,203,3472,805248,4778,208,0,16,1,0,2365440,2365440,181463552,1452023808,1022214
calibration_final,33,M3_fixed,0.07002805639058352,69.97090911865234,1.959037035703659e-05,4194,717,209,203,3472,805248,4778,208,0,16,1,38651904,41017344,2365440,181463552,1452023808,1022214
calibration_final,33,M4,0.07029050402343273,70.22978973388672,1.959037035703659e-05,4194,717,4194,4168,67232,805248,95862,4168,0,16,1,0,2365440,2365440,181463552,1452023808,1022214
calibration_final,34,M0,0.07245336193591356,72.37478637695312,2.2609718143939972e-05,4194,717,0,0,0,805248,0,0,0,16,1,0,2365440,2365440,181463552,1452023808,1022214
calibration_final,34,M1,0.07144936174154282,71.3842544555664,2.2609718143939972e-05,4194,717,41,41,720,805248,935,40,0,16,1,0,2365440,2365440,181463552,1452023808,1022214
calibration_final,34,M2,0.07326395437121391,73.20063781738281,2.2609718143939972e-05,4194,717,209,208,3472,805248,4771,206,0,16,1,0,2365440,2365440,181463552,1452023808,1022214
calibration_final,34,M3,0.07362924050539732,73.56893157958984,2.2609718143939972e-05,4194,717,209,208,3472,805248,4773,208,0,16,1,0,2365440,2365440,181463552,1452023808,1022214
calibration_final,34,M3_fixed,0.07353299204260111,73.47270202636719,2.2609718143939972e-05,4194,717,209,208,3472,805248,4773,208,0,16,1,38651904,41017344,2365440,181463552,1452023808,1022214
calibration_final,34,M4,0.07162832003086805,71.56690979003906,2.2609718143939972e-05,4194,717,4194,4168,67232,805248,95862,4168,0,16,1,0,2365440,2365440,181463552,1452023808,1022214
calibration_final,35,M0,0.06992862746119499,69.86531066894531,2.0430423319339752e-05,4194,717,0,0,0,805248,0,0,0,16,1,0,2365440,2365440,181463552,1452023808,1022214
calibration_final,35,M1,0.0721926148980856,72.13362884521484,2.0430423319339752e-05,4194,717,41,39,720,805248,935,41,0,16,1,0,2365440,2365440,181463552,1452023808,1022214
calibration_final,35,M2,0.07117489445954561,71.11695861816406,2.0430423319339752e-05,4194,717,209,206,3472,805248,4770,209,0,16,1,0,2365440,2365440,181463552,1452023808,1022214
calibration_final,35,M3,0.07346038334071636,73.40374755859375,2.0430423319339752e-05,4194,717,209,207,3472,805248,4773,208,0,16,1,0,2365440,2365440,181463552,1452023808,1022214
calibration_final,35,M3_fixed,0.07017142605036497,70.11424255371094,2.0430423319339752e-05,4194,717,209,207,3472,805248,4773,208,0,16,1,38651904,41017344,2365440,181463552,1452417024,1022214
calibration_final,35,M4,0.07241717167198658,72.35868835449219,2.0430423319339752e-05,4194,717,4194,4168,67232,805248,95862,4168,0,16,1,0,2365440,2365440,181463552,1452417024,1022214
calibration_final,36,M0,0.07044627238065004,70.38531494140625,1.925043761730194e-05,4194,717,0,0,0,805248,0,0,0,16,1,0,2365440,2365440,181463552,1452417024,1022214
calibration_final,36,M1,0.07377403974533081,73.71174621582031,1.925043761730194e-05,4194,717,41,40,720,805248,933,41,0,16,1,0,2365440,2365440,181463552,1452417024,1022214
calibration_final,36,M2,0.07351025193929672,73.45289611816406,1.925043761730194e-05,4194,717,209,207,3472,805248,4769,207,0,16,1,0,2365440,2365440,181463552,1452417024,1022214
calibration_final,36,M3,0.0704261027276516,70.36870574951172,1.925043761730194e-05,4194,717,209,207,3472,805248,4771,209,0,16,1,0,2365440,2365440,181463552,1452417024,1022214
calibration_final,36,M3_fixed,0.06994751747697592,69.89059448242188,1.925043761730194e-05,4194,717,209,207,3472,805248,4771,209,0,16,1,38651904,41017344,2365440,181463552,1452417024,1022214
calibration_final,36,M4,0.07030664477497339,70.24915313720703,1.925043761730194e-05,4194,717,4194,4168,67232,805248,95862,4168,0,16,1,0,2365440,2365440,181463552,1452417024,1022214
calibration_final,37,M0,0.07022836431860924,70.16643524169922,1.992005854845047e-05,4194,717,0,0,0,805248,0,0,0,16,1,0,2365440,2365440,181463552,1452417024,1022214
calibration_final,37,M1,0.07033187337219715,70.27484893798828,1.992005854845047e-05,4194,717,41,40,720,805248,932,41,0,16,1,0,2365440,2365440,181463552,1452417024,1022214
calibration_final,37,M2,0.07031618244946003,70.25945281982422,1.992005854845047e-05,4194,717,209,207,3472,805248,4768,208,0,16,1,0,2365440,2365440,181463552,1452417024,1022214
calibration_final,37,M3,0.07036454323679209,70.30608367919922,1.992005854845047e-05,4194,717,209,208,3472,805248,4771,207,0,16,1,0,2365440,2365440,181463552,1452417024,1022214
calibration_final,37,M3_fixed,0.07019316498190165,70.13533020019531,1.992005854845047e-05,4194,717,209,208,3472,805248,4771,207,0,16,1,38651904,41017344,2365440,181463552,1452810240,1022214
calibration_final,37,M4,0.07047813199460506,70.42015838623047,1.992005854845047e-05,4194,717,4194,4168,67232,805248,95862,4168,0,16,1,0,2365440,2365440,181463552,1452810240,1022214
calibration_final,38,M0,0.07059140037745237,70.52960205078125,1.982972025871277e-05,4194,717,0,0,0,805248,0,0,0,16,1,0,2365440,2365440,181463552,1452810240,1022214
calibration_final,38,M1,0.0700613958761096,70.00498962402344,1.982972025871277e-05,4194,717,41,41,720,805248,931,41,0,16,1,0,2365440,2365440,181463552,1452810240,1022214
calibration_final,38,M2,0.07075889874249697,70.7017593383789,1.982972025871277e-05,4194,717,209,208,3472,805248,4767,208,0,16,1,2414592,4780032,2365440,181463552,1452810240,1022214
calibration_final,38,M3,0.07068459875881672,70.62777709960938,1.982972025871277e-05,4194,717,209,207,3472,805248,4772,207,0,16,1,2414592,4780032,2365440,181463552,1452810240,1022214
calibration_final,38,M3_fixed,0.07020549476146698,70.1493148803711,1.982972025871277e-05,4194,717,209,207,3472,805248,4772,207,0,16,1,38651904,41017344,2365440,181463552,1452810240,1022214
calibration_final,38,M4,0.07047160156071186,70.41439819335938,1.982972025871277e-05,4194,717,4194,4168,67232,805248,95862,4168,0,16,1,0,2365440,2365440,181463552,1452810240,1022214
calibration_final,39,M0,0.06992193590849638,69.86051177978516,1.8938444554805756e-05,4194,717,0,0,0,805248,0,0,0,16,1,0,2365440,2365440,181463552,1453203456,1022214
calibration_final,39,M1,0.07039366010576487,70.338623046875,1.8938444554805756e-05,4194,717,41,41,720,805248,932,40,0,16,1,0,2365440,2365440,181463552,1453203456,1022214
calibration_final,39,M2,0.07028257194906473,70.22557067871094,1.8938444554805756e-05,4194,717,209,208,3472,805248,4768,207,0,16,1,2414592,4780032,2365440,181463552,1453203456,1022214
calibration_final,39,M3,0.0706755481660366,70.6190414428711,1.8938444554805756e-05,4194,717,209,208,3472,805248,4773,206,0,16,1,2414592,4780032,2365440,181463552,1453203456,1022214
calibration_final,39,M3_fixed,0.07012660335749388,70.06995391845703,1.8938444554805756e-05,4194,717,209,208,3472,805248,4773,206,0,16,1,38651904,41017344,2365440,181463552,1453203456,1022214
calibration_final,39,M4,0.0706831868737936,70.62678527832031,1.8938444554805756e-05,4194,717,4194,4168,67232,805248,95862,4168,0,16,1,0,2365440,2365440,181463552,1453203456,1022214
calibration_final,40,M0,0.07009915448725224,70.03504180908203,2.017989754676819e-05,4194,717,0,0,0,805248,0,0,0,16,1,0,2365440,2365440,181463552,1453203456,1022214
calibration_final,40,M1,0.06996363680809736,69.90579223632812,2.017989754676819e-05,4194,717,41,41,720,805248,932,41,0,16,1,0,2365440,2365440,181463552,1453203456,1022214
calibration_final,40,M2,0.07051127217710018,70.45458984375,2.017989754676819e-05,4194,717,209,209,3472,805248,4769,207,0,16,1,2414592,4780032,2365440,181463552,1453203456,1022214
calibration_final,40,M3,0.0708033386617899,70.73977661132812,2.017989754676819e-05,4194,717,209,208,3472,805248,4772,209,0,16,1,2414592,4780032,2365440,181463552,1453203456,1022214
calibration_final,40,M3_fixed,0.07025525439530611,70.18946838378906,2.017989754676819e-05,4194,717,209,208,3472,805248,4772,209,0,16,1,38651904,41017344,2365440,181463552,1453203456,1022214
calibration_final,40,M4,0.0703701926395297,70.30429077148438,2.017989754676819e-05,4194,717,4194,4167,67232,805248,95862,4168,0,16,1,0,2365440,2365440,181463552,1453203456,1022214
calibration_final,41,M0,0.07023109309375286,70.15948486328125,2.1698884665966034e-05,4194,717,0,0,0,805248,0,0,0,16,1,0,2365440,2365440,181463552,1453596672,1022214
calibration_final,41,M1,0.07017840445041656,70.1174087524414,2.1698884665966034e-05,4194,717,41,41,720,805248,932,41,0,16,1,0,2365440,2365440,181463552,1453596672,1022214
calibration_final,41,M2,0.07053920906037092,70.47769927978516,2.1698884665966034e-05,4194,717,209,207,3472,805248,4770,208,0,16,1,2414592,4780032,2365440,181463552,1453596672,1022214
calibration_final,41,M3,0.07061667926609516,70.55599975585938,2.1698884665966034e-05,4194,717,209,209,3472,805248,4771,209,0,16,1,2414592,4780032,2365440,181463552,1453596672,1022214
calibration_final,41,M3_fixed,0.06990130711346865,69.84182739257812,2.1698884665966034e-05,4194,717,209,209,3472,805248,4771,209,0,16,1,38651904,41017344,2365440,181463552,1453596672,1022214
calibration_final,41,M4,0.0705150905996561,70.45552062988281,2.1698884665966034e-05,4194,717,4194,4168,67232,805248,95862,4167,0,16,1,0,2365440,2365440,181463552,1453596672,1022214
calibration_final,42,M0,0.07012433465570211,70.06169891357422,1.9120052456855774e-05,4194,717,0,0,0,805248,0,0,0,16,1,0,2365440,2365440,181463552,1453596672,1022214
calibration_final,42,M1,0.07012469507753849,70.0689926147461,1.9120052456855774e-05,4194,717,41,41,720,805248,932,41,0,16,1,0,2365440,2365440,181463552,1453596672,1022214
calibration_final,42,M2,0.07042019162327051,70.36300659179688,1.9120052456855774e-05,4194,717,209,208,3472,805248,4770,207,0,16,1,2414592,4780032,2365440,181463552,1453596672,1022214
calibration_final,42,M3,0.07040976174175739,70.35369873046875,1.9120052456855774e-05,4194,717,209,209,3472,805248,4772,208,0,16,1,2414592,4780032,2365440,181463552,1453989888,1022214
calibration_final,42,M3_fixed,0.07008260488510132,70.02662658691406,1.9120052456855774e-05,4194,717,209,209,3472,805248,4772,208,0,16,1,38651904,41017344,2365440,181463552,1453989888,1022214
calibration_final,42,M4,0.07016288489103317,70.10704040527344,1.9120052456855774e-05,4194,717,4194,4168,67232,805248,95862,4168,0,16,1,0,2365440,2365440,181463552,1453989888,1022214
calibration_final,43,M0,0.07009039539843798,70.02694702148438,1.996941864490509e-05,4194,717,0,0,0,805248,0,0,0,16,1,0,2365440,2365440,181463552,1453989888,1022214
calibration_final,43,M1,0.07011202443391085,70.05433654785156,1.996941864490509e-05,4194,717,41,41,720,805248,932,41,0,16,1,0,2365440,2365440,181463552,1453989888,1022214
calibration_final,43,M2,0.07040995173156261,70.3529281616211,1.996941864490509e-05,4194,717,209,208,3472,805248,4773,205,0,16,1,0,2365440,2365440,181463552,1453989888,1022214
calibration_final,43,M3,0.07044786214828491,70.3901138305664,1.996941864490509e-05,4194,717,209,208,3472,805248,4772,209,0,16,1,0,2365440,2365440,181463552,1453989888,1022214
calibration_final,43,M3_fixed,0.07002129592001438,69.96476745605469,1.996941864490509e-05,4194,717,209,208,3472,805248,4772,209,0,16,1,38651904,41017344,2365440,181463552,1453989888,1022214
calibration_final,43,M4,0.07030341308563948,70.24723052978516,1.996941864490509e-05,4194,717,4194,4168,67232,805248,95862,4168,0,16,1,0,2365440,2365440,181463552,1453989888,1022214
calibration_final,44,M0,0.07013758271932602,70.07542419433594,1.9298866391181946e-05,4194,717,0,0,0,805248,0,0,0,16,1,0,2365440,2365440,181463552,1453989888,1022214
calibration_final,44,M1,0.07024806272238493,70.1911392211914,1.9298866391181946e-05,4194,717,41,41,720,805248,933,40,0,16,1,0,2365440,2365440,181463552,1453989888,1022214
calibration_final,44,M2,0.0706281391903758,70.57196807861328,1.9298866391181946e-05,4194,717,209,208,3472,805248,4775,206,0,16,1,0,2365440,2365440,181463552,1453989888,1022214
calibration_final,44,M3,0.07037655171006918,70.31993865966797,1.9298866391181946e-05,4194,717,209,208,3472,805248,4773,207,0,16,1,0,2365440,2365440,181463552,1453989888,1022214
calibration_final,44,M3_fixed,0.07010531425476074,70.0479965209961,1.9298866391181946e-05,4194,717,209,208,3472,805248,4773,207,0,16,1,38651904,41017344,2365440,181463552,1453989888,1022214
calibration_final,44,M4,0.07059995830059052,70.53753662109375,1.9298866391181946e-05,4194,717,4194,4168,67232,805248,95862,4168,0,16,1,0,2365440,2365440,181463552,1453989888,1022214
calibration_final,45,M0,0.07009101659059525,70.02706909179688,1.9780360162258148e-05,4194,717,0,0,0,805248,0,0,0,16,1,0,2365440,2365440,181463552,1453989888,1022214
calibration_final,45,M1,0.07027107290923595,70.21305847167969,1.9780360162258148e-05,4194,717,41,41,720,805248,933,41,0,16,1,0,2365440,2365440,181463552,1454383104,1022214
calibration_final,45,M2,0.07116800546646118,71.11055755615234,1.9780360162258148e-05,4194,717,209,209,3472,805248,4776,207,0,16,1,0,2365440,2365440,181463552,1454383104,1022214
calibration_final,45,M3,0.07061238028109074,70.55020904541016,1.9780360162258148e-05,4194,717,209,209,3472,805248,4773,208,0,16,1,0,2365440,2365440,181463552,1454383104,1022214
calibration_final,45,M3_fixed,0.0698596490547061,69.80217742919922,1.9780360162258148e-05,4194,717,209,209,3472,805248,4773,208,0,16,1,38651904,41017344,2365440,181463552,1454383104,1022214
calibration_final,45,M4,0.07375411037355661,73.69609832763672,1.9780360162258148e-05,4194,717,4194,4167,67232,805248,95862,4168,0,16,1,0,2365440,2365440,181463552,1454383104,1022214
calibration_final,46,M0,0.07225128542631865,72.18876647949219,1.92299485206604e-05,4194,717,0,0,0,805248,0,0,0,16,1,0,2365440,2365440,181463552,1454383104,1022214
calibration_final,46,M1,0.07293563801795244,72.87859344482422,1.92299485206604e-05,4194,717,41,40,720,805248,934,40,0,16,1,0,2365440,2365440,181463552,1454383104,1022214
calibration_final,46,M2,0.07298920769244432,72.9326400756836,1.92299485206604e-05,4194,717,209,207,3472,805248,4777,208,0,16,1,0,2365440,2365440,181463552,1454383104,1022214
calibration_final,46,M3,0.0711113354191184,71.0540771484375,1.92299485206604e-05,4194,717,209,207,3472,805248,4774,208,0,16,1,0,2365440,2365440,181463552,1454383104,1022214
calibration_final,46,M3_fixed,0.0735022621229291,73.44287872314453,1.92299485206604e-05,4194,717,209,207,3472,805248,4774,208,0,16,1,38651904,41017344,2365440,181463552,1454383104,1022214
calibration_final,46,M4,0.072987737134099,72.92428588867188,1.92299485206604e-05,4194,717,4194,4167,67232,805248,95861,4168,0,16,1,0,2365440,2365440,181463552,1454383104,1022214
calibration_final,47,M0,0.07238501217216253,72.30614471435547,2.166908234357834e-05,4194,717,0,0,0,805248,0,0,0,16,1,0,2365440,2365440,181463552,1454383104,1022214
calibration_final,47,M1,0.07337645255029202,73.31289672851562,2.166908234357834e-05,4194,717,41,41,720,805248,933,41,0,16,1,0,2365440,2365440,181463552,1454383104,1022214
calibration_final,47,M2,0.0706769684329629,70.61612701416016,2.166908234357834e-05,4194,717,209,207,3472,805248,4775,209,0,16,1,0,2365440,2365440,181463552,1454383104,1022214
calibration_final,47,M3,0.07232632301747799,72.25872039794922,2.166908234357834e-05,4194,717,209,209,3472,805248,4774,207,0,16,1,0,2365440,2365440,181463552,1454383104,1022214
calibration_final,47,M3_fixed,0.072085315361619,72.0235824584961,2.166908234357834e-05,4194,717,209,209,3472,805248,4774,207,0,16,1,38651904,41017344,2365440,181463552,1454776320,1022214
calibration_final,47,M4,0.07031065225601196,70.2484130859375,2.166908234357834e-05,4194,717,4194,4167,67232,805248,95860,4168,0,16,1,0,2365440,2365440,181463552,1454776320,1022214
calibration_final,48,M0,0.06967790890485048,69.61325073242188,2.0889565348625183e-05,4194,717,0,0,0,805248,0,0,0,16,1,0,2365440,2365440,181463552,1454776320,1022214
calibration_final,48,M1,0.07013914361596107,70.08092498779297,2.0889565348625183e-05,4194,717,41,41,720,805248,933,41,0,16,1,0,2365440,2365440,181463552,1454776320,1022214
calibration_final,48,M2,0.0702471537515521,70.1882553100586,2.0889565348625183e-05,4194,717,209,207,3472,805248,4775,207,0,16,1,0,2365440,2365440,181463552,1454776320,1022214
calibration_final,48,M3,0.07025988306850195,70.19932556152344,2.0889565348625183e-05,4194,717,209,207,3472,805248,4774,209,0,16,1,0,2365440,2365440,181463552,1455169536,1022214
calibration_final,48,M3_fixed,0.06982485763728619,69.766845703125,2.0889565348625183e-05,4194,717,209,207,3472,805248,4774,209,0,16,1,38651904,41017344,2365440,181463552,1455169536,1022214
calibration_final,48,M4,0.07057665009051561,70.51817321777344,2.0889565348625183e-05,4194,717,4194,4167,67232,805248,95859,4168,0,16,1,0,2365440,2365440,181463552,1455169536,1022214
calibration_final,49,M0,0.0699407858774066,69.8757095336914,1.9438564777374268e-05,4194,717,0,0,0,805248,0,0,0,16,1,0,2365440,2365440,181463552,1455169536,1022214
calibration_final,49,M1,0.07016152329742908,70.10518646240234,1.9438564777374268e-05,4194,717,41,41,720,805248,933,41,0,16,1,0,2365440,2365440,181463552,1455169536,1022214
calibration_final,49,M2,0.07040630094707012,70.34937286376953,1.9438564777374268e-05,4194,717,209,206,3472,805248,4773,209,0,16,1,0,2365440,2365440,181463552,1455169536,1022214
calibration_final,49,M3,0.07057875022292137,70.52146911621094,1.9438564777374268e-05,4194,717,209,208,3472,805248,4772,209,0,16,1,0,2365440,2365440,181463552,1455169536,1022214
calibration_final,49,M3_fixed,0.06988807581365108,69.8301773071289,1.9438564777374268e-05,4194,717,209,208,3472,805248,4772,209,0,16,1,38651904,41017344,2365440,181463552,1455169536,1022214
calibration_final,49,M4,0.07030388154089451,70.2475814819336,1.9438564777374268e-05,4194,717,4194,4163,67232,805248,95858,4168,0,16,1,0,2365440,2365440,181463552,1455169536,1022214
calibration_final,50,M0,0.06998639553785324,69.91942596435547,2.024974673986435e-05,4194,717,0,0,0,805248,0,0,0,16,1,0,2365440,2365440,181463552,1455562752,1022214
calibration_final,50,M1,0.07004902604967356,69.98957061767578,2.024974673986435e-05,4194,717,41,41,720,805248,935,39,0,16,1,0,2365440,2365440,181463552,1455562752,1022214
calibration_final,50,M2,0.0704670799896121,70.40995025634766,2.024974673986435e-05,4194,717,209,209,3472,805248,4773,206,0,16,1,0,2365440,2365440,181463552,1455562752,1022214
calibration_final,50,M3,0.07030393369495869,70.24604797363281,2.024974673986435e-05,4194,717,209,209,3472,805248,4774,206,0,16,1,0,2365440,2365440,181463552,1455562752,1022214
calibration_final,50,M3_fixed,0.06977446749806404,69.71641540527344,2.024974673986435e-05,4194,717,209,209,3472,805248,4774,206,0,16,1,38651904,41017344,2365440,181463552,1455562752,1022214
calibration_final,50,M4,0.07052240055054426,70.4648666381836,2.024974673986435e-05,4194,717,4194,4163,67232,805248,95853,4168,0,16,1,0,2365440,2365440,181463552,1455562752,1022214
calibration_final,51,M0,0.07002705428749323,69.95689392089844,1.9098632037639618e-05,4194,717,0,0,0,805248,0,0,0,16,1,0,2365440,2365440,181463552,1455562752,1022214
calibration_final,51,M1,0.07070486806333065,70.63654327392578,1.9098632037639618e-05,4194,717,41,41,720,805248,936,40,0,16,1,0,2365440,2365440,181463552,1455562752,1022214
calibration_final,51,M2,0.07148188073188066,71.41180419921875,1.9098632037639618e-05,4194,717,209,209,3472,805248,4775,207,0,16,1,0,2365440,2365440,181463552,1455562752,1022214
calibration_final,51,M3,0.07238929159939289,72.31721496582031,1.9098632037639618e-05,4194,717,209,207,3472,805248,4776,207,0,16,1,0,2365440,2365440,181463552,1455562752,1022214
calibration_final,51,M3_fixed,0.07185390684753656,71.77366638183594,1.9098632037639618e-05,4194,717,209,207,3472,805248,4776,207,0,16,1,38651904,41017344,2365440,181463552,1455562752,1022214
calibration_final,51,M4,0.07024579308927059,70.17756652832031,1.9098632037639618e-05,4194,717,4194,4163,67232,805248,95848,4168,0,16,1,0,2365440,2365440,181463552,1455562752,1022214
calibration_final,52,M0,0.06973721738904715,69.67059326171875,1.996941864490509e-05,4194,717,0,0,0,805248,0,0,0,16,1,0,2365440,2365440,181463552,1455562752,1022214
calibration_final,52,M1,0.0701535539701581,70.09526062011719,1.996941864490509e-05,4194,717,41,41,720,805248,936,41,0,16,1,0,2365440,2365440,181463552,1455562752,1022214
calibration_final,52,M2,0.07095324713736773,70.89574432373047,1.996941864490509e-05,4194,717,209,206,3472,805248,4776,208,0,16,1,0,2365440,2365440,181463552,1455562752,1022214
calibration_final,52,M3,0.07023287285119295,70.17414093017578,1.996941864490509e-05,4194,717,209,208,3472,805248,4775,208,0,16,1,0,2365440,2365440,181463552,1455562752,1022214
calibration_final,52,M3_fixed,0.07007719483226538,70.01942443847656,1.996941864490509e-05,4194,717,209,208,3472,805248,4775,208,0,16,1,38651904,41017344,2365440,181463552,1455562752,1022214
calibration_final,52,M4,0.06997964531183243,69.92208099365234,1.996941864490509e-05,4194,717,4194,4164,67232,805248,95843,4168,0,16,1,0,2365440,2365440,181463552,1455562752,1022214
calibration_final,53,M0,0.06950414180755615,69.44070434570312,2.0470470190048218e-05,4194,717,0,0,0,805248,0,0,0,16,1,0,2365440,2365440,181463552,1455562752,1022214
calibration_final,53,M1,0.06927374377846718,69.2185287475586,2.0470470190048218e-05,4194,717,41,41,720,805248,936,41,0,16,1,0,2365440,2365440,181463552,1455562752,1022214
calibration_final,53,M2,0.0705667408183217,70.50335693359375,2.0470470190048218e-05,4194,717,209,209,3472,805248,4774,208,0,16,1,0,2365440,2365440,181463552,1455562752,1022214
calibration_final,53,M3,0.0705402810126543,70.4748764038086,2.0470470190048218e-05,4194,717,209,208,3472,805248,4775,208,0,16,1,0,2365440,2365440,181463552,1455562752,1022214
calibration_final,53,M3_fixed,0.07004199642688036,69.97984313964844,2.0470470190048218e-05,4194,717,209,208,3472,805248,4775,208,0,16,1,38651904,41017344,2365440,181463552,1455562752,1022214
calibration_final,53,M4,0.07023738417774439,70.17346954345703,2.0470470190048218e-05,4194,717,4194,4164,67232,805248,95839,4168,0,16,1,0,2365440,2365440,181463552,1455562752,1022214
calibration_final,54,M0,0.06974190752953291,69.6797103881836,1.9409693777561188e-05,4194,717,0,0,0,805248,0,0,0,16,1,0,2365440,2365440,181463552,1455562752,1022214
calibration_final,54,M1,0.07036871276795864,70.31346893310547,1.9409693777561188e-05,4194,717,41,40,720,805248,936,41,0,16,1,0,2365440,2365440,181463552,1455955968,1022214
calibration_final,54,M2,0.07020529359579086,70.14927673339844,1.9409693777561188e-05,4194,717,209,207,3472,805248,4774,209,0,16,1,0,2365440,2365440,181463552,1455955968,1022214
calibration_final,54,M3,0.07045263145118952,70.38745880126953,1.9409693777561188e-05,4194,717,209,207,3472,805248,4775,208,0,16,1,0,2365440,2365440,181463552,1455955968,1022214
calibration_final,54,M3_fixed,0.070714988745749,70.65481567382812,1.9409693777561188e-05,4194,717,209,207,3472,805248,4775,208,0,16,1,38651904,41017344,2365440,181463552,1455955968,1022214
calibration_final,54,M4,0.07015546504408121,70.09510040283203,1.9409693777561188e-05,4194,717,4194,4164,67232,805248,95835,4168,0,16,1,0,2365440,2365440,181463552,1455955968,1022214
calibration_final,55,M0,0.0698316777125001,69.76541137695312,2.0339153707027435e-05,4194,717,0,0,0,805248,0,0,0,16,1,0,2365440,2365440,181463552,1455955968,1022214
calibration_final,55,M1,0.07028043270111084,70.22124481201172,2.0339153707027435e-05,4194,717,41,40,720,805248,935,41,0,16,1,0,2365440,2365440,181463552,1455955968,1022214
calibration_final,55,M2,0.06995640601962805,69.89923095703125,2.0339153707027435e-05,4194,717,209,207,3472,805248,4774,207,0,16,1,0,2365440,2365440,181463552,1455955968,1022214
calibration_final,55,M3,0.0701623447239399,70.1058578491211,2.0339153707027435e-05,4194,717,209,207,3472,805248,4776,206,0,16,1,0,2365440,2365440,181463552,1455955968,1022214
calibration_final,55,M3_fixed,0.06975198723375797,69.69407653808594,2.0339153707027435e-05,4194,717,209,207,3472,805248,4776,206,0,16,1,38651904,41017344,2365440,181463552,1455955968,1022214
calibration_final,55,M4,0.07143514137715101,71.36975860595703,2.0339153707027435e-05,4194,717,4194,4164,67232,805248,95832,4167,0,16,1,0,2365440,2365440,181463552,1455955968,1022214
calibration_final,56,M0,0.07122985552996397,71.14697265625,2.1940097212791443e-05,4194,717,0,0,0,805248,0,0,0,16,1,0,2365440,2365440,181463552,1456349184,1022214
calibration_final,56,M1,0.07023993413895369,70.17510223388672,2.1940097212791443e-05,4194,717,41,41,720,805248,934,41,0,16,1,0,2365440,2365440,181463552,1456349184,1022214
calibration_final,56,M2,0.0706333601847291,70.57417297363281,2.1940097212791443e-05,4194,717,209,209,3472,805248,4773,208,0,16,1,0,2365440,2365440,181463552,1456349184,1022214
calibration_final,56,M3,0.07016167510300875,70.10272216796875,2.1940097212791443e-05,4194,717,209,206,3472,805248,4776,207,0,16,1,0,2365440,2365440,181463552,1456349184,1022214
calibration_final,56,M3_fixed,0.07014053501188755,70.08185577392578,2.1940097212791443e-05,4194,717,209,206,3472,805248,4776,207,0,16,1,38651904,41017344,2365440,181463552,1456349184,1022214
calibration_final,56,M4,0.07144507300108671,71.38563537597656,2.1940097212791443e-05,4194,717,4194,4164,67232,805248,95828,4168,0,16,1,0,2365440,2365440,181463552,1456349184,1022214
calibration_final,57,M0,0.06977936811745167,69.71699523925781,2.004951238632202e-05,4194,717,0,0,0,805248,0,0,0,16,1,0,2365440,2365440,181463552,1456349184,1022214
calibration_final,57,M1,0.07016539387404919,70.10889434814453,2.004951238632202e-05,4194,717,41,40,720,805248,936,39,0,16,1,0,2365440,2365440,181463552,1456349184,1022214
calibration_final,57,M2,0.06963775958865881,69.58131408691406,2.004951238632202e-05,4194,717,209,206,3472,805248,4776,206,0,16,1,0,2365440,2365440,181463552,1456349184,1022214
calibration_final,57,M3,0.06957133021205664,69.5159683227539,2.004951238632202e-05,4194,717,209,208,3472,805248,4779,203,0,16,1,0,2365440,2365440,181463552,1456349184,1022214
calibration_final,57,M3_fixed,0.070333082228899,70.2759017944336,2.004951238632202e-05,4194,717,209,208,3472,805248,4779,203,0,16,1,38651904,41017344,2365440,181463552,1456349184,1022214
calibration_final,57,M4,0.07046000193804502,70.3990707397461,2.004951238632202e-05,4194,717,4194,4164,67232,805248,95824,4168,0,16,1,0,2365440,2365440,181463552,1456349184,1022214
calibration_final,58,M0,0.06980607751756907,69.7442855834961,1.9690021872520447e-05,4194,717,0,0,0,805248,0,0,0,16,1,0,2365440,2365440,181463552,1456742400,1022214
calibration_final,58,M1,0.06989833805710077,69.84188842773438,1.9690021872520447e-05,4194,717,41,40,720,805248,935,41,0,16,1,0,2365440,2365440,181463552,1456742400,1022214
calibration_final,58,M2,0.07028973288834095,70.23340606689453,1.9690021872520447e-05,4194,717,209,207,3472,805248,4774,208,0,16,1,0,2365440,2365440,181463552,1456742400,1022214
calibration_final,58,M3,0.0703184325248003,70.26195526123047,1.9690021872520447e-05,4194,717,209,204,3472,805248,4779,208,0,16,1,0,2365440,2365440,181463552,1456742400,1022214
calibration_final,58,M3_fixed,0.06983325816690922,69.77568054199219,1.9690021872520447e-05,4194,717,209,204,3472,805248,4779,208,0,16,1,38651904,41017344,2365440,181463552,1456742400,1022214
calibration_final,58,M4,0.07053054124116898,70.47135925292969,1.9690021872520447e-05,4194,717,4194,4164,67232,805248,95820,4168,0,16,1,0,2365440,2365440,181463552,1456742400,1022214
calibration_final,59,M0,0.07355162128806114,73.48908996582031,1.9210390746593475e-05,4194,717,0,0,0,805248,0,0,0,16,1,0,2365440,2365440,181463552,1456742400,1022214
calibration_final,59,M1,0.07234480325132608,72.28096008300781,1.9210390746593475e-05,4194,717,41,41,720,805248,936,39,0,16,1,0,2365440,2365440,181463552,1457135616,1022214
calibration_final,59,M2,0.07182001881301403,71.75273895263672,1.9210390746593475e-05,4194,717,209,208,3472,805248,4775,206,0,16,1,0,2365440,2365440,181463552,1457135616,1022214
calibration_final,59,M3,0.07325554452836514,73.18838500976562,1.9210390746593475e-05,4194,717,209,208,3472,805248,4776,207,0,16,1,0,2365440,2365440,181463552,1457135616,1022214
calibration_final,59,M3_fixed,0.07020792365074158,70.14364624023438,1.9210390746593475e-05,4194,717,209,208,3472,805248,4776,207,0,16,1,38651904,41017344,2365440,181463552,1457135616,1022214
calibration_final,59,M4,0.07064395025372505,70.5836181640625,1.9210390746593475e-05,4194,717,4194,4164,67232,805248,95816,4168,0,16,1,0,2365440,2365440,181463552,1457135616,1022214
calibration_final,60,M0,0.06993895769119263,69.87324523925781,2.0570121705532074e-05,4194,717,0,0,0,805248,0,0,0,16,1,0,2365440,2365440,181463552,1457135616,1022214
calibration_final,60,M1,0.07030347362160683,70.24412536621094,2.0570121705532074e-05,4194,717,41,41,720,805248,937,40,0,16,1,0,2365440,2365440,181463552,1457135616,1022214
calibration_final,60,M2,0.07089635822921991,70.83564758300781,2.0570121705532074e-05,4194,717,209,209,3472,805248,4776,207,0,16,1,0,2365440,2365440,181463552,1457135616,1022214
calibration_final,60,M3,0.0703352838754654,70.27340698242188,2.0570121705532074e-05,4194,717,209,209,3472,805248,4777,207,0,16,1,0,2365440,2365440,181463552,1457135616,1022214
calibration_final,60,M3_fixed,0.07086863834410906,70.80000305175781,2.0570121705532074e-05,4194,717,209,209,3472,805248,4777,207,0,16,1,38651904,41017344,2365440,181463552,1457135616,1022214
calibration_final,60,M4,0.07222955580800772,72.15068817138672,2.0570121705532074e-05,4194,717,4194,4164,67232,805248,95812,4168,0,16,1,0,2365440,2365440,181463552,1457135616,1022214
calibration_final,61,M0,0.07182828802615404,71.73804473876953,2.2320076823234558e-05,4194,717,0,0,0,805248,0,0,0,16,1,0,2365440,2365440,181463552,1457135616,1022214
calibration_final,61,M1,0.07217731513082981,72.10358428955078,2.2320076823234558e-05,4194,717,41,41,720,805248,938,40,0,16,1,0,2365440,2365440,181463552,1457135616,1022214
calibration_final,61,M2,0.07194037828594446,71.8675537109375,2.2320076823234558e-05,4194,717,209,203,3472,805248,4778,207,0,16,1,0,2365440,2365440,181463552,1457135616,1022214
calibration_final,61,M3,0.07151092123240232,71.44393920898438,2.2320076823234558e-05,4194,717,209,208,3472,805248,4778,208,0,16,1,0,2365440,2365440,181463552,1457135616,1022214
calibration_final,61,M3_fixed,0.07042875234037638,70.36441802978516,2.2320076823234558e-05,4194,717,209,208,3472,805248,4778,208,0,16,1,38651904,41017344,2365440,181463552,1457135616,1022214
calibration_final,61,M4,0.07052955124527216,70.46460723876953,2.2320076823234558e-05,4194,717,4194,4163,67232,805248,95808,4168,0,16,1,0,2365440,2365440,181463552,1457135616,1022214
calibration_final,62,M0,0.07016073353588581,70.09008026123047,1.983996480703354e-05,4194,717,0,0,0,805248,0,0,0,16,1,0,2365440,2365440,181463552,1457135616,1022214
calibration_final,62,M1,0.07019334379583597,70.13648223876953,1.983996480703354e-05,4194,717,41,40,720,805248,938,41,0,16,1,0,2365440,2365440,181463552,1457135616,1022214
calibration_final,62,M2,0.07028842438012362,70.23225402832031,1.983996480703354e-05,4194,717,209,204,3472,805248,4773,208,0,16,1,0,2365440,2365440,181463552,1457135616,1022214
calibration_final,62,M3,0.07028085365891457,70.2237777709961,1.983996480703354e-05,4194,717,209,208,3472,805248,4779,207,0,16,1,0,2365440,2365440,181463552,1457135616,1022214
calibration_final,62,M3_fixed,0.06987975630909204,69.82383728027344,1.983996480703354e-05,4194,717,209,208,3472,805248,4779,207,0,16,1,38651904,41017344,2365440,181463552,1457528832,1022214
calibration_final,62,M4,0.06997005641460419,69.91305541992188,1.983996480703354e-05,4194,717,4194,4164,67232,805248,95803,4168,0,16,1,0,2365440,2365440,181463552,1457528832,1022214
calibration_final,63,M0,0.0702084843069315,70.1468505859375,1.963973045349121e-05,4194,717,0,0,0,805248,0,0,0,16,1,0,2365440,2365440,181463552,1457528832,1022214
calibration_final,63,M1,0.07043114211410284,70.3733139038086,1.963973045349121e-05,4194,717,41,41,720,805248,937,41,0,16,1,0,2365440,2365440,181463552,1457528832,1022214
calibration_final,63,M2,0.0704648308455944,70.40716552734375,1.963973045349121e-05,4194,717,209,209,3472,805248,4769,208,0,16,1,0,2365440,2365440,181463552,1457528832,1022214
calibration_final,63,M3,0.07034423295408487,70.28765106201172,1.963973045349121e-05,4194,717,209,207,3472,805248,4779,208,0,16,1,0,2365440,2365440,181463552,1457528832,1022214
calibration_final,63,M3_fixed,0.07015106361359358,70.09337615966797,1.963973045349121e-05,4194,717,209,207,3472,805248,4779,208,0,16,1,38651904,41017344,2365440,181463552,1457528832,1022214
calibration_final,63,M4,0.07372909970581532,73.67398071289062,1.963973045349121e-05,4194,717,4194,4164,67232,805248,95799,4168,0,16,1,0,2365440,2365440,181463552,1457528832,1022214
calibration_final,64,M0,0.06954853143543005,69.48902130126953,1.8980354070663452e-05,4194,717,0,0,0,805248,0,0,0,16,1,0,2365440,2365440,181463552,1457528832,1022214
calibration_final,64,M1,0.06998283788561821,69.92691040039062,1.8980354070663452e-05,4194,717,41,41,720,805248,937,41,0,16,1,0,2365440,2365440,181463552,1457528832,1022214
calibration_final,64,M2,0.07034019380807877,70.2845458984375,1.8980354070663452e-05,4194,717,209,208,3472,805248,4769,209,0,16,1,0,2365440,2365440,181463552,1457528832,1022214
calibration_final,64,M3,0.06979499850422144,69.73926544189453,1.8980354070663452e-05,4194,717,209,207,3472,805248,4778,208,0,16,1,0,2365440,2365440,181463552,1457528832,1022214
calibration_final,64,M3_fixed,0.07254178076982498,72.48540496826172,1.8980354070663452e-05,4194,717,209,207,3472,805248,4778,208,0,16,1,38651904,41017344,2365440,181463552,1457528832,1022214
calibration_final,64,M4,0.07023077365010977,70.17453002929688,1.8980354070663452e-05,4194,717,4194,4164,67232,805248,95796,4167,0,16,1,0,2365440,2365440,181463552,1457528832,1022214
calibration_final,65,M0,0.07002819608896971,69.96543884277344,2.0089559257030487e-05,4194,717,0,0,0,805248,0,0,0,16,1,0,2365440,2365440,181463552,1457922048,1022214
calibration_final,65,M1,0.06988002732396126,69.82383728027344,2.0089559257030487e-05,4194,717,41,40,720,805248,937,41,0,16,1,0,2365440,2365440,181463552,1457922048,1022214
calibration_final,65,M2,0.07079177815467119,70.73513793945312,2.0089559257030487e-05,4194,717,209,208,3472,805248,4770,207,0,16,1,0,2365440,2365440,181463552,1457922048,1022214
calibration_final,65,M3,0.07067370973527431,70.61673736572266,2.0089559257030487e-05,4194,717,209,207,3472,805248,4776,209,0,16,1,0,2365440,2365440,181463552,1457922048,1022214
calibration_final,65,M3_fixed,0.07171398866921663,71.65837097167969,2.0089559257030487e-05,4194,717,209,207,3472,805248,4776,209,0,16,1,38651904,41017344,2365440,181463552,1457922048,1022214
calibration_final,65,M4,0.0703198928385973,70.26300811767578,2.0089559257030487e-05,4194,717,4194,4164,67232,805248,95792,4168,0,16,1,0,2365440,2365440,181463552,1457922048,1022214
calibration_final,66,M0,0.07045207265764475,70.39177703857422,1.8440186977386475e-05,4194,717,0,0,0,805248,0,0,0,16,1,0,2365440,2365440,181463552,1457922048,1022214
calibration_final,66,M1,0.07265469059348106,72.59756469726562,1.8440186977386475e-05,4194,717,41,41,720,805248,936,41,0,16,1,0,2365440,2365440,181463552,1457922048,1022214
calibration_final,66,M2,0.07069700956344604,70.64006042480469,1.8440186977386475e-05,4194,717,209,208,3472,805248,4770,208,0,16,1,0,2365440,2365440,181463552,1457922048,1022214
calibration_final,66,M3,0.07061209995299578,70.55068969726562,1.8440186977386475e-05,4194,717,209,209,3472,805248,4774,209,0,16,1,0,2365440,2365440,181463552,1457922048,1022214
calibration_final,66,M3_fixed,0.07011319510638714,70.05104064941406,1.8440186977386475e-05,4194,717,209,209,3472,805248,4774,209,0,16,1,38651904,41017344,2365440,181463552,1457922048,1022214
calibration_final,66,M4,0.07017237413674593,70.1157455444336,1.8440186977386475e-05,4194,717,4194,4164,67232,805248,95788,4168,0,16,1,0,2365440,2365440,181463552,1457922048,1022214
calibration_final,67,M0,0.07022992335259914,70.16515350341797,1.982972025871277e-05,4194,717,0,0,0,805248,0,0,0,16,1,0,2365440,2365440,181463552,1457922048,1022214
calibration_final,67,M1,0.07003119494765997,69.9722900390625,1.982972025871277e-05,4194,717,41,41,720,805248,936,41,0,16,1,0,2365440,2365440,181463552,1457922048,1022214
calibration_final,67,M2,0.0704463617876172,70.37542724609375,1.982972025871277e-05,4194,717,209,206,3472,805248,4770,208,0,16,1,0,2365440,2365440,181463552,1457922048,1022214
calibration_final,67,M3,0.0705575505271554,70.50028991699219,1.982972025871277e-05,4194,717,209,208,3472,805248,4775,208,0,16,1,0,2365440,2365440,181463552,1457922048,1022214
calibration_final,67,M3_fixed,0.06925863306969404,69.20320129394531,1.982972025871277e-05,4194,717,209,208,3472,805248,4775,208,0,16,1,38651904,41017344,2365440,181463552,1458315264,1022214
calibration_final,67,M4,0.06961929053068161,69.56281280517578,1.982972025871277e-05,4194,717,4194,4164,67232,805248,95784,4168,0,16,1,0,2365440,2365440,181463552,1458315264,1022214
calibration_final,68,M0,0.07190815825015306,71.84899139404297,1.84597447514534e-05,4194,717,0,0,0,805248,0,0,0,16,1,0,2365440,2365440,181463552,1458315264,1022214
calibration_final,68,M1,0.07008264493197203,70.0269775390625,1.84597447514534e-05,4194,717,41,41,720,805248,936,41,0,16,1,0,2365440,2365440,181463552,1458315264,1022214
calibration_final,68,M2,0.071266183629632,71.20851135253906,1.84597447514534e-05,4194,717,209,208,3472,805248,4768,208,0,16,1,0,2365440,2365440,181463552,1458315264,1022214
calibration_final,68,M3,0.07384872809052467,73.79058837890625,1.84597447514534e-05,4194,717,209,208,3472,805248,4775,208,0,16,1,0,2365440,2365440,181463552,1458315264,1022214
calibration_final,68,M3_fixed,0.06994432676583529,69.88796997070312,1.84597447514534e-05,4194,717,209,208,3472,805248,4775,208,0,16,1,38651904,41017344,2365440,181463552,1458315264,1022214
calibration_final,68,M4,0.07004351634532213,69.98652648925781,1.84597447514534e-05,4194,717,4194,4164,67232,805248,95780,4168,0,16,1,0,2365440,2365440,181463552,1458315264,1022214
calibration_final,69,M0,0.06986540742218494,69.80118560791016,2.0409002900123596e-05,4194,717,0,0,0,805248,0,0,0,16,1,0,2365440,2365440,181463552,1458315264,1022214
calibration_final,69,M1,0.07012241426855326,70.0645751953125,2.0409002900123596e-05,4194,717,41,41,720,805248,936,41,0,16,1,0,2365440,2365440,181463552,1458315264,1022214
calibration_final,69,M2,0.07000764552503824,69.95101165771484,2.0409002900123596e-05,4194,717,209,206,3472,805248,4767,209,0,16,1,0,2365440,2365440,181463552,1458315264,1022214
calibration_final,69,M3,0.06952609959989786,69.46896362304688,2.0409002900123596e-05,4194,717,209,208,3472,805248,4774,209,0,16,1,0,2365440,2365440,181463552,1458315264,1022214
calibration_final,69,M3_fixed,0.06980970688164234,69.75286102294922,2.0409002900123596e-05,4194,717,209,208,3472,805248,4774,209,0,16,1,38651904,41017344,2365440,181463552,1458315264,1022214
calibration_final,69,M4,0.07030382193624973,70.24671936035156,2.0409002900123596e-05,4194,717,4194,4164,67232,805248,95777,4167,0,16,1,0,2365440,2365440,181463552,1458315264,1022214
calibration_final,70,M0,0.07017583306878805,70.11392211914062,1.8709339201450348e-05,4194,717,0,0,0,805248,0,0,0,16,1,0,2365440,2365440,181463552,1458708480,1022214
calibration_final,70,M1,0.07017493434250355,70.11865234375,1.8709339201450348e-05,4194,717,41,41,720,805248,937,40,0,16,1,0,2365440,2365440,181463552,1458708480,1022214
calibration_final,70,M2,0.070491180755198,70.43494415283203,1.8709339201450348e-05,4194,717,209,208,3472,805248,4766,207,0,16,1,0,2365440,2365440,181463552,1458708480,1022214
calibration_final,70,M3,0.07038815319538116,70.33200073242188,1.8709339201450348e-05,4194,717,209,208,3472,805248,4775,207,0,16,1,0,2365440,2365440,181463552,1458708480,1022214
calibration_final,70,M3_fixed,0.07001792639493942,69.96217346191406,1.8709339201450348e-05,4194,717,209,208,3472,805248,4775,207,0,16,1,38651904,41017344,2365440,181463552,1458708480,1022214
calibration_final,70,M4,0.0707218088209629,70.66690826416016,1.8709339201450348e-05,4194,717,4194,4164,67232,805248,95774,4167,0,16,1,0,2365440,2365440,181463552,1458708480,1022214
calibration_final,71,M0,0.06962743028998375,69.565185546875,1.931004226207733e-05,4194,717,0,0,0,805248,0,0,0,16,1,0,2365440,2365440,181463552,1458708480,1022214
calibration_final,71,M1,0.07020635437220335,70.14883422851562,1.931004226207733e-05,4194,717,41,41,720,805248,937,41,0,16,1,0,2365440,2365440,181463552,1458708480,1022214
calibration_final,71,M2,0.07031990308314562,70.26451110839844,1.931004226207733e-05,4194,717,209,208,3472,805248,4767,207,0,16,1,0,2365440,2365440,181463552,1458708480,1022214
calibration_final,71,M3,0.0705309510231018,70.4750747680664,1.931004226207733e-05,4194,717,209,208,3472,805248,4774,209,0,16,1,0,2365440,2365440,181463552,1458708480,1022214
calibration_final,71,M3_fixed,0.06987958773970604,69.82227325439453,1.931004226207733e-05,4194,717,209,208,3472,805248,4774,209,0,16,1,38651904,41017344,2365440,181463552,1459101696,1022214
calibration_final,71,M4,0.06931560300290585,69.25955200195312,1.931004226207733e-05,4194,717,4194,4164,67232,805248,95771,4167,0,16,1,0,2365440,2365440,181463552,1459101696,1022214
calibration_final,72,M0,0.0695625701919198,69.50211334228516,1.8998980522155762e-05,4194,717,0,0,0,805248,0,0,0,16,1,0,2365440,2365440,181463552,1459101696,1022214
calibration_final,72,M1,0.07041580136865377,70.3592300415039,1.8998980522155762e-05,4194,717,41,41,720,805248,937,41,0,16,1,0,2365440,2365440,181463552,1459101696,1022214
calibration_final,72,M2,0.07043482083827257,70.37865447998047,1.8998980522155762e-05,4194,717,209,208,3472,805248,4768,207,0,16,1,0,2365440,2365440,181463552,1459101696,1022214
calibration_final,72,M3,0.07046037074178457,70.4037094116211,1.8998980522155762e-05,4194,717,209,209,3472,805248,4775,207,0,16,1,0,2365440,2365440,181463552,1459101696,1022214
calibration_final,72,M3_fixed,0.07240341044962406,72.34710693359375,1.8998980522155762e-05,4194,717,209,209,3472,805248,4775,207,0,16,1,38651904,41017344,2365440,181463552,1459101696,1022214
calibration_final,72,M4,0.07464899960905313,74.59248352050781,1.8998980522155762e-05,4194,717,4194,4164,67232,805248,95768,4167,0,16,1,0,2365440,2365440,181463552,1459101696,1022214
calibration_final,73,M0,0.07070191856473684,70.63353729248047,1.966860145330429e-05,4194,717,0,0,0,805248,0,0,0,16,1,0,2365440,2365440,181463552,1459494912,1022214
calibration_final,73,M1,0.07040152233093977,70.33699035644531,1.966860145330429e-05,4194,717,41,40,720,805248,937,41,0,16,1,0,2365440,2365440,181463552,1459494912,1022214
calibration_final,73,M2,0.07078015804290771,70.71961975097656,1.966860145330429e-05,4194,717,209,207,3472,805248,4770,206,0,16,1,0,2365440,2365440,181463552,1459494912,1022214
calibration_final,73,M3,0.07519817352294922,75.1376953125,1.966860145330429e-05,4194,717,209,205,3472,805248,4776,208,0,16,1,0,2365440,2365440,181463552,1459494912,1022214
calibration_final,73,M3_fixed,0.0700015053153038,69.94287872314453,1.966860145330429e-05,4194,717,209,205,3472,805248,4776,208,0,16,1,38651904,41017344,2365440,181463552,1459494912,1022214
calibration_final,73,M4,0.07049604039639235,70.43917083740234,1.966860145330429e-05,4194,717,4194,4164,67232,805248,95769,4163,0,16,1,0,2365440,2365440,181463552,1459494912,1022214
calibration_final,74,M0,0.06998380459845066,69.91983795166016,2.064928412437439e-05,4194,717,0,0,0,805248,0,0,0,16,1,0,2365440,2365440,181463552,1459494912,1022214
calibration_final,74,M1,0.07006712537258863,70.00895690917969,2.064928412437439e-05,4194,717,41,41,720,805248,936,41,0,16,1,0,2365440,2365440,181463552,1459494912,1022214
calibration_final,74,M2,0.07103761564940214,70.9807357788086,2.064928412437439e-05,4194,717,209,205,3472,805248,4768,209,0,16,1,0,2365440,2365440,181463552,1459494912,1022214
calibration_final,74,M3,0.06997548509389162,69.91817474365234,2.064928412437439e-05,4194,717,209,208,3472,805248,4772,209,0,16,1,0,2365440,2365440,181463552,1459494912,1022214
calibration_final,74,M3_fixed,0.06917705293744802,69.12006378173828,2.064928412437439e-05,4194,717,209,208,3472,805248,4772,209,0,16,1,38651904,41017344,2365440,181463552,1459888128,1022214
calibration_final,74,M4,0.07013782393187284,70.06854248046875,2.064928412437439e-05,4194,717,4194,4164,67232,805248,95770,4163,0,16,1,0,2365440,2365440,181463552,1459888128,1022214
calibration_final,75,M0,0.07042180094867945,70.34502410888672,1.8720515072345734e-05,4194,717,0,0,0,805248,0,0,0,16,1,0,2365440,2365440,181463552,1459888128,1022214
calibration_final,75,M1,0.07045549247413874,70.39942169189453,1.8720515072345734e-05,4194,717,41,41,720,805248,936,41,0,16,1,0,2365440,2365440,181463552,1459888128,1022214
calibration_final,75,M2,0.07066609989851713,70.60713958740234,1.8720515072345734e-05,4194,717,209,206,3472,805248,4764,209,0,16,1,0,2365440,2365440,181463552,1459888128,1022214
calibration_final,75,M3,0.07100903615355492,70.94985961914062,1.8720515072345734e-05,4194,717,209,209,3472,805248,4773,207,0,16,1,0,2365440,2365440,181463552,1459888128,1022214
calibration_final,75,M3_fixed,0.0734384823590517,73.37769317626953,1.8720515072345734e-05,4194,717,209,209,3472,805248,4773,207,0,16,1,38651904,41017344,2365440,181463552,1459888128,1022214
calibration_final,75,M4,0.07438210397958755,74.3249282836914,1.8720515072345734e-05,4194,717,4194,4164,67232,805248,95771,4163,0,16,1,0,2365440,2365440,181463552,1459888128,1022214
calibration_final,76,M0,0.07449237257242203,74.42838287353516,2.022925764322281e-05,4194,717,0,0,0,805248,0,0,0,16,1,0,2365440,2365440,181463552,1459888128,1022214
calibration_final,76,M1,0.06961888913065195,69.5631332397461,2.022925764322281e-05,4194,717,41,40,720,805248,936,41,0,16,1,0,2365440,2365440,181463552,1460281344,1022214
calibration_final,76,M2,0.07050080969929695,70.44380950927734,2.022925764322281e-05,4194,717,209,206,3472,805248,4764,206,0,16,1,0,2365440,2365440,181463552,1460281344,1022214
calibration_final,76,M3,0.0703235724940896,70.26697540283203,2.022925764322281e-05,4194,717,209,206,3472,805248,4774,208,0,16,1,0,2365440,2365440,181463552,1460281344,1022214
calibration_final,76,M3_fixed,0.0709784459322691,70.9205093383789,2.022925764322281e-05,4194,717,209,206,3472,805248,4774,208,0,16,1,38651904,41017344,2365440,181463552,1460281344,1022214
calibration_final,76,M4,0.06993897631764412,69.87612915039062,2.022925764322281e-05,4194,717,4194,4164,67232,805248,95771,4164,0,16,1,0,2365440,2365440,181463552,1460281344,1022214
calibration_final,77,M0,0.0691289147362113,69.0697250366211,1.8369406461715698e-05,4194,717,0,0,0,805248,0,0,0,16,1,0,2365440,2365440,181463552,1460281344,1022214
calibration_final,77,M1,0.0701693445444107,70.11420440673828,1.8369406461715698e-05,4194,717,41,41,720,805248,935,41,0,16,1,0,2365440,2365440,181463552,1460281344,1022214
calibration_final,77,M2,0.07051384076476097,70.45849609375,1.8369406461715698e-05,4194,717,209,209,3472,805248,4761,209,0,16,1,2414592,4780032,2365440,181463552,1460281344,1022214
calibration_final,77,M3,0.07041386235505342,70.3583984375,1.8369406461715698e-05,4194,717,209,208,3472,805248,4772,208,0,16,1,2414592,4780032,2365440,181463552,1460281344,1022214
calibration_final,77,M3_fixed,0.0700113158673048,69.95683288574219,1.8369406461715698e-05,4194,717,209,208,3472,805248,4772,208,0,16,1,38651904,41017344,2365440,181463552,1460281344,1022214
calibration_final,77,M4,0.07061550952494144,70.56095886230469,1.8369406461715698e-05,4194,717,4194,4164,67232,805248,95771,4164,0,16,1,0,2365440,2365440,181463552,1460281344,1022214
calibration_final,78,M0,0.07278169877827168,72.71548461914062,1.9430182874202728e-05,4194,717,0,0,0,805248,0,0,0,16,1,0,2365440,2365440,181463552,1460281344,1022214
calibration_final,78,M1,0.07048232201486826,70.42530822753906,1.9430182874202728e-05,4194,717,41,41,720,805248,936,40,0,16,1,0,2365440,2365440,181463552,1460281344,1022214
calibration_final,78,M2,0.07031470350921154,70.25827026367188,1.9430182874202728e-05,4194,717,209,206,3472,805248,4763,207,0,16,1,2414592,4780032,2365440,181463552,1460281344,1022214
calibration_final,78,M3,0.07051476091146469,70.4576644897461,1.9430182874202728e-05,4194,717,209,209,3472,805248,4773,207,0,16,1,2414592,4780032,2365440,181463552,1460281344,1022214
calibration_final,78,M3_fixed,0.06953897140920162,69.48255920410156,1.9430182874202728e-05,4194,717,209,209,3472,805248,4773,207,0,16,1,38651904,41017344,2365440,181463552,1460674560,1022214
calibration_final,78,M4,0.06982493866235018,69.76966094970703,1.9430182874202728e-05,4194,717,4194,4152,67232,805248,95771,4164,0,16,1,0,2365440,2365440,181463552,1460674560,1022214
calibration_final,79,M0,0.07010728493332863,70.04637145996094,1.9189901649951935e-05,4194,717,0,0,0,805248,0,0,0,16,1,0,2365440,2365440,181463552,1460674560,1022214
calibration_final,79,M1,0.07031827326864004,70.26297760009766,1.9189901649951935e-05,4194,717,41,41,720,805248,937,40,0,16,1,0,2365440,2365440,181463552,1460674560,1022214
calibration_final,79,M2,0.07061304990202188,70.55753326416016,1.9189901649951935e-05,4194,717,209,208,3472,805248,4762,207,0,16,1,2414592,4780032,2365440,181463552,1460674560,1022214
calibration_final,79,M3,0.07070719823241234,70.64297485351562,1.9189901649951935e-05,4194,717,209,208,3472,805248,4775,207,0,16,1,2414592,4780032,2365440,181463552,1460674560,1022214
calibration_final,79,M3_fixed,0.07035187259316444,70.29011535644531,1.9189901649951935e-05,4194,717,209,208,3472,805248,4775,207,0,16,1,38651904,41017344,2365440,181463552,1460674560,1022214
calibration_final,79,M4,0.07034449279308319,70.28470611572266,1.9189901649951935e-05,4194,717,4194,4160,67232,805248,95759,4164,0,16,1,0,2365440,2365440,181463552,1460674560,1022214
calibration_final,80,M0,0.07029887475073338,70.21644592285156,3.693997859954834e-05,4194,717,0,0,0,805248,0,0,0,16,1,0,2365440,2365440,181463552,1460674560,1022214
calibration_final,80,M1,0.07018307410180569,70.10784149169922,3.693997859954834e-05,4194,717,41,41,720,805248,937,41,0,16,1,0,2365440,2365440,181463552,1460674560,1022214
calibration_final,80,M2,0.07105675525963306,70.97539520263672,3.693997859954834e-05,4194,717,209,205,3472,805248,4761,209,0,16,1,2414592,4780032,2365440,181463552,1460674560,1022214
calibration_final,80,M3,0.07060679979622364,70.5268783569336,3.693997859954834e-05,4194,717,209,208,3472,805248,4777,206,0,16,1,2414592,4780032,2365440,181463552,1460674560,1022214
calibration_final,80,M3_fixed,0.06978532765060663,69.69913482666016,3.693997859954834e-05,4194,717,209,208,3472,805248,4777,206,0,16,1,38651904,41017344,2365440,181463552,1461067776,1022214
calibration_final,80,M4,0.07032661326229572,70.24658966064453,3.693997859954834e-05,4194,717,4194,4163,67232,805248,95755,4164,0,16,1,0,2365440,2365440,181463552,1461067776,1022214
calibration_final,81,M0,0.06905636470764875,68.99529266357422,1.8999911844730377e-05,4194,717,0,0,0,805248,0,0,0,16,1,0,2365440,2365440,181463552,1461067776,1022214
calibration_final,81,M1,0.06953595019876957,69.48079681396484,1.8999911844730377e-05,4194,717,41,41,720,805248,938,40,0,16,1,0,2365440,2365440,181463552,1461067776,1022214
calibration_final,81,M2,0.06966686993837357,69.61222076416016,1.8999911844730377e-05,4194,717,209,209,3472,805248,4760,206,0,16,1,2414592,4780032,2365440,181463552,1461067776,1022214
calibration_final,81,M3,0.07063768990337849,70.58112335205078,1.8999911844730377e-05,4194,717,209,208,3472,805248,4777,208,0,16,1,2414592,4780032,2365440,181463552,1461067776,1022214
calibration_final,81,M3_fixed,0.06989634688943624,69.84041595458984,1.8999911844730377e-05,4194,717,209,208,3472,805248,4777,208,0,16,1,38651904,41017344,2365440,181463552,1461067776,1022214
calibration_final,81,M4,0.07022836338728666,70.17308807373047,1.8999911844730377e-05,4194,717,4194,4163,67232,805248,95754,4164,0,16,1,0,2365440,2365440,181463552,1461067776,1022214
calibration_final,82,M0,0.07009562570601702,70.02912139892578,2.326071262359619e-05,4194,717,0,0,0,805248,0,0,0,16,1,0,2365440,2365440,181463552,1461460992,1022214
calibration_final,82,M1,0.07016095519065857,70.1003189086914,2.326071262359619e-05,4194,717,41,39,720,805248,939,40,0,16,1,0,2365440,2365440,181463552,1461460992,1022214
calibration_final,82,M2,0.07064319029450417,70.57987213134766,2.326071262359619e-05,4194,717,209,206,3472,805248,4762,207,0,16,1,0,2365440,2365440,181463552,1461460992,1022214
calibration_final,82,M3,0.07085852883756161,70.79228973388672,2.326071262359619e-05,4194,717,209,206,3472,805248,4781,204,0,16,1,0,2365440,2365440,181463552,1461460992,1022214
calibration_final,82,M3_fixed,0.07016351539641619,70.09788513183594,2.326071262359619e-05,4194,717,209,206,3472,805248,4781,204,0,16,1,38651904,41017344,2365440,181463552,1461460992,1022214
calibration_final,82,M4,0.07371049094945192,73.6480941772461,2.326071262359619e-05,4194,717,4194,4163,67232,805248,95753,4164,0,16,1,0,2365440,2365440,181463552,1461460992,1022214
calibration_final,83,M0,0.06999530643224716,69.93154907226562,2.063065767288208e-05,4194,717,0,0,0,805248,0,0,0,16,1,0,2365440,2365440,181463552,1461460992,1022214
calibration_final,83,M1,0.07013808563351631,70.07968139648438,2.063065767288208e-05,4194,717,41,41,720,805248,937,41,0,16,1,0,2365440,2365440,181463552,1461460992,1022214
calibration_final,83,M2,0.07096096780151129,70.90342712402344,2.063065767288208e-05,4194,717,209,209,3472,805248,4760,208,0,16,1,0,2365440,2365440,181463552,1461460992,1022214
calibration_final,83,M3,0.070443713106215,70.3852767944336,2.063065767288208e-05,4194,717,209,206,3472,805248,4779,208,0,16,1,0,2365440,2365440,181463552,1461460992,1022214
calibration_final,83,M3_fixed,0.06984816771000624,69.78975677490234,2.063065767288208e-05,4194,717,209,206,3472,805248,4779,208,0,16,1,38651904,41017344,2365440,181463552,1461460992,1022214
calibration_final,83,M4,0.07076517026871443,70.70620727539062,2.063065767288208e-05,4194,717,4194,4164,67232,805248,95752,4164,0,16,1,0,2365440,2365440,181463552,1461460992,1022214
calibration_final,84,M0,0.0702811824157834,70.21871948242188,1.9148923456668854e-05,4194,717,0,0,0,805248,0,0,0,16,1,0,2365440,2365440,181463552,1461460992,1022214
calibration_final,84,M1,0.07068180851638317,70.62489318847656,1.9148923456668854e-05,4194,717,41,41,720,805248,937,41,0,16,1,0,2365440,2365440,181463552,1461460992,1022214
calibration_final,84,M2,0.07061687856912613,70.56041717529297,1.9148923456668854e-05,4194,717,209,206,3472,805248,4760,209,0,16,1,0,2365440,2365440,181463552,1461854208,1022214
calibration_final,84,M3,0.07069542910903692,70.63712310791016,1.9148923456668854e-05,4194,717,209,208,3472,805248,4776,209,0,16,1,0,2365440,2365440,181463552,1461854208,1022214
calibration_final,84,M3_fixed,0.06992764584720135,69.87081909179688,1.9148923456668854e-05,4194,717,209,208,3472,805248,4776,209,0,16,1,38651904,41017344,2365440,181463552,1461854208,1022214
calibration_final,84,M4,0.07042170036584139,70.36463928222656,1.9148923456668854e-05,4194,717,4194,4164,67232,805248,95752,4164,0,16,1,0,2365440,2365440,181463552,1461854208,1022214
calibration_final,85,M0,0.07008713390678167,70.025634765625,1.933891326189041e-05,4194,717,0,0,0,805248,0,0,0,16,1,0,2365440,2365440,181463552,1461854208,1022214
calibration_final,85,M1,0.07008012477308512,70.02496337890625,1.933891326189041e-05,4194,717,41,41,720,805248,937,41,0,16,1,0,2365440,2365440,181463552,1461854208,1022214
calibration_final,85,M2,0.0705603789538145,70.50393676757812,1.933891326189041e-05,4194,717,209,209,3472,805248,4763,203,0,16,1,0,2365440,2365440,181463552,1461854208,1022214
calibration_final,85,M3,0.07072411850094795,70.66828918457031,1.933891326189041e-05,4194,717,209,209,3472,805248,4776,208,0,16,1,0,2365440,2365440,181463552,1461854208,1022214
calibration_final,85,M3_fixed,0.0701407641172409,70.08386993408203,1.933891326189041e-05,4194,717,209,209,3472,805248,4776,208,0,16,1,38651904,41017344,2365440,181463552,1462247424,1022214
calibration_final,85,M4,0.07016309257596731,70.10678100585938,1.933891326189041e-05,4194,717,4194,4164,67232,805248,95753,4163,0,16,1,0,2365440,2365440,181463552,1462247424,1022214
calibration_final,86,M0,0.07018212415277958,70.12083435058594,1.8630176782608032e-05,4194,717,0,0,0,805248,0,0,0,16,1,0,2365440,2365440,181463552,1462247424,1022214
calibration_final,86,M1,0.070364142768085,70.30281829833984,1.8630176782608032e-05,4194,717,41,41,720,805248,938,40,0,16,1,0,2365440,2365440,181463552,1462247424,1022214
calibration_final,86,M2,0.07118883542716503,71.12838745117188,1.8630176782608032e-05,4194,717,209,207,3472,805248,4768,204,0,16,1,0,2365440,2365440,181463552,1462247424,1022214
calibration_final,86,M3,0.07041565235704184,70.35874938964844,1.8630176782608032e-05,4194,717,209,208,3472,805248,4777,208,0,16,1,0,2365440,2365440,181463552,1462247424,1022214
calibration_final,86,M3_fixed,0.06989365722984076,69.83785247802734,1.8630176782608032e-05,4194,717,209,208,3472,805248,4777,208,0,16,1,38651904,41017344,2365440,181463552,1462247424,1022214
calibration_final,86,M4,0.07039858214557171,70.3420181274414,1.8630176782608032e-05,4194,717,4194,4164,67232,805248,95753,4164,0,16,1,0,2365440,2365440,181463552,1462247424,1022214
calibration_final,87,M0,0.0702346246689558,70.17161560058594,2.0430423319339752e-05,4194,717,0,0,0,805248,0,0,0,16,1,0,2365440,2365440,181463552,1462640640,1022214
calibration_final,87,M1,0.07020774390548468,70.14848327636719,2.0430423319339752e-05,4194,717,41,40,720,805248,938,41,0,16,1,0,2365440,2365440,181463552,1462640640,1022214
calibration_final,87,M2,0.07037981227040291,70.32240295410156,2.0430423319339752e-05,4194,717,209,207,3472,805248,4766,209,0,16,1,0,2365440,2365440,181463552,1462640640,1022214
calibration_final,87,M3,0.070325443521142,70.26729583740234,2.0430423319339752e-05,4194,717,209,208,3472,805248,4778,207,0,16,1,0,2365440,2365440,181463552,1462640640,1022214
calibration_final,87,M3_fixed,0.0701245553791523,70.06114959716797,2.0430423319339752e-05,4194,717,209,208,3472,805248,4778,207,0,16,1,38651904,41017344,2365440,181463552,1462640640,1022214
calibration_final,87,M4,0.07053820136934519,70.47267150878906,2.0430423319339752e-05,4194,717,4194,4164,67232,805248,95753,4164,0,16,1,0,2365440,2365440,181463552,1462640640,1022214
calibration_final,88,M0,0.07007582392543554,70.00873565673828,2.1588988602161407e-05,4194,717,0,0,0,805248,0,0,0,16,1,0,2365440,2365440,181463552,1462640640,1022214
calibration_final,88,M1,0.07029425352811813,70.22969818115234,2.1588988602161407e-05,4194,717,41,41,720,805248,937,41,0,16,1,0,2365440,2365440,181463552,1462640640,1022214
calibration_final,88,M2,0.07046179939061403,70.40243530273438,2.1588988602161407e-05,4194,717,209,207,3472,805248,4765,208,0,16,1,0,2365440,2365440,181463552,1462640640,1022214
calibration_final,88,M3,0.07050288934260607,70.43612670898438,2.1588988602161407e-05,4194,717,209,206,3472,805248,4779,207,0,16,1,0,2365440,2365440,181463552,1462640640,1022214
calibration_final,88,M3_fixed,0.06996702589094639,69.90889739990234,2.1588988602161407e-05,4194,717,209,206,3472,805248,4779,207,0,16,1,38651904,41017344,2365440,181463552,1462640640,1022214
calibration_final,88,M4,0.07050947938114405,70.45011138916016,2.1588988602161407e-05,4194,717,4194,4164,67232,805248,95753,4164,0,16,1,0,2365440,2365440,181463552,1462640640,1022214
calibration_final,89,M0,0.0702122338116169,70.15110778808594,1.960061490535736e-05,4194,717,0,0,0,805248,0,0,0,16,1,0,2365440,2365440,181463552,1463033856,1022214
calibration_final,89,M1,0.07043697219341993,70.3769302368164,1.960061490535736e-05,4194,717,41,41,720,805248,938,40,0,16,1,0,2365440,2365440,181463552,1463033856,1022214
calibration_final,89,M2,0.07111616712063551,71.05174255371094,1.960061490535736e-05,4194,717,209,208,3472,805248,4764,208,0,16,1,0,2365440,2365440,181463552,1463033856,1022214
calibration_final,89,M3,0.07518699578940868,75.12054443359375,1.960061490535736e-05,4194,717,209,208,3472,805248,4778,207,0,16,1,0,2365440,2365440,181463552,1463033856,1022214
calibration_final,89,M3_fixed,0.07025783322751522,70.1968002319336,1.960061490535736e-05,4194,717,209,208,3472,805248,4778,207,0,16,1,38651904,41017344,2365440,181463552,1463033856,1022214
calibration_final,89,M4,0.07062337081879377,70.56409454345703,1.960061490535736e-05,4194,717,4194,4164,67232,805248,95753,4164,0,16,1,0,2365440,2365440,181463552,1463033856,1022214
calibration_final,90,M0,0.0699891559779644,69.92387390136719,2.1169893443584442e-05,4194,717,0,0,0,805248,0,0,0,16,1,0,2365440,2365440,181463552,1463033856,1022214
calibration_final,90,M1,0.07026373408734798,70.20409393310547,2.1169893443584442e-05,4194,717,41,41,720,805248,938,41,0,16,1,0,2365440,2365440,181463552,1463033856,1022214
calibration_final,90,M2,0.07033528201282024,70.27715301513672,2.1169893443584442e-05,4194,717,209,207,3472,805248,4764,208,0,16,1,0,2365440,2365440,181463552,1463033856,1022214
calibration_final,90,M3,0.0703240130096674,70.26480102539062,2.1169893443584442e-05,4194,717,209,207,3472,805248,4777,209,0,16,1,0,2365440,2365440,181463552,1463033856,1022214
calibration_final,90,M3_fixed,0.07036968320608139,70.30998229980469,2.1169893443584442e-05,4194,717,209,207,3472,805248,4777,209,0,16,1,38651904,41017344,2365440,181463552,1463033856,1022214
calibration_final,90,M4,0.06975426711142063,69.69596862792969,2.1169893443584442e-05,4194,717,4194,4164,67232,805248,95753,4164,0,16,1,0,2365440,2365440,181463552,1463033856,1022214
calibration_final,91,M0,0.0701410248875618,70.07788848876953,1.99098140001297e-05,4194,717,0,0,0,805248,0,0,0,16,1,0,2365440,2365440,181463552,1463033856,1022214
calibration_final,91,M1,0.07017966359853745,70.12348937988281,1.99098140001297e-05,4194,717,41,41,720,805248,938,41,0,16,1,0,2365440,2365440,181463552,1463427072,1022214
calibration_final,91,M2,0.07065575011074543,70.59916687011719,1.99098140001297e-05,4194,717,209,209,3472,805248,4765,206,0,16,1,0,2365440,2365440,181463552,1463427072,1022214
calibration_final,91,M3,0.0742748249322176,74.2179183959961,1.99098140001297e-05,4194,717,209,209,3472,805248,4776,208,0,16,1,0,2365440,2365440,181463552,1463427072,1022214
calibration_final,91,M3_fixed,0.07074189838021994,70.68406677246094,1.99098140001297e-05,4194,717,209,209,3472,805248,4776,208,0,16,1,38651904,41017344,2365440,181463552,1463427072,1022214
calibration_final,91,M4,0.07028151396661997,70.22345733642578,1.99098140001297e-05,4194,717,4194,4164,67232,805248,95753,4164,0,16,1,0,2365440,2365440,181463552,1463427072,1022214
calibration_final,92,M0,0.07045655138790607,70.39478302001953,1.9690021872520447e-05,4194,717,0,0,0,805248,0,0,0,16,1,0,2365440,2365440,181463552,1463427072,1022214
calibration_final,92,M1,0.07019315473735332,70.13542175292969,1.9690021872520447e-05,4194,717,41,41,720,805248,938,41,0,16,1,0,2365440,2365440,181463552,1463427072,1022214
calibration_final,92,M2,0.07073372881859541,70.67750549316406,1.9690021872520447e-05,4194,717,209,208,3472,805248,4766,208,0,16,1,0,2365440,2365440,181463552,1463427072,1022214
calibration_final,92,M3,0.07063878048211336,70.57596588134766,1.9690021872520447e-05,4194,717,209,208,3472,805248,4777,208,0,16,1,0,2365440,2365440,181463552,1463427072,1022214
calibration_final,92,M3_fixed,0.07033909298479557,70.2760009765625,1.9690021872520447e-05,4194,717,209,208,3472,805248,4777,208,0,16,1,38651904,41017344,2365440,181463552,1463427072,1022214
calibration_final,92,M4,0.0706910490989685,70.62739562988281,1.9690021872520447e-05,4194,717,4194,4164,67232,805248,95753,4164,0,16,1,0,2365440,2365440,181463552,1463427072,1022214
calibration_final,93,M0,0.07034831307828426,70.27568054199219,2.143997699022293e-05,4194,717,0,0,0,805248,0,0,0,16,1,0,2365440,2365440,181463552,1463820288,1022214
calibration_final,93,M1,0.07028644252568483,70.22672271728516,2.143997699022293e-05,4194,717,41,41,720,805248,938,41,0,16,1,0,2365440,2365440,181463552,1463820288,1022214
calibration_final,93,M2,0.07069856859743595,70.63692474365234,2.143997699022293e-05,4194,717,209,209,3472,805248,4768,206,0,16,1,0,2365440,2365440,181463552,1463820288,1022214
calibration_final,93,M3,0.07068995852023363,70.62944030761719,2.143997699022293e-05,4194,717,209,208,3472,805248,4777,208,0,16,1,0,2365440,2365440,181463552,1463820288,1022214
calibration_final,93,M3_fixed,0.0702666137367487,70.20585632324219,2.143997699022293e-05,4194,717,209,208,3472,805248,4777,208,0,16,1,38651904,41017344,2365440,181463552,1463820288,1022214
calibration_final,93,M4,0.07054789178073406,70.48896026611328,2.143997699022293e-05,4194,717,4194,4164,67232,805248,95753,4164,0,16,1,0,2365440,2365440,181463552,1463820288,1022214
calibration_final,94,M0,0.07016918435692787,70.10598754882812,1.9470229744911194e-05,4194,717,0,0,0,805248,0,0,0,16,1,0,2365440,2365440,181463552,1463820288,1022214
calibration_final,94,M1,0.07055220101028681,70.49440002441406,1.9470229744911194e-05,4194,717,41,41,720,805248,938,41,0,16,1,0,2365440,2365440,181463552,1463820288,1022214
calibration_final,94,M2,0.0705074118450284,70.45008087158203,1.9470229744911194e-05,4194,717,209,208,3472,805248,4769,208,0,16,1,0,2365440,2365440,181463552,1463820288,1022214
calibration_final,94,M3,0.0705342311412096,70.4776611328125,1.9470229744911194e-05,4194,717,209,208,3472,805248,4777,208,0,16,1,0,2365440,2365440,181463552,1463820288,1022214
calibration_final,94,M3_fixed,0.07010925561189651,70.05158233642578,1.9470229744911194e-05,4194,717,209,208,3472,805248,4777,208,0,16,1,38651904,41017344,2365440,181463552,1463820288,1022214
calibration_final,94,M4,0.07051598187536001,70.45891571044922,1.9470229744911194e-05,4194,717,4194,4164,67232,805248,95753,4164,0,16,1,0,2365440,2365440,181463552,1463820288,1022214
calibration_final,95,M0,0.07037178240716457,70.3089599609375,1.9579194486141205e-05,4194,717,0,0,0,805248,0,0,0,16,1,0,2365440,2365440,181463552,1463820288,1022214
calibration_final,95,M1,0.0702993730083108,70.24291229248047,1.9579194486141205e-05,4194,717,41,40,720,805248,938,41,0,16,1,0,2365440,2365440,181463552,1464213504,1022214
calibration_final,95,M2,0.07054379023611546,70.48655700683594,1.9579194486141205e-05,4194,717,209,207,3472,805248,4769,208,0,16,1,0,2365440,2365440,181463552,1464213504,1022214
calibration_final,95,M3,0.07009010389447212,70.03427124023438,1.9579194486141205e-05,4194,717,209,207,3472,805248,4777,208,0,16,1,0,2365440,2365440,181463552,1464213504,1022214
calibration_final,95,M3_fixed,0.06962623912841082,69.5696029663086,1.9579194486141205e-05,4194,717,209,207,3472,805248,4777,208,0,16,1,38651904,41017344,2365440,181463552,1464213504,1022214
calibration_final,95,M4,0.06978748831897974,69.73158264160156,1.9579194486141205e-05,4194,717,4194,4164,67232,805248,95753,4164,0,16,1,0,2365440,2365440,181463552,1464213504,1022214
