dataset,method,feature,value,event,base,is_fault,kind,tp,fp,iou,eligible_fraction
intel,diffusion/entropy,window,24,copy-000,0,True,copy,0,0,0.0,0.09410801963993454
intel,diffusion/entropy,window,24,copy-001,1,True,copy,0,0,0.0,0.09328968903436989
intel,diffusion/entropy,window,24,copy-002,2,True,copy,0,0,0.0,0.11129296235679215
intel,diffusion/entropy,window,24,copy-003,3,True,copy,0,0,0.0,0.023731587561374796
intel,diffusion/entropy,window,24,copy-004,4,True,copy,0,0,0.0,0.014729950900163666
intel,diffusion/entropy,window,24,copy-005,5,True,copy,0,0,0.0,0.0016366612111292963
intel,diffusion/entropy,window,24,common-006,6,True,common,0,2,0.0,0.05073649754500818
intel,diffusion/entropy,window,24,common-007,7,True,common,1,3,0.16129032258064516,0.04991816693944354
intel,diffusion/entropy,window,24,common-008,0,True,common,0,0,0.0,0.09492635024549918
intel,diffusion/entropy,window,24,common-009,1,True,common,0,0,0.0,0.09328968903436989
intel,diffusion/entropy,window,24,common-010,2,True,common,0,0,0.0,0.11129296235679215
intel,diffusion/entropy,window,24,common-011,3,True,common,0,0,0.0,0.023731587561374796
intel,diffusion/entropy,window,24,decouple-012,4,True,decouple,0,0,0.0,0.014729950900163666
intel,diffusion/entropy,window,24,decouple-013,5,True,decouple,0,0,0.0,0.0016366612111292963
intel,diffusion/entropy,window,24,decouple-014,6,True,decouple,0,1,0.0,0.05073649754500818
intel,diffusion/entropy,window,24,decouple-015,7,True,decouple,0,4,0.0,0.04582651391162029
intel,diffusion/entropy,window,24,decouple-016,0,True,decouple,0,0,0.0,0.09410801963993454
intel,diffusion/entropy,window,24,decouple-017,1,True,decouple,0,0,0.0,0.09574468085106383
intel,diffusion/entropy,window,24,noise-018,2,True,noise,0,0,0.0,0.11129296235679215
intel,diffusion/entropy,window,24,noise-019,3,True,noise,0,0,0.0,0.023731587561374796
intel,diffusion/entropy,window,24,noise-020,4,True,noise,0,0,0.0,0.014729950900163666
intel,diffusion/entropy,window,24,noise-021,5,True,noise,0,0,0.0,0.0016366612111292963
intel,diffusion/entropy,window,24,noise-022,6,True,noise,0,2,0.0,0.05073649754500818
intel,diffusion/entropy,window,24,noise-023,7,True,noise,1,2,0.125,0.04828150572831424
intel,diffusion/entropy,window,24,delay-024,0,True,delay,0,0,0.0,0.09410801963993454
intel,diffusion/entropy,window,24,delay-025,1,True,delay,0,0,0.0,0.0867430441898527
intel,diffusion/entropy,window,24,delay-026,2,True,delay,0,0,0.0,0.11129296235679215
intel,diffusion/entropy,window,24,delay-027,3,True,delay,0,0,0.0,0.023731587561374796
intel,diffusion/entropy,window,24,delay-028,4,True,delay,0,0,0.0,0.014729950900163666
intel,diffusion/entropy,window,24,delay-029,5,True,delay,0,0,0.0,0.0016366612111292963
intel,diffusion/entropy,window,24,drift-030,6,True,drift,0,2,0.0,0.05073649754500818
intel,diffusion/entropy,window,24,drift-031,7,True,drift,1,2,0.38461538461538464,0.05073649754500818
intel,diffusion/entropy,window,24,drift-032,0,True,drift,0,0,0.0,0.09410801963993454
intel,diffusion/entropy,window,24,drift-033,1,True,drift,0,0,0.0,0.09328968903436989
intel,diffusion/entropy,window,24,drift-034,2,True,drift,0,0,0.0,0.11129296235679215
intel,diffusion/entropy,window,24,drift-035,3,True,drift,0,0,0.0,0.023731587561374796
intel,diffusion/entropy,window,24,flatline-036,4,True,flatline,0,0,0.0,0.014729950900163666
intel,diffusion/entropy,window,24,flatline-037,5,True,flatline,0,0,0.0,0.0016366612111292963
intel,diffusion/entropy,window,24,flatline-038,6,True,flatline,1,1,0.0,0.03927986906710311
intel,diffusion/entropy,window,24,flatline-039,7,True,flatline,1,3,0.3333333333333333,0.04582651391162029
intel,diffusion/entropy,window,24,flatline-040,0,True,flatline,0,0,0.0,0.08428805237315876
intel,diffusion/entropy,window,24,flatline-041,1,True,flatline,0,0,0.0,0.07446808510638298
intel,diffusion/entropy,window,24,dropout-042,2,True,dropout,0,0,0.0,0.11129296235679215
intel,diffusion/entropy,window,24,dropout-043,3,True,dropout,0,0,0.0,0.0220949263502455
intel,diffusion/entropy,window,24,dropout-044,4,True,dropout,0,0,0.0,0.014729950900163666
intel,diffusion/entropy,window,24,dropout-045,5,True,dropout,0,0,0.0,0.0016366612111292963
intel,diffusion/entropy,window,24,dropout-046,6,True,dropout,0,2,0.0,0.04337152209492635
intel,diffusion/entropy,window,24,dropout-047,7,True,dropout,1,3,0.2,0.030278232405891982
intel,diffusion/entropy,window,24,anticorrelated-048,0,True,anticorrelated,0,0,0.0,0.09410801963993454
intel,diffusion/entropy,window,24,anticorrelated-049,1,True,anticorrelated,0,0,0.0,0.09328968903436989
intel,diffusion/entropy,window,24,anticorrelated-050,2,True,anticorrelated,0,0,0.0,0.11129296235679215
intel,diffusion/entropy,window,24,anticorrelated-051,3,True,anticorrelated,0,0,0.0,0.023731587561374796
intel,diffusion/entropy,window,24,anticorrelated-052,4,True,anticorrelated,0,0,0.0,0.014729950900163666
intel,diffusion/entropy,window,24,anticorrelated-053,5,True,anticorrelated,0,0,0.0,0.0016366612111292963
intel,diffusion/entropy,window,24,mixed-054,6,True,mixed,0,2,0.0,0.05073649754500818
intel,diffusion/entropy,window,24,mixed-055,7,True,mixed,1,3,0.125,0.05073649754500818
intel,diffusion/entropy,window,24,mixed-056,0,True,mixed,0,0,0.0,0.09492635024549918
intel,diffusion/entropy,window,24,mixed-057,1,True,mixed,0,0,0.0,0.09328968903436989
intel,diffusion/entropy,window,24,mixed-058,2,True,mixed,0,0,0.0,0.11129296235679215
intel,diffusion/entropy,window,24,mixed-059,3,True,mixed,0,0,0.0,0.023731587561374796
intel,diffusion/entropy,window,24,matched_covariance-060,4,True,matched_covariance,0,0,0.0,0.014729950900163666
intel,diffusion/entropy,window,24,matched_covariance-061,5,True,matched_covariance,0,0,0.0,0.0016366612111292963
intel,diffusion/entropy,window,24,matched_covariance-062,6,True,matched_covariance,1,1,0.15384615384615385,0.05073649754500818
intel,diffusion/entropy,window,24,matched_covariance-063,7,True,matched_covariance,0,4,0.0,0.04582651391162029
intel,diffusion/entropy,window,24,matched_covariance-064,0,True,matched_covariance,0,0,0.0,0.09410801963993454
intel,diffusion/entropy,window,24,matched_covariance-065,1,True,matched_covariance,0,0,0.0,0.09328968903436989
intel,diffusion/entropy,window,24,marginal_preserving-066,2,True,marginal_preserving,0,0,0.0,0.11129296235679215
intel,diffusion/entropy,window,24,marginal_preserving-067,3,True,marginal_preserving,0,0,0.0,0.023731587561374796
intel,diffusion/entropy,window,24,marginal_preserving-068,4,True,marginal_preserving,0,0,0.0,0.014729950900163666
intel,diffusion/entropy,window,24,marginal_preserving-069,5,True,marginal_preserving,0,0,0.0,0.0016366612111292963
intel,diffusion/entropy,window,24,marginal_preserving-070,6,True,marginal_preserving,0,2,0.0,0.05073649754500818
intel,diffusion/entropy,window,24,marginal_preserving-071,7,True,marginal_preserving,1,4,0.125,0.04582651391162029
intel,diffusion/entropy,window,24,untouched-000,0,False,untouched,0,0,0.0,0.09410801963993454
intel,diffusion/entropy,window,24,transition-000,0,False,transition,0,0,0.0,0.09492635024549918
intel,diffusion/entropy,window,24,untouched-001,1,False,untouched,0,0,0.0,0.09328968903436989
intel,diffusion/entropy,window,24,transition-001,1,False,transition,0,0,0.0,0.09574468085106383
intel,diffusion/entropy,window,24,untouched-002,2,False,untouched,0,0,0.0,0.11129296235679215
intel,diffusion/entropy,window,24,transition-002,2,False,transition,0,0,0.0,0.11374795417348608
intel,diffusion/entropy,window,24,untouched-003,3,False,untouched,0,0,0.0,0.023731587561374796
intel,diffusion/entropy,window,24,transition-003,3,False,transition,0,0,0.0,0.023731587561374796
intel,diffusion/entropy,window,24,untouched-004,4,False,untouched,0,0,0.0,0.014729950900163666
intel,diffusion/entropy,window,24,transition-004,4,False,transition,0,0,0.0,0.014729950900163666
intel,diffusion/entropy,window,24,untouched-005,5,False,untouched,0,0,0.0,0.0016366612111292963
intel,diffusion/entropy,window,24,transition-005,5,False,transition,0,0,0.0,0.0016366612111292963
intel,diffusion/entropy,window,24,untouched-006,6,False,untouched,0,2,0.0,0.05073649754500818
intel,diffusion/entropy,window,24,transition-006,6,False,transition,0,2,0.0,0.07283142389525368
intel,diffusion/entropy,window,24,untouched-007,7,False,untouched,0,4,0.0,0.04582651391162029
intel,diffusion/entropy,window,24,transition-007,7,False,transition,0,3,0.0,0.088379705400982
intel,diffusion/synchronization,window,24,copy-000,0,True,copy,0,0,0.0,0.09410801963993454
intel,diffusion/synchronization,window,24,copy-001,1,True,copy,0,0,0.0,0.09328968903436989
intel,diffusion/synchronization,window,24,copy-002,2,True,copy,0,0,0.0,0.11129296235679215
intel,diffusion/synchronization,window,24,copy-003,3,True,copy,0,0,0.0,0.023731587561374796
intel,diffusion/synchronization,window,24,copy-004,4,True,copy,0,0,0.0,0.014729950900163666
intel,diffusion/synchronization,window,24,copy-005,5,True,copy,0,0,0.0,0.0016366612111292963
intel,diffusion/synchronization,window,24,common-006,6,True,common,0,4,0.0,0.05073649754500818
intel,diffusion/synchronization,window,24,common-007,7,True,common,0,3,0.0,0.04991816693944354
intel,diffusion/synchronization,window,24,common-008,0,True,common,0,0,0.0,0.09492635024549918
intel,diffusion/synchronization,window,24,common-009,1,True,common,0,0,0.0,0.09328968903436989
intel,diffusion/synchronization,window,24,common-010,2,True,common,0,0,0.0,0.11129296235679215
intel,diffusion/synchronization,window,24,common-011,3,True,common,0,0,0.0,0.023731587561374796
intel,diffusion/synchronization,window,24,decouple-012,4,True,decouple,0,0,0.0,0.014729950900163666
intel,diffusion/synchronization,window,24,decouple-013,5,True,decouple,0,0,0.0,0.0016366612111292963
intel,diffusion/synchronization,window,24,decouple-014,6,True,decouple,1,2,0.15384615384615385,0.05073649754500818
intel,diffusion/synchronization,window,24,decouple-015,7,True,decouple,0,4,0.0,0.04582651391162029
intel,diffusion/synchronization,window,24,decouple-016,0,True,decouple,0,0,0.0,0.09410801963993454
intel,diffusion/synchronization,window,24,decouple-017,1,True,decouple,0,0,0.0,0.09574468085106383
intel,diffusion/synchronization,window,24,noise-018,2,True,noise,0,0,0.0,0.11129296235679215
intel,diffusion/synchronization,window,24,noise-019,3,True,noise,0,0,0.0,0.023731587561374796
intel,diffusion/synchronization,window,24,noise-020,4,True,noise,0,0,0.0,0.014729950900163666
intel,diffusion/synchronization,window,24,noise-021,5,True,noise,0,0,0.0,0.0016366612111292963
intel,diffusion/synchronization,window,24,noise-022,6,True,noise,0,4,0.0,0.05073649754500818
intel,diffusion/synchronization,window,24,noise-023,7,True,noise,1,2,0.2857142857142857,0.04828150572831424
intel,diffusion/synchronization,window,24,delay-024,0,True,delay,0,0,0.0,0.09410801963993454
intel,diffusion/synchronization,window,24,delay-025,1,True,delay,0,0,0.0,0.0867430441898527
intel,diffusion/synchronization,window,24,delay-026,2,True,delay,0,0,0.0,0.11129296235679215
intel,diffusion/synchronization,window,24,delay-027,3,True,delay,0,0,0.0,0.023731587561374796
intel,diffusion/synchronization,window,24,delay-028,4,True,delay,0,0,0.0,0.014729950900163666
intel,diffusion/synchronization,window,24,delay-029,5,True,delay,0,0,0.0,0.0016366612111292963
intel,diffusion/synchronization,window,24,drift-030,6,True,drift,0,4,0.0,0.05073649754500818
intel,diffusion/synchronization,window,24,drift-031,7,True,drift,0,2,0.0,0.05073649754500818
intel,diffusion/synchronization,window,24,drift-032,0,True,drift,0,0,0.0,0.09410801963993454
intel,diffusion/synchronization,window,24,drift-033,1,True,drift,0,0,0.0,0.09328968903436989
intel,diffusion/synchronization,window,24,drift-034,2,True,drift,0,0,0.0,0.11129296235679215
intel,diffusion/synchronization,window,24,drift-035,3,True,drift,0,0,0.0,0.023731587561374796
intel,diffusion/synchronization,window,24,flatline-036,4,True,flatline,0,0,0.0,0.014729950900163666
intel,diffusion/synchronization,window,24,flatline-037,5,True,flatline,0,0,0.0,0.0016366612111292963
intel,diffusion/synchronization,window,24,flatline-038,6,True,flatline,1,2,0.0,0.03927986906710311
intel,diffusion/synchronization,window,24,flatline-039,7,True,flatline,0,4,0.0,0.04582651391162029
intel,diffusion/synchronization,window,24,flatline-040,0,True,flatline,0,1,0.0,0.08428805237315876
intel,diffusion/synchronization,window,24,flatline-041,1,True,flatline,0,0,0.0,0.07446808510638298
intel,diffusion/synchronization,window,24,dropout-042,2,True,dropout,0,0,0.0,0.11129296235679215
intel,diffusion/synchronization,window,24,dropout-043,3,True,dropout,0,0,0.0,0.0220949263502455
intel,diffusion/synchronization,window,24,dropout-044,4,True,dropout,0,0,0.0,0.014729950900163666
intel,diffusion/synchronization,window,24,dropout-045,5,True,dropout,0,0,0.0,0.0016366612111292963
intel,diffusion/synchronization,window,24,dropout-046,6,True,dropout,0,4,0.0,0.04337152209492635
intel,diffusion/synchronization,window,24,dropout-047,7,True,dropout,1,2,0.2,0.030278232405891982
intel,diffusion/synchronization,window,24,anticorrelated-048,0,True,anticorrelated,0,0,0.0,0.09410801963993454
intel,diffusion/synchronization,window,24,anticorrelated-049,1,True,anticorrelated,0,0,0.0,0.09328968903436989
intel,diffusion/synchronization,window,24,anticorrelated-050,2,True,anticorrelated,0,0,0.0,0.11129296235679215
intel,diffusion/synchronization,window,24,anticorrelated-051,3,True,anticorrelated,0,0,0.0,0.023731587561374796
intel,diffusion/synchronization,window,24,anticorrelated-052,4,True,anticorrelated,0,0,0.0,0.014729950900163666
intel,diffusion/synchronization,window,24,anticorrelated-053,5,True,anticorrelated,0,0,0.0,0.0016366612111292963
intel,diffusion/synchronization,window,24,mixed-054,6,True,mixed,0,4,0.0,0.05073649754500818
intel,diffusion/synchronization,window,24,mixed-055,7,True,mixed,0,4,0.0,0.05073649754500818
intel,diffusion/synchronization,window,24,mixed-056,0,True,mixed,0,0,0.0,0.09492635024549918
intel,diffusion/synchronization,window,24,mixed-057,1,True,mixed,0,0,0.0,0.09328968903436989
intel,diffusion/synchronization,window,24,mixed-058,2,True,mixed,0,0,0.0,0.11129296235679215
intel,diffusion/synchronization,window,24,mixed-059,3,True,mixed,0,0,0.0,0.023731587561374796
intel,diffusion/synchronization,window,24,matched_covariance-060,4,True,matched_covariance,0,0,0.0,0.014729950900163666
intel,diffusion/synchronization,window,24,matched_covariance-061,5,True,matched_covariance,0,0,0.0,0.0016366612111292963
intel,diffusion/synchronization,window,24,matched_covariance-062,6,True,matched_covariance,1,3,0.15384615384615385,0.05073649754500818
intel,diffusion/synchronization,window,24,matched_covariance-063,7,True,matched_covariance,0,4,0.0,0.04582651391162029
intel,diffusion/synchronization,window,24,matched_covariance-064,0,True,matched_covariance,0,0,0.0,0.09410801963993454
intel,diffusion/synchronization,window,24,matched_covariance-065,1,True,matched_covariance,0,0,0.0,0.09328968903436989
intel,diffusion/synchronization,window,24,marginal_preserving-066,2,True,marginal_preserving,0,0,0.0,0.11129296235679215
intel,diffusion/synchronization,window,24,marginal_preserving-067,3,True,marginal_preserving,0,0,0.0,0.023731587561374796
intel,diffusion/synchronization,window,24,marginal_preserving-068,4,True,marginal_preserving,0,0,0.0,0.014729950900163666
intel,diffusion/synchronization,window,24,marginal_preserving-069,5,True,marginal_preserving,0,0,0.0,0.0016366612111292963
intel,diffusion/synchronization,window,24,marginal_preserving-070,6,True,marginal_preserving,0,4,0.0,0.05073649754500818
intel,diffusion/synchronization,window,24,marginal_preserving-071,7,True,marginal_preserving,1,2,0.2413793103448276,0.04582651391162029
intel,diffusion/synchronization,window,24,untouched-000,0,False,untouched,0,0,0.0,0.09410801963993454
intel,diffusion/synchronization,window,24,transition-000,0,False,transition,0,0,0.0,0.09492635024549918
intel,diffusion/synchronization,window,24,untouched-001,1,False,untouched,0,0,0.0,0.09328968903436989
intel,diffusion/synchronization,window,24,transition-001,1,False,transition,0,0,0.0,0.09574468085106383
intel,diffusion/synchronization,window,24,untouched-002,2,False,untouched,0,0,0.0,0.11129296235679215
intel,diffusion/synchronization,window,24,transition-002,2,False,transition,0,0,0.0,0.11374795417348608
intel,diffusion/synchronization,window,24,untouched-003,3,False,untouched,0,0,0.0,0.023731587561374796
intel,diffusion/synchronization,window,24,transition-003,3,False,transition,0,0,0.0,0.023731587561374796
intel,diffusion/synchronization,window,24,untouched-004,4,False,untouched,0,0,0.0,0.014729950900163666
intel,diffusion/synchronization,window,24,transition-004,4,False,transition,0,0,0.0,0.014729950900163666
intel,diffusion/synchronization,window,24,untouched-005,5,False,untouched,0,0,0.0,0.0016366612111292963
intel,diffusion/synchronization,window,24,transition-005,5,False,transition,0,0,0.0,0.0016366612111292963
intel,diffusion/synchronization,window,24,untouched-006,6,False,untouched,0,4,0.0,0.05073649754500818
intel,diffusion/synchronization,window,24,transition-006,6,False,transition,0,2,0.0,0.07283142389525368
intel,diffusion/synchronization,window,24,untouched-007,7,False,untouched,0,4,0.0,0.04582651391162029
intel,diffusion/synchronization,window,24,transition-007,7,False,transition,0,2,0.0,0.088379705400982
intel,diffusion/combined,window,24,copy-000,0,True,copy,0,0,0.0,0.09410801963993454
intel,diffusion/combined,window,24,copy-001,1,True,copy,0,0,0.0,0.09328968903436989
intel,diffusion/combined,window,24,copy-002,2,True,copy,0,0,0.0,0.11129296235679215
intel,diffusion/combined,window,24,copy-003,3,True,copy,0,0,0.0,0.023731587561374796
intel,diffusion/combined,window,24,copy-004,4,True,copy,0,0,0.0,0.014729950900163666
intel,diffusion/combined,window,24,copy-005,5,True,copy,0,0,0.0,0.0016366612111292963
intel,diffusion/combined,window,24,common-006,6,True,common,0,2,0.0,0.05073649754500818
intel,diffusion/combined,window,24,common-007,7,True,common,0,3,0.0,0.04991816693944354
intel,diffusion/combined,window,24,common-008,0,True,common,0,0,0.0,0.09492635024549918
intel,diffusion/combined,window,24,common-009,1,True,common,0,0,0.0,0.09328968903436989
intel,diffusion/combined,window,24,common-010,2,True,common,0,0,0.0,0.11129296235679215
intel,diffusion/combined,window,24,common-011,3,True,common,0,0,0.0,0.023731587561374796
intel,diffusion/combined,window,24,decouple-012,4,True,decouple,0,0,0.0,0.014729950900163666
intel,diffusion/combined,window,24,decouple-013,5,True,decouple,0,0,0.0,0.0016366612111292963
intel,diffusion/combined,window,24,decouple-014,6,True,decouple,0,1,0.0,0.05073649754500818
intel,diffusion/combined,window,24,decouple-015,7,True,decouple,0,3,0.0,0.04582651391162029
intel,diffusion/combined,window,24,decouple-016,0,True,decouple,0,0,0.0,0.09410801963993454
intel,diffusion/combined,window,24,decouple-017,1,True,decouple,0,0,0.0,0.09574468085106383
intel,diffusion/combined,window,24,noise-018,2,True,noise,0,0,0.0,0.11129296235679215
intel,diffusion/combined,window,24,noise-019,3,True,noise,0,0,0.0,0.023731587561374796
intel,diffusion/combined,window,24,noise-020,4,True,noise,0,0,0.0,0.014729950900163666
intel,diffusion/combined,window,24,noise-021,5,True,noise,0,0,0.0,0.0016366612111292963
intel,diffusion/combined,window,24,noise-022,6,True,noise,0,2,0.0,0.05073649754500818
intel,diffusion/combined,window,24,noise-023,7,True,noise,1,1,0.2857142857142857,0.04828150572831424
intel,diffusion/combined,window,24,delay-024,0,True,delay,0,0,0.0,0.09410801963993454
intel,diffusion/combined,window,24,delay-025,1,True,delay,0,0,0.0,0.0867430441898527
intel,diffusion/combined,window,24,delay-026,2,True,delay,0,0,0.0,0.11129296235679215
intel,diffusion/combined,window,24,delay-027,3,True,delay,0,0,0.0,0.023731587561374796
intel,diffusion/combined,window,24,delay-028,4,True,delay,0,0,0.0,0.014729950900163666
intel,diffusion/combined,window,24,delay-029,5,True,delay,0,0,0.0,0.0016366612111292963
intel,diffusion/combined,window,24,drift-030,6,True,drift,0,2,0.0,0.05073649754500818
intel,diffusion/combined,window,24,drift-031,7,True,drift,0,2,0.0,0.05073649754500818
intel,diffusion/combined,window,24,drift-032,0,True,drift,0,0,0.0,0.09410801963993454
intel,diffusion/combined,window,24,drift-033,1,True,drift,0,0,0.0,0.09328968903436989
intel,diffusion/combined,window,24,drift-034,2,True,drift,0,0,0.0,0.11129296235679215
intel,diffusion/combined,window,24,drift-035,3,True,drift,0,0,0.0,0.023731587561374796
intel,diffusion/combined,window,24,flatline-036,4,True,flatline,0,0,0.0,0.014729950900163666
intel,diffusion/combined,window,24,flatline-037,5,True,flatline,0,0,0.0,0.0016366612111292963
intel,diffusion/combined,window,24,flatline-038,6,True,flatline,1,1,0.0,0.03927986906710311
intel,diffusion/combined,window,24,flatline-039,7,True,flatline,0,3,0.0,0.04582651391162029
intel,diffusion/combined,window,24,flatline-040,0,True,flatline,0,0,0.0,0.08428805237315876
intel,diffusion/combined,window,24,flatline-041,1,True,flatline,0,0,0.0,0.07446808510638298
intel,diffusion/combined,window,24,dropout-042,2,True,dropout,0,0,0.0,0.11129296235679215
intel,diffusion/combined,window,24,dropout-043,3,True,dropout,0,0,0.0,0.0220949263502455
intel,diffusion/combined,window,24,dropout-044,4,True,dropout,0,0,0.0,0.014729950900163666
intel,diffusion/combined,window,24,dropout-045,5,True,dropout,0,0,0.0,0.0016366612111292963
intel,diffusion/combined,window,24,dropout-046,6,True,dropout,0,2,0.0,0.04337152209492635
intel,diffusion/combined,window,24,dropout-047,7,True,dropout,1,2,0.2,0.030278232405891982
intel,diffusion/combined,window,24,anticorrelated-048,0,True,anticorrelated,0,0,0.0,0.09410801963993454
intel,diffusion/combined,window,24,anticorrelated-049,1,True,anticorrelated,0,0,0.0,0.09328968903436989
intel,diffusion/combined,window,24,anticorrelated-050,2,True,anticorrelated,0,0,0.0,0.11129296235679215
intel,diffusion/combined,window,24,anticorrelated-051,3,True,anticorrelated,0,0,0.0,0.023731587561374796
intel,diffusion/combined,window,24,anticorrelated-052,4,True,anticorrelated,0,0,0.0,0.014729950900163666
intel,diffusion/combined,window,24,anticorrelated-053,5,True,anticorrelated,0,0,0.0,0.0016366612111292963
intel,diffusion/combined,window,24,mixed-054,6,True,mixed,0,2,0.0,0.05073649754500818
intel,diffusion/combined,window,24,mixed-055,7,True,mixed,0,3,0.0,0.05073649754500818
intel,diffusion/combined,window,24,mixed-056,0,True,mixed,0,0,0.0,0.09492635024549918
intel,diffusion/combined,window,24,mixed-057,1,True,mixed,0,0,0.0,0.09328968903436989
intel,diffusion/combined,window,24,mixed-058,2,True,mixed,0,0,0.0,0.11129296235679215
intel,diffusion/combined,window,24,mixed-059,3,True,mixed,0,0,0.0,0.023731587561374796
intel,diffusion/combined,window,24,matched_covariance-060,4,True,matched_covariance,0,0,0.0,0.014729950900163666
intel,diffusion/combined,window,24,matched_covariance-061,5,True,matched_covariance,0,0,0.0,0.0016366612111292963
intel,diffusion/combined,window,24,matched_covariance-062,6,True,matched_covariance,1,1,0.15384615384615385,0.05073649754500818
intel,diffusion/combined,window,24,matched_covariance-063,7,True,matched_covariance,0,3,0.0,0.04582651391162029
intel,diffusion/combined,window,24,matched_covariance-064,0,True,matched_covariance,0,0,0.0,0.09410801963993454
intel,diffusion/combined,window,24,matched_covariance-065,1,True,matched_covariance,0,0,0.0,0.09328968903436989
intel,diffusion/combined,window,24,marginal_preserving-066,2,True,marginal_preserving,0,0,0.0,0.11129296235679215
intel,diffusion/combined,window,24,marginal_preserving-067,3,True,marginal_preserving,0,0,0.0,0.023731587561374796
intel,diffusion/combined,window,24,marginal_preserving-068,4,True,marginal_preserving,0,0,0.0,0.014729950900163666
intel,diffusion/combined,window,24,marginal_preserving-069,5,True,marginal_preserving,0,0,0.0,0.0016366612111292963
intel,diffusion/combined,window,24,marginal_preserving-070,6,True,marginal_preserving,0,2,0.0,0.05073649754500818
intel,diffusion/combined,window,24,marginal_preserving-071,7,True,marginal_preserving,1,3,0.2413793103448276,0.04582651391162029
intel,diffusion/combined,window,24,untouched-000,0,False,untouched,0,0,0.0,0.09410801963993454
intel,diffusion/combined,window,24,transition-000,0,False,transition,0,0,0.0,0.09492635024549918
intel,diffusion/combined,window,24,untouched-001,1,False,untouched,0,0,0.0,0.09328968903436989
intel,diffusion/combined,window,24,transition-001,1,False,transition,0,0,0.0,0.09574468085106383
intel,diffusion/combined,window,24,untouched-002,2,False,untouched,0,0,0.0,0.11129296235679215
intel,diffusion/combined,window,24,transition-002,2,False,transition,0,0,0.0,0.11374795417348608
intel,diffusion/combined,window,24,untouched-003,3,False,untouched,0,0,0.0,0.023731587561374796
intel,diffusion/combined,window,24,transition-003,3,False,transition,0,0,0.0,0.023731587561374796
intel,diffusion/combined,window,24,untouched-004,4,False,untouched,0,0,0.0,0.014729950900163666
intel,diffusion/combined,window,24,transition-004,4,False,transition,0,0,0.0,0.014729950900163666
intel,diffusion/combined,window,24,untouched-005,5,False,untouched,0,0,0.0,0.0016366612111292963
intel,diffusion/combined,window,24,transition-005,5,False,transition,0,0,0.0,0.0016366612111292963
intel,diffusion/combined,window,24,untouched-006,6,False,untouched,0,2,0.0,0.05073649754500818
intel,diffusion/combined,window,24,transition-006,6,False,transition,0,1,0.0,0.07283142389525368
intel,diffusion/combined,window,24,untouched-007,7,False,untouched,0,3,0.0,0.04582651391162029
intel,diffusion/combined,window,24,transition-007,7,False,transition,0,2,0.0,0.088379705400982
intel,diffusion/entropy,window,48,copy-000,0,True,copy,0,0,0.0,0.05824175824175824
intel,diffusion/entropy,window,48,copy-001,1,True,copy,0,0,0.0,0.06373626373626373
intel,diffusion/entropy,window,48,copy-002,2,True,copy,1,1,0.0,0.07362637362637363
intel,diffusion/entropy,window,48,copy-003,3,True,copy,0,1,0.0,0.024725274725274724
intel,diffusion/entropy,window,48,copy-004,4,True,copy,0,0,0.0,0.002197802197802198
intel,diffusion/entropy,window,48,copy-005,5,True,copy,0,0,0.0,0.0
intel,diffusion/entropy,window,48,common-006,6,True,common,0,2,0.0,0.02967032967032967
intel,diffusion/entropy,window,48,common-007,7,True,common,0,1,0.0,0.03791208791208791
intel,diffusion/entropy,window,48,common-008,0,True,common,0,0,0.0,0.05824175824175824
intel,diffusion/entropy,window,48,common-009,1,True,common,1,0,0.2413793103448276,0.06373626373626373
intel,diffusion/entropy,window,48,common-010,2,True,common,0,1,0.0,0.07362637362637363
intel,diffusion/entropy,window,48,common-011,3,True,common,0,1,0.0,0.024725274725274724
intel,diffusion/entropy,window,48,decouple-012,4,True,decouple,0,0,0.0,0.002197802197802198
intel,diffusion/entropy,window,48,decouple-013,5,True,decouple,0,0,0.0,0.0
intel,diffusion/entropy,window,48,decouple-014,6,True,decouple,1,1,0.15384615384615385,0.02967032967032967
intel,diffusion/entropy,window,48,decouple-015,7,True,decouple,0,1,0.0,0.03406593406593406
intel,diffusion/entropy,window,48,decouple-016,0,True,decouple,0,0,0.0,0.05824175824175824
intel,diffusion/entropy,window,48,decouple-017,1,True,decouple,1,0,0.16129032258064516,0.06483516483516484
intel,diffusion/entropy,window,48,noise-018,2,True,noise,0,1,0.0,0.07362637362637363
intel,diffusion/entropy,window,48,noise-019,3,True,noise,0,1,0.0,0.024725274725274724
intel,diffusion/entropy,window,48,noise-020,4,True,noise,0,0,0.0,0.002197802197802198
intel,diffusion/entropy,window,48,noise-021,5,True,noise,0,0,0.0,0.0
intel,diffusion/entropy,window,48,noise-022,6,True,noise,0,1,0.0,0.02967032967032967
intel,diffusion/entropy,window,48,noise-023,7,True,noise,0,1,0.0,0.03571428571428571
intel,diffusion/entropy,window,48,delay-024,0,True,delay,0,0,0.0,0.05824175824175824
intel,diffusion/entropy,window,48,delay-025,1,True,delay,0,0,0.0,0.05989010989010989
intel,diffusion/entropy,window,48,delay-026,2,True,delay,1,1,0.07142857142857142,0.07362637362637363
intel,diffusion/entropy,window,48,delay-027,3,True,delay,0,1,0.0,0.024725274725274724
intel,diffusion/entropy,window,48,delay-028,4,True,delay,0,0,0.0,0.002197802197802198
intel,diffusion/entropy,window,48,delay-029,5,True,delay,0,0,0.0,0.0
intel,diffusion/entropy,window,48,drift-030,6,True,drift,0,1,0.0,0.02967032967032967
intel,diffusion/entropy,window,48,drift-031,7,True,drift,0,1,0.0,0.04010989010989011
intel,diffusion/entropy,window,48,drift-032,0,True,drift,0,0,0.0,0.05824175824175824
intel,diffusion/entropy,window,48,drift-033,1,True,drift,0,0,0.0,0.06373626373626373
intel,diffusion/entropy,window,48,drift-034,2,True,drift,0,1,0.0,0.07362637362637363
intel,diffusion/entropy,window,48,drift-035,3,True,drift,0,1,0.0,0.024725274725274724
intel,diffusion/entropy,window,48,flatline-036,4,True,flatline,0,0,0.0,0.002197802197802198
intel,diffusion/entropy,window,48,flatline-037,5,True,flatline,0,0,0.0,0.0
intel,diffusion/entropy,window,48,flatline-038,6,True,flatline,1,2,0.0,0.023626373626373626
intel,diffusion/entropy,window,48,flatline-039,7,True,flatline,0,1,0.0,0.03406593406593406
intel,diffusion/entropy,window,48,flatline-040,0,True,flatline,0,0,0.0,0.05714285714285714
intel,diffusion/entropy,window,48,flatline-041,1,True,flatline,0,0,0.0,0.054945054945054944
intel,diffusion/entropy,window,48,dropout-042,2,True,dropout,0,2,0.0,0.07362637362637363
intel,diffusion/entropy,window,48,dropout-043,3,True,dropout,0,1,0.0,0.02142857142857143
intel,diffusion/entropy,window,48,dropout-044,4,True,dropout,0,0,0.0,0.002197802197802198
intel,diffusion/entropy,window,48,dropout-045,5,True,dropout,0,0,0.0,0.0
intel,diffusion/entropy,window,48,dropout-046,6,True,dropout,0,2,0.0,0.020879120879120878
intel,diffusion/entropy,window,48,dropout-047,7,True,dropout,0,1,0.0,0.023626373626373626
intel,diffusion/entropy,window,48,anticorrelated-048,0,True,anticorrelated,0,0,0.0,0.05824175824175824
intel,diffusion/entropy,window,48,anticorrelated-049,1,True,anticorrelated,0,0,0.0,0.06373626373626373
intel,diffusion/entropy,window,48,anticorrelated-050,2,True,anticorrelated,1,1,0.1111111111111111,0.07362637362637363
intel,diffusion/entropy,window,48,anticorrelated-051,3,True,anticorrelated,0,1,0.0,0.024725274725274724
intel,diffusion/entropy,window,48,anticorrelated-052,4,True,anticorrelated,0,0,0.0,0.002197802197802198
intel,diffusion/entropy,window,48,anticorrelated-053,5,True,anticorrelated,0,0,0.0,0.0
intel,diffusion/entropy,window,48,mixed-054,6,True,mixed,0,2,0.0,0.02967032967032967
intel,diffusion/entropy,window,48,mixed-055,7,True,mixed,0,1,0.0,0.04010989010989011
intel,diffusion/entropy,window,48,mixed-056,0,True,mixed,0,0,0.0,0.05824175824175824
intel,diffusion/entropy,window,48,mixed-057,1,True,mixed,1,1,0.16129032258064516,0.06373626373626373
intel,diffusion/entropy,window,48,mixed-058,2,True,mixed,0,1,0.0,0.07362637362637363
intel,diffusion/entropy,window,48,mixed-059,3,True,mixed,0,1,0.0,0.024725274725274724
intel,diffusion/entropy,window,48,matched_covariance-060,4,True,matched_covariance,0,0,0.0,0.002197802197802198
intel,diffusion/entropy,window,48,matched_covariance-061,5,True,matched_covariance,0,0,0.0,0.0
intel,diffusion/entropy,window,48,matched_covariance-062,6,True,matched_covariance,0,1,0.0,0.02967032967032967
intel,diffusion/entropy,window,48,matched_covariance-063,7,True,matched_covariance,0,1,0.0,0.03406593406593406
intel,diffusion/entropy,window,48,matched_covariance-064,0,True,matched_covariance,0,0,0.0,0.05824175824175824
intel,diffusion/entropy,window,48,matched_covariance-065,1,True,matched_covariance,0,0,0.0,0.06373626373626373
intel,diffusion/entropy,window,48,marginal_preserving-066,2,True,marginal_preserving,0,2,0.0,0.07362637362637363
intel,diffusion/entropy,window,48,marginal_preserving-067,3,True,marginal_preserving,0,1,0.0,0.024725274725274724
intel,diffusion/entropy,window,48,marginal_preserving-068,4,True,marginal_preserving,0,0,0.0,0.002197802197802198
intel,diffusion/entropy,window,48,marginal_preserving-069,5,True,marginal_preserving,0,0,0.0,0.0
intel,diffusion/entropy,window,48,marginal_preserving-070,6,True,marginal_preserving,0,2,0.0,0.02967032967032967
intel,diffusion/entropy,window,48,marginal_preserving-071,7,True,marginal_preserving,0,1,0.0,0.03406593406593406
intel,diffusion/entropy,window,48,untouched-000,0,False,untouched,0,0,0.0,0.05824175824175824
intel,diffusion/entropy,window,48,transition-000,0,False,transition,0,0,0.0,0.05824175824175824
intel,diffusion/entropy,window,48,untouched-001,1,False,untouched,0,0,0.0,0.06373626373626373
intel,diffusion/entropy,window,48,transition-001,1,False,transition,0,0,0.0,0.06483516483516484
intel,diffusion/entropy,window,48,untouched-002,2,False,untouched,0,2,0.0,0.07362637362637363
intel,diffusion/entropy,window,48,transition-002,2,False,transition,0,1,0.0,0.07362637362637363
intel,diffusion/entropy,window,48,untouched-003,3,False,untouched,0,1,0.0,0.024725274725274724
intel,diffusion/entropy,window,48,transition-003,3,False,transition,0,1,0.0,0.024725274725274724
intel,diffusion/entropy,window,48,untouched-004,4,False,untouched,0,0,0.0,0.002197802197802198
intel,diffusion/entropy,window,48,transition-004,4,False,transition,0,0,0.0,0.002197802197802198
intel,diffusion/entropy,window,48,untouched-005,5,False,untouched,0,0,0.0,0.0
intel,diffusion/entropy,window,48,transition-005,5,False,transition,0,0,0.0,0.0
intel,diffusion/entropy,window,48,untouched-006,6,False,untouched,0,1,0.0,0.02967032967032967
intel,diffusion/entropy,window,48,transition-006,6,False,transition,0,1,0.0,0.045054945054945054
intel,diffusion/entropy,window,48,untouched-007,7,False,untouched,0,1,0.0,0.03406593406593406
intel,diffusion/entropy,window,48,transition-007,7,False,transition,0,1,0.0,0.06538461538461539
intel,diffusion/synchronization,window,48,copy-000,0,True,copy,0,1,0.0,0.05824175824175824
intel,diffusion/synchronization,window,48,copy-001,1,True,copy,1,1,0.09090909090909091,0.06373626373626373
intel,diffusion/synchronization,window,48,copy-002,2,True,copy,1,0,0.0,0.07362637362637363
intel,diffusion/synchronization,window,48,copy-003,3,True,copy,0,1,0.0,0.024725274725274724
intel,diffusion/synchronization,window,48,copy-004,4,True,copy,0,0,0.0,0.002197802197802198
intel,diffusion/synchronization,window,48,copy-005,5,True,copy,0,0,0.0,0.0
intel,diffusion/synchronization,window,48,common-006,6,True,common,0,2,0.0,0.02967032967032967
intel,diffusion/synchronization,window,48,common-007,7,True,common,0,1,0.0,0.03791208791208791
intel,diffusion/synchronization,window,48,common-008,0,True,common,0,1,0.0,0.05824175824175824
intel,diffusion/synchronization,window,48,common-009,1,True,common,1,1,0.2413793103448276,0.06373626373626373
intel,diffusion/synchronization,window,48,common-010,2,True,common,1,1,0.07142857142857142,0.07362637362637363
intel,diffusion/synchronization,window,48,common-011,3,True,common,0,1,0.0,0.024725274725274724
intel,diffusion/synchronization,window,48,decouple-012,4,True,decouple,0,0,0.0,0.002197802197802198
intel,diffusion/synchronization,window,48,decouple-013,5,True,decouple,0,0,0.0,0.0
intel,diffusion/synchronization,window,48,decouple-014,6,True,decouple,1,2,0.15384615384615385,0.02967032967032967
intel,diffusion/synchronization,window,48,decouple-015,7,True,decouple,0,1,0.0,0.03406593406593406
intel,diffusion/synchronization,window,48,decouple-016,0,True,decouple,0,2,0.0,0.05824175824175824
intel,diffusion/synchronization,window,48,decouple-017,1,True,decouple,1,0,0.16129032258064516,0.06483516483516484
intel,diffusion/synchronization,window,48,noise-018,2,True,noise,0,1,0.0,0.07362637362637363
intel,diffusion/synchronization,window,48,noise-019,3,True,noise,0,1,0.0,0.024725274725274724
intel,diffusion/synchronization,window,48,noise-020,4,True,noise,0,0,0.0,0.002197802197802198
intel,diffusion/synchronization,window,48,noise-021,5,True,noise,0,0,0.0,0.0
intel,diffusion/synchronization,window,48,noise-022,6,True,noise,0,2,0.0,0.02967032967032967
intel,diffusion/synchronization,window,48,noise-023,7,True,noise,0,1,0.0,0.03571428571428571
intel,diffusion/synchronization,window,48,delay-024,0,True,delay,0,1,0.0,0.05824175824175824
intel,diffusion/synchronization,window,48,delay-025,1,True,delay,0,1,0.0,0.05989010989010989
intel,diffusion/synchronization,window,48,delay-026,2,True,delay,1,1,0.034482758620689655,0.07362637362637363
intel,diffusion/synchronization,window,48,delay-027,3,True,delay,0,1,0.0,0.024725274725274724
intel,diffusion/synchronization,window,48,delay-028,4,True,delay,0,0,0.0,0.002197802197802198
intel,diffusion/synchronization,window,48,delay-029,5,True,delay,0,0,0.0,0.0
intel,diffusion/synchronization,window,48,drift-030,6,True,drift,0,2,0.0,0.02967032967032967
intel,diffusion/synchronization,window,48,drift-031,7,True,drift,0,1,0.0,0.04010989010989011
intel,diffusion/synchronization,window,48,drift-032,0,True,drift,0,1,0.0,0.05824175824175824
intel,diffusion/synchronization,window,48,drift-033,1,True,drift,0,1,0.0,0.06373626373626373
intel,diffusion/synchronization,window,48,drift-034,2,True,drift,0,1,0.0,0.07362637362637363
intel,diffusion/synchronization,window,48,drift-035,3,True,drift,0,1,0.0,0.024725274725274724
intel,diffusion/synchronization,window,48,flatline-036,4,True,flatline,0,0,0.0,0.002197802197802198
intel,diffusion/synchronization,window,48,flatline-037,5,True,flatline,0,0,0.0,0.0
intel,diffusion/synchronization,window,48,flatline-038,6,True,flatline,1,2,0.0,0.023626373626373626
intel,diffusion/synchronization,window,48,flatline-039,7,True,flatline,0,1,0.0,0.03406593406593406
intel,diffusion/synchronization,window,48,flatline-040,0,True,flatline,0,2,0.0,0.05714285714285714
intel,diffusion/synchronization,window,48,flatline-041,1,True,flatline,1,0,0.2413793103448276,0.054945054945054944
intel,diffusion/synchronization,window,48,dropout-042,2,True,dropout,0,1,0.0,0.07362637362637363
intel,diffusion/synchronization,window,48,dropout-043,3,True,dropout,0,1,0.0,0.02142857142857143
intel,diffusion/synchronization,window,48,dropout-044,4,True,dropout,0,0,0.0,0.002197802197802198
intel,diffusion/synchronization,window,48,dropout-045,5,True,dropout,0,0,0.0,0.0
intel,diffusion/synchronization,window,48,dropout-046,6,True,dropout,0,2,0.0,0.020879120879120878
intel,diffusion/synchronization,window,48,dropout-047,7,True,dropout,0,1,0.0,0.023626373626373626
intel,diffusion/synchronization,window,48,anticorrelated-048,0,True,anticorrelated,0,1,0.0,0.05824175824175824
intel,diffusion/synchronization,window,48,anticorrelated-049,1,True,anticorrelated,1,1,0.125,0.06373626373626373
intel,diffusion/synchronization,window,48,anticorrelated-050,2,True,anticorrelated,1,1,0.2,0.07362637362637363
intel,diffusion/synchronization,window,48,anticorrelated-051,3,True,anticorrelated,0,1,0.0,0.024725274725274724
intel,diffusion/synchronization,window,48,anticorrelated-052,4,True,anticorrelated,0,0,0.0,0.002197802197802198
intel,diffusion/synchronization,window,48,anticorrelated-053,5,True,anticorrelated,0,0,0.0,0.0
intel,diffusion/synchronization,window,48,mixed-054,6,True,mixed,0,2,0.0,0.02967032967032967
intel,diffusion/synchronization,window,48,mixed-055,7,True,mixed,0,1,0.0,0.04010989010989011
intel,diffusion/synchronization,window,48,mixed-056,0,True,mixed,0,1,0.0,0.05824175824175824
intel,diffusion/synchronization,window,48,mixed-057,1,True,mixed,1,2,0.16129032258064516,0.06373626373626373
intel,diffusion/synchronization,window,48,mixed-058,2,True,mixed,1,1,0.1111111111111111,0.07362637362637363
intel,diffusion/synchronization,window,48,mixed-059,3,True,mixed,0,1,0.0,0.024725274725274724
intel,diffusion/synchronization,window,48,matched_covariance-060,4,True,matched_covariance,0,0,0.0,0.002197802197802198
intel,diffusion/synchronization,window,48,matched_covariance-061,5,True,matched_covariance,0,0,0.0,0.0
intel,diffusion/synchronization,window,48,matched_covariance-062,6,True,matched_covariance,1,1,0.15384615384615385,0.02967032967032967
intel,diffusion/synchronization,window,48,matched_covariance-063,7,True,matched_covariance,0,1,0.0,0.03406593406593406
intel,diffusion/synchronization,window,48,matched_covariance-064,0,True,matched_covariance,0,1,0.0,0.05824175824175824
intel,diffusion/synchronization,window,48,matched_covariance-065,1,True,matched_covariance,1,0,0.058823529411764705,0.06373626373626373
intel,diffusion/synchronization,window,48,marginal_preserving-066,2,True,marginal_preserving,0,1,0.0,0.07362637362637363
intel,diffusion/synchronization,window,48,marginal_preserving-067,3,True,marginal_preserving,0,1,0.0,0.024725274725274724
intel,diffusion/synchronization,window,48,marginal_preserving-068,4,True,marginal_preserving,0,0,0.0,0.002197802197802198
intel,diffusion/synchronization,window,48,marginal_preserving-069,5,True,marginal_preserving,0,0,0.0,0.0
intel,diffusion/synchronization,window,48,marginal_preserving-070,6,True,marginal_preserving,1,2,0.1111111111111111,0.02967032967032967
intel,diffusion/synchronization,window,48,marginal_preserving-071,7,True,marginal_preserving,0,1,0.0,0.03406593406593406
intel,diffusion/synchronization,window,48,untouched-000,0,False,untouched,0,1,0.0,0.05824175824175824
intel,diffusion/synchronization,window,48,transition-000,0,False,transition,0,3,0.0,0.05824175824175824
intel,diffusion/synchronization,window,48,untouched-001,1,False,untouched,0,1,0.0,0.06373626373626373
intel,diffusion/synchronization,window,48,transition-001,1,False,transition,0,0,0.0,0.06483516483516484
intel,diffusion/synchronization,window,48,untouched-002,2,False,untouched,0,1,0.0,0.07362637362637363
intel,diffusion/synchronization,window,48,transition-002,2,False,transition,0,2,0.0,0.07362637362637363
intel,diffusion/synchronization,window,48,untouched-003,3,False,untouched,0,1,0.0,0.024725274725274724
intel,diffusion/synchronization,window,48,transition-003,3,False,transition,0,1,0.0,0.024725274725274724
intel,diffusion/synchronization,window,48,untouched-004,4,False,untouched,0,0,0.0,0.002197802197802198
intel,diffusion/synchronization,window,48,transition-004,4,False,transition,0,0,0.0,0.002197802197802198
intel,diffusion/synchronization,window,48,untouched-005,5,False,untouched,0,0,0.0,0.0
intel,diffusion/synchronization,window,48,transition-005,5,False,transition,0,0,0.0,0.0
intel,diffusion/synchronization,window,48,untouched-006,6,False,untouched,0,2,0.0,0.02967032967032967
intel,diffusion/synchronization,window,48,transition-006,6,False,transition,0,1,0.0,0.045054945054945054
intel,diffusion/synchronization,window,48,untouched-007,7,False,untouched,0,1,0.0,0.03406593406593406
intel,diffusion/synchronization,window,48,transition-007,7,False,transition,0,1,0.0,0.06538461538461539
intel,diffusion/combined,window,48,copy-000,0,True,copy,0,1,0.0,0.05824175824175824
intel,diffusion/combined,window,48,copy-001,1,True,copy,1,1,0.09090909090909091,0.06373626373626373
intel,diffusion/combined,window,48,copy-002,2,True,copy,1,1,0.0,0.07362637362637363
intel,diffusion/combined,window,48,copy-003,3,True,copy,0,1,0.0,0.024725274725274724
intel,diffusion/combined,window,48,copy-004,4,True,copy,0,0,0.0,0.002197802197802198
intel,diffusion/combined,window,48,copy-005,5,True,copy,0,0,0.0,0.0
intel,diffusion/combined,window,48,common-006,6,True,common,0,2,0.0,0.02967032967032967
intel,diffusion/combined,window,48,common-007,7,True,common,0,1,0.0,0.03791208791208791
intel,diffusion/combined,window,48,common-008,0,True,common,0,1,0.0,0.05824175824175824
intel,diffusion/combined,window,48,common-009,1,True,common,1,0,0.2413793103448276,0.06373626373626373
intel,diffusion/combined,window,48,common-010,2,True,common,1,1,0.07142857142857142,0.07362637362637363
intel,diffusion/combined,window,48,common-011,3,True,common,0,1,0.0,0.024725274725274724
intel,diffusion/combined,window,48,decouple-012,4,True,decouple,0,0,0.0,0.002197802197802198
intel,diffusion/combined,window,48,decouple-013,5,True,decouple,0,0,0.0,0.0
intel,diffusion/combined,window,48,decouple-014,6,True,decouple,1,1,0.15384615384615385,0.02967032967032967
intel,diffusion/combined,window,48,decouple-015,7,True,decouple,0,1,0.0,0.03406593406593406
intel,diffusion/combined,window,48,decouple-016,0,True,decouple,0,1,0.0,0.05824175824175824
intel,diffusion/combined,window,48,decouple-017,1,True,decouple,1,0,0.16129032258064516,0.06483516483516484
intel,diffusion/combined,window,48,noise-018,2,True,noise,0,1,0.0,0.07362637362637363
intel,diffusion/combined,window,48,noise-019,3,True,noise,0,1,0.0,0.024725274725274724
intel,diffusion/combined,window,48,noise-020,4,True,noise,0,0,0.0,0.002197802197802198
intel,diffusion/combined,window,48,noise-021,5,True,noise,0,0,0.0,0.0
intel,diffusion/combined,window,48,noise-022,6,True,noise,0,1,0.0,0.02967032967032967
intel,diffusion/combined,window,48,noise-023,7,True,noise,0,1,0.0,0.03571428571428571
intel,diffusion/combined,window,48,delay-024,0,True,delay,0,1,0.0,0.05824175824175824
intel,diffusion/combined,window,48,delay-025,1,True,delay,0,0,0.0,0.05989010989010989
intel,diffusion/combined,window,48,delay-026,2,True,delay,1,2,0.07142857142857142,0.07362637362637363
intel,diffusion/combined,window,48,delay-027,3,True,delay,0,1,0.0,0.024725274725274724
intel,diffusion/combined,window,48,delay-028,4,True,delay,0,0,0.0,0.002197802197802198
intel,diffusion/combined,window,48,delay-029,5,True,delay,0,0,0.0,0.0
intel,diffusion/combined,window,48,drift-030,6,True,drift,0,1,0.0,0.02967032967032967
intel,diffusion/combined,window,48,drift-031,7,True,drift,0,1,0.0,0.04010989010989011
intel,diffusion/combined,window,48,drift-032,0,True,drift,0,1,0.0,0.05824175824175824
intel,diffusion/combined,window,48,drift-033,1,True,drift,0,0,0.0,0.06373626373626373
intel,diffusion/combined,window,48,drift-034,2,True,drift,0,1,0.0,0.07362637362637363
intel,diffusion/combined,window,48,drift-035,3,True,drift,0,1,0.0,0.024725274725274724
intel,diffusion/combined,window,48,flatline-036,4,True,flatline,0,0,0.0,0.002197802197802198
intel,diffusion/combined,window,48,flatline-037,5,True,flatline,0,0,0.0,0.0
intel,diffusion/combined,window,48,flatline-038,6,True,flatline,1,2,0.0,0.023626373626373626
intel,diffusion/combined,window,48,flatline-039,7,True,flatline,0,1,0.0,0.03406593406593406
intel,diffusion/combined,window,48,flatline-040,0,True,flatline,0,1,0.0,0.05714285714285714
intel,diffusion/combined,window,48,flatline-041,1,True,flatline,1,0,0.2413793103448276,0.054945054945054944
intel,diffusion/combined,window,48,dropout-042,2,True,dropout,0,2,0.0,0.07362637362637363
intel,diffusion/combined,window,48,dropout-043,3,True,dropout,0,1,0.0,0.02142857142857143
intel,diffusion/combined,window,48,dropout-044,4,True,dropout,0,0,0.0,0.002197802197802198
intel,diffusion/combined,window,48,dropout-045,5,True,dropout,0,0,0.0,0.0
intel,diffusion/combined,window,48,dropout-046,6,True,dropout,0,2,0.0,0.020879120879120878
intel,diffusion/combined,window,48,dropout-047,7,True,dropout,0,1,0.0,0.023626373626373626
intel,diffusion/combined,window,48,anticorrelated-048,0,True,anticorrelated,0,1,0.0,0.05824175824175824
intel,diffusion/combined,window,48,anticorrelated-049,1,True,anticorrelated,1,0,0.125,0.06373626373626373
intel,diffusion/combined,window,48,anticorrelated-050,2,True,anticorrelated,1,2,0.2,0.07362637362637363
intel,diffusion/combined,window,48,anticorrelated-051,3,True,anticorrelated,0,1,0.0,0.024725274725274724
intel,diffusion/combined,window,48,anticorrelated-052,4,True,anticorrelated,0,0,0.0,0.002197802197802198
intel,diffusion/combined,window,48,anticorrelated-053,5,True,anticorrelated,0,0,0.0,0.0
intel,diffusion/combined,window,48,mixed-054,6,True,mixed,0,2,0.0,0.02967032967032967
intel,diffusion/combined,window,48,mixed-055,7,True,mixed,0,1,0.0,0.04010989010989011
intel,diffusion/combined,window,48,mixed-056,0,True,mixed,0,1,0.0,0.05824175824175824
intel,diffusion/combined,window,48,mixed-057,1,True,mixed,1,1,0.16129032258064516,0.06373626373626373
intel,diffusion/combined,window,48,mixed-058,2,True,mixed,1,1,0.1111111111111111,0.07362637362637363
intel,diffusion/combined,window,48,mixed-059,3,True,mixed,0,1,0.0,0.024725274725274724
intel,diffusion/combined,window,48,matched_covariance-060,4,True,matched_covariance,0,0,0.0,0.002197802197802198
intel,diffusion/combined,window,48,matched_covariance-061,5,True,matched_covariance,0,0,0.0,0.0
intel,diffusion/combined,window,48,matched_covariance-062,6,True,matched_covariance,0,1,0.0,0.02967032967032967
intel,diffusion/combined,window,48,matched_covariance-063,7,True,matched_covariance,0,1,0.0,0.03406593406593406
intel,diffusion/combined,window,48,matched_covariance-064,0,True,matched_covariance,0,1,0.0,0.05824175824175824
intel,diffusion/combined,window,48,matched_covariance-065,1,True,matched_covariance,0,0,0.0,0.06373626373626373
intel,diffusion/combined,window,48,marginal_preserving-066,2,True,marginal_preserving,0,2,0.0,0.07362637362637363
intel,diffusion/combined,window,48,marginal_preserving-067,3,True,marginal_preserving,0,1,0.0,0.024725274725274724
intel,diffusion/combined,window,48,marginal_preserving-068,4,True,marginal_preserving,0,0,0.0,0.002197802197802198
intel,diffusion/combined,window,48,marginal_preserving-069,5,True,marginal_preserving,0,0,0.0,0.0
intel,diffusion/combined,window,48,marginal_preserving-070,6,True,marginal_preserving,1,2,0.1111111111111111,0.02967032967032967
intel,diffusion/combined,window,48,marginal_preserving-071,7,True,marginal_preserving,0,1,0.0,0.03406593406593406
intel,diffusion/combined,window,48,untouched-000,0,False,untouched,0,1,0.0,0.05824175824175824
intel,diffusion/combined,window,48,transition-000,0,False,transition,0,3,0.0,0.05824175824175824
intel,diffusion/combined,window,48,untouched-001,1,False,untouched,0,0,0.0,0.06373626373626373
intel,diffusion/combined,window,48,transition-001,1,False,transition,0,0,0.0,0.06483516483516484
intel,diffusion/combined,window,48,untouched-002,2,False,untouched,0,2,0.0,0.07362637362637363
intel,diffusion/combined,window,48,transition-002,2,False,transition,0,2,0.0,0.07362637362637363
intel,diffusion/combined,window,48,untouched-003,3,False,untouched,0,1,0.0,0.024725274725274724
intel,diffusion/combined,window,48,transition-003,3,False,transition,0,1,0.0,0.024725274725274724
intel,diffusion/combined,window,48,untouched-004,4,False,untouched,0,0,0.0,0.002197802197802198
intel,diffusion/combined,window,48,transition-004,4,False,transition,0,0,0.0,0.002197802197802198
intel,diffusion/combined,window,48,untouched-005,5,False,untouched,0,0,0.0,0.0
intel,diffusion/combined,window,48,transition-005,5,False,transition,0,0,0.0,0.0
intel,diffusion/combined,window,48,untouched-006,6,False,untouched,0,1,0.0,0.02967032967032967
intel,diffusion/combined,window,48,transition-006,6,False,transition,0,1,0.0,0.045054945054945054
intel,diffusion/combined,window,48,untouched-007,7,False,untouched,0,1,0.0,0.03406593406593406
intel,diffusion/combined,window,48,transition-007,7,False,transition,0,1,0.0,0.06538461538461539
intel,diffusion/entropy,window,96,copy-000,0,True,copy,0,0,0.0,0.05714285714285714
intel,diffusion/entropy,window,96,copy-001,1,True,copy,0,0,0.0,0.06043956043956044
intel,diffusion/entropy,window,96,copy-002,2,True,copy,1,0,0.0,0.06483516483516484
intel,diffusion/entropy,window,96,copy-003,3,True,copy,0,1,0.0,0.03461538461538462
intel,diffusion/entropy,window,96,copy-004,4,True,copy,0,0,0.0,0.0
intel,diffusion/entropy,window,96,copy-005,5,True,copy,0,0,0.0,0.0
intel,diffusion/entropy,window,96,common-006,6,True,common,1,0,0.2,0.022527472527472527
intel,diffusion/entropy,window,96,common-007,7,True,common,0,1,0.0,0.035164835164835165
intel,diffusion/entropy,window,96,common-008,0,True,common,0,0,0.0,0.05714285714285714
intel,diffusion/entropy,window,96,common-009,1,True,common,0,0,0.0,0.06043956043956044
intel,diffusion/entropy,window,96,common-010,2,True,common,0,1,0.0,0.06483516483516484
intel,diffusion/entropy,window,96,common-011,3,True,common,0,1,0.0,0.03461538461538462
intel,diffusion/entropy,window,96,decouple-012,4,True,decouple,0,0,0.0,0.0
intel,diffusion/entropy,window,96,decouple-013,5,True,decouple,0,0,0.0,0.0
intel,diffusion/entropy,window,96,decouple-014,6,True,decouple,1,0,0.15384615384615385,0.022527472527472527
intel,diffusion/entropy,window,96,decouple-015,7,True,decouple,0,1,0.0,0.03131868131868132
intel,diffusion/entropy,window,96,decouple-016,0,True,decouple,0,0,0.0,0.05714285714285714
intel,diffusion/entropy,window,96,decouple-017,1,True,decouple,0,0,0.0,0.06043956043956044
intel,diffusion/entropy,window,96,noise-018,2,True,noise,0,1,0.0,0.06483516483516484
intel,diffusion/entropy,window,96,noise-019,3,True,noise,0,1,0.0,0.03461538461538462
intel,diffusion/entropy,window,96,noise-020,4,True,noise,0,0,0.0,0.0
intel,diffusion/entropy,window,96,noise-021,5,True,noise,0,0,0.0,0.0
intel,diffusion/entropy,window,96,noise-022,6,True,noise,1,0,0.1111111111111111,0.02197802197802198
intel,diffusion/entropy,window,96,noise-023,7,True,noise,0,1,0.0,0.03131868131868132
intel,diffusion/entropy,window,96,delay-024,0,True,delay,0,0,0.0,0.05714285714285714
intel,diffusion/entropy,window,96,delay-025,1,True,delay,0,1,0.0,0.05824175824175824
intel,diffusion/entropy,window,96,delay-026,2,True,delay,1,0,0.07142857142857142,0.06483516483516484
intel,diffusion/entropy,window,96,delay-027,3,True,delay,0,1,0.0,0.03461538461538462
intel,diffusion/entropy,window,96,delay-028,4,True,delay,0,0,0.0,0.0
intel,diffusion/entropy,window,96,delay-029,5,True,delay,0,0,0.0,0.0
intel,diffusion/entropy,window,96,drift-030,6,True,drift,1,0,0.2,0.02197802197802198
intel,diffusion/entropy,window,96,drift-031,7,True,drift,0,1,0.0,0.03626373626373627
intel,diffusion/entropy,window,96,drift-032,0,True,drift,0,0,0.0,0.05714285714285714
intel,diffusion/entropy,window,96,drift-033,1,True,drift,0,1,0.0,0.06043956043956044
intel,diffusion/entropy,window,96,drift-034,2,True,drift,0,1,0.0,0.06483516483516484
intel,diffusion/entropy,window,96,drift-035,3,True,drift,0,1,0.0,0.03461538461538462
intel,diffusion/entropy,window,96,flatline-036,4,True,flatline,0,0,0.0,0.0
intel,diffusion/entropy,window,96,flatline-037,5,True,flatline,0,0,0.0,0.0
intel,diffusion/entropy,window,96,flatline-038,6,True,flatline,1,0,0.0,0.020879120879120878
intel,diffusion/entropy,window,96,flatline-039,7,True,flatline,0,1,0.0,0.03131868131868132
intel,diffusion/entropy,window,96,flatline-040,0,True,flatline,0,0,0.0,0.05714285714285714
intel,diffusion/entropy,window,96,flatline-041,1,True,flatline,0,0,0.0,0.05824175824175824
intel,diffusion/entropy,window,96,dropout-042,2,True,dropout,0,1,0.0,0.06483516483516484
intel,diffusion/entropy,window,96,dropout-043,3,True,dropout,0,1,0.0,0.025824175824175823
intel,diffusion/entropy,window,96,dropout-044,4,True,dropout,0,0,0.0,0.0
intel,diffusion/entropy,window,96,dropout-045,5,True,dropout,0,0,0.0,0.0
intel,diffusion/entropy,window,96,dropout-046,6,True,dropout,1,1,0.034482758620689655,0.00989010989010989
intel,diffusion/entropy,window,96,dropout-047,7,True,dropout,0,1,0.0,0.02032967032967033
intel,diffusion/entropy,window,96,anticorrelated-048,0,True,anticorrelated,0,0,0.0,0.05714285714285714
intel,diffusion/entropy,window,96,anticorrelated-049,1,True,anticorrelated,1,1,0.16129032258064516,0.06043956043956044
intel,diffusion/entropy,window,96,anticorrelated-050,2,True,anticorrelated,1,0,0.2,0.06483516483516484
intel,diffusion/entropy,window,96,anticorrelated-051,3,True,anticorrelated,0,1,0.0,0.03461538461538462
intel,diffusion/entropy,window,96,anticorrelated-052,4,True,anticorrelated,0,0,0.0,0.0
intel,diffusion/entropy,window,96,anticorrelated-053,5,True,anticorrelated,0,0,0.0,0.0
intel,diffusion/entropy,window,96,mixed-054,6,True,mixed,1,0,0.1111111111111111,0.023626373626373626
intel,diffusion/entropy,window,96,mixed-055,7,True,mixed,0,1,0.0,0.03626373626373627
intel,diffusion/entropy,window,96,mixed-056,0,True,mixed,0,0,0.0,0.05714285714285714
intel,diffusion/entropy,window,96,mixed-057,1,True,mixed,0,1,0.0,0.06043956043956044
intel,diffusion/entropy,window,96,mixed-058,2,True,mixed,0,1,0.0,0.06483516483516484
intel,diffusion/entropy,window,96,mixed-059,3,True,mixed,0,1,0.0,0.03461538461538462
intel,diffusion/entropy,window,96,matched_covariance-060,4,True,matched_covariance,0,0,0.0,0.0
intel,diffusion/entropy,window,96,matched_covariance-061,5,True,matched_covariance,0,0,0.0,0.0
intel,diffusion/entropy,window,96,matched_covariance-062,6,True,matched_covariance,1,0,0.1111111111111111,0.02197802197802198
intel,diffusion/entropy,window,96,matched_covariance-063,7,True,matched_covariance,0,1,0.0,0.03131868131868132
intel,diffusion/entropy,window,96,matched_covariance-064,0,True,matched_covariance,0,0,0.0,0.05714285714285714
intel,diffusion/entropy,window,96,matched_covariance-065,1,True,matched_covariance,1,0,0.058823529411764705,0.06043956043956044
intel,diffusion/entropy,window,96,marginal_preserving-066,2,True,marginal_preserving,0,1,0.0,0.06483516483516484
intel,diffusion/entropy,window,96,marginal_preserving-067,3,True,marginal_preserving,0,1,0.0,0.03461538461538462
intel,diffusion/entropy,window,96,marginal_preserving-068,4,True,marginal_preserving,0,0,0.0,0.0
intel,diffusion/entropy,window,96,marginal_preserving-069,5,True,marginal_preserving,0,0,0.0,0.0
intel,diffusion/entropy,window,96,marginal_preserving-070,6,True,marginal_preserving,1,0,0.2,0.02197802197802198
intel,diffusion/entropy,window,96,marginal_preserving-071,7,True,marginal_preserving,0,1,0.0,0.03131868131868132
intel,diffusion/entropy,window,96,untouched-000,0,False,untouched,0,0,0.0,0.05714285714285714
intel,diffusion/entropy,window,96,transition-000,0,False,transition,0,0,0.0,0.05714285714285714
intel,diffusion/entropy,window,96,untouched-001,1,False,untouched,0,1,0.0,0.06043956043956044
intel,diffusion/entropy,window,96,transition-001,1,False,transition,0,1,0.0,0.06043956043956044
intel,diffusion/entropy,window,96,untouched-002,2,False,untouched,0,1,0.0,0.06483516483516484
intel,diffusion/entropy,window,96,transition-002,2,False,transition,0,1,0.0,0.06483516483516484
intel,diffusion/entropy,window,96,untouched-003,3,False,untouched,0,1,0.0,0.03461538461538462
intel,diffusion/entropy,window,96,transition-003,3,False,transition,0,1,0.0,0.03461538461538462
intel,diffusion/entropy,window,96,untouched-004,4,False,untouched,0,0,0.0,0.0
intel,diffusion/entropy,window,96,transition-004,4,False,transition,0,0,0.0,0.0
intel,diffusion/entropy,window,96,untouched-005,5,False,untouched,0,0,0.0,0.0
intel,diffusion/entropy,window,96,transition-005,5,False,transition,0,0,0.0,0.0
intel,diffusion/entropy,window,96,untouched-006,6,False,untouched,0,1,0.0,0.02197802197802198
intel,diffusion/entropy,window,96,transition-006,6,False,transition,0,1,0.0,0.035164835164835165
intel,diffusion/entropy,window,96,untouched-007,7,False,untouched,0,1,0.0,0.03131868131868132
intel,diffusion/entropy,window,96,transition-007,7,False,transition,0,1,0.0,0.05879120879120879
intel,diffusion/synchronization,window,96,copy-000,0,True,copy,0,3,0.0,0.05714285714285714
intel,diffusion/synchronization,window,96,copy-001,1,True,copy,0,2,0.0,0.06043956043956044
intel,diffusion/synchronization,window,96,copy-002,2,True,copy,1,1,0.0,0.06483516483516484
intel,diffusion/synchronization,window,96,copy-003,3,True,copy,0,1,0.0,0.03461538461538462
intel,diffusion/synchronization,window,96,copy-004,4,True,copy,0,0,0.0,0.0
intel,diffusion/synchronization,window,96,copy-005,5,True,copy,0,0,0.0,0.0
intel,diffusion/synchronization,window,96,common-006,6,True,common,1,0,0.2,0.022527472527472527
intel,diffusion/synchronization,window,96,common-007,7,True,common,0,1,0.0,0.035164835164835165
intel,diffusion/synchronization,window,96,common-008,0,True,common,1,2,0.034482758620689655,0.05714285714285714
intel,diffusion/synchronization,window,96,common-009,1,True,common,0,1,0.0,0.06043956043956044
intel,diffusion/synchronization,window,96,common-010,2,True,common,0,2,0.0,0.06483516483516484
intel,diffusion/synchronization,window,96,common-011,3,True,common,1,1,0.16129032258064516,0.03461538461538462
intel,diffusion/synchronization,window,96,decouple-012,4,True,decouple,0,0,0.0,0.0
intel,diffusion/synchronization,window,96,decouple-013,5,True,decouple,0,0,0.0,0.0
intel,diffusion/synchronization,window,96,decouple-014,6,True,decouple,1,2,0.15384615384615385,0.022527472527472527
intel,diffusion/synchronization,window,96,decouple-015,7,True,decouple,0,1,0.0,0.03131868131868132
intel,diffusion/synchronization,window,96,decouple-016,0,True,decouple,1,2,0.1111111111111111,0.05714285714285714
intel,diffusion/synchronization,window,96,decouple-017,1,True,decouple,1,1,0.16129032258064516,0.06043956043956044
intel,diffusion/synchronization,window,96,noise-018,2,True,noise,0,2,0.0,0.06483516483516484
intel,diffusion/synchronization,window,96,noise-019,3,True,noise,1,1,0.2,0.03461538461538462
intel,diffusion/synchronization,window,96,noise-020,4,True,noise,0,0,0.0,0.0
intel,diffusion/synchronization,window,96,noise-021,5,True,noise,0,0,0.0,0.0
intel,diffusion/synchronization,window,96,noise-022,6,True,noise,1,0,0.1111111111111111,0.02197802197802198
intel,diffusion/synchronization,window,96,noise-023,7,True,noise,0,1,0.0,0.03131868131868132
intel,diffusion/synchronization,window,96,delay-024,0,True,delay,0,3,0.0,0.05714285714285714
intel,diffusion/synchronization,window,96,delay-025,1,True,delay,0,1,0.0,0.05824175824175824
intel,diffusion/synchronization,window,96,delay-026,2,True,delay,1,1,0.07142857142857142,0.06483516483516484
intel,diffusion/synchronization,window,96,delay-027,3,True,delay,0,2,0.0,0.03461538461538462
intel,diffusion/synchronization,window,96,delay-028,4,True,delay,0,0,0.0,0.0
intel,diffusion/synchronization,window,96,delay-029,5,True,delay,0,0,0.0,0.0
intel,diffusion/synchronization,window,96,drift-030,6,True,drift,1,0,0.2,0.02197802197802198
intel,diffusion/synchronization,window,96,drift-031,7,True,drift,0,1,0.0,0.03626373626373627
intel,diffusion/synchronization,window,96,drift-032,0,True,drift,1,2,0.1111111111111111,0.05714285714285714
intel,diffusion/synchronization,window,96,drift-033,1,True,drift,0,1,0.0,0.06043956043956044
intel,diffusion/synchronization,window,96,drift-034,2,True,drift,1,2,0.034482758620689655,0.06483516483516484
intel,diffusion/synchronization,window,96,drift-035,3,True,drift,1,1,0.3333333333333333,0.03461538461538462
intel,diffusion/synchronization,window,96,flatline-036,4,True,flatline,0,0,0.0,0.0
intel,diffusion/synchronization,window,96,flatline-037,5,True,flatline,0,0,0.0,0.0
intel,diffusion/synchronization,window,96,flatline-038,6,True,flatline,1,0,0.0,0.020879120879120878
intel,diffusion/synchronization,window,96,flatline-039,7,True,flatline,0,1,0.0,0.03131868131868132
intel,diffusion/synchronization,window,96,flatline-040,0,True,flatline,0,2,0.0,0.05714285714285714
intel,diffusion/synchronization,window,96,flatline-041,1,True,flatline,1,1,0.2413793103448276,0.05824175824175824
intel,diffusion/synchronization,window,96,dropout-042,2,True,dropout,0,2,0.0,0.06483516483516484
intel,diffusion/synchronization,window,96,dropout-043,3,True,dropout,0,1,0.0,0.025824175824175823
intel,diffusion/synchronization,window,96,dropout-044,4,True,dropout,0,0,0.0,0.0
intel,diffusion/synchronization,window,96,dropout-045,5,True,dropout,0,0,0.0,0.0
intel,diffusion/synchronization,window,96,dropout-046,6,True,dropout,0,1,0.0,0.00989010989010989
intel,diffusion/synchronization,window,96,dropout-047,7,True,dropout,0,1,0.0,0.02032967032967033
intel,diffusion/synchronization,window,96,anticorrelated-048,0,True,anticorrelated,0,3,0.0,0.05714285714285714
intel,diffusion/synchronization,window,96,anticorrelated-049,1,True,anticorrelated,1,1,0.16129032258064516,0.06043956043956044
intel,diffusion/synchronization,window,96,anticorrelated-050,2,True,anticorrelated,1,1,0.1111111111111111,0.06483516483516484
intel,diffusion/synchronization,window,96,anticorrelated-051,3,True,anticorrelated,0,2,0.0,0.03461538461538462
intel,diffusion/synchronization,window,96,anticorrelated-052,4,True,anticorrelated,0,0,0.0,0.0
intel,diffusion/synchronization,window,96,anticorrelated-053,5,True,anticorrelated,0,0,0.0,0.0
intel,diffusion/synchronization,window,96,mixed-054,6,True,mixed,1,2,0.1111111111111111,0.023626373626373626
intel,diffusion/synchronization,window,96,mixed-055,7,True,mixed,0,1,0.0,0.03626373626373627
intel,diffusion/synchronization,window,96,mixed-056,0,True,mixed,1,2,0.1111111111111111,0.05714285714285714
intel,diffusion/synchronization,window,96,mixed-057,1,True,mixed,0,1,0.0,0.06043956043956044
intel,diffusion/synchronization,window,96,mixed-058,2,True,mixed,0,2,0.0,0.06483516483516484
intel,diffusion/synchronization,window,96,mixed-059,3,True,mixed,1,1,0.2,0.03461538461538462
intel,diffusion/synchronization,window,96,matched_covariance-060,4,True,matched_covariance,0,0,0.0,0.0
intel,diffusion/synchronization,window,96,matched_covariance-061,5,True,matched_covariance,0,0,0.0,0.0
intel,diffusion/synchronization,window,96,matched_covariance-062,6,True,matched_covariance,1,0,0.1111111111111111,0.02197802197802198
intel,diffusion/synchronization,window,96,matched_covariance-063,7,True,matched_covariance,0,1,0.0,0.03131868131868132
intel,diffusion/synchronization,window,96,matched_covariance-064,0,True,matched_covariance,1,2,0.07142857142857142,0.05714285714285714
intel,diffusion/synchronization,window,96,matched_covariance-065,1,True,matched_covariance,1,0,0.058823529411764705,0.06043956043956044
intel,diffusion/synchronization,window,96,marginal_preserving-066,2,True,marginal_preserving,0,2,0.0,0.06483516483516484
intel,diffusion/synchronization,window,96,marginal_preserving-067,3,True,marginal_preserving,1,1,0.3333333333333333,0.03461538461538462
intel,diffusion/synchronization,window,96,marginal_preserving-068,4,True,marginal_preserving,0,0,0.0,0.0
intel,diffusion/synchronization,window,96,marginal_preserving-069,5,True,marginal_preserving,0,0,0.0,0.0
intel,diffusion/synchronization,window,96,marginal_preserving-070,6,True,marginal_preserving,1,0,0.2,0.02197802197802198
intel,diffusion/synchronization,window,96,marginal_preserving-071,7,True,marginal_preserving,0,1,0.0,0.03131868131868132
intel,diffusion/synchronization,window,96,untouched-000,0,False,untouched,0,3,0.0,0.05714285714285714
intel,diffusion/synchronization,window,96,transition-000,0,False,transition,0,2,0.0,0.05714285714285714
intel,diffusion/synchronization,window,96,untouched-001,1,False,untouched,0,1,0.0,0.06043956043956044
intel,diffusion/synchronization,window,96,transition-001,1,False,transition,0,0,0.0,0.06043956043956044
intel,diffusion/synchronization,window,96,untouched-002,2,False,untouched,0,2,0.0,0.06483516483516484
intel,diffusion/synchronization,window,96,transition-002,2,False,transition,0,4,0.0,0.06483516483516484
intel,diffusion/synchronization,window,96,untouched-003,3,False,untouched,0,2,0.0,0.03461538461538462
intel,diffusion/synchronization,window,96,transition-003,3,False,transition,0,2,0.0,0.03461538461538462
intel,diffusion/synchronization,window,96,untouched-004,4,False,untouched,0,0,0.0,0.0
intel,diffusion/synchronization,window,96,transition-004,4,False,transition,0,0,0.0,0.0
intel,diffusion/synchronization,window,96,untouched-005,5,False,untouched,0,0,0.0,0.0
intel,diffusion/synchronization,window,96,transition-005,5,False,transition,0,0,0.0,0.0
intel,diffusion/synchronization,window,96,untouched-006,6,False,untouched,0,1,0.0,0.02197802197802198
intel,diffusion/synchronization,window,96,transition-006,6,False,transition,0,1,0.0,0.035164835164835165
intel,diffusion/synchronization,window,96,untouched-007,7,False,untouched,0,1,0.0,0.03131868131868132
intel,diffusion/synchronization,window,96,transition-007,7,False,transition,0,1,0.0,0.05879120879120879
intel,diffusion/combined,window,96,copy-000,0,True,copy,0,3,0.0,0.05714285714285714
intel,diffusion/combined,window,96,copy-001,1,True,copy,0,2,0.0,0.06043956043956044
intel,diffusion/combined,window,96,copy-002,2,True,copy,0,1,0.0,0.06483516483516484
intel,diffusion/combined,window,96,copy-003,3,True,copy,0,1,0.0,0.03461538461538462
intel,diffusion/combined,window,96,copy-004,4,True,copy,0,0,0.0,0.0
intel,diffusion/combined,window,96,copy-005,5,True,copy,0,0,0.0,0.0
intel,diffusion/combined,window,96,common-006,6,True,common,1,0,0.2,0.022527472527472527
intel,diffusion/combined,window,96,common-007,7,True,common,0,1,0.0,0.035164835164835165
intel,diffusion/combined,window,96,common-008,0,True,common,1,2,0.034482758620689655,0.05714285714285714
intel,diffusion/combined,window,96,common-009,1,True,common,0,1,0.0,0.06043956043956044
intel,diffusion/combined,window,96,common-010,2,True,common,0,1,0.0,0.06483516483516484
intel,diffusion/combined,window,96,common-011,3,True,common,1,1,0.16129032258064516,0.03461538461538462
intel,diffusion/combined,window,96,decouple-012,4,True,decouple,0,0,0.0,0.0
intel,diffusion/combined,window,96,decouple-013,5,True,decouple,0,0,0.0,0.0
intel,diffusion/combined,window,96,decouple-014,6,True,decouple,1,0,0.15384615384615385,0.022527472527472527
intel,diffusion/combined,window,96,decouple-015,7,True,decouple,0,1,0.0,0.03131868131868132
intel,diffusion/combined,window,96,decouple-016,0,True,decouple,1,2,0.1111111111111111,0.05714285714285714
intel,diffusion/combined,window,96,decouple-017,1,True,decouple,1,1,0.16129032258064516,0.06043956043956044
intel,diffusion/combined,window,96,noise-018,2,True,noise,0,1,0.0,0.06483516483516484
intel,diffusion/combined,window,96,noise-019,3,True,noise,1,1,0.2,0.03461538461538462
intel,diffusion/combined,window,96,noise-020,4,True,noise,0,0,0.0,0.0
intel,diffusion/combined,window,96,noise-021,5,True,noise,0,0,0.0,0.0
intel,diffusion/combined,window,96,noise-022,6,True,noise,1,0,0.1111111111111111,0.02197802197802198
intel,diffusion/combined,window,96,noise-023,7,True,noise,0,1,0.0,0.03131868131868132
intel,diffusion/combined,window,96,delay-024,0,True,delay,0,3,0.0,0.05714285714285714
intel,diffusion/combined,window,96,delay-025,1,True,delay,0,1,0.0,0.05824175824175824
intel,diffusion/combined,window,96,delay-026,2,True,delay,0,1,0.0,0.06483516483516484
intel,diffusion/combined,window,96,delay-027,3,True,delay,0,2,0.0,0.03461538461538462
intel,diffusion/combined,window,96,delay-028,4,True,delay,0,0,0.0,0.0
intel,diffusion/combined,window,96,delay-029,5,True,delay,0,0,0.0,0.0
intel,diffusion/combined,window,96,drift-030,6,True,drift,1,0,0.2,0.02197802197802198
intel,diffusion/combined,window,96,drift-031,7,True,drift,0,1,0.0,0.03626373626373627
intel,diffusion/combined,window,96,drift-032,0,True,drift,1,2,0.1111111111111111,0.05714285714285714
intel,diffusion/combined,window,96,drift-033,1,True,drift,0,1,0.0,0.06043956043956044
intel,diffusion/combined,window,96,drift-034,2,True,drift,1,1,0.034482758620689655,0.06483516483516484
intel,diffusion/combined,window,96,drift-035,3,True,drift,1,1,0.3333333333333333,0.03461538461538462
intel,diffusion/combined,window,96,flatline-036,4,True,flatline,0,0,0.0,0.0
intel,diffusion/combined,window,96,flatline-037,5,True,flatline,0,0,0.0,0.0
intel,diffusion/combined,window,96,flatline-038,6,True,flatline,1,0,0.0,0.020879120879120878
intel,diffusion/combined,window,96,flatline-039,7,True,flatline,0,1,0.0,0.03131868131868132
intel,diffusion/combined,window,96,flatline-040,0,True,flatline,0,2,0.0,0.05714285714285714
intel,diffusion/combined,window,96,flatline-041,1,True,flatline,1,1,0.2413793103448276,0.05824175824175824
intel,diffusion/combined,window,96,dropout-042,2,True,dropout,0,1,0.0,0.06483516483516484
intel,diffusion/combined,window,96,dropout-043,3,True,dropout,0,1,0.0,0.025824175824175823
intel,diffusion/combined,window,96,dropout-044,4,True,dropout,0,0,0.0,0.0
intel,diffusion/combined,window,96,dropout-045,5,True,dropout,0,0,0.0,0.0
intel,diffusion/combined,window,96,dropout-046,6,True,dropout,1,1,0.034482758620689655,0.00989010989010989
intel,diffusion/combined,window,96,dropout-047,7,True,dropout,0,1,0.0,0.02032967032967033
intel,diffusion/combined,window,96,anticorrelated-048,0,True,anticorrelated,0,3,0.0,0.05714285714285714
intel,diffusion/combined,window,96,anticorrelated-049,1,True,anticorrelated,1,1,0.16129032258064516,0.06043956043956044
intel,diffusion/combined,window,96,anticorrelated-050,2,True,anticorrelated,1,1,0.1111111111111111,0.06483516483516484
intel,diffusion/combined,window,96,anticorrelated-051,3,True,anticorrelated,0,2,0.0,0.03461538461538462
intel,diffusion/combined,window,96,anticorrelated-052,4,True,anticorrelated,0,0,0.0,0.0
intel,diffusion/combined,window,96,anticorrelated-053,5,True,anticorrelated,0,0,0.0,0.0
intel,diffusion/combined,window,96,mixed-054,6,True,mixed,1,0,0.1111111111111111,0.023626373626373626
intel,diffusion/combined,window,96,mixed-055,7,True,mixed,0,1,0.0,0.03626373626373627
intel,diffusion/combined,window,96,mixed-056,0,True,mixed,1,2,0.1111111111111111,0.05714285714285714
intel,diffusion/combined,window,96,mixed-057,1,True,mixed,0,1,0.0,0.06043956043956044
intel,diffusion/combined,window,96,mixed-058,2,True,mixed,0,1,0.0,0.06483516483516484
intel,diffusion/combined,window,96,mixed-059,3,True,mixed,1,1,0.2,0.03461538461538462
intel,diffusion/combined,window,96,matched_covariance-060,4,True,matched_covariance,0,0,0.0,0.0
intel,diffusion/combined,window,96,matched_covariance-061,5,True,matched_covariance,0,0,0.0,0.0
intel,diffusion/combined,window,96,matched_covariance-062,6,True,matched_covariance,1,0,0.1111111111111111,0.02197802197802198
intel,diffusion/combined,window,96,matched_covariance-063,7,True,matched_covariance,0,1,0.0,0.03131868131868132
intel,diffusion/combined,window,96,matched_covariance-064,0,True,matched_covariance,1,2,0.07142857142857142,0.05714285714285714
intel,diffusion/combined,window,96,matched_covariance-065,1,True,matched_covariance,1,0,0.058823529411764705,0.06043956043956044
intel,diffusion/combined,window,96,marginal_preserving-066,2,True,marginal_preserving,0,1,0.0,0.06483516483516484
intel,diffusion/combined,window,96,marginal_preserving-067,3,True,marginal_preserving,1,1,0.3333333333333333,0.03461538461538462
intel,diffusion/combined,window,96,marginal_preserving-068,4,True,marginal_preserving,0,0,0.0,0.0
intel,diffusion/combined,window,96,marginal_preserving-069,5,True,marginal_preserving,0,0,0.0,0.0
intel,diffusion/combined,window,96,marginal_preserving-070,6,True,marginal_preserving,1,0,0.2,0.02197802197802198
intel,diffusion/combined,window,96,marginal_preserving-071,7,True,marginal_preserving,0,1,0.0,0.03131868131868132
intel,diffusion/combined,window,96,untouched-000,0,False,untouched,0,3,0.0,0.05714285714285714
intel,diffusion/combined,window,96,transition-000,0,False,transition,0,2,0.0,0.05714285714285714
intel,diffusion/combined,window,96,untouched-001,1,False,untouched,0,1,0.0,0.06043956043956044
intel,diffusion/combined,window,96,transition-001,1,False,transition,0,0,0.0,0.06043956043956044
intel,diffusion/combined,window,96,untouched-002,2,False,untouched,0,1,0.0,0.06483516483516484
intel,diffusion/combined,window,96,transition-002,2,False,transition,0,3,0.0,0.06483516483516484
intel,diffusion/combined,window,96,untouched-003,3,False,untouched,0,2,0.0,0.03461538461538462
intel,diffusion/combined,window,96,transition-003,3,False,transition,0,2,0.0,0.03461538461538462
intel,diffusion/combined,window,96,untouched-004,4,False,untouched,0,0,0.0,0.0
intel,diffusion/combined,window,96,transition-004,4,False,transition,0,0,0.0,0.0
intel,diffusion/combined,window,96,untouched-005,5,False,untouched,0,0,0.0,0.0
intel,diffusion/combined,window,96,transition-005,5,False,transition,0,0,0.0,0.0
intel,diffusion/combined,window,96,untouched-006,6,False,untouched,0,1,0.0,0.02197802197802198
intel,diffusion/combined,window,96,transition-006,6,False,transition,0,1,0.0,0.035164835164835165
intel,diffusion/combined,window,96,untouched-007,7,False,untouched,0,1,0.0,0.03131868131868132
intel,diffusion/combined,window,96,transition-007,7,False,transition,0,1,0.0,0.05879120879120879
intel,diffusion/entropy,size,6,copy-000,0,True,copy,0,0,0.0,0.1736111111111111
intel,diffusion/entropy,size,6,copy-001,1,True,copy,0,0,0.0,0.18162393162393162
intel,diffusion/entropy,size,6,copy-002,2,True,copy,1,0,0.0,0.20726495726495728
intel,diffusion/entropy,size,6,copy-003,3,True,copy,0,0,0.0,0.06784188034188034
intel,diffusion/entropy,size,6,copy-004,4,True,copy,0,0,0.0,0.011752136752136752
intel,diffusion/entropy,size,6,copy-005,5,True,copy,0,0,0.0,0.0010683760683760685
intel,diffusion/entropy,size,6,common-006,6,True,common,0,1,0.0,0.0827991452991453
intel,diffusion/entropy,size,6,common-007,7,True,common,0,1,0.0,0.10363247863247864
intel,diffusion/entropy,size,6,common-008,0,True,common,0,0,0.0,0.17414529914529914
intel,diffusion/entropy,size,6,common-009,1,True,common,0,0,0.0,0.18162393162393162
intel,diffusion/entropy,size,6,common-010,2,True,common,0,1,0.0,0.20726495726495728
intel,diffusion/entropy,size,6,common-011,3,True,common,0,0,0.0,0.06784188034188034
intel,diffusion/entropy,size,6,decouple-012,4,True,decouple,0,0,0.0,0.011752136752136752
intel,diffusion/entropy,size,6,decouple-013,5,True,decouple,0,0,0.0,0.0010683760683760685
intel,diffusion/entropy,size,6,decouple-014,6,True,decouple,1,1,0.15384615384615385,0.0827991452991453
intel,diffusion/entropy,size,6,decouple-015,7,True,decouple,0,1,0.0,0.09348290598290598
intel,diffusion/entropy,size,6,decouple-016,0,True,decouple,0,0,0.0,0.1736111111111111
intel,diffusion/entropy,size,6,decouple-017,1,True,decouple,0,0,0.0,0.1842948717948718
intel,diffusion/entropy,size,6,noise-018,2,True,noise,0,1,0.0,0.20726495726495728
intel,diffusion/entropy,size,6,noise-019,3,True,noise,0,0,0.0,0.06784188034188034
intel,diffusion/entropy,size,6,noise-020,4,True,noise,0,0,0.0,0.011752136752136752
intel,diffusion/entropy,size,6,noise-021,5,True,noise,0,0,0.0,0.0010683760683760685
intel,diffusion/entropy,size,6,noise-022,6,True,noise,0,1,0.0,0.08226495726495726
intel,diffusion/entropy,size,6,noise-023,7,True,noise,0,1,0.0,0.09668803418803419
intel,diffusion/entropy,size,6,delay-024,0,True,delay,0,0,0.0,0.1736111111111111
intel,diffusion/entropy,size,6,delay-025,1,True,delay,0,0,0.0,0.17147435897435898
intel,diffusion/entropy,size,6,delay-026,2,True,delay,1,0,0.07142857142857142,0.20726495726495728
intel,diffusion/entropy,size,6,delay-027,3,True,delay,0,0,0.0,0.06784188034188034
intel,diffusion/entropy,size,6,delay-028,4,True,delay,0,0,0.0,0.011752136752136752
intel,diffusion/entropy,size,6,delay-029,5,True,delay,0,0,0.0,0.0010683760683760685
intel,diffusion/entropy,size,6,drift-030,6,True,drift,0,1,0.0,0.08226495726495726
intel,diffusion/entropy,size,6,drift-031,7,True,drift,0,1,0.0,0.10737179487179487
intel,diffusion/entropy,size,6,drift-032,0,True,drift,0,0,0.0,0.1736111111111111
intel,diffusion/entropy,size,6,drift-033,1,True,drift,0,0,0.0,0.18162393162393162
intel,diffusion/entropy,size,6,drift-034,2,True,drift,0,1,0.0,0.20726495726495728
intel,diffusion/entropy,size,6,drift-035,3,True,drift,0,0,0.0,0.06784188034188034
intel,diffusion/entropy,size,6,flatline-036,4,True,flatline,0,0,0.0,0.011752136752136752
intel,diffusion/entropy,size,6,flatline-037,5,True,flatline,0,0,0.0,0.0010683760683760685
intel,diffusion/entropy,size,6,flatline-038,6,True,flatline,0,1,0.0,0.06837606837606838
intel,diffusion/entropy,size,6,flatline-039,7,True,flatline,0,1,0.0,0.09348290598290598
intel,diffusion/entropy,size,6,flatline-040,0,True,flatline,0,0,0.0,0.16613247863247863
intel,diffusion/entropy,size,6,flatline-041,1,True,flatline,0,0,0.0,0.15865384615384615
intel,diffusion/entropy,size,6,dropout-042,2,True,dropout,0,1,0.0,0.20726495726495728
intel,diffusion/entropy,size,6,dropout-043,3,True,dropout,0,0,0.0,0.05502136752136752
intel,diffusion/entropy,size,6,dropout-044,4,True,dropout,0,0,0.0,0.011752136752136752
intel,diffusion/entropy,size,6,dropout-045,5,True,dropout,0,0,0.0,0.0010683760683760685
intel,diffusion/entropy,size,6,dropout-046,6,True,dropout,0,2,0.0,0.05822649572649573
intel,diffusion/entropy,size,6,dropout-047,7,True,dropout,0,1,0.0,0.0625
intel,diffusion/entropy,size,6,anticorrelated-048,0,True,anticorrelated,0,0,0.0,0.1736111111111111
intel,diffusion/entropy,size,6,anticorrelated-049,1,True,anticorrelated,0,0,0.0,0.18162393162393162
intel,diffusion/entropy,size,6,anticorrelated-050,2,True,anticorrelated,1,0,0.1111111111111111,0.20726495726495728
intel,diffusion/entropy,size,6,anticorrelated-051,3,True,anticorrelated,0,0,0.0,0.06784188034188034
intel,diffusion/entropy,size,6,anticorrelated-052,4,True,anticorrelated,0,0,0.0,0.011752136752136752
intel,diffusion/entropy,size,6,anticorrelated-053,5,True,anticorrelated,0,0,0.0,0.0010683760683760685
intel,diffusion/entropy,size,6,mixed-054,6,True,mixed,0,1,0.0,0.08386752136752136
intel,diffusion/entropy,size,6,mixed-055,7,True,mixed,0,1,0.0,0.10737179487179487
intel,diffusion/entropy,size,6,mixed-056,0,True,mixed,0,0,0.0,0.17414529914529914
intel,diffusion/entropy,size,6,mixed-057,1,True,mixed,1,1,0.2,0.18162393162393162
intel,diffusion/entropy,size,6,mixed-058,2,True,mixed,0,1,0.0,0.20726495726495728
intel,diffusion/entropy,size,6,mixed-059,3,True,mixed,0,0,0.0,0.06784188034188034
intel,diffusion/entropy,size,6,matched_covariance-060,4,True,matched_covariance,0,0,0.0,0.011752136752136752
intel,diffusion/entropy,size,6,matched_covariance-061,5,True,matched_covariance,0,0,0.0,0.0010683760683760685
intel,diffusion/entropy,size,6,matched_covariance-062,6,True,matched_covariance,0,1,0.0,0.08226495726495726
intel,diffusion/entropy,size,6,matched_covariance-063,7,True,matched_covariance,0,1,0.0,0.09348290598290598
intel,diffusion/entropy,size,6,matched_covariance-064,0,True,matched_covariance,0,0,0.0,0.1736111111111111
intel,diffusion/entropy,size,6,matched_covariance-065,1,True,matched_covariance,0,0,0.0,0.18162393162393162
intel,diffusion/entropy,size,6,marginal_preserving-066,2,True,marginal_preserving,0,1,0.0,0.20726495726495728
intel,diffusion/entropy,size,6,marginal_preserving-067,3,True,marginal_preserving,0,0,0.0,0.06784188034188034
intel,diffusion/entropy,size,6,marginal_preserving-068,4,True,marginal_preserving,0,0,0.0,0.011752136752136752
intel,diffusion/entropy,size,6,marginal_preserving-069,5,True,marginal_preserving,0,0,0.0,0.0010683760683760685
intel,diffusion/entropy,size,6,marginal_preserving-070,6,True,marginal_preserving,0,1,0.0,0.08226495726495726
intel,diffusion/entropy,size,6,marginal_preserving-071,7,True,marginal_preserving,0,1,0.0,0.09348290598290598
intel,diffusion/entropy,size,6,untouched-000,0,False,untouched,0,0,0.0,0.1736111111111111
intel,diffusion/entropy,size,6,transition-000,0,False,transition,0,0,0.0,0.17414529914529914
intel,diffusion/entropy,size,6,untouched-001,1,False,untouched,0,0,0.0,0.18162393162393162
intel,diffusion/entropy,size,6,transition-001,1,False,transition,0,0,0.0,0.1842948717948718
intel,diffusion/entropy,size,6,untouched-002,2,False,untouched,0,1,0.0,0.20726495726495728
intel,diffusion/entropy,size,6,transition-002,2,False,transition,0,0,0.0,0.20886752136752137
intel,diffusion/entropy,size,6,untouched-003,3,False,untouched,0,0,0.0,0.06784188034188034
intel,diffusion/entropy,size,6,transition-003,3,False,transition,0,0,0.0,0.06784188034188034
intel,diffusion/entropy,size,6,untouched-004,4,False,untouched,0,0,0.0,0.011752136752136752
intel,diffusion/entropy,size,6,transition-004,4,False,transition,0,0,0.0,0.011752136752136752
intel,diffusion/entropy,size,6,untouched-005,5,False,untouched,0,0,0.0,0.0010683760683760685
intel,diffusion/entropy,size,6,transition-005,5,False,transition,0,0,0.0,0.0010683760683760685
intel,diffusion/entropy,size,6,untouched-006,6,False,untouched,0,1,0.0,0.08226495726495726
intel,diffusion/entropy,size,6,transition-006,6,False,transition,0,1,0.0,0.1233974358974359
intel,diffusion/entropy,size,6,untouched-007,7,False,untouched,0,1,0.0,0.09348290598290598
intel,diffusion/entropy,size,6,transition-007,7,False,transition,0,1,0.0,0.17681623931623933
intel,diffusion/synchronization,size,6,copy-000,0,True,copy,0,3,0.0,0.1736111111111111
intel,diffusion/synchronization,size,6,copy-001,1,True,copy,0,1,0.0,0.18162393162393162
intel,diffusion/synchronization,size,6,copy-002,2,True,copy,1,2,0.0,0.20726495726495728
intel,diffusion/synchronization,size,6,copy-003,3,True,copy,0,1,0.0,0.06784188034188034
intel,diffusion/synchronization,size,6,copy-004,4,True,copy,0,0,0.0,0.011752136752136752
intel,diffusion/synchronization,size,6,copy-005,5,True,copy,0,0,0.0,0.0010683760683760685
intel,diffusion/synchronization,size,6,common-006,6,True,common,0,2,0.0,0.0827991452991453
intel,diffusion/synchronization,size,6,common-007,7,True,common,0,1,0.0,0.10363247863247864
intel,diffusion/synchronization,size,6,common-008,0,True,common,1,2,0.034482758620689655,0.17414529914529914
intel,diffusion/synchronization,size,6,common-009,1,True,common,1,0,0.2,0.18162393162393162
intel,diffusion/synchronization,size,6,common-010,2,True,common,1,2,0.07142857142857142,0.20726495726495728
intel,diffusion/synchronization,size,6,common-011,3,True,common,1,1,0.16129032258064516,0.06784188034188034
intel,diffusion/synchronization,size,6,decouple-012,4,True,decouple,0,0,0.0,0.011752136752136752
intel,diffusion/synchronization,size,6,decouple-013,5,True,decouple,0,0,0.0,0.0010683760683760685
intel,diffusion/synchronization,size,6,decouple-014,6,True,decouple,1,1,0.15384615384615385,0.0827991452991453
intel,diffusion/synchronization,size,6,decouple-015,7,True,decouple,0,1,0.0,0.09348290598290598
intel,diffusion/synchronization,size,6,decouple-016,0,True,decouple,1,2,0.1111111111111111,0.1736111111111111
intel,diffusion/synchronization,size,6,decouple-017,1,True,decouple,1,1,0.2,0.1842948717948718
intel,diffusion/synchronization,size,6,noise-018,2,True,noise,0,3,0.0,0.20726495726495728
intel,diffusion/synchronization,size,6,noise-019,3,True,noise,1,1,0.2,0.06784188034188034
intel,diffusion/synchronization,size,6,noise-020,4,True,noise,0,0,0.0,0.011752136752136752
intel,diffusion/synchronization,size,6,noise-021,5,True,noise,0,0,0.0,0.0010683760683760685
intel,diffusion/synchronization,size,6,noise-022,6,True,noise,0,1,0.0,0.08226495726495726
intel,diffusion/synchronization,size,6,noise-023,7,True,noise,0,1,0.0,0.09668803418803419
intel,diffusion/synchronization,size,6,delay-024,0,True,delay,0,3,0.0,0.1736111111111111
intel,diffusion/synchronization,size,6,delay-025,1,True,delay,0,0,0.0,0.17147435897435898
intel,diffusion/synchronization,size,6,delay-026,2,True,delay,1,2,0.07142857142857142,0.20726495726495728
intel,diffusion/synchronization,size,6,delay-027,3,True,delay,0,2,0.0,0.06784188034188034
intel,diffusion/synchronization,size,6,delay-028,4,True,delay,0,0,0.0,0.011752136752136752
intel,diffusion/synchronization,size,6,delay-029,5,True,delay,0,0,0.0,0.0010683760683760685
intel,diffusion/synchronization,size,6,drift-030,6,True,drift,0,1,0.0,0.08226495726495726
intel,diffusion/synchronization,size,6,drift-031,7,True,drift,0,1,0.0,0.10737179487179487
intel,diffusion/synchronization,size,6,drift-032,0,True,drift,1,2,0.1111111111111111,0.1736111111111111
intel,diffusion/synchronization,size,6,drift-033,1,True,drift,0,0,0.0,0.18162393162393162
intel,diffusion/synchronization,size,6,drift-034,2,True,drift,1,2,0.07142857142857142,0.20726495726495728
intel,diffusion/synchronization,size,6,drift-035,3,True,drift,1,1,0.3333333333333333,0.06784188034188034
intel,diffusion/synchronization,size,6,flatline-036,4,True,flatline,0,0,0.0,0.011752136752136752
intel,diffusion/synchronization,size,6,flatline-037,5,True,flatline,0,0,0.0,0.0010683760683760685
intel,diffusion/synchronization,size,6,flatline-038,6,True,flatline,0,1,0.0,0.06837606837606838
intel,diffusion/synchronization,size,6,flatline-039,7,True,flatline,0,1,0.0,0.09348290598290598
intel,diffusion/synchronization,size,6,flatline-040,0,True,flatline,1,3,0.1111111111111111,0.16613247863247863
intel,diffusion/synchronization,size,6,flatline-041,1,True,flatline,1,2,0.125,0.15865384615384615
intel,diffusion/synchronization,size,6,dropout-042,2,True,dropout,0,3,0.0,0.20726495726495728
intel,diffusion/synchronization,size,6,dropout-043,3,True,dropout,0,1,0.0,0.05502136752136752
intel,diffusion/synchronization,size,6,dropout-044,4,True,dropout,0,0,0.0,0.011752136752136752
intel,diffusion/synchronization,size,6,dropout-045,5,True,dropout,0,0,0.0,0.0010683760683760685
intel,diffusion/synchronization,size,6,dropout-046,6,True,dropout,0,2,0.0,0.05822649572649573
intel,diffusion/synchronization,size,6,dropout-047,7,True,dropout,0,1,0.0,0.0625
intel,diffusion/synchronization,size,6,anticorrelated-048,0,True,anticorrelated,0,3,0.0,0.1736111111111111
intel,diffusion/synchronization,size,6,anticorrelated-049,1,True,anticorrelated,1,0,0.09090909090909091,0.18162393162393162
intel,diffusion/synchronization,size,6,anticorrelated-050,2,True,anticorrelated,1,2,0.1111111111111111,0.20726495726495728
intel,diffusion/synchronization,size,6,anticorrelated-051,3,True,anticorrelated,0,2,0.0,0.06784188034188034
intel,diffusion/synchronization,size,6,anticorrelated-052,4,True,anticorrelated,0,0,0.0,0.011752136752136752
intel,diffusion/synchronization,size,6,anticorrelated-053,5,True,anticorrelated,0,0,0.0,0.0010683760683760685
intel,diffusion/synchronization,size,6,mixed-054,6,True,mixed,0,2,0.0,0.08386752136752136
intel,diffusion/synchronization,size,6,mixed-055,7,True,mixed,0,1,0.0,0.10737179487179487
intel,diffusion/synchronization,size,6,mixed-056,0,True,mixed,1,2,0.1111111111111111,0.17414529914529914
intel,diffusion/synchronization,size,6,mixed-057,1,True,mixed,1,2,0.2,0.18162393162393162
intel,diffusion/synchronization,size,6,mixed-058,2,True,mixed,1,2,0.25,0.20726495726495728
intel,diffusion/synchronization,size,6,mixed-059,3,True,mixed,1,1,0.2,0.06784188034188034
intel,diffusion/synchronization,size,6,matched_covariance-060,4,True,matched_covariance,0,0,0.0,0.011752136752136752
intel,diffusion/synchronization,size,6,matched_covariance-061,5,True,matched_covariance,0,0,0.0,0.0010683760683760685
intel,diffusion/synchronization,size,6,matched_covariance-062,6,True,matched_covariance,0,1,0.0,0.08226495726495726
intel,diffusion/synchronization,size,6,matched_covariance-063,7,True,matched_covariance,0,1,0.0,0.09348290598290598
intel,diffusion/synchronization,size,6,matched_covariance-064,0,True,matched_covariance,1,2,0.07142857142857142,0.1736111111111111
intel,diffusion/synchronization,size,6,matched_covariance-065,1,True,matched_covariance,0,0,0.0,0.18162393162393162
intel,diffusion/synchronization,size,6,marginal_preserving-066,2,True,marginal_preserving,0,3,0.0,0.20726495726495728
intel,diffusion/synchronization,size,6,marginal_preserving-067,3,True,marginal_preserving,1,1,0.3333333333333333,0.06784188034188034
intel,diffusion/synchronization,size,6,marginal_preserving-068,4,True,marginal_preserving,0,0,0.0,0.011752136752136752
intel,diffusion/synchronization,size,6,marginal_preserving-069,5,True,marginal_preserving,0,0,0.0,0.0010683760683760685
intel,diffusion/synchronization,size,6,marginal_preserving-070,6,True,marginal_preserving,0,1,0.0,0.08226495726495726
intel,diffusion/synchronization,size,6,marginal_preserving-071,7,True,marginal_preserving,0,1,0.0,0.09348290598290598
intel,diffusion/synchronization,size,6,untouched-000,0,False,untouched,0,3,0.0,0.1736111111111111
intel,diffusion/synchronization,size,6,transition-000,0,False,transition,0,2,0.0,0.17414529914529914
intel,diffusion/synchronization,size,6,untouched-001,1,False,untouched,0,0,0.0,0.18162393162393162
intel,diffusion/synchronization,size,6,transition-001,1,False,transition,0,0,0.0,0.1842948717948718
intel,diffusion/synchronization,size,6,untouched-002,2,False,untouched,0,3,0.0,0.20726495726495728
intel,diffusion/synchronization,size,6,transition-002,2,False,transition,0,5,0.0,0.20886752136752137
intel,diffusion/synchronization,size,6,untouched-003,3,False,untouched,0,2,0.0,0.06784188034188034
intel,diffusion/synchronization,size,6,transition-003,3,False,transition,0,2,0.0,0.06784188034188034
intel,diffusion/synchronization,size,6,untouched-004,4,False,untouched,0,0,0.0,0.011752136752136752
intel,diffusion/synchronization,size,6,transition-004,4,False,transition,0,0,0.0,0.011752136752136752
intel,diffusion/synchronization,size,6,untouched-005,5,False,untouched,0,0,0.0,0.0010683760683760685
intel,diffusion/synchronization,size,6,transition-005,5,False,transition,0,0,0.0,0.0010683760683760685
intel,diffusion/synchronization,size,6,untouched-006,6,False,untouched,0,1,0.0,0.08226495726495726
intel,diffusion/synchronization,size,6,transition-006,6,False,transition,0,1,0.0,0.1233974358974359
intel,diffusion/synchronization,size,6,untouched-007,7,False,untouched,0,1,0.0,0.09348290598290598
intel,diffusion/synchronization,size,6,transition-007,7,False,transition,0,1,0.0,0.17681623931623933
intel,diffusion/combined,size,6,copy-000,0,True,copy,0,2,0.0,0.1736111111111111
intel,diffusion/combined,size,6,copy-001,1,True,copy,0,0,0.0,0.18162393162393162
intel,diffusion/combined,size,6,copy-002,2,True,copy,1,0,0.0,0.20726495726495728
intel,diffusion/combined,size,6,copy-003,3,True,copy,0,2,0.0,0.06784188034188034
intel,diffusion/combined,size,6,copy-004,4,True,copy,0,0,0.0,0.011752136752136752
intel,diffusion/combined,size,6,copy-005,5,True,copy,0,0,0.0,0.0010683760683760685
intel,diffusion/combined,size,6,common-006,6,True,common,0,1,0.0,0.0827991452991453
intel,diffusion/combined,size,6,common-007,7,True,common,0,1,0.0,0.10363247863247864
intel,diffusion/combined,size,6,common-008,0,True,common,1,1,0.07142857142857142,0.17414529914529914
intel,diffusion/combined,size,6,common-009,1,True,common,0,0,0.0,0.18162393162393162
intel,diffusion/combined,size,6,common-010,2,True,common,1,0,0.07142857142857142,0.20726495726495728
intel,diffusion/combined,size,6,common-011,3,True,common,1,2,0.16129032258064516,0.06784188034188034
intel,diffusion/combined,size,6,decouple-012,4,True,decouple,0,0,0.0,0.011752136752136752
intel,diffusion/combined,size,6,decouple-013,5,True,decouple,0,0,0.0,0.0010683760683760685
intel,diffusion/combined,size,6,decouple-014,6,True,decouple,1,1,0.15384615384615385,0.0827991452991453
intel,diffusion/combined,size,6,decouple-015,7,True,decouple,0,1,0.0,0.09348290598290598
intel,diffusion/combined,size,6,decouple-016,0,True,decouple,1,1,0.15384615384615385,0.1736111111111111
intel,diffusion/combined,size,6,decouple-017,1,True,decouple,1,0,0.2,0.1842948717948718
intel,diffusion/combined,size,6,noise-018,2,True,noise,0,1,0.0,0.20726495726495728
intel,diffusion/combined,size,6,noise-019,3,True,noise,1,2,0.2,0.06784188034188034
intel,diffusion/combined,size,6,noise-020,4,True,noise,0,0,0.0,0.011752136752136752
intel,diffusion/combined,size,6,noise-021,5,True,noise,0,0,0.0,0.0010683760683760685
intel,diffusion/combined,size,6,noise-022,6,True,noise,0,1,0.0,0.08226495726495726
intel,diffusion/combined,size,6,noise-023,7,True,noise,0,1,0.0,0.09668803418803419
intel,diffusion/combined,size,6,delay-024,0,True,delay,0,2,0.0,0.1736111111111111
intel,diffusion/combined,size,6,delay-025,1,True,delay,0,0,0.0,0.17147435897435898
intel,diffusion/combined,size,6,delay-026,2,True,delay,1,0,0.07142857142857142,0.20726495726495728
intel,diffusion/combined,size,6,delay-027,3,True,delay,0,3,0.0,0.06784188034188034
intel,diffusion/combined,size,6,delay-028,4,True,delay,0,0,0.0,0.011752136752136752
intel,diffusion/combined,size,6,delay-029,5,True,delay,0,0,0.0,0.0010683760683760685
intel,diffusion/combined,size,6,drift-030,6,True,drift,0,1,0.0,0.08226495726495726
intel,diffusion/combined,size,6,drift-031,7,True,drift,0,1,0.0,0.10737179487179487
intel,diffusion/combined,size,6,drift-032,0,True,drift,1,1,0.07142857142857142,0.1736111111111111
intel,diffusion/combined,size,6,drift-033,1,True,drift,0,0,0.0,0.18162393162393162
intel,diffusion/combined,size,6,drift-034,2,True,drift,0,1,0.0,0.20726495726495728
intel,diffusion/combined,size,6,drift-035,3,True,drift,1,2,0.3333333333333333,0.06784188034188034
intel,diffusion/combined,size,6,flatline-036,4,True,flatline,0,0,0.0,0.011752136752136752
intel,diffusion/combined,size,6,flatline-037,5,True,flatline,0,0,0.0,0.0010683760683760685
intel,diffusion/combined,size,6,flatline-038,6,True,flatline,0,1,0.0,0.06837606837606838
intel,diffusion/combined,size,6,flatline-039,7,True,flatline,0,1,0.0,0.09348290598290598
intel,diffusion/combined,size,6,flatline-040,0,True,flatline,1,1,0.1111111111111111,0.16613247863247863
intel,diffusion/combined,size,6,flatline-041,1,True,flatline,1,0,0.09090909090909091,0.15865384615384615
intel,diffusion/combined,size,6,dropout-042,2,True,dropout,0,1,0.0,0.20726495726495728
intel,diffusion/combined,size,6,dropout-043,3,True,dropout,0,2,0.0,0.05502136752136752
intel,diffusion/combined,size,6,dropout-044,4,True,dropout,0,0,0.0,0.011752136752136752
intel,diffusion/combined,size,6,dropout-045,5,True,dropout,0,0,0.0,0.0010683760683760685
intel,diffusion/combined,size,6,dropout-046,6,True,dropout,0,2,0.0,0.05822649572649573
intel,diffusion/combined,size,6,dropout-047,7,True,dropout,0,1,0.0,0.0625
intel,diffusion/combined,size,6,anticorrelated-048,0,True,anticorrelated,0,2,0.0,0.1736111111111111
intel,diffusion/combined,size,6,anticorrelated-049,1,True,anticorrelated,1,0,0.09090909090909091,0.18162393162393162
intel,diffusion/combined,size,6,anticorrelated-050,2,True,anticorrelated,1,0,0.1111111111111111,0.20726495726495728
intel,diffusion/combined,size,6,anticorrelated-051,3,True,anticorrelated,0,3,0.0,0.06784188034188034
intel,diffusion/combined,size,6,anticorrelated-052,4,True,anticorrelated,0,0,0.0,0.011752136752136752
intel,diffusion/combined,size,6,anticorrelated-053,5,True,anticorrelated,0,0,0.0,0.0010683760683760685
intel,diffusion/combined,size,6,mixed-054,6,True,mixed,0,1,0.0,0.08386752136752136
intel,diffusion/combined,size,6,mixed-055,7,True,mixed,0,1,0.0,0.10737179487179487
intel,diffusion/combined,size,6,mixed-056,0,True,mixed,1,1,0.1111111111111111,0.17414529914529914
intel,diffusion/combined,size,6,mixed-057,1,True,mixed,1,1,0.2,0.18162393162393162
intel,diffusion/combined,size,6,mixed-058,2,True,mixed,1,1,0.25,0.20726495726495728
intel,diffusion/combined,size,6,mixed-059,3,True,mixed,1,2,0.2,0.06784188034188034
intel,diffusion/combined,size,6,matched_covariance-060,4,True,matched_covariance,0,0,0.0,0.011752136752136752
intel,diffusion/combined,size,6,matched_covariance-061,5,True,matched_covariance,0,0,0.0,0.0010683760683760685
intel,diffusion/combined,size,6,matched_covariance-062,6,True,matched_covariance,0,1,0.0,0.08226495726495726
intel,diffusion/combined,size,6,matched_covariance-063,7,True,matched_covariance,0,1,0.0,0.09348290598290598
intel,diffusion/combined,size,6,matched_covariance-064,0,True,matched_covariance,1,1,0.034482758620689655,0.1736111111111111
intel,diffusion/combined,size,6,matched_covariance-065,1,True,matched_covariance,0,0,0.0,0.18162393162393162
intel,diffusion/combined,size,6,marginal_preserving-066,2,True,marginal_preserving,0,1,0.0,0.20726495726495728
intel,diffusion/combined,size,6,marginal_preserving-067,3,True,marginal_preserving,1,2,0.3333333333333333,0.06784188034188034
intel,diffusion/combined,size,6,marginal_preserving-068,4,True,marginal_preserving,0,0,0.0,0.011752136752136752
intel,diffusion/combined,size,6,marginal_preserving-069,5,True,marginal_preserving,0,0,0.0,0.0010683760683760685
intel,diffusion/combined,size,6,marginal_preserving-070,6,True,marginal_preserving,0,1,0.0,0.08226495726495726
intel,diffusion/combined,size,6,marginal_preserving-071,7,True,marginal_preserving,0,1,0.0,0.09348290598290598
intel,diffusion/combined,size,6,untouched-000,0,False,untouched,0,2,0.0,0.1736111111111111
intel,diffusion/combined,size,6,transition-000,0,False,transition,0,2,0.0,0.17414529914529914
intel,diffusion/combined,size,6,untouched-001,1,False,untouched,0,0,0.0,0.18162393162393162
intel,diffusion/combined,size,6,transition-001,1,False,transition,0,0,0.0,0.1842948717948718
intel,diffusion/combined,size,6,untouched-002,2,False,untouched,0,1,0.0,0.20726495726495728
intel,diffusion/combined,size,6,transition-002,2,False,transition,0,1,0.0,0.20886752136752137
intel,diffusion/combined,size,6,untouched-003,3,False,untouched,0,3,0.0,0.06784188034188034
intel,diffusion/combined,size,6,transition-003,3,False,transition,0,2,0.0,0.06784188034188034
intel,diffusion/combined,size,6,untouched-004,4,False,untouched,0,0,0.0,0.011752136752136752
intel,diffusion/combined,size,6,transition-004,4,False,transition,0,0,0.0,0.011752136752136752
intel,diffusion/combined,size,6,untouched-005,5,False,untouched,0,0,0.0,0.0010683760683760685
intel,diffusion/combined,size,6,transition-005,5,False,transition,0,0,0.0,0.0010683760683760685
intel,diffusion/combined,size,6,untouched-006,6,False,untouched,0,1,0.0,0.08226495726495726
intel,diffusion/combined,size,6,transition-006,6,False,transition,0,1,0.0,0.1233974358974359
intel,diffusion/combined,size,6,untouched-007,7,False,untouched,0,1,0.0,0.09348290598290598
intel,diffusion/combined,size,6,transition-007,7,False,transition,0,1,0.0,0.17681623931623933
intel,diffusion/entropy,size,12,copy-000,0,True,copy,0,0,0.0,0.0
intel,diffusion/entropy,size,12,copy-001,1,True,copy,0,0,0.0,0.0
intel,diffusion/entropy,size,12,copy-002,2,True,copy,0,0,0.0,0.0
intel,diffusion/entropy,size,12,copy-003,3,True,copy,0,1,0.0,0.005574136008918618
intel,diffusion/entropy,size,12,copy-004,4,True,copy,0,0,0.0,0.0
intel,diffusion/entropy,size,12,copy-005,5,True,copy,0,0,0.0,0.0
intel,diffusion/entropy,size,12,common-006,6,True,common,0,1,0.0,0.0011148272017837235
intel,diffusion/entropy,size,12,common-007,7,True,common,0,0,0.0,0.0
intel,diffusion/entropy,size,12,common-008,0,True,common,0,0,0.0,0.0
intel,diffusion/entropy,size,12,common-009,1,True,common,0,0,0.0,0.0
intel,diffusion/entropy,size,12,common-010,2,True,common,0,0,0.0,0.0
intel,diffusion/entropy,size,12,common-011,3,True,common,0,1,0.0,0.005574136008918618
intel,diffusion/entropy,size,12,decouple-012,4,True,decouple,0,0,0.0,0.0
intel,diffusion/entropy,size,12,decouple-013,5,True,decouple,0,0,0.0,0.0
intel,diffusion/entropy,size,12,decouple-014,6,True,decouple,1,0,0.15384615384615385,0.0011148272017837235
intel,diffusion/entropy,size,12,decouple-015,7,True,decouple,0,0,0.0,0.0
intel,diffusion/entropy,size,12,decouple-016,0,True,decouple,0,0,0.0,0.0
intel,diffusion/entropy,size,12,decouple-017,1,True,decouple,0,0,0.0,0.0
intel,diffusion/entropy,size,12,noise-018,2,True,noise,0,0,0.0,0.0
intel,diffusion/entropy,size,12,noise-019,3,True,noise,0,1,0.0,0.005574136008918618
intel,diffusion/entropy,size,12,noise-020,4,True,noise,0,0,0.0,0.0
intel,diffusion/entropy,size,12,noise-021,5,True,noise,0,0,0.0,0.0
intel,diffusion/entropy,size,12,noise-022,6,True,noise,0,1,0.0,0.0011148272017837235
intel,diffusion/entropy,size,12,noise-023,7,True,noise,0,0,0.0,0.0
intel,diffusion/entropy,size,12,delay-024,0,True,delay,0,0,0.0,0.0
intel,diffusion/entropy,size,12,delay-025,1,True,delay,0,0,0.0,0.0
intel,diffusion/entropy,size,12,delay-026,2,True,delay,0,0,0.0,0.0
intel,diffusion/entropy,size,12,delay-027,3,True,delay,0,1,0.0,0.005574136008918618
intel,diffusion/entropy,size,12,delay-028,4,True,delay,0,0,0.0,0.0
intel,diffusion/entropy,size,12,delay-029,5,True,delay,0,0,0.0,0.0
intel,diffusion/entropy,size,12,drift-030,6,True,drift,0,1,0.0,0.0011148272017837235
intel,diffusion/entropy,size,12,drift-031,7,True,drift,0,0,0.0,0.0
intel,diffusion/entropy,size,12,drift-032,0,True,drift,0,0,0.0,0.0
intel,diffusion/entropy,size,12,drift-033,1,True,drift,0,0,0.0,0.0
intel,diffusion/entropy,size,12,drift-034,2,True,drift,0,0,0.0,0.0
intel,diffusion/entropy,size,12,drift-035,3,True,drift,0,1,0.0,0.005574136008918618
intel,diffusion/entropy,size,12,flatline-036,4,True,flatline,0,0,0.0,0.0
intel,diffusion/entropy,size,12,flatline-037,5,True,flatline,0,0,0.0,0.0
intel,diffusion/entropy,size,12,flatline-038,6,True,flatline,1,0,0.0,0.0005574136008918618
intel,diffusion/entropy,size,12,flatline-039,7,True,flatline,0,0,0.0,0.0
intel,diffusion/entropy,size,12,flatline-040,0,True,flatline,0,0,0.0,0.0
intel,diffusion/entropy,size,12,flatline-041,1,True,flatline,0,0,0.0,0.0
intel,diffusion/entropy,size,12,dropout-042,2,True,dropout,0,0,0.0,0.0
intel,diffusion/entropy,size,12,dropout-043,3,True,dropout,0,1,0.0,0.005574136008918618
intel,diffusion/entropy,size,12,dropout-044,4,True,dropout,0,0,0.0,0.0
intel,diffusion/entropy,size,12,dropout-045,5,True,dropout,0,0,0.0,0.0
intel,diffusion/entropy,size,12,dropout-046,6,True,dropout,0,0,0.0,0.0
intel,diffusion/entropy,size,12,dropout-047,7,True,dropout,0,0,0.0,0.0
intel,diffusion/entropy,size,12,anticorrelated-048,0,True,anticorrelated,0,0,0.0,0.0
intel,diffusion/entropy,size,12,anticorrelated-049,1,True,anticorrelated,0,0,0.0,0.0
intel,diffusion/entropy,size,12,anticorrelated-050,2,True,anticorrelated,0,0,0.0,0.0
intel,diffusion/entropy,size,12,anticorrelated-051,3,True,anticorrelated,0,1,0.0,0.005574136008918618
intel,diffusion/entropy,size,12,anticorrelated-052,4,True,anticorrelated,0,0,0.0,0.0
intel,diffusion/entropy,size,12,anticorrelated-053,5,True,anticorrelated,0,0,0.0,0.0
intel,diffusion/entropy,size,12,mixed-054,6,True,mixed,0,1,0.0,0.0011148272017837235
intel,diffusion/entropy,size,12,mixed-055,7,True,mixed,0,0,0.0,0.0
intel,diffusion/entropy,size,12,mixed-056,0,True,mixed,0,0,0.0,0.0
intel,diffusion/entropy,size,12,mixed-057,1,True,mixed,0,0,0.0,0.0
intel,diffusion/entropy,size,12,mixed-058,2,True,mixed,0,0,0.0,0.0
intel,diffusion/entropy,size,12,mixed-059,3,True,mixed,0,1,0.0,0.005574136008918618
intel,diffusion/entropy,size,12,matched_covariance-060,4,True,matched_covariance,0,0,0.0,0.0
intel,diffusion/entropy,size,12,matched_covariance-061,5,True,matched_covariance,0,0,0.0,0.0
intel,diffusion/entropy,size,12,matched_covariance-062,6,True,matched_covariance,1,0,0.07142857142857142,0.0011148272017837235
intel,diffusion/entropy,size,12,matched_covariance-063,7,True,matched_covariance,0,0,0.0,0.0
intel,diffusion/entropy,size,12,matched_covariance-064,0,True,matched_covariance,0,0,0.0,0.0
intel,diffusion/entropy,size,12,matched_covariance-065,1,True,matched_covariance,0,0,0.0,0.0
intel,diffusion/entropy,size,12,marginal_preserving-066,2,True,marginal_preserving,0,0,0.0,0.0
intel,diffusion/entropy,size,12,marginal_preserving-067,3,True,marginal_preserving,0,1,0.0,0.005574136008918618
intel,diffusion/entropy,size,12,marginal_preserving-068,4,True,marginal_preserving,0,0,0.0,0.0
intel,diffusion/entropy,size,12,marginal_preserving-069,5,True,marginal_preserving,0,0,0.0,0.0
intel,diffusion/entropy,size,12,marginal_preserving-070,6,True,marginal_preserving,0,1,0.0,0.0011148272017837235
intel,diffusion/entropy,size,12,marginal_preserving-071,7,True,marginal_preserving,0,0,0.0,0.0
intel,diffusion/entropy,size,12,untouched-000,0,False,untouched,0,0,0.0,0.0
intel,diffusion/entropy,size,12,transition-000,0,False,transition,0,0,0.0,0.0
intel,diffusion/entropy,size,12,untouched-001,1,False,untouched,0,0,0.0,0.0
intel,diffusion/entropy,size,12,transition-001,1,False,transition,0,0,0.0,0.0
intel,diffusion/entropy,size,12,untouched-002,2,False,untouched,0,0,0.0,0.0
intel,diffusion/entropy,size,12,transition-002,2,False,transition,0,0,0.0,0.0
intel,diffusion/entropy,size,12,untouched-003,3,False,untouched,0,1,0.0,0.005574136008918618
intel,diffusion/entropy,size,12,transition-003,3,False,transition,0,1,0.0,0.005574136008918618
intel,diffusion/entropy,size,12,untouched-004,4,False,untouched,0,0,0.0,0.0
intel,diffusion/entropy,size,12,transition-004,4,False,transition,0,0,0.0,0.0
intel,diffusion/entropy,size,12,untouched-005,5,False,untouched,0,0,0.0,0.0
intel,diffusion/entropy,size,12,transition-005,5,False,transition,0,0,0.0,0.0
intel,diffusion/entropy,size,12,untouched-006,6,False,untouched,0,1,0.0,0.0011148272017837235
intel,diffusion/entropy,size,12,transition-006,6,False,transition,0,1,0.0,0.002229654403567447
intel,diffusion/entropy,size,12,untouched-007,7,False,untouched,0,0,0.0,0.0
intel,diffusion/entropy,size,12,transition-007,7,False,transition,0,1,0.0,0.0016722408026755853
intel,diffusion/synchronization,size,12,copy-000,0,True,copy,0,0,0.0,0.0
intel,diffusion/synchronization,size,12,copy-001,1,True,copy,0,0,0.0,0.0
intel,diffusion/synchronization,size,12,copy-002,2,True,copy,0,0,0.0,0.0
intel,diffusion/synchronization,size,12,copy-003,3,True,copy,0,1,0.0,0.005574136008918618
intel,diffusion/synchronization,size,12,copy-004,4,True,copy,0,0,0.0,0.0
intel,diffusion/synchronization,size,12,copy-005,5,True,copy,0,0,0.0,0.0
intel,diffusion/synchronization,size,12,common-006,6,True,common,0,1,0.0,0.0011148272017837235
intel,diffusion/synchronization,size,12,common-007,7,True,common,0,0,0.0,0.0
intel,diffusion/synchronization,size,12,common-008,0,True,common,0,0,0.0,0.0
intel,diffusion/synchronization,size,12,common-009,1,True,common,0,0,0.0,0.0
intel,diffusion/synchronization,size,12,common-010,2,True,common,0,0,0.0,0.0
intel,diffusion/synchronization,size,12,common-011,3,True,common,0,1,0.0,0.005574136008918618
intel,diffusion/synchronization,size,12,decouple-012,4,True,decouple,0,0,0.0,0.0
intel,diffusion/synchronization,size,12,decouple-013,5,True,decouple,0,0,0.0,0.0
intel,diffusion/synchronization,size,12,decouple-014,6,True,decouple,1,0,0.15384615384615385,0.0011148272017837235
intel,diffusion/synchronization,size,12,decouple-015,7,True,decouple,0,0,0.0,0.0
intel,diffusion/synchronization,size,12,decouple-016,0,True,decouple,0,0,0.0,0.0
intel,diffusion/synchronization,size,12,decouple-017,1,True,decouple,0,0,0.0,0.0
intel,diffusion/synchronization,size,12,noise-018,2,True,noise,0,0,0.0,0.0
intel,diffusion/synchronization,size,12,noise-019,3,True,noise,0,1,0.0,0.005574136008918618
intel,diffusion/synchronization,size,12,noise-020,4,True,noise,0,0,0.0,0.0
intel,diffusion/synchronization,size,12,noise-021,5,True,noise,0,0,0.0,0.0
intel,diffusion/synchronization,size,12,noise-022,6,True,noise,0,1,0.0,0.0011148272017837235
intel,diffusion/synchronization,size,12,noise-023,7,True,noise,0,0,0.0,0.0
intel,diffusion/synchronization,size,12,delay-024,0,True,delay,0,0,0.0,0.0
intel,diffusion/synchronization,size,12,delay-025,1,True,delay,0,0,0.0,0.0
intel,diffusion/synchronization,size,12,delay-026,2,True,delay,0,0,0.0,0.0
intel,diffusion/synchronization,size,12,delay-027,3,True,delay,0,1,0.0,0.005574136008918618
intel,diffusion/synchronization,size,12,delay-028,4,True,delay,0,0,0.0,0.0
intel,diffusion/synchronization,size,12,delay-029,5,True,delay,0,0,0.0,0.0
intel,diffusion/synchronization,size,12,drift-030,6,True,drift,0,1,0.0,0.0011148272017837235
intel,diffusion/synchronization,size,12,drift-031,7,True,drift,0,0,0.0,0.0
intel,diffusion/synchronization,size,12,drift-032,0,True,drift,0,0,0.0,0.0
intel,diffusion/synchronization,size,12,drift-033,1,True,drift,0,0,0.0,0.0
intel,diffusion/synchronization,size,12,drift-034,2,True,drift,0,0,0.0,0.0
intel,diffusion/synchronization,size,12,drift-035,3,True,drift,0,1,0.0,0.005574136008918618
intel,diffusion/synchronization,size,12,flatline-036,4,True,flatline,0,0,0.0,0.0
intel,diffusion/synchronization,size,12,flatline-037,5,True,flatline,0,0,0.0,0.0
intel,diffusion/synchronization,size,12,flatline-038,6,True,flatline,1,0,0.0,0.0005574136008918618
intel,diffusion/synchronization,size,12,flatline-039,7,True,flatline,0,0,0.0,0.0
intel,diffusion/synchronization,size,12,flatline-040,0,True,flatline,0,0,0.0,0.0
intel,diffusion/synchronization,size,12,flatline-041,1,True,flatline,0,0,0.0,0.0
intel,diffusion/synchronization,size,12,dropout-042,2,True,dropout,0,0,0.0,0.0
intel,diffusion/synchronization,size,12,dropout-043,3,True,dropout,0,1,0.0,0.005574136008918618
intel,diffusion/synchronization,size,12,dropout-044,4,True,dropout,0,0,0.0,0.0
intel,diffusion/synchronization,size,12,dropout-045,5,True,dropout,0,0,0.0,0.0
intel,diffusion/synchronization,size,12,dropout-046,6,True,dropout,0,0,0.0,0.0
intel,diffusion/synchronization,size,12,dropout-047,7,True,dropout,0,0,0.0,0.0
intel,diffusion/synchronization,size,12,anticorrelated-048,0,True,anticorrelated,0,0,0.0,0.0
intel,diffusion/synchronization,size,12,anticorrelated-049,1,True,anticorrelated,0,0,0.0,0.0
intel,diffusion/synchronization,size,12,anticorrelated-050,2,True,anticorrelated,0,0,0.0,0.0
intel,diffusion/synchronization,size,12,anticorrelated-051,3,True,anticorrelated,0,1,0.0,0.005574136008918618
intel,diffusion/synchronization,size,12,anticorrelated-052,4,True,anticorrelated,0,0,0.0,0.0
intel,diffusion/synchronization,size,12,anticorrelated-053,5,True,anticorrelated,0,0,0.0,0.0
intel,diffusion/synchronization,size,12,mixed-054,6,True,mixed,0,1,0.0,0.0011148272017837235
intel,diffusion/synchronization,size,12,mixed-055,7,True,mixed,0,0,0.0,0.0
intel,diffusion/synchronization,size,12,mixed-056,0,True,mixed,0,0,0.0,0.0
intel,diffusion/synchronization,size,12,mixed-057,1,True,mixed,0,0,0.0,0.0
intel,diffusion/synchronization,size,12,mixed-058,2,True,mixed,0,0,0.0,0.0
intel,diffusion/synchronization,size,12,mixed-059,3,True,mixed,0,1,0.0,0.005574136008918618
intel,diffusion/synchronization,size,12,matched_covariance-060,4,True,matched_covariance,0,0,0.0,0.0
intel,diffusion/synchronization,size,12,matched_covariance-061,5,True,matched_covariance,0,0,0.0,0.0
intel,diffusion/synchronization,size,12,matched_covariance-062,6,True,matched_covariance,1,0,0.07142857142857142,0.0011148272017837235
intel,diffusion/synchronization,size,12,matched_covariance-063,7,True,matched_covariance,0,0,0.0,0.0
intel,diffusion/synchronization,size,12,matched_covariance-064,0,True,matched_covariance,0,0,0.0,0.0
intel,diffusion/synchronization,size,12,matched_covariance-065,1,True,matched_covariance,0,0,0.0,0.0
intel,diffusion/synchronization,size,12,marginal_preserving-066,2,True,marginal_preserving,0,0,0.0,0.0
intel,diffusion/synchronization,size,12,marginal_preserving-067,3,True,marginal_preserving,0,1,0.0,0.005574136008918618
intel,diffusion/synchronization,size,12,marginal_preserving-068,4,True,marginal_preserving,0,0,0.0,0.0
intel,diffusion/synchronization,size,12,marginal_preserving-069,5,True,marginal_preserving,0,0,0.0,0.0
intel,diffusion/synchronization,size,12,marginal_preserving-070,6,True,marginal_preserving,0,1,0.0,0.0011148272017837235
intel,diffusion/synchronization,size,12,marginal_preserving-071,7,True,marginal_preserving,0,0,0.0,0.0
intel,diffusion/synchronization,size,12,untouched-000,0,False,untouched,0,0,0.0,0.0
intel,diffusion/synchronization,size,12,transition-000,0,False,transition,0,0,0.0,0.0
intel,diffusion/synchronization,size,12,untouched-001,1,False,untouched,0,0,0.0,0.0
intel,diffusion/synchronization,size,12,transition-001,1,False,transition,0,0,0.0,0.0
intel,diffusion/synchronization,size,12,untouched-002,2,False,untouched,0,0,0.0,0.0
intel,diffusion/synchronization,size,12,transition-002,2,False,transition,0,0,0.0,0.0
intel,diffusion/synchronization,size,12,untouched-003,3,False,untouched,0,1,0.0,0.005574136008918618
intel,diffusion/synchronization,size,12,transition-003,3,False,transition,0,1,0.0,0.005574136008918618
intel,diffusion/synchronization,size,12,untouched-004,4,False,untouched,0,0,0.0,0.0
intel,diffusion/synchronization,size,12,transition-004,4,False,transition,0,0,0.0,0.0
intel,diffusion/synchronization,size,12,untouched-005,5,False,untouched,0,0,0.0,0.0
intel,diffusion/synchronization,size,12,transition-005,5,False,transition,0,0,0.0,0.0
intel,diffusion/synchronization,size,12,untouched-006,6,False,untouched,0,1,0.0,0.0011148272017837235
intel,diffusion/synchronization,size,12,transition-006,6,False,transition,0,1,0.0,0.002229654403567447
intel,diffusion/synchronization,size,12,untouched-007,7,False,untouched,0,0,0.0,0.0
intel,diffusion/synchronization,size,12,transition-007,7,False,transition,0,1,0.0,0.0016722408026755853
intel,diffusion/combined,size,12,copy-000,0,True,copy,0,0,0.0,0.0
intel,diffusion/combined,size,12,copy-001,1,True,copy,0,0,0.0,0.0
intel,diffusion/combined,size,12,copy-002,2,True,copy,0,0,0.0,0.0
intel,diffusion/combined,size,12,copy-003,3,True,copy,0,1,0.0,0.005574136008918618
intel,diffusion/combined,size,12,copy-004,4,True,copy,0,0,0.0,0.0
intel,diffusion/combined,size,12,copy-005,5,True,copy,0,0,0.0,0.0
intel,diffusion/combined,size,12,common-006,6,True,common,0,1,0.0,0.0011148272017837235
intel,diffusion/combined,size,12,common-007,7,True,common,0,0,0.0,0.0
intel,diffusion/combined,size,12,common-008,0,True,common,0,0,0.0,0.0
intel,diffusion/combined,size,12,common-009,1,True,common,0,0,0.0,0.0
intel,diffusion/combined,size,12,common-010,2,True,common,0,0,0.0,0.0
intel,diffusion/combined,size,12,common-011,3,True,common,0,1,0.0,0.005574136008918618
intel,diffusion/combined,size,12,decouple-012,4,True,decouple,0,0,0.0,0.0
intel,diffusion/combined,size,12,decouple-013,5,True,decouple,0,0,0.0,0.0
intel,diffusion/combined,size,12,decouple-014,6,True,decouple,1,0,0.15384615384615385,0.0011148272017837235
intel,diffusion/combined,size,12,decouple-015,7,True,decouple,0,0,0.0,0.0
intel,diffusion/combined,size,12,decouple-016,0,True,decouple,0,0,0.0,0.0
intel,diffusion/combined,size,12,decouple-017,1,True,decouple,0,0,0.0,0.0
intel,diffusion/combined,size,12,noise-018,2,True,noise,0,0,0.0,0.0
intel,diffusion/combined,size,12,noise-019,3,True,noise,0,1,0.0,0.005574136008918618
intel,diffusion/combined,size,12,noise-020,4,True,noise,0,0,0.0,0.0
intel,diffusion/combined,size,12,noise-021,5,True,noise,0,0,0.0,0.0
intel,diffusion/combined,size,12,noise-022,6,True,noise,0,1,0.0,0.0011148272017837235
intel,diffusion/combined,size,12,noise-023,7,True,noise,0,0,0.0,0.0
intel,diffusion/combined,size,12,delay-024,0,True,delay,0,0,0.0,0.0
intel,diffusion/combined,size,12,delay-025,1,True,delay,0,0,0.0,0.0
intel,diffusion/combined,size,12,delay-026,2,True,delay,0,0,0.0,0.0
intel,diffusion/combined,size,12,delay-027,3,True,delay,0,1,0.0,0.005574136008918618
intel,diffusion/combined,size,12,delay-028,4,True,delay,0,0,0.0,0.0
intel,diffusion/combined,size,12,delay-029,5,True,delay,0,0,0.0,0.0
intel,diffusion/combined,size,12,drift-030,6,True,drift,0,1,0.0,0.0011148272017837235
intel,diffusion/combined,size,12,drift-031,7,True,drift,0,0,0.0,0.0
intel,diffusion/combined,size,12,drift-032,0,True,drift,0,0,0.0,0.0
intel,diffusion/combined,size,12,drift-033,1,True,drift,0,0,0.0,0.0
intel,diffusion/combined,size,12,drift-034,2,True,drift,0,0,0.0,0.0
intel,diffusion/combined,size,12,drift-035,3,True,drift,0,1,0.0,0.005574136008918618
intel,diffusion/combined,size,12,flatline-036,4,True,flatline,0,0,0.0,0.0
intel,diffusion/combined,size,12,flatline-037,5,True,flatline,0,0,0.0,0.0
intel,diffusion/combined,size,12,flatline-038,6,True,flatline,1,0,0.0,0.0005574136008918618
intel,diffusion/combined,size,12,flatline-039,7,True,flatline,0,0,0.0,0.0
intel,diffusion/combined,size,12,flatline-040,0,True,flatline,0,0,0.0,0.0
intel,diffusion/combined,size,12,flatline-041,1,True,flatline,0,0,0.0,0.0
intel,diffusion/combined,size,12,dropout-042,2,True,dropout,0,0,0.0,0.0
intel,diffusion/combined,size,12,dropout-043,3,True,dropout,0,1,0.0,0.005574136008918618
intel,diffusion/combined,size,12,dropout-044,4,True,dropout,0,0,0.0,0.0
intel,diffusion/combined,size,12,dropout-045,5,True,dropout,0,0,0.0,0.0
intel,diffusion/combined,size,12,dropout-046,6,True,dropout,0,0,0.0,0.0
intel,diffusion/combined,size,12,dropout-047,7,True,dropout,0,0,0.0,0.0
intel,diffusion/combined,size,12,anticorrelated-048,0,True,anticorrelated,0,0,0.0,0.0
intel,diffusion/combined,size,12,anticorrelated-049,1,True,anticorrelated,0,0,0.0,0.0
intel,diffusion/combined,size,12,anticorrelated-050,2,True,anticorrelated,0,0,0.0,0.0
intel,diffusion/combined,size,12,anticorrelated-051,3,True,anticorrelated,0,1,0.0,0.005574136008918618
intel,diffusion/combined,size,12,anticorrelated-052,4,True,anticorrelated,0,0,0.0,0.0
intel,diffusion/combined,size,12,anticorrelated-053,5,True,anticorrelated,0,0,0.0,0.0
intel,diffusion/combined,size,12,mixed-054,6,True,mixed,0,1,0.0,0.0011148272017837235
intel,diffusion/combined,size,12,mixed-055,7,True,mixed,0,0,0.0,0.0
intel,diffusion/combined,size,12,mixed-056,0,True,mixed,0,0,0.0,0.0
intel,diffusion/combined,size,12,mixed-057,1,True,mixed,0,0,0.0,0.0
intel,diffusion/combined,size,12,mixed-058,2,True,mixed,0,0,0.0,0.0
intel,diffusion/combined,size,12,mixed-059,3,True,mixed,0,1,0.0,0.005574136008918618
intel,diffusion/combined,size,12,matched_covariance-060,4,True,matched_covariance,0,0,0.0,0.0
intel,diffusion/combined,size,12,matched_covariance-061,5,True,matched_covariance,0,0,0.0,0.0
intel,diffusion/combined,size,12,matched_covariance-062,6,True,matched_covariance,1,0,0.07142857142857142,0.0011148272017837235
intel,diffusion/combined,size,12,matched_covariance-063,7,True,matched_covariance,0,0,0.0,0.0
intel,diffusion/combined,size,12,matched_covariance-064,0,True,matched_covariance,0,0,0.0,0.0
intel,diffusion/combined,size,12,matched_covariance-065,1,True,matched_covariance,0,0,0.0,0.0
intel,diffusion/combined,size,12,marginal_preserving-066,2,True,marginal_preserving,0,0,0.0,0.0
intel,diffusion/combined,size,12,marginal_preserving-067,3,True,marginal_preserving,0,1,0.0,0.005574136008918618
intel,diffusion/combined,size,12,marginal_preserving-068,4,True,marginal_preserving,0,0,0.0,0.0
intel,diffusion/combined,size,12,marginal_preserving-069,5,True,marginal_preserving,0,0,0.0,0.0
intel,diffusion/combined,size,12,marginal_preserving-070,6,True,marginal_preserving,0,1,0.0,0.0011148272017837235
intel,diffusion/combined,size,12,marginal_preserving-071,7,True,marginal_preserving,0,0,0.0,0.0
intel,diffusion/combined,size,12,untouched-000,0,False,untouched,0,0,0.0,0.0
intel,diffusion/combined,size,12,transition-000,0,False,transition,0,0,0.0,0.0
intel,diffusion/combined,size,12,untouched-001,1,False,untouched,0,0,0.0,0.0
intel,diffusion/combined,size,12,transition-001,1,False,transition,0,0,0.0,0.0
intel,diffusion/combined,size,12,untouched-002,2,False,untouched,0,0,0.0,0.0
intel,diffusion/combined,size,12,transition-002,2,False,transition,0,0,0.0,0.0
intel,diffusion/combined,size,12,untouched-003,3,False,untouched,0,1,0.0,0.005574136008918618
intel,diffusion/combined,size,12,transition-003,3,False,transition,0,1,0.0,0.005574136008918618
intel,diffusion/combined,size,12,untouched-004,4,False,untouched,0,0,0.0,0.0
intel,diffusion/combined,size,12,transition-004,4,False,transition,0,0,0.0,0.0
intel,diffusion/combined,size,12,untouched-005,5,False,untouched,0,0,0.0,0.0
intel,diffusion/combined,size,12,transition-005,5,False,transition,0,0,0.0,0.0
intel,diffusion/combined,size,12,untouched-006,6,False,untouched,0,1,0.0,0.0011148272017837235
intel,diffusion/combined,size,12,transition-006,6,False,transition,0,1,0.0,0.002229654403567447
intel,diffusion/combined,size,12,untouched-007,7,False,untouched,0,0,0.0,0.0
intel,diffusion/combined,size,12,transition-007,7,False,transition,0,1,0.0,0.0016722408026755853
intel,diffusion/entropy,size,24,copy-000,0,True,copy,0,0,0.0,0.0
intel,diffusion/entropy,size,24,copy-001,1,True,copy,0,0,0.0,0.0
intel,diffusion/entropy,size,24,copy-002,2,True,copy,0,0,0.0,0.0
intel,diffusion/entropy,size,24,copy-003,3,True,copy,0,0,0.0,0.0
intel,diffusion/entropy,size,24,copy-004,4,True,copy,0,0,0.0,0.0
intel,diffusion/entropy,size,24,copy-005,5,True,copy,0,0,0.0,0.0
intel,diffusion/entropy,size,24,common-006,6,True,common,0,0,0.0,0.0
intel,diffusion/entropy,size,24,common-007,7,True,common,0,0,0.0,0.0
intel,diffusion/entropy,size,24,common-008,0,True,common,0,0,0.0,0.0
intel,diffusion/entropy,size,24,common-009,1,True,common,0,0,0.0,0.0
intel,diffusion/entropy,size,24,common-010,2,True,common,0,0,0.0,0.0
intel,diffusion/entropy,size,24,common-011,3,True,common,0,0,0.0,0.0
intel,diffusion/entropy,size,24,decouple-012,4,True,decouple,0,0,0.0,0.0
intel,diffusion/entropy,size,24,decouple-013,5,True,decouple,0,0,0.0,0.0
intel,diffusion/entropy,size,24,decouple-014,6,True,decouple,0,0,0.0,0.0
intel,diffusion/entropy,size,24,decouple-015,7,True,decouple,0,0,0.0,0.0
intel,diffusion/entropy,size,24,decouple-016,0,True,decouple,0,0,0.0,0.0
intel,diffusion/entropy,size,24,decouple-017,1,True,decouple,0,0,0.0,0.0
intel,diffusion/entropy,size,24,noise-018,2,True,noise,0,0,0.0,0.0
intel,diffusion/entropy,size,24,noise-019,3,True,noise,0,0,0.0,0.0
intel,diffusion/entropy,size,24,noise-020,4,True,noise,0,0,0.0,0.0
intel,diffusion/entropy,size,24,noise-021,5,True,noise,0,0,0.0,0.0
intel,diffusion/entropy,size,24,noise-022,6,True,noise,0,0,0.0,0.0
intel,diffusion/entropy,size,24,noise-023,7,True,noise,0,0,0.0,0.0
intel,diffusion/entropy,size,24,delay-024,0,True,delay,0,0,0.0,0.0
intel,diffusion/entropy,size,24,delay-025,1,True,delay,0,0,0.0,0.0
intel,diffusion/entropy,size,24,delay-026,2,True,delay,0,0,0.0,0.0
intel,diffusion/entropy,size,24,delay-027,3,True,delay,0,0,0.0,0.0
intel,diffusion/entropy,size,24,delay-028,4,True,delay,0,0,0.0,0.0
intel,diffusion/entropy,size,24,delay-029,5,True,delay,0,0,0.0,0.0
intel,diffusion/entropy,size,24,drift-030,6,True,drift,0,0,0.0,0.0
intel,diffusion/entropy,size,24,drift-031,7,True,drift,0,0,0.0,0.0
intel,diffusion/entropy,size,24,drift-032,0,True,drift,0,0,0.0,0.0
intel,diffusion/entropy,size,24,drift-033,1,True,drift,0,0,0.0,0.0
intel,diffusion/entropy,size,24,drift-034,2,True,drift,0,0,0.0,0.0
intel,diffusion/entropy,size,24,drift-035,3,True,drift,0,0,0.0,0.0
intel,diffusion/entropy,size,24,flatline-036,4,True,flatline,0,0,0.0,0.0
intel,diffusion/entropy,size,24,flatline-037,5,True,flatline,0,0,0.0,0.0
intel,diffusion/entropy,size,24,flatline-038,6,True,flatline,0,0,0.0,0.0
intel,diffusion/entropy,size,24,flatline-039,7,True,flatline,0,0,0.0,0.0
intel,diffusion/entropy,size,24,flatline-040,0,True,flatline,0,0,0.0,0.0
intel,diffusion/entropy,size,24,flatline-041,1,True,flatline,0,0,0.0,0.0
intel,diffusion/entropy,size,24,dropout-042,2,True,dropout,0,0,0.0,0.0
intel,diffusion/entropy,size,24,dropout-043,3,True,dropout,0,0,0.0,0.0
intel,diffusion/entropy,size,24,dropout-044,4,True,dropout,0,0,0.0,0.0
intel,diffusion/entropy,size,24,dropout-045,5,True,dropout,0,0,0.0,0.0
intel,diffusion/entropy,size,24,dropout-046,6,True,dropout,0,0,0.0,0.0
intel,diffusion/entropy,size,24,dropout-047,7,True,dropout,0,0,0.0,0.0
intel,diffusion/entropy,size,24,anticorrelated-048,0,True,anticorrelated,0,0,0.0,0.0
intel,diffusion/entropy,size,24,anticorrelated-049,1,True,anticorrelated,0,0,0.0,0.0
intel,diffusion/entropy,size,24,anticorrelated-050,2,True,anticorrelated,0,0,0.0,0.0
intel,diffusion/entropy,size,24,anticorrelated-051,3,True,anticorrelated,0,0,0.0,0.0
intel,diffusion/entropy,size,24,anticorrelated-052,4,True,anticorrelated,0,0,0.0,0.0
intel,diffusion/entropy,size,24,anticorrelated-053,5,True,anticorrelated,0,0,0.0,0.0
intel,diffusion/entropy,size,24,mixed-054,6,True,mixed,0,0,0.0,0.0
intel,diffusion/entropy,size,24,mixed-055,7,True,mixed,0,0,0.0,0.0
intel,diffusion/entropy,size,24,mixed-056,0,True,mixed,0,0,0.0,0.0
intel,diffusion/entropy,size,24,mixed-057,1,True,mixed,0,0,0.0,0.0
intel,diffusion/entropy,size,24,mixed-058,2,True,mixed,0,0,0.0,0.0
intel,diffusion/entropy,size,24,mixed-059,3,True,mixed,0,0,0.0,0.0
intel,diffusion/entropy,size,24,matched_covariance-060,4,True,matched_covariance,0,0,0.0,0.0
intel,diffusion/entropy,size,24,matched_covariance-061,5,True,matched_covariance,0,0,0.0,0.0
intel,diffusion/entropy,size,24,matched_covariance-062,6,True,matched_covariance,0,0,0.0,0.0
intel,diffusion/entropy,size,24,matched_covariance-063,7,True,matched_covariance,0,0,0.0,0.0
intel,diffusion/entropy,size,24,matched_covariance-064,0,True,matched_covariance,0,0,0.0,0.0
intel,diffusion/entropy,size,24,matched_covariance-065,1,True,matched_covariance,0,0,0.0,0.0
intel,diffusion/entropy,size,24,marginal_preserving-066,2,True,marginal_preserving,0,0,0.0,0.0
intel,diffusion/entropy,size,24,marginal_preserving-067,3,True,marginal_preserving,0,0,0.0,0.0
intel,diffusion/entropy,size,24,marginal_preserving-068,4,True,marginal_preserving,0,0,0.0,0.0
intel,diffusion/entropy,size,24,marginal_preserving-069,5,True,marginal_preserving,0,0,0.0,0.0
intel,diffusion/entropy,size,24,marginal_preserving-070,6,True,marginal_preserving,0,0,0.0,0.0
intel,diffusion/entropy,size,24,marginal_preserving-071,7,True,marginal_preserving,0,0,0.0,0.0
intel,diffusion/entropy,size,24,untouched-000,0,False,untouched,0,0,0.0,0.0
intel,diffusion/entropy,size,24,transition-000,0,False,transition,0,0,0.0,0.0
intel,diffusion/entropy,size,24,untouched-001,1,False,untouched,0,0,0.0,0.0
intel,diffusion/entropy,size,24,transition-001,1,False,transition,0,0,0.0,0.0
intel,diffusion/entropy,size,24,untouched-002,2,False,untouched,0,0,0.0,0.0
intel,diffusion/entropy,size,24,transition-002,2,False,transition,0,0,0.0,0.0
intel,diffusion/entropy,size,24,untouched-003,3,False,untouched,0,0,0.0,0.0
intel,diffusion/entropy,size,24,transition-003,3,False,transition,0,0,0.0,0.0
intel,diffusion/entropy,size,24,untouched-004,4,False,untouched,0,0,0.0,0.0
intel,diffusion/entropy,size,24,transition-004,4,False,transition,0,0,0.0,0.0
intel,diffusion/entropy,size,24,untouched-005,5,False,untouched,0,0,0.0,0.0
intel,diffusion/entropy,size,24,transition-005,5,False,transition,0,0,0.0,0.0
intel,diffusion/entropy,size,24,untouched-006,6,False,untouched,0,0,0.0,0.0
intel,diffusion/entropy,size,24,transition-006,6,False,transition,0,0,0.0,0.0
intel,diffusion/entropy,size,24,untouched-007,7,False,untouched,0,0,0.0,0.0
intel,diffusion/entropy,size,24,transition-007,7,False,transition,0,0,0.0,0.0
intel,diffusion/synchronization,size,24,copy-000,0,True,copy,0,0,0.0,0.0
intel,diffusion/synchronization,size,24,copy-001,1,True,copy,0,0,0.0,0.0
intel,diffusion/synchronization,size,24,copy-002,2,True,copy,0,0,0.0,0.0
intel,diffusion/synchronization,size,24,copy-003,3,True,copy,0,0,0.0,0.0
intel,diffusion/synchronization,size,24,copy-004,4,True,copy,0,0,0.0,0.0
intel,diffusion/synchronization,size,24,copy-005,5,True,copy,0,0,0.0,0.0
intel,diffusion/synchronization,size,24,common-006,6,True,common,0,0,0.0,0.0
intel,diffusion/synchronization,size,24,common-007,7,True,common,0,0,0.0,0.0
intel,diffusion/synchronization,size,24,common-008,0,True,common,0,0,0.0,0.0
intel,diffusion/synchronization,size,24,common-009,1,True,common,0,0,0.0,0.0
intel,diffusion/synchronization,size,24,common-010,2,True,common,0,0,0.0,0.0
intel,diffusion/synchronization,size,24,common-011,3,True,common,0,0,0.0,0.0
intel,diffusion/synchronization,size,24,decouple-012,4,True,decouple,0,0,0.0,0.0
intel,diffusion/synchronization,size,24,decouple-013,5,True,decouple,0,0,0.0,0.0
intel,diffusion/synchronization,size,24,decouple-014,6,True,decouple,0,0,0.0,0.0
intel,diffusion/synchronization,size,24,decouple-015,7,True,decouple,0,0,0.0,0.0
intel,diffusion/synchronization,size,24,decouple-016,0,True,decouple,0,0,0.0,0.0
intel,diffusion/synchronization,size,24,decouple-017,1,True,decouple,0,0,0.0,0.0
intel,diffusion/synchronization,size,24,noise-018,2,True,noise,0,0,0.0,0.0
intel,diffusion/synchronization,size,24,noise-019,3,True,noise,0,0,0.0,0.0
intel,diffusion/synchronization,size,24,noise-020,4,True,noise,0,0,0.0,0.0
intel,diffusion/synchronization,size,24,noise-021,5,True,noise,0,0,0.0,0.0
intel,diffusion/synchronization,size,24,noise-022,6,True,noise,0,0,0.0,0.0
intel,diffusion/synchronization,size,24,noise-023,7,True,noise,0,0,0.0,0.0
intel,diffusion/synchronization,size,24,delay-024,0,True,delay,0,0,0.0,0.0
intel,diffusion/synchronization,size,24,delay-025,1,True,delay,0,0,0.0,0.0
intel,diffusion/synchronization,size,24,delay-026,2,True,delay,0,0,0.0,0.0
intel,diffusion/synchronization,size,24,delay-027,3,True,delay,0,0,0.0,0.0
intel,diffusion/synchronization,size,24,delay-028,4,True,delay,0,0,0.0,0.0
intel,diffusion/synchronization,size,24,delay-029,5,True,delay,0,0,0.0,0.0
intel,diffusion/synchronization,size,24,drift-030,6,True,drift,0,0,0.0,0.0
intel,diffusion/synchronization,size,24,drift-031,7,True,drift,0,0,0.0,0.0
intel,diffusion/synchronization,size,24,drift-032,0,True,drift,0,0,0.0,0.0
intel,diffusion/synchronization,size,24,drift-033,1,True,drift,0,0,0.0,0.0
intel,diffusion/synchronization,size,24,drift-034,2,True,drift,0,0,0.0,0.0
intel,diffusion/synchronization,size,24,drift-035,3,True,drift,0,0,0.0,0.0
intel,diffusion/synchronization,size,24,flatline-036,4,True,flatline,0,0,0.0,0.0
intel,diffusion/synchronization,size,24,flatline-037,5,True,flatline,0,0,0.0,0.0
intel,diffusion/synchronization,size,24,flatline-038,6,True,flatline,0,0,0.0,0.0
intel,diffusion/synchronization,size,24,flatline-039,7,True,flatline,0,0,0.0,0.0
intel,diffusion/synchronization,size,24,flatline-040,0,True,flatline,0,0,0.0,0.0
intel,diffusion/synchronization,size,24,flatline-041,1,True,flatline,0,0,0.0,0.0
intel,diffusion/synchronization,size,24,dropout-042,2,True,dropout,0,0,0.0,0.0
intel,diffusion/synchronization,size,24,dropout-043,3,True,dropout,0,0,0.0,0.0
intel,diffusion/synchronization,size,24,dropout-044,4,True,dropout,0,0,0.0,0.0
intel,diffusion/synchronization,size,24,dropout-045,5,True,dropout,0,0,0.0,0.0
intel,diffusion/synchronization,size,24,dropout-046,6,True,dropout,0,0,0.0,0.0
intel,diffusion/synchronization,size,24,dropout-047,7,True,dropout,0,0,0.0,0.0
intel,diffusion/synchronization,size,24,anticorrelated-048,0,True,anticorrelated,0,0,0.0,0.0
intel,diffusion/synchronization,size,24,anticorrelated-049,1,True,anticorrelated,0,0,0.0,0.0
intel,diffusion/synchronization,size,24,anticorrelated-050,2,True,anticorrelated,0,0,0.0,0.0
intel,diffusion/synchronization,size,24,anticorrelated-051,3,True,anticorrelated,0,0,0.0,0.0
intel,diffusion/synchronization,size,24,anticorrelated-052,4,True,anticorrelated,0,0,0.0,0.0
intel,diffusion/synchronization,size,24,anticorrelated-053,5,True,anticorrelated,0,0,0.0,0.0
intel,diffusion/synchronization,size,24,mixed-054,6,True,mixed,0,0,0.0,0.0
intel,diffusion/synchronization,size,24,mixed-055,7,True,mixed,0,0,0.0,0.0
intel,diffusion/synchronization,size,24,mixed-056,0,True,mixed,0,0,0.0,0.0
intel,diffusion/synchronization,size,24,mixed-057,1,True,mixed,0,0,0.0,0.0
intel,diffusion/synchronization,size,24,mixed-058,2,True,mixed,0,0,0.0,0.0
intel,diffusion/synchronization,size,24,mixed-059,3,True,mixed,0,0,0.0,0.0
intel,diffusion/synchronization,size,24,matched_covariance-060,4,True,matched_covariance,0,0,0.0,0.0
intel,diffusion/synchronization,size,24,matched_covariance-061,5,True,matched_covariance,0,0,0.0,0.0
intel,diffusion/synchronization,size,24,matched_covariance-062,6,True,matched_covariance,0,0,0.0,0.0
intel,diffusion/synchronization,size,24,matched_covariance-063,7,True,matched_covariance,0,0,0.0,0.0
intel,diffusion/synchronization,size,24,matched_covariance-064,0,True,matched_covariance,0,0,0.0,0.0
intel,diffusion/synchronization,size,24,matched_covariance-065,1,True,matched_covariance,0,0,0.0,0.0
intel,diffusion/synchronization,size,24,marginal_preserving-066,2,True,marginal_preserving,0,0,0.0,0.0
intel,diffusion/synchronization,size,24,marginal_preserving-067,3,True,marginal_preserving,0,0,0.0,0.0
intel,diffusion/synchronization,size,24,marginal_preserving-068,4,True,marginal_preserving,0,0,0.0,0.0
intel,diffusion/synchronization,size,24,marginal_preserving-069,5,True,marginal_preserving,0,0,0.0,0.0
intel,diffusion/synchronization,size,24,marginal_preserving-070,6,True,marginal_preserving,0,0,0.0,0.0
intel,diffusion/synchronization,size,24,marginal_preserving-071,7,True,marginal_preserving,0,0,0.0,0.0
intel,diffusion/synchronization,size,24,untouched-000,0,False,untouched,0,0,0.0,0.0
intel,diffusion/synchronization,size,24,transition-000,0,False,transition,0,0,0.0,0.0
intel,diffusion/synchronization,size,24,untouched-001,1,False,untouched,0,0,0.0,0.0
intel,diffusion/synchronization,size,24,transition-001,1,False,transition,0,0,0.0,0.0
intel,diffusion/synchronization,size,24,untouched-002,2,False,untouched,0,0,0.0,0.0
intel,diffusion/synchronization,size,24,transition-002,2,False,transition,0,0,0.0,0.0
intel,diffusion/synchronization,size,24,untouched-003,3,False,untouched,0,0,0.0,0.0
intel,diffusion/synchronization,size,24,transition-003,3,False,transition,0,0,0.0,0.0
intel,diffusion/synchronization,size,24,untouched-004,4,False,untouched,0,0,0.0,0.0
intel,diffusion/synchronization,size,24,transition-004,4,False,transition,0,0,0.0,0.0
intel,diffusion/synchronization,size,24,untouched-005,5,False,untouched,0,0,0.0,0.0
intel,diffusion/synchronization,size,24,transition-005,5,False,transition,0,0,0.0,0.0
intel,diffusion/synchronization,size,24,untouched-006,6,False,untouched,0,0,0.0,0.0
intel,diffusion/synchronization,size,24,transition-006,6,False,transition,0,0,0.0,0.0
intel,diffusion/synchronization,size,24,untouched-007,7,False,untouched,0,0,0.0,0.0
intel,diffusion/synchronization,size,24,transition-007,7,False,transition,0,0,0.0,0.0
intel,diffusion/combined,size,24,copy-000,0,True,copy,0,0,0.0,0.0
intel,diffusion/combined,size,24,copy-001,1,True,copy,0,0,0.0,0.0
intel,diffusion/combined,size,24,copy-002,2,True,copy,0,0,0.0,0.0
intel,diffusion/combined,size,24,copy-003,3,True,copy,0,0,0.0,0.0
intel,diffusion/combined,size,24,copy-004,4,True,copy,0,0,0.0,0.0
intel,diffusion/combined,size,24,copy-005,5,True,copy,0,0,0.0,0.0
intel,diffusion/combined,size,24,common-006,6,True,common,0,0,0.0,0.0
intel,diffusion/combined,size,24,common-007,7,True,common,0,0,0.0,0.0
intel,diffusion/combined,size,24,common-008,0,True,common,0,0,0.0,0.0
intel,diffusion/combined,size,24,common-009,1,True,common,0,0,0.0,0.0
intel,diffusion/combined,size,24,common-010,2,True,common,0,0,0.0,0.0
intel,diffusion/combined,size,24,common-011,3,True,common,0,0,0.0,0.0
intel,diffusion/combined,size,24,decouple-012,4,True,decouple,0,0,0.0,0.0
intel,diffusion/combined,size,24,decouple-013,5,True,decouple,0,0,0.0,0.0
intel,diffusion/combined,size,24,decouple-014,6,True,decouple,0,0,0.0,0.0
intel,diffusion/combined,size,24,decouple-015,7,True,decouple,0,0,0.0,0.0
intel,diffusion/combined,size,24,decouple-016,0,True,decouple,0,0,0.0,0.0
intel,diffusion/combined,size,24,decouple-017,1,True,decouple,0,0,0.0,0.0
intel,diffusion/combined,size,24,noise-018,2,True,noise,0,0,0.0,0.0
intel,diffusion/combined,size,24,noise-019,3,True,noise,0,0,0.0,0.0
intel,diffusion/combined,size,24,noise-020,4,True,noise,0,0,0.0,0.0
intel,diffusion/combined,size,24,noise-021,5,True,noise,0,0,0.0,0.0
intel,diffusion/combined,size,24,noise-022,6,True,noise,0,0,0.0,0.0
intel,diffusion/combined,size,24,noise-023,7,True,noise,0,0,0.0,0.0
intel,diffusion/combined,size,24,delay-024,0,True,delay,0,0,0.0,0.0
intel,diffusion/combined,size,24,delay-025,1,True,delay,0,0,0.0,0.0
intel,diffusion/combined,size,24,delay-026,2,True,delay,0,0,0.0,0.0
intel,diffusion/combined,size,24,delay-027,3,True,delay,0,0,0.0,0.0
intel,diffusion/combined,size,24,delay-028,4,True,delay,0,0,0.0,0.0
intel,diffusion/combined,size,24,delay-029,5,True,delay,0,0,0.0,0.0
intel,diffusion/combined,size,24,drift-030,6,True,drift,0,0,0.0,0.0
intel,diffusion/combined,size,24,drift-031,7,True,drift,0,0,0.0,0.0
intel,diffusion/combined,size,24,drift-032,0,True,drift,0,0,0.0,0.0
intel,diffusion/combined,size,24,drift-033,1,True,drift,0,0,0.0,0.0
intel,diffusion/combined,size,24,drift-034,2,True,drift,0,0,0.0,0.0
intel,diffusion/combined,size,24,drift-035,3,True,drift,0,0,0.0,0.0
intel,diffusion/combined,size,24,flatline-036,4,True,flatline,0,0,0.0,0.0
intel,diffusion/combined,size,24,flatline-037,5,True,flatline,0,0,0.0,0.0
intel,diffusion/combined,size,24,flatline-038,6,True,flatline,0,0,0.0,0.0
intel,diffusion/combined,size,24,flatline-039,7,True,flatline,0,0,0.0,0.0
intel,diffusion/combined,size,24,flatline-040,0,True,flatline,0,0,0.0,0.0
intel,diffusion/combined,size,24,flatline-041,1,True,flatline,0,0,0.0,0.0
intel,diffusion/combined,size,24,dropout-042,2,True,dropout,0,0,0.0,0.0
intel,diffusion/combined,size,24,dropout-043,3,True,dropout,0,0,0.0,0.0
intel,diffusion/combined,size,24,dropout-044,4,True,dropout,0,0,0.0,0.0
intel,diffusion/combined,size,24,dropout-045,5,True,dropout,0,0,0.0,0.0
intel,diffusion/combined,size,24,dropout-046,6,True,dropout,0,0,0.0,0.0
intel,diffusion/combined,size,24,dropout-047,7,True,dropout,0,0,0.0,0.0
intel,diffusion/combined,size,24,anticorrelated-048,0,True,anticorrelated,0,0,0.0,0.0
intel,diffusion/combined,size,24,anticorrelated-049,1,True,anticorrelated,0,0,0.0,0.0
intel,diffusion/combined,size,24,anticorrelated-050,2,True,anticorrelated,0,0,0.0,0.0
intel,diffusion/combined,size,24,anticorrelated-051,3,True,anticorrelated,0,0,0.0,0.0
intel,diffusion/combined,size,24,anticorrelated-052,4,True,anticorrelated,0,0,0.0,0.0
intel,diffusion/combined,size,24,anticorrelated-053,5,True,anticorrelated,0,0,0.0,0.0
intel,diffusion/combined,size,24,mixed-054,6,True,mixed,0,0,0.0,0.0
intel,diffusion/combined,size,24,mixed-055,7,True,mixed,0,0,0.0,0.0
intel,diffusion/combined,size,24,mixed-056,0,True,mixed,0,0,0.0,0.0
intel,diffusion/combined,size,24,mixed-057,1,True,mixed,0,0,0.0,0.0
intel,diffusion/combined,size,24,mixed-058,2,True,mixed,0,0,0.0,0.0
intel,diffusion/combined,size,24,mixed-059,3,True,mixed,0,0,0.0,0.0
intel,diffusion/combined,size,24,matched_covariance-060,4,True,matched_covariance,0,0,0.0,0.0
intel,diffusion/combined,size,24,matched_covariance-061,5,True,matched_covariance,0,0,0.0,0.0
intel,diffusion/combined,size,24,matched_covariance-062,6,True,matched_covariance,0,0,0.0,0.0
intel,diffusion/combined,size,24,matched_covariance-063,7,True,matched_covariance,0,0,0.0,0.0
intel,diffusion/combined,size,24,matched_covariance-064,0,True,matched_covariance,0,0,0.0,0.0
intel,diffusion/combined,size,24,matched_covariance-065,1,True,matched_covariance,0,0,0.0,0.0
intel,diffusion/combined,size,24,marginal_preserving-066,2,True,marginal_preserving,0,0,0.0,0.0
intel,diffusion/combined,size,24,marginal_preserving-067,3,True,marginal_preserving,0,0,0.0,0.0
intel,diffusion/combined,size,24,marginal_preserving-068,4,True,marginal_preserving,0,0,0.0,0.0
intel,diffusion/combined,size,24,marginal_preserving-069,5,True,marginal_preserving,0,0,0.0,0.0
intel,diffusion/combined,size,24,marginal_preserving-070,6,True,marginal_preserving,0,0,0.0,0.0
intel,diffusion/combined,size,24,marginal_preserving-071,7,True,marginal_preserving,0,0,0.0,0.0
intel,diffusion/combined,size,24,untouched-000,0,False,untouched,0,0,0.0,0.0
intel,diffusion/combined,size,24,transition-000,0,False,transition,0,0,0.0,0.0
intel,diffusion/combined,size,24,untouched-001,1,False,untouched,0,0,0.0,0.0
intel,diffusion/combined,size,24,transition-001,1,False,transition,0,0,0.0,0.0
intel,diffusion/combined,size,24,untouched-002,2,False,untouched,0,0,0.0,0.0
intel,diffusion/combined,size,24,transition-002,2,False,transition,0,0,0.0,0.0
intel,diffusion/combined,size,24,untouched-003,3,False,untouched,0,0,0.0,0.0
intel,diffusion/combined,size,24,transition-003,3,False,transition,0,0,0.0,0.0
intel,diffusion/combined,size,24,untouched-004,4,False,untouched,0,0,0.0,0.0
intel,diffusion/combined,size,24,transition-004,4,False,transition,0,0,0.0,0.0
intel,diffusion/combined,size,24,untouched-005,5,False,untouched,0,0,0.0,0.0
intel,diffusion/combined,size,24,transition-005,5,False,transition,0,0,0.0,0.0
intel,diffusion/combined,size,24,untouched-006,6,False,untouched,0,0,0.0,0.0
intel,diffusion/combined,size,24,transition-006,6,False,transition,0,0,0.0,0.0
intel,diffusion/combined,size,24,untouched-007,7,False,untouched,0,0,0.0,0.0
intel,diffusion/combined,size,24,transition-007,7,False,transition,0,0,0.0,0.0
pems,diffusion/entropy,window,24,copy-000,0,True,copy,0,0,0.0,1.0
pems,diffusion/entropy,window,24,copy-001,1,True,copy,1,0,0.0,0.9916387959866221
pems,diffusion/entropy,window,24,copy-002,2,True,copy,0,0,0.0,0.9849498327759197
pems,diffusion/entropy,window,24,copy-003,3,True,copy,0,0,0.0,0.9698996655518395
pems,diffusion/entropy,window,24,copy-004,4,True,copy,1,1,0.0,0.9866220735785953
pems,diffusion/entropy,window,24,copy-005,5,True,copy,1,2,0.4117647058823529,1.0
pems,diffusion/entropy,window,24,common-006,6,True,common,0,0,0.0,0.8812709030100334
pems,diffusion/entropy,window,24,common-007,7,True,common,1,0,0.2631578947368421,0.9331103678929766
pems,diffusion/entropy,window,24,common-008,8,True,common,0,0,0.0,0.9264214046822743
pems,diffusion/entropy,window,24,common-009,9,True,common,0,0,0.0,0.9581939799331104
pems,diffusion/entropy,window,24,common-010,10,True,common,1,1,0.0,0.9933110367892977
pems,diffusion/entropy,window,24,common-011,11,True,common,0,1,0.0,0.9983277591973244
pems,diffusion/entropy,window,24,decouple-012,0,True,decouple,0,0,0.0,1.0
pems,diffusion/entropy,window,24,decouple-013,1,True,decouple,1,0,0.0,0.9916387959866221
pems,diffusion/entropy,window,24,decouple-014,2,True,decouple,0,0,0.0,0.9849498327759197
pems,diffusion/entropy,window,24,decouple-015,3,True,decouple,0,0,0.0,0.9698996655518395
pems,diffusion/entropy,window,24,decouple-016,4,True,decouple,1,1,0.0,0.9866220735785953
pems,diffusion/entropy,window,24,decouple-017,5,True,decouple,1,1,0.0,1.0
pems,diffusion/entropy,window,24,noise-018,6,True,noise,0,0,0.0,0.8812709030100334
pems,diffusion/entropy,window,24,noise-019,7,True,noise,0,0,0.0,0.9331103678929766
pems,diffusion/entropy,window,24,noise-020,8,True,noise,0,0,0.0,0.9264214046822743
pems,diffusion/entropy,window,24,noise-021,9,True,noise,0,0,0.0,0.9581939799331104
pems,diffusion/entropy,window,24,noise-022,10,True,noise,1,1,0.0,0.9933110367892977
pems,diffusion/entropy,window,24,noise-023,11,True,noise,0,0,0.0,0.9983277591973244
pems,diffusion/entropy,window,24,delay-024,0,True,delay,0,0,0.0,1.0
pems,diffusion/entropy,window,24,delay-025,1,True,delay,0,0,0.0,0.9665551839464883
pems,diffusion/entropy,window,24,delay-026,2,True,delay,0,0,0.0,0.9849498327759197
pems,diffusion/entropy,window,24,delay-027,3,True,delay,0,0,0.0,0.9698996655518395
pems,diffusion/entropy,window,24,delay-028,4,True,delay,1,1,0.0,0.9866220735785953
pems,diffusion/entropy,window,24,delay-029,5,True,delay,1,1,0.0,1.0
pems,diffusion/entropy,window,24,drift-030,6,True,drift,0,0,0.0,0.8812709030100334
pems,diffusion/entropy,window,24,drift-031,7,True,drift,0,1,0.0,0.9331103678929766
pems,diffusion/entropy,window,24,drift-032,8,True,drift,0,0,0.0,0.9264214046822743
pems,diffusion/entropy,window,24,drift-033,9,True,drift,0,0,0.0,0.9581939799331104
pems,diffusion/entropy,window,24,drift-034,10,True,drift,1,1,0.0,0.9933110367892977
pems,diffusion/entropy,window,24,drift-035,11,True,drift,0,1,0.0,0.9983277591973244
pems,diffusion/entropy,window,24,flatline-036,0,True,flatline,0,0,0.0,1.0
pems,diffusion/entropy,window,24,flatline-037,1,True,flatline,1,1,0.0,0.9565217391304348
pems,diffusion/entropy,window,24,flatline-038,2,True,flatline,0,0,0.0,0.9615384615384616
pems,diffusion/entropy,window,24,flatline-039,3,True,flatline,0,0,0.0,0.9698996655518395
pems,diffusion/entropy,window,24,flatline-040,4,True,flatline,0,1,0.0,0.9464882943143813
pems,diffusion/entropy,window,24,flatline-041,5,True,flatline,1,1,0.0,0.8244147157190636
pems,diffusion/entropy,window,24,dropout-042,6,True,dropout,0,0,0.0,0.8645484949832776
pems,diffusion/entropy,window,24,dropout-043,7,True,dropout,0,0,0.0,0.8662207357859532
pems,diffusion/entropy,window,24,dropout-044,8,True,dropout,0,0,0.0,0.8361204013377926
pems,diffusion/entropy,window,24,dropout-045,9,True,dropout,0,0,0.0,0.9214046822742475
pems,diffusion/entropy,window,24,dropout-046,10,True,dropout,1,1,0.0,0.9431438127090301
pems,diffusion/entropy,window,24,dropout-047,11,True,dropout,0,0,0.0,0.8327759197324415
pems,diffusion/entropy,window,24,anticorrelated-048,0,True,anticorrelated,0,0,0.0,1.0
pems,diffusion/entropy,window,24,anticorrelated-049,1,True,anticorrelated,1,0,0.0,0.9916387959866221
pems,diffusion/entropy,window,24,anticorrelated-050,2,True,anticorrelated,0,0,0.0,0.9849498327759197
pems,diffusion/entropy,window,24,anticorrelated-051,3,True,anticorrelated,0,0,0.0,0.9698996655518395
pems,diffusion/entropy,window,24,anticorrelated-052,4,True,anticorrelated,1,1,0.0,0.9866220735785953
pems,diffusion/entropy,window,24,anticorrelated-053,5,True,anticorrelated,1,2,0.2,1.0
pems,diffusion/entropy,window,24,mixed-054,6,True,mixed,0,0,0.0,0.8812709030100334
pems,diffusion/entropy,window,24,mixed-055,7,True,mixed,0,0,0.0,0.9331103678929766
pems,diffusion/entropy,window,24,mixed-056,8,True,mixed,0,0,0.0,0.9264214046822743
pems,diffusion/entropy,window,24,mixed-057,9,True,mixed,0,0,0.0,0.9581939799331104
pems,diffusion/entropy,window,24,mixed-058,10,True,mixed,1,1,0.0,0.9933110367892977
pems,diffusion/entropy,window,24,mixed-059,11,True,mixed,1,1,0.3333333333333333,0.9983277591973244
pems,diffusion/entropy,window,24,matched_covariance-060,0,True,matched_covariance,0,0,0.0,1.0
pems,diffusion/entropy,window,24,matched_covariance-061,1,True,matched_covariance,1,0,0.0,0.9665551839464883
pems,diffusion/entropy,window,24,matched_covariance-062,2,True,matched_covariance,0,0,0.0,0.9849498327759197
pems,diffusion/entropy,window,24,matched_covariance-063,3,True,matched_covariance,0,0,0.0,0.9698996655518395
pems,diffusion/entropy,window,24,matched_covariance-064,4,True,matched_covariance,1,1,0.0,0.9866220735785953
pems,diffusion/entropy,window,24,matched_covariance-065,5,True,matched_covariance,1,1,0.0,1.0
pems,diffusion/entropy,window,24,marginal_preserving-066,6,True,marginal_preserving,0,0,0.0,0.8812709030100334
pems,diffusion/entropy,window,24,marginal_preserving-067,7,True,marginal_preserving,0,0,0.0,0.9331103678929766
pems,diffusion/entropy,window,24,marginal_preserving-068,8,True,marginal_preserving,0,0,0.0,0.9264214046822743
pems,diffusion/entropy,window,24,marginal_preserving-069,9,True,marginal_preserving,0,0,0.0,0.9581939799331104
pems,diffusion/entropy,window,24,marginal_preserving-070,10,True,marginal_preserving,1,1,0.0,0.9933110367892977
pems,diffusion/entropy,window,24,marginal_preserving-071,11,True,marginal_preserving,0,0,0.0,0.9983277591973244
pems,diffusion/entropy,window,24,untouched-000,0,False,untouched,0,0,0.0,1.0
pems,diffusion/entropy,window,24,transition-000,0,False,transition,0,0,0.0,1.0
pems,diffusion/entropy,window,24,untouched-001,1,False,untouched,0,1,0.0,0.9665551839464883
pems,diffusion/entropy,window,24,transition-001,1,False,transition,0,2,0.0,0.9966555183946488
pems,diffusion/entropy,window,24,untouched-002,2,False,untouched,0,0,0.0,0.9849498327759197
pems,diffusion/entropy,window,24,transition-002,2,False,transition,0,2,0.0,0.9983277591973244
pems,diffusion/entropy,window,24,untouched-003,3,False,untouched,0,0,0.0,0.9698996655518395
pems,diffusion/entropy,window,24,transition-003,3,False,transition,0,0,0.0,0.9899665551839465
pems,diffusion/entropy,window,24,untouched-004,4,False,untouched,0,2,0.0,0.9866220735785953
pems,diffusion/entropy,window,24,transition-004,4,False,transition,0,2,0.0,0.9899665551839465
pems,diffusion/entropy,window,24,untouched-005,5,False,untouched,0,2,0.0,1.0
pems,diffusion/entropy,window,24,transition-005,5,False,transition,0,3,0.0,1.0
pems,diffusion/entropy,window,24,untouched-006,6,False,untouched,0,0,0.0,0.8812709030100334
pems,diffusion/entropy,window,24,transition-006,6,False,transition,0,0,0.0,0.9899665551839465
pems,diffusion/entropy,window,24,untouched-007,7,False,untouched,0,0,0.0,0.9331103678929766
pems,diffusion/entropy,window,24,transition-007,7,False,transition,0,2,0.0,0.9749163879598662
pems,diffusion/entropy,window,24,untouched-008,8,False,untouched,0,0,0.0,0.9264214046822743
pems,diffusion/entropy,window,24,transition-008,8,False,transition,0,3,0.0,0.9632107023411371
pems,diffusion/entropy,window,24,untouched-009,9,False,untouched,0,0,0.0,0.9581939799331104
pems,diffusion/entropy,window,24,transition-009,9,False,transition,0,0,0.0,1.0
pems,diffusion/entropy,window,24,untouched-010,10,False,untouched,0,2,0.0,0.9933110367892977
pems,diffusion/entropy,window,24,transition-010,10,False,transition,0,1,0.0,0.9933110367892977
pems,diffusion/entropy,window,24,untouched-011,11,False,untouched,0,0,0.0,0.9983277591973244
pems,diffusion/entropy,window,24,transition-011,11,False,transition,0,1,0.0,0.9983277591973244
pems,diffusion/synchronization,window,24,copy-000,0,True,copy,0,0,0.0,1.0
pems,diffusion/synchronization,window,24,copy-001,1,True,copy,1,1,0.0,0.9916387959866221
pems,diffusion/synchronization,window,24,copy-002,2,True,copy,1,0,0.0,0.9849498327759197
pems,diffusion/synchronization,window,24,copy-003,3,True,copy,0,0,0.0,0.9698996655518395
pems,diffusion/synchronization,window,24,copy-004,4,True,copy,0,0,0.0,0.9866220735785953
pems,diffusion/synchronization,window,24,copy-005,5,True,copy,1,3,0.3333333333333333,1.0
pems,diffusion/synchronization,window,24,common-006,6,True,common,0,0,0.0,0.8812709030100334
pems,diffusion/synchronization,window,24,common-007,7,True,common,1,1,0.3333333333333333,0.9331103678929766
pems,diffusion/synchronization,window,24,common-008,8,True,common,0,1,0.0,0.9264214046822743
pems,diffusion/synchronization,window,24,common-009,9,True,common,0,0,0.0,0.9581939799331104
pems,diffusion/synchronization,window,24,common-010,10,True,common,0,0,0.0,0.9933110367892977
pems,diffusion/synchronization,window,24,common-011,11,True,common,1,0,0.3333333333333333,0.9983277591973244
pems,diffusion/synchronization,window,24,decouple-012,0,True,decouple,0,0,0.0,1.0
pems,diffusion/synchronization,window,24,decouple-013,1,True,decouple,1,0,0.0,0.9916387959866221
pems,diffusion/synchronization,window,24,decouple-014,2,True,decouple,1,0,0.0,0.9849498327759197
pems,diffusion/synchronization,window,24,decouple-015,3,True,decouple,0,0,0.0,0.9698996655518395
pems,diffusion/synchronization,window,24,decouple-016,4,True,decouple,0,0,0.0,0.9866220735785953
pems,diffusion/synchronization,window,24,decouple-017,5,True,decouple,0,1,0.0,1.0
pems,diffusion/synchronization,window,24,noise-018,6,True,noise,0,0,0.0,0.8812709030100334
pems,diffusion/synchronization,window,24,noise-019,7,True,noise,0,0,0.0,0.9331103678929766
pems,diffusion/synchronization,window,24,noise-020,8,True,noise,0,1,0.0,0.9264214046822743
pems,diffusion/synchronization,window,24,noise-021,9,True,noise,0,0,0.0,0.9581939799331104
pems,diffusion/synchronization,window,24,noise-022,10,True,noise,0,0,0.0,0.9933110367892977
pems,diffusion/synchronization,window,24,noise-023,11,True,noise,0,0,0.0,0.9983277591973244
pems,diffusion/synchronization,window,24,delay-024,0,True,delay,0,0,0.0,1.0
pems,diffusion/synchronization,window,24,delay-025,1,True,delay,1,0,0.14285714285714285,0.9665551839464883
pems,diffusion/synchronization,window,24,delay-026,2,True,delay,1,0,0.0,0.9849498327759197
pems,diffusion/synchronization,window,24,delay-027,3,True,delay,0,0,0.0,0.9698996655518395
pems,diffusion/synchronization,window,24,delay-028,4,True,delay,0,0,0.0,0.9866220735785953
pems,diffusion/synchronization,window,24,delay-029,5,True,delay,0,1,0.0,1.0
pems,diffusion/synchronization,window,24,drift-030,6,True,drift,0,0,0.0,0.8812709030100334
pems,diffusion/synchronization,window,24,drift-031,7,True,drift,1,1,0.3333333333333333,0.9331103678929766
pems,diffusion/synchronization,window,24,drift-032,8,True,drift,0,1,0.0,0.9264214046822743
pems,diffusion/synchronization,window,24,drift-033,9,True,drift,0,0,0.0,0.9581939799331104
pems,diffusion/synchronization,window,24,drift-034,10,True,drift,0,0,0.0,0.9933110367892977
pems,diffusion/synchronization,window,24,drift-035,11,True,drift,0,0,0.0,0.9983277591973244
pems,diffusion/synchronization,window,24,flatline-036,0,True,flatline,0,0,0.0,1.0
pems,diffusion/synchronization,window,24,flatline-037,1,True,flatline,1,1,0.0,0.9565217391304348
pems,diffusion/synchronization,window,24,flatline-038,2,True,flatline,1,0,0.0,0.9615384615384616
pems,diffusion/synchronization,window,24,flatline-039,3,True,flatline,0,0,0.0,0.9698996655518395
pems,diffusion/synchronization,window,24,flatline-040,4,True,flatline,0,0,0.0,0.9464882943143813
pems,diffusion/synchronization,window,24,flatline-041,5,True,flatline,0,1,0.0,0.8244147157190636
pems,diffusion/synchronization,window,24,dropout-042,6,True,dropout,0,0,0.0,0.8645484949832776
pems,diffusion/synchronization,window,24,dropout-043,7,True,dropout,0,0,0.0,0.8662207357859532
pems,diffusion/synchronization,window,24,dropout-044,8,True,dropout,0,1,0.0,0.8361204013377926
pems,diffusion/synchronization,window,24,dropout-045,9,True,dropout,0,0,0.0,0.9214046822742475
pems,diffusion/synchronization,window,24,dropout-046,10,True,dropout,0,0,0.0,0.9431438127090301
pems,diffusion/synchronization,window,24,dropout-047,11,True,dropout,0,0,0.0,0.8327759197324415
pems,diffusion/synchronization,window,24,anticorrelated-048,0,True,anticorrelated,0,0,0.0,1.0
pems,diffusion/synchronization,window,24,anticorrelated-049,1,True,anticorrelated,1,0,0.0,0.9916387959866221
pems,diffusion/synchronization,window,24,anticorrelated-050,2,True,anticorrelated,1,0,0.0,0.9849498327759197
pems,diffusion/synchronization,window,24,anticorrelated-051,3,True,anticorrelated,0,0,0.0,0.9698996655518395
pems,diffusion/synchronization,window,24,anticorrelated-052,4,True,anticorrelated,0,0,0.0,0.9866220735785953
pems,diffusion/synchronization,window,24,anticorrelated-053,5,True,anticorrelated,0,1,0.0,1.0
pems,diffusion/synchronization,window,24,mixed-054,6,True,mixed,0,0,0.0,0.8812709030100334
pems,diffusion/synchronization,window,24,mixed-055,7,True,mixed,1,0,0.2631578947368421,0.9331103678929766
pems,diffusion/synchronization,window,24,mixed-056,8,True,mixed,0,1,0.0,0.9264214046822743
pems,diffusion/synchronization,window,24,mixed-057,9,True,mixed,0,0,0.0,0.9581939799331104
pems,diffusion/synchronization,window,24,mixed-058,10,True,mixed,0,0,0.0,0.9933110367892977
pems,diffusion/synchronization,window,24,mixed-059,11,True,mixed,1,1,0.3333333333333333,0.9983277591973244
pems,diffusion/synchronization,window,24,matched_covariance-060,0,True,matched_covariance,0,0,0.0,1.0
pems,diffusion/synchronization,window,24,matched_covariance-061,1,True,matched_covariance,1,0,0.0,0.9665551839464883
pems,diffusion/synchronization,window,24,matched_covariance-062,2,True,matched_covariance,1,0,0.0,0.9849498327759197
pems,diffusion/synchronization,window,24,matched_covariance-063,3,True,matched_covariance,0,0,0.0,0.9698996655518395
pems,diffusion/synchronization,window,24,matched_covariance-064,4,True,matched_covariance,0,0,0.0,0.9866220735785953
pems,diffusion/synchronization,window,24,matched_covariance-065,5,True,matched_covariance,1,1,0.3333333333333333,1.0
pems,diffusion/synchronization,window,24,marginal_preserving-066,6,True,marginal_preserving,0,0,0.0,0.8812709030100334
pems,diffusion/synchronization,window,24,marginal_preserving-067,7,True,marginal_preserving,0,0,0.0,0.9331103678929766
pems,diffusion/synchronization,window,24,marginal_preserving-068,8,True,marginal_preserving,0,1,0.0,0.9264214046822743
pems,diffusion/synchronization,window,24,marginal_preserving-069,9,True,marginal_preserving,0,0,0.0,0.9581939799331104
pems,diffusion/synchronization,window,24,marginal_preserving-070,10,True,marginal_preserving,0,0,0.0,0.9933110367892977
pems,diffusion/synchronization,window,24,marginal_preserving-071,11,True,marginal_preserving,0,0,0.0,0.9983277591973244
pems,diffusion/synchronization,window,24,untouched-000,0,False,untouched,0,0,0.0,1.0
pems,diffusion/synchronization,window,24,transition-000,0,False,transition,0,0,0.0,1.0
pems,diffusion/synchronization,window,24,untouched-001,1,False,untouched,0,1,0.0,0.9665551839464883
pems,diffusion/synchronization,window,24,transition-001,1,False,transition,0,1,0.0,0.9966555183946488
pems,diffusion/synchronization,window,24,untouched-002,2,False,untouched,0,1,0.0,0.9849498327759197
pems,diffusion/synchronization,window,24,transition-002,2,False,transition,0,1,0.0,0.9983277591973244
pems,diffusion/synchronization,window,24,untouched-003,3,False,untouched,0,0,0.0,0.9698996655518395
pems,diffusion/synchronization,window,24,transition-003,3,False,transition,0,0,0.0,0.9899665551839465
pems,diffusion/synchronization,window,24,untouched-004,4,False,untouched,0,0,0.0,0.9866220735785953
pems,diffusion/synchronization,window,24,transition-004,4,False,transition,0,0,0.0,0.9899665551839465
pems,diffusion/synchronization,window,24,untouched-005,5,False,untouched,0,2,0.0,1.0
pems,diffusion/synchronization,window,24,transition-005,5,False,transition,0,3,0.0,1.0
pems,diffusion/synchronization,window,24,untouched-006,6,False,untouched,0,0,0.0,0.8812709030100334
pems,diffusion/synchronization,window,24,transition-006,6,False,transition,0,0,0.0,0.9899665551839465
pems,diffusion/synchronization,window,24,untouched-007,7,False,untouched,0,1,0.0,0.9331103678929766
pems,diffusion/synchronization,window,24,transition-007,7,False,transition,0,2,0.0,0.9749163879598662
pems,diffusion/synchronization,window,24,untouched-008,8,False,untouched,0,1,0.0,0.9264214046822743
pems,diffusion/synchronization,window,24,transition-008,8,False,transition,0,2,0.0,0.9632107023411371
pems,diffusion/synchronization,window,24,untouched-009,9,False,untouched,0,0,0.0,0.9581939799331104
pems,diffusion/synchronization,window,24,transition-009,9,False,transition,0,0,0.0,1.0
pems,diffusion/synchronization,window,24,untouched-010,10,False,untouched,0,0,0.0,0.9933110367892977
pems,diffusion/synchronization,window,24,transition-010,10,False,transition,0,0,0.0,0.9933110367892977
pems,diffusion/synchronization,window,24,untouched-011,11,False,untouched,0,0,0.0,0.9983277591973244
pems,diffusion/synchronization,window,24,transition-011,11,False,transition,0,0,0.0,0.9983277591973244
pems,diffusion/combined,window,24,copy-000,0,True,copy,0,0,0.0,1.0
pems,diffusion/combined,window,24,copy-001,1,True,copy,1,1,0.0,0.9916387959866221
pems,diffusion/combined,window,24,copy-002,2,True,copy,1,0,0.0,0.9849498327759197
pems,diffusion/combined,window,24,copy-003,3,True,copy,0,0,0.0,0.9698996655518395
pems,diffusion/combined,window,24,copy-004,4,True,copy,1,0,0.0,0.9866220735785953
pems,diffusion/combined,window,24,copy-005,5,True,copy,1,2,0.3333333333333333,1.0
pems,diffusion/combined,window,24,common-006,6,True,common,0,0,0.0,0.8812709030100334
pems,diffusion/combined,window,24,common-007,7,True,common,1,0,0.3333333333333333,0.9331103678929766
pems,diffusion/combined,window,24,common-008,8,True,common,0,1,0.0,0.9264214046822743
pems,diffusion/combined,window,24,common-009,9,True,common,0,0,0.0,0.9581939799331104
pems,diffusion/combined,window,24,common-010,10,True,common,0,0,0.0,0.9933110367892977
pems,diffusion/combined,window,24,common-011,11,True,common,1,1,0.3333333333333333,0.9983277591973244
pems,diffusion/combined,window,24,decouple-012,0,True,decouple,0,0,0.0,1.0
pems,diffusion/combined,window,24,decouple-013,1,True,decouple,1,0,0.0,0.9916387959866221
pems,diffusion/combined,window,24,decouple-014,2,True,decouple,1,0,0.0,0.9849498327759197
pems,diffusion/combined,window,24,decouple-015,3,True,decouple,0,0,0.0,0.9698996655518395
pems,diffusion/combined,window,24,decouple-016,4,True,decouple,1,0,0.0,0.9866220735785953
pems,diffusion/combined,window,24,decouple-017,5,True,decouple,0,1,0.0,1.0
pems,diffusion/combined,window,24,noise-018,6,True,noise,0,0,0.0,0.8812709030100334
pems,diffusion/combined,window,24,noise-019,7,True,noise,0,0,0.0,0.9331103678929766
pems,diffusion/combined,window,24,noise-020,8,True,noise,0,1,0.0,0.9264214046822743
pems,diffusion/combined,window,24,noise-021,9,True,noise,0,0,0.0,0.9581939799331104
pems,diffusion/combined,window,24,noise-022,10,True,noise,0,0,0.0,0.9933110367892977
pems,diffusion/combined,window,24,noise-023,11,True,noise,0,0,0.0,0.9983277591973244
pems,diffusion/combined,window,24,delay-024,0,True,delay,0,0,0.0,1.0
pems,diffusion/combined,window,24,delay-025,1,True,delay,1,0,0.14285714285714285,0.9665551839464883
pems,diffusion/combined,window,24,delay-026,2,True,delay,1,0,0.0,0.9849498327759197
pems,diffusion/combined,window,24,delay-027,3,True,delay,0,0,0.0,0.9698996655518395
pems,diffusion/combined,window,24,delay-028,4,True,delay,1,0,0.0,0.9866220735785953
pems,diffusion/combined,window,24,delay-029,5,True,delay,0,1,0.0,1.0
pems,diffusion/combined,window,24,drift-030,6,True,drift,0,0,0.0,0.8812709030100334
pems,diffusion/combined,window,24,drift-031,7,True,drift,1,1,0.3333333333333333,0.9331103678929766
pems,diffusion/combined,window,24,drift-032,8,True,drift,0,1,0.0,0.9264214046822743
pems,diffusion/combined,window,24,drift-033,9,True,drift,0,0,0.0,0.9581939799331104
pems,diffusion/combined,window,24,drift-034,10,True,drift,0,0,0.0,0.9933110367892977
pems,diffusion/combined,window,24,drift-035,11,True,drift,0,0,0.0,0.9983277591973244
pems,diffusion/combined,window,24,flatline-036,0,True,flatline,0,0,0.0,1.0
pems,diffusion/combined,window,24,flatline-037,1,True,flatline,1,1,0.0,0.9565217391304348
pems,diffusion/combined,window,24,flatline-038,2,True,flatline,1,0,0.0,0.9615384615384616
pems,diffusion/combined,window,24,flatline-039,3,True,flatline,0,0,0.0,0.9698996655518395
pems,diffusion/combined,window,24,flatline-040,4,True,flatline,0,0,0.0,0.9464882943143813
pems,diffusion/combined,window,24,flatline-041,5,True,flatline,0,1,0.0,0.8244147157190636
pems,diffusion/combined,window,24,dropout-042,6,True,dropout,0,0,0.0,0.8645484949832776
pems,diffusion/combined,window,24,dropout-043,7,True,dropout,0,0,0.0,0.8662207357859532
pems,diffusion/combined,window,24,dropout-044,8,True,dropout,0,1,0.0,0.8361204013377926
pems,diffusion/combined,window,24,dropout-045,9,True,dropout,0,0,0.0,0.9214046822742475
pems,diffusion/combined,window,24,dropout-046,10,True,dropout,0,0,0.0,0.9431438127090301
pems,diffusion/combined,window,24,dropout-047,11,True,dropout,0,0,0.0,0.8327759197324415
pems,diffusion/combined,window,24,anticorrelated-048,0,True,anticorrelated,0,0,0.0,1.0
pems,diffusion/combined,window,24,anticorrelated-049,1,True,anticorrelated,1,0,0.0,0.9916387959866221
pems,diffusion/combined,window,24,anticorrelated-050,2,True,anticorrelated,1,0,0.0,0.9849498327759197
pems,diffusion/combined,window,24,anticorrelated-051,3,True,anticorrelated,0,0,0.0,0.9698996655518395
pems,diffusion/combined,window,24,anticorrelated-052,4,True,anticorrelated,1,0,0.0,0.9866220735785953
pems,diffusion/combined,window,24,anticorrelated-053,5,True,anticorrelated,1,2,0.2,1.0
pems,diffusion/combined,window,24,mixed-054,6,True,mixed,0,0,0.0,0.8812709030100334
pems,diffusion/combined,window,24,mixed-055,7,True,mixed,1,0,0.3333333333333333,0.9331103678929766
pems,diffusion/combined,window,24,mixed-056,8,True,mixed,0,1,0.0,0.9264214046822743
pems,diffusion/combined,window,24,mixed-057,9,True,mixed,0,0,0.0,0.9581939799331104
pems,diffusion/combined,window,24,mixed-058,10,True,mixed,0,0,0.0,0.9933110367892977
pems,diffusion/combined,window,24,mixed-059,11,True,mixed,1,1,0.4117647058823529,0.9983277591973244
pems,diffusion/combined,window,24,matched_covariance-060,0,True,matched_covariance,0,0,0.0,1.0
pems,diffusion/combined,window,24,matched_covariance-061,1,True,matched_covariance,1,0,0.0,0.9665551839464883
pems,diffusion/combined,window,24,matched_covariance-062,2,True,matched_covariance,1,0,0.0,0.9849498327759197
pems,diffusion/combined,window,24,matched_covariance-063,3,True,matched_covariance,0,0,0.0,0.9698996655518395
pems,diffusion/combined,window,24,matched_covariance-064,4,True,matched_covariance,1,0,0.0,0.9866220735785953
pems,diffusion/combined,window,24,matched_covariance-065,5,True,matched_covariance,1,1,0.3333333333333333,1.0
pems,diffusion/combined,window,24,marginal_preserving-066,6,True,marginal_preserving,0,0,0.0,0.8812709030100334
pems,diffusion/combined,window,24,marginal_preserving-067,7,True,marginal_preserving,0,0,0.0,0.9331103678929766
pems,diffusion/combined,window,24,marginal_preserving-068,8,True,marginal_preserving,0,1,0.0,0.9264214046822743
pems,diffusion/combined,window,24,marginal_preserving-069,9,True,marginal_preserving,0,0,0.0,0.9581939799331104
pems,diffusion/combined,window,24,marginal_preserving-070,10,True,marginal_preserving,0,0,0.0,0.9933110367892977
pems,diffusion/combined,window,24,marginal_preserving-071,11,True,marginal_preserving,0,0,0.0,0.9983277591973244
pems,diffusion/combined,window,24,untouched-000,0,False,untouched,0,0,0.0,1.0
pems,diffusion/combined,window,24,transition-000,0,False,transition,0,0,0.0,1.0
pems,diffusion/combined,window,24,untouched-001,1,False,untouched,0,1,0.0,0.9665551839464883
pems,diffusion/combined,window,24,transition-001,1,False,transition,0,1,0.0,0.9966555183946488
pems,diffusion/combined,window,24,untouched-002,2,False,untouched,0,1,0.0,0.9849498327759197
pems,diffusion/combined,window,24,transition-002,2,False,transition,0,1,0.0,0.9983277591973244
pems,diffusion/combined,window,24,untouched-003,3,False,untouched,0,0,0.0,0.9698996655518395
pems,diffusion/combined,window,24,transition-003,3,False,transition,0,0,0.0,0.9899665551839465
pems,diffusion/combined,window,24,untouched-004,4,False,untouched,0,1,0.0,0.9866220735785953
pems,diffusion/combined,window,24,transition-004,4,False,transition,0,1,0.0,0.9899665551839465
pems,diffusion/combined,window,24,untouched-005,5,False,untouched,0,2,0.0,1.0
pems,diffusion/combined,window,24,transition-005,5,False,transition,0,3,0.0,1.0
pems,diffusion/combined,window,24,untouched-006,6,False,untouched,0,0,0.0,0.8812709030100334
pems,diffusion/combined,window,24,transition-006,6,False,transition,0,0,0.0,0.9899665551839465
pems,diffusion/combined,window,24,untouched-007,7,False,untouched,0,1,0.0,0.9331103678929766
pems,diffusion/combined,window,24,transition-007,7,False,transition,0,2,0.0,0.9749163879598662
pems,diffusion/combined,window,24,untouched-008,8,False,untouched,0,1,0.0,0.9264214046822743
pems,diffusion/combined,window,24,transition-008,8,False,transition,0,2,0.0,0.9632107023411371
pems,diffusion/combined,window,24,untouched-009,9,False,untouched,0,0,0.0,0.9581939799331104
pems,diffusion/combined,window,24,transition-009,9,False,transition,0,0,0.0,1.0
pems,diffusion/combined,window,24,untouched-010,10,False,untouched,0,0,0.0,0.9933110367892977
pems,diffusion/combined,window,24,transition-010,10,False,transition,0,0,0.0,0.9933110367892977
pems,diffusion/combined,window,24,untouched-011,11,False,untouched,0,0,0.0,0.9983277591973244
pems,diffusion/combined,window,24,transition-011,11,False,transition,0,0,0.0,0.9983277591973244
pems,diffusion/entropy,window,48,copy-000,0,True,copy,0,0,0.0,0.9850746268656716
pems,diffusion/entropy,window,48,copy-001,1,True,copy,0,0,0.0,0.9632606199770379
pems,diffusion/entropy,window,48,copy-002,2,True,copy,0,0,0.0,0.9862227324913893
pems,diffusion/entropy,window,48,copy-003,3,True,copy,0,0,0.0,0.9770378874856487
pems,diffusion/entropy,window,48,copy-004,4,True,copy,1,1,0.0,0.9931113662456946
pems,diffusion/entropy,window,48,copy-005,5,True,copy,1,1,0.2,0.9850746268656716
pems,diffusion/entropy,window,48,common-006,6,True,common,0,0,0.0,0.8840413318025259
pems,diffusion/entropy,window,48,common-007,7,True,common,1,1,0.3333333333333333,0.9161882893226176
pems,diffusion/entropy,window,48,common-008,8,True,common,0,0,0.0,0.9334098737083811
pems,diffusion/entropy,window,48,common-009,9,True,common,0,0,0.0,0.9598163030998852
pems,diffusion/entropy,window,48,common-010,10,True,common,0,1,0.0,0.9965556831228473
pems,diffusion/entropy,window,48,common-011,11,True,common,0,0,0.0,1.0
pems,diffusion/entropy,window,48,decouple-012,0,True,decouple,0,0,0.0,0.9850746268656716
pems,diffusion/entropy,window,48,decouple-013,1,True,decouple,0,0,0.0,0.9632606199770379
pems,diffusion/entropy,window,48,decouple-014,2,True,decouple,0,0,0.0,0.9862227324913893
pems,diffusion/entropy,window,48,decouple-015,3,True,decouple,0,0,0.0,0.9770378874856487
pems,diffusion/entropy,window,48,decouple-016,4,True,decouple,1,1,0.0,0.9931113662456946
pems,diffusion/entropy,window,48,decouple-017,5,True,decouple,0,1,0.0,0.9965556831228473
pems,diffusion/entropy,window,48,noise-018,6,True,noise,0,0,0.0,0.8840413318025259
pems,diffusion/entropy,window,48,noise-019,7,True,noise,0,0,0.0,0.9161882893226176
pems,diffusion/entropy,window,48,noise-020,8,True,noise,0,0,0.0,0.9380022962112514
pems,diffusion/entropy,window,48,noise-021,9,True,noise,0,0,0.0,0.9598163030998852
pems,diffusion/entropy,window,48,noise-022,10,True,noise,0,1,0.0,0.9965556831228473
pems,diffusion/entropy,window,48,noise-023,11,True,noise,0,0,0.0,1.0
pems,diffusion/entropy,window,48,delay-024,0,True,delay,0,0,0.0,0.9850746268656716
pems,diffusion/entropy,window,48,delay-025,1,True,delay,0,0,0.0,0.9402985074626866
pems,diffusion/entropy,window,48,delay-026,2,True,delay,0,0,0.0,0.9862227324913893
pems,diffusion/entropy,window,48,delay-027,3,True,delay,0,0,0.0,0.9770378874856487
pems,diffusion/entropy,window,48,delay-028,4,True,delay,1,1,0.0,0.9931113662456946
pems,diffusion/entropy,window,48,delay-029,5,True,delay,1,1,0.0,0.9850746268656716
pems,diffusion/entropy,window,48,drift-030,6,True,drift,0,0,0.0,0.8840413318025259
pems,diffusion/entropy,window,48,drift-031,7,True,drift,0,1,0.0,0.9161882893226176
pems,diffusion/entropy,window,48,drift-032,8,True,drift,0,0,0.0,0.9334098737083811
pems,diffusion/entropy,window,48,drift-033,9,True,drift,0,0,0.0,0.9598163030998852
pems,diffusion/entropy,window,48,drift-034,10,True,drift,0,1,0.0,0.9965556831228473
pems,diffusion/entropy,window,48,drift-035,11,True,drift,0,0,0.0,1.0
pems,diffusion/entropy,window,48,flatline-036,0,True,flatline,0,0,0.0,0.9850746268656716
pems,diffusion/entropy,window,48,flatline-037,1,True,flatline,0,1,0.0,0.9690011481056258
pems,diffusion/entropy,window,48,flatline-038,2,True,flatline,0,0,0.0,0.9690011481056258
pems,diffusion/entropy,window,48,flatline-039,3,True,flatline,0,0,0.0,0.9770378874856487
pems,diffusion/entropy,window,48,flatline-040,4,True,flatline,0,2,0.0,0.9793340987370838
pems,diffusion/entropy,window,48,flatline-041,5,True,flatline,1,1,0.0,0.8300803673938002
pems,diffusion/entropy,window,48,dropout-042,6,True,dropout,0,0,0.0,0.8369690011481056
pems,diffusion/entropy,window,48,dropout-043,7,True,dropout,0,0,0.0,0.7841561423650976
pems,diffusion/entropy,window,48,dropout-044,8,True,dropout,0,0,0.0,0.7910447761194029
pems,diffusion/entropy,window,48,dropout-045,9,True,dropout,0,0,0.0,0.8587830080367393
pems,diffusion/entropy,window,48,dropout-046,10,True,dropout,0,1,0.0,0.9242250287026407
pems,diffusion/entropy,window,48,dropout-047,11,True,dropout,0,0,0.0,0.7703788748564868
pems,diffusion/entropy,window,48,anticorrelated-048,0,True,anticorrelated,0,0,0.0,0.9850746268656716
pems,diffusion/entropy,window,48,anticorrelated-049,1,True,anticorrelated,0,0,0.0,0.9873708381171068
pems,diffusion/entropy,window,48,anticorrelated-050,2,True,anticorrelated,0,0,0.0,0.9862227324913893
pems,diffusion/entropy,window,48,anticorrelated-051,3,True,anticorrelated,0,0,0.0,0.9770378874856487
pems,diffusion/entropy,window,48,anticorrelated-052,4,True,anticorrelated,1,1,0.0,0.9931113662456946
pems,diffusion/entropy,window,48,anticorrelated-053,5,True,anticorrelated,1,1,0.2,0.9850746268656716
pems,diffusion/entropy,window,48,mixed-054,6,True,mixed,0,0,0.0,0.8840413318025259
pems,diffusion/entropy,window,48,mixed-055,7,True,mixed,0,0,0.0,0.9161882893226176
pems,diffusion/entropy,window,48,mixed-056,8,True,mixed,0,0,0.0,0.9334098737083811
pems,diffusion/entropy,window,48,mixed-057,9,True,mixed,0,0,0.0,0.9598163030998852
pems,diffusion/entropy,window,48,mixed-058,10,True,mixed,0,1,0.0,0.9965556831228473
pems,diffusion/entropy,window,48,mixed-059,11,True,mixed,1,0,0.3333333333333333,1.0
pems,diffusion/entropy,window,48,matched_covariance-060,0,True,matched_covariance,0,0,0.0,0.9850746268656716
pems,diffusion/entropy,window,48,matched_covariance-061,1,True,matched_covariance,0,0,0.0,0.9402985074626866
pems,diffusion/entropy,window,48,matched_covariance-062,2,True,matched_covariance,0,0,0.0,0.9862227324913893
pems,diffusion/entropy,window,48,matched_covariance-063,3,True,matched_covariance,0,0,0.0,0.9770378874856487
pems,diffusion/entropy,window,48,matched_covariance-064,4,True,matched_covariance,1,1,0.0,0.9931113662456946
pems,diffusion/entropy,window,48,matched_covariance-065,5,True,matched_covariance,1,1,0.0,0.9850746268656716
pems,diffusion/entropy,window,48,marginal_preserving-066,6,True,marginal_preserving,0,0,0.0,0.8840413318025259
pems,diffusion/entropy,window,48,marginal_preserving-067,7,True,marginal_preserving,0,0,0.0,0.9161882893226176
pems,diffusion/entropy,window,48,marginal_preserving-068,8,True,marginal_preserving,0,0,0.0,0.9334098737083811
pems,diffusion/entropy,window,48,marginal_preserving-069,9,True,marginal_preserving,0,0,0.0,0.9598163030998852
pems,diffusion/entropy,window,48,marginal_preserving-070,10,True,marginal_preserving,0,1,0.0,0.9965556831228473
pems,diffusion/entropy,window,48,marginal_preserving-071,11,True,marginal_preserving,0,0,0.0,1.0
pems,diffusion/entropy,window,48,untouched-000,0,False,untouched,0,0,0.0,0.9850746268656716
pems,diffusion/entropy,window,48,transition-000,0,False,transition,0,0,0.0,0.9965556831228473
pems,diffusion/entropy,window,48,untouched-001,1,False,untouched,0,0,0.0,0.9402985074626866
pems,diffusion/entropy,window,48,transition-001,1,False,transition,0,3,0.0,0.9954075774971297
pems,diffusion/entropy,window,48,untouched-002,2,False,untouched,0,0,0.0,0.9862227324913893
pems,diffusion/entropy,window,48,transition-002,2,False,transition,0,1,0.0,1.0
pems,diffusion/entropy,window,48,untouched-003,3,False,untouched,0,0,0.0,0.9770378874856487
pems,diffusion/entropy,window,48,transition-003,3,False,transition,0,0,0.0,0.9908151549942594
pems,diffusion/entropy,window,48,untouched-004,4,False,untouched,0,2,0.0,0.9931113662456946
pems,diffusion/entropy,window,48,transition-004,4,False,transition,0,2,0.0,0.9965556831228473
pems,diffusion/entropy,window,48,untouched-005,5,False,untouched,0,2,0.0,0.9850746268656716
pems,diffusion/entropy,window,48,transition-005,5,False,transition,0,3,0.0,0.9965556831228473
pems,diffusion/entropy,window,48,untouched-006,6,False,untouched,0,0,0.0,0.8840413318025259
pems,diffusion/entropy,window,48,transition-006,6,False,transition,0,0,0.0,1.0
pems,diffusion/entropy,window,48,untouched-007,7,False,untouched,0,0,0.0,0.9161882893226176
pems,diffusion/entropy,window,48,transition-007,7,False,transition,0,2,0.0,0.9793340987370838
pems,diffusion/entropy,window,48,untouched-008,8,False,untouched,0,0,0.0,0.9334098737083811
pems,diffusion/entropy,window,48,transition-008,8,False,transition,0,1,0.0,0.965556831228473
pems,diffusion/entropy,window,48,untouched-009,9,False,untouched,0,0,0.0,0.9598163030998852
pems,diffusion/entropy,window,48,transition-009,9,False,transition,0,0,0.0,1.0
pems,diffusion/entropy,window,48,untouched-010,10,False,untouched,0,1,0.0,0.9965556831228473
pems,diffusion/entropy,window,48,transition-010,10,False,transition,0,1,0.0,0.9965556831228473
pems,diffusion/entropy,window,48,untouched-011,11,False,untouched,0,0,0.0,1.0
pems,diffusion/entropy,window,48,transition-011,11,False,transition,0,1,0.0,1.0
pems,diffusion/synchronization,window,48,copy-000,0,True,copy,0,0,0.0,0.9850746268656716
pems,diffusion/synchronization,window,48,copy-001,1,True,copy,0,0,0.0,0.9632606199770379
pems,diffusion/synchronization,window,48,copy-002,2,True,copy,0,0,0.0,0.9862227324913893
pems,diffusion/synchronization,window,48,copy-003,3,True,copy,0,0,0.0,0.9770378874856487
pems,diffusion/synchronization,window,48,copy-004,4,True,copy,0,1,0.0,0.9931113662456946
pems,diffusion/synchronization,window,48,copy-005,5,True,copy,1,2,0.2,0.9850746268656716
pems,diffusion/synchronization,window,48,common-006,6,True,common,0,0,0.0,0.8840413318025259
pems,diffusion/synchronization,window,48,common-007,7,True,common,1,1,0.3333333333333333,0.9161882893226176
pems,diffusion/synchronization,window,48,common-008,8,True,common,0,0,0.0,0.9334098737083811
pems,diffusion/synchronization,window,48,common-009,9,True,common,0,0,0.0,0.9598163030998852
pems,diffusion/synchronization,window,48,common-010,10,True,common,0,1,0.0,0.9965556831228473
pems,diffusion/synchronization,window,48,common-011,11,True,common,1,0,0.0,1.0
pems,diffusion/synchronization,window,48,decouple-012,0,True,decouple,0,0,0.0,0.9850746268656716
pems,diffusion/synchronization,window,48,decouple-013,1,True,decouple,0,0,0.0,0.9632606199770379
pems,diffusion/synchronization,window,48,decouple-014,2,True,decouple,0,0,0.0,0.9862227324913893
pems,diffusion/synchronization,window,48,decouple-015,3,True,decouple,0,0,0.0,0.9770378874856487
pems,diffusion/synchronization,window,48,decouple-016,4,True,decouple,0,1,0.0,0.9931113662456946
pems,diffusion/synchronization,window,48,decouple-017,5,True,decouple,1,1,0.0,0.9965556831228473
pems,diffusion/synchronization,window,48,noise-018,6,True,noise,0,0,0.0,0.8840413318025259
pems,diffusion/synchronization,window,48,noise-019,7,True,noise,0,0,0.0,0.9161882893226176
pems,diffusion/synchronization,window,48,noise-020,8,True,noise,0,0,0.0,0.9380022962112514
pems,diffusion/synchronization,window,48,noise-021,9,True,noise,0,0,0.0,0.9598163030998852
pems,diffusion/synchronization,window,48,noise-022,10,True,noise,0,1,0.0,0.9965556831228473
pems,diffusion/synchronization,window,48,noise-023,11,True,noise,1,0,0.0,1.0
pems,diffusion/synchronization,window,48,delay-024,0,True,delay,0,0,0.0,0.9850746268656716
pems,diffusion/synchronization,window,48,delay-025,1,True,delay,0,0,0.0,0.9402985074626866
pems,diffusion/synchronization,window,48,delay-026,2,True,delay,0,0,0.0,0.9862227324913893
pems,diffusion/synchronization,window,48,delay-027,3,True,delay,0,0,0.0,0.9770378874856487
pems,diffusion/synchronization,window,48,delay-028,4,True,delay,0,1,0.0,0.9931113662456946
pems,diffusion/synchronization,window,48,delay-029,5,True,delay,1,1,0.0,0.9850746268656716
pems,diffusion/synchronization,window,48,drift-030,6,True,drift,0,0,0.0,0.8840413318025259
pems,diffusion/synchronization,window,48,drift-031,7,True,drift,0,1,0.0,0.9161882893226176
pems,diffusion/synchronization,window,48,drift-032,8,True,drift,0,0,0.0,0.9334098737083811
pems,diffusion/synchronization,window,48,drift-033,9,True,drift,0,0,0.0,0.9598163030998852
pems,diffusion/synchronization,window,48,drift-034,10,True,drift,0,1,0.0,0.9965556831228473
pems,diffusion/synchronization,window,48,drift-035,11,True,drift,1,0,0.0,1.0
pems,diffusion/synchronization,window,48,flatline-036,0,True,flatline,0,0,0.0,0.9850746268656716
pems,diffusion/synchronization,window,48,flatline-037,1,True,flatline,0,1,0.0,0.9690011481056258
pems,diffusion/synchronization,window,48,flatline-038,2,True,flatline,0,0,0.0,0.9690011481056258
pems,diffusion/synchronization,window,48,flatline-039,3,True,flatline,0,0,0.0,0.9770378874856487
pems,diffusion/synchronization,window,48,flatline-040,4,True,flatline,0,1,0.0,0.9793340987370838
pems,diffusion/synchronization,window,48,flatline-041,5,True,flatline,1,1,0.0,0.8300803673938002
pems,diffusion/synchronization,window,48,dropout-042,6,True,dropout,0,0,0.0,0.8369690011481056
pems,diffusion/synchronization,window,48,dropout-043,7,True,dropout,0,0,0.0,0.7841561423650976
pems,diffusion/synchronization,window,48,dropout-044,8,True,dropout,0,0,0.0,0.7910447761194029
pems,diffusion/synchronization,window,48,dropout-045,9,True,dropout,0,0,0.0,0.8587830080367393
pems,diffusion/synchronization,window,48,dropout-046,10,True,dropout,0,1,0.0,0.9242250287026407
pems,diffusion/synchronization,window,48,dropout-047,11,True,dropout,1,0,0.0,0.7703788748564868
pems,diffusion/synchronization,window,48,anticorrelated-048,0,True,anticorrelated,0,0,0.0,0.9850746268656716
pems,diffusion/synchronization,window,48,anticorrelated-049,1,True,anticorrelated,0,0,0.0,0.9873708381171068
pems,diffusion/synchronization,window,48,anticorrelated-050,2,True,anticorrelated,0,0,0.0,0.9862227324913893
pems,diffusion/synchronization,window,48,anticorrelated-051,3,True,anticorrelated,0,0,0.0,0.9770378874856487
pems,diffusion/synchronization,window,48,anticorrelated-052,4,True,anticorrelated,0,1,0.0,0.9931113662456946
pems,diffusion/synchronization,window,48,anticorrelated-053,5,True,anticorrelated,1,1,0.043478260869565216,0.9850746268656716
pems,diffusion/synchronization,window,48,mixed-054,6,True,mixed,0,0,0.0,0.8840413318025259
pems,diffusion/synchronization,window,48,mixed-055,7,True,mixed,0,0,0.0,0.9161882893226176
pems,diffusion/synchronization,window,48,mixed-056,8,True,mixed,0,0,0.0,0.9334098737083811
pems,diffusion/synchronization,window,48,mixed-057,9,True,mixed,0,0,0.0,0.9598163030998852
pems,diffusion/synchronization,window,48,mixed-058,10,True,mixed,0,1,0.0,0.9965556831228473
pems,diffusion/synchronization,window,48,mixed-059,11,True,mixed,1,0,0.0,1.0
pems,diffusion/synchronization,window,48,matched_covariance-060,0,True,matched_covariance,0,0,0.0,0.9850746268656716
pems,diffusion/synchronization,window,48,matched_covariance-061,1,True,matched_covariance,0,0,0.0,0.9402985074626866
pems,diffusion/synchronization,window,48,matched_covariance-062,2,True,matched_covariance,0,0,0.0,0.9862227324913893
pems,diffusion/synchronization,window,48,matched_covariance-063,3,True,matched_covariance,0,0,0.0,0.9770378874856487
pems,diffusion/synchronization,window,48,matched_covariance-064,4,True,matched_covariance,0,1,0.0,0.9931113662456946
pems,diffusion/synchronization,window,48,matched_covariance-065,5,True,matched_covariance,1,2,0.0,0.9850746268656716
pems,diffusion/synchronization,window,48,marginal_preserving-066,6,True,marginal_preserving,0,0,0.0,0.8840413318025259
pems,diffusion/synchronization,window,48,marginal_preserving-067,7,True,marginal_preserving,0,0,0.0,0.9161882893226176
pems,diffusion/synchronization,window,48,marginal_preserving-068,8,True,marginal_preserving,0,0,0.0,0.9334098737083811
pems,diffusion/synchronization,window,48,marginal_preserving-069,9,True,marginal_preserving,0,0,0.0,0.9598163030998852
pems,diffusion/synchronization,window,48,marginal_preserving-070,10,True,marginal_preserving,0,1,0.0,0.9965556831228473
pems,diffusion/synchronization,window,48,marginal_preserving-071,11,True,marginal_preserving,1,0,0.0,1.0
pems,diffusion/synchronization,window,48,untouched-000,0,False,untouched,0,0,0.0,0.9850746268656716
pems,diffusion/synchronization,window,48,transition-000,0,False,transition,0,0,0.0,0.9965556831228473
pems,diffusion/synchronization,window,48,untouched-001,1,False,untouched,0,0,0.0,0.9402985074626866
pems,diffusion/synchronization,window,48,transition-001,1,False,transition,0,2,0.0,0.9954075774971297
pems,diffusion/synchronization,window,48,untouched-002,2,False,untouched,0,0,0.0,0.9862227324913893
pems,diffusion/synchronization,window,48,transition-002,2,False,transition,0,2,0.0,1.0
pems,diffusion/synchronization,window,48,untouched-003,3,False,untouched,0,0,0.0,0.9770378874856487
pems,diffusion/synchronization,window,48,transition-003,3,False,transition,0,0,0.0,0.9908151549942594
pems,diffusion/synchronization,window,48,untouched-004,4,False,untouched,0,1,0.0,0.9931113662456946
pems,diffusion/synchronization,window,48,transition-004,4,False,transition,0,1,0.0,0.9965556831228473
pems,diffusion/synchronization,window,48,untouched-005,5,False,untouched,0,2,0.0,0.9850746268656716
pems,diffusion/synchronization,window,48,transition-005,5,False,transition,0,2,0.0,0.9965556831228473
pems,diffusion/synchronization,window,48,untouched-006,6,False,untouched,0,0,0.0,0.8840413318025259
pems,diffusion/synchronization,window,48,transition-006,6,False,transition,0,1,0.0,1.0
pems,diffusion/synchronization,window,48,untouched-007,7,False,untouched,0,0,0.0,0.9161882893226176
pems,diffusion/synchronization,window,48,transition-007,7,False,transition,0,2,0.0,0.9793340987370838
pems,diffusion/synchronization,window,48,untouched-008,8,False,untouched,0,0,0.0,0.9334098737083811
pems,diffusion/synchronization,window,48,transition-008,8,False,transition,0,2,0.0,0.965556831228473
pems,diffusion/synchronization,window,48,untouched-009,9,False,untouched,0,0,0.0,0.9598163030998852
pems,diffusion/synchronization,window,48,transition-009,9,False,transition,0,0,0.0,1.0
pems,diffusion/synchronization,window,48,untouched-010,10,False,untouched,0,1,0.0,0.9965556831228473
pems,diffusion/synchronization,window,48,transition-010,10,False,transition,0,1,0.0,0.9965556831228473
pems,diffusion/synchronization,window,48,untouched-011,11,False,untouched,0,1,0.0,1.0
pems,diffusion/synchronization,window,48,transition-011,11,False,transition,0,1,0.0,1.0
pems,diffusion/combined,window,48,copy-000,0,True,copy,0,0,0.0,0.9850746268656716
pems,diffusion/combined,window,48,copy-001,1,True,copy,0,0,0.0,0.9632606199770379
pems,diffusion/combined,window,48,copy-002,2,True,copy,0,0,0.0,0.9862227324913893
pems,diffusion/combined,window,48,copy-003,3,True,copy,0,0,0.0,0.9770378874856487
pems,diffusion/combined,window,48,copy-004,4,True,copy,0,1,0.0,0.9931113662456946
pems,diffusion/combined,window,48,copy-005,5,True,copy,1,1,0.14285714285714285,0.9850746268656716
pems,diffusion/combined,window,48,common-006,6,True,common,0,0,0.0,0.8840413318025259
pems,diffusion/combined,window,48,common-007,7,True,common,1,1,0.3333333333333333,0.9161882893226176
pems,diffusion/combined,window,48,common-008,8,True,common,0,0,0.0,0.9334098737083811
pems,diffusion/combined,window,48,common-009,9,True,common,0,0,0.0,0.9598163030998852
pems,diffusion/combined,window,48,common-010,10,True,common,0,1,0.0,0.9965556831228473
pems,diffusion/combined,window,48,common-011,11,True,common,0,0,0.0,1.0
pems,diffusion/combined,window,48,decouple-012,0,True,decouple,0,0,0.0,0.9850746268656716
pems,diffusion/combined,window,48,decouple-013,1,True,decouple,0,0,0.0,0.9632606199770379
pems,diffusion/combined,window,48,decouple-014,2,True,decouple,0,0,0.0,0.9862227324913893
pems,diffusion/combined,window,48,decouple-015,3,True,decouple,0,0,0.0,0.9770378874856487
pems,diffusion/combined,window,48,decouple-016,4,True,decouple,0,1,0.0,0.9931113662456946
pems,diffusion/combined,window,48,decouple-017,5,True,decouple,0,1,0.0,0.9965556831228473
pems,diffusion/combined,window,48,noise-018,6,True,noise,0,0,0.0,0.8840413318025259
pems,diffusion/combined,window,48,noise-019,7,True,noise,0,0,0.0,0.9161882893226176
pems,diffusion/combined,window,48,noise-020,8,True,noise,0,0,0.0,0.9380022962112514
pems,diffusion/combined,window,48,noise-021,9,True,noise,0,0,0.0,0.9598163030998852
pems,diffusion/combined,window,48,noise-022,10,True,noise,0,1,0.0,0.9965556831228473
pems,diffusion/combined,window,48,noise-023,11,True,noise,0,0,0.0,1.0
pems,diffusion/combined,window,48,delay-024,0,True,delay,0,0,0.0,0.9850746268656716
pems,diffusion/combined,window,48,delay-025,1,True,delay,0,0,0.0,0.9402985074626866
pems,diffusion/combined,window,48,delay-026,2,True,delay,0,0,0.0,0.9862227324913893
pems,diffusion/combined,window,48,delay-027,3,True,delay,0,0,0.0,0.9770378874856487
pems,diffusion/combined,window,48,delay-028,4,True,delay,0,1,0.0,0.9931113662456946
pems,diffusion/combined,window,48,delay-029,5,True,delay,1,1,0.0,0.9850746268656716
pems,diffusion/combined,window,48,drift-030,6,True,drift,0,0,0.0,0.8840413318025259
pems,diffusion/combined,window,48,drift-031,7,True,drift,0,1,0.0,0.9161882893226176
pems,diffusion/combined,window,48,drift-032,8,True,drift,0,0,0.0,0.9334098737083811
pems,diffusion/combined,window,48,drift-033,9,True,drift,0,0,0.0,0.9598163030998852
pems,diffusion/combined,window,48,drift-034,10,True,drift,0,1,0.0,0.9965556831228473
pems,diffusion/combined,window,48,drift-035,11,True,drift,0,0,0.0,1.0
pems,diffusion/combined,window,48,flatline-036,0,True,flatline,0,0,0.0,0.9850746268656716
pems,diffusion/combined,window,48,flatline-037,1,True,flatline,0,1,0.0,0.9690011481056258
pems,diffusion/combined,window,48,flatline-038,2,True,flatline,0,0,0.0,0.9690011481056258
pems,diffusion/combined,window,48,flatline-039,3,True,flatline,0,0,0.0,0.9770378874856487
pems,diffusion/combined,window,48,flatline-040,4,True,flatline,0,0,0.0,0.9793340987370838
pems,diffusion/combined,window,48,flatline-041,5,True,flatline,1,1,0.0,0.8300803673938002
pems,diffusion/combined,window,48,dropout-042,6,True,dropout,0,0,0.0,0.8369690011481056
pems,diffusion/combined,window,48,dropout-043,7,True,dropout,0,0,0.0,0.7841561423650976
pems,diffusion/combined,window,48,dropout-044,8,True,dropout,0,0,0.0,0.7910447761194029
pems,diffusion/combined,window,48,dropout-045,9,True,dropout,0,0,0.0,0.8587830080367393
pems,diffusion/combined,window,48,dropout-046,10,True,dropout,0,1,0.0,0.9242250287026407
pems,diffusion/combined,window,48,dropout-047,11,True,dropout,0,0,0.0,0.7703788748564868
pems,diffusion/combined,window,48,anticorrelated-048,0,True,anticorrelated,0,0,0.0,0.9850746268656716
pems,diffusion/combined,window,48,anticorrelated-049,1,True,anticorrelated,0,0,0.0,0.9873708381171068
pems,diffusion/combined,window,48,anticorrelated-050,2,True,anticorrelated,0,0,0.0,0.9862227324913893
pems,diffusion/combined,window,48,anticorrelated-051,3,True,anticorrelated,0,0,0.0,0.9770378874856487
pems,diffusion/combined,window,48,anticorrelated-052,4,True,anticorrelated,0,1,0.0,0.9931113662456946
pems,diffusion/combined,window,48,anticorrelated-053,5,True,anticorrelated,1,2,0.2,0.9850746268656716
pems,diffusion/combined,window,48,mixed-054,6,True,mixed,0,0,0.0,0.8840413318025259
pems,diffusion/combined,window,48,mixed-055,7,True,mixed,0,0,0.0,0.9161882893226176
pems,diffusion/combined,window,48,mixed-056,8,True,mixed,0,0,0.0,0.9334098737083811
pems,diffusion/combined,window,48,mixed-057,9,True,mixed,0,0,0.0,0.9598163030998852
pems,diffusion/combined,window,48,mixed-058,10,True,mixed,0,1,0.0,0.9965556831228473
pems,diffusion/combined,window,48,mixed-059,11,True,mixed,0,0,0.0,1.0
pems,diffusion/combined,window,48,matched_covariance-060,0,True,matched_covariance,0,0,0.0,0.9850746268656716
pems,diffusion/combined,window,48,matched_covariance-061,1,True,matched_covariance,0,0,0.0,0.9402985074626866
pems,diffusion/combined,window,48,matched_covariance-062,2,True,matched_covariance,0,0,0.0,0.9862227324913893
pems,diffusion/combined,window,48,matched_covariance-063,3,True,matched_covariance,0,0,0.0,0.9770378874856487
pems,diffusion/combined,window,48,matched_covariance-064,4,True,matched_covariance,0,1,0.0,0.9931113662456946
pems,diffusion/combined,window,48,matched_covariance-065,5,True,matched_covariance,1,2,0.0,0.9850746268656716
pems,diffusion/combined,window,48,marginal_preserving-066,6,True,marginal_preserving,0,0,0.0,0.8840413318025259
pems,diffusion/combined,window,48,marginal_preserving-067,7,True,marginal_preserving,0,0,0.0,0.9161882893226176
pems,diffusion/combined,window,48,marginal_preserving-068,8,True,marginal_preserving,0,0,0.0,0.9334098737083811
pems,diffusion/combined,window,48,marginal_preserving-069,9,True,marginal_preserving,0,0,0.0,0.9598163030998852
pems,diffusion/combined,window,48,marginal_preserving-070,10,True,marginal_preserving,0,1,0.0,0.9965556831228473
pems,diffusion/combined,window,48,marginal_preserving-071,11,True,marginal_preserving,0,0,0.0,1.0
pems,diffusion/combined,window,48,untouched-000,0,False,untouched,0,0,0.0,0.9850746268656716
pems,diffusion/combined,window,48,transition-000,0,False,transition,0,0,0.0,0.9965556831228473
pems,diffusion/combined,window,48,untouched-001,1,False,untouched,0,0,0.0,0.9402985074626866
pems,diffusion/combined,window,48,transition-001,1,False,transition,0,2,0.0,0.9954075774971297
pems,diffusion/combined,window,48,untouched-002,2,False,untouched,0,0,0.0,0.9862227324913893
pems,diffusion/combined,window,48,transition-002,2,False,transition,0,2,0.0,1.0
pems,diffusion/combined,window,48,untouched-003,3,False,untouched,0,0,0.0,0.9770378874856487
pems,diffusion/combined,window,48,transition-003,3,False,transition,0,0,0.0,0.9908151549942594
pems,diffusion/combined,window,48,untouched-004,4,False,untouched,0,1,0.0,0.9931113662456946
pems,diffusion/combined,window,48,transition-004,4,False,transition,0,1,0.0,0.9965556831228473
pems,diffusion/combined,window,48,untouched-005,5,False,untouched,0,2,0.0,0.9850746268656716
pems,diffusion/combined,window,48,transition-005,5,False,transition,0,2,0.0,0.9965556831228473
pems,diffusion/combined,window,48,untouched-006,6,False,untouched,0,0,0.0,0.8840413318025259
pems,diffusion/combined,window,48,transition-006,6,False,transition,0,1,0.0,1.0
pems,diffusion/combined,window,48,untouched-007,7,False,untouched,0,0,0.0,0.9161882893226176
pems,diffusion/combined,window,48,transition-007,7,False,transition,0,2,0.0,0.9793340987370838
pems,diffusion/combined,window,48,untouched-008,8,False,untouched,0,0,0.0,0.9334098737083811
pems,diffusion/combined,window,48,transition-008,8,False,transition,0,2,0.0,0.965556831228473
pems,diffusion/combined,window,48,untouched-009,9,False,untouched,0,0,0.0,0.9598163030998852
pems,diffusion/combined,window,48,transition-009,9,False,transition,0,0,0.0,1.0
pems,diffusion/combined,window,48,untouched-010,10,False,untouched,0,1,0.0,0.9965556831228473
pems,diffusion/combined,window,48,transition-010,10,False,transition,0,1,0.0,0.9965556831228473
pems,diffusion/combined,window,48,untouched-011,11,False,untouched,0,0,0.0,1.0
pems,diffusion/combined,window,48,transition-011,11,False,transition,0,1,0.0,1.0
pems,diffusion/entropy,window,96,copy-000,0,True,copy,0,0,0.0,0.9850746268656716
pems,diffusion/entropy,window,96,copy-001,1,True,copy,0,1,0.0,0.981630309988519
pems,diffusion/entropy,window,96,copy-002,2,True,copy,0,0,0.0,1.0
pems,diffusion/entropy,window,96,copy-003,3,True,copy,0,0,0.0,0.9908151549942594
pems,diffusion/entropy,window,96,copy-004,4,True,copy,0,0,0.0,1.0
pems,diffusion/entropy,window,96,copy-005,5,True,copy,1,1,0.09090909090909091,0.9873708381171068
pems,diffusion/entropy,window,96,common-006,6,True,common,0,0,0.0,0.9483352468427095
pems,diffusion/entropy,window,96,common-007,7,True,common,0,1,0.0,0.939150401836969
pems,diffusion/entropy,window,96,common-008,8,True,common,0,0,0.0,0.9690011481056258
pems,diffusion/entropy,window,96,common-009,9,True,common,0,0,0.0,1.0
pems,diffusion/entropy,window,96,common-010,10,True,common,0,1,0.0,1.0
pems,diffusion/entropy,window,96,common-011,11,True,common,0,0,0.0,1.0
pems,diffusion/entropy,window,96,decouple-012,0,True,decouple,0,0,0.0,0.9850746268656716
pems,diffusion/entropy,window,96,decouple-013,1,True,decouple,0,1,0.0,0.981630309988519
pems,diffusion/entropy,window,96,decouple-014,2,True,decouple,0,0,0.0,1.0
pems,diffusion/entropy,window,96,decouple-015,3,True,decouple,0,0,0.0,0.9908151549942594
pems,diffusion/entropy,window,96,decouple-016,4,True,decouple,0,0,0.0,1.0
pems,diffusion/entropy,window,96,decouple-017,5,True,decouple,1,1,0.0,0.9988518943742825
pems,diffusion/entropy,window,96,noise-018,6,True,noise,0,0,0.0,0.9483352468427095
pems,diffusion/entropy,window,96,noise-019,7,True,noise,0,1,0.0,0.939150401836969
pems,diffusion/entropy,window,96,noise-020,8,True,noise,0,0,0.0,0.9690011481056258
pems,diffusion/entropy,window,96,noise-021,9,True,noise,0,0,0.0,1.0
pems,diffusion/entropy,window,96,noise-022,10,True,noise,0,1,0.0,1.0
pems,diffusion/entropy,window,96,noise-023,11,True,noise,0,0,0.0,1.0
pems,diffusion/entropy,window,96,delay-024,0,True,delay,0,0,0.0,0.9850746268656716
pems,diffusion/entropy,window,96,delay-025,1,True,delay,0,1,0.0,0.981630309988519
pems,diffusion/entropy,window,96,delay-026,2,True,delay,0,0,0.0,1.0
pems,diffusion/entropy,window,96,delay-027,3,True,delay,0,0,0.0,0.9908151549942594
pems,diffusion/entropy,window,96,delay-028,4,True,delay,0,0,0.0,1.0
pems,diffusion/entropy,window,96,delay-029,5,True,delay,1,1,0.09090909090909091,0.9873708381171068
pems,diffusion/entropy,window,96,drift-030,6,True,drift,0,0,0.0,0.9483352468427095
pems,diffusion/entropy,window,96,drift-031,7,True,drift,0,1,0.0,0.939150401836969
pems,diffusion/entropy,window,96,drift-032,8,True,drift,0,0,0.0,0.9690011481056258
pems,diffusion/entropy,window,96,drift-033,9,True,drift,0,0,0.0,1.0
pems,diffusion/entropy,window,96,drift-034,10,True,drift,0,1,0.0,1.0
pems,diffusion/entropy,window,96,drift-035,11,True,drift,0,0,0.0,1.0
pems,diffusion/entropy,window,96,flatline-036,0,True,flatline,0,0,0.0,0.9850746268656716
pems,diffusion/entropy,window,96,flatline-037,1,True,flatline,0,1,0.0,0.9954075774971297
pems,diffusion/entropy,window,96,flatline-038,2,True,flatline,0,0,0.0,0.9965556831228473
pems,diffusion/entropy,window,96,flatline-039,3,True,flatline,0,0,0.0,0.9908151549942594
pems,diffusion/entropy,window,96,flatline-040,4,True,flatline,0,0,0.0,1.0
pems,diffusion/entropy,window,96,flatline-041,5,True,flatline,1,1,0.0,0.9563719862227325
pems,diffusion/entropy,window,96,dropout-042,6,True,dropout,0,0,0.0,0.9483352468427095
pems,diffusion/entropy,window,96,dropout-043,7,True,dropout,0,1,0.0,0.7520091848450058
pems,diffusion/entropy,window,96,dropout-044,8,True,dropout,0,0,0.0,0.835820895522388
pems,diffusion/entropy,window,96,dropout-045,9,True,dropout,0,0,0.0,0.9942594718714122
pems,diffusion/entropy,window,96,dropout-046,10,True,dropout,0,0,0.0,0.9070034443168772
pems,diffusion/entropy,window,96,dropout-047,11,True,dropout,0,0,0.0,0.7933409873708381
pems,diffusion/entropy,window,96,anticorrelated-048,0,True,anticorrelated,0,0,0.0,0.9850746268656716
pems,diffusion/entropy,window,96,anticorrelated-049,1,True,anticorrelated,0,1,0.0,0.9954075774971297
pems,diffusion/entropy,window,96,anticorrelated-050,2,True,anticorrelated,0,0,0.0,1.0
pems,diffusion/entropy,window,96,anticorrelated-051,3,True,anticorrelated,0,0,0.0,0.9908151549942594
pems,diffusion/entropy,window,96,anticorrelated-052,4,True,anticorrelated,0,0,0.0,1.0
pems,diffusion/entropy,window,96,anticorrelated-053,5,True,anticorrelated,1,1,0.09090909090909091,0.9873708381171068
pems,diffusion/entropy,window,96,mixed-054,6,True,mixed,0,0,0.0,0.9483352468427095
pems,diffusion/entropy,window,96,mixed-055,7,True,mixed,0,1,0.0,0.939150401836969
pems,diffusion/entropy,window,96,mixed-056,8,True,mixed,0,0,0.0,0.9690011481056258
pems,diffusion/entropy,window,96,mixed-057,9,True,mixed,0,0,0.0,1.0
pems,diffusion/entropy,window,96,mixed-058,10,True,mixed,0,1,0.0,1.0
pems,diffusion/entropy,window,96,mixed-059,11,True,mixed,0,0,0.0,1.0
pems,diffusion/entropy,window,96,matched_covariance-060,0,True,matched_covariance,0,0,0.0,0.9850746268656716
pems,diffusion/entropy,window,96,matched_covariance-061,1,True,matched_covariance,0,1,0.0,0.981630309988519
pems,diffusion/entropy,window,96,matched_covariance-062,2,True,matched_covariance,0,0,0.0,1.0
pems,diffusion/entropy,window,96,matched_covariance-063,3,True,matched_covariance,0,0,0.0,0.9908151549942594
pems,diffusion/entropy,window,96,matched_covariance-064,4,True,matched_covariance,0,0,0.0,1.0
pems,diffusion/entropy,window,96,matched_covariance-065,5,True,matched_covariance,1,1,0.0,0.9873708381171068
pems,diffusion/entropy,window,96,marginal_preserving-066,6,True,marginal_preserving,0,0,0.0,0.9483352468427095
pems,diffusion/entropy,window,96,marginal_preserving-067,7,True,marginal_preserving,0,1,0.0,0.939150401836969
pems,diffusion/entropy,window,96,marginal_preserving-068,8,True,marginal_preserving,0,0,0.0,0.9690011481056258
pems,diffusion/entropy,window,96,marginal_preserving-069,9,True,marginal_preserving,0,0,0.0,1.0
pems,diffusion/entropy,window,96,marginal_preserving-070,10,True,marginal_preserving,0,1,0.0,1.0
pems,diffusion/entropy,window,96,marginal_preserving-071,11,True,marginal_preserving,0,0,0.0,1.0
pems,diffusion/entropy,window,96,untouched-000,0,False,untouched,0,0,0.0,0.9850746268656716
pems,diffusion/entropy,window,96,transition-000,0,False,transition,0,0,0.0,0.9965556831228473
pems,diffusion/entropy,window,96,untouched-001,1,False,untouched,0,1,0.0,0.981630309988519
pems,diffusion/entropy,window,96,transition-001,1,False,transition,0,4,0.0,1.0
pems,diffusion/entropy,window,96,untouched-002,2,False,untouched,0,0,0.0,1.0
pems,diffusion/entropy,window,96,transition-002,2,False,transition,0,1,0.0,1.0
pems,diffusion/entropy,window,96,untouched-003,3,False,untouched,0,0,0.0,0.9908151549942594
pems,diffusion/entropy,window,96,transition-003,3,False,transition,0,0,0.0,0.9908151549942594
pems,diffusion/entropy,window,96,untouched-004,4,False,untouched,0,0,0.0,1.0
pems,diffusion/entropy,window,96,transition-004,4,False,transition,0,0,0.0,1.0
pems,diffusion/entropy,window,96,untouched-005,5,False,untouched,0,2,0.0,0.9873708381171068
pems,diffusion/entropy,window,96,transition-005,5,False,transition,0,2,0.0,0.9988518943742825
pems,diffusion/entropy,window,96,untouched-006,6,False,untouched,0,0,0.0,0.9483352468427095
pems,diffusion/entropy,window,96,transition-006,6,False,transition,0,0,0.0,1.0
pems,diffusion/entropy,window,96,untouched-007,7,False,untouched,0,1,0.0,0.939150401836969
pems,diffusion/entropy,window,96,transition-007,7,False,transition,0,3,0.0,0.9793340987370838
pems,diffusion/entropy,window,96,untouched-008,8,False,untouched,0,0,0.0,0.9690011481056258
pems,diffusion/entropy,window,96,transition-008,8,False,transition,0,2,0.0,0.9793340987370838
pems,diffusion/entropy,window,96,untouched-009,9,False,untouched,0,0,0.0,1.0
pems,diffusion/entropy,window,96,transition-009,9,False,transition,0,0,0.0,1.0
pems,diffusion/entropy,window,96,untouched-010,10,False,untouched,0,1,0.0,1.0
pems,diffusion/entropy,window,96,transition-010,10,False,transition,0,1,0.0,1.0
pems,diffusion/entropy,window,96,untouched-011,11,False,untouched,0,0,0.0,1.0
pems,diffusion/entropy,window,96,transition-011,11,False,transition,0,1,0.0,1.0
pems,diffusion/synchronization,window,96,copy-000,0,True,copy,0,0,0.0,0.9850746268656716
pems,diffusion/synchronization,window,96,copy-001,1,True,copy,0,1,0.0,0.981630309988519
pems,diffusion/synchronization,window,96,copy-002,2,True,copy,0,0,0.0,1.0
pems,diffusion/synchronization,window,96,copy-003,3,True,copy,0,0,0.0,0.9908151549942594
pems,diffusion/synchronization,window,96,copy-004,4,True,copy,0,1,0.0,1.0
pems,diffusion/synchronization,window,96,copy-005,5,True,copy,1,1,0.0,0.9873708381171068
pems,diffusion/synchronization,window,96,common-006,6,True,common,0,0,0.0,0.9483352468427095
pems,diffusion/synchronization,window,96,common-007,7,True,common,0,1,0.0,0.939150401836969
pems,diffusion/synchronization,window,96,common-008,8,True,common,0,1,0.0,0.9690011481056258
pems,diffusion/synchronization,window,96,common-009,9,True,common,0,0,0.0,1.0
pems,diffusion/synchronization,window,96,common-010,10,True,common,0,1,0.0,1.0
pems,diffusion/synchronization,window,96,common-011,11,True,common,1,0,0.0,1.0
pems,diffusion/synchronization,window,96,decouple-012,0,True,decouple,0,0,0.0,0.9850746268656716
pems,diffusion/synchronization,window,96,decouple-013,1,True,decouple,0,1,0.0,0.981630309988519
pems,diffusion/synchronization,window,96,decouple-014,2,True,decouple,0,0,0.0,1.0
pems,diffusion/synchronization,window,96,decouple-015,3,True,decouple,0,0,0.0,0.9908151549942594
pems,diffusion/synchronization,window,96,decouple-016,4,True,decouple,0,1,0.0,1.0
pems,diffusion/synchronization,window,96,decouple-017,5,True,decouple,1,1,0.09090909090909091,0.9988518943742825
pems,diffusion/synchronization,window,96,noise-018,6,True,noise,0,0,0.0,0.9483352468427095
pems,diffusion/synchronization,window,96,noise-019,7,True,noise,0,1,0.0,0.939150401836969
pems,diffusion/synchronization,window,96,noise-020,8,True,noise,0,1,0.0,0.9690011481056258
pems,diffusion/synchronization,window,96,noise-021,9,True,noise,0,0,0.0,1.0
pems,diffusion/synchronization,window,96,noise-022,10,True,noise,0,1,0.0,1.0
pems,diffusion/synchronization,window,96,noise-023,11,True,noise,1,0,0.0,1.0
pems,diffusion/synchronization,window,96,delay-024,0,True,delay,0,0,0.0,0.9850746268656716
pems,diffusion/synchronization,window,96,delay-025,1,True,delay,0,1,0.0,0.981630309988519
pems,diffusion/synchronization,window,96,delay-026,2,True,delay,0,0,0.0,1.0
pems,diffusion/synchronization,window,96,delay-027,3,True,delay,0,0,0.0,0.9908151549942594
pems,diffusion/synchronization,window,96,delay-028,4,True,delay,0,0,0.0,1.0
pems,diffusion/synchronization,window,96,delay-029,5,True,delay,1,1,0.09090909090909091,0.9873708381171068
pems,diffusion/synchronization,window,96,drift-030,6,True,drift,0,0,0.0,0.9483352468427095
pems,diffusion/synchronization,window,96,drift-031,7,True,drift,0,1,0.0,0.939150401836969
pems,diffusion/synchronization,window,96,drift-032,8,True,drift,0,1,0.0,0.9690011481056258
pems,diffusion/synchronization,window,96,drift-033,9,True,drift,0,0,0.0,1.0
pems,diffusion/synchronization,window,96,drift-034,10,True,drift,0,1,0.0,1.0
pems,diffusion/synchronization,window,96,drift-035,11,True,drift,1,0,0.0,1.0
pems,diffusion/synchronization,window,96,flatline-036,0,True,flatline,0,0,0.0,0.9850746268656716
pems,diffusion/synchronization,window,96,flatline-037,1,True,flatline,0,2,0.0,0.9954075774971297
pems,diffusion/synchronization,window,96,flatline-038,2,True,flatline,0,0,0.0,0.9965556831228473
pems,diffusion/synchronization,window,96,flatline-039,3,True,flatline,0,0,0.0,0.9908151549942594
pems,diffusion/synchronization,window,96,flatline-040,4,True,flatline,0,1,0.0,1.0
pems,diffusion/synchronization,window,96,flatline-041,5,True,flatline,1,1,0.0,0.9563719862227325
pems,diffusion/synchronization,window,96,dropout-042,6,True,dropout,0,0,0.0,0.9483352468427095
pems,diffusion/synchronization,window,96,dropout-043,7,True,dropout,0,1,0.0,0.7520091848450058
pems,diffusion/synchronization,window,96,dropout-044,8,True,dropout,0,1,0.0,0.835820895522388
pems,diffusion/synchronization,window,96,dropout-045,9,True,dropout,0,0,0.0,0.9942594718714122
pems,diffusion/synchronization,window,96,dropout-046,10,True,dropout,0,1,0.0,0.9070034443168772
pems,diffusion/synchronization,window,96,dropout-047,11,True,dropout,1,0,0.0,0.7933409873708381
pems,diffusion/synchronization,window,96,anticorrelated-048,0,True,anticorrelated,0,0,0.0,0.9850746268656716
pems,diffusion/synchronization,window,96,anticorrelated-049,1,True,anticorrelated,0,1,0.0,0.9954075774971297
pems,diffusion/synchronization,window,96,anticorrelated-050,2,True,anticorrelated,0,0,0.0,1.0
pems,diffusion/synchronization,window,96,anticorrelated-051,3,True,anticorrelated,0,0,0.0,0.9908151549942594
pems,diffusion/synchronization,window,96,anticorrelated-052,4,True,anticorrelated,0,1,0.0,1.0
pems,diffusion/synchronization,window,96,anticorrelated-053,5,True,anticorrelated,1,2,0.043478260869565216,0.9873708381171068
pems,diffusion/synchronization,window,96,mixed-054,6,True,mixed,0,0,0.0,0.9483352468427095
pems,diffusion/synchronization,window,96,mixed-055,7,True,mixed,0,1,0.0,0.939150401836969
pems,diffusion/synchronization,window,96,mixed-056,8,True,mixed,0,1,0.0,0.9690011481056258
pems,diffusion/synchronization,window,96,mixed-057,9,True,mixed,0,0,0.0,1.0
pems,diffusion/synchronization,window,96,mixed-058,10,True,mixed,1,1,0.125,1.0
pems,diffusion/synchronization,window,96,mixed-059,11,True,mixed,1,0,0.0,1.0
pems,diffusion/synchronization,window,96,matched_covariance-060,0,True,matched_covariance,0,0,0.0,0.9850746268656716
pems,diffusion/synchronization,window,96,matched_covariance-061,1,True,matched_covariance,0,1,0.0,0.981630309988519
pems,diffusion/synchronization,window,96,matched_covariance-062,2,True,matched_covariance,0,0,0.0,1.0
pems,diffusion/synchronization,window,96,matched_covariance-063,3,True,matched_covariance,0,0,0.0,0.9908151549942594
pems,diffusion/synchronization,window,96,matched_covariance-064,4,True,matched_covariance,0,0,0.0,1.0
pems,diffusion/synchronization,window,96,matched_covariance-065,5,True,matched_covariance,1,1,0.0,0.9873708381171068
pems,diffusion/synchronization,window,96,marginal_preserving-066,6,True,marginal_preserving,0,0,0.0,0.9483352468427095
pems,diffusion/synchronization,window,96,marginal_preserving-067,7,True,marginal_preserving,0,1,0.0,0.939150401836969
pems,diffusion/synchronization,window,96,marginal_preserving-068,8,True,marginal_preserving,0,1,0.0,0.9690011481056258
pems,diffusion/synchronization,window,96,marginal_preserving-069,9,True,marginal_preserving,0,0,0.0,1.0
pems,diffusion/synchronization,window,96,marginal_preserving-070,10,True,marginal_preserving,0,1,0.0,1.0
pems,diffusion/synchronization,window,96,marginal_preserving-071,11,True,marginal_preserving,1,0,0.0,1.0
pems,diffusion/synchronization,window,96,untouched-000,0,False,untouched,0,0,0.0,0.9850746268656716
pems,diffusion/synchronization,window,96,transition-000,0,False,transition,0,0,0.0,0.9965556831228473
pems,diffusion/synchronization,window,96,untouched-001,1,False,untouched,0,1,0.0,0.981630309988519
pems,diffusion/synchronization,window,96,transition-001,1,False,transition,0,3,0.0,1.0
pems,diffusion/synchronization,window,96,untouched-002,2,False,untouched,0,0,0.0,1.0
pems,diffusion/synchronization,window,96,transition-002,2,False,transition,0,1,0.0,1.0
pems,diffusion/synchronization,window,96,untouched-003,3,False,untouched,0,0,0.0,0.9908151549942594
pems,diffusion/synchronization,window,96,transition-003,3,False,transition,0,0,0.0,0.9908151549942594
pems,diffusion/synchronization,window,96,untouched-004,4,False,untouched,0,1,0.0,1.0
pems,diffusion/synchronization,window,96,transition-004,4,False,transition,0,0,0.0,1.0
pems,diffusion/synchronization,window,96,untouched-005,5,False,untouched,0,2,0.0,0.9873708381171068
pems,diffusion/synchronization,window,96,transition-005,5,False,transition,0,3,0.0,0.9988518943742825
pems,diffusion/synchronization,window,96,untouched-006,6,False,untouched,0,0,0.0,0.9483352468427095
pems,diffusion/synchronization,window,96,transition-006,6,False,transition,0,1,0.0,1.0
pems,diffusion/synchronization,window,96,untouched-007,7,False,untouched,0,1,0.0,0.939150401836969
pems,diffusion/synchronization,window,96,transition-007,7,False,transition,0,2,0.0,0.9793340987370838
pems,diffusion/synchronization,window,96,untouched-008,8,False,untouched,0,1,0.0,0.9690011481056258
pems,diffusion/synchronization,window,96,transition-008,8,False,transition,0,1,0.0,0.9793340987370838
pems,diffusion/synchronization,window,96,untouched-009,9,False,untouched,0,0,0.0,1.0
pems,diffusion/synchronization,window,96,transition-009,9,False,transition,0,0,0.0,1.0
pems,diffusion/synchronization,window,96,untouched-010,10,False,untouched,0,1,0.0,1.0
pems,diffusion/synchronization,window,96,transition-010,10,False,transition,0,1,0.0,1.0
pems,diffusion/synchronization,window,96,untouched-011,11,False,untouched,0,1,0.0,1.0
pems,diffusion/synchronization,window,96,transition-011,11,False,transition,0,1,0.0,1.0
pems,diffusion/combined,window,96,copy-000,0,True,copy,0,0,0.0,0.9850746268656716
pems,diffusion/combined,window,96,copy-001,1,True,copy,0,1,0.0,0.981630309988519
pems,diffusion/combined,window,96,copy-002,2,True,copy,0,0,0.0,1.0
pems,diffusion/combined,window,96,copy-003,3,True,copy,0,0,0.0,0.9908151549942594
pems,diffusion/combined,window,96,copy-004,4,True,copy,0,0,0.0,1.0
pems,diffusion/combined,window,96,copy-005,5,True,copy,1,1,0.09090909090909091,0.9873708381171068
pems,diffusion/combined,window,96,common-006,6,True,common,0,0,0.0,0.9483352468427095
pems,diffusion/combined,window,96,common-007,7,True,common,0,1,0.0,0.939150401836969
pems,diffusion/combined,window,96,common-008,8,True,common,0,0,0.0,0.9690011481056258
pems,diffusion/combined,window,96,common-009,9,True,common,0,0,0.0,1.0
pems,diffusion/combined,window,96,common-010,10,True,common,0,1,0.0,1.0
pems,diffusion/combined,window,96,common-011,11,True,common,0,0,0.0,1.0
pems,diffusion/combined,window,96,decouple-012,0,True,decouple,0,0,0.0,0.9850746268656716
pems,diffusion/combined,window,96,decouple-013,1,True,decouple,0,1,0.0,0.981630309988519
pems,diffusion/combined,window,96,decouple-014,2,True,decouple,0,0,0.0,1.0
pems,diffusion/combined,window,96,decouple-015,3,True,decouple,0,0,0.0,0.9908151549942594
pems,diffusion/combined,window,96,decouple-016,4,True,decouple,0,0,0.0,1.0
pems,diffusion/combined,window,96,decouple-017,5,True,decouple,1,1,0.0,0.9988518943742825
pems,diffusion/combined,window,96,noise-018,6,True,noise,0,0,0.0,0.9483352468427095
pems,diffusion/combined,window,96,noise-019,7,True,noise,0,1,0.0,0.939150401836969
pems,diffusion/combined,window,96,noise-020,8,True,noise,0,0,0.0,0.9690011481056258
pems,diffusion/combined,window,96,noise-021,9,True,noise,0,0,0.0,1.0
pems,diffusion/combined,window,96,noise-022,10,True,noise,0,1,0.0,1.0
pems,diffusion/combined,window,96,noise-023,11,True,noise,0,0,0.0,1.0
pems,diffusion/combined,window,96,delay-024,0,True,delay,0,0,0.0,0.9850746268656716
pems,diffusion/combined,window,96,delay-025,1,True,delay,0,1,0.0,0.981630309988519
pems,diffusion/combined,window,96,delay-026,2,True,delay,0,0,0.0,1.0
pems,diffusion/combined,window,96,delay-027,3,True,delay,0,0,0.0,0.9908151549942594
pems,diffusion/combined,window,96,delay-028,4,True,delay,0,0,0.0,1.0
pems,diffusion/combined,window,96,delay-029,5,True,delay,1,1,0.043478260869565216,0.9873708381171068
pems,diffusion/combined,window,96,drift-030,6,True,drift,0,0,0.0,0.9483352468427095
pems,diffusion/combined,window,96,drift-031,7,True,drift,0,1,0.0,0.939150401836969
pems,diffusion/combined,window,96,drift-032,8,True,drift,0,0,0.0,0.9690011481056258
pems,diffusion/combined,window,96,drift-033,9,True,drift,0,0,0.0,1.0
pems,diffusion/combined,window,96,drift-034,10,True,drift,0,1,0.0,1.0
pems,diffusion/combined,window,96,drift-035,11,True,drift,0,0,0.0,1.0
pems,diffusion/combined,window,96,flatline-036,0,True,flatline,0,0,0.0,0.9850746268656716
pems,diffusion/combined,window,96,flatline-037,1,True,flatline,0,1,0.0,0.9954075774971297
pems,diffusion/combined,window,96,flatline-038,2,True,flatline,0,0,0.0,0.9965556831228473
pems,diffusion/combined,window,96,flatline-039,3,True,flatline,0,0,0.0,0.9908151549942594
pems,diffusion/combined,window,96,flatline-040,4,True,flatline,0,0,0.0,1.0
pems,diffusion/combined,window,96,flatline-041,5,True,flatline,1,1,0.0,0.9563719862227325
pems,diffusion/combined,window,96,dropout-042,6,True,dropout,0,0,0.0,0.9483352468427095
pems,diffusion/combined,window,96,dropout-043,7,True,dropout,0,1,0.0,0.7520091848450058
pems,diffusion/combined,window,96,dropout-044,8,True,dropout,0,0,0.0,0.835820895522388
pems,diffusion/combined,window,96,dropout-045,9,True,dropout,0,0,0.0,0.9942594718714122
pems,diffusion/combined,window,96,dropout-046,10,True,dropout,0,0,0.0,0.9070034443168772
pems,diffusion/combined,window,96,dropout-047,11,True,dropout,0,0,0.0,0.7933409873708381
pems,diffusion/combined,window,96,anticorrelated-048,0,True,anticorrelated,0,0,0.0,0.9850746268656716
pems,diffusion/combined,window,96,anticorrelated-049,1,True,anticorrelated,0,1,0.0,0.9954075774971297
pems,diffusion/combined,window,96,anticorrelated-050,2,True,anticorrelated,0,0,0.0,1.0
pems,diffusion/combined,window,96,anticorrelated-051,3,True,anticorrelated,0,0,0.0,0.9908151549942594
pems,diffusion/combined,window,96,anticorrelated-052,4,True,anticorrelated,0,0,0.0,1.0
pems,diffusion/combined,window,96,anticorrelated-053,5,True,anticorrelated,1,1,0.09090909090909091,0.9873708381171068
pems,diffusion/combined,window,96,mixed-054,6,True,mixed,0,0,0.0,0.9483352468427095
pems,diffusion/combined,window,96,mixed-055,7,True,mixed,0,1,0.0,0.939150401836969
pems,diffusion/combined,window,96,mixed-056,8,True,mixed,0,0,0.0,0.9690011481056258
pems,diffusion/combined,window,96,mixed-057,9,True,mixed,0,0,0.0,1.0
pems,diffusion/combined,window,96,mixed-058,10,True,mixed,0,1,0.0,1.0
pems,diffusion/combined,window,96,mixed-059,11,True,mixed,0,0,0.0,1.0
pems,diffusion/combined,window,96,matched_covariance-060,0,True,matched_covariance,0,0,0.0,0.9850746268656716
pems,diffusion/combined,window,96,matched_covariance-061,1,True,matched_covariance,0,1,0.0,0.981630309988519
pems,diffusion/combined,window,96,matched_covariance-062,2,True,matched_covariance,0,0,0.0,1.0
pems,diffusion/combined,window,96,matched_covariance-063,3,True,matched_covariance,0,0,0.0,0.9908151549942594
pems,diffusion/combined,window,96,matched_covariance-064,4,True,matched_covariance,0,0,0.0,1.0
pems,diffusion/combined,window,96,matched_covariance-065,5,True,matched_covariance,1,1,0.0,0.9873708381171068
pems,diffusion/combined,window,96,marginal_preserving-066,6,True,marginal_preserving,0,0,0.0,0.9483352468427095
pems,diffusion/combined,window,96,marginal_preserving-067,7,True,marginal_preserving,0,1,0.0,0.939150401836969
pems,diffusion/combined,window,96,marginal_preserving-068,8,True,marginal_preserving,0,0,0.0,0.9690011481056258
pems,diffusion/combined,window,96,marginal_preserving-069,9,True,marginal_preserving,0,0,0.0,1.0
pems,diffusion/combined,window,96,marginal_preserving-070,10,True,marginal_preserving,0,1,0.0,1.0
pems,diffusion/combined,window,96,marginal_preserving-071,11,True,marginal_preserving,0,0,0.0,1.0
pems,diffusion/combined,window,96,untouched-000,0,False,untouched,0,0,0.0,0.9850746268656716
pems,diffusion/combined,window,96,transition-000,0,False,transition,0,0,0.0,0.9965556831228473
pems,diffusion/combined,window,96,untouched-001,1,False,untouched,0,1,0.0,0.981630309988519
pems,diffusion/combined,window,96,transition-001,1,False,transition,0,4,0.0,1.0
pems,diffusion/combined,window,96,untouched-002,2,False,untouched,0,0,0.0,1.0
pems,diffusion/combined,window,96,transition-002,2,False,transition,0,1,0.0,1.0
pems,diffusion/combined,window,96,untouched-003,3,False,untouched,0,0,0.0,0.9908151549942594
pems,diffusion/combined,window,96,transition-003,3,False,transition,0,0,0.0,0.9908151549942594
pems,diffusion/combined,window,96,untouched-004,4,False,untouched,0,0,0.0,1.0
pems,diffusion/combined,window,96,transition-004,4,False,transition,0,0,0.0,1.0
pems,diffusion/combined,window,96,untouched-005,5,False,untouched,0,2,0.0,0.9873708381171068
pems,diffusion/combined,window,96,transition-005,5,False,transition,0,2,0.0,0.9988518943742825
pems,diffusion/combined,window,96,untouched-006,6,False,untouched,0,0,0.0,0.9483352468427095
pems,diffusion/combined,window,96,transition-006,6,False,transition,0,0,0.0,1.0
pems,diffusion/combined,window,96,untouched-007,7,False,untouched,0,1,0.0,0.939150401836969
pems,diffusion/combined,window,96,transition-007,7,False,transition,0,3,0.0,0.9793340987370838
pems,diffusion/combined,window,96,untouched-008,8,False,untouched,0,0,0.0,0.9690011481056258
pems,diffusion/combined,window,96,transition-008,8,False,transition,0,2,0.0,0.9793340987370838
pems,diffusion/combined,window,96,untouched-009,9,False,untouched,0,0,0.0,1.0
pems,diffusion/combined,window,96,transition-009,9,False,transition,0,0,0.0,1.0
pems,diffusion/combined,window,96,untouched-010,10,False,untouched,0,1,0.0,1.0
pems,diffusion/combined,window,96,transition-010,10,False,transition,0,1,0.0,1.0
pems,diffusion/combined,window,96,untouched-011,11,False,untouched,0,0,0.0,1.0
pems,diffusion/combined,window,96,transition-011,11,False,transition,0,1,0.0,1.0
pems,diffusion/entropy,size,6,copy-000,0,True,copy,0,0,0.0,1.0
pems,diffusion/entropy,size,6,copy-001,1,True,copy,0,1,0.0,0.9977703455964325
pems,diffusion/entropy,size,6,copy-002,2,True,copy,0,0,0.0,0.9977703455964325
pems,diffusion/entropy,size,6,copy-003,3,True,copy,0,0,0.0,0.9810479375696767
pems,diffusion/entropy,size,6,copy-004,4,True,copy,0,1,0.0,0.9933110367892977
pems,diffusion/entropy,size,6,copy-005,5,True,copy,1,1,0.3333333333333333,1.0
pems,diffusion/entropy,size,6,common-006,6,True,common,0,0,0.0,0.9253065774804905
pems,diffusion/entropy,size,6,common-007,7,True,common,0,3,0.0,0.9721293199554069
pems,diffusion/entropy,size,6,common-008,8,True,common,0,0,0.0,0.9453734671125975
pems,diffusion/entropy,size,6,common-009,9,True,common,0,0,0.0,0.9855072463768116
pems,diffusion/entropy,size,6,common-010,10,True,common,0,0,0.0,0.9966555183946488
pems,diffusion/entropy,size,6,common-011,11,True,common,0,0,0.0,1.0
pems,diffusion/entropy,size,6,decouple-012,0,True,decouple,0,0,0.0,1.0
pems,diffusion/entropy,size,6,decouple-013,1,True,decouple,1,1,0.0,0.9977703455964325
pems,diffusion/entropy,size,6,decouple-014,2,True,decouple,0,0,0.0,0.9977703455964325
pems,diffusion/entropy,size,6,decouple-015,3,True,decouple,0,0,0.0,0.9810479375696767
pems,diffusion/entropy,size,6,decouple-016,4,True,decouple,0,1,0.0,0.9933110367892977
pems,diffusion/entropy,size,6,decouple-017,5,True,decouple,1,1,0.0,1.0
pems,diffusion/entropy,size,6,noise-018,6,True,noise,0,0,0.0,0.9253065774804905
pems,diffusion/entropy,size,6,noise-019,7,True,noise,0,1,0.0,0.9721293199554069
pems,diffusion/entropy,size,6,noise-020,8,True,noise,0,0,0.0,0.9453734671125975
pems,diffusion/entropy,size,6,noise-021,9,True,noise,0,0,0.0,0.9855072463768116
pems,diffusion/entropy,size,6,noise-022,10,True,noise,0,0,0.0,0.9966555183946488
pems,diffusion/entropy,size,6,noise-023,11,True,noise,0,0,0.0,1.0
pems,diffusion/entropy,size,6,delay-024,0,True,delay,0,0,0.0,1.0
pems,diffusion/entropy,size,6,delay-025,1,True,delay,1,1,0.0,0.987736900780379
pems,diffusion/entropy,size,6,delay-026,2,True,delay,0,0,0.0,0.9977703455964325
pems,diffusion/entropy,size,6,delay-027,3,True,delay,0,0,0.0,0.9810479375696767
pems,diffusion/entropy,size,6,delay-028,4,True,delay,0,1,0.0,0.9933110367892977
pems,diffusion/entropy,size,6,delay-029,5,True,delay,1,1,0.0,1.0
pems,diffusion/entropy,size,6,drift-030,6,True,drift,0,0,0.0,0.9253065774804905
pems,diffusion/entropy,size,6,drift-031,7,True,drift,0,1,0.0,0.9721293199554069
pems,diffusion/entropy,size,6,drift-032,8,True,drift,0,0,0.0,0.9453734671125975
pems,diffusion/entropy,size,6,drift-033,9,True,drift,0,0,0.0,0.9855072463768116
pems,diffusion/entropy,size,6,drift-034,10,True,drift,0,0,0.0,0.9966555183946488
pems,diffusion/entropy,size,6,drift-035,11,True,drift,0,0,0.0,1.0
pems,diffusion/entropy,size,6,flatline-036,0,True,flatline,0,0,0.0,1.0
pems,diffusion/entropy,size,6,flatline-037,1,True,flatline,1,1,0.2631578947368421,0.9888517279821628
pems,diffusion/entropy,size,6,flatline-038,2,True,flatline,0,0,0.0,0.9832775919732442
pems,diffusion/entropy,size,6,flatline-039,3,True,flatline,0,0,0.0,0.9810479375696767
pems,diffusion/entropy,size,6,flatline-040,4,True,flatline,0,0,0.0,0.9754738015607581
pems,diffusion/entropy,size,6,flatline-041,5,True,flatline,1,1,0.0,0.9130434782608695
pems,diffusion/entropy,size,6,dropout-042,6,True,dropout,0,0,0.0,0.9119286510590858
pems,diffusion/entropy,size,6,dropout-043,7,True,dropout,0,1,0.0,0.9018952062430323
pems,diffusion/entropy,size,6,dropout-044,8,True,dropout,0,0,0.0,0.8517279821627648
pems,diffusion/entropy,size,6,dropout-045,9,True,dropout,0,0,0.0,0.9587513935340022
pems,diffusion/entropy,size,6,dropout-046,10,True,dropout,0,0,0.0,0.9264214046822743
pems,diffusion/entropy,size,6,dropout-047,11,True,dropout,0,0,0.0,0.8439241917502787
pems,diffusion/entropy,size,6,anticorrelated-048,0,True,anticorrelated,0,0,0.0,1.0
pems,diffusion/entropy,size,6,anticorrelated-049,1,True,anticorrelated,1,1,0.0,0.9977703455964325
pems,diffusion/entropy,size,6,anticorrelated-050,2,True,anticorrelated,0,0,0.0,0.9977703455964325
pems,diffusion/entropy,size,6,anticorrelated-051,3,True,anticorrelated,0,0,0.0,0.9810479375696767
pems,diffusion/entropy,size,6,anticorrelated-052,4,True,anticorrelated,0,1,0.0,0.9933110367892977
pems,diffusion/entropy,size,6,anticorrelated-053,5,True,anticorrelated,1,1,0.3333333333333333,1.0
pems,diffusion/entropy,size,6,mixed-054,6,True,mixed,0,0,0.0,0.9253065774804905
pems,diffusion/entropy,size,6,mixed-055,7,True,mixed,0,1,0.0,0.9721293199554069
pems,diffusion/entropy,size,6,mixed-056,8,True,mixed,0,0,0.0,0.9453734671125975
pems,diffusion/entropy,size,6,mixed-057,9,True,mixed,0,0,0.0,0.9855072463768116
pems,diffusion/entropy,size,6,mixed-058,10,True,mixed,0,0,0.0,0.9966555183946488
pems,diffusion/entropy,size,6,mixed-059,11,True,mixed,1,0,0.3333333333333333,1.0
pems,diffusion/entropy,size,6,matched_covariance-060,0,True,matched_covariance,0,0,0.0,1.0
pems,diffusion/entropy,size,6,matched_covariance-061,1,True,matched_covariance,1,1,0.0,0.987736900780379
pems,diffusion/entropy,size,6,matched_covariance-062,2,True,matched_covariance,0,0,0.0,0.9977703455964325
pems,diffusion/entropy,size,6,matched_covariance-063,3,True,matched_covariance,0,0,0.0,0.9810479375696767
pems,diffusion/entropy,size,6,matched_covariance-064,4,True,matched_covariance,0,1,0.0,0.9933110367892977
pems,diffusion/entropy,size,6,matched_covariance-065,5,True,matched_covariance,1,1,0.0,1.0
pems,diffusion/entropy,size,6,marginal_preserving-066,6,True,marginal_preserving,0,0,0.0,0.9253065774804905
pems,diffusion/entropy,size,6,marginal_preserving-067,7,True,marginal_preserving,0,1,0.0,0.9721293199554069
pems,diffusion/entropy,size,6,marginal_preserving-068,8,True,marginal_preserving,0,0,0.0,0.9453734671125975
pems,diffusion/entropy,size,6,marginal_preserving-069,9,True,marginal_preserving,0,0,0.0,0.9855072463768116
pems,diffusion/entropy,size,6,marginal_preserving-070,10,True,marginal_preserving,0,0,0.0,0.9966555183946488
pems,diffusion/entropy,size,6,marginal_preserving-071,11,True,marginal_preserving,0,0,0.0,1.0
pems,diffusion/entropy,size,6,untouched-000,0,False,untouched,0,0,0.0,1.0
pems,diffusion/entropy,size,6,transition-000,0,False,transition,0,0,0.0,1.0
pems,diffusion/entropy,size,6,untouched-001,1,False,untouched,0,2,0.0,0.987736900780379
pems,diffusion/entropy,size,6,transition-001,1,False,transition,0,3,0.0,0.9988851727982163
pems,diffusion/entropy,size,6,untouched-002,2,False,untouched,0,0,0.0,0.9977703455964325
pems,diffusion/entropy,size,6,transition-002,2,False,transition,0,1,0.0,1.0
pems,diffusion/entropy,size,6,untouched-003,3,False,untouched,0,0,0.0,0.9810479375696767
pems,diffusion/entropy,size,6,transition-003,3,False,transition,0,0,0.0,0.992196209587514
pems,diffusion/entropy,size,6,untouched-004,4,False,untouched,0,1,0.0,0.9933110367892977
pems,diffusion/entropy,size,6,transition-004,4,False,transition,0,1,0.0,0.9955406911928651
pems,diffusion/entropy,size,6,untouched-005,5,False,untouched,0,2,0.0,1.0
pems,diffusion/entropy,size,6,transition-005,5,False,transition,0,3,0.0,1.0
pems,diffusion/entropy,size,6,untouched-006,6,False,untouched,0,0,0.0,0.9253065774804905
pems,diffusion/entropy,size,6,transition-006,6,False,transition,0,0,0.0,0.9966555183946488
pems,diffusion/entropy,size,6,untouched-007,7,False,untouched,0,1,0.0,0.9721293199554069
pems,diffusion/entropy,size,6,transition-007,7,False,transition,0,2,0.0,0.9888517279821628
pems,diffusion/entropy,size,6,untouched-008,8,False,untouched,0,0,0.0,0.9453734671125975
pems,diffusion/entropy,size,6,transition-008,8,False,transition,0,0,0.0,0.9698996655518395
pems,diffusion/entropy,size,6,untouched-009,9,False,untouched,0,0,0.0,0.9855072463768116
pems,diffusion/entropy,size,6,transition-009,9,False,transition,0,0,0.0,1.0
pems,diffusion/entropy,size,6,untouched-010,10,False,untouched,0,0,0.0,0.9966555183946488
pems,diffusion/entropy,size,6,transition-010,10,False,transition,0,0,0.0,0.9966555183946488
pems,diffusion/entropy,size,6,untouched-011,11,False,untouched,0,0,0.0,1.0
pems,diffusion/entropy,size,6,transition-011,11,False,transition,0,1,0.0,1.0
pems,diffusion/synchronization,size,6,copy-000,0,True,copy,0,0,0.0,1.0
pems,diffusion/synchronization,size,6,copy-001,1,True,copy,1,1,0.0,0.9977703455964325
pems,diffusion/synchronization,size,6,copy-002,2,True,copy,0,0,0.0,0.9977703455964325
pems,diffusion/synchronization,size,6,copy-003,3,True,copy,0,0,0.0,0.9810479375696767
pems,diffusion/synchronization,size,6,copy-004,4,True,copy,0,0,0.0,0.9933110367892977
pems,diffusion/synchronization,size,6,copy-005,5,True,copy,1,4,0.2631578947368421,1.0
pems,diffusion/synchronization,size,6,common-006,6,True,common,0,0,0.0,0.9253065774804905
pems,diffusion/synchronization,size,6,common-007,7,True,common,1,3,0.3333333333333333,0.9721293199554069
pems,diffusion/synchronization,size,6,common-008,8,True,common,0,1,0.0,0.9453734671125975
pems,diffusion/synchronization,size,6,common-009,9,True,common,0,0,0.0,0.9855072463768116
pems,diffusion/synchronization,size,6,common-010,10,True,common,0,1,0.0,0.9966555183946488
pems,diffusion/synchronization,size,6,common-011,11,True,common,1,1,0.3333333333333333,1.0
pems,diffusion/synchronization,size,6,decouple-012,0,True,decouple,0,0,0.0,1.0
pems,diffusion/synchronization,size,6,decouple-013,1,True,decouple,1,1,0.0,0.9977703455964325
pems,diffusion/synchronization,size,6,decouple-014,2,True,decouple,0,0,0.0,0.9977703455964325
pems,diffusion/synchronization,size,6,decouple-015,3,True,decouple,0,0,0.0,0.9810479375696767
pems,diffusion/synchronization,size,6,decouple-016,4,True,decouple,0,0,0.0,0.9933110367892977
pems,diffusion/synchronization,size,6,decouple-017,5,True,decouple,1,2,0.0,1.0
pems,diffusion/synchronization,size,6,noise-018,6,True,noise,0,0,0.0,0.9253065774804905
pems,diffusion/synchronization,size,6,noise-019,7,True,noise,0,1,0.0,0.9721293199554069
pems,diffusion/synchronization,size,6,noise-020,8,True,noise,0,1,0.0,0.9453734671125975
pems,diffusion/synchronization,size,6,noise-021,9,True,noise,0,0,0.0,0.9855072463768116
pems,diffusion/synchronization,size,6,noise-022,10,True,noise,0,1,0.0,0.9966555183946488
pems,diffusion/synchronization,size,6,noise-023,11,True,noise,1,0,0.0,1.0
pems,diffusion/synchronization,size,6,delay-024,0,True,delay,0,0,0.0,1.0
pems,diffusion/synchronization,size,6,delay-025,1,True,delay,1,1,0.0,0.987736900780379
pems,diffusion/synchronization,size,6,delay-026,2,True,delay,0,0,0.0,0.9977703455964325
pems,diffusion/synchronization,size,6,delay-027,3,True,delay,0,0,0.0,0.9810479375696767
pems,diffusion/synchronization,size,6,delay-028,4,True,delay,0,0,0.0,0.9933110367892977
pems,diffusion/synchronization,size,6,delay-029,5,True,delay,1,2,0.0,1.0
pems,diffusion/synchronization,size,6,drift-030,6,True,drift,0,0,0.0,0.9253065774804905
pems,diffusion/synchronization,size,6,drift-031,7,True,drift,0,2,0.0,0.9721293199554069
pems,diffusion/synchronization,size,6,drift-032,8,True,drift,0,1,0.0,0.9453734671125975
pems,diffusion/synchronization,size,6,drift-033,9,True,drift,0,0,0.0,0.9855072463768116
pems,diffusion/synchronization,size,6,drift-034,10,True,drift,0,1,0.0,0.9966555183946488
pems,diffusion/synchronization,size,6,drift-035,11,True,drift,1,0,0.0,1.0
pems,diffusion/synchronization,size,6,flatline-036,0,True,flatline,0,0,0.0,1.0
pems,diffusion/synchronization,size,6,flatline-037,1,True,flatline,1,4,0.2631578947368421,0.9888517279821628
pems,diffusion/synchronization,size,6,flatline-038,2,True,flatline,0,0,0.0,0.9832775919732442
pems,diffusion/synchronization,size,6,flatline-039,3,True,flatline,0,0,0.0,0.9810479375696767
pems,diffusion/synchronization,size,6,flatline-040,4,True,flatline,0,0,0.0,0.9754738015607581
pems,diffusion/synchronization,size,6,flatline-041,5,True,flatline,1,2,0.0,0.9130434782608695
pems,diffusion/synchronization,size,6,dropout-042,6,True,dropout,0,0,0.0,0.9119286510590858
pems,diffusion/synchronization,size,6,dropout-043,7,True,dropout,0,1,0.0,0.9018952062430323
pems,diffusion/synchronization,size,6,dropout-044,8,True,dropout,0,1,0.0,0.8517279821627648
pems,diffusion/synchronization,size,6,dropout-045,9,True,dropout,0,0,0.0,0.9587513935340022
pems,diffusion/synchronization,size,6,dropout-046,10,True,dropout,0,1,0.0,0.9264214046822743
pems,diffusion/synchronization,size,6,dropout-047,11,True,dropout,1,0,0.0,0.8439241917502787
pems,diffusion/synchronization,size,6,anticorrelated-048,0,True,anticorrelated,0,0,0.0,1.0
pems,diffusion/synchronization,size,6,anticorrelated-049,1,True,anticorrelated,1,1,0.0,0.9977703455964325
pems,diffusion/synchronization,size,6,anticorrelated-050,2,True,anticorrelated,0,0,0.0,0.9977703455964325
pems,diffusion/synchronization,size,6,anticorrelated-051,3,True,anticorrelated,0,0,0.0,0.9810479375696767
pems,diffusion/synchronization,size,6,anticorrelated-052,4,True,anticorrelated,0,0,0.0,0.9933110367892977
pems,diffusion/synchronization,size,6,anticorrelated-053,5,True,anticorrelated,1,3,0.2631578947368421,1.0
pems,diffusion/synchronization,size,6,mixed-054,6,True,mixed,0,0,0.0,0.9253065774804905
pems,diffusion/synchronization,size,6,mixed-055,7,True,mixed,0,1,0.0,0.9721293199554069
pems,diffusion/synchronization,size,6,mixed-056,8,True,mixed,0,1,0.0,0.9453734671125975
pems,diffusion/synchronization,size,6,mixed-057,9,True,mixed,0,0,0.0,0.9855072463768116
pems,diffusion/synchronization,size,6,mixed-058,10,True,mixed,0,1,0.0,0.9966555183946488
pems,diffusion/synchronization,size,6,mixed-059,11,True,mixed,1,1,0.3333333333333333,1.0
pems,diffusion/synchronization,size,6,matched_covariance-060,0,True,matched_covariance,0,0,0.0,1.0
pems,diffusion/synchronization,size,6,matched_covariance-061,1,True,matched_covariance,1,1,0.0,0.987736900780379
pems,diffusion/synchronization,size,6,matched_covariance-062,2,True,matched_covariance,0,0,0.0,0.9977703455964325
pems,diffusion/synchronization,size,6,matched_covariance-063,3,True,matched_covariance,0,0,0.0,0.9810479375696767
pems,diffusion/synchronization,size,6,matched_covariance-064,4,True,matched_covariance,0,0,0.0,0.9933110367892977
pems,diffusion/synchronization,size,6,matched_covariance-065,5,True,matched_covariance,1,2,0.0,1.0
pems,diffusion/synchronization,size,6,marginal_preserving-066,6,True,marginal_preserving,0,0,0.0,0.9253065774804905
pems,diffusion/synchronization,size,6,marginal_preserving-067,7,True,marginal_preserving,0,1,0.0,0.9721293199554069
pems,diffusion/synchronization,size,6,marginal_preserving-068,8,True,marginal_preserving,0,1,0.0,0.9453734671125975
pems,diffusion/synchronization,size,6,marginal_preserving-069,9,True,marginal_preserving,0,0,0.0,0.9855072463768116
pems,diffusion/synchronization,size,6,marginal_preserving-070,10,True,marginal_preserving,0,1,0.0,0.9966555183946488
pems,diffusion/synchronization,size,6,marginal_preserving-071,11,True,marginal_preserving,1,0,0.0,1.0
pems,diffusion/synchronization,size,6,untouched-000,0,False,untouched,0,0,0.0,1.0
pems,diffusion/synchronization,size,6,transition-000,0,False,transition,0,0,0.0,1.0
pems,diffusion/synchronization,size,6,untouched-001,1,False,untouched,0,2,0.0,0.987736900780379
pems,diffusion/synchronization,size,6,transition-001,1,False,transition,0,2,0.0,0.9988851727982163
pems,diffusion/synchronization,size,6,untouched-002,2,False,untouched,0,0,0.0,0.9977703455964325
pems,diffusion/synchronization,size,6,transition-002,2,False,transition,0,1,0.0,1.0
pems,diffusion/synchronization,size,6,untouched-003,3,False,untouched,0,0,0.0,0.9810479375696767
pems,diffusion/synchronization,size,6,transition-003,3,False,transition,0,0,0.0,0.992196209587514
pems,diffusion/synchronization,size,6,untouched-004,4,False,untouched,0,0,0.0,0.9933110367892977
pems,diffusion/synchronization,size,6,transition-004,4,False,transition,0,0,0.0,0.9955406911928651
pems,diffusion/synchronization,size,6,untouched-005,5,False,untouched,0,3,0.0,1.0
pems,diffusion/synchronization,size,6,transition-005,5,False,transition,0,3,0.0,1.0
pems,diffusion/synchronization,size,6,untouched-006,6,False,untouched,0,0,0.0,0.9253065774804905
pems,diffusion/synchronization,size,6,transition-006,6,False,transition,0,0,0.0,0.9966555183946488
pems,diffusion/synchronization,size,6,untouched-007,7,False,untouched,0,1,0.0,0.9721293199554069
pems,diffusion/synchronization,size,6,transition-007,7,False,transition,0,3,0.0,0.9888517279821628
pems,diffusion/synchronization,size,6,untouched-008,8,False,untouched,0,1,0.0,0.9453734671125975
pems,diffusion/synchronization,size,6,transition-008,8,False,transition,0,2,0.0,0.9698996655518395
pems,diffusion/synchronization,size,6,untouched-009,9,False,untouched,0,0,0.0,0.9855072463768116
pems,diffusion/synchronization,size,6,transition-009,9,False,transition,0,0,0.0,1.0
pems,diffusion/synchronization,size,6,untouched-010,10,False,untouched,0,1,0.0,0.9966555183946488
pems,diffusion/synchronization,size,6,transition-010,10,False,transition,0,1,0.0,0.9966555183946488
pems,diffusion/synchronization,size,6,untouched-011,11,False,untouched,0,1,0.0,1.0
pems,diffusion/synchronization,size,6,transition-011,11,False,transition,0,1,0.0,1.0
pems,diffusion/combined,size,6,copy-000,0,True,copy,0,0,0.0,1.0
pems,diffusion/combined,size,6,copy-001,1,True,copy,0,1,0.0,0.9977703455964325
pems,diffusion/combined,size,6,copy-002,2,True,copy,0,0,0.0,0.9977703455964325
pems,diffusion/combined,size,6,copy-003,3,True,copy,0,0,0.0,0.9810479375696767
pems,diffusion/combined,size,6,copy-004,4,True,copy,0,1,0.0,0.9933110367892977
pems,diffusion/combined,size,6,copy-005,5,True,copy,1,2,0.2631578947368421,1.0
pems,diffusion/combined,size,6,common-006,6,True,common,0,0,0.0,0.9253065774804905
pems,diffusion/combined,size,6,common-007,7,True,common,0,3,0.0,0.9721293199554069
pems,diffusion/combined,size,6,common-008,8,True,common,0,0,0.0,0.9453734671125975
pems,diffusion/combined,size,6,common-009,9,True,common,0,0,0.0,0.9855072463768116
pems,diffusion/combined,size,6,common-010,10,True,common,0,0,0.0,0.9966555183946488
pems,diffusion/combined,size,6,common-011,11,True,common,0,0,0.0,1.0
pems,diffusion/combined,size,6,decouple-012,0,True,decouple,0,0,0.0,1.0
pems,diffusion/combined,size,6,decouple-013,1,True,decouple,1,1,0.0,0.9977703455964325
pems,diffusion/combined,size,6,decouple-014,2,True,decouple,0,0,0.0,0.9977703455964325
pems,diffusion/combined,size,6,decouple-015,3,True,decouple,0,0,0.0,0.9810479375696767
pems,diffusion/combined,size,6,decouple-016,4,True,decouple,0,1,0.0,0.9933110367892977
pems,diffusion/combined,size,6,decouple-017,5,True,decouple,1,1,0.0,1.0
pems,diffusion/combined,size,6,noise-018,6,True,noise,0,0,0.0,0.9253065774804905
pems,diffusion/combined,size,6,noise-019,7,True,noise,0,1,0.0,0.9721293199554069
pems,diffusion/combined,size,6,noise-020,8,True,noise,0,0,0.0,0.9453734671125975
pems,diffusion/combined,size,6,noise-021,9,True,noise,0,0,0.0,0.9855072463768116
pems,diffusion/combined,size,6,noise-022,10,True,noise,0,0,0.0,0.9966555183946488
pems,diffusion/combined,size,6,noise-023,11,True,noise,0,0,0.0,1.0
pems,diffusion/combined,size,6,delay-024,0,True,delay,0,0,0.0,1.0
pems,diffusion/combined,size,6,delay-025,1,True,delay,1,1,0.0,0.987736900780379
pems,diffusion/combined,size,6,delay-026,2,True,delay,0,0,0.0,0.9977703455964325
pems,diffusion/combined,size,6,delay-027,3,True,delay,0,0,0.0,0.9810479375696767
pems,diffusion/combined,size,6,delay-028,4,True,delay,0,1,0.0,0.9933110367892977
pems,diffusion/combined,size,6,delay-029,5,True,delay,1,1,0.0,1.0
pems,diffusion/combined,size,6,drift-030,6,True,drift,0,0,0.0,0.9253065774804905
pems,diffusion/combined,size,6,drift-031,7,True,drift,0,1,0.0,0.9721293199554069
pems,diffusion/combined,size,6,drift-032,8,True,drift,0,0,0.0,0.9453734671125975
pems,diffusion/combined,size,6,drift-033,9,True,drift,0,0,0.0,0.9855072463768116
pems,diffusion/combined,size,6,drift-034,10,True,drift,0,0,0.0,0.9966555183946488
pems,diffusion/combined,size,6,drift-035,11,True,drift,0,0,0.0,1.0
pems,diffusion/combined,size,6,flatline-036,0,True,flatline,0,0,0.0,1.0
pems,diffusion/combined,size,6,flatline-037,1,True,flatline,1,1,0.2631578947368421,0.9888517279821628
pems,diffusion/combined,size,6,flatline-038,2,True,flatline,0,0,0.0,0.9832775919732442
pems,diffusion/combined,size,6,flatline-039,3,True,flatline,0,0,0.0,0.9810479375696767
pems,diffusion/combined,size,6,flatline-040,4,True,flatline,0,0,0.0,0.9754738015607581
pems,diffusion/combined,size,6,flatline-041,5,True,flatline,1,1,0.0,0.9130434782608695
pems,diffusion/combined,size,6,dropout-042,6,True,dropout,0,0,0.0,0.9119286510590858
pems,diffusion/combined,size,6,dropout-043,7,True,dropout,0,1,0.0,0.9018952062430323
pems,diffusion/combined,size,6,dropout-044,8,True,dropout,0,0,0.0,0.8517279821627648
pems,diffusion/combined,size,6,dropout-045,9,True,dropout,0,0,0.0,0.9587513935340022
pems,diffusion/combined,size,6,dropout-046,10,True,dropout,0,0,0.0,0.9264214046822743
pems,diffusion/combined,size,6,dropout-047,11,True,dropout,0,0,0.0,0.8439241917502787
pems,diffusion/combined,size,6,anticorrelated-048,0,True,anticorrelated,0,0,0.0,1.0
pems,diffusion/combined,size,6,anticorrelated-049,1,True,anticorrelated,1,1,0.0,0.9977703455964325
pems,diffusion/combined,size,6,anticorrelated-050,2,True,anticorrelated,0,0,0.0,0.9977703455964325
pems,diffusion/combined,size,6,anticorrelated-051,3,True,anticorrelated,0,0,0.0,0.9810479375696767
pems,diffusion/combined,size,6,anticorrelated-052,4,True,anticorrelated,0,1,0.0,0.9933110367892977
pems,diffusion/combined,size,6,anticorrelated-053,5,True,anticorrelated,1,1,0.3333333333333333,1.0
pems,diffusion/combined,size,6,mixed-054,6,True,mixed,0,0,0.0,0.9253065774804905
pems,diffusion/combined,size,6,mixed-055,7,True,mixed,0,1,0.0,0.9721293199554069
pems,diffusion/combined,size,6,mixed-056,8,True,mixed,0,0,0.0,0.9453734671125975
pems,diffusion/combined,size,6,mixed-057,9,True,mixed,0,0,0.0,0.9855072463768116
pems,diffusion/combined,size,6,mixed-058,10,True,mixed,0,0,0.0,0.9966555183946488
pems,diffusion/combined,size,6,mixed-059,11,True,mixed,1,0,0.3333333333333333,1.0
pems,diffusion/combined,size,6,matched_covariance-060,0,True,matched_covariance,0,0,0.0,1.0
pems,diffusion/combined,size,6,matched_covariance-061,1,True,matched_covariance,1,1,0.0,0.987736900780379
pems,diffusion/combined,size,6,matched_covariance-062,2,True,matched_covariance,0,0,0.0,0.9977703455964325
pems,diffusion/combined,size,6,matched_covariance-063,3,True,matched_covariance,0,0,0.0,0.9810479375696767
pems,diffusion/combined,size,6,matched_covariance-064,4,True,matched_covariance,0,1,0.0,0.9933110367892977
pems,diffusion/combined,size,6,matched_covariance-065,5,True,matched_covariance,1,1,0.0,1.0
pems,diffusion/combined,size,6,marginal_preserving-066,6,True,marginal_preserving,0,0,0.0,0.9253065774804905
pems,diffusion/combined,size,6,marginal_preserving-067,7,True,marginal_preserving,0,1,0.0,0.9721293199554069
pems,diffusion/combined,size,6,marginal_preserving-068,8,True,marginal_preserving,0,0,0.0,0.9453734671125975
pems,diffusion/combined,size,6,marginal_preserving-069,9,True,marginal_preserving,0,0,0.0,0.9855072463768116
pems,diffusion/combined,size,6,marginal_preserving-070,10,True,marginal_preserving,0,0,0.0,0.9966555183946488
pems,diffusion/combined,size,6,marginal_preserving-071,11,True,marginal_preserving,0,0,0.0,1.0
pems,diffusion/combined,size,6,untouched-000,0,False,untouched,0,0,0.0,1.0
pems,diffusion/combined,size,6,transition-000,0,False,transition,0,0,0.0,1.0
pems,diffusion/combined,size,6,untouched-001,1,False,untouched,0,2,0.0,0.987736900780379
pems,diffusion/combined,size,6,transition-001,1,False,transition,0,3,0.0,0.9988851727982163
pems,diffusion/combined,size,6,untouched-002,2,False,untouched,0,0,0.0,0.9977703455964325
pems,diffusion/combined,size,6,transition-002,2,False,transition,0,1,0.0,1.0
pems,diffusion/combined,size,6,untouched-003,3,False,untouched,0,0,0.0,0.9810479375696767
pems,diffusion/combined,size,6,transition-003,3,False,transition,0,0,0.0,0.992196209587514
pems,diffusion/combined,size,6,untouched-004,4,False,untouched,0,1,0.0,0.9933110367892977
pems,diffusion/combined,size,6,transition-004,4,False,transition,0,1,0.0,0.9955406911928651
pems,diffusion/combined,size,6,untouched-005,5,False,untouched,0,2,0.0,1.0
pems,diffusion/combined,size,6,transition-005,5,False,transition,0,3,0.0,1.0
pems,diffusion/combined,size,6,untouched-006,6,False,untouched,0,0,0.0,0.9253065774804905
pems,diffusion/combined,size,6,transition-006,6,False,transition,0,0,0.0,0.9966555183946488
pems,diffusion/combined,size,6,untouched-007,7,False,untouched,0,1,0.0,0.9721293199554069
pems,diffusion/combined,size,6,transition-007,7,False,transition,0,2,0.0,0.9888517279821628
pems,diffusion/combined,size,6,untouched-008,8,False,untouched,0,0,0.0,0.9453734671125975
pems,diffusion/combined,size,6,transition-008,8,False,transition,0,0,0.0,0.9698996655518395
pems,diffusion/combined,size,6,untouched-009,9,False,untouched,0,0,0.0,0.9855072463768116
pems,diffusion/combined,size,6,transition-009,9,False,transition,0,0,0.0,1.0
pems,diffusion/combined,size,6,untouched-010,10,False,untouched,0,0,0.0,0.9966555183946488
pems,diffusion/combined,size,6,transition-010,10,False,transition,0,0,0.0,0.9966555183946488
pems,diffusion/combined,size,6,untouched-011,11,False,untouched,0,0,0.0,1.0
pems,diffusion/combined,size,6,transition-011,11,False,transition,0,1,0.0,1.0
pems,diffusion/entropy,size,12,copy-000,0,True,copy,0,0,0.0,1.0
pems,diffusion/entropy,size,12,copy-001,1,True,copy,1,1,0.0,0.9966555183946488
pems,diffusion/entropy,size,12,copy-002,2,True,copy,0,0,0.0,0.9888517279821628
pems,diffusion/entropy,size,12,copy-003,3,True,copy,0,0,0.0,0.9810479375696767
pems,diffusion/entropy,size,12,copy-004,4,True,copy,0,0,0.0,0.9933110367892977
pems,diffusion/entropy,size,12,copy-005,5,True,copy,1,2,0.0,1.0
pems,diffusion/entropy,size,12,common-006,6,True,common,0,0,0.0,0.9041248606465998
pems,diffusion/entropy,size,12,common-007,7,True,common,0,1,0.0,0.9163879598662207
pems,diffusion/entropy,size,12,common-008,8,True,common,0,0,0.0,0.9453734671125975
pems,diffusion/entropy,size,12,common-009,9,True,common,0,0,0.0,0.9732441471571907
pems,diffusion/entropy,size,12,common-010,10,True,common,0,1,0.0,0.9966555183946488
pems,diffusion/entropy,size,12,common-011,11,True,common,0,0,0.0,0.9988851727982163
pems,diffusion/entropy,size,12,decouple-012,0,True,decouple,0,0,0.0,1.0
pems,diffusion/entropy,size,12,decouple-013,1,True,decouple,1,1,0.0,0.9966555183946488
pems,diffusion/entropy,size,12,decouple-014,2,True,decouple,0,0,0.0,0.9888517279821628
pems,diffusion/entropy,size,12,decouple-015,3,True,decouple,0,0,0.0,0.9810479375696767
pems,diffusion/entropy,size,12,decouple-016,4,True,decouple,0,0,0.0,0.9933110367892977
pems,diffusion/entropy,size,12,decouple-017,5,True,decouple,1,2,0.0,1.0
pems,diffusion/entropy,size,12,noise-018,6,True,noise,0,0,0.0,0.9041248606465998
pems,diffusion/entropy,size,12,noise-019,7,True,noise,0,1,0.0,0.9163879598662207
pems,diffusion/entropy,size,12,noise-020,8,True,noise,0,0,0.0,0.9453734671125975
pems,diffusion/entropy,size,12,noise-021,9,True,noise,0,0,0.0,0.9732441471571907
pems,diffusion/entropy,size,12,noise-022,10,True,noise,0,1,0.0,0.9966555183946488
pems,diffusion/entropy,size,12,noise-023,11,True,noise,0,0,0.0,0.9988851727982163
pems,diffusion/entropy,size,12,delay-024,0,True,delay,0,0,0.0,1.0
pems,diffusion/entropy,size,12,delay-025,1,True,delay,1,1,0.043478260869565216,0.9765886287625418
pems,diffusion/entropy,size,12,delay-026,2,True,delay,0,0,0.0,0.9888517279821628
pems,diffusion/entropy,size,12,delay-027,3,True,delay,0,0,0.0,0.9810479375696767
pems,diffusion/entropy,size,12,delay-028,4,True,delay,0,0,0.0,0.9933110367892977
pems,diffusion/entropy,size,12,delay-029,5,True,delay,1,1,0.0,1.0
pems,diffusion/entropy,size,12,drift-030,6,True,drift,0,0,0.0,0.9041248606465998
pems,diffusion/entropy,size,12,drift-031,7,True,drift,0,1,0.0,0.9163879598662207
pems,diffusion/entropy,size,12,drift-032,8,True,drift,0,0,0.0,0.9453734671125975
pems,diffusion/entropy,size,12,drift-033,9,True,drift,0,0,0.0,0.9732441471571907
pems,diffusion/entropy,size,12,drift-034,10,True,drift,0,1,0.0,0.9966555183946488
pems,diffusion/entropy,size,12,drift-035,11,True,drift,0,0,0.0,0.9988851727982163
pems,diffusion/entropy,size,12,flatline-036,0,True,flatline,0,0,0.0,1.0
pems,diffusion/entropy,size,12,flatline-037,1,True,flatline,1,2,0.043478260869565216,0.9743589743589743
pems,diffusion/entropy,size,12,flatline-038,2,True,flatline,0,0,0.0,0.9743589743589743
pems,diffusion/entropy,size,12,flatline-039,3,True,flatline,0,0,0.0,0.9810479375696767
pems,diffusion/entropy,size,12,flatline-040,4,True,flatline,0,0,0.0,0.9754738015607581
pems,diffusion/entropy,size,12,flatline-041,5,True,flatline,1,1,0.0,0.8695652173913043
pems,diffusion/entropy,size,12,dropout-042,6,True,dropout,0,0,0.0,0.8840579710144928
pems,diffusion/entropy,size,12,dropout-043,7,True,dropout,0,1,0.0,0.7915273132664437
pems,diffusion/entropy,size,12,dropout-044,8,True,dropout,0,0,0.0,0.8517279821627648
pems,diffusion/entropy,size,12,dropout-045,9,True,dropout,0,0,0.0,0.9253065774804905
pems,diffusion/entropy,size,12,dropout-046,10,True,dropout,0,0,0.0,0.9264214046822743
pems,diffusion/entropy,size,12,dropout-047,11,True,dropout,0,0,0.0,0.8115942028985508
pems,diffusion/entropy,size,12,anticorrelated-048,0,True,anticorrelated,0,0,0.0,1.0
pems,diffusion/entropy,size,12,anticorrelated-049,1,True,anticorrelated,1,1,0.0,0.9966555183946488
pems,diffusion/entropy,size,12,anticorrelated-050,2,True,anticorrelated,0,0,0.0,0.9888517279821628
pems,diffusion/entropy,size,12,anticorrelated-051,3,True,anticorrelated,0,0,0.0,0.9810479375696767
pems,diffusion/entropy,size,12,anticorrelated-052,4,True,anticorrelated,0,0,0.0,0.9933110367892977
pems,diffusion/entropy,size,12,anticorrelated-053,5,True,anticorrelated,1,3,0.0,1.0
pems,diffusion/entropy,size,12,mixed-054,6,True,mixed,0,0,0.0,0.9041248606465998
pems,diffusion/entropy,size,12,mixed-055,7,True,mixed,0,1,0.0,0.9163879598662207
pems,diffusion/entropy,size,12,mixed-056,8,True,mixed,0,0,0.0,0.9453734671125975
pems,diffusion/entropy,size,12,mixed-057,9,True,mixed,0,0,0.0,0.9732441471571907
pems,diffusion/entropy,size,12,mixed-058,10,True,mixed,0,1,0.0,0.9966555183946488
pems,diffusion/entropy,size,12,mixed-059,11,True,mixed,0,0,0.0,0.9988851727982163
pems,diffusion/entropy,size,12,matched_covariance-060,0,True,matched_covariance,0,0,0.0,1.0
pems,diffusion/entropy,size,12,matched_covariance-061,1,True,matched_covariance,1,1,0.043478260869565216,0.9765886287625418
pems,diffusion/entropy,size,12,matched_covariance-062,2,True,matched_covariance,0,0,0.0,0.9888517279821628
pems,diffusion/entropy,size,12,matched_covariance-063,3,True,matched_covariance,0,0,0.0,0.9810479375696767
pems,diffusion/entropy,size,12,matched_covariance-064,4,True,matched_covariance,0,0,0.0,0.9933110367892977
pems,diffusion/entropy,size,12,matched_covariance-065,5,True,matched_covariance,1,1,0.0,1.0
pems,diffusion/entropy,size,12,marginal_preserving-066,6,True,marginal_preserving,0,0,0.0,0.9041248606465998
pems,diffusion/entropy,size,12,marginal_preserving-067,7,True,marginal_preserving,0,1,0.0,0.9163879598662207
pems,diffusion/entropy,size,12,marginal_preserving-068,8,True,marginal_preserving,0,0,0.0,0.9453734671125975
pems,diffusion/entropy,size,12,marginal_preserving-069,9,True,marginal_preserving,0,0,0.0,0.9732441471571907
pems,diffusion/entropy,size,12,marginal_preserving-070,10,True,marginal_preserving,0,1,0.0,0.9966555183946488
pems,diffusion/entropy,size,12,marginal_preserving-071,11,True,marginal_preserving,0,0,0.0,0.9988851727982163
pems,diffusion/entropy,size,12,untouched-000,0,False,untouched,0,0,0.0,1.0
pems,diffusion/entropy,size,12,transition-000,0,False,transition,0,0,0.0,1.0
pems,diffusion/entropy,size,12,untouched-001,1,False,untouched,0,2,0.0,0.9765886287625418
pems,diffusion/entropy,size,12,transition-001,1,False,transition,0,2,0.0,0.9988851727982163
pems,diffusion/entropy,size,12,untouched-002,2,False,untouched,0,0,0.0,0.9888517279821628
pems,diffusion/entropy,size,12,transition-002,2,False,transition,0,1,0.0,0.9988851727982163
pems,diffusion/entropy,size,12,untouched-003,3,False,untouched,0,0,0.0,0.9810479375696767
pems,diffusion/entropy,size,12,transition-003,3,False,transition,0,0,0.0,0.992196209587514
pems,diffusion/entropy,size,12,untouched-004,4,False,untouched,0,0,0.0,0.9933110367892977
pems,diffusion/entropy,size,12,transition-004,4,False,transition,0,1,0.0,0.9955406911928651
pems,diffusion/entropy,size,12,untouched-005,5,False,untouched,0,2,0.0,1.0
pems,diffusion/entropy,size,12,transition-005,5,False,transition,0,2,0.0,1.0
pems,diffusion/entropy,size,12,untouched-006,6,False,untouched,0,0,0.0,0.9041248606465998
pems,diffusion/entropy,size,12,transition-006,6,False,transition,0,0,0.0,0.9966555183946488
pems,diffusion/entropy,size,12,untouched-007,7,False,untouched,0,1,0.0,0.9163879598662207
pems,diffusion/entropy,size,12,transition-007,7,False,transition,0,3,0.0,0.9743589743589743
pems,diffusion/entropy,size,12,untouched-008,8,False,untouched,0,0,0.0,0.9453734671125975
pems,diffusion/entropy,size,12,transition-008,8,False,transition,0,1,0.0,0.9698996655518395
pems,diffusion/entropy,size,12,untouched-009,9,False,untouched,0,0,0.0,0.9732441471571907
pems,diffusion/entropy,size,12,transition-009,9,False,transition,0,0,0.0,1.0
pems,diffusion/entropy,size,12,untouched-010,10,False,untouched,0,1,0.0,0.9966555183946488
pems,diffusion/entropy,size,12,transition-010,10,False,transition,0,1,0.0,0.9966555183946488
pems,diffusion/entropy,size,12,untouched-011,11,False,untouched,0,0,0.0,0.9988851727982163
pems,diffusion/entropy,size,12,transition-011,11,False,transition,0,1,0.0,0.9988851727982163
pems,diffusion/synchronization,size,12,copy-000,0,True,copy,0,0,0.0,1.0
pems,diffusion/synchronization,size,12,copy-001,1,True,copy,0,1,0.0,0.9966555183946488
pems,diffusion/synchronization,size,12,copy-002,2,True,copy,0,0,0.0,0.9888517279821628
pems,diffusion/synchronization,size,12,copy-003,3,True,copy,0,0,0.0,0.9810479375696767
pems,diffusion/synchronization,size,12,copy-004,4,True,copy,0,0,0.0,0.9933110367892977
pems,diffusion/synchronization,size,12,copy-005,5,True,copy,1,1,0.0,1.0
pems,diffusion/synchronization,size,12,common-006,6,True,common,0,0,0.0,0.9041248606465998
pems,diffusion/synchronization,size,12,common-007,7,True,common,0,1,0.0,0.9163879598662207
pems,diffusion/synchronization,size,12,common-008,8,True,common,0,0,0.0,0.9453734671125975
pems,diffusion/synchronization,size,12,common-009,9,True,common,0,0,0.0,0.9732441471571907
pems,diffusion/synchronization,size,12,common-010,10,True,common,0,1,0.0,0.9966555183946488
pems,diffusion/synchronization,size,12,common-011,11,True,common,1,0,0.0,0.9988851727982163
pems,diffusion/synchronization,size,12,decouple-012,0,True,decouple,0,0,0.0,1.0
pems,diffusion/synchronization,size,12,decouple-013,1,True,decouple,1,1,0.0,0.9966555183946488
pems,diffusion/synchronization,size,12,decouple-014,2,True,decouple,0,0,0.0,0.9888517279821628
pems,diffusion/synchronization,size,12,decouple-015,3,True,decouple,0,0,0.0,0.9810479375696767
pems,diffusion/synchronization,size,12,decouple-016,4,True,decouple,0,0,0.0,0.9933110367892977
pems,diffusion/synchronization,size,12,decouple-017,5,True,decouple,1,1,0.0,1.0
pems,diffusion/synchronization,size,12,noise-018,6,True,noise,0,0,0.0,0.9041248606465998
pems,diffusion/synchronization,size,12,noise-019,7,True,noise,0,1,0.0,0.9163879598662207
pems,diffusion/synchronization,size,12,noise-020,8,True,noise,0,0,0.0,0.9453734671125975
pems,diffusion/synchronization,size,12,noise-021,9,True,noise,0,0,0.0,0.9732441471571907
pems,diffusion/synchronization,size,12,noise-022,10,True,noise,0,1,0.0,0.9966555183946488
pems,diffusion/synchronization,size,12,noise-023,11,True,noise,1,0,0.0,0.9988851727982163
pems,diffusion/synchronization,size,12,delay-024,0,True,delay,0,0,0.0,1.0
pems,diffusion/synchronization,size,12,delay-025,1,True,delay,0,1,0.0,0.9765886287625418
pems,diffusion/synchronization,size,12,delay-026,2,True,delay,0,0,0.0,0.9888517279821628
pems,diffusion/synchronization,size,12,delay-027,3,True,delay,0,0,0.0,0.9810479375696767
pems,diffusion/synchronization,size,12,delay-028,4,True,delay,0,0,0.0,0.9933110367892977
pems,diffusion/synchronization,size,12,delay-029,5,True,delay,1,1,0.0,1.0
pems,diffusion/synchronization,size,12,drift-030,6,True,drift,0,0,0.0,0.9041248606465998
pems,diffusion/synchronization,size,12,drift-031,7,True,drift,1,1,0.3333333333333333,0.9163879598662207
pems,diffusion/synchronization,size,12,drift-032,8,True,drift,0,0,0.0,0.9453734671125975
pems,diffusion/synchronization,size,12,drift-033,9,True,drift,0,0,0.0,0.9732441471571907
pems,diffusion/synchronization,size,12,drift-034,10,True,drift,0,1,0.0,0.9966555183946488
pems,diffusion/synchronization,size,12,drift-035,11,True,drift,1,0,0.0,0.9988851727982163
pems,diffusion/synchronization,size,12,flatline-036,0,True,flatline,0,0,0.0,1.0
pems,diffusion/synchronization,size,12,flatline-037,1,True,flatline,0,2,0.0,0.9743589743589743
pems,diffusion/synchronization,size,12,flatline-038,2,True,flatline,0,0,0.0,0.9743589743589743
pems,diffusion/synchronization,size,12,flatline-039,3,True,flatline,0,0,0.0,0.9810479375696767
pems,diffusion/synchronization,size,12,flatline-040,4,True,flatline,0,0,0.0,0.9754738015607581
pems,diffusion/synchronization,size,12,flatline-041,5,True,flatline,1,2,0.0,0.8695652173913043
pems,diffusion/synchronization,size,12,dropout-042,6,True,dropout,0,0,0.0,0.8840579710144928
pems,diffusion/synchronization,size,12,dropout-043,7,True,dropout,0,1,0.0,0.7915273132664437
pems,diffusion/synchronization,size,12,dropout-044,8,True,dropout,0,0,0.0,0.8517279821627648
pems,diffusion/synchronization,size,12,dropout-045,9,True,dropout,0,0,0.0,0.9253065774804905
pems,diffusion/synchronization,size,12,dropout-046,10,True,dropout,0,1,0.0,0.9264214046822743
pems,diffusion/synchronization,size,12,dropout-047,11,True,dropout,1,0,0.0,0.8115942028985508
pems,diffusion/synchronization,size,12,anticorrelated-048,0,True,anticorrelated,0,0,0.0,1.0
pems,diffusion/synchronization,size,12,anticorrelated-049,1,True,anticorrelated,0,1,0.0,0.9966555183946488
pems,diffusion/synchronization,size,12,anticorrelated-050,2,True,anticorrelated,0,0,0.0,0.9888517279821628
pems,diffusion/synchronization,size,12,anticorrelated-051,3,True,anticorrelated,0,0,0.0,0.9810479375696767
pems,diffusion/synchronization,size,12,anticorrelated-052,4,True,anticorrelated,0,0,0.0,0.9933110367892977
pems,diffusion/synchronization,size,12,anticorrelated-053,5,True,anticorrelated,1,1,0.0,1.0
pems,diffusion/synchronization,size,12,mixed-054,6,True,mixed,0,0,0.0,0.9041248606465998
pems,diffusion/synchronization,size,12,mixed-055,7,True,mixed,0,1,0.0,0.9163879598662207
pems,diffusion/synchronization,size,12,mixed-056,8,True,mixed,0,0,0.0,0.9453734671125975
pems,diffusion/synchronization,size,12,mixed-057,9,True,mixed,0,0,0.0,0.9732441471571907
pems,diffusion/synchronization,size,12,mixed-058,10,True,mixed,0,1,0.0,0.9966555183946488
pems,diffusion/synchronization,size,12,mixed-059,11,True,mixed,1,0,0.0,0.9988851727982163
pems,diffusion/synchronization,size,12,matched_covariance-060,0,True,matched_covariance,0,0,0.0,1.0
pems,diffusion/synchronization,size,12,matched_covariance-061,1,True,matched_covariance,0,1,0.0,0.9765886287625418
pems,diffusion/synchronization,size,12,matched_covariance-062,2,True,matched_covariance,0,0,0.0,0.9888517279821628
pems,diffusion/synchronization,size,12,matched_covariance-063,3,True,matched_covariance,0,0,0.0,0.9810479375696767
pems,diffusion/synchronization,size,12,matched_covariance-064,4,True,matched_covariance,0,0,0.0,0.9933110367892977
pems,diffusion/synchronization,size,12,matched_covariance-065,5,True,matched_covariance,1,1,0.0,1.0
pems,diffusion/synchronization,size,12,marginal_preserving-066,6,True,marginal_preserving,0,0,0.0,0.9041248606465998
pems,diffusion/synchronization,size,12,marginal_preserving-067,7,True,marginal_preserving,0,1,0.0,0.9163879598662207
pems,diffusion/synchronization,size,12,marginal_preserving-068,8,True,marginal_preserving,0,0,0.0,0.9453734671125975
pems,diffusion/synchronization,size,12,marginal_preserving-069,9,True,marginal_preserving,0,0,0.0,0.9732441471571907
pems,diffusion/synchronization,size,12,marginal_preserving-070,10,True,marginal_preserving,0,1,0.0,0.9966555183946488
pems,diffusion/synchronization,size,12,marginal_preserving-071,11,True,marginal_preserving,1,0,0.0,0.9988851727982163
pems,diffusion/synchronization,size,12,untouched-000,0,False,untouched,0,0,0.0,1.0
pems,diffusion/synchronization,size,12,transition-000,0,False,transition,0,0,0.0,1.0
pems,diffusion/synchronization,size,12,untouched-001,1,False,untouched,0,1,0.0,0.9765886287625418
pems,diffusion/synchronization,size,12,transition-001,1,False,transition,0,2,0.0,0.9988851727982163
pems,diffusion/synchronization,size,12,untouched-002,2,False,untouched,0,0,0.0,0.9888517279821628
pems,diffusion/synchronization,size,12,transition-002,2,False,transition,0,1,0.0,0.9988851727982163
pems,diffusion/synchronization,size,12,untouched-003,3,False,untouched,0,0,0.0,0.9810479375696767
pems,diffusion/synchronization,size,12,transition-003,3,False,transition,0,0,0.0,0.992196209587514
pems,diffusion/synchronization,size,12,untouched-004,4,False,untouched,0,0,0.0,0.9933110367892977
pems,diffusion/synchronization,size,12,transition-004,4,False,transition,0,0,0.0,0.9955406911928651
pems,diffusion/synchronization,size,12,untouched-005,5,False,untouched,0,2,0.0,1.0
pems,diffusion/synchronization,size,12,transition-005,5,False,transition,0,2,0.0,1.0
pems,diffusion/synchronization,size,12,untouched-006,6,False,untouched,0,0,0.0,0.9041248606465998
pems,diffusion/synchronization,size,12,transition-006,6,False,transition,0,1,0.0,0.9966555183946488
pems,diffusion/synchronization,size,12,untouched-007,7,False,untouched,0,1,0.0,0.9163879598662207
pems,diffusion/synchronization,size,12,transition-007,7,False,transition,0,3,0.0,0.9743589743589743
pems,diffusion/synchronization,size,12,untouched-008,8,False,untouched,0,0,0.0,0.9453734671125975
pems,diffusion/synchronization,size,12,transition-008,8,False,transition,0,1,0.0,0.9698996655518395
pems,diffusion/synchronization,size,12,untouched-009,9,False,untouched,0,0,0.0,0.9732441471571907
pems,diffusion/synchronization,size,12,transition-009,9,False,transition,0,0,0.0,1.0
pems,diffusion/synchronization,size,12,untouched-010,10,False,untouched,0,1,0.0,0.9966555183946488
pems,diffusion/synchronization,size,12,transition-010,10,False,transition,0,0,0.0,0.9966555183946488
pems,diffusion/synchronization,size,12,untouched-011,11,False,untouched,0,1,0.0,0.9988851727982163
pems,diffusion/synchronization,size,12,transition-011,11,False,transition,0,1,0.0,0.9988851727982163
pems,diffusion/combined,size,12,copy-000,0,True,copy,0,0,0.0,1.0
pems,diffusion/combined,size,12,copy-001,1,True,copy,1,1,0.0,0.9966555183946488
pems,diffusion/combined,size,12,copy-002,2,True,copy,0,0,0.0,0.9888517279821628
pems,diffusion/combined,size,12,copy-003,3,True,copy,0,0,0.0,0.9810479375696767
pems,diffusion/combined,size,12,copy-004,4,True,copy,0,0,0.0,0.9933110367892977
pems,diffusion/combined,size,12,copy-005,5,True,copy,1,1,0.0,1.0
pems,diffusion/combined,size,12,common-006,6,True,common,0,0,0.0,0.9041248606465998
pems,diffusion/combined,size,12,common-007,7,True,common,0,1,0.0,0.9163879598662207
pems,diffusion/combined,size,12,common-008,8,True,common,0,0,0.0,0.9453734671125975
pems,diffusion/combined,size,12,common-009,9,True,common,0,0,0.0,0.9732441471571907
pems,diffusion/combined,size,12,common-010,10,True,common,0,1,0.0,0.9966555183946488
pems,diffusion/combined,size,12,common-011,11,True,common,0,0,0.0,0.9988851727982163
pems,diffusion/combined,size,12,decouple-012,0,True,decouple,0,0,0.0,1.0
pems,diffusion/combined,size,12,decouple-013,1,True,decouple,1,1,0.0,0.9966555183946488
pems,diffusion/combined,size,12,decouple-014,2,True,decouple,0,0,0.0,0.9888517279821628
pems,diffusion/combined,size,12,decouple-015,3,True,decouple,0,0,0.0,0.9810479375696767
pems,diffusion/combined,size,12,decouple-016,4,True,decouple,0,0,0.0,0.9933110367892977
pems,diffusion/combined,size,12,decouple-017,5,True,decouple,1,1,0.0,1.0
pems,diffusion/combined,size,12,noise-018,6,True,noise,0,0,0.0,0.9041248606465998
pems,diffusion/combined,size,12,noise-019,7,True,noise,0,1,0.0,0.9163879598662207
pems,diffusion/combined,size,12,noise-020,8,True,noise,0,0,0.0,0.9453734671125975
pems,diffusion/combined,size,12,noise-021,9,True,noise,0,0,0.0,0.9732441471571907
pems,diffusion/combined,size,12,noise-022,10,True,noise,0,1,0.0,0.9966555183946488
pems,diffusion/combined,size,12,noise-023,11,True,noise,0,0,0.0,0.9988851727982163
pems,diffusion/combined,size,12,delay-024,0,True,delay,0,0,0.0,1.0
pems,diffusion/combined,size,12,delay-025,1,True,delay,1,1,0.043478260869565216,0.9765886287625418
pems,diffusion/combined,size,12,delay-026,2,True,delay,0,0,0.0,0.9888517279821628
pems,diffusion/combined,size,12,delay-027,3,True,delay,0,0,0.0,0.9810479375696767
pems,diffusion/combined,size,12,delay-028,4,True,delay,0,0,0.0,0.9933110367892977
pems,diffusion/combined,size,12,delay-029,5,True,delay,1,1,0.0,1.0
pems,diffusion/combined,size,12,drift-030,6,True,drift,0,0,0.0,0.9041248606465998
pems,diffusion/combined,size,12,drift-031,7,True,drift,0,1,0.0,0.9163879598662207
pems,diffusion/combined,size,12,drift-032,8,True,drift,0,0,0.0,0.9453734671125975
pems,diffusion/combined,size,12,drift-033,9,True,drift,0,0,0.0,0.9732441471571907
pems,diffusion/combined,size,12,drift-034,10,True,drift,0,1,0.0,0.9966555183946488
pems,diffusion/combined,size,12,drift-035,11,True,drift,0,0,0.0,0.9988851727982163
pems,diffusion/combined,size,12,flatline-036,0,True,flatline,0,0,0.0,1.0
pems,diffusion/combined,size,12,flatline-037,1,True,flatline,1,2,0.0,0.9743589743589743
pems,diffusion/combined,size,12,flatline-038,2,True,flatline,0,0,0.0,0.9743589743589743
pems,diffusion/combined,size,12,flatline-039,3,True,flatline,0,0,0.0,0.9810479375696767
pems,diffusion/combined,size,12,flatline-040,4,True,flatline,0,0,0.0,0.9754738015607581
pems,diffusion/combined,size,12,flatline-041,5,True,flatline,1,1,0.0,0.8695652173913043
pems,diffusion/combined,size,12,dropout-042,6,True,dropout,0,0,0.0,0.8840579710144928
pems,diffusion/combined,size,12,dropout-043,7,True,dropout,0,1,0.0,0.7915273132664437
pems,diffusion/combined,size,12,dropout-044,8,True,dropout,0,0,0.0,0.8517279821627648
pems,diffusion/combined,size,12,dropout-045,9,True,dropout,0,0,0.0,0.9253065774804905
pems,diffusion/combined,size,12,dropout-046,10,True,dropout,0,0,0.0,0.9264214046822743
pems,diffusion/combined,size,12,dropout-047,11,True,dropout,0,0,0.0,0.8115942028985508
pems,diffusion/combined,size,12,anticorrelated-048,0,True,anticorrelated,0,0,0.0,1.0
pems,diffusion/combined,size,12,anticorrelated-049,1,True,anticorrelated,1,1,0.0,0.9966555183946488
pems,diffusion/combined,size,12,anticorrelated-050,2,True,anticorrelated,0,0,0.0,0.9888517279821628
pems,diffusion/combined,size,12,anticorrelated-051,3,True,anticorrelated,0,0,0.0,0.9810479375696767
pems,diffusion/combined,size,12,anticorrelated-052,4,True,anticorrelated,0,0,0.0,0.9933110367892977
pems,diffusion/combined,size,12,anticorrelated-053,5,True,anticorrelated,1,2,0.0,1.0
pems,diffusion/combined,size,12,mixed-054,6,True,mixed,0,0,0.0,0.9041248606465998
pems,diffusion/combined,size,12,mixed-055,7,True,mixed,0,1,0.0,0.9163879598662207
pems,diffusion/combined,size,12,mixed-056,8,True,mixed,0,0,0.0,0.9453734671125975
pems,diffusion/combined,size,12,mixed-057,9,True,mixed,0,0,0.0,0.9732441471571907
pems,diffusion/combined,size,12,mixed-058,10,True,mixed,0,1,0.0,0.9966555183946488
pems,diffusion/combined,size,12,mixed-059,11,True,mixed,0,0,0.0,0.9988851727982163
pems,diffusion/combined,size,12,matched_covariance-060,0,True,matched_covariance,0,0,0.0,1.0
pems,diffusion/combined,size,12,matched_covariance-061,1,True,matched_covariance,1,1,0.043478260869565216,0.9765886287625418
pems,diffusion/combined,size,12,matched_covariance-062,2,True,matched_covariance,0,0,0.0,0.9888517279821628
pems,diffusion/combined,size,12,matched_covariance-063,3,True,matched_covariance,0,0,0.0,0.9810479375696767
pems,diffusion/combined,size,12,matched_covariance-064,4,True,matched_covariance,0,0,0.0,0.9933110367892977
pems,diffusion/combined,size,12,matched_covariance-065,5,True,matched_covariance,1,1,0.0,1.0
pems,diffusion/combined,size,12,marginal_preserving-066,6,True,marginal_preserving,0,0,0.0,0.9041248606465998
pems,diffusion/combined,size,12,marginal_preserving-067,7,True,marginal_preserving,0,1,0.0,0.9163879598662207
pems,diffusion/combined,size,12,marginal_preserving-068,8,True,marginal_preserving,0,0,0.0,0.9453734671125975
pems,diffusion/combined,size,12,marginal_preserving-069,9,True,marginal_preserving,0,0,0.0,0.9732441471571907
pems,diffusion/combined,size,12,marginal_preserving-070,10,True,marginal_preserving,0,1,0.0,0.9966555183946488
pems,diffusion/combined,size,12,marginal_preserving-071,11,True,marginal_preserving,0,0,0.0,0.9988851727982163
pems,diffusion/combined,size,12,untouched-000,0,False,untouched,0,0,0.0,1.0
pems,diffusion/combined,size,12,transition-000,0,False,transition,0,0,0.0,1.0
pems,diffusion/combined,size,12,untouched-001,1,False,untouched,0,2,0.0,0.9765886287625418
pems,diffusion/combined,size,12,transition-001,1,False,transition,0,2,0.0,0.9988851727982163
pems,diffusion/combined,size,12,untouched-002,2,False,untouched,0,0,0.0,0.9888517279821628
pems,diffusion/combined,size,12,transition-002,2,False,transition,0,1,0.0,0.9988851727982163
pems,diffusion/combined,size,12,untouched-003,3,False,untouched,0,0,0.0,0.9810479375696767
pems,diffusion/combined,size,12,transition-003,3,False,transition,0,0,0.0,0.992196209587514
pems,diffusion/combined,size,12,untouched-004,4,False,untouched,0,0,0.0,0.9933110367892977
pems,diffusion/combined,size,12,transition-004,4,False,transition,0,1,0.0,0.9955406911928651
pems,diffusion/combined,size,12,untouched-005,5,False,untouched,0,2,0.0,1.0
pems,diffusion/combined,size,12,transition-005,5,False,transition,0,2,0.0,1.0
pems,diffusion/combined,size,12,untouched-006,6,False,untouched,0,0,0.0,0.9041248606465998
pems,diffusion/combined,size,12,transition-006,6,False,transition,0,0,0.0,0.9966555183946488
pems,diffusion/combined,size,12,untouched-007,7,False,untouched,0,1,0.0,0.9163879598662207
pems,diffusion/combined,size,12,transition-007,7,False,transition,0,3,0.0,0.9743589743589743
pems,diffusion/combined,size,12,untouched-008,8,False,untouched,0,0,0.0,0.9453734671125975
pems,diffusion/combined,size,12,transition-008,8,False,transition,0,2,0.0,0.9698996655518395
pems,diffusion/combined,size,12,untouched-009,9,False,untouched,0,0,0.0,0.9732441471571907
pems,diffusion/combined,size,12,transition-009,9,False,transition,0,0,0.0,1.0
pems,diffusion/combined,size,12,untouched-010,10,False,untouched,0,1,0.0,0.9966555183946488
pems,diffusion/combined,size,12,transition-010,10,False,transition,0,1,0.0,0.9966555183946488
pems,diffusion/combined,size,12,untouched-011,11,False,untouched,0,0,0.0,0.9988851727982163
pems,diffusion/combined,size,12,transition-011,11,False,transition,0,1,0.0,0.9988851727982163
pems,diffusion/entropy,size,24,copy-000,0,True,copy,0,0,0.0,0.9523809523809523
pems,diffusion/entropy,size,24,copy-001,1,True,copy,0,1,0.0,0.9120879120879121
pems,diffusion/entropy,size,24,copy-002,2,True,copy,0,0,0.0,0.9835164835164835
pems,diffusion/entropy,size,24,copy-003,3,True,copy,0,0,0.0,0.978021978021978
pems,diffusion/entropy,size,24,copy-004,4,True,copy,1,0,0.0,0.9963369963369964
pems,diffusion/entropy,size,24,copy-005,5,True,copy,1,1,0.2,0.9560439560439561
pems,diffusion/entropy,size,24,common-006,6,True,common,0,0,0.0,0.8827838827838828
pems,diffusion/entropy,size,24,common-007,7,True,common,0,1,0.0,0.8791208791208791
pems,diffusion/entropy,size,24,common-008,8,True,common,0,0,0.0,0.9432234432234432
pems,diffusion/entropy,size,24,common-009,9,True,common,0,0,0.0,0.9578754578754579
pems,diffusion/entropy,size,24,common-010,10,True,common,1,2,0.0,0.9981684981684982
pems,diffusion/entropy,size,24,common-011,11,True,common,0,0,0.0,1.0
pems,diffusion/entropy,size,24,decouple-012,0,True,decouple,0,0,0.0,0.9523809523809523
pems,diffusion/entropy,size,24,decouple-013,1,True,decouple,1,1,0.0,0.9120879120879121
pems,diffusion/entropy,size,24,decouple-014,2,True,decouple,0,0,0.0,0.9835164835164835
pems,diffusion/entropy,size,24,decouple-015,3,True,decouple,0,0,0.0,0.978021978021978
pems,diffusion/entropy,size,24,decouple-016,4,True,decouple,1,0,0.0,0.9963369963369964
pems,diffusion/entropy,size,24,decouple-017,5,True,decouple,1,1,0.0,0.9926739926739927
pems,diffusion/entropy,size,24,noise-018,6,True,noise,0,0,0.0,0.8827838827838828
pems,diffusion/entropy,size,24,noise-019,7,True,noise,0,1,0.0,0.8791208791208791
pems,diffusion/entropy,size,24,noise-020,8,True,noise,0,0,0.0,0.9505494505494505
pems,diffusion/entropy,size,24,noise-021,9,True,noise,0,0,0.0,0.9578754578754579
pems,diffusion/entropy,size,24,noise-022,10,True,noise,1,2,0.0,0.9981684981684982
pems,diffusion/entropy,size,24,noise-023,11,True,noise,0,0,0.0,1.0
pems,diffusion/entropy,size,24,delay-024,0,True,delay,0,0,0.0,0.9523809523809523
pems,diffusion/entropy,size,24,delay-025,1,True,delay,0,1,0.0,0.8974358974358975
pems,diffusion/entropy,size,24,delay-026,2,True,delay,0,0,0.0,0.9835164835164835
pems,diffusion/entropy,size,24,delay-027,3,True,delay,0,0,0.0,0.978021978021978
pems,diffusion/entropy,size,24,delay-028,4,True,delay,1,0,0.0,0.9963369963369964
pems,diffusion/entropy,size,24,delay-029,5,True,delay,1,2,0.0,0.9560439560439561
pems,diffusion/entropy,size,24,drift-030,6,True,drift,0,0,0.0,0.8827838827838828
pems,diffusion/entropy,size,24,drift-031,7,True,drift,0,1,0.0,0.8791208791208791
pems,diffusion/entropy,size,24,drift-032,8,True,drift,0,0,0.0,0.9432234432234432
pems,diffusion/entropy,size,24,drift-033,9,True,drift,0,0,0.0,0.9578754578754579
pems,diffusion/entropy,size,24,drift-034,10,True,drift,1,2,0.125,0.9981684981684982
pems,diffusion/entropy,size,24,drift-035,11,True,drift,0,0,0.0,1.0
pems,diffusion/entropy,size,24,flatline-036,0,True,flatline,0,0,0.0,0.9523809523809523
pems,diffusion/entropy,size,24,flatline-037,1,True,flatline,0,1,0.0,0.9560439560439561
pems,diffusion/entropy,size,24,flatline-038,2,True,flatline,0,0,0.0,0.9725274725274725
pems,diffusion/entropy,size,24,flatline-039,3,True,flatline,0,0,0.0,0.978021978021978
pems,diffusion/entropy,size,24,flatline-040,4,True,flatline,0,0,0.0,0.989010989010989
pems,diffusion/entropy,size,24,flatline-041,5,True,flatline,1,2,0.0,0.8241758241758241
pems,diffusion/entropy,size,24,dropout-042,6,True,dropout,0,0,0.0,0.8443223443223443
pems,diffusion/entropy,size,24,dropout-043,7,True,dropout,1,1,0.0,0.6172161172161172
pems,diffusion/entropy,size,24,dropout-044,8,True,dropout,0,0,0.0,0.7124542124542125
pems,diffusion/entropy,size,24,dropout-045,9,True,dropout,0,0,0.0,0.86996336996337
pems,diffusion/entropy,size,24,dropout-046,10,True,dropout,0,2,0.0,0.9102564102564102
pems,diffusion/entropy,size,24,dropout-047,11,True,dropout,0,0,0.0,0.6868131868131868
pems,diffusion/entropy,size,24,anticorrelated-048,0,True,anticorrelated,0,0,0.0,0.9523809523809523
pems,diffusion/entropy,size,24,anticorrelated-049,1,True,anticorrelated,0,1,0.0,0.9725274725274725
pems,diffusion/entropy,size,24,anticorrelated-050,2,True,anticorrelated,0,0,0.0,0.9835164835164835
pems,diffusion/entropy,size,24,anticorrelated-051,3,True,anticorrelated,0,0,0.0,0.978021978021978
pems,diffusion/entropy,size,24,anticorrelated-052,4,True,anticorrelated,1,0,0.0,0.9963369963369964
pems,diffusion/entropy,size,24,anticorrelated-053,5,True,anticorrelated,1,1,0.0,0.9560439560439561
pems,diffusion/entropy,size,24,mixed-054,6,True,mixed,0,0,0.0,0.8827838827838828
pems,diffusion/entropy,size,24,mixed-055,7,True,mixed,0,1,0.0,0.8791208791208791
pems,diffusion/entropy,size,24,mixed-056,8,True,mixed,0,0,0.0,0.9432234432234432
pems,diffusion/entropy,size,24,mixed-057,9,True,mixed,0,0,0.0,0.9578754578754579
pems,diffusion/entropy,size,24,mixed-058,10,True,mixed,1,2,0.125,0.9981684981684982
pems,diffusion/entropy,size,24,mixed-059,11,True,mixed,0,0,0.0,1.0
pems,diffusion/entropy,size,24,matched_covariance-060,0,True,matched_covariance,0,0,0.0,0.9523809523809523
pems,diffusion/entropy,size,24,matched_covariance-061,1,True,matched_covariance,0,1,0.0,0.8974358974358975
pems,diffusion/entropy,size,24,matched_covariance-062,2,True,matched_covariance,0,0,0.0,0.9835164835164835
pems,diffusion/entropy,size,24,matched_covariance-063,3,True,matched_covariance,0,0,0.0,0.978021978021978
pems,diffusion/entropy,size,24,matched_covariance-064,4,True,matched_covariance,1,0,0.0,0.9963369963369964
pems,diffusion/entropy,size,24,matched_covariance-065,5,True,matched_covariance,1,1,0.0,0.9560439560439561
pems,diffusion/entropy,size,24,marginal_preserving-066,6,True,marginal_preserving,0,0,0.0,0.8827838827838828
pems,diffusion/entropy,size,24,marginal_preserving-067,7,True,marginal_preserving,0,1,0.0,0.8791208791208791
pems,diffusion/entropy,size,24,marginal_preserving-068,8,True,marginal_preserving,0,0,0.0,0.9432234432234432
pems,diffusion/entropy,size,24,marginal_preserving-069,9,True,marginal_preserving,0,0,0.0,0.9578754578754579
pems,diffusion/entropy,size,24,marginal_preserving-070,10,True,marginal_preserving,1,2,0.0,0.9981684981684982
pems,diffusion/entropy,size,24,marginal_preserving-071,11,True,marginal_preserving,0,0,0.0,1.0
pems,diffusion/entropy,size,24,untouched-000,0,False,untouched,0,0,0.0,0.9523809523809523
pems,diffusion/entropy,size,24,transition-000,0,False,transition,0,0,0.0,0.989010989010989
pems,diffusion/entropy,size,24,untouched-001,1,False,untouched,0,1,0.0,0.8974358974358975
pems,diffusion/entropy,size,24,transition-001,1,False,transition,0,2,0.0,0.9926739926739927
pems,diffusion/entropy,size,24,untouched-002,2,False,untouched,0,0,0.0,0.9835164835164835
pems,diffusion/entropy,size,24,transition-002,2,False,transition,0,2,0.0,1.0
pems,diffusion/entropy,size,24,untouched-003,3,False,untouched,0,0,0.0,0.978021978021978
pems,diffusion/entropy,size,24,transition-003,3,False,transition,0,0,0.0,0.9853479853479854
pems,diffusion/entropy,size,24,untouched-004,4,False,untouched,0,1,0.0,0.9963369963369964
pems,diffusion/entropy,size,24,transition-004,4,False,transition,0,1,0.0,0.9981684981684982
pems,diffusion/entropy,size,24,untouched-005,5,False,untouched,0,3,0.0,0.9560439560439561
pems,diffusion/entropy,size,24,transition-005,5,False,transition,0,2,0.0,0.9926739926739927
pems,diffusion/entropy,size,24,untouched-006,6,False,untouched,0,0,0.0,0.8827838827838828
pems,diffusion/entropy,size,24,transition-006,6,False,transition,0,0,0.0,1.0
pems,diffusion/entropy,size,24,untouched-007,7,False,untouched,0,1,0.0,0.8791208791208791
pems,diffusion/entropy,size,24,transition-007,7,False,transition,0,3,0.0,0.967032967032967
pems,diffusion/entropy,size,24,untouched-008,8,False,untouched,0,0,0.0,0.9432234432234432
pems,diffusion/entropy,size,24,transition-008,8,False,transition,0,1,0.0,0.9706959706959707
pems,diffusion/entropy,size,24,untouched-009,9,False,untouched,0,0,0.0,0.9578754578754579
pems,diffusion/entropy,size,24,transition-009,9,False,transition,0,0,0.0,1.0
pems,diffusion/entropy,size,24,untouched-010,10,False,untouched,0,3,0.0,0.9981684981684982
pems,diffusion/entropy,size,24,transition-010,10,False,transition,0,2,0.0,0.9981684981684982
pems,diffusion/entropy,size,24,untouched-011,11,False,untouched,0,0,0.0,1.0
pems,diffusion/entropy,size,24,transition-011,11,False,transition,0,1,0.0,1.0
pems,diffusion/synchronization,size,24,copy-000,0,True,copy,0,0,0.0,0.9523809523809523
pems,diffusion/synchronization,size,24,copy-001,1,True,copy,0,1,0.0,0.9120879120879121
pems,diffusion/synchronization,size,24,copy-002,2,True,copy,0,0,0.0,0.9835164835164835
pems,diffusion/synchronization,size,24,copy-003,3,True,copy,0,0,0.0,0.978021978021978
pems,diffusion/synchronization,size,24,copy-004,4,True,copy,0,1,0.0,0.9963369963369964
pems,diffusion/synchronization,size,24,copy-005,5,True,copy,1,1,0.14285714285714285,0.9560439560439561
pems,diffusion/synchronization,size,24,common-006,6,True,common,0,0,0.0,0.8827838827838828
pems,diffusion/synchronization,size,24,common-007,7,True,common,0,1,0.0,0.8791208791208791
pems,diffusion/synchronization,size,24,common-008,8,True,common,0,1,0.0,0.9432234432234432
pems,diffusion/synchronization,size,24,common-009,9,True,common,0,0,0.0,0.9578754578754579
pems,diffusion/synchronization,size,24,common-010,10,True,common,0,2,0.0,0.9981684981684982
pems,diffusion/synchronization,size,24,common-011,11,True,common,1,0,0.0,1.0
pems,diffusion/synchronization,size,24,decouple-012,0,True,decouple,0,0,0.0,0.9523809523809523
pems,diffusion/synchronization,size,24,decouple-013,1,True,decouple,0,1,0.0,0.9120879120879121
pems,diffusion/synchronization,size,24,decouple-014,2,True,decouple,0,0,0.0,0.9835164835164835
pems,diffusion/synchronization,size,24,decouple-015,3,True,decouple,0,0,0.0,0.978021978021978
pems,diffusion/synchronization,size,24,decouple-016,4,True,decouple,0,1,0.0,0.9963369963369964
pems,diffusion/synchronization,size,24,decouple-017,5,True,decouple,1,1,0.0,0.9926739926739927
pems,diffusion/synchronization,size,24,noise-018,6,True,noise,0,0,0.0,0.8827838827838828
pems,diffusion/synchronization,size,24,noise-019,7,True,noise,0,1,0.0,0.8791208791208791
pems,diffusion/synchronization,size,24,noise-020,8,True,noise,0,1,0.0,0.9505494505494505
pems,diffusion/synchronization,size,24,noise-021,9,True,noise,0,0,0.0,0.9578754578754579
pems,diffusion/synchronization,size,24,noise-022,10,True,noise,0,2,0.0,0.9981684981684982
pems,diffusion/synchronization,size,24,noise-023,11,True,noise,1,0,0.0,1.0
pems,diffusion/synchronization,size,24,delay-024,0,True,delay,0,0,0.0,0.9523809523809523
pems,diffusion/synchronization,size,24,delay-025,1,True,delay,0,1,0.0,0.8974358974358975
pems,diffusion/synchronization,size,24,delay-026,2,True,delay,0,0,0.0,0.9835164835164835
pems,diffusion/synchronization,size,24,delay-027,3,True,delay,0,0,0.0,0.978021978021978
pems,diffusion/synchronization,size,24,delay-028,4,True,delay,0,0,0.0,0.9963369963369964
pems,diffusion/synchronization,size,24,delay-029,5,True,delay,1,1,0.0,0.9560439560439561
pems,diffusion/synchronization,size,24,drift-030,6,True,drift,0,0,0.0,0.8827838827838828
pems,diffusion/synchronization,size,24,drift-031,7,True,drift,0,1,0.0,0.8791208791208791
pems,diffusion/synchronization,size,24,drift-032,8,True,drift,0,1,0.0,0.9432234432234432
pems,diffusion/synchronization,size,24,drift-033,9,True,drift,0,0,0.0,0.9578754578754579
pems,diffusion/synchronization,size,24,drift-034,10,True,drift,0,2,0.0,0.9981684981684982
pems,diffusion/synchronization,size,24,drift-035,11,True,drift,1,0,0.0,1.0
pems,diffusion/synchronization,size,24,flatline-036,0,True,flatline,0,0,0.0,0.9523809523809523
pems,diffusion/synchronization,size,24,flatline-037,1,True,flatline,0,1,0.0,0.9560439560439561
pems,diffusion/synchronization,size,24,flatline-038,2,True,flatline,0,0,0.0,0.9725274725274725
pems,diffusion/synchronization,size,24,flatline-039,3,True,flatline,0,0,0.0,0.978021978021978
pems,diffusion/synchronization,size,24,flatline-040,4,True,flatline,0,1,0.0,0.989010989010989
pems,diffusion/synchronization,size,24,flatline-041,5,True,flatline,1,1,0.0,0.8241758241758241
pems,diffusion/synchronization,size,24,dropout-042,6,True,dropout,0,0,0.0,0.8443223443223443
pems,diffusion/synchronization,size,24,dropout-043,7,True,dropout,0,1,0.0,0.6172161172161172
pems,diffusion/synchronization,size,24,dropout-044,8,True,dropout,0,1,0.0,0.7124542124542125
pems,diffusion/synchronization,size,24,dropout-045,9,True,dropout,0,0,0.0,0.86996336996337
pems,diffusion/synchronization,size,24,dropout-046,10,True,dropout,0,2,0.0,0.9102564102564102
pems,diffusion/synchronization,size,24,dropout-047,11,True,dropout,1,0,0.0,0.6868131868131868
pems,diffusion/synchronization,size,24,anticorrelated-048,0,True,anticorrelated,0,0,0.0,0.9523809523809523
pems,diffusion/synchronization,size,24,anticorrelated-049,1,True,anticorrelated,0,1,0.0,0.9725274725274725
pems,diffusion/synchronization,size,24,anticorrelated-050,2,True,anticorrelated,0,0,0.0,0.9835164835164835
pems,diffusion/synchronization,size,24,anticorrelated-051,3,True,anticorrelated,0,0,0.0,0.978021978021978
pems,diffusion/synchronization,size,24,anticorrelated-052,4,True,anticorrelated,0,1,0.0,0.9963369963369964
pems,diffusion/synchronization,size,24,anticorrelated-053,5,True,anticorrelated,1,2,0.0,0.9560439560439561
pems,diffusion/synchronization,size,24,mixed-054,6,True,mixed,0,0,0.0,0.8827838827838828
pems,diffusion/synchronization,size,24,mixed-055,7,True,mixed,0,1,0.0,0.8791208791208791
pems,diffusion/synchronization,size,24,mixed-056,8,True,mixed,0,1,0.0,0.9432234432234432
pems,diffusion/synchronization,size,24,mixed-057,9,True,mixed,0,0,0.0,0.9578754578754579
pems,diffusion/synchronization,size,24,mixed-058,10,True,mixed,1,2,0.125,0.9981684981684982
pems,diffusion/synchronization,size,24,mixed-059,11,True,mixed,0,0,0.0,1.0
pems,diffusion/synchronization,size,24,matched_covariance-060,0,True,matched_covariance,0,0,0.0,0.9523809523809523
pems,diffusion/synchronization,size,24,matched_covariance-061,1,True,matched_covariance,0,1,0.0,0.8974358974358975
pems,diffusion/synchronization,size,24,matched_covariance-062,2,True,matched_covariance,0,0,0.0,0.9835164835164835
pems,diffusion/synchronization,size,24,matched_covariance-063,3,True,matched_covariance,0,0,0.0,0.978021978021978
pems,diffusion/synchronization,size,24,matched_covariance-064,4,True,matched_covariance,0,0,0.0,0.9963369963369964
pems,diffusion/synchronization,size,24,matched_covariance-065,5,True,matched_covariance,1,1,0.0,0.9560439560439561
pems,diffusion/synchronization,size,24,marginal_preserving-066,6,True,marginal_preserving,0,0,0.0,0.8827838827838828
pems,diffusion/synchronization,size,24,marginal_preserving-067,7,True,marginal_preserving,0,1,0.0,0.8791208791208791
pems,diffusion/synchronization,size,24,marginal_preserving-068,8,True,marginal_preserving,0,1,0.0,0.9432234432234432
pems,diffusion/synchronization,size,24,marginal_preserving-069,9,True,marginal_preserving,0,0,0.0,0.9578754578754579
pems,diffusion/synchronization,size,24,marginal_preserving-070,10,True,marginal_preserving,0,2,0.0,0.9981684981684982
pems,diffusion/synchronization,size,24,marginal_preserving-071,11,True,marginal_preserving,1,0,0.0,1.0
pems,diffusion/synchronization,size,24,untouched-000,0,False,untouched,0,0,0.0,0.9523809523809523
pems,diffusion/synchronization,size,24,transition-000,0,False,transition,0,0,0.0,0.989010989010989
pems,diffusion/synchronization,size,24,untouched-001,1,False,untouched,0,1,0.0,0.8974358974358975
pems,diffusion/synchronization,size,24,transition-001,1,False,transition,0,2,0.0,0.9926739926739927
pems,diffusion/synchronization,size,24,untouched-002,2,False,untouched,0,0,0.0,0.9835164835164835
pems,diffusion/synchronization,size,24,transition-002,2,False,transition,0,1,0.0,1.0
pems,diffusion/synchronization,size,24,untouched-003,3,False,untouched,0,0,0.0,0.978021978021978
pems,diffusion/synchronization,size,24,transition-003,3,False,transition,0,0,0.0,0.9853479853479854
pems,diffusion/synchronization,size,24,untouched-004,4,False,untouched,0,1,0.0,0.9963369963369964
pems,diffusion/synchronization,size,24,transition-004,4,False,transition,0,0,0.0,0.9981684981684982
pems,diffusion/synchronization,size,24,untouched-005,5,False,untouched,0,2,0.0,0.9560439560439561
pems,diffusion/synchronization,size,24,transition-005,5,False,transition,0,2,0.0,0.9926739926739927
pems,diffusion/synchronization,size,24,untouched-006,6,False,untouched,0,0,0.0,0.8827838827838828
pems,diffusion/synchronization,size,24,transition-006,6,False,transition,0,1,0.0,1.0
pems,diffusion/synchronization,size,24,untouched-007,7,False,untouched,0,1,0.0,0.8791208791208791
pems,diffusion/synchronization,size,24,transition-007,7,False,transition,0,2,0.0,0.967032967032967
pems,diffusion/synchronization,size,24,untouched-008,8,False,untouched,0,1,0.0,0.9432234432234432
pems,diffusion/synchronization,size,24,transition-008,8,False,transition,0,1,0.0,0.9706959706959707
pems,diffusion/synchronization,size,24,untouched-009,9,False,untouched,0,0,0.0,0.9578754578754579
pems,diffusion/synchronization,size,24,transition-009,9,False,transition,0,0,0.0,1.0
pems,diffusion/synchronization,size,24,untouched-010,10,False,untouched,0,2,0.0,0.9981684981684982
pems,diffusion/synchronization,size,24,transition-010,10,False,transition,0,2,0.0,0.9981684981684982
pems,diffusion/synchronization,size,24,untouched-011,11,False,untouched,0,1,0.0,1.0
pems,diffusion/synchronization,size,24,transition-011,11,False,transition,0,1,0.0,1.0
pems,diffusion/combined,size,24,copy-000,0,True,copy,0,0,0.0,0.9523809523809523
pems,diffusion/combined,size,24,copy-001,1,True,copy,0,1,0.0,0.9120879120879121
pems,diffusion/combined,size,24,copy-002,2,True,copy,0,0,0.0,0.9835164835164835
pems,diffusion/combined,size,24,copy-003,3,True,copy,0,0,0.0,0.978021978021978
pems,diffusion/combined,size,24,copy-004,4,True,copy,1,0,0.0,0.9963369963369964
pems,diffusion/combined,size,24,copy-005,5,True,copy,1,1,0.14285714285714285,0.9560439560439561
pems,diffusion/combined,size,24,common-006,6,True,common,0,0,0.0,0.8827838827838828
pems,diffusion/combined,size,24,common-007,7,True,common,0,1,0.0,0.8791208791208791
pems,diffusion/combined,size,24,common-008,8,True,common,0,1,0.0,0.9432234432234432
pems,diffusion/combined,size,24,common-009,9,True,common,0,0,0.0,0.9578754578754579
pems,diffusion/combined,size,24,common-010,10,True,common,1,2,0.0,0.9981684981684982
pems,diffusion/combined,size,24,common-011,11,True,common,1,0,0.0,1.0
pems,diffusion/combined,size,24,decouple-012,0,True,decouple,0,0,0.0,0.9523809523809523
pems,diffusion/combined,size,24,decouple-013,1,True,decouple,0,1,0.0,0.9120879120879121
pems,diffusion/combined,size,24,decouple-014,2,True,decouple,0,0,0.0,0.9835164835164835
pems,diffusion/combined,size,24,decouple-015,3,True,decouple,0,0,0.0,0.978021978021978
pems,diffusion/combined,size,24,decouple-016,4,True,decouple,1,0,0.0,0.9963369963369964
pems,diffusion/combined,size,24,decouple-017,5,True,decouple,1,1,0.0,0.9926739926739927
pems,diffusion/combined,size,24,noise-018,6,True,noise,0,0,0.0,0.8827838827838828
pems,diffusion/combined,size,24,noise-019,7,True,noise,0,1,0.0,0.8791208791208791
pems,diffusion/combined,size,24,noise-020,8,True,noise,0,1,0.0,0.9505494505494505
pems,diffusion/combined,size,24,noise-021,9,True,noise,0,0,0.0,0.9578754578754579
pems,diffusion/combined,size,24,noise-022,10,True,noise,1,2,0.0,0.9981684981684982
pems,diffusion/combined,size,24,noise-023,11,True,noise,1,0,0.0,1.0
pems,diffusion/combined,size,24,delay-024,0,True,delay,0,0,0.0,0.9523809523809523
pems,diffusion/combined,size,24,delay-025,1,True,delay,0,1,0.0,0.8974358974358975
pems,diffusion/combined,size,24,delay-026,2,True,delay,0,0,0.0,0.9835164835164835
pems,diffusion/combined,size,24,delay-027,3,True,delay,0,0,0.0,0.978021978021978
pems,diffusion/combined,size,24,delay-028,4,True,delay,1,0,0.0,0.9963369963369964
pems,diffusion/combined,size,24,delay-029,5,True,delay,1,2,0.0,0.9560439560439561
pems,diffusion/combined,size,24,drift-030,6,True,drift,0,0,0.0,0.8827838827838828
pems,diffusion/combined,size,24,drift-031,7,True,drift,0,1,0.0,0.8791208791208791
pems,diffusion/combined,size,24,drift-032,8,True,drift,0,1,0.0,0.9432234432234432
pems,diffusion/combined,size,24,drift-033,9,True,drift,0,0,0.0,0.9578754578754579
pems,diffusion/combined,size,24,drift-034,10,True,drift,1,2,0.125,0.9981684981684982
pems,diffusion/combined,size,24,drift-035,11,True,drift,1,0,0.0,1.0
pems,diffusion/combined,size,24,flatline-036,0,True,flatline,0,0,0.0,0.9523809523809523
pems,diffusion/combined,size,24,flatline-037,1,True,flatline,0,1,0.0,0.9560439560439561
pems,diffusion/combined,size,24,flatline-038,2,True,flatline,0,0,0.0,0.9725274725274725
pems,diffusion/combined,size,24,flatline-039,3,True,flatline,0,0,0.0,0.978021978021978
pems,diffusion/combined,size,24,flatline-040,4,True,flatline,0,1,0.0,0.989010989010989
pems,diffusion/combined,size,24,flatline-041,5,True,flatline,1,2,0.0,0.8241758241758241
pems,diffusion/combined,size,24,dropout-042,6,True,dropout,0,0,0.0,0.8443223443223443
pems,diffusion/combined,size,24,dropout-043,7,True,dropout,0,1,0.0,0.6172161172161172
pems,diffusion/combined,size,24,dropout-044,8,True,dropout,0,1,0.0,0.7124542124542125
pems,diffusion/combined,size,24,dropout-045,9,True,dropout,0,0,0.0,0.86996336996337
pems,diffusion/combined,size,24,dropout-046,10,True,dropout,0,2,0.0,0.9102564102564102
pems,diffusion/combined,size,24,dropout-047,11,True,dropout,1,0,0.0,0.6868131868131868
pems,diffusion/combined,size,24,anticorrelated-048,0,True,anticorrelated,0,0,0.0,0.9523809523809523
pems,diffusion/combined,size,24,anticorrelated-049,1,True,anticorrelated,0,1,0.0,0.9725274725274725
pems,diffusion/combined,size,24,anticorrelated-050,2,True,anticorrelated,0,0,0.0,0.9835164835164835
pems,diffusion/combined,size,24,anticorrelated-051,3,True,anticorrelated,0,0,0.0,0.978021978021978
pems,diffusion/combined,size,24,anticorrelated-052,4,True,anticorrelated,1,0,0.0,0.9963369963369964
pems,diffusion/combined,size,24,anticorrelated-053,5,True,anticorrelated,1,1,0.0,0.9560439560439561
pems,diffusion/combined,size,24,mixed-054,6,True,mixed,0,0,0.0,0.8827838827838828
pems,diffusion/combined,size,24,mixed-055,7,True,mixed,0,1,0.0,0.8791208791208791
pems,diffusion/combined,size,24,mixed-056,8,True,mixed,0,1,0.0,0.9432234432234432
pems,diffusion/combined,size,24,mixed-057,9,True,mixed,0,0,0.0,0.9578754578754579
pems,diffusion/combined,size,24,mixed-058,10,True,mixed,1,2,0.125,0.9981684981684982
pems,diffusion/combined,size,24,mixed-059,11,True,mixed,0,0,0.0,1.0
pems,diffusion/combined,size,24,matched_covariance-060,0,True,matched_covariance,0,0,0.0,0.9523809523809523
pems,diffusion/combined,size,24,matched_covariance-061,1,True,matched_covariance,0,1,0.0,0.8974358974358975
pems,diffusion/combined,size,24,matched_covariance-062,2,True,matched_covariance,0,0,0.0,0.9835164835164835
pems,diffusion/combined,size,24,matched_covariance-063,3,True,matched_covariance,0,0,0.0,0.978021978021978
pems,diffusion/combined,size,24,matched_covariance-064,4,True,matched_covariance,1,0,0.0,0.9963369963369964
pems,diffusion/combined,size,24,matched_covariance-065,5,True,matched_covariance,1,1,0.0,0.9560439560439561
pems,diffusion/combined,size,24,marginal_preserving-066,6,True,marginal_preserving,0,0,0.0,0.8827838827838828
pems,diffusion/combined,size,24,marginal_preserving-067,7,True,marginal_preserving,0,1,0.0,0.8791208791208791
pems,diffusion/combined,size,24,marginal_preserving-068,8,True,marginal_preserving,0,1,0.0,0.9432234432234432
pems,diffusion/combined,size,24,marginal_preserving-069,9,True,marginal_preserving,0,0,0.0,0.9578754578754579
pems,diffusion/combined,size,24,marginal_preserving-070,10,True,marginal_preserving,1,2,0.0,0.9981684981684982
pems,diffusion/combined,size,24,marginal_preserving-071,11,True,marginal_preserving,1,0,0.0,1.0
pems,diffusion/combined,size,24,untouched-000,0,False,untouched,0,0,0.0,0.9523809523809523
pems,diffusion/combined,size,24,transition-000,0,False,transition,0,0,0.0,0.989010989010989
pems,diffusion/combined,size,24,untouched-001,1,False,untouched,0,1,0.0,0.8974358974358975
pems,diffusion/combined,size,24,transition-001,1,False,transition,0,1,0.0,0.9926739926739927
pems,diffusion/combined,size,24,untouched-002,2,False,untouched,0,0,0.0,0.9835164835164835
pems,diffusion/combined,size,24,transition-002,2,False,transition,0,1,0.0,1.0
pems,diffusion/combined,size,24,untouched-003,3,False,untouched,0,0,0.0,0.978021978021978
pems,diffusion/combined,size,24,transition-003,3,False,transition,0,0,0.0,0.9853479853479854
pems,diffusion/combined,size,24,untouched-004,4,False,untouched,0,1,0.0,0.9963369963369964
pems,diffusion/combined,size,24,transition-004,4,False,transition,0,1,0.0,0.9981684981684982
pems,diffusion/combined,size,24,untouched-005,5,False,untouched,0,3,0.0,0.9560439560439561
pems,diffusion/combined,size,24,transition-005,5,False,transition,0,2,0.0,0.9926739926739927
pems,diffusion/combined,size,24,untouched-006,6,False,untouched,0,0,0.0,0.8827838827838828
pems,diffusion/combined,size,24,transition-006,6,False,transition,0,1,0.0,1.0
pems,diffusion/combined,size,24,untouched-007,7,False,untouched,0,1,0.0,0.8791208791208791
pems,diffusion/combined,size,24,transition-007,7,False,transition,0,2,0.0,0.967032967032967
pems,diffusion/combined,size,24,untouched-008,8,False,untouched,0,1,0.0,0.9432234432234432
pems,diffusion/combined,size,24,transition-008,8,False,transition,0,1,0.0,0.9706959706959707
pems,diffusion/combined,size,24,untouched-009,9,False,untouched,0,0,0.0,0.9578754578754579
pems,diffusion/combined,size,24,transition-009,9,False,transition,0,0,0.0,1.0
pems,diffusion/combined,size,24,untouched-010,10,False,untouched,0,3,0.0,0.9981684981684982
pems,diffusion/combined,size,24,transition-010,10,False,transition,0,3,0.0,0.9981684981684982
pems,diffusion/combined,size,24,untouched-011,11,False,untouched,0,1,0.0,1.0
pems,diffusion/combined,size,24,transition-011,11,False,transition,0,1,0.0,1.0
synthetic128,diffusion/entropy,window,24,copy-000,0,True,copy,0,0,0.0,1.0
synthetic128,diffusion/entropy,window,24,copy-001,1,True,copy,1,1,0.043478260869565216,1.0
synthetic128,diffusion/entropy,window,24,copy-002,2,True,copy,0,1,0.0,1.0
synthetic128,diffusion/entropy,window,24,copy-003,3,True,copy,0,2,0.0,1.0
synthetic128,diffusion/entropy,window,24,copy-004,4,True,copy,1,1,0.0,1.0
synthetic128,diffusion/entropy,window,24,copy-005,5,True,copy,1,0,0.0,1.0
synthetic128,diffusion/entropy,window,24,common-006,6,True,common,0,2,0.0,1.0
synthetic128,diffusion/entropy,window,24,common-007,7,True,common,0,0,0.0,1.0
synthetic128,diffusion/entropy,window,24,common-008,8,True,common,1,1,0.0,1.0
synthetic128,diffusion/entropy,window,24,common-009,9,True,common,0,0,0.0,1.0
synthetic128,diffusion/entropy,window,24,common-010,10,True,common,0,0,0.0,1.0
synthetic128,diffusion/entropy,window,24,common-011,11,True,common,1,1,0.043478260869565216,1.0
synthetic128,diffusion/entropy,window,24,decouple-012,0,True,decouple,0,0,0.0,1.0
synthetic128,diffusion/entropy,window,24,decouple-013,1,True,decouple,1,1,0.043478260869565216,1.0
synthetic128,diffusion/entropy,window,24,decouple-014,2,True,decouple,1,1,0.0,1.0
synthetic128,diffusion/entropy,window,24,decouple-015,3,True,decouple,0,2,0.0,1.0
synthetic128,diffusion/entropy,window,24,decouple-016,4,True,decouple,1,1,0.0,1.0
synthetic128,diffusion/entropy,window,24,decouple-017,5,True,decouple,1,0,0.09090909090909091,1.0
synthetic128,diffusion/entropy,window,24,noise-018,6,True,noise,0,2,0.0,1.0
synthetic128,diffusion/entropy,window,24,noise-019,7,True,noise,0,0,0.0,1.0
synthetic128,diffusion/entropy,window,24,noise-020,8,True,noise,1,1,0.0,1.0
synthetic128,diffusion/entropy,window,24,noise-021,9,True,noise,0,0,0.0,1.0
synthetic128,diffusion/entropy,window,24,noise-022,10,True,noise,0,0,0.0,1.0
synthetic128,diffusion/entropy,window,24,noise-023,11,True,noise,1,1,0.09090909090909091,1.0
synthetic128,diffusion/entropy,window,24,delay-024,0,True,delay,0,0,0.0,1.0
synthetic128,diffusion/entropy,window,24,delay-025,1,True,delay,1,1,0.043478260869565216,1.0
synthetic128,diffusion/entropy,window,24,delay-026,2,True,delay,1,1,0.0,1.0
synthetic128,diffusion/entropy,window,24,delay-027,3,True,delay,0,2,0.0,1.0
synthetic128,diffusion/entropy,window,24,delay-028,4,True,delay,1,1,0.0,1.0
synthetic128,diffusion/entropy,window,24,delay-029,5,True,delay,1,0,0.043478260869565216,1.0
synthetic128,diffusion/entropy,window,24,drift-030,6,True,drift,0,2,0.0,1.0
synthetic128,diffusion/entropy,window,24,drift-031,7,True,drift,0,0,0.0,1.0
synthetic128,diffusion/entropy,window,24,drift-032,8,True,drift,1,1,0.0,1.0
synthetic128,diffusion/entropy,window,24,drift-033,9,True,drift,0,0,0.0,1.0
synthetic128,diffusion/entropy,window,24,drift-034,10,True,drift,0,0,0.0,1.0
synthetic128,diffusion/entropy,window,24,drift-035,11,True,drift,1,1,0.0,1.0
synthetic128,diffusion/entropy,window,24,flatline-036,0,True,flatline,0,0,0.0,1.0
synthetic128,diffusion/entropy,window,24,flatline-037,1,True,flatline,1,1,0.0,0.8896321070234113
synthetic128,diffusion/entropy,window,24,flatline-038,2,True,flatline,1,1,0.0,0.8361204013377926
synthetic128,diffusion/entropy,window,24,flatline-039,3,True,flatline,0,2,0.0,1.0
synthetic128,diffusion/entropy,window,24,flatline-040,4,True,flatline,1,1,0.0,0.9046822742474916
synthetic128,diffusion/entropy,window,24,flatline-041,5,True,flatline,1,0,0.14285714285714285,0.7424749163879598
synthetic128,diffusion/entropy,window,24,dropout-042,6,True,dropout,0,2,0.0,0.9832775919732442
synthetic128,diffusion/entropy,window,24,dropout-043,7,True,dropout,0,0,0.0,0.7993311036789298
synthetic128,diffusion/entropy,window,24,dropout-044,8,True,dropout,1,1,0.0,0.8043478260869565
synthetic128,diffusion/entropy,window,24,dropout-045,9,True,dropout,0,0,0.0,0.919732441471572
synthetic128,diffusion/entropy,window,24,dropout-046,10,True,dropout,0,0,0.0,0.9163879598662207
synthetic128,diffusion/entropy,window,24,dropout-047,11,True,dropout,1,1,0.0,0.6989966555183946
synthetic128,diffusion/entropy,window,24,anticorrelated-048,0,True,anticorrelated,0,0,0.0,1.0
synthetic128,diffusion/entropy,window,24,anticorrelated-049,1,True,anticorrelated,1,1,0.0,1.0
synthetic128,diffusion/entropy,window,24,anticorrelated-050,2,True,anticorrelated,1,1,0.0,1.0
synthetic128,diffusion/entropy,window,24,anticorrelated-051,3,True,anticorrelated,0,2,0.0,1.0
synthetic128,diffusion/entropy,window,24,anticorrelated-052,4,True,anticorrelated,1,1,0.0,1.0
synthetic128,diffusion/entropy,window,24,anticorrelated-053,5,True,anticorrelated,1,0,0.14285714285714285,1.0
synthetic128,diffusion/entropy,window,24,mixed-054,6,True,mixed,0,2,0.0,1.0
synthetic128,diffusion/entropy,window,24,mixed-055,7,True,mixed,0,0,0.0,1.0
synthetic128,diffusion/entropy,window,24,mixed-056,8,True,mixed,1,2,0.125,1.0
synthetic128,diffusion/entropy,window,24,mixed-057,9,True,mixed,0,0,0.0,1.0
synthetic128,diffusion/entropy,window,24,mixed-058,10,True,mixed,0,0,0.0,1.0
synthetic128,diffusion/entropy,window,24,mixed-059,11,True,mixed,1,1,0.0,1.0
synthetic128,diffusion/entropy,window,24,matched_covariance-060,0,True,matched_covariance,0,0,0.0,1.0
synthetic128,diffusion/entropy,window,24,matched_covariance-061,1,True,matched_covariance,1,1,0.043478260869565216,1.0
synthetic128,diffusion/entropy,window,24,matched_covariance-062,2,True,matched_covariance,1,1,0.0,1.0
synthetic128,diffusion/entropy,window,24,matched_covariance-063,3,True,matched_covariance,0,2,0.0,1.0
synthetic128,diffusion/entropy,window,24,matched_covariance-064,4,True,matched_covariance,1,1,0.0,1.0
synthetic128,diffusion/entropy,window,24,matched_covariance-065,5,True,matched_covariance,1,0,0.043478260869565216,1.0
synthetic128,diffusion/entropy,window,24,marginal_preserving-066,6,True,marginal_preserving,0,2,0.0,1.0
synthetic128,diffusion/entropy,window,24,marginal_preserving-067,7,True,marginal_preserving,0,0,0.0,1.0
synthetic128,diffusion/entropy,window,24,marginal_preserving-068,8,True,marginal_preserving,1,1,0.0,1.0
synthetic128,diffusion/entropy,window,24,marginal_preserving-069,9,True,marginal_preserving,0,0,0.0,1.0
synthetic128,diffusion/entropy,window,24,marginal_preserving-070,10,True,marginal_preserving,0,0,0.0,1.0
synthetic128,diffusion/entropy,window,24,marginal_preserving-071,11,True,marginal_preserving,1,1,0.0,1.0
synthetic128,diffusion/entropy,window,24,untouched-000,0,False,untouched,0,0,0.0,1.0
synthetic128,diffusion/entropy,window,24,transition-000,0,False,transition,0,0,0.0,1.0
synthetic128,diffusion/entropy,window,24,untouched-001,1,False,untouched,0,2,0.0,1.0
synthetic128,diffusion/entropy,window,24,transition-001,1,False,transition,0,1,0.0,1.0
synthetic128,diffusion/entropy,window,24,untouched-002,2,False,untouched,0,2,0.0,1.0
synthetic128,diffusion/entropy,window,24,transition-002,2,False,transition,0,1,0.0,1.0
synthetic128,diffusion/entropy,window,24,untouched-003,3,False,untouched,0,2,0.0,1.0
synthetic128,diffusion/entropy,window,24,transition-003,3,False,transition,0,2,0.0,1.0
synthetic128,diffusion/entropy,window,24,untouched-004,4,False,untouched,0,2,0.0,1.0
synthetic128,diffusion/entropy,window,24,transition-004,4,False,transition,0,1,0.0,1.0
synthetic128,diffusion/entropy,window,24,untouched-005,5,False,untouched,0,1,0.0,1.0
synthetic128,diffusion/entropy,window,24,transition-005,5,False,transition,0,1,0.0,1.0
synthetic128,diffusion/entropy,window,24,untouched-006,6,False,untouched,0,2,0.0,1.0
synthetic128,diffusion/entropy,window,24,transition-006,6,False,transition,0,1,0.0,1.0
synthetic128,diffusion/entropy,window,24,untouched-007,7,False,untouched,0,0,0.0,1.0
synthetic128,diffusion/entropy,window,24,transition-007,7,False,transition,0,0,0.0,1.0
synthetic128,diffusion/entropy,window,24,untouched-008,8,False,untouched,0,2,0.0,1.0
synthetic128,diffusion/entropy,window,24,transition-008,8,False,transition,0,3,0.0,1.0
synthetic128,diffusion/entropy,window,24,untouched-009,9,False,untouched,0,0,0.0,1.0
synthetic128,diffusion/entropy,window,24,transition-009,9,False,transition,0,0,0.0,1.0
synthetic128,diffusion/entropy,window,24,untouched-010,10,False,untouched,0,0,0.0,1.0
synthetic128,diffusion/entropy,window,24,transition-010,10,False,transition,0,0,0.0,1.0
synthetic128,diffusion/entropy,window,24,untouched-011,11,False,untouched,0,2,0.0,1.0
synthetic128,diffusion/entropy,window,24,transition-011,11,False,transition,0,2,0.0,1.0
synthetic128,diffusion/synchronization,window,24,copy-000,0,True,copy,0,0,0.0,1.0
synthetic128,diffusion/synchronization,window,24,copy-001,1,True,copy,0,1,0.0,1.0
synthetic128,diffusion/synchronization,window,24,copy-002,2,True,copy,0,0,0.0,1.0
synthetic128,diffusion/synchronization,window,24,copy-003,3,True,copy,0,1,0.0,1.0
synthetic128,diffusion/synchronization,window,24,copy-004,4,True,copy,0,1,0.0,1.0
synthetic128,diffusion/synchronization,window,24,copy-005,5,True,copy,1,0,0.0,1.0
synthetic128,diffusion/synchronization,window,24,common-006,6,True,common,0,1,0.0,1.0
synthetic128,diffusion/synchronization,window,24,common-007,7,True,common,0,0,0.0,1.0
synthetic128,diffusion/synchronization,window,24,common-008,8,True,common,1,2,0.0,1.0
synthetic128,diffusion/synchronization,window,24,common-009,9,True,common,0,0,0.0,1.0
synthetic128,diffusion/synchronization,window,24,common-010,10,True,common,0,0,0.0,1.0
synthetic128,diffusion/synchronization,window,24,common-011,11,True,common,1,1,0.0,1.0
synthetic128,diffusion/synchronization,window,24,decouple-012,0,True,decouple,0,0,0.0,1.0
synthetic128,diffusion/synchronization,window,24,decouple-013,1,True,decouple,0,1,0.0,1.0
synthetic128,diffusion/synchronization,window,24,decouple-014,2,True,decouple,0,0,0.0,1.0
synthetic128,diffusion/synchronization,window,24,decouple-015,3,True,decouple,0,1,0.0,1.0
synthetic128,diffusion/synchronization,window,24,decouple-016,4,True,decouple,0,1,0.0,1.0
synthetic128,diffusion/synchronization,window,24,decouple-017,5,True,decouple,1,0,0.09090909090909091,1.0
synthetic128,diffusion/synchronization,window,24,noise-018,6,True,noise,0,1,0.0,1.0
synthetic128,diffusion/synchronization,window,24,noise-019,7,True,noise,0,0,0.0,1.0
synthetic128,diffusion/synchronization,window,24,noise-020,8,True,noise,1,2,0.0,1.0
synthetic128,diffusion/synchronization,window,24,noise-021,9,True,noise,0,0,0.0,1.0
synthetic128,diffusion/synchronization,window,24,noise-022,10,True,noise,0,0,0.0,1.0
synthetic128,diffusion/synchronization,window,24,noise-023,11,True,noise,1,1,0.0,1.0
synthetic128,diffusion/synchronization,window,24,delay-024,0,True,delay,0,0,0.0,1.0
synthetic128,diffusion/synchronization,window,24,delay-025,1,True,delay,0,1,0.0,1.0
synthetic128,diffusion/synchronization,window,24,delay-026,2,True,delay,0,0,0.0,1.0
synthetic128,diffusion/synchronization,window,24,delay-027,3,True,delay,0,1,0.0,1.0
synthetic128,diffusion/synchronization,window,24,delay-028,4,True,delay,0,1,0.0,1.0
synthetic128,diffusion/synchronization,window,24,delay-029,5,True,delay,1,1,0.043478260869565216,1.0
synthetic128,diffusion/synchronization,window,24,drift-030,6,True,drift,0,1,0.0,1.0
synthetic128,diffusion/synchronization,window,24,drift-031,7,True,drift,0,0,0.0,1.0
synthetic128,diffusion/synchronization,window,24,drift-032,8,True,drift,1,2,0.0,1.0
synthetic128,diffusion/synchronization,window,24,drift-033,9,True,drift,0,0,0.0,1.0
synthetic128,diffusion/synchronization,window,24,drift-034,10,True,drift,0,0,0.0,1.0
synthetic128,diffusion/synchronization,window,24,drift-035,11,True,drift,1,1,0.2,1.0
synthetic128,diffusion/synchronization,window,24,flatline-036,0,True,flatline,0,0,0.0,1.0
synthetic128,diffusion/synchronization,window,24,flatline-037,1,True,flatline,0,1,0.0,0.8896321070234113
synthetic128,diffusion/synchronization,window,24,flatline-038,2,True,flatline,0,0,0.0,0.8361204013377926
synthetic128,diffusion/synchronization,window,24,flatline-039,3,True,flatline,0,1,0.0,1.0
synthetic128,diffusion/synchronization,window,24,flatline-040,4,True,flatline,0,1,0.0,0.9046822742474916
synthetic128,diffusion/synchronization,window,24,flatline-041,5,True,flatline,1,0,0.14285714285714285,0.7424749163879598
synthetic128,diffusion/synchronization,window,24,dropout-042,6,True,dropout,0,1,0.0,0.9832775919732442
synthetic128,diffusion/synchronization,window,24,dropout-043,7,True,dropout,0,0,0.0,0.7993311036789298
synthetic128,diffusion/synchronization,window,24,dropout-044,8,True,dropout,0,1,0.0,0.8043478260869565
synthetic128,diffusion/synchronization,window,24,dropout-045,9,True,dropout,0,0,0.0,0.919732441471572
synthetic128,diffusion/synchronization,window,24,dropout-046,10,True,dropout,0,0,0.0,0.9163879598662207
synthetic128,diffusion/synchronization,window,24,dropout-047,11,True,dropout,1,1,0.0,0.6989966555183946
synthetic128,diffusion/synchronization,window,24,anticorrelated-048,0,True,anticorrelated,0,0,0.0,1.0
synthetic128,diffusion/synchronization,window,24,anticorrelated-049,1,True,anticorrelated,0,1,0.0,1.0
synthetic128,diffusion/synchronization,window,24,anticorrelated-050,2,True,anticorrelated,0,0,0.0,1.0
synthetic128,diffusion/synchronization,window,24,anticorrelated-051,3,True,anticorrelated,0,1,0.0,1.0
synthetic128,diffusion/synchronization,window,24,anticorrelated-052,4,True,anticorrelated,1,1,0.2,1.0
synthetic128,diffusion/synchronization,window,24,anticorrelated-053,5,True,anticorrelated,1,2,0.14285714285714285,1.0
synthetic128,diffusion/synchronization,window,24,mixed-054,6,True,mixed,0,1,0.0,1.0
synthetic128,diffusion/synchronization,window,24,mixed-055,7,True,mixed,0,0,0.0,1.0
synthetic128,diffusion/synchronization,window,24,mixed-056,8,True,mixed,1,3,0.125,1.0
synthetic128,diffusion/synchronization,window,24,mixed-057,9,True,mixed,0,0,0.0,1.0
synthetic128,diffusion/synchronization,window,24,mixed-058,10,True,mixed,0,0,0.0,1.0
synthetic128,diffusion/synchronization,window,24,mixed-059,11,True,mixed,1,1,0.0,1.0
synthetic128,diffusion/synchronization,window,24,matched_covariance-060,0,True,matched_covariance,0,0,0.0,1.0
synthetic128,diffusion/synchronization,window,24,matched_covariance-061,1,True,matched_covariance,0,1,0.0,1.0
synthetic128,diffusion/synchronization,window,24,matched_covariance-062,2,True,matched_covariance,0,0,0.0,1.0
synthetic128,diffusion/synchronization,window,24,matched_covariance-063,3,True,matched_covariance,0,1,0.0,1.0
synthetic128,diffusion/synchronization,window,24,matched_covariance-064,4,True,matched_covariance,0,1,0.0,1.0
synthetic128,diffusion/synchronization,window,24,matched_covariance-065,5,True,matched_covariance,1,0,0.043478260869565216,1.0
synthetic128,diffusion/synchronization,window,24,marginal_preserving-066,6,True,marginal_preserving,0,1,0.0,1.0
synthetic128,diffusion/synchronization,window,24,marginal_preserving-067,7,True,marginal_preserving,0,0,0.0,1.0
synthetic128,diffusion/synchronization,window,24,marginal_preserving-068,8,True,marginal_preserving,1,3,0.2,1.0
synthetic128,diffusion/synchronization,window,24,marginal_preserving-069,9,True,marginal_preserving,0,0,0.0,1.0
synthetic128,diffusion/synchronization,window,24,marginal_preserving-070,10,True,marginal_preserving,0,0,0.0,1.0
synthetic128,diffusion/synchronization,window,24,marginal_preserving-071,11,True,marginal_preserving,1,1,0.0,1.0
synthetic128,diffusion/synchronization,window,24,untouched-000,0,False,untouched,0,0,0.0,1.0
synthetic128,diffusion/synchronization,window,24,transition-000,0,False,transition,0,0,0.0,1.0
synthetic128,diffusion/synchronization,window,24,untouched-001,1,False,untouched,0,1,0.0,1.0
synthetic128,diffusion/synchronization,window,24,transition-001,1,False,transition,0,1,0.0,1.0
synthetic128,diffusion/synchronization,window,24,untouched-002,2,False,untouched,0,0,0.0,1.0
synthetic128,diffusion/synchronization,window,24,transition-002,2,False,transition,0,0,0.0,1.0
synthetic128,diffusion/synchronization,window,24,untouched-003,3,False,untouched,0,1,0.0,1.0
synthetic128,diffusion/synchronization,window,24,transition-003,3,False,transition,0,1,0.0,1.0
synthetic128,diffusion/synchronization,window,24,untouched-004,4,False,untouched,0,1,0.0,1.0
synthetic128,diffusion/synchronization,window,24,transition-004,4,False,transition,0,1,0.0,1.0
synthetic128,diffusion/synchronization,window,24,untouched-005,5,False,untouched,0,1,0.0,1.0
synthetic128,diffusion/synchronization,window,24,transition-005,5,False,transition,0,2,0.0,1.0
synthetic128,diffusion/synchronization,window,24,untouched-006,6,False,untouched,0,1,0.0,1.0
synthetic128,diffusion/synchronization,window,24,transition-006,6,False,transition,0,1,0.0,1.0
synthetic128,diffusion/synchronization,window,24,untouched-007,7,False,untouched,0,0,0.0,1.0
synthetic128,diffusion/synchronization,window,24,transition-007,7,False,transition,0,0,0.0,1.0
synthetic128,diffusion/synchronization,window,24,untouched-008,8,False,untouched,0,3,0.0,1.0
synthetic128,diffusion/synchronization,window,24,transition-008,8,False,transition,0,3,0.0,1.0
synthetic128,diffusion/synchronization,window,24,untouched-009,9,False,untouched,0,0,0.0,1.0
synthetic128,diffusion/synchronization,window,24,transition-009,9,False,transition,0,0,0.0,1.0
synthetic128,diffusion/synchronization,window,24,untouched-010,10,False,untouched,0,0,0.0,1.0
synthetic128,diffusion/synchronization,window,24,transition-010,10,False,transition,0,0,0.0,1.0
synthetic128,diffusion/synchronization,window,24,untouched-011,11,False,untouched,0,2,0.0,1.0
synthetic128,diffusion/synchronization,window,24,transition-011,11,False,transition,0,2,0.0,1.0
synthetic128,diffusion/combined,window,24,copy-000,0,True,copy,0,0,0.0,1.0
synthetic128,diffusion/combined,window,24,copy-001,1,True,copy,0,1,0.0,1.0
synthetic128,diffusion/combined,window,24,copy-002,2,True,copy,0,0,0.0,1.0
synthetic128,diffusion/combined,window,24,copy-003,3,True,copy,0,1,0.0,1.0
synthetic128,diffusion/combined,window,24,copy-004,4,True,copy,0,1,0.0,1.0
synthetic128,diffusion/combined,window,24,copy-005,5,True,copy,1,0,0.0,1.0
synthetic128,diffusion/combined,window,24,common-006,6,True,common,0,1,0.0,1.0
synthetic128,diffusion/combined,window,24,common-007,7,True,common,0,0,0.0,1.0
synthetic128,diffusion/combined,window,24,common-008,8,True,common,1,2,0.0,1.0
synthetic128,diffusion/combined,window,24,common-009,9,True,common,0,0,0.0,1.0
synthetic128,diffusion/combined,window,24,common-010,10,True,common,0,0,0.0,1.0
synthetic128,diffusion/combined,window,24,common-011,11,True,common,1,1,0.0,1.0
synthetic128,diffusion/combined,window,24,decouple-012,0,True,decouple,0,0,0.0,1.0
synthetic128,diffusion/combined,window,24,decouple-013,1,True,decouple,0,1,0.0,1.0
synthetic128,diffusion/combined,window,24,decouple-014,2,True,decouple,0,0,0.0,1.0
synthetic128,diffusion/combined,window,24,decouple-015,3,True,decouple,0,1,0.0,1.0
synthetic128,diffusion/combined,window,24,decouple-016,4,True,decouple,0,1,0.0,1.0
synthetic128,diffusion/combined,window,24,decouple-017,5,True,decouple,1,0,0.09090909090909091,1.0
synthetic128,diffusion/combined,window,24,noise-018,6,True,noise,0,1,0.0,1.0
synthetic128,diffusion/combined,window,24,noise-019,7,True,noise,0,0,0.0,1.0
synthetic128,diffusion/combined,window,24,noise-020,8,True,noise,1,2,0.0,1.0
synthetic128,diffusion/combined,window,24,noise-021,9,True,noise,0,0,0.0,1.0
synthetic128,diffusion/combined,window,24,noise-022,10,True,noise,0,0,0.0,1.0
synthetic128,diffusion/combined,window,24,noise-023,11,True,noise,1,1,0.0,1.0
synthetic128,diffusion/combined,window,24,delay-024,0,True,delay,0,0,0.0,1.0
synthetic128,diffusion/combined,window,24,delay-025,1,True,delay,0,1,0.0,1.0
synthetic128,diffusion/combined,window,24,delay-026,2,True,delay,0,0,0.0,1.0
synthetic128,diffusion/combined,window,24,delay-027,3,True,delay,0,1,0.0,1.0
synthetic128,diffusion/combined,window,24,delay-028,4,True,delay,0,1,0.0,1.0
synthetic128,diffusion/combined,window,24,delay-029,5,True,delay,1,1,0.043478260869565216,1.0
synthetic128,diffusion/combined,window,24,drift-030,6,True,drift,0,1,0.0,1.0
synthetic128,diffusion/combined,window,24,drift-031,7,True,drift,0,0,0.0,1.0
synthetic128,diffusion/combined,window,24,drift-032,8,True,drift,1,2,0.0,1.0
synthetic128,diffusion/combined,window,24,drift-033,9,True,drift,0,0,0.0,1.0
synthetic128,diffusion/combined,window,24,drift-034,10,True,drift,0,0,0.0,1.0
synthetic128,diffusion/combined,window,24,drift-035,11,True,drift,1,1,0.2,1.0
synthetic128,diffusion/combined,window,24,flatline-036,0,True,flatline,0,0,0.0,1.0
synthetic128,diffusion/combined,window,24,flatline-037,1,True,flatline,0,1,0.0,0.8896321070234113
synthetic128,diffusion/combined,window,24,flatline-038,2,True,flatline,0,0,0.0,0.8361204013377926
synthetic128,diffusion/combined,window,24,flatline-039,3,True,flatline,0,1,0.0,1.0
synthetic128,diffusion/combined,window,24,flatline-040,4,True,flatline,0,1,0.0,0.9046822742474916
synthetic128,diffusion/combined,window,24,flatline-041,5,True,flatline,1,0,0.14285714285714285,0.7424749163879598
synthetic128,diffusion/combined,window,24,dropout-042,6,True,dropout,0,1,0.0,0.9832775919732442
synthetic128,diffusion/combined,window,24,dropout-043,7,True,dropout,0,0,0.0,0.7993311036789298
synthetic128,diffusion/combined,window,24,dropout-044,8,True,dropout,0,1,0.0,0.8043478260869565
synthetic128,diffusion/combined,window,24,dropout-045,9,True,dropout,0,0,0.0,0.919732441471572
synthetic128,diffusion/combined,window,24,dropout-046,10,True,dropout,0,0,0.0,0.9163879598662207
synthetic128,diffusion/combined,window,24,dropout-047,11,True,dropout,1,1,0.0,0.6989966555183946
synthetic128,diffusion/combined,window,24,anticorrelated-048,0,True,anticorrelated,0,0,0.0,1.0
synthetic128,diffusion/combined,window,24,anticorrelated-049,1,True,anticorrelated,0,1,0.0,1.0
synthetic128,diffusion/combined,window,24,anticorrelated-050,2,True,anticorrelated,0,0,0.0,1.0
synthetic128,diffusion/combined,window,24,anticorrelated-051,3,True,anticorrelated,0,1,0.0,1.0
synthetic128,diffusion/combined,window,24,anticorrelated-052,4,True,anticorrelated,1,1,0.2,1.0
synthetic128,diffusion/combined,window,24,anticorrelated-053,5,True,anticorrelated,1,2,0.14285714285714285,1.0
synthetic128,diffusion/combined,window,24,mixed-054,6,True,mixed,0,1,0.0,1.0
synthetic128,diffusion/combined,window,24,mixed-055,7,True,mixed,0,0,0.0,1.0
synthetic128,diffusion/combined,window,24,mixed-056,8,True,mixed,1,3,0.125,1.0
synthetic128,diffusion/combined,window,24,mixed-057,9,True,mixed,0,0,0.0,1.0
synthetic128,diffusion/combined,window,24,mixed-058,10,True,mixed,0,0,0.0,1.0
synthetic128,diffusion/combined,window,24,mixed-059,11,True,mixed,1,1,0.0,1.0
synthetic128,diffusion/combined,window,24,matched_covariance-060,0,True,matched_covariance,0,0,0.0,1.0
synthetic128,diffusion/combined,window,24,matched_covariance-061,1,True,matched_covariance,0,1,0.0,1.0
synthetic128,diffusion/combined,window,24,matched_covariance-062,2,True,matched_covariance,0,0,0.0,1.0
synthetic128,diffusion/combined,window,24,matched_covariance-063,3,True,matched_covariance,0,1,0.0,1.0
synthetic128,diffusion/combined,window,24,matched_covariance-064,4,True,matched_covariance,0,1,0.0,1.0
synthetic128,diffusion/combined,window,24,matched_covariance-065,5,True,matched_covariance,1,0,0.043478260869565216,1.0
synthetic128,diffusion/combined,window,24,marginal_preserving-066,6,True,marginal_preserving,0,1,0.0,1.0
synthetic128,diffusion/combined,window,24,marginal_preserving-067,7,True,marginal_preserving,0,0,0.0,1.0
synthetic128,diffusion/combined,window,24,marginal_preserving-068,8,True,marginal_preserving,1,3,0.2857142857142857,1.0
synthetic128,diffusion/combined,window,24,marginal_preserving-069,9,True,marginal_preserving,0,0,0.0,1.0
synthetic128,diffusion/combined,window,24,marginal_preserving-070,10,True,marginal_preserving,0,0,0.0,1.0
synthetic128,diffusion/combined,window,24,marginal_preserving-071,11,True,marginal_preserving,1,1,0.0,1.0
synthetic128,diffusion/combined,window,24,untouched-000,0,False,untouched,0,0,0.0,1.0
synthetic128,diffusion/combined,window,24,transition-000,0,False,transition,0,0,0.0,1.0
synthetic128,diffusion/combined,window,24,untouched-001,1,False,untouched,0,1,0.0,1.0
synthetic128,diffusion/combined,window,24,transition-001,1,False,transition,0,1,0.0,1.0
synthetic128,diffusion/combined,window,24,untouched-002,2,False,untouched,0,0,0.0,1.0
synthetic128,diffusion/combined,window,24,transition-002,2,False,transition,0,0,0.0,1.0
synthetic128,diffusion/combined,window,24,untouched-003,3,False,untouched,0,1,0.0,1.0
synthetic128,diffusion/combined,window,24,transition-003,3,False,transition,0,1,0.0,1.0
synthetic128,diffusion/combined,window,24,untouched-004,4,False,untouched,0,1,0.0,1.0
synthetic128,diffusion/combined,window,24,transition-004,4,False,transition,0,1,0.0,1.0
synthetic128,diffusion/combined,window,24,untouched-005,5,False,untouched,0,1,0.0,1.0
synthetic128,diffusion/combined,window,24,transition-005,5,False,transition,0,2,0.0,1.0
synthetic128,diffusion/combined,window,24,untouched-006,6,False,untouched,0,1,0.0,1.0
synthetic128,diffusion/combined,window,24,transition-006,6,False,transition,0,1,0.0,1.0
synthetic128,diffusion/combined,window,24,untouched-007,7,False,untouched,0,0,0.0,1.0
synthetic128,diffusion/combined,window,24,transition-007,7,False,transition,0,0,0.0,1.0
synthetic128,diffusion/combined,window,24,untouched-008,8,False,untouched,0,3,0.0,1.0
synthetic128,diffusion/combined,window,24,transition-008,8,False,transition,0,3,0.0,1.0
synthetic128,diffusion/combined,window,24,untouched-009,9,False,untouched,0,0,0.0,1.0
synthetic128,diffusion/combined,window,24,transition-009,9,False,transition,0,0,0.0,1.0
synthetic128,diffusion/combined,window,24,untouched-010,10,False,untouched,0,0,0.0,1.0
synthetic128,diffusion/combined,window,24,transition-010,10,False,transition,0,0,0.0,1.0
synthetic128,diffusion/combined,window,24,untouched-011,11,False,untouched,0,2,0.0,1.0
synthetic128,diffusion/combined,window,24,transition-011,11,False,transition,0,2,0.0,1.0
synthetic128,diffusion/entropy,window,48,copy-000,0,True,copy,0,2,0.0,1.0
synthetic128,diffusion/entropy,window,48,copy-001,1,True,copy,1,1,0.0,1.0
synthetic128,diffusion/entropy,window,48,copy-002,2,True,copy,0,1,0.0,1.0
synthetic128,diffusion/entropy,window,48,copy-003,3,True,copy,0,1,0.0,1.0
synthetic128,diffusion/entropy,window,48,copy-004,4,True,copy,0,1,0.0,1.0
synthetic128,diffusion/entropy,window,48,copy-005,5,True,copy,0,0,0.0,1.0
synthetic128,diffusion/entropy,window,48,common-006,6,True,common,0,1,0.0,1.0
synthetic128,diffusion/entropy,window,48,common-007,7,True,common,0,1,0.0,1.0
synthetic128,diffusion/entropy,window,48,common-008,8,True,common,1,0,0.0,1.0
synthetic128,diffusion/entropy,window,48,common-009,9,True,common,0,1,0.0,1.0
synthetic128,diffusion/entropy,window,48,common-010,10,True,common,0,0,0.0,1.0
synthetic128,diffusion/entropy,window,48,common-011,11,True,common,1,0,0.0,1.0
synthetic128,diffusion/entropy,window,48,decouple-012,0,True,decouple,0,2,0.0,1.0
synthetic128,diffusion/entropy,window,48,decouple-013,1,True,decouple,1,1,0.0,1.0
synthetic128,diffusion/entropy,window,48,decouple-014,2,True,decouple,1,1,0.0,1.0
synthetic128,diffusion/entropy,window,48,decouple-015,3,True,decouple,0,1,0.0,1.0
synthetic128,diffusion/entropy,window,48,decouple-016,4,True,decouple,0,1,0.0,1.0
synthetic128,diffusion/entropy,window,48,decouple-017,5,True,decouple,0,0,0.0,1.0
synthetic128,diffusion/entropy,window,48,noise-018,6,True,noise,0,1,0.0,1.0
synthetic128,diffusion/entropy,window,48,noise-019,7,True,noise,0,1,0.0,1.0
synthetic128,diffusion/entropy,window,48,noise-020,8,True,noise,1,0,0.0,1.0
synthetic128,diffusion/entropy,window,48,noise-021,9,True,noise,0,1,0.0,1.0
synthetic128,diffusion/entropy,window,48,noise-022,10,True,noise,0,0,0.0,1.0
synthetic128,diffusion/entropy,window,48,noise-023,11,True,noise,1,0,0.0,1.0
synthetic128,diffusion/entropy,window,48,delay-024,0,True,delay,0,2,0.0,1.0
synthetic128,diffusion/entropy,window,48,delay-025,1,True,delay,1,1,0.0,1.0
synthetic128,diffusion/entropy,window,48,delay-026,2,True,delay,1,1,0.0,1.0
synthetic128,diffusion/entropy,window,48,delay-027,3,True,delay,0,1,0.0,1.0
synthetic128,diffusion/entropy,window,48,delay-028,4,True,delay,0,1,0.0,1.0
synthetic128,diffusion/entropy,window,48,delay-029,5,True,delay,0,0,0.0,1.0
synthetic128,diffusion/entropy,window,48,drift-030,6,True,drift,0,1,0.0,1.0
synthetic128,diffusion/entropy,window,48,drift-031,7,True,drift,0,1,0.0,1.0
synthetic128,diffusion/entropy,window,48,drift-032,8,True,drift,1,0,0.0,1.0
synthetic128,diffusion/entropy,window,48,drift-033,9,True,drift,0,1,0.0,1.0
synthetic128,diffusion/entropy,window,48,drift-034,10,True,drift,1,0,0.125,1.0
synthetic128,diffusion/entropy,window,48,drift-035,11,True,drift,1,0,0.0,1.0
synthetic128,diffusion/entropy,window,48,flatline-036,0,True,flatline,0,2,0.0,1.0
synthetic128,diffusion/entropy,window,48,flatline-037,1,True,flatline,1,1,0.0,0.9498327759197325
synthetic128,diffusion/entropy,window,48,flatline-038,2,True,flatline,1,1,0.0,0.8606465997770345
synthetic128,diffusion/entropy,window,48,flatline-039,3,True,flatline,0,1,0.0,1.0
synthetic128,diffusion/entropy,window,48,flatline-040,4,True,flatline,0,1,0.0,0.9643255295429208
synthetic128,diffusion/entropy,window,48,flatline-041,5,True,flatline,0,0,0.0,0.7603121516164995
synthetic128,diffusion/entropy,window,48,dropout-042,6,True,dropout,0,1,0.0,0.9509476031215162
synthetic128,diffusion/entropy,window,48,dropout-043,7,True,dropout,0,1,0.0,0.633221850613155
synthetic128,diffusion/entropy,window,48,dropout-044,8,True,dropout,1,0,0.0,0.7547380156075808
synthetic128,diffusion/entropy,window,48,dropout-045,9,True,dropout,0,1,0.0,0.7948717948717948
synthetic128,diffusion/entropy,window,48,dropout-046,10,True,dropout,0,0,0.0,0.867335562987737
synthetic128,diffusion/entropy,window,48,dropout-047,11,True,dropout,1,0,0.0,0.5875139353400223
synthetic128,diffusion/entropy,window,48,anticorrelated-048,0,True,anticorrelated,0,2,0.0,1.0
synthetic128,diffusion/entropy,window,48,anticorrelated-049,1,True,anticorrelated,1,1,0.0,1.0
synthetic128,diffusion/entropy,window,48,anticorrelated-050,2,True,anticorrelated,1,1,0.0,1.0
synthetic128,diffusion/entropy,window,48,anticorrelated-051,3,True,anticorrelated,0,1,0.0,1.0
synthetic128,diffusion/entropy,window,48,anticorrelated-052,4,True,anticorrelated,0,1,0.0,1.0
synthetic128,diffusion/entropy,window,48,anticorrelated-053,5,True,anticorrelated,0,0,0.0,1.0
synthetic128,diffusion/entropy,window,48,mixed-054,6,True,mixed,0,1,0.0,1.0
synthetic128,diffusion/entropy,window,48,mixed-055,7,True,mixed,0,1,0.0,1.0
synthetic128,diffusion/entropy,window,48,mixed-056,8,True,mixed,1,0,0.125,1.0
synthetic128,diffusion/entropy,window,48,mixed-057,9,True,mixed,0,1,0.0,1.0
synthetic128,diffusion/entropy,window,48,mixed-058,10,True,mixed,0,0,0.0,1.0
synthetic128,diffusion/entropy,window,48,mixed-059,11,True,mixed,1,0,0.0,1.0
synthetic128,diffusion/entropy,window,48,matched_covariance-060,0,True,matched_covariance,0,2,0.0,1.0
synthetic128,diffusion/entropy,window,48,matched_covariance-061,1,True,matched_covariance,1,1,0.0,1.0
synthetic128,diffusion/entropy,window,48,matched_covariance-062,2,True,matched_covariance,1,1,0.0,1.0
synthetic128,diffusion/entropy,window,48,matched_covariance-063,3,True,matched_covariance,0,1,0.0,1.0
synthetic128,diffusion/entropy,window,48,matched_covariance-064,4,True,matched_covariance,0,1,0.0,1.0
synthetic128,diffusion/entropy,window,48,matched_covariance-065,5,True,matched_covariance,0,0,0.0,1.0
synthetic128,diffusion/entropy,window,48,marginal_preserving-066,6,True,marginal_preserving,0,1,0.0,1.0
synthetic128,diffusion/entropy,window,48,marginal_preserving-067,7,True,marginal_preserving,0,1,0.0,1.0
synthetic128,diffusion/entropy,window,48,marginal_preserving-068,8,True,marginal_preserving,1,0,0.0,1.0
synthetic128,diffusion/entropy,window,48,marginal_preserving-069,9,True,marginal_preserving,0,1,0.0,1.0
synthetic128,diffusion/entropy,window,48,marginal_preserving-070,10,True,marginal_preserving,1,0,0.058823529411764705,1.0
synthetic128,diffusion/entropy,window,48,marginal_preserving-071,11,True,marginal_preserving,1,0,0.0,1.0
synthetic128,diffusion/entropy,window,48,untouched-000,0,False,untouched,0,2,0.0,1.0
synthetic128,diffusion/entropy,window,48,transition-000,0,False,transition,0,1,0.0,1.0
synthetic128,diffusion/entropy,window,48,untouched-001,1,False,untouched,0,2,0.0,1.0
synthetic128,diffusion/entropy,window,48,transition-001,1,False,transition,0,0,0.0,1.0
synthetic128,diffusion/entropy,window,48,untouched-002,2,False,untouched,0,2,0.0,1.0
synthetic128,diffusion/entropy,window,48,transition-002,2,False,transition,0,1,0.0,1.0
synthetic128,diffusion/entropy,window,48,untouched-003,3,False,untouched,0,1,0.0,1.0
synthetic128,diffusion/entropy,window,48,transition-003,3,False,transition,0,2,0.0,1.0
synthetic128,diffusion/entropy,window,48,untouched-004,4,False,untouched,0,1,0.0,1.0
synthetic128,diffusion/entropy,window,48,transition-004,4,False,transition,0,1,0.0,1.0
synthetic128,diffusion/entropy,window,48,untouched-005,5,False,untouched,0,0,0.0,1.0
synthetic128,diffusion/entropy,window,48,transition-005,5,False,transition,0,0,0.0,1.0
synthetic128,diffusion/entropy,window,48,untouched-006,6,False,untouched,0,1,0.0,1.0
synthetic128,diffusion/entropy,window,48,transition-006,6,False,transition,0,1,0.0,1.0
synthetic128,diffusion/entropy,window,48,untouched-007,7,False,untouched,0,1,0.0,1.0
synthetic128,diffusion/entropy,window,48,transition-007,7,False,transition,0,2,0.0,1.0
synthetic128,diffusion/entropy,window,48,untouched-008,8,False,untouched,0,1,0.0,1.0
synthetic128,diffusion/entropy,window,48,transition-008,8,False,transition,0,1,0.0,1.0
synthetic128,diffusion/entropy,window,48,untouched-009,9,False,untouched,0,1,0.0,1.0
synthetic128,diffusion/entropy,window,48,transition-009,9,False,transition,0,1,0.0,1.0
synthetic128,diffusion/entropy,window,48,untouched-010,10,False,untouched,0,0,0.0,1.0
synthetic128,diffusion/entropy,window,48,transition-010,10,False,transition,0,1,0.0,1.0
synthetic128,diffusion/entropy,window,48,untouched-011,11,False,untouched,0,1,0.0,1.0
synthetic128,diffusion/entropy,window,48,transition-011,11,False,transition,0,0,0.0,1.0
synthetic128,diffusion/synchronization,window,48,copy-000,0,True,copy,0,2,0.0,1.0
synthetic128,diffusion/synchronization,window,48,copy-001,1,True,copy,1,1,0.0,1.0
synthetic128,diffusion/synchronization,window,48,copy-002,2,True,copy,0,1,0.0,1.0
synthetic128,diffusion/synchronization,window,48,copy-003,3,True,copy,0,1,0.0,1.0
synthetic128,diffusion/synchronization,window,48,copy-004,4,True,copy,0,1,0.0,1.0
synthetic128,diffusion/synchronization,window,48,copy-005,5,True,copy,1,1,0.0,1.0
synthetic128,diffusion/synchronization,window,48,common-006,6,True,common,0,1,0.0,1.0
synthetic128,diffusion/synchronization,window,48,common-007,7,True,common,0,1,0.0,1.0
synthetic128,diffusion/synchronization,window,48,common-008,8,True,common,1,0,0.0,1.0
synthetic128,diffusion/synchronization,window,48,common-009,9,True,common,1,0,0.043478260869565216,1.0
synthetic128,diffusion/synchronization,window,48,common-010,10,True,common,0,0,0.0,1.0
synthetic128,diffusion/synchronization,window,48,common-011,11,True,common,1,1,0.0,1.0
synthetic128,diffusion/synchronization,window,48,decouple-012,0,True,decouple,0,2,0.0,1.0
synthetic128,diffusion/synchronization,window,48,decouple-013,1,True,decouple,1,1,0.0,1.0
synthetic128,diffusion/synchronization,window,48,decouple-014,2,True,decouple,0,1,0.0,1.0
synthetic128,diffusion/synchronization,window,48,decouple-015,3,True,decouple,0,1,0.0,1.0
synthetic128,diffusion/synchronization,window,48,decouple-016,4,True,decouple,0,1,0.0,1.0
synthetic128,diffusion/synchronization,window,48,decouple-017,5,True,decouple,1,1,0.043478260869565216,1.0
synthetic128,diffusion/synchronization,window,48,noise-018,6,True,noise,0,1,0.0,1.0
synthetic128,diffusion/synchronization,window,48,noise-019,7,True,noise,0,1,0.0,1.0
synthetic128,diffusion/synchronization,window,48,noise-020,8,True,noise,1,0,0.0,1.0
synthetic128,diffusion/synchronization,window,48,noise-021,9,True,noise,0,0,0.0,1.0
synthetic128,diffusion/synchronization,window,48,noise-022,10,True,noise,0,0,0.0,1.0
synthetic128,diffusion/synchronization,window,48,noise-023,11,True,noise,1,1,0.0,1.0
synthetic128,diffusion/synchronization,window,48,delay-024,0,True,delay,0,2,0.0,1.0
synthetic128,diffusion/synchronization,window,48,delay-025,1,True,delay,1,1,0.0,1.0
synthetic128,diffusion/synchronization,window,48,delay-026,2,True,delay,0,1,0.0,1.0
synthetic128,diffusion/synchronization,window,48,delay-027,3,True,delay,0,1,0.0,1.0
synthetic128,diffusion/synchronization,window,48,delay-028,4,True,delay,0,1,0.0,1.0
synthetic128,diffusion/synchronization,window,48,delay-029,5,True,delay,1,1,0.0,1.0
synthetic128,diffusion/synchronization,window,48,drift-030,6,True,drift,0,1,0.0,1.0
synthetic128,diffusion/synchronization,window,48,drift-031,7,True,drift,0,1,0.0,1.0
synthetic128,diffusion/synchronization,window,48,drift-032,8,True,drift,1,0,0.0,1.0
synthetic128,diffusion/synchronization,window,48,drift-033,9,True,drift,1,0,0.043478260869565216,1.0
synthetic128,diffusion/synchronization,window,48,drift-034,10,True,drift,1,0,0.125,1.0
synthetic128,diffusion/synchronization,window,48,drift-035,11,True,drift,1,1,0.2631578947368421,1.0
synthetic128,diffusion/synchronization,window,48,flatline-036,0,True,flatline,0,2,0.0,1.0
synthetic128,diffusion/synchronization,window,48,flatline-037,1,True,flatline,1,1,0.0,0.9498327759197325
synthetic128,diffusion/synchronization,window,48,flatline-038,2,True,flatline,0,1,0.0,0.8606465997770345
synthetic128,diffusion/synchronization,window,48,flatline-039,3,True,flatline,0,1,0.0,1.0
synthetic128,diffusion/synchronization,window,48,flatline-040,4,True,flatline,0,1,0.0,0.9643255295429208
synthetic128,diffusion/synchronization,window,48,flatline-041,5,True,flatline,1,0,0.0,0.7603121516164995
synthetic128,diffusion/synchronization,window,48,dropout-042,6,True,dropout,0,1,0.0,0.9509476031215162
synthetic128,diffusion/synchronization,window,48,dropout-043,7,True,dropout,0,1,0.0,0.633221850613155
synthetic128,diffusion/synchronization,window,48,dropout-044,8,True,dropout,1,0,0.0,0.7547380156075808
synthetic128,diffusion/synchronization,window,48,dropout-045,9,True,dropout,0,0,0.0,0.7948717948717948
synthetic128,diffusion/synchronization,window,48,dropout-046,10,True,dropout,0,0,0.0,0.867335562987737
synthetic128,diffusion/synchronization,window,48,dropout-047,11,True,dropout,1,1,0.0,0.5875139353400223
synthetic128,diffusion/synchronization,window,48,anticorrelated-048,0,True,anticorrelated,0,2,0.0,1.0
synthetic128,diffusion/synchronization,window,48,anticorrelated-049,1,True,anticorrelated,1,1,0.0,1.0
synthetic128,diffusion/synchronization,window,48,anticorrelated-050,2,True,anticorrelated,0,1,0.0,1.0
synthetic128,diffusion/synchronization,window,48,anticorrelated-051,3,True,anticorrelated,0,1,0.0,1.0
synthetic128,diffusion/synchronization,window,48,anticorrelated-052,4,True,anticorrelated,1,1,0.125,1.0
synthetic128,diffusion/synchronization,window,48,anticorrelated-053,5,True,anticorrelated,1,2,0.0,1.0
synthetic128,diffusion/synchronization,window,48,mixed-054,6,True,mixed,0,1,0.0,1.0
synthetic128,diffusion/synchronization,window,48,mixed-055,7,True,mixed,0,1,0.0,1.0
synthetic128,diffusion/synchronization,window,48,mixed-056,8,True,mixed,1,0,0.125,1.0
synthetic128,diffusion/synchronization,window,48,mixed-057,9,True,mixed,1,0,0.14285714285714285,1.0
synthetic128,diffusion/synchronization,window,48,mixed-058,10,True,mixed,0,0,0.0,1.0
synthetic128,diffusion/synchronization,window,48,mixed-059,11,True,mixed,1,1,0.0,1.0
synthetic128,diffusion/synchronization,window,48,matched_covariance-060,0,True,matched_covariance,0,2,0.0,1.0
synthetic128,diffusion/synchronization,window,48,matched_covariance-061,1,True,matched_covariance,1,1,0.0,1.0
synthetic128,diffusion/synchronization,window,48,matched_covariance-062,2,True,matched_covariance,0,1,0.0,1.0
synthetic128,diffusion/synchronization,window,48,matched_covariance-063,3,True,matched_covariance,0,1,0.0,1.0
synthetic128,diffusion/synchronization,window,48,matched_covariance-064,4,True,matched_covariance,0,1,0.0,1.0
synthetic128,diffusion/synchronization,window,48,matched_covariance-065,5,True,matched_covariance,1,1,0.0,1.0
synthetic128,diffusion/synchronization,window,48,marginal_preserving-066,6,True,marginal_preserving,0,1,0.0,1.0
synthetic128,diffusion/synchronization,window,48,marginal_preserving-067,7,True,marginal_preserving,0,1,0.0,1.0
synthetic128,diffusion/synchronization,window,48,marginal_preserving-068,8,True,marginal_preserving,1,0,0.2,1.0
synthetic128,diffusion/synchronization,window,48,marginal_preserving-069,9,True,marginal_preserving,0,0,0.0,1.0
synthetic128,diffusion/synchronization,window,48,marginal_preserving-070,10,True,marginal_preserving,1,0,0.058823529411764705,1.0
synthetic128,diffusion/synchronization,window,48,marginal_preserving-071,11,True,marginal_preserving,1,1,0.0,1.0
synthetic128,diffusion/synchronization,window,48,untouched-000,0,False,untouched,0,2,0.0,1.0
synthetic128,diffusion/synchronization,window,48,transition-000,0,False,transition,0,1,0.0,1.0
synthetic128,diffusion/synchronization,window,48,untouched-001,1,False,untouched,0,2,0.0,1.0
synthetic128,diffusion/synchronization,window,48,transition-001,1,False,transition,0,0,0.0,1.0
synthetic128,diffusion/synchronization,window,48,untouched-002,2,False,untouched,0,1,0.0,1.0
synthetic128,diffusion/synchronization,window,48,transition-002,2,False,transition,0,1,0.0,1.0
synthetic128,diffusion/synchronization,window,48,untouched-003,3,False,untouched,0,1,0.0,1.0
synthetic128,diffusion/synchronization,window,48,transition-003,3,False,transition,0,2,0.0,1.0
synthetic128,diffusion/synchronization,window,48,untouched-004,4,False,untouched,0,1,0.0,1.0
synthetic128,diffusion/synchronization,window,48,transition-004,4,False,transition,0,1,0.0,1.0
synthetic128,diffusion/synchronization,window,48,untouched-005,5,False,untouched,0,2,0.0,1.0
synthetic128,diffusion/synchronization,window,48,transition-005,5,False,transition,0,0,0.0,1.0
synthetic128,diffusion/synchronization,window,48,untouched-006,6,False,untouched,0,1,0.0,1.0
synthetic128,diffusion/synchronization,window,48,transition-006,6,False,transition,0,1,0.0,1.0
synthetic128,diffusion/synchronization,window,48,untouched-007,7,False,untouched,0,1,0.0,1.0
synthetic128,diffusion/synchronization,window,48,transition-007,7,False,transition,0,1,0.0,1.0
synthetic128,diffusion/synchronization,window,48,untouched-008,8,False,untouched,0,1,0.0,1.0
synthetic128,diffusion/synchronization,window,48,transition-008,8,False,transition,0,2,0.0,1.0
synthetic128,diffusion/synchronization,window,48,untouched-009,9,False,untouched,0,0,0.0,1.0
synthetic128,diffusion/synchronization,window,48,transition-009,9,False,transition,0,1,0.0,1.0
synthetic128,diffusion/synchronization,window,48,untouched-010,10,False,untouched,0,0,0.0,1.0
synthetic128,diffusion/synchronization,window,48,transition-010,10,False,transition,0,1,0.0,1.0
synthetic128,diffusion/synchronization,window,48,untouched-011,11,False,untouched,0,2,0.0,1.0
synthetic128,diffusion/synchronization,window,48,transition-011,11,False,transition,0,1,0.0,1.0
synthetic128,diffusion/combined,window,48,copy-000,0,True,copy,0,2,0.0,1.0
synthetic128,diffusion/combined,window,48,copy-001,1,True,copy,1,1,0.0,1.0
synthetic128,diffusion/combined,window,48,copy-002,2,True,copy,0,1,0.0,1.0
synthetic128,diffusion/combined,window,48,copy-003,3,True,copy,0,1,0.0,1.0
synthetic128,diffusion/combined,window,48,copy-004,4,True,copy,0,1,0.0,1.0
synthetic128,diffusion/combined,window,48,copy-005,5,True,copy,1,1,0.0,1.0
synthetic128,diffusion/combined,window,48,common-006,6,True,common,0,1,0.0,1.0
synthetic128,diffusion/combined,window,48,common-007,7,True,common,0,1,0.0,1.0
synthetic128,diffusion/combined,window,48,common-008,8,True,common,1,0,0.0,1.0
synthetic128,diffusion/combined,window,48,common-009,9,True,common,1,0,0.043478260869565216,1.0
synthetic128,diffusion/combined,window,48,common-010,10,True,common,0,0,0.0,1.0
synthetic128,diffusion/combined,window,48,common-011,11,True,common,1,1,0.0,1.0
synthetic128,diffusion/combined,window,48,decouple-012,0,True,decouple,0,2,0.0,1.0
synthetic128,diffusion/combined,window,48,decouple-013,1,True,decouple,1,1,0.0,1.0
synthetic128,diffusion/combined,window,48,decouple-014,2,True,decouple,0,1,0.0,1.0
synthetic128,diffusion/combined,window,48,decouple-015,3,True,decouple,0,1,0.0,1.0
synthetic128,diffusion/combined,window,48,decouple-016,4,True,decouple,0,1,0.0,1.0
synthetic128,diffusion/combined,window,48,decouple-017,5,True,decouple,1,1,0.043478260869565216,1.0
synthetic128,diffusion/combined,window,48,noise-018,6,True,noise,0,1,0.0,1.0
synthetic128,diffusion/combined,window,48,noise-019,7,True,noise,0,1,0.0,1.0
synthetic128,diffusion/combined,window,48,noise-020,8,True,noise,1,0,0.0,1.0
synthetic128,diffusion/combined,window,48,noise-021,9,True,noise,0,0,0.0,1.0
synthetic128,diffusion/combined,window,48,noise-022,10,True,noise,0,0,0.0,1.0
synthetic128,diffusion/combined,window,48,noise-023,11,True,noise,1,1,0.0,1.0
synthetic128,diffusion/combined,window,48,delay-024,0,True,delay,0,2,0.0,1.0
synthetic128,diffusion/combined,window,48,delay-025,1,True,delay,1,1,0.0,1.0
synthetic128,diffusion/combined,window,48,delay-026,2,True,delay,0,1,0.0,1.0
synthetic128,diffusion/combined,window,48,delay-027,3,True,delay,0,1,0.0,1.0
synthetic128,diffusion/combined,window,48,delay-028,4,True,delay,0,1,0.0,1.0
synthetic128,diffusion/combined,window,48,delay-029,5,True,delay,1,1,0.0,1.0
synthetic128,diffusion/combined,window,48,drift-030,6,True,drift,0,1,0.0,1.0
synthetic128,diffusion/combined,window,48,drift-031,7,True,drift,0,1,0.0,1.0
synthetic128,diffusion/combined,window,48,drift-032,8,True,drift,1,0,0.0,1.0
synthetic128,diffusion/combined,window,48,drift-033,9,True,drift,1,0,0.043478260869565216,1.0
synthetic128,diffusion/combined,window,48,drift-034,10,True,drift,1,0,0.125,1.0
synthetic128,diffusion/combined,window,48,drift-035,11,True,drift,1,1,0.2,1.0
synthetic128,diffusion/combined,window,48,flatline-036,0,True,flatline,0,2,0.0,1.0
synthetic128,diffusion/combined,window,48,flatline-037,1,True,flatline,1,1,0.0,0.9498327759197325
synthetic128,diffusion/combined,window,48,flatline-038,2,True,flatline,0,1,0.0,0.8606465997770345
synthetic128,diffusion/combined,window,48,flatline-039,3,True,flatline,0,1,0.0,1.0
synthetic128,diffusion/combined,window,48,flatline-040,4,True,flatline,0,1,0.0,0.9643255295429208
synthetic128,diffusion/combined,window,48,flatline-041,5,True,flatline,1,0,0.0,0.7603121516164995
synthetic128,diffusion/combined,window,48,dropout-042,6,True,dropout,0,1,0.0,0.9509476031215162
synthetic128,diffusion/combined,window,48,dropout-043,7,True,dropout,0,1,0.0,0.633221850613155
synthetic128,diffusion/combined,window,48,dropout-044,8,True,dropout,1,0,0.0,0.7547380156075808
synthetic128,diffusion/combined,window,48,dropout-045,9,True,dropout,0,0,0.0,0.7948717948717948
synthetic128,diffusion/combined,window,48,dropout-046,10,True,dropout,0,0,0.0,0.867335562987737
synthetic128,diffusion/combined,window,48,dropout-047,11,True,dropout,1,1,0.0,0.5875139353400223
synthetic128,diffusion/combined,window,48,anticorrelated-048,0,True,anticorrelated,0,2,0.0,1.0
synthetic128,diffusion/combined,window,48,anticorrelated-049,1,True,anticorrelated,1,1,0.0,1.0
synthetic128,diffusion/combined,window,48,anticorrelated-050,2,True,anticorrelated,0,1,0.0,1.0
synthetic128,diffusion/combined,window,48,anticorrelated-051,3,True,anticorrelated,0,1,0.0,1.0
synthetic128,diffusion/combined,window,48,anticorrelated-052,4,True,anticorrelated,1,1,0.125,1.0
synthetic128,diffusion/combined,window,48,anticorrelated-053,5,True,anticorrelated,1,2,0.0,1.0
synthetic128,diffusion/combined,window,48,mixed-054,6,True,mixed,0,1,0.0,1.0
synthetic128,diffusion/combined,window,48,mixed-055,7,True,mixed,0,1,0.0,1.0
synthetic128,diffusion/combined,window,48,mixed-056,8,True,mixed,1,0,0.125,1.0
synthetic128,diffusion/combined,window,48,mixed-057,9,True,mixed,1,0,0.14285714285714285,1.0
synthetic128,diffusion/combined,window,48,mixed-058,10,True,mixed,0,0,0.0,1.0
synthetic128,diffusion/combined,window,48,mixed-059,11,True,mixed,1,1,0.0,1.0
synthetic128,diffusion/combined,window,48,matched_covariance-060,0,True,matched_covariance,0,2,0.0,1.0
synthetic128,diffusion/combined,window,48,matched_covariance-061,1,True,matched_covariance,1,1,0.0,1.0
synthetic128,diffusion/combined,window,48,matched_covariance-062,2,True,matched_covariance,0,1,0.0,1.0
synthetic128,diffusion/combined,window,48,matched_covariance-063,3,True,matched_covariance,0,1,0.0,1.0
synthetic128,diffusion/combined,window,48,matched_covariance-064,4,True,matched_covariance,0,1,0.0,1.0
synthetic128,diffusion/combined,window,48,matched_covariance-065,5,True,matched_covariance,1,1,0.0,1.0
synthetic128,diffusion/combined,window,48,marginal_preserving-066,6,True,marginal_preserving,0,1,0.0,1.0
synthetic128,diffusion/combined,window,48,marginal_preserving-067,7,True,marginal_preserving,0,1,0.0,1.0
synthetic128,diffusion/combined,window,48,marginal_preserving-068,8,True,marginal_preserving,1,0,0.2,1.0
synthetic128,diffusion/combined,window,48,marginal_preserving-069,9,True,marginal_preserving,0,0,0.0,1.0
synthetic128,diffusion/combined,window,48,marginal_preserving-070,10,True,marginal_preserving,1,0,0.058823529411764705,1.0
synthetic128,diffusion/combined,window,48,marginal_preserving-071,11,True,marginal_preserving,1,1,0.0,1.0
synthetic128,diffusion/combined,window,48,untouched-000,0,False,untouched,0,2,0.0,1.0
synthetic128,diffusion/combined,window,48,transition-000,0,False,transition,0,1,0.0,1.0
synthetic128,diffusion/combined,window,48,untouched-001,1,False,untouched,0,2,0.0,1.0
synthetic128,diffusion/combined,window,48,transition-001,1,False,transition,0,0,0.0,1.0
synthetic128,diffusion/combined,window,48,untouched-002,2,False,untouched,0,1,0.0,1.0
synthetic128,diffusion/combined,window,48,transition-002,2,False,transition,0,1,0.0,1.0
synthetic128,diffusion/combined,window,48,untouched-003,3,False,untouched,0,1,0.0,1.0
synthetic128,diffusion/combined,window,48,transition-003,3,False,transition,0,2,0.0,1.0
synthetic128,diffusion/combined,window,48,untouched-004,4,False,untouched,0,1,0.0,1.0
synthetic128,diffusion/combined,window,48,transition-004,4,False,transition,0,1,0.0,1.0
synthetic128,diffusion/combined,window,48,untouched-005,5,False,untouched,0,2,0.0,1.0
synthetic128,diffusion/combined,window,48,transition-005,5,False,transition,0,0,0.0,1.0
synthetic128,diffusion/combined,window,48,untouched-006,6,False,untouched,0,1,0.0,1.0
synthetic128,diffusion/combined,window,48,transition-006,6,False,transition,0,1,0.0,1.0
synthetic128,diffusion/combined,window,48,untouched-007,7,False,untouched,0,1,0.0,1.0
synthetic128,diffusion/combined,window,48,transition-007,7,False,transition,0,1,0.0,1.0
synthetic128,diffusion/combined,window,48,untouched-008,8,False,untouched,0,1,0.0,1.0
synthetic128,diffusion/combined,window,48,transition-008,8,False,transition,0,2,0.0,1.0
synthetic128,diffusion/combined,window,48,untouched-009,9,False,untouched,0,0,0.0,1.0
synthetic128,diffusion/combined,window,48,transition-009,9,False,transition,0,1,0.0,1.0
synthetic128,diffusion/combined,window,48,untouched-010,10,False,untouched,0,0,0.0,1.0
synthetic128,diffusion/combined,window,48,transition-010,10,False,transition,0,1,0.0,1.0
synthetic128,diffusion/combined,window,48,untouched-011,11,False,untouched,0,2,0.0,1.0
synthetic128,diffusion/combined,window,48,transition-011,11,False,transition,0,1,0.0,1.0
synthetic128,diffusion/entropy,window,96,copy-000,0,True,copy,0,1,0.0,1.0
synthetic128,diffusion/entropy,window,96,copy-001,1,True,copy,0,0,0.0,1.0
synthetic128,diffusion/entropy,window,96,copy-002,2,True,copy,0,0,0.0,1.0
synthetic128,diffusion/entropy,window,96,copy-003,3,True,copy,0,1,0.0,1.0
synthetic128,diffusion/entropy,window,96,copy-004,4,True,copy,0,1,0.0,1.0
synthetic128,diffusion/entropy,window,96,copy-005,5,True,copy,0,0,0.0,1.0
synthetic128,diffusion/entropy,window,96,common-006,6,True,common,0,1,0.0,1.0
synthetic128,diffusion/entropy,window,96,common-007,7,True,common,0,0,0.0,1.0
synthetic128,diffusion/entropy,window,96,common-008,8,True,common,0,0,0.0,1.0
synthetic128,diffusion/entropy,window,96,common-009,9,True,common,0,1,0.0,1.0
synthetic128,diffusion/entropy,window,96,common-010,10,True,common,1,0,0.0,1.0
synthetic128,diffusion/entropy,window,96,common-011,11,True,common,0,0,0.0,1.0
synthetic128,diffusion/entropy,window,96,decouple-012,0,True,decouple,0,1,0.0,1.0
synthetic128,diffusion/entropy,window,96,decouple-013,1,True,decouple,0,0,0.0,1.0
synthetic128,diffusion/entropy,window,96,decouple-014,2,True,decouple,0,0,0.0,1.0
synthetic128,diffusion/entropy,window,96,decouple-015,3,True,decouple,0,1,0.0,1.0
synthetic128,diffusion/entropy,window,96,decouple-016,4,True,decouple,0,1,0.0,1.0
synthetic128,diffusion/entropy,window,96,decouple-017,5,True,decouple,0,0,0.0,1.0
synthetic128,diffusion/entropy,window,96,noise-018,6,True,noise,0,1,0.0,1.0
synthetic128,diffusion/entropy,window,96,noise-019,7,True,noise,0,0,0.0,1.0
synthetic128,diffusion/entropy,window,96,noise-020,8,True,noise,0,0,0.0,1.0
synthetic128,diffusion/entropy,window,96,noise-021,9,True,noise,0,1,0.0,1.0
synthetic128,diffusion/entropy,window,96,noise-022,10,True,noise,1,0,0.0,1.0
synthetic128,diffusion/entropy,window,96,noise-023,11,True,noise,0,0,0.0,1.0
synthetic128,diffusion/entropy,window,96,delay-024,0,True,delay,0,1,0.0,1.0
synthetic128,diffusion/entropy,window,96,delay-025,1,True,delay,0,0,0.0,1.0
synthetic128,diffusion/entropy,window,96,delay-026,2,True,delay,0,0,0.0,1.0
synthetic128,diffusion/entropy,window,96,delay-027,3,True,delay,0,1,0.0,1.0
synthetic128,diffusion/entropy,window,96,delay-028,4,True,delay,0,1,0.0,1.0
synthetic128,diffusion/entropy,window,96,delay-029,5,True,delay,0,0,0.0,1.0
synthetic128,diffusion/entropy,window,96,drift-030,6,True,drift,0,1,0.0,1.0
synthetic128,diffusion/entropy,window,96,drift-031,7,True,drift,0,0,0.0,1.0
synthetic128,diffusion/entropy,window,96,drift-032,8,True,drift,0,0,0.0,1.0
synthetic128,diffusion/entropy,window,96,drift-033,9,True,drift,0,1,0.0,1.0
synthetic128,diffusion/entropy,window,96,drift-034,10,True,drift,1,0,0.0,1.0
synthetic128,diffusion/entropy,window,96,drift-035,11,True,drift,0,0,0.0,1.0
synthetic128,diffusion/entropy,window,96,flatline-036,0,True,flatline,0,1,0.0,1.0
synthetic128,diffusion/entropy,window,96,flatline-037,1,True,flatline,0,0,0.0,1.0
synthetic128,diffusion/entropy,window,96,flatline-038,2,True,flatline,0,0,0.0,0.9721293199554069
synthetic128,diffusion/entropy,window,96,flatline-039,3,True,flatline,0,1,0.0,1.0
synthetic128,diffusion/entropy,window,96,flatline-040,4,True,flatline,0,1,0.0,1.0
synthetic128,diffusion/entropy,window,96,flatline-041,5,True,flatline,0,0,0.0,0.9520624303232998
synthetic128,diffusion/entropy,window,96,dropout-042,6,True,dropout,0,1,0.0,1.0
synthetic128,diffusion/entropy,window,96,dropout-043,7,True,dropout,0,0,0.0,0.5284280936454849
synthetic128,diffusion/entropy,window,96,dropout-044,8,True,dropout,0,0,0.0,0.7792642140468228
synthetic128,diffusion/entropy,window,96,dropout-045,9,True,dropout,0,1,0.0,1.0
synthetic128,diffusion/entropy,window,96,dropout-046,10,True,dropout,1,0,0.0,0.8294314381270903
synthetic128,diffusion/entropy,window,96,dropout-047,11,True,dropout,0,0,0.0,0.6287625418060201
synthetic128,diffusion/entropy,window,96,anticorrelated-048,0,True,anticorrelated,0,1,0.0,1.0
synthetic128,diffusion/entropy,window,96,anticorrelated-049,1,True,anticorrelated,0,0,0.0,1.0
synthetic128,diffusion/entropy,window,96,anticorrelated-050,2,True,anticorrelated,0,0,0.0,1.0
synthetic128,diffusion/entropy,window,96,anticorrelated-051,3,True,anticorrelated,0,1,0.0,1.0
synthetic128,diffusion/entropy,window,96,anticorrelated-052,4,True,anticorrelated,0,2,0.0,1.0
synthetic128,diffusion/entropy,window,96,anticorrelated-053,5,True,anticorrelated,0,0,0.0,1.0
synthetic128,diffusion/entropy,window,96,mixed-054,6,True,mixed,0,1,0.0,1.0
synthetic128,diffusion/entropy,window,96,mixed-055,7,True,mixed,0,0,0.0,1.0
synthetic128,diffusion/entropy,window,96,mixed-056,8,True,mixed,0,0,0.0,1.0
synthetic128,diffusion/entropy,window,96,mixed-057,9,True,mixed,0,1,0.0,1.0
synthetic128,diffusion/entropy,window,96,mixed-058,10,True,mixed,1,0,0.125,1.0
synthetic128,diffusion/entropy,window,96,mixed-059,11,True,mixed,0,0,0.0,1.0
synthetic128,diffusion/entropy,window,96,matched_covariance-060,0,True,matched_covariance,0,1,0.0,1.0
synthetic128,diffusion/entropy,window,96,matched_covariance-061,1,True,matched_covariance,0,0,0.0,1.0
synthetic128,diffusion/entropy,window,96,matched_covariance-062,2,True,matched_covariance,0,0,0.0,1.0
synthetic128,diffusion/entropy,window,96,matched_covariance-063,3,True,matched_covariance,0,1,0.0,1.0
synthetic128,diffusion/entropy,window,96,matched_covariance-064,4,True,matched_covariance,0,1,0.0,1.0
synthetic128,diffusion/entropy,window,96,matched_covariance-065,5,True,matched_covariance,0,0,0.0,1.0
synthetic128,diffusion/entropy,window,96,marginal_preserving-066,6,True,marginal_preserving,0,1,0.0,1.0
synthetic128,diffusion/entropy,window,96,marginal_preserving-067,7,True,marginal_preserving,0,0,0.0,1.0
synthetic128,diffusion/entropy,window,96,marginal_preserving-068,8,True,marginal_preserving,0,0,0.0,1.0
synthetic128,diffusion/entropy,window,96,marginal_preserving-069,9,True,marginal_preserving,0,1,0.0,1.0
synthetic128,diffusion/entropy,window,96,marginal_preserving-070,10,True,marginal_preserving,1,0,0.058823529411764705,1.0
synthetic128,diffusion/entropy,window,96,marginal_preserving-071,11,True,marginal_preserving,0,0,0.0,1.0
synthetic128,diffusion/entropy,window,96,untouched-000,0,False,untouched,0,1,0.0,1.0
synthetic128,diffusion/entropy,window,96,transition-000,0,False,transition,0,0,0.0,1.0
synthetic128,diffusion/entropy,window,96,untouched-001,1,False,untouched,0,0,0.0,1.0
synthetic128,diffusion/entropy,window,96,transition-001,1,False,transition,0,0,0.0,1.0
synthetic128,diffusion/entropy,window,96,untouched-002,2,False,untouched,0,0,0.0,1.0
synthetic128,diffusion/entropy,window,96,transition-002,2,False,transition,0,0,0.0,1.0
synthetic128,diffusion/entropy,window,96,untouched-003,3,False,untouched,0,1,0.0,1.0
synthetic128,diffusion/entropy,window,96,transition-003,3,False,transition,0,0,0.0,1.0
synthetic128,diffusion/entropy,window,96,untouched-004,4,False,untouched,0,1,0.0,1.0
synthetic128,diffusion/entropy,window,96,transition-004,4,False,transition,0,2,0.0,1.0
synthetic128,diffusion/entropy,window,96,untouched-005,5,False,untouched,0,0,0.0,1.0
synthetic128,diffusion/entropy,window,96,transition-005,5,False,transition,0,0,0.0,1.0
synthetic128,diffusion/entropy,window,96,untouched-006,6,False,untouched,0,1,0.0,1.0
synthetic128,diffusion/entropy,window,96,transition-006,6,False,transition,0,1,0.0,1.0
synthetic128,diffusion/entropy,window,96,untouched-007,7,False,untouched,0,0,0.0,1.0
synthetic128,diffusion/entropy,window,96,transition-007,7,False,transition,0,0,0.0,1.0
synthetic128,diffusion/entropy,window,96,untouched-008,8,False,untouched,0,0,0.0,1.0
synthetic128,diffusion/entropy,window,96,transition-008,8,False,transition,0,0,0.0,1.0
synthetic128,diffusion/entropy,window,96,untouched-009,9,False,untouched,0,1,0.0,1.0
synthetic128,diffusion/entropy,window,96,transition-009,9,False,transition,0,0,0.0,1.0
synthetic128,diffusion/entropy,window,96,untouched-010,10,False,untouched,0,1,0.0,1.0
synthetic128,diffusion/entropy,window,96,transition-010,10,False,transition,0,1,0.0,1.0
synthetic128,diffusion/entropy,window,96,untouched-011,11,False,untouched,0,0,0.0,1.0
synthetic128,diffusion/entropy,window,96,transition-011,11,False,transition,0,0,0.0,1.0
synthetic128,diffusion/synchronization,window,96,copy-000,0,True,copy,0,1,0.0,1.0
synthetic128,diffusion/synchronization,window,96,copy-001,1,True,copy,0,0,0.0,1.0
synthetic128,diffusion/synchronization,window,96,copy-002,2,True,copy,0,0,0.0,1.0
synthetic128,diffusion/synchronization,window,96,copy-003,3,True,copy,0,2,0.0,1.0
synthetic128,diffusion/synchronization,window,96,copy-004,4,True,copy,0,2,0.0,1.0
synthetic128,diffusion/synchronization,window,96,copy-005,5,True,copy,0,0,0.0,1.0
synthetic128,diffusion/synchronization,window,96,common-006,6,True,common,0,1,0.0,1.0
synthetic128,diffusion/synchronization,window,96,common-007,7,True,common,0,0,0.0,1.0
synthetic128,diffusion/synchronization,window,96,common-008,8,True,common,0,0,0.0,1.0
synthetic128,diffusion/synchronization,window,96,common-009,9,True,common,0,1,0.0,1.0
synthetic128,diffusion/synchronization,window,96,common-010,10,True,common,1,2,0.0,1.0
synthetic128,diffusion/synchronization,window,96,common-011,11,True,common,0,0,0.0,1.0
synthetic128,diffusion/synchronization,window,96,decouple-012,0,True,decouple,0,1,0.0,1.0
synthetic128,diffusion/synchronization,window,96,decouple-013,1,True,decouple,0,0,0.0,1.0
synthetic128,diffusion/synchronization,window,96,decouple-014,2,True,decouple,0,0,0.0,1.0
synthetic128,diffusion/synchronization,window,96,decouple-015,3,True,decouple,0,2,0.0,1.0
synthetic128,diffusion/synchronization,window,96,decouple-016,4,True,decouple,0,2,0.0,1.0
synthetic128,diffusion/synchronization,window,96,decouple-017,5,True,decouple,0,0,0.0,1.0
synthetic128,diffusion/synchronization,window,96,noise-018,6,True,noise,0,1,0.0,1.0
synthetic128,diffusion/synchronization,window,96,noise-019,7,True,noise,0,0,0.0,1.0
synthetic128,diffusion/synchronization,window,96,noise-020,8,True,noise,0,0,0.0,1.0
synthetic128,diffusion/synchronization,window,96,noise-021,9,True,noise,0,1,0.0,1.0
synthetic128,diffusion/synchronization,window,96,noise-022,10,True,noise,1,2,0.2,1.0
synthetic128,diffusion/synchronization,window,96,noise-023,11,True,noise,0,0,0.0,1.0
synthetic128,diffusion/synchronization,window,96,delay-024,0,True,delay,0,1,0.0,1.0
synthetic128,diffusion/synchronization,window,96,delay-025,1,True,delay,0,0,0.0,1.0
synthetic128,diffusion/synchronization,window,96,delay-026,2,True,delay,0,0,0.0,1.0
synthetic128,diffusion/synchronization,window,96,delay-027,3,True,delay,0,2,0.0,1.0
synthetic128,diffusion/synchronization,window,96,delay-028,4,True,delay,0,2,0.0,1.0
synthetic128,diffusion/synchronization,window,96,delay-029,5,True,delay,0,0,0.0,1.0
synthetic128,diffusion/synchronization,window,96,drift-030,6,True,drift,0,1,0.0,1.0
synthetic128,diffusion/synchronization,window,96,drift-031,7,True,drift,0,0,0.0,1.0
synthetic128,diffusion/synchronization,window,96,drift-032,8,True,drift,0,0,0.0,1.0
synthetic128,diffusion/synchronization,window,96,drift-033,9,True,drift,0,1,0.0,1.0
synthetic128,diffusion/synchronization,window,96,drift-034,10,True,drift,1,2,0.0,1.0
synthetic128,diffusion/synchronization,window,96,drift-035,11,True,drift,0,0,0.0,1.0
synthetic128,diffusion/synchronization,window,96,flatline-036,0,True,flatline,0,1,0.0,1.0
synthetic128,diffusion/synchronization,window,96,flatline-037,1,True,flatline,0,1,0.0,1.0
synthetic128,diffusion/synchronization,window,96,flatline-038,2,True,flatline,1,0,0.058823529411764705,0.9721293199554069
synthetic128,diffusion/synchronization,window,96,flatline-039,3,True,flatline,0,2,0.0,1.0
synthetic128,diffusion/synchronization,window,96,flatline-040,4,True,flatline,0,1,0.0,1.0
synthetic128,diffusion/synchronization,window,96,flatline-041,5,True,flatline,0,1,0.0,0.9520624303232998
synthetic128,diffusion/synchronization,window,96,dropout-042,6,True,dropout,0,1,0.0,1.0
synthetic128,diffusion/synchronization,window,96,dropout-043,7,True,dropout,0,0,0.0,0.5284280936454849
synthetic128,diffusion/synchronization,window,96,dropout-044,8,True,dropout,0,0,0.0,0.7792642140468228
synthetic128,diffusion/synchronization,window,96,dropout-045,9,True,dropout,0,1,0.0,1.0
synthetic128,diffusion/synchronization,window,96,dropout-046,10,True,dropout,1,2,0.0,0.8294314381270903
synthetic128,diffusion/synchronization,window,96,dropout-047,11,True,dropout,0,0,0.0,0.6287625418060201
synthetic128,diffusion/synchronization,window,96,anticorrelated-048,0,True,anticorrelated,0,1,0.0,1.0
synthetic128,diffusion/synchronization,window,96,anticorrelated-049,1,True,anticorrelated,0,0,0.0,1.0
synthetic128,diffusion/synchronization,window,96,anticorrelated-050,2,True,anticorrelated,0,0,0.0,1.0
synthetic128,diffusion/synchronization,window,96,anticorrelated-051,3,True,anticorrelated,0,2,0.0,1.0
synthetic128,diffusion/synchronization,window,96,anticorrelated-052,4,True,anticorrelated,0,1,0.0,1.0
synthetic128,diffusion/synchronization,window,96,anticorrelated-053,5,True,anticorrelated,1,0,0.14285714285714285,1.0
synthetic128,diffusion/synchronization,window,96,mixed-054,6,True,mixed,0,1,0.0,1.0
synthetic128,diffusion/synchronization,window,96,mixed-055,7,True,mixed,0,0,0.0,1.0
synthetic128,diffusion/synchronization,window,96,mixed-056,8,True,mixed,0,0,0.0,1.0
synthetic128,diffusion/synchronization,window,96,mixed-057,9,True,mixed,0,2,0.0,1.0
synthetic128,diffusion/synchronization,window,96,mixed-058,10,True,mixed,1,2,0.125,1.0
synthetic128,diffusion/synchronization,window,96,mixed-059,11,True,mixed,0,0,0.0,1.0
synthetic128,diffusion/synchronization,window,96,matched_covariance-060,0,True,matched_covariance,0,1,0.0,1.0
synthetic128,diffusion/synchronization,window,96,matched_covariance-061,1,True,matched_covariance,0,0,0.0,1.0
synthetic128,diffusion/synchronization,window,96,matched_covariance-062,2,True,matched_covariance,0,0,0.0,1.0
synthetic128,diffusion/synchronization,window,96,matched_covariance-063,3,True,matched_covariance,0,2,0.0,1.0
synthetic128,diffusion/synchronization,window,96,matched_covariance-064,4,True,matched_covariance,0,2,0.0,1.0
synthetic128,diffusion/synchronization,window,96,matched_covariance-065,5,True,matched_covariance,0,0,0.0,1.0
synthetic128,diffusion/synchronization,window,96,marginal_preserving-066,6,True,marginal_preserving,0,1,0.0,1.0
synthetic128,diffusion/synchronization,window,96,marginal_preserving-067,7,True,marginal_preserving,0,0,0.0,1.0
synthetic128,diffusion/synchronization,window,96,marginal_preserving-068,8,True,marginal_preserving,1,0,0.2,1.0
synthetic128,diffusion/synchronization,window,96,marginal_preserving-069,9,True,marginal_preserving,0,1,0.0,1.0
synthetic128,diffusion/synchronization,window,96,marginal_preserving-070,10,True,marginal_preserving,1,2,0.058823529411764705,1.0
synthetic128,diffusion/synchronization,window,96,marginal_preserving-071,11,True,marginal_preserving,0,0,0.0,1.0
synthetic128,diffusion/synchronization,window,96,untouched-000,0,False,untouched,0,1,0.0,1.0
synthetic128,diffusion/synchronization,window,96,transition-000,0,False,transition,0,0,0.0,1.0
synthetic128,diffusion/synchronization,window,96,untouched-001,1,False,untouched,0,0,0.0,1.0
synthetic128,diffusion/synchronization,window,96,transition-001,1,False,transition,0,0,0.0,1.0
synthetic128,diffusion/synchronization,window,96,untouched-002,2,False,untouched,0,0,0.0,1.0
synthetic128,diffusion/synchronization,window,96,transition-002,2,False,transition,0,0,0.0,1.0
synthetic128,diffusion/synchronization,window,96,untouched-003,3,False,untouched,0,2,0.0,1.0
synthetic128,diffusion/synchronization,window,96,transition-003,3,False,transition,0,0,0.0,1.0
synthetic128,diffusion/synchronization,window,96,untouched-004,4,False,untouched,0,2,0.0,1.0
synthetic128,diffusion/synchronization,window,96,transition-004,4,False,transition,0,2,0.0,1.0
synthetic128,diffusion/synchronization,window,96,untouched-005,5,False,untouched,0,0,0.0,1.0
synthetic128,diffusion/synchronization,window,96,transition-005,5,False,transition,0,0,0.0,1.0
synthetic128,diffusion/synchronization,window,96,untouched-006,6,False,untouched,0,1,0.0,1.0
synthetic128,diffusion/synchronization,window,96,transition-006,6,False,transition,0,2,0.0,1.0
synthetic128,diffusion/synchronization,window,96,untouched-007,7,False,untouched,0,0,0.0,1.0
synthetic128,diffusion/synchronization,window,96,transition-007,7,False,transition,0,0,0.0,1.0
synthetic128,diffusion/synchronization,window,96,untouched-008,8,False,untouched,0,0,0.0,1.0
synthetic128,diffusion/synchronization,window,96,transition-008,8,False,transition,0,0,0.0,1.0
synthetic128,diffusion/synchronization,window,96,untouched-009,9,False,untouched,0,1,0.0,1.0
synthetic128,diffusion/synchronization,window,96,transition-009,9,False,transition,0,0,0.0,1.0
synthetic128,diffusion/synchronization,window,96,untouched-010,10,False,untouched,0,3,0.0,1.0
synthetic128,diffusion/synchronization,window,96,transition-010,10,False,transition,0,1,0.0,1.0
synthetic128,diffusion/synchronization,window,96,untouched-011,11,False,untouched,0,0,0.0,1.0
synthetic128,diffusion/synchronization,window,96,transition-011,11,False,transition,0,0,0.0,1.0
synthetic128,diffusion/combined,window,96,copy-000,0,True,copy,0,1,0.0,1.0
synthetic128,diffusion/combined,window,96,copy-001,1,True,copy,0,0,0.0,1.0
synthetic128,diffusion/combined,window,96,copy-002,2,True,copy,0,0,0.0,1.0
synthetic128,diffusion/combined,window,96,copy-003,3,True,copy,0,2,0.0,1.0
synthetic128,diffusion/combined,window,96,copy-004,4,True,copy,0,2,0.0,1.0
synthetic128,diffusion/combined,window,96,copy-005,5,True,copy,0,0,0.0,1.0
synthetic128,diffusion/combined,window,96,common-006,6,True,common,0,1,0.0,1.0
synthetic128,diffusion/combined,window,96,common-007,7,True,common,0,0,0.0,1.0
synthetic128,diffusion/combined,window,96,common-008,8,True,common,0,0,0.0,1.0
synthetic128,diffusion/combined,window,96,common-009,9,True,common,0,1,0.0,1.0
synthetic128,diffusion/combined,window,96,common-010,10,True,common,1,2,0.0,1.0
synthetic128,diffusion/combined,window,96,common-011,11,True,common,0,0,0.0,1.0
synthetic128,diffusion/combined,window,96,decouple-012,0,True,decouple,0,1,0.0,1.0
synthetic128,diffusion/combined,window,96,decouple-013,1,True,decouple,0,0,0.0,1.0
synthetic128,diffusion/combined,window,96,decouple-014,2,True,decouple,0,0,0.0,1.0
synthetic128,diffusion/combined,window,96,decouple-015,3,True,decouple,0,2,0.0,1.0
synthetic128,diffusion/combined,window,96,decouple-016,4,True,decouple,0,2,0.0,1.0
synthetic128,diffusion/combined,window,96,decouple-017,5,True,decouple,0,0,0.0,1.0
synthetic128,diffusion/combined,window,96,noise-018,6,True,noise,0,1,0.0,1.0
synthetic128,diffusion/combined,window,96,noise-019,7,True,noise,0,0,0.0,1.0
synthetic128,diffusion/combined,window,96,noise-020,8,True,noise,0,0,0.0,1.0
synthetic128,diffusion/combined,window,96,noise-021,9,True,noise,0,1,0.0,1.0
synthetic128,diffusion/combined,window,96,noise-022,10,True,noise,1,2,0.2,1.0
synthetic128,diffusion/combined,window,96,noise-023,11,True,noise,0,0,0.0,1.0
synthetic128,diffusion/combined,window,96,delay-024,0,True,delay,0,1,0.0,1.0
synthetic128,diffusion/combined,window,96,delay-025,1,True,delay,0,0,0.0,1.0
synthetic128,diffusion/combined,window,96,delay-026,2,True,delay,0,0,0.0,1.0
synthetic128,diffusion/combined,window,96,delay-027,3,True,delay,0,2,0.0,1.0
synthetic128,diffusion/combined,window,96,delay-028,4,True,delay,0,2,0.0,1.0
synthetic128,diffusion/combined,window,96,delay-029,5,True,delay,0,0,0.0,1.0
synthetic128,diffusion/combined,window,96,drift-030,6,True,drift,0,1,0.0,1.0
synthetic128,diffusion/combined,window,96,drift-031,7,True,drift,0,0,0.0,1.0
synthetic128,diffusion/combined,window,96,drift-032,8,True,drift,0,0,0.0,1.0
synthetic128,diffusion/combined,window,96,drift-033,9,True,drift,0,1,0.0,1.0
synthetic128,diffusion/combined,window,96,drift-034,10,True,drift,1,2,0.0,1.0
synthetic128,diffusion/combined,window,96,drift-035,11,True,drift,0,0,0.0,1.0
synthetic128,diffusion/combined,window,96,flatline-036,0,True,flatline,0,1,0.0,1.0
synthetic128,diffusion/combined,window,96,flatline-037,1,True,flatline,0,1,0.0,1.0
synthetic128,diffusion/combined,window,96,flatline-038,2,True,flatline,1,0,0.058823529411764705,0.9721293199554069
synthetic128,diffusion/combined,window,96,flatline-039,3,True,flatline,0,2,0.0,1.0
synthetic128,diffusion/combined,window,96,flatline-040,4,True,flatline,0,1,0.0,1.0
synthetic128,diffusion/combined,window,96,flatline-041,5,True,flatline,0,1,0.0,0.9520624303232998
synthetic128,diffusion/combined,window,96,dropout-042,6,True,dropout,0,1,0.0,1.0
synthetic128,diffusion/combined,window,96,dropout-043,7,True,dropout,0,0,0.0,0.5284280936454849
synthetic128,diffusion/combined,window,96,dropout-044,8,True,dropout,0,0,0.0,0.7792642140468228
synthetic128,diffusion/combined,window,96,dropout-045,9,True,dropout,0,1,0.0,1.0
synthetic128,diffusion/combined,window,96,dropout-046,10,True,dropout,1,2,0.0,0.8294314381270903
synthetic128,diffusion/combined,window,96,dropout-047,11,True,dropout,0,0,0.0,0.6287625418060201
synthetic128,diffusion/combined,window,96,anticorrelated-048,0,True,anticorrelated,0,1,0.0,1.0
synthetic128,diffusion/combined,window,96,anticorrelated-049,1,True,anticorrelated,0,0,0.0,1.0
synthetic128,diffusion/combined,window,96,anticorrelated-050,2,True,anticorrelated,0,0,0.0,1.0
synthetic128,diffusion/combined,window,96,anticorrelated-051,3,True,anticorrelated,0,2,0.0,1.0
synthetic128,diffusion/combined,window,96,anticorrelated-052,4,True,anticorrelated,0,1,0.0,1.0
synthetic128,diffusion/combined,window,96,anticorrelated-053,5,True,anticorrelated,1,0,0.14285714285714285,1.0
synthetic128,diffusion/combined,window,96,mixed-054,6,True,mixed,0,1,0.0,1.0
synthetic128,diffusion/combined,window,96,mixed-055,7,True,mixed,0,0,0.0,1.0
synthetic128,diffusion/combined,window,96,mixed-056,8,True,mixed,0,0,0.0,1.0
synthetic128,diffusion/combined,window,96,mixed-057,9,True,mixed,0,2,0.0,1.0
synthetic128,diffusion/combined,window,96,mixed-058,10,True,mixed,1,2,0.125,1.0
synthetic128,diffusion/combined,window,96,mixed-059,11,True,mixed,0,0,0.0,1.0
synthetic128,diffusion/combined,window,96,matched_covariance-060,0,True,matched_covariance,0,1,0.0,1.0
synthetic128,diffusion/combined,window,96,matched_covariance-061,1,True,matched_covariance,0,0,0.0,1.0
synthetic128,diffusion/combined,window,96,matched_covariance-062,2,True,matched_covariance,0,0,0.0,1.0
synthetic128,diffusion/combined,window,96,matched_covariance-063,3,True,matched_covariance,0,2,0.0,1.0
synthetic128,diffusion/combined,window,96,matched_covariance-064,4,True,matched_covariance,0,2,0.0,1.0
synthetic128,diffusion/combined,window,96,matched_covariance-065,5,True,matched_covariance,0,0,0.0,1.0
synthetic128,diffusion/combined,window,96,marginal_preserving-066,6,True,marginal_preserving,0,1,0.0,1.0
synthetic128,diffusion/combined,window,96,marginal_preserving-067,7,True,marginal_preserving,0,0,0.0,1.0
synthetic128,diffusion/combined,window,96,marginal_preserving-068,8,True,marginal_preserving,1,0,0.2,1.0
synthetic128,diffusion/combined,window,96,marginal_preserving-069,9,True,marginal_preserving,0,1,0.0,1.0
synthetic128,diffusion/combined,window,96,marginal_preserving-070,10,True,marginal_preserving,1,2,0.058823529411764705,1.0
synthetic128,diffusion/combined,window,96,marginal_preserving-071,11,True,marginal_preserving,0,0,0.0,1.0
synthetic128,diffusion/combined,window,96,untouched-000,0,False,untouched,0,1,0.0,1.0
synthetic128,diffusion/combined,window,96,transition-000,0,False,transition,0,0,0.0,1.0
synthetic128,diffusion/combined,window,96,untouched-001,1,False,untouched,0,0,0.0,1.0
synthetic128,diffusion/combined,window,96,transition-001,1,False,transition,0,0,0.0,1.0
synthetic128,diffusion/combined,window,96,untouched-002,2,False,untouched,0,0,0.0,1.0
synthetic128,diffusion/combined,window,96,transition-002,2,False,transition,0,0,0.0,1.0
synthetic128,diffusion/combined,window,96,untouched-003,3,False,untouched,0,2,0.0,1.0
synthetic128,diffusion/combined,window,96,transition-003,3,False,transition,0,0,0.0,1.0
synthetic128,diffusion/combined,window,96,untouched-004,4,False,untouched,0,2,0.0,1.0
synthetic128,diffusion/combined,window,96,transition-004,4,False,transition,0,2,0.0,1.0
synthetic128,diffusion/combined,window,96,untouched-005,5,False,untouched,0,0,0.0,1.0
synthetic128,diffusion/combined,window,96,transition-005,5,False,transition,0,0,0.0,1.0
synthetic128,diffusion/combined,window,96,untouched-006,6,False,untouched,0,1,0.0,1.0
synthetic128,diffusion/combined,window,96,transition-006,6,False,transition,0,2,0.0,1.0
synthetic128,diffusion/combined,window,96,untouched-007,7,False,untouched,0,0,0.0,1.0
synthetic128,diffusion/combined,window,96,transition-007,7,False,transition,0,0,0.0,1.0
synthetic128,diffusion/combined,window,96,untouched-008,8,False,untouched,0,0,0.0,1.0
synthetic128,diffusion/combined,window,96,transition-008,8,False,transition,0,0,0.0,1.0
synthetic128,diffusion/combined,window,96,untouched-009,9,False,untouched,0,1,0.0,1.0
synthetic128,diffusion/combined,window,96,transition-009,9,False,transition,0,0,0.0,1.0
synthetic128,diffusion/combined,window,96,untouched-010,10,False,untouched,0,3,0.0,1.0
synthetic128,diffusion/combined,window,96,transition-010,10,False,transition,0,1,0.0,1.0
synthetic128,diffusion/combined,window,96,untouched-011,11,False,untouched,0,0,0.0,1.0
synthetic128,diffusion/combined,window,96,transition-011,11,False,transition,0,0,0.0,1.0
synthetic128,diffusion/entropy,size,6,copy-000,0,True,copy,0,1,0.0,1.0
synthetic128,diffusion/entropy,size,6,copy-001,1,True,copy,0,0,0.0,1.0
synthetic128,diffusion/entropy,size,6,copy-002,2,True,copy,0,0,0.0,1.0
synthetic128,diffusion/entropy,size,6,copy-003,3,True,copy,0,1,0.0,1.0
synthetic128,diffusion/entropy,size,6,copy-004,4,True,copy,0,1,0.0,1.0
synthetic128,diffusion/entropy,size,6,copy-005,5,True,copy,0,0,0.0,1.0
synthetic128,diffusion/entropy,size,6,common-006,6,True,common,0,1,0.0,1.0
synthetic128,diffusion/entropy,size,6,common-007,7,True,common,0,1,0.0,1.0
synthetic128,diffusion/entropy,size,6,common-008,8,True,common,0,0,0.0,1.0
synthetic128,diffusion/entropy,size,6,common-009,9,True,common,0,1,0.0,1.0
synthetic128,diffusion/entropy,size,6,common-010,10,True,common,0,0,0.0,1.0
synthetic128,diffusion/entropy,size,6,common-011,11,True,common,0,0,0.0,1.0
synthetic128,diffusion/entropy,size,6,decouple-012,0,True,decouple,0,1,0.0,1.0
synthetic128,diffusion/entropy,size,6,decouple-013,1,True,decouple,0,0,0.0,1.0
synthetic128,diffusion/entropy,size,6,decouple-014,2,True,decouple,0,0,0.0,1.0
synthetic128,diffusion/entropy,size,6,decouple-015,3,True,decouple,0,1,0.0,1.0
synthetic128,diffusion/entropy,size,6,decouple-016,4,True,decouple,0,1,0.0,1.0
synthetic128,diffusion/entropy,size,6,decouple-017,5,True,decouple,0,0,0.0,1.0
synthetic128,diffusion/entropy,size,6,noise-018,6,True,noise,0,1,0.0,1.0
synthetic128,diffusion/entropy,size,6,noise-019,7,True,noise,0,1,0.0,1.0
synthetic128,diffusion/entropy,size,6,noise-020,8,True,noise,0,0,0.0,1.0
synthetic128,diffusion/entropy,size,6,noise-021,9,True,noise,0,1,0.0,1.0
synthetic128,diffusion/entropy,size,6,noise-022,10,True,noise,0,0,0.0,1.0
synthetic128,diffusion/entropy,size,6,noise-023,11,True,noise,0,0,0.0,1.0
synthetic128,diffusion/entropy,size,6,delay-024,0,True,delay,0,1,0.0,1.0
synthetic128,diffusion/entropy,size,6,delay-025,1,True,delay,0,0,0.0,1.0
synthetic128,diffusion/entropy,size,6,delay-026,2,True,delay,0,0,0.0,1.0
synthetic128,diffusion/entropy,size,6,delay-027,3,True,delay,0,1,0.0,1.0
synthetic128,diffusion/entropy,size,6,delay-028,4,True,delay,0,1,0.0,1.0
synthetic128,diffusion/entropy,size,6,delay-029,5,True,delay,0,0,0.0,1.0
synthetic128,diffusion/entropy,size,6,drift-030,6,True,drift,0,1,0.0,1.0
synthetic128,diffusion/entropy,size,6,drift-031,7,True,drift,0,1,0.0,1.0
synthetic128,diffusion/entropy,size,6,drift-032,8,True,drift,0,0,0.0,1.0
synthetic128,diffusion/entropy,size,6,drift-033,9,True,drift,0,1,0.0,1.0
synthetic128,diffusion/entropy,size,6,drift-034,10,True,drift,0,0,0.0,1.0
synthetic128,diffusion/entropy,size,6,drift-035,11,True,drift,0,0,0.0,1.0
synthetic128,diffusion/entropy,size,6,flatline-036,0,True,flatline,0,1,0.0,1.0
synthetic128,diffusion/entropy,size,6,flatline-037,1,True,flatline,0,0,0.0,0.9643255295429208
synthetic128,diffusion/entropy,size,6,flatline-038,2,True,flatline,0,0,0.0,0.9130434782608695
synthetic128,diffusion/entropy,size,6,flatline-039,3,True,flatline,0,1,0.0,1.0
synthetic128,diffusion/entropy,size,6,flatline-040,4,True,flatline,0,1,0.0,0.9643255295429208
synthetic128,diffusion/entropy,size,6,flatline-041,5,True,flatline,0,0,0.0,0.8695652173913043
synthetic128,diffusion/entropy,size,6,dropout-042,6,True,dropout,0,1,0.0,0.9866220735785953
synthetic128,diffusion/entropy,size,6,dropout-043,7,True,dropout,0,1,0.0,0.8127090301003345
synthetic128,diffusion/entropy,size,6,dropout-044,8,True,dropout,0,0,0.0,0.8439241917502787
synthetic128,diffusion/entropy,size,6,dropout-045,9,True,dropout,0,1,0.0,0.939799331103679
synthetic128,diffusion/entropy,size,6,dropout-046,10,True,dropout,0,0,0.0,0.882943143812709
synthetic128,diffusion/entropy,size,6,dropout-047,11,True,dropout,0,0,0.0,0.7814938684503902
synthetic128,diffusion/entropy,size,6,anticorrelated-048,0,True,anticorrelated,0,1,0.0,1.0
synthetic128,diffusion/entropy,size,6,anticorrelated-049,1,True,anticorrelated,0,0,0.0,1.0
synthetic128,diffusion/entropy,size,6,anticorrelated-050,2,True,anticorrelated,0,0,0.0,1.0
synthetic128,diffusion/entropy,size,6,anticorrelated-051,3,True,anticorrelated,0,1,0.0,1.0
synthetic128,diffusion/entropy,size,6,anticorrelated-052,4,True,anticorrelated,0,2,0.0,1.0
synthetic128,diffusion/entropy,size,6,anticorrelated-053,5,True,anticorrelated,0,0,0.0,1.0
synthetic128,diffusion/entropy,size,6,mixed-054,6,True,mixed,0,1,0.0,1.0
synthetic128,diffusion/entropy,size,6,mixed-055,7,True,mixed,0,1,0.0,1.0
synthetic128,diffusion/entropy,size,6,mixed-056,8,True,mixed,0,0,0.0,1.0
synthetic128,diffusion/entropy,size,6,mixed-057,9,True,mixed,0,1,0.0,1.0
synthetic128,diffusion/entropy,size,6,mixed-058,10,True,mixed,0,0,0.0,1.0
synthetic128,diffusion/entropy,size,6,mixed-059,11,True,mixed,0,0,0.0,1.0
synthetic128,diffusion/entropy,size,6,matched_covariance-060,0,True,matched_covariance,0,1,0.0,1.0
synthetic128,diffusion/entropy,size,6,matched_covariance-061,1,True,matched_covariance,0,0,0.0,1.0
synthetic128,diffusion/entropy,size,6,matched_covariance-062,2,True,matched_covariance,0,0,0.0,1.0
synthetic128,diffusion/entropy,size,6,matched_covariance-063,3,True,matched_covariance,0,1,0.0,1.0
synthetic128,diffusion/entropy,size,6,matched_covariance-064,4,True,matched_covariance,0,1,0.0,1.0
synthetic128,diffusion/entropy,size,6,matched_covariance-065,5,True,matched_covariance,0,0,0.0,1.0
synthetic128,diffusion/entropy,size,6,marginal_preserving-066,6,True,marginal_preserving,0,1,0.0,1.0
synthetic128,diffusion/entropy,size,6,marginal_preserving-067,7,True,marginal_preserving,0,1,0.0,1.0
synthetic128,diffusion/entropy,size,6,marginal_preserving-068,8,True,marginal_preserving,1,0,0.125,1.0
synthetic128,diffusion/entropy,size,6,marginal_preserving-069,9,True,marginal_preserving,0,1,0.0,1.0
synthetic128,diffusion/entropy,size,6,marginal_preserving-070,10,True,marginal_preserving,0,0,0.0,1.0
synthetic128,diffusion/entropy,size,6,marginal_preserving-071,11,True,marginal_preserving,0,0,0.0,1.0
synthetic128,diffusion/entropy,size,6,untouched-000,0,False,untouched,0,1,0.0,1.0
synthetic128,diffusion/entropy,size,6,transition-000,0,False,transition,0,0,0.0,1.0
synthetic128,diffusion/entropy,size,6,untouched-001,1,False,untouched,0,0,0.0,1.0
synthetic128,diffusion/entropy,size,6,transition-001,1,False,transition,0,0,0.0,1.0
synthetic128,diffusion/entropy,size,6,untouched-002,2,False,untouched,0,0,0.0,1.0
synthetic128,diffusion/entropy,size,6,transition-002,2,False,transition,0,0,0.0,1.0
synthetic128,diffusion/entropy,size,6,untouched-003,3,False,untouched,0,1,0.0,1.0
synthetic128,diffusion/entropy,size,6,transition-003,3,False,transition,0,0,0.0,1.0
synthetic128,diffusion/entropy,size,6,untouched-004,4,False,untouched,0,1,0.0,1.0
synthetic128,diffusion/entropy,size,6,transition-004,4,False,transition,0,2,0.0,1.0
synthetic128,diffusion/entropy,size,6,untouched-005,5,False,untouched,0,0,0.0,1.0
synthetic128,diffusion/entropy,size,6,transition-005,5,False,transition,0,1,0.0,1.0
synthetic128,diffusion/entropy,size,6,untouched-006,6,False,untouched,0,1,0.0,1.0
synthetic128,diffusion/entropy,size,6,transition-006,6,False,transition,0,1,0.0,1.0
synthetic128,diffusion/entropy,size,6,untouched-007,7,False,untouched,0,1,0.0,1.0
synthetic128,diffusion/entropy,size,6,transition-007,7,False,transition,0,1,0.0,1.0
synthetic128,diffusion/entropy,size,6,untouched-008,8,False,untouched,0,0,0.0,1.0
synthetic128,diffusion/entropy,size,6,transition-008,8,False,transition,0,0,0.0,1.0
synthetic128,diffusion/entropy,size,6,untouched-009,9,False,untouched,0,1,0.0,1.0
synthetic128,diffusion/entropy,size,6,transition-009,9,False,transition,0,0,0.0,1.0
synthetic128,diffusion/entropy,size,6,untouched-010,10,False,untouched,0,0,0.0,1.0
synthetic128,diffusion/entropy,size,6,transition-010,10,False,transition,0,1,0.0,1.0
synthetic128,diffusion/entropy,size,6,untouched-011,11,False,untouched,0,0,0.0,1.0
synthetic128,diffusion/entropy,size,6,transition-011,11,False,transition,0,0,0.0,1.0
synthetic128,diffusion/synchronization,size,6,copy-000,0,True,copy,0,1,0.0,1.0
synthetic128,diffusion/synchronization,size,6,copy-001,1,True,copy,0,1,0.0,1.0
synthetic128,diffusion/synchronization,size,6,copy-002,2,True,copy,0,0,0.0,1.0
synthetic128,diffusion/synchronization,size,6,copy-003,3,True,copy,0,2,0.0,1.0
synthetic128,diffusion/synchronization,size,6,copy-004,4,True,copy,0,1,0.0,1.0
synthetic128,diffusion/synchronization,size,6,copy-005,5,True,copy,0,0,0.0,1.0
synthetic128,diffusion/synchronization,size,6,common-006,6,True,common,0,1,0.0,1.0
synthetic128,diffusion/synchronization,size,6,common-007,7,True,common,0,0,0.0,1.0
synthetic128,diffusion/synchronization,size,6,common-008,8,True,common,1,1,0.0,1.0
synthetic128,diffusion/synchronization,size,6,common-009,9,True,common,0,1,0.0,1.0
synthetic128,diffusion/synchronization,size,6,common-010,10,True,common,1,2,0.0,1.0
synthetic128,diffusion/synchronization,size,6,common-011,11,True,common,1,0,0.043478260869565216,1.0
synthetic128,diffusion/synchronization,size,6,decouple-012,0,True,decouple,0,1,0.0,1.0
synthetic128,diffusion/synchronization,size,6,decouple-013,1,True,decouple,0,1,0.0,1.0
synthetic128,diffusion/synchronization,size,6,decouple-014,2,True,decouple,0,0,0.0,1.0
synthetic128,diffusion/synchronization,size,6,decouple-015,3,True,decouple,0,2,0.0,1.0
synthetic128,diffusion/synchronization,size,6,decouple-016,4,True,decouple,0,1,0.0,1.0
synthetic128,diffusion/synchronization,size,6,decouple-017,5,True,decouple,1,0,0.043478260869565216,1.0
synthetic128,diffusion/synchronization,size,6,noise-018,6,True,noise,0,1,0.0,1.0
synthetic128,diffusion/synchronization,size,6,noise-019,7,True,noise,0,0,0.0,1.0
synthetic128,diffusion/synchronization,size,6,noise-020,8,True,noise,1,1,0.0,1.0
synthetic128,diffusion/synchronization,size,6,noise-021,9,True,noise,0,1,0.0,1.0
synthetic128,diffusion/synchronization,size,6,noise-022,10,True,noise,1,2,0.0,1.0
synthetic128,diffusion/synchronization,size,6,noise-023,11,True,noise,1,0,0.043478260869565216,1.0
synthetic128,diffusion/synchronization,size,6,delay-024,0,True,delay,0,1,0.0,1.0
synthetic128,diffusion/synchronization,size,6,delay-025,1,True,delay,0,1,0.0,1.0
synthetic128,diffusion/synchronization,size,6,delay-026,2,True,delay,0,0,0.0,1.0
synthetic128,diffusion/synchronization,size,6,delay-027,3,True,delay,0,2,0.0,1.0
synthetic128,diffusion/synchronization,size,6,delay-028,4,True,delay,0,1,0.0,1.0
synthetic128,diffusion/synchronization,size,6,delay-029,5,True,delay,1,0,0.043478260869565216,1.0
synthetic128,diffusion/synchronization,size,6,drift-030,6,True,drift,0,1,0.0,1.0
synthetic128,diffusion/synchronization,size,6,drift-031,7,True,drift,0,0,0.0,1.0
synthetic128,diffusion/synchronization,size,6,drift-032,8,True,drift,1,1,0.0,1.0
synthetic128,diffusion/synchronization,size,6,drift-033,9,True,drift,0,1,0.0,1.0
synthetic128,diffusion/synchronization,size,6,drift-034,10,True,drift,1,2,0.125,1.0
synthetic128,diffusion/synchronization,size,6,drift-035,11,True,drift,1,0,0.14285714285714285,1.0
synthetic128,diffusion/synchronization,size,6,flatline-036,0,True,flatline,0,1,0.0,1.0
synthetic128,diffusion/synchronization,size,6,flatline-037,1,True,flatline,0,1,0.0,0.9643255295429208
synthetic128,diffusion/synchronization,size,6,flatline-038,2,True,flatline,1,0,0.125,0.9130434782608695
synthetic128,diffusion/synchronization,size,6,flatline-039,3,True,flatline,0,2,0.0,1.0
synthetic128,diffusion/synchronization,size,6,flatline-040,4,True,flatline,0,1,0.0,0.9643255295429208
synthetic128,diffusion/synchronization,size,6,flatline-041,5,True,flatline,0,1,0.0,0.8695652173913043
synthetic128,diffusion/synchronization,size,6,dropout-042,6,True,dropout,0,1,0.0,0.9866220735785953
synthetic128,diffusion/synchronization,size,6,dropout-043,7,True,dropout,0,0,0.0,0.8127090301003345
synthetic128,diffusion/synchronization,size,6,dropout-044,8,True,dropout,0,1,0.0,0.8439241917502787
synthetic128,diffusion/synchronization,size,6,dropout-045,9,True,dropout,0,1,0.0,0.939799331103679
synthetic128,diffusion/synchronization,size,6,dropout-046,10,True,dropout,1,2,0.0,0.882943143812709
synthetic128,diffusion/synchronization,size,6,dropout-047,11,True,dropout,1,0,0.0,0.7814938684503902
synthetic128,diffusion/synchronization,size,6,anticorrelated-048,0,True,anticorrelated,0,1,0.0,1.0
synthetic128,diffusion/synchronization,size,6,anticorrelated-049,1,True,anticorrelated,0,1,0.0,1.0
synthetic128,diffusion/synchronization,size,6,anticorrelated-050,2,True,anticorrelated,0,0,0.0,1.0
synthetic128,diffusion/synchronization,size,6,anticorrelated-051,3,True,anticorrelated,0,2,0.0,1.0
synthetic128,diffusion/synchronization,size,6,anticorrelated-052,4,True,anticorrelated,0,1,0.0,1.0
synthetic128,diffusion/synchronization,size,6,anticorrelated-053,5,True,anticorrelated,0,1,0.0,1.0
synthetic128,diffusion/synchronization,size,6,mixed-054,6,True,mixed,0,1,0.0,1.0
synthetic128,diffusion/synchronization,size,6,mixed-055,7,True,mixed,0,0,0.0,1.0
synthetic128,diffusion/synchronization,size,6,mixed-056,8,True,mixed,1,1,0.125,1.0
synthetic128,diffusion/synchronization,size,6,mixed-057,9,True,mixed,0,1,0.0,1.0
synthetic128,diffusion/synchronization,size,6,mixed-058,10,True,mixed,1,2,0.125,1.0
synthetic128,diffusion/synchronization,size,6,mixed-059,11,True,mixed,1,0,0.043478260869565216,1.0
synthetic128,diffusion/synchronization,size,6,matched_covariance-060,0,True,matched_covariance,0,1,0.0,1.0
synthetic128,diffusion/synchronization,size,6,matched_covariance-061,1,True,matched_covariance,0,1,0.0,1.0
synthetic128,diffusion/synchronization,size,6,matched_covariance-062,2,True,matched_covariance,0,0,0.0,1.0
synthetic128,diffusion/synchronization,size,6,matched_covariance-063,3,True,matched_covariance,0,2,0.0,1.0
synthetic128,diffusion/synchronization,size,6,matched_covariance-064,4,True,matched_covariance,0,1,0.0,1.0
synthetic128,diffusion/synchronization,size,6,matched_covariance-065,5,True,matched_covariance,0,0,0.0,1.0
synthetic128,diffusion/synchronization,size,6,marginal_preserving-066,6,True,marginal_preserving,0,1,0.0,1.0
synthetic128,diffusion/synchronization,size,6,marginal_preserving-067,7,True,marginal_preserving,0,0,0.0,1.0
synthetic128,diffusion/synchronization,size,6,marginal_preserving-068,8,True,marginal_preserving,1,1,0.125,1.0
synthetic128,diffusion/synchronization,size,6,marginal_preserving-069,9,True,marginal_preserving,0,1,0.0,1.0
synthetic128,diffusion/synchronization,size,6,marginal_preserving-070,10,True,marginal_preserving,1,2,0.058823529411764705,1.0
synthetic128,diffusion/synchronization,size,6,marginal_preserving-071,11,True,marginal_preserving,1,0,0.043478260869565216,1.0
synthetic128,diffusion/synchronization,size,6,untouched-000,0,False,untouched,0,1,0.0,1.0
synthetic128,diffusion/synchronization,size,6,transition-000,0,False,transition,0,0,0.0,1.0
synthetic128,diffusion/synchronization,size,6,untouched-001,1,False,untouched,0,1,0.0,1.0
synthetic128,diffusion/synchronization,size,6,transition-001,1,False,transition,0,1,0.0,1.0
synthetic128,diffusion/synchronization,size,6,untouched-002,2,False,untouched,0,0,0.0,1.0
synthetic128,diffusion/synchronization,size,6,transition-002,2,False,transition,0,0,0.0,1.0
synthetic128,diffusion/synchronization,size,6,untouched-003,3,False,untouched,0,2,0.0,1.0
synthetic128,diffusion/synchronization,size,6,transition-003,3,False,transition,0,0,0.0,1.0
synthetic128,diffusion/synchronization,size,6,untouched-004,4,False,untouched,0,1,0.0,1.0
synthetic128,diffusion/synchronization,size,6,transition-004,4,False,transition,0,0,0.0,1.0
synthetic128,diffusion/synchronization,size,6,untouched-005,5,False,untouched,0,0,0.0,1.0
synthetic128,diffusion/synchronization,size,6,transition-005,5,False,transition,0,1,0.0,1.0
synthetic128,diffusion/synchronization,size,6,untouched-006,6,False,untouched,0,1,0.0,1.0
synthetic128,diffusion/synchronization,size,6,transition-006,6,False,transition,0,2,0.0,1.0
synthetic128,diffusion/synchronization,size,6,untouched-007,7,False,untouched,0,0,0.0,1.0
synthetic128,diffusion/synchronization,size,6,transition-007,7,False,transition,0,0,0.0,1.0
synthetic128,diffusion/synchronization,size,6,untouched-008,8,False,untouched,0,2,0.0,1.0
synthetic128,diffusion/synchronization,size,6,transition-008,8,False,transition,0,2,0.0,1.0
synthetic128,diffusion/synchronization,size,6,untouched-009,9,False,untouched,0,1,0.0,1.0
synthetic128,diffusion/synchronization,size,6,transition-009,9,False,transition,0,0,0.0,1.0
synthetic128,diffusion/synchronization,size,6,untouched-010,10,False,untouched,0,3,0.0,1.0
synthetic128,diffusion/synchronization,size,6,transition-010,10,False,transition,0,1,0.0,1.0
synthetic128,diffusion/synchronization,size,6,untouched-011,11,False,untouched,0,1,0.0,1.0
synthetic128,diffusion/synchronization,size,6,transition-011,11,False,transition,0,0,0.0,1.0
synthetic128,diffusion/combined,size,6,copy-000,0,True,copy,0,1,0.0,1.0
synthetic128,diffusion/combined,size,6,copy-001,1,True,copy,0,1,0.0,1.0
synthetic128,diffusion/combined,size,6,copy-002,2,True,copy,0,0,0.0,1.0
synthetic128,diffusion/combined,size,6,copy-003,3,True,copy,0,2,0.0,1.0
synthetic128,diffusion/combined,size,6,copy-004,4,True,copy,0,1,0.0,1.0
synthetic128,diffusion/combined,size,6,copy-005,5,True,copy,0,0,0.0,1.0
synthetic128,diffusion/combined,size,6,common-006,6,True,common,0,1,0.0,1.0
synthetic128,diffusion/combined,size,6,common-007,7,True,common,0,0,0.0,1.0
synthetic128,diffusion/combined,size,6,common-008,8,True,common,1,1,0.0,1.0
synthetic128,diffusion/combined,size,6,common-009,9,True,common,0,1,0.0,1.0
synthetic128,diffusion/combined,size,6,common-010,10,True,common,1,2,0.0,1.0
synthetic128,diffusion/combined,size,6,common-011,11,True,common,1,0,0.043478260869565216,1.0
synthetic128,diffusion/combined,size,6,decouple-012,0,True,decouple,0,1,0.0,1.0
synthetic128,diffusion/combined,size,6,decouple-013,1,True,decouple,0,1,0.0,1.0
synthetic128,diffusion/combined,size,6,decouple-014,2,True,decouple,0,0,0.0,1.0
synthetic128,diffusion/combined,size,6,decouple-015,3,True,decouple,0,2,0.0,1.0
synthetic128,diffusion/combined,size,6,decouple-016,4,True,decouple,0,1,0.0,1.0
synthetic128,diffusion/combined,size,6,decouple-017,5,True,decouple,1,0,0.043478260869565216,1.0
synthetic128,diffusion/combined,size,6,noise-018,6,True,noise,0,1,0.0,1.0
synthetic128,diffusion/combined,size,6,noise-019,7,True,noise,0,0,0.0,1.0
synthetic128,diffusion/combined,size,6,noise-020,8,True,noise,1,1,0.0,1.0
synthetic128,diffusion/combined,size,6,noise-021,9,True,noise,0,1,0.0,1.0
synthetic128,diffusion/combined,size,6,noise-022,10,True,noise,1,2,0.0,1.0
synthetic128,diffusion/combined,size,6,noise-023,11,True,noise,1,0,0.043478260869565216,1.0
synthetic128,diffusion/combined,size,6,delay-024,0,True,delay,0,1,0.0,1.0
synthetic128,diffusion/combined,size,6,delay-025,1,True,delay,0,1,0.0,1.0
synthetic128,diffusion/combined,size,6,delay-026,2,True,delay,0,0,0.0,1.0
synthetic128,diffusion/combined,size,6,delay-027,3,True,delay,0,2,0.0,1.0
synthetic128,diffusion/combined,size,6,delay-028,4,True,delay,0,1,0.0,1.0
synthetic128,diffusion/combined,size,6,delay-029,5,True,delay,1,0,0.043478260869565216,1.0
synthetic128,diffusion/combined,size,6,drift-030,6,True,drift,0,1,0.0,1.0
synthetic128,diffusion/combined,size,6,drift-031,7,True,drift,0,0,0.0,1.0
synthetic128,diffusion/combined,size,6,drift-032,8,True,drift,1,1,0.0,1.0
synthetic128,diffusion/combined,size,6,drift-033,9,True,drift,0,1,0.0,1.0
synthetic128,diffusion/combined,size,6,drift-034,10,True,drift,1,2,0.125,1.0
synthetic128,diffusion/combined,size,6,drift-035,11,True,drift,1,0,0.14285714285714285,1.0
synthetic128,diffusion/combined,size,6,flatline-036,0,True,flatline,0,1,0.0,1.0
synthetic128,diffusion/combined,size,6,flatline-037,1,True,flatline,0,1,0.0,0.9643255295429208
synthetic128,diffusion/combined,size,6,flatline-038,2,True,flatline,1,0,0.125,0.9130434782608695
synthetic128,diffusion/combined,size,6,flatline-039,3,True,flatline,0,2,0.0,1.0
synthetic128,diffusion/combined,size,6,flatline-040,4,True,flatline,0,1,0.0,0.9643255295429208
synthetic128,diffusion/combined,size,6,flatline-041,5,True,flatline,0,1,0.0,0.8695652173913043
synthetic128,diffusion/combined,size,6,dropout-042,6,True,dropout,0,1,0.0,0.9866220735785953
synthetic128,diffusion/combined,size,6,dropout-043,7,True,dropout,0,0,0.0,0.8127090301003345
synthetic128,diffusion/combined,size,6,dropout-044,8,True,dropout,0,1,0.0,0.8439241917502787
synthetic128,diffusion/combined,size,6,dropout-045,9,True,dropout,0,1,0.0,0.939799331103679
synthetic128,diffusion/combined,size,6,dropout-046,10,True,dropout,1,2,0.0,0.882943143812709
synthetic128,diffusion/combined,size,6,dropout-047,11,True,dropout,1,0,0.0,0.7814938684503902
synthetic128,diffusion/combined,size,6,anticorrelated-048,0,True,anticorrelated,0,1,0.0,1.0
synthetic128,diffusion/combined,size,6,anticorrelated-049,1,True,anticorrelated,0,1,0.0,1.0
synthetic128,diffusion/combined,size,6,anticorrelated-050,2,True,anticorrelated,0,0,0.0,1.0
synthetic128,diffusion/combined,size,6,anticorrelated-051,3,True,anticorrelated,0,2,0.0,1.0
synthetic128,diffusion/combined,size,6,anticorrelated-052,4,True,anticorrelated,0,1,0.0,1.0
synthetic128,diffusion/combined,size,6,anticorrelated-053,5,True,anticorrelated,0,1,0.0,1.0
synthetic128,diffusion/combined,size,6,mixed-054,6,True,mixed,0,1,0.0,1.0
synthetic128,diffusion/combined,size,6,mixed-055,7,True,mixed,0,0,0.0,1.0
synthetic128,diffusion/combined,size,6,mixed-056,8,True,mixed,1,1,0.125,1.0
synthetic128,diffusion/combined,size,6,mixed-057,9,True,mixed,0,1,0.0,1.0
synthetic128,diffusion/combined,size,6,mixed-058,10,True,mixed,1,2,0.125,1.0
synthetic128,diffusion/combined,size,6,mixed-059,11,True,mixed,1,0,0.043478260869565216,1.0
synthetic128,diffusion/combined,size,6,matched_covariance-060,0,True,matched_covariance,0,1,0.0,1.0
synthetic128,diffusion/combined,size,6,matched_covariance-061,1,True,matched_covariance,0,1,0.0,1.0
synthetic128,diffusion/combined,size,6,matched_covariance-062,2,True,matched_covariance,0,0,0.0,1.0
synthetic128,diffusion/combined,size,6,matched_covariance-063,3,True,matched_covariance,0,2,0.0,1.0
synthetic128,diffusion/combined,size,6,matched_covariance-064,4,True,matched_covariance,0,1,0.0,1.0
synthetic128,diffusion/combined,size,6,matched_covariance-065,5,True,matched_covariance,0,0,0.0,1.0
synthetic128,diffusion/combined,size,6,marginal_preserving-066,6,True,marginal_preserving,0,1,0.0,1.0
synthetic128,diffusion/combined,size,6,marginal_preserving-067,7,True,marginal_preserving,0,0,0.0,1.0
synthetic128,diffusion/combined,size,6,marginal_preserving-068,8,True,marginal_preserving,1,1,0.125,1.0
synthetic128,diffusion/combined,size,6,marginal_preserving-069,9,True,marginal_preserving,0,1,0.0,1.0
synthetic128,diffusion/combined,size,6,marginal_preserving-070,10,True,marginal_preserving,1,2,0.058823529411764705,1.0
synthetic128,diffusion/combined,size,6,marginal_preserving-071,11,True,marginal_preserving,1,0,0.043478260869565216,1.0
synthetic128,diffusion/combined,size,6,untouched-000,0,False,untouched,0,1,0.0,1.0
synthetic128,diffusion/combined,size,6,transition-000,0,False,transition,0,0,0.0,1.0
synthetic128,diffusion/combined,size,6,untouched-001,1,False,untouched,0,1,0.0,1.0
synthetic128,diffusion/combined,size,6,transition-001,1,False,transition,0,1,0.0,1.0
synthetic128,diffusion/combined,size,6,untouched-002,2,False,untouched,0,0,0.0,1.0
synthetic128,diffusion/combined,size,6,transition-002,2,False,transition,0,0,0.0,1.0
synthetic128,diffusion/combined,size,6,untouched-003,3,False,untouched,0,2,0.0,1.0
synthetic128,diffusion/combined,size,6,transition-003,3,False,transition,0,0,0.0,1.0
synthetic128,diffusion/combined,size,6,untouched-004,4,False,untouched,0,1,0.0,1.0
synthetic128,diffusion/combined,size,6,transition-004,4,False,transition,0,0,0.0,1.0
synthetic128,diffusion/combined,size,6,untouched-005,5,False,untouched,0,0,0.0,1.0
synthetic128,diffusion/combined,size,6,transition-005,5,False,transition,0,1,0.0,1.0
synthetic128,diffusion/combined,size,6,untouched-006,6,False,untouched,0,1,0.0,1.0
synthetic128,diffusion/combined,size,6,transition-006,6,False,transition,0,2,0.0,1.0
synthetic128,diffusion/combined,size,6,untouched-007,7,False,untouched,0,0,0.0,1.0
synthetic128,diffusion/combined,size,6,transition-007,7,False,transition,0,0,0.0,1.0
synthetic128,diffusion/combined,size,6,untouched-008,8,False,untouched,0,2,0.0,1.0
synthetic128,diffusion/combined,size,6,transition-008,8,False,transition,0,2,0.0,1.0
synthetic128,diffusion/combined,size,6,untouched-009,9,False,untouched,0,1,0.0,1.0
synthetic128,diffusion/combined,size,6,transition-009,9,False,transition,0,0,0.0,1.0
synthetic128,diffusion/combined,size,6,untouched-010,10,False,untouched,0,3,0.0,1.0
synthetic128,diffusion/combined,size,6,transition-010,10,False,transition,0,1,0.0,1.0
synthetic128,diffusion/combined,size,6,untouched-011,11,False,untouched,0,1,0.0,1.0
synthetic128,diffusion/combined,size,6,transition-011,11,False,transition,0,0,0.0,1.0
synthetic128,diffusion/entropy,size,12,copy-000,0,True,copy,0,1,0.0,1.0
synthetic128,diffusion/entropy,size,12,copy-001,1,True,copy,0,1,0.0,1.0
synthetic128,diffusion/entropy,size,12,copy-002,2,True,copy,0,0,0.0,1.0
synthetic128,diffusion/entropy,size,12,copy-003,3,True,copy,0,1,0.0,1.0
synthetic128,diffusion/entropy,size,12,copy-004,4,True,copy,0,1,0.0,1.0
synthetic128,diffusion/entropy,size,12,copy-005,5,True,copy,1,1,0.0,1.0
synthetic128,diffusion/entropy,size,12,common-006,6,True,common,0,2,0.0,1.0
synthetic128,diffusion/entropy,size,12,common-007,7,True,common,0,0,0.0,1.0
synthetic128,diffusion/entropy,size,12,common-008,8,True,common,1,2,0.0,1.0
synthetic128,diffusion/entropy,size,12,common-009,9,True,common,1,1,0.043478260869565216,1.0
synthetic128,diffusion/entropy,size,12,common-010,10,True,common,1,2,0.0,1.0
synthetic128,diffusion/entropy,size,12,common-011,11,True,common,0,2,0.0,1.0
synthetic128,diffusion/entropy,size,12,decouple-012,0,True,decouple,0,1,0.0,1.0
synthetic128,diffusion/entropy,size,12,decouple-013,1,True,decouple,1,1,0.043478260869565216,1.0
synthetic128,diffusion/entropy,size,12,decouple-014,2,True,decouple,0,0,0.0,1.0
synthetic128,diffusion/entropy,size,12,decouple-015,3,True,decouple,0,1,0.0,1.0
synthetic128,diffusion/entropy,size,12,decouple-016,4,True,decouple,0,1,0.0,1.0
synthetic128,diffusion/entropy,size,12,decouple-017,5,True,decouple,1,1,0.09090909090909091,1.0
synthetic128,diffusion/entropy,size,12,noise-018,6,True,noise,0,2,0.0,1.0
synthetic128,diffusion/entropy,size,12,noise-019,7,True,noise,1,0,0.2,1.0
synthetic128,diffusion/entropy,size,12,noise-020,8,True,noise,1,2,0.0,1.0
synthetic128,diffusion/entropy,size,12,noise-021,9,True,noise,1,1,0.0,1.0
synthetic128,diffusion/entropy,size,12,noise-022,10,True,noise,1,1,0.0,1.0
synthetic128,diffusion/entropy,size,12,noise-023,11,True,noise,0,2,0.0,1.0
synthetic128,diffusion/entropy,size,12,delay-024,0,True,delay,0,1,0.0,1.0
synthetic128,diffusion/entropy,size,12,delay-025,1,True,delay,0,1,0.0,1.0
synthetic128,diffusion/entropy,size,12,delay-026,2,True,delay,0,0,0.0,1.0
synthetic128,diffusion/entropy,size,12,delay-027,3,True,delay,0,1,0.0,1.0
synthetic128,diffusion/entropy,size,12,delay-028,4,True,delay,0,1,0.0,1.0
synthetic128,diffusion/entropy,size,12,delay-029,5,True,delay,1,2,0.043478260869565216,1.0
synthetic128,diffusion/entropy,size,12,drift-030,6,True,drift,0,2,0.0,1.0
synthetic128,diffusion/entropy,size,12,drift-031,7,True,drift,0,0,0.0,1.0
synthetic128,diffusion/entropy,size,12,drift-032,8,True,drift,1,2,0.0,1.0
synthetic128,diffusion/entropy,size,12,drift-033,9,True,drift,1,1,0.043478260869565216,1.0
synthetic128,diffusion/entropy,size,12,drift-034,10,True,drift,1,2,0.0,1.0
synthetic128,diffusion/entropy,size,12,drift-035,11,True,drift,0,2,0.0,1.0
synthetic128,diffusion/entropy,size,12,flatline-036,0,True,flatline,0,1,0.0,1.0
synthetic128,diffusion/entropy,size,12,flatline-037,1,True,flatline,0,1,0.0,0.9375696767001115
synthetic128,diffusion/entropy,size,12,flatline-038,2,True,flatline,1,0,0.125,0.8840579710144928
synthetic128,diffusion/entropy,size,12,flatline-039,3,True,flatline,0,1,0.0,1.0
synthetic128,diffusion/entropy,size,12,flatline-040,4,True,flatline,1,1,0.2857142857142857,0.9509476031215162
synthetic128,diffusion/entropy,size,12,flatline-041,5,True,flatline,1,2,0.14285714285714285,0.8115942028985508
synthetic128,diffusion/entropy,size,12,dropout-042,6,True,dropout,0,2,0.0,0.979933110367893
synthetic128,diffusion/entropy,size,12,dropout-043,7,True,dropout,0,0,0.0,0.6254180602006689
synthetic128,diffusion/entropy,size,12,dropout-044,8,True,dropout,0,2,0.0,0.750278706800446
synthetic128,diffusion/entropy,size,12,dropout-045,9,True,dropout,1,1,0.2,0.8996655518394648
synthetic128,diffusion/entropy,size,12,dropout-046,10,True,dropout,1,2,0.0,0.882943143812709
synthetic128,diffusion/entropy,size,12,dropout-047,11,True,dropout,0,2,0.0,0.5942028985507246
synthetic128,diffusion/entropy,size,12,anticorrelated-048,0,True,anticorrelated,0,1,0.0,1.0
synthetic128,diffusion/entropy,size,12,anticorrelated-049,1,True,anticorrelated,1,1,0.0,1.0
synthetic128,diffusion/entropy,size,12,anticorrelated-050,2,True,anticorrelated,0,0,0.0,1.0
synthetic128,diffusion/entropy,size,12,anticorrelated-051,3,True,anticorrelated,0,1,0.0,1.0
synthetic128,diffusion/entropy,size,12,anticorrelated-052,4,True,anticorrelated,0,1,0.0,1.0
synthetic128,diffusion/entropy,size,12,anticorrelated-053,5,True,anticorrelated,1,1,0.0,1.0
synthetic128,diffusion/entropy,size,12,mixed-054,6,True,mixed,0,2,0.0,1.0
synthetic128,diffusion/entropy,size,12,mixed-055,7,True,mixed,0,0,0.0,1.0
synthetic128,diffusion/entropy,size,12,mixed-056,8,True,mixed,1,2,0.058823529411764705,1.0
synthetic128,diffusion/entropy,size,12,mixed-057,9,True,mixed,1,1,0.09090909090909091,1.0
synthetic128,diffusion/entropy,size,12,mixed-058,10,True,mixed,1,2,0.125,1.0
synthetic128,diffusion/entropy,size,12,mixed-059,11,True,mixed,0,2,0.0,1.0
synthetic128,diffusion/entropy,size,12,matched_covariance-060,0,True,matched_covariance,0,1,0.0,1.0
synthetic128,diffusion/entropy,size,12,matched_covariance-061,1,True,matched_covariance,1,1,0.043478260869565216,1.0
synthetic128,diffusion/entropy,size,12,matched_covariance-062,2,True,matched_covariance,0,0,0.0,1.0
synthetic128,diffusion/entropy,size,12,matched_covariance-063,3,True,matched_covariance,0,1,0.0,1.0
synthetic128,diffusion/entropy,size,12,matched_covariance-064,4,True,matched_covariance,0,1,0.0,1.0
synthetic128,diffusion/entropy,size,12,matched_covariance-065,5,True,matched_covariance,1,2,0.043478260869565216,1.0
synthetic128,diffusion/entropy,size,12,marginal_preserving-066,6,True,marginal_preserving,0,2,0.0,1.0
synthetic128,diffusion/entropy,size,12,marginal_preserving-067,7,True,marginal_preserving,0,0,0.0,1.0
synthetic128,diffusion/entropy,size,12,marginal_preserving-068,8,True,marginal_preserving,1,2,0.058823529411764705,1.0
synthetic128,diffusion/entropy,size,12,marginal_preserving-069,9,True,marginal_preserving,1,1,0.3333333333333333,1.0
synthetic128,diffusion/entropy,size,12,marginal_preserving-070,10,True,marginal_preserving,1,2,0.0,1.0
synthetic128,diffusion/entropy,size,12,marginal_preserving-071,11,True,marginal_preserving,0,2,0.0,1.0
synthetic128,diffusion/entropy,size,12,untouched-000,0,False,untouched,0,1,0.0,1.0
synthetic128,diffusion/entropy,size,12,transition-000,0,False,transition,0,0,0.0,1.0
synthetic128,diffusion/entropy,size,12,untouched-001,1,False,untouched,0,2,0.0,1.0
synthetic128,diffusion/entropy,size,12,transition-001,1,False,transition,0,1,0.0,1.0
synthetic128,diffusion/entropy,size,12,untouched-002,2,False,untouched,0,0,0.0,1.0
synthetic128,diffusion/entropy,size,12,transition-002,2,False,transition,0,0,0.0,1.0
synthetic128,diffusion/entropy,size,12,untouched-003,3,False,untouched,0,1,0.0,1.0
synthetic128,diffusion/entropy,size,12,transition-003,3,False,transition,0,0,0.0,1.0
synthetic128,diffusion/entropy,size,12,untouched-004,4,False,untouched,0,1,0.0,1.0
synthetic128,diffusion/entropy,size,12,transition-004,4,False,transition,0,1,0.0,1.0
synthetic128,diffusion/entropy,size,12,untouched-005,5,False,untouched,0,2,0.0,1.0
synthetic128,diffusion/entropy,size,12,transition-005,5,False,transition,0,1,0.0,1.0
synthetic128,diffusion/entropy,size,12,untouched-006,6,False,untouched,0,2,0.0,1.0
synthetic128,diffusion/entropy,size,12,transition-006,6,False,transition,0,2,0.0,1.0
synthetic128,diffusion/entropy,size,12,untouched-007,7,False,untouched,0,0,0.0,1.0
synthetic128,diffusion/entropy,size,12,transition-007,7,False,transition,0,0,0.0,1.0
synthetic128,diffusion/entropy,size,12,untouched-008,8,False,untouched,0,3,0.0,1.0
synthetic128,diffusion/entropy,size,12,transition-008,8,False,transition,0,3,0.0,1.0
synthetic128,diffusion/entropy,size,12,untouched-009,9,False,untouched,0,2,0.0,1.0
synthetic128,diffusion/entropy,size,12,transition-009,9,False,transition,0,1,0.0,1.0
synthetic128,diffusion/entropy,size,12,untouched-010,10,False,untouched,0,3,0.0,1.0
synthetic128,diffusion/entropy,size,12,transition-010,10,False,transition,0,2,0.0,1.0
synthetic128,diffusion/entropy,size,12,untouched-011,11,False,untouched,0,2,0.0,1.0
synthetic128,diffusion/entropy,size,12,transition-011,11,False,transition,0,1,0.0,1.0
synthetic128,diffusion/synchronization,size,12,copy-000,0,True,copy,0,1,0.0,1.0
synthetic128,diffusion/synchronization,size,12,copy-001,1,True,copy,0,1,0.0,1.0
synthetic128,diffusion/synchronization,size,12,copy-002,2,True,copy,0,0,0.0,1.0
synthetic128,diffusion/synchronization,size,12,copy-003,3,True,copy,0,1,0.0,1.0
synthetic128,diffusion/synchronization,size,12,copy-004,4,True,copy,0,1,0.0,1.0
synthetic128,diffusion/synchronization,size,12,copy-005,5,True,copy,1,1,0.0,1.0
synthetic128,diffusion/synchronization,size,12,common-006,6,True,common,0,1,0.0,1.0
synthetic128,diffusion/synchronization,size,12,common-007,7,True,common,0,0,0.0,1.0
synthetic128,diffusion/synchronization,size,12,common-008,8,True,common,1,2,0.0,1.0
synthetic128,diffusion/synchronization,size,12,common-009,9,True,common,0,2,0.0,1.0
synthetic128,diffusion/synchronization,size,12,common-010,10,True,common,1,3,0.0,1.0
synthetic128,diffusion/synchronization,size,12,common-011,11,True,common,1,2,0.043478260869565216,1.0
synthetic128,diffusion/synchronization,size,12,decouple-012,0,True,decouple,0,1,0.0,1.0
synthetic128,diffusion/synchronization,size,12,decouple-013,1,True,decouple,1,1,0.0,1.0
synthetic128,diffusion/synchronization,size,12,decouple-014,2,True,decouple,0,0,0.0,1.0
synthetic128,diffusion/synchronization,size,12,decouple-015,3,True,decouple,0,1,0.0,1.0
synthetic128,diffusion/synchronization,size,12,decouple-016,4,True,decouple,0,1,0.0,1.0
synthetic128,diffusion/synchronization,size,12,decouple-017,5,True,decouple,1,1,0.043478260869565216,1.0
synthetic128,diffusion/synchronization,size,12,noise-018,6,True,noise,0,1,0.0,1.0
synthetic128,diffusion/synchronization,size,12,noise-019,7,True,noise,1,0,0.09090909090909091,1.0
synthetic128,diffusion/synchronization,size,12,noise-020,8,True,noise,1,2,0.0,1.0
synthetic128,diffusion/synchronization,size,12,noise-021,9,True,noise,0,1,0.0,1.0
synthetic128,diffusion/synchronization,size,12,noise-022,10,True,noise,1,2,0.2857142857142857,1.0
synthetic128,diffusion/synchronization,size,12,noise-023,11,True,noise,0,2,0.0,1.0
synthetic128,diffusion/synchronization,size,12,delay-024,0,True,delay,0,1,0.0,1.0
synthetic128,diffusion/synchronization,size,12,delay-025,1,True,delay,1,1,0.0,1.0
synthetic128,diffusion/synchronization,size,12,delay-026,2,True,delay,0,0,0.0,1.0
synthetic128,diffusion/synchronization,size,12,delay-027,3,True,delay,0,1,0.0,1.0
synthetic128,diffusion/synchronization,size,12,delay-028,4,True,delay,0,1,0.0,1.0
synthetic128,diffusion/synchronization,size,12,delay-029,5,True,delay,1,2,0.043478260869565216,1.0
synthetic128,diffusion/synchronization,size,12,drift-030,6,True,drift,0,1,0.0,1.0
synthetic128,diffusion/synchronization,size,12,drift-031,7,True,drift,0,0,0.0,1.0
synthetic128,diffusion/synchronization,size,12,drift-032,8,True,drift,1,2,0.0,1.0
synthetic128,diffusion/synchronization,size,12,drift-033,9,True,drift,0,1,0.0,1.0
synthetic128,diffusion/synchronization,size,12,drift-034,10,True,drift,1,3,0.0,1.0
synthetic128,diffusion/synchronization,size,12,drift-035,11,True,drift,0,2,0.0,1.0
synthetic128,diffusion/synchronization,size,12,flatline-036,0,True,flatline,0,1,0.0,1.0
synthetic128,diffusion/synchronization,size,12,flatline-037,1,True,flatline,1,1,0.043478260869565216,0.9375696767001115
synthetic128,diffusion/synchronization,size,12,flatline-038,2,True,flatline,1,0,0.058823529411764705,0.8840579710144928
synthetic128,diffusion/synchronization,size,12,flatline-039,3,True,flatline,0,1,0.0,1.0
synthetic128,diffusion/synchronization,size,12,flatline-040,4,True,flatline,1,1,0.2857142857142857,0.9509476031215162
synthetic128,diffusion/synchronization,size,12,flatline-041,5,True,flatline,1,1,0.0,0.8115942028985508
synthetic128,diffusion/synchronization,size,12,dropout-042,6,True,dropout,0,1,0.0,0.979933110367893
synthetic128,diffusion/synchronization,size,12,dropout-043,7,True,dropout,0,0,0.0,0.6254180602006689
synthetic128,diffusion/synchronization,size,12,dropout-044,8,True,dropout,0,1,0.0,0.750278706800446
synthetic128,diffusion/synchronization,size,12,dropout-045,9,True,dropout,0,1,0.0,0.8996655518394648
synthetic128,diffusion/synchronization,size,12,dropout-046,10,True,dropout,1,3,0.0,0.882943143812709
synthetic128,diffusion/synchronization,size,12,dropout-047,11,True,dropout,0,2,0.0,0.5942028985507246
synthetic128,diffusion/synchronization,size,12,anticorrelated-048,0,True,anticorrelated,0,1,0.0,1.0
synthetic128,diffusion/synchronization,size,12,anticorrelated-049,1,True,anticorrelated,1,1,0.0,1.0
synthetic128,diffusion/synchronization,size,12,anticorrelated-050,2,True,anticorrelated,0,0,0.0,1.0
synthetic128,diffusion/synchronization,size,12,anticorrelated-051,3,True,anticorrelated,0,1,0.0,1.0
synthetic128,diffusion/synchronization,size,12,anticorrelated-052,4,True,anticorrelated,1,1,0.2,1.0
synthetic128,diffusion/synchronization,size,12,anticorrelated-053,5,True,anticorrelated,1,1,0.14285714285714285,1.0
synthetic128,diffusion/synchronization,size,12,mixed-054,6,True,mixed,0,1,0.0,1.0
synthetic128,diffusion/synchronization,size,12,mixed-055,7,True,mixed,0,0,0.0,1.0
synthetic128,diffusion/synchronization,size,12,mixed-056,8,True,mixed,1,2,0.125,1.0
synthetic128,diffusion/synchronization,size,12,mixed-057,9,True,mixed,0,3,0.0,1.0
synthetic128,diffusion/synchronization,size,12,mixed-058,10,True,mixed,1,3,0.125,1.0
synthetic128,diffusion/synchronization,size,12,mixed-059,11,True,mixed,0,2,0.0,1.0
synthetic128,diffusion/synchronization,size,12,matched_covariance-060,0,True,matched_covariance,0,1,0.0,1.0
synthetic128,diffusion/synchronization,size,12,matched_covariance-061,1,True,matched_covariance,1,1,0.043478260869565216,1.0
synthetic128,diffusion/synchronization,size,12,matched_covariance-062,2,True,matched_covariance,0,0,0.0,1.0
synthetic128,diffusion/synchronization,size,12,matched_covariance-063,3,True,matched_covariance,0,1,0.0,1.0
synthetic128,diffusion/synchronization,size,12,matched_covariance-064,4,True,matched_covariance,0,1,0.0,1.0
synthetic128,diffusion/synchronization,size,12,matched_covariance-065,5,True,matched_covariance,1,1,0.043478260869565216,1.0
synthetic128,diffusion/synchronization,size,12,marginal_preserving-066,6,True,marginal_preserving,0,1,0.0,1.0
synthetic128,diffusion/synchronization,size,12,marginal_preserving-067,7,True,marginal_preserving,0,0,0.0,1.0
synthetic128,diffusion/synchronization,size,12,marginal_preserving-068,8,True,marginal_preserving,1,2,0.2857142857142857,1.0
synthetic128,diffusion/synchronization,size,12,marginal_preserving-069,9,True,marginal_preserving,0,1,0.0,1.0
synthetic128,diffusion/synchronization,size,12,marginal_preserving-070,10,True,marginal_preserving,1,3,0.0,1.0
synthetic128,diffusion/synchronization,size,12,marginal_preserving-071,11,True,marginal_preserving,0,2,0.0,1.0
synthetic128,diffusion/synchronization,size,12,untouched-000,0,False,untouched,0,1,0.0,1.0
synthetic128,diffusion/synchronization,size,12,transition-000,0,False,transition,0,1,0.0,1.0
synthetic128,diffusion/synchronization,size,12,untouched-001,1,False,untouched,0,2,0.0,1.0
synthetic128,diffusion/synchronization,size,12,transition-001,1,False,transition,0,2,0.0,1.0
synthetic128,diffusion/synchronization,size,12,untouched-002,2,False,untouched,0,0,0.0,1.0
synthetic128,diffusion/synchronization,size,12,transition-002,2,False,transition,0,0,0.0,1.0
synthetic128,diffusion/synchronization,size,12,untouched-003,3,False,untouched,0,1,0.0,1.0
synthetic128,diffusion/synchronization,size,12,transition-003,3,False,transition,0,0,0.0,1.0
synthetic128,diffusion/synchronization,size,12,untouched-004,4,False,untouched,0,1,0.0,1.0
synthetic128,diffusion/synchronization,size,12,transition-004,4,False,transition,0,1,0.0,1.0
synthetic128,diffusion/synchronization,size,12,untouched-005,5,False,untouched,0,2,0.0,1.0
synthetic128,diffusion/synchronization,size,12,transition-005,5,False,transition,0,1,0.0,1.0
synthetic128,diffusion/synchronization,size,12,untouched-006,6,False,untouched,0,1,0.0,1.0
synthetic128,diffusion/synchronization,size,12,transition-006,6,False,transition,0,2,0.0,1.0
synthetic128,diffusion/synchronization,size,12,untouched-007,7,False,untouched,0,0,0.0,1.0
synthetic128,diffusion/synchronization,size,12,transition-007,7,False,transition,0,1,0.0,1.0
synthetic128,diffusion/synchronization,size,12,untouched-008,8,False,untouched,0,3,0.0,1.0
synthetic128,diffusion/synchronization,size,12,transition-008,8,False,transition,0,2,0.0,1.0
synthetic128,diffusion/synchronization,size,12,untouched-009,9,False,untouched,0,1,0.0,1.0
synthetic128,diffusion/synchronization,size,12,transition-009,9,False,transition,0,1,0.0,1.0
synthetic128,diffusion/synchronization,size,12,untouched-010,10,False,untouched,0,4,0.0,1.0
synthetic128,diffusion/synchronization,size,12,transition-010,10,False,transition,0,3,0.0,1.0
synthetic128,diffusion/synchronization,size,12,untouched-011,11,False,untouched,0,2,0.0,1.0
synthetic128,diffusion/synchronization,size,12,transition-011,11,False,transition,0,1,0.0,1.0
synthetic128,diffusion/combined,size,12,copy-000,0,True,copy,0,1,0.0,1.0
synthetic128,diffusion/combined,size,12,copy-001,1,True,copy,0,1,0.0,1.0
synthetic128,diffusion/combined,size,12,copy-002,2,True,copy,0,0,0.0,1.0
synthetic128,diffusion/combined,size,12,copy-003,3,True,copy,0,1,0.0,1.0
synthetic128,diffusion/combined,size,12,copy-004,4,True,copy,0,1,0.0,1.0
synthetic128,diffusion/combined,size,12,copy-005,5,True,copy,1,1,0.0,1.0
synthetic128,diffusion/combined,size,12,common-006,6,True,common,0,1,0.0,1.0
synthetic128,diffusion/combined,size,12,common-007,7,True,common,0,0,0.0,1.0
synthetic128,diffusion/combined,size,12,common-008,8,True,common,1,2,0.0,1.0
synthetic128,diffusion/combined,size,12,common-009,9,True,common,0,2,0.0,1.0
synthetic128,diffusion/combined,size,12,common-010,10,True,common,1,3,0.0,1.0
synthetic128,diffusion/combined,size,12,common-011,11,True,common,1,2,0.043478260869565216,1.0
synthetic128,diffusion/combined,size,12,decouple-012,0,True,decouple,0,1,0.0,1.0
synthetic128,diffusion/combined,size,12,decouple-013,1,True,decouple,1,1,0.0,1.0
synthetic128,diffusion/combined,size,12,decouple-014,2,True,decouple,0,0,0.0,1.0
synthetic128,diffusion/combined,size,12,decouple-015,3,True,decouple,0,1,0.0,1.0
synthetic128,diffusion/combined,size,12,decouple-016,4,True,decouple,0,1,0.0,1.0
synthetic128,diffusion/combined,size,12,decouple-017,5,True,decouple,1,1,0.043478260869565216,1.0
synthetic128,diffusion/combined,size,12,noise-018,6,True,noise,0,1,0.0,1.0
synthetic128,diffusion/combined,size,12,noise-019,7,True,noise,1,0,0.14285714285714285,1.0
synthetic128,diffusion/combined,size,12,noise-020,8,True,noise,1,2,0.0,1.0
synthetic128,diffusion/combined,size,12,noise-021,9,True,noise,0,1,0.0,1.0
synthetic128,diffusion/combined,size,12,noise-022,10,True,noise,1,2,0.2857142857142857,1.0
synthetic128,diffusion/combined,size,12,noise-023,11,True,noise,0,2,0.0,1.0
synthetic128,diffusion/combined,size,12,delay-024,0,True,delay,0,1,0.0,1.0
synthetic128,diffusion/combined,size,12,delay-025,1,True,delay,1,1,0.0,1.0
synthetic128,diffusion/combined,size,12,delay-026,2,True,delay,0,0,0.0,1.0
synthetic128,diffusion/combined,size,12,delay-027,3,True,delay,0,1,0.0,1.0
synthetic128,diffusion/combined,size,12,delay-028,4,True,delay,0,1,0.0,1.0
synthetic128,diffusion/combined,size,12,delay-029,5,True,delay,1,2,0.043478260869565216,1.0
synthetic128,diffusion/combined,size,12,drift-030,6,True,drift,0,1,0.0,1.0
synthetic128,diffusion/combined,size,12,drift-031,7,True,drift,0,0,0.0,1.0
synthetic128,diffusion/combined,size,12,drift-032,8,True,drift,1,2,0.0,1.0
synthetic128,diffusion/combined,size,12,drift-033,9,True,drift,0,1,0.0,1.0
synthetic128,diffusion/combined,size,12,drift-034,10,True,drift,1,3,0.0,1.0
synthetic128,diffusion/combined,size,12,drift-035,11,True,drift,0,2,0.0,1.0
synthetic128,diffusion/combined,size,12,flatline-036,0,True,flatline,0,1,0.0,1.0
synthetic128,diffusion/combined,size,12,flatline-037,1,True,flatline,1,1,0.0,0.9375696767001115
synthetic128,diffusion/combined,size,12,flatline-038,2,True,flatline,1,0,0.058823529411764705,0.8840579710144928
synthetic128,diffusion/combined,size,12,flatline-039,3,True,flatline,0,1,0.0,1.0
synthetic128,diffusion/combined,size,12,flatline-040,4,True,flatline,1,1,0.2857142857142857,0.9509476031215162
synthetic128,diffusion/combined,size,12,flatline-041,5,True,flatline,1,1,0.0,0.8115942028985508
synthetic128,diffusion/combined,size,12,dropout-042,6,True,dropout,0,1,0.0,0.979933110367893
synthetic128,diffusion/combined,size,12,dropout-043,7,True,dropout,0,0,0.0,0.6254180602006689
synthetic128,diffusion/combined,size,12,dropout-044,8,True,dropout,0,1,0.0,0.750278706800446
synthetic128,diffusion/combined,size,12,dropout-045,9,True,dropout,0,1,0.0,0.8996655518394648
synthetic128,diffusion/combined,size,12,dropout-046,10,True,dropout,1,3,0.0,0.882943143812709
synthetic128,diffusion/combined,size,12,dropout-047,11,True,dropout,0,2,0.0,0.5942028985507246
synthetic128,diffusion/combined,size,12,anticorrelated-048,0,True,anticorrelated,0,1,0.0,1.0
synthetic128,diffusion/combined,size,12,anticorrelated-049,1,True,anticorrelated,1,1,0.0,1.0
synthetic128,diffusion/combined,size,12,anticorrelated-050,2,True,anticorrelated,0,0,0.0,1.0
synthetic128,diffusion/combined,size,12,anticorrelated-051,3,True,anticorrelated,0,1,0.0,1.0
synthetic128,diffusion/combined,size,12,anticorrelated-052,4,True,anticorrelated,1,1,0.2,1.0
synthetic128,diffusion/combined,size,12,anticorrelated-053,5,True,anticorrelated,1,1,0.14285714285714285,1.0
synthetic128,diffusion/combined,size,12,mixed-054,6,True,mixed,0,1,0.0,1.0
synthetic128,diffusion/combined,size,12,mixed-055,7,True,mixed,0,0,0.0,1.0
synthetic128,diffusion/combined,size,12,mixed-056,8,True,mixed,1,2,0.125,1.0
synthetic128,diffusion/combined,size,12,mixed-057,9,True,mixed,0,3,0.0,1.0
synthetic128,diffusion/combined,size,12,mixed-058,10,True,mixed,1,3,0.125,1.0
synthetic128,diffusion/combined,size,12,mixed-059,11,True,mixed,0,2,0.0,1.0
synthetic128,diffusion/combined,size,12,matched_covariance-060,0,True,matched_covariance,0,1,0.0,1.0
synthetic128,diffusion/combined,size,12,matched_covariance-061,1,True,matched_covariance,1,1,0.043478260869565216,1.0
synthetic128,diffusion/combined,size,12,matched_covariance-062,2,True,matched_covariance,0,0,0.0,1.0
synthetic128,diffusion/combined,size,12,matched_covariance-063,3,True,matched_covariance,0,1,0.0,1.0
synthetic128,diffusion/combined,size,12,matched_covariance-064,4,True,matched_covariance,0,1,0.0,1.0
synthetic128,diffusion/combined,size,12,matched_covariance-065,5,True,matched_covariance,1,1,0.043478260869565216,1.0
synthetic128,diffusion/combined,size,12,marginal_preserving-066,6,True,marginal_preserving,0,1,0.0,1.0
synthetic128,diffusion/combined,size,12,marginal_preserving-067,7,True,marginal_preserving,0,0,0.0,1.0
synthetic128,diffusion/combined,size,12,marginal_preserving-068,8,True,marginal_preserving,1,2,0.2857142857142857,1.0
synthetic128,diffusion/combined,size,12,marginal_preserving-069,9,True,marginal_preserving,0,1,0.0,1.0
synthetic128,diffusion/combined,size,12,marginal_preserving-070,10,True,marginal_preserving,1,3,0.0,1.0
synthetic128,diffusion/combined,size,12,marginal_preserving-071,11,True,marginal_preserving,0,2,0.0,1.0
synthetic128,diffusion/combined,size,12,untouched-000,0,False,untouched,0,1,0.0,1.0
synthetic128,diffusion/combined,size,12,transition-000,0,False,transition,0,1,0.0,1.0
synthetic128,diffusion/combined,size,12,untouched-001,1,False,untouched,0,2,0.0,1.0
synthetic128,diffusion/combined,size,12,transition-001,1,False,transition,0,2,0.0,1.0
synthetic128,diffusion/combined,size,12,untouched-002,2,False,untouched,0,0,0.0,1.0
synthetic128,diffusion/combined,size,12,transition-002,2,False,transition,0,0,0.0,1.0
synthetic128,diffusion/combined,size,12,untouched-003,3,False,untouched,0,1,0.0,1.0
synthetic128,diffusion/combined,size,12,transition-003,3,False,transition,0,0,0.0,1.0
synthetic128,diffusion/combined,size,12,untouched-004,4,False,untouched,0,1,0.0,1.0
synthetic128,diffusion/combined,size,12,transition-004,4,False,transition,0,1,0.0,1.0
synthetic128,diffusion/combined,size,12,untouched-005,5,False,untouched,0,2,0.0,1.0
synthetic128,diffusion/combined,size,12,transition-005,5,False,transition,0,1,0.0,1.0
synthetic128,diffusion/combined,size,12,untouched-006,6,False,untouched,0,1,0.0,1.0
synthetic128,diffusion/combined,size,12,transition-006,6,False,transition,0,2,0.0,1.0
synthetic128,diffusion/combined,size,12,untouched-007,7,False,untouched,0,0,0.0,1.0
synthetic128,diffusion/combined,size,12,transition-007,7,False,transition,0,1,0.0,1.0
synthetic128,diffusion/combined,size,12,untouched-008,8,False,untouched,0,3,0.0,1.0
synthetic128,diffusion/combined,size,12,transition-008,8,False,transition,0,2,0.0,1.0
synthetic128,diffusion/combined,size,12,untouched-009,9,False,untouched,0,1,0.0,1.0
synthetic128,diffusion/combined,size,12,transition-009,9,False,transition,0,1,0.0,1.0
synthetic128,diffusion/combined,size,12,untouched-010,10,False,untouched,0,4,0.0,1.0
synthetic128,diffusion/combined,size,12,transition-010,10,False,transition,0,3,0.0,1.0
synthetic128,diffusion/combined,size,12,untouched-011,11,False,untouched,0,2,0.0,1.0
synthetic128,diffusion/combined,size,12,transition-011,11,False,transition,0,1,0.0,1.0
synthetic128,diffusion/entropy,size,24,copy-000,0,True,copy,0,2,0.0,1.0
synthetic128,diffusion/entropy,size,24,copy-001,1,True,copy,1,0,0.043478260869565216,1.0
synthetic128,diffusion/entropy,size,24,copy-002,2,True,copy,1,2,0.0,1.0
synthetic128,diffusion/entropy,size,24,copy-003,3,True,copy,0,2,0.0,1.0
synthetic128,diffusion/entropy,size,24,copy-004,4,True,copy,0,1,0.0,1.0
synthetic128,diffusion/entropy,size,24,copy-005,5,True,copy,1,2,0.043478260869565216,1.0
synthetic128,diffusion/entropy,size,24,common-006,6,True,common,0,1,0.0,1.0
synthetic128,diffusion/entropy,size,24,common-007,7,True,common,0,1,0.0,1.0
synthetic128,diffusion/entropy,size,24,common-008,8,True,common,1,1,0.0,1.0
synthetic128,diffusion/entropy,size,24,common-009,9,True,common,0,2,0.0,1.0
synthetic128,diffusion/entropy,size,24,common-010,10,True,common,1,3,0.2,1.0
synthetic128,diffusion/entropy,size,24,common-011,11,True,common,1,0,0.14285714285714285,1.0
synthetic128,diffusion/entropy,size,24,decouple-012,0,True,decouple,0,2,0.0,1.0
synthetic128,diffusion/entropy,size,24,decouple-013,1,True,decouple,1,0,0.14285714285714285,1.0
synthetic128,diffusion/entropy,size,24,decouple-014,2,True,decouple,1,2,0.0,1.0
synthetic128,diffusion/entropy,size,24,decouple-015,3,True,decouple,0,2,0.0,1.0
synthetic128,diffusion/entropy,size,24,decouple-016,4,True,decouple,0,1,0.0,1.0
synthetic128,diffusion/entropy,size,24,decouple-017,5,True,decouple,1,2,0.09090909090909091,1.0
synthetic128,diffusion/entropy,size,24,noise-018,6,True,noise,0,1,0.0,1.0
synthetic128,diffusion/entropy,size,24,noise-019,7,True,noise,0,1,0.0,1.0
synthetic128,diffusion/entropy,size,24,noise-020,8,True,noise,1,1,0.058823529411764705,1.0
synthetic128,diffusion/entropy,size,24,noise-021,9,True,noise,0,2,0.0,1.0
synthetic128,diffusion/entropy,size,24,noise-022,10,True,noise,1,2,0.2,1.0
synthetic128,diffusion/entropy,size,24,noise-023,11,True,noise,1,1,0.0,1.0
synthetic128,diffusion/entropy,size,24,delay-024,0,True,delay,0,3,0.0,1.0
synthetic128,diffusion/entropy,size,24,delay-025,1,True,delay,1,0,0.043478260869565216,1.0
synthetic128,diffusion/entropy,size,24,delay-026,2,True,delay,1,2,0.0,1.0
synthetic128,diffusion/entropy,size,24,delay-027,3,True,delay,0,2,0.0,1.0
synthetic128,diffusion/entropy,size,24,delay-028,4,True,delay,0,1,0.0,1.0
synthetic128,diffusion/entropy,size,24,delay-029,5,True,delay,1,3,0.043478260869565216,1.0
synthetic128,diffusion/entropy,size,24,drift-030,6,True,drift,0,1,0.0,1.0
synthetic128,diffusion/entropy,size,24,drift-031,7,True,drift,0,1,0.0,1.0
synthetic128,diffusion/entropy,size,24,drift-032,8,True,drift,1,1,0.0,1.0
synthetic128,diffusion/entropy,size,24,drift-033,9,True,drift,0,2,0.0,1.0
synthetic128,diffusion/entropy,size,24,drift-034,10,True,drift,1,3,0.0,1.0
synthetic128,diffusion/entropy,size,24,drift-035,11,True,drift,1,2,0.0,1.0
synthetic128,diffusion/entropy,size,24,flatline-036,0,True,flatline,0,2,0.0,1.0
synthetic128,diffusion/entropy,size,24,flatline-037,1,True,flatline,1,0,0.0,0.9615384615384616
synthetic128,diffusion/entropy,size,24,flatline-038,2,True,flatline,1,3,0.0,0.8896321070234113
synthetic128,diffusion/entropy,size,24,flatline-039,3,True,flatline,0,2,0.0,1.0
synthetic128,diffusion/entropy,size,24,flatline-040,4,True,flatline,0,1,0.0,0.9782608695652174
synthetic128,diffusion/entropy,size,24,flatline-041,5,True,flatline,1,2,0.043478260869565216,0.7892976588628763
synthetic128,diffusion/entropy,size,24,dropout-042,6,True,dropout,0,1,0.0,0.959866220735786
synthetic128,diffusion/entropy,size,24,dropout-043,7,True,dropout,0,1,0.0,0.38461538461538464
synthetic128,diffusion/entropy,size,24,dropout-044,8,True,dropout,1,2,0.0,0.7140468227424749
synthetic128,diffusion/entropy,size,24,dropout-045,9,True,dropout,0,2,0.0,0.8528428093645485
synthetic128,diffusion/entropy,size,24,dropout-046,10,True,dropout,1,3,0.0,0.8127090301003345
synthetic128,diffusion/entropy,size,24,dropout-047,11,True,dropout,1,1,0.0,0.459866220735786
synthetic128,diffusion/entropy,size,24,anticorrelated-048,0,True,anticorrelated,0,3,0.0,1.0
synthetic128,diffusion/entropy,size,24,anticorrelated-049,1,True,anticorrelated,1,0,0.09090909090909091,1.0
synthetic128,diffusion/entropy,size,24,anticorrelated-050,2,True,anticorrelated,1,2,0.0,1.0
synthetic128,diffusion/entropy,size,24,anticorrelated-051,3,True,anticorrelated,0,2,0.0,1.0
synthetic128,diffusion/entropy,size,24,anticorrelated-052,4,True,anticorrelated,0,1,0.0,1.0
synthetic128,diffusion/entropy,size,24,anticorrelated-053,5,True,anticorrelated,1,2,0.043478260869565216,1.0
synthetic128,diffusion/entropy,size,24,mixed-054,6,True,mixed,0,1,0.0,1.0
synthetic128,diffusion/entropy,size,24,mixed-055,7,True,mixed,1,1,0.14285714285714285,1.0
synthetic128,diffusion/entropy,size,24,mixed-056,8,True,mixed,1,1,0.125,1.0
synthetic128,diffusion/entropy,size,24,mixed-057,9,True,mixed,0,2,0.0,1.0
synthetic128,diffusion/entropy,size,24,mixed-058,10,True,mixed,1,2,0.058823529411764705,1.0
synthetic128,diffusion/entropy,size,24,mixed-059,11,True,mixed,1,1,0.0,1.0
synthetic128,diffusion/entropy,size,24,matched_covariance-060,0,True,matched_covariance,0,2,0.0,1.0
synthetic128,diffusion/entropy,size,24,matched_covariance-061,1,True,matched_covariance,1,0,0.043478260869565216,1.0
synthetic128,diffusion/entropy,size,24,matched_covariance-062,2,True,matched_covariance,1,4,0.058823529411764705,1.0
synthetic128,diffusion/entropy,size,24,matched_covariance-063,3,True,matched_covariance,0,2,0.0,1.0
synthetic128,diffusion/entropy,size,24,matched_covariance-064,4,True,matched_covariance,0,1,0.0,1.0
synthetic128,diffusion/entropy,size,24,matched_covariance-065,5,True,matched_covariance,1,3,0.043478260869565216,1.0
synthetic128,diffusion/entropy,size,24,marginal_preserving-066,6,True,marginal_preserving,0,1,0.0,1.0
synthetic128,diffusion/entropy,size,24,marginal_preserving-067,7,True,marginal_preserving,0,1,0.0,1.0
synthetic128,diffusion/entropy,size,24,marginal_preserving-068,8,True,marginal_preserving,1,1,0.125,1.0
synthetic128,diffusion/entropy,size,24,marginal_preserving-069,9,True,marginal_preserving,0,2,0.0,1.0
synthetic128,diffusion/entropy,size,24,marginal_preserving-070,10,True,marginal_preserving,1,3,0.0,1.0
synthetic128,diffusion/entropy,size,24,marginal_preserving-071,11,True,marginal_preserving,1,1,0.0,1.0
synthetic128,diffusion/entropy,size,24,untouched-000,0,False,untouched,0,2,0.0,1.0
synthetic128,diffusion/entropy,size,24,transition-000,0,False,transition,0,1,0.0,1.0
synthetic128,diffusion/entropy,size,24,untouched-001,1,False,untouched,0,1,0.0,1.0
synthetic128,diffusion/entropy,size,24,transition-001,1,False,transition,0,1,0.0,1.0
synthetic128,diffusion/entropy,size,24,untouched-002,2,False,untouched,0,3,0.0,1.0
synthetic128,diffusion/entropy,size,24,transition-002,2,False,transition,0,3,0.0,1.0
synthetic128,diffusion/entropy,size,24,untouched-003,3,False,untouched,0,2,0.0,1.0
synthetic128,diffusion/entropy,size,24,transition-003,3,False,transition,0,0,0.0,1.0
synthetic128,diffusion/entropy,size,24,untouched-004,4,False,untouched,0,1,0.0,1.0
synthetic128,diffusion/entropy,size,24,transition-004,4,False,transition,0,2,0.0,1.0
synthetic128,diffusion/entropy,size,24,untouched-005,5,False,untouched,0,3,0.0,1.0
synthetic128,diffusion/entropy,size,24,transition-005,5,False,transition,0,2,0.0,1.0
synthetic128,diffusion/entropy,size,24,untouched-006,6,False,untouched,0,1,0.0,1.0
synthetic128,diffusion/entropy,size,24,transition-006,6,False,transition,0,1,0.0,1.0
synthetic128,diffusion/entropy,size,24,untouched-007,7,False,untouched,0,1,0.0,1.0
synthetic128,diffusion/entropy,size,24,transition-007,7,False,transition,0,2,0.0,1.0
synthetic128,diffusion/entropy,size,24,untouched-008,8,False,untouched,0,2,0.0,1.0
synthetic128,diffusion/entropy,size,24,transition-008,8,False,transition,0,2,0.0,1.0
synthetic128,diffusion/entropy,size,24,untouched-009,9,False,untouched,0,2,0.0,1.0
synthetic128,diffusion/entropy,size,24,transition-009,9,False,transition,0,2,0.0,1.0
synthetic128,diffusion/entropy,size,24,untouched-010,10,False,untouched,0,4,0.0,1.0
synthetic128,diffusion/entropy,size,24,transition-010,10,False,transition,0,2,0.0,1.0
synthetic128,diffusion/entropy,size,24,untouched-011,11,False,untouched,0,3,0.0,1.0
synthetic128,diffusion/entropy,size,24,transition-011,11,False,transition,0,1,0.0,1.0
synthetic128,diffusion/synchronization,size,24,copy-000,0,True,copy,0,2,0.0,1.0
synthetic128,diffusion/synchronization,size,24,copy-001,1,True,copy,0,1,0.0,1.0
synthetic128,diffusion/synchronization,size,24,copy-002,2,True,copy,1,1,0.0,1.0
synthetic128,diffusion/synchronization,size,24,copy-003,3,True,copy,0,0,0.0,1.0
synthetic128,diffusion/synchronization,size,24,copy-004,4,True,copy,0,1,0.0,1.0
synthetic128,diffusion/synchronization,size,24,copy-005,5,True,copy,1,0,0.043478260869565216,1.0
synthetic128,diffusion/synchronization,size,24,common-006,6,True,common,0,1,0.0,1.0
synthetic128,diffusion/synchronization,size,24,common-007,7,True,common,0,0,0.0,1.0
synthetic128,diffusion/synchronization,size,24,common-008,8,True,common,1,0,0.0,1.0
synthetic128,diffusion/synchronization,size,24,common-009,9,True,common,0,1,0.0,1.0
synthetic128,diffusion/synchronization,size,24,common-010,10,True,common,1,2,0.0,1.0
synthetic128,diffusion/synchronization,size,24,common-011,11,True,common,0,2,0.0,1.0
synthetic128,diffusion/synchronization,size,24,decouple-012,0,True,decouple,0,2,0.0,1.0
synthetic128,diffusion/synchronization,size,24,decouple-013,1,True,decouple,0,1,0.0,1.0
synthetic128,diffusion/synchronization,size,24,decouple-014,2,True,decouple,1,1,0.0,1.0
synthetic128,diffusion/synchronization,size,24,decouple-015,3,True,decouple,0,0,0.0,1.0
synthetic128,diffusion/synchronization,size,24,decouple-016,4,True,decouple,0,1,0.0,1.0
synthetic128,diffusion/synchronization,size,24,decouple-017,5,True,decouple,1,0,0.09090909090909091,1.0
synthetic128,diffusion/synchronization,size,24,noise-018,6,True,noise,0,1,0.0,1.0
synthetic128,diffusion/synchronization,size,24,noise-019,7,True,noise,0,0,0.0,1.0
synthetic128,diffusion/synchronization,size,24,noise-020,8,True,noise,0,0,0.0,1.0
synthetic128,diffusion/synchronization,size,24,noise-021,9,True,noise,0,1,0.0,1.0
synthetic128,diffusion/synchronization,size,24,noise-022,10,True,noise,1,2,0.0,1.0
synthetic128,diffusion/synchronization,size,24,noise-023,11,True,noise,1,2,0.0,1.0
synthetic128,diffusion/synchronization,size,24,delay-024,0,True,delay,0,2,0.0,1.0
synthetic128,diffusion/synchronization,size,24,delay-025,1,True,delay,0,2,0.0,1.0
synthetic128,diffusion/synchronization,size,24,delay-026,2,True,delay,1,1,0.0,1.0
synthetic128,diffusion/synchronization,size,24,delay-027,3,True,delay,0,0,0.0,1.0
synthetic128,diffusion/synchronization,size,24,delay-028,4,True,delay,0,1,0.0,1.0
synthetic128,diffusion/synchronization,size,24,delay-029,5,True,delay,1,1,0.043478260869565216,1.0
synthetic128,diffusion/synchronization,size,24,drift-030,6,True,drift,0,1,0.0,1.0
synthetic128,diffusion/synchronization,size,24,drift-031,7,True,drift,0,0,0.0,1.0
synthetic128,diffusion/synchronization,size,24,drift-032,8,True,drift,1,0,0.0,1.0
synthetic128,diffusion/synchronization,size,24,drift-033,9,True,drift,0,1,0.0,1.0
synthetic128,diffusion/synchronization,size,24,drift-034,10,True,drift,1,2,0.0,1.0
synthetic128,diffusion/synchronization,size,24,drift-035,11,True,drift,1,2,0.0,1.0
synthetic128,diffusion/synchronization,size,24,flatline-036,0,True,flatline,0,2,0.0,1.0
synthetic128,diffusion/synchronization,size,24,flatline-037,1,True,flatline,0,1,0.0,0.9615384615384616
synthetic128,diffusion/synchronization,size,24,flatline-038,2,True,flatline,1,1,0.125,0.8896321070234113
synthetic128,diffusion/synchronization,size,24,flatline-039,3,True,flatline,0,0,0.0,1.0
synthetic128,diffusion/synchronization,size,24,flatline-040,4,True,flatline,0,1,0.0,0.9782608695652174
synthetic128,diffusion/synchronization,size,24,flatline-041,5,True,flatline,1,0,0.043478260869565216,0.7892976588628763
synthetic128,diffusion/synchronization,size,24,dropout-042,6,True,dropout,0,1,0.0,0.959866220735786
synthetic128,diffusion/synchronization,size,24,dropout-043,7,True,dropout,0,0,0.0,0.38461538461538464
synthetic128,diffusion/synchronization,size,24,dropout-044,8,True,dropout,1,0,0.0,0.7140468227424749
synthetic128,diffusion/synchronization,size,24,dropout-045,9,True,dropout,0,1,0.0,0.8528428093645485
synthetic128,diffusion/synchronization,size,24,dropout-046,10,True,dropout,1,2,0.0,0.8127090301003345
synthetic128,diffusion/synchronization,size,24,dropout-047,11,True,dropout,1,2,0.0,0.459866220735786
synthetic128,diffusion/synchronization,size,24,anticorrelated-048,0,True,anticorrelated,0,2,0.0,1.0
synthetic128,diffusion/synchronization,size,24,anticorrelated-049,1,True,anticorrelated,0,1,0.0,1.0
synthetic128,diffusion/synchronization,size,24,anticorrelated-050,2,True,anticorrelated,1,1,0.0,1.0
synthetic128,diffusion/synchronization,size,24,anticorrelated-051,3,True,anticorrelated,0,0,0.0,1.0
synthetic128,diffusion/synchronization,size,24,anticorrelated-052,4,True,anticorrelated,0,1,0.0,1.0
synthetic128,diffusion/synchronization,size,24,anticorrelated-053,5,True,anticorrelated,1,1,0.043478260869565216,1.0
synthetic128,diffusion/synchronization,size,24,mixed-054,6,True,mixed,0,1,0.0,1.0
synthetic128,diffusion/synchronization,size,24,mixed-055,7,True,mixed,0,0,0.0,1.0
synthetic128,diffusion/synchronization,size,24,mixed-056,8,True,mixed,1,0,0.2857142857142857,1.0
synthetic128,diffusion/synchronization,size,24,mixed-057,9,True,mixed,0,1,0.0,1.0
synthetic128,diffusion/synchronization,size,24,mixed-058,10,True,mixed,1,2,0.058823529411764705,1.0
synthetic128,diffusion/synchronization,size,24,mixed-059,11,True,mixed,1,2,0.0,1.0
synthetic128,diffusion/synchronization,size,24,matched_covariance-060,0,True,matched_covariance,0,2,0.0,1.0
synthetic128,diffusion/synchronization,size,24,matched_covariance-061,1,True,matched_covariance,0,1,0.0,1.0
synthetic128,diffusion/synchronization,size,24,matched_covariance-062,2,True,matched_covariance,1,1,0.0,1.0
synthetic128,diffusion/synchronization,size,24,matched_covariance-063,3,True,matched_covariance,0,0,0.0,1.0
synthetic128,diffusion/synchronization,size,24,matched_covariance-064,4,True,matched_covariance,0,1,0.0,1.0
synthetic128,diffusion/synchronization,size,24,matched_covariance-065,5,True,matched_covariance,1,0,0.043478260869565216,1.0
synthetic128,diffusion/synchronization,size,24,marginal_preserving-066,6,True,marginal_preserving,0,1,0.0,1.0
synthetic128,diffusion/synchronization,size,24,marginal_preserving-067,7,True,marginal_preserving,0,0,0.0,1.0
synthetic128,diffusion/synchronization,size,24,marginal_preserving-068,8,True,marginal_preserving,1,0,0.125,1.0
synthetic128,diffusion/synchronization,size,24,marginal_preserving-069,9,True,marginal_preserving,0,2,0.0,1.0
synthetic128,diffusion/synchronization,size,24,marginal_preserving-070,10,True,marginal_preserving,1,2,0.0,1.0
synthetic128,diffusion/synchronization,size,24,marginal_preserving-071,11,True,marginal_preserving,1,2,0.0,1.0
synthetic128,diffusion/synchronization,size,24,untouched-000,0,False,untouched,0,2,0.0,1.0
synthetic128,diffusion/synchronization,size,24,transition-000,0,False,transition,0,0,0.0,1.0
synthetic128,diffusion/synchronization,size,24,untouched-001,1,False,untouched,0,1,0.0,1.0
synthetic128,diffusion/synchronization,size,24,transition-001,1,False,transition,0,0,0.0,1.0
synthetic128,diffusion/synchronization,size,24,untouched-002,2,False,untouched,0,2,0.0,1.0
synthetic128,diffusion/synchronization,size,24,transition-002,2,False,transition,0,1,0.0,1.0
synthetic128,diffusion/synchronization,size,24,untouched-003,3,False,untouched,0,0,0.0,1.0
synthetic128,diffusion/synchronization,size,24,transition-003,3,False,transition,0,0,0.0,1.0
synthetic128,diffusion/synchronization,size,24,untouched-004,4,False,untouched,0,1,0.0,1.0
synthetic128,diffusion/synchronization,size,24,transition-004,4,False,transition,0,2,0.0,1.0
synthetic128,diffusion/synchronization,size,24,untouched-005,5,False,untouched,0,1,0.0,1.0
synthetic128,diffusion/synchronization,size,24,transition-005,5,False,transition,0,0,0.0,1.0
synthetic128,diffusion/synchronization,size,24,untouched-006,6,False,untouched,0,1,0.0,1.0
synthetic128,diffusion/synchronization,size,24,transition-006,6,False,transition,0,1,0.0,1.0
synthetic128,diffusion/synchronization,size,24,untouched-007,7,False,untouched,0,0,0.0,1.0
synthetic128,diffusion/synchronization,size,24,transition-007,7,False,transition,0,0,0.0,1.0
synthetic128,diffusion/synchronization,size,24,untouched-008,8,False,untouched,0,1,0.0,1.0
synthetic128,diffusion/synchronization,size,24,transition-008,8,False,transition,0,1,0.0,1.0
synthetic128,diffusion/synchronization,size,24,untouched-009,9,False,untouched,0,1,0.0,1.0
synthetic128,diffusion/synchronization,size,24,transition-009,9,False,transition,0,1,0.0,1.0
synthetic128,diffusion/synchronization,size,24,untouched-010,10,False,untouched,0,3,0.0,1.0
synthetic128,diffusion/synchronization,size,24,transition-010,10,False,transition,0,0,0.0,1.0
synthetic128,diffusion/synchronization,size,24,untouched-011,11,False,untouched,0,3,0.0,1.0
synthetic128,diffusion/synchronization,size,24,transition-011,11,False,transition,0,1,0.0,1.0
synthetic128,diffusion/combined,size,24,copy-000,0,True,copy,0,2,0.0,1.0
synthetic128,diffusion/combined,size,24,copy-001,1,True,copy,1,0,0.043478260869565216,1.0
synthetic128,diffusion/combined,size,24,copy-002,2,True,copy,1,2,0.0,1.0
synthetic128,diffusion/combined,size,24,copy-003,3,True,copy,0,2,0.0,1.0
synthetic128,diffusion/combined,size,24,copy-004,4,True,copy,0,1,0.0,1.0
synthetic128,diffusion/combined,size,24,copy-005,5,True,copy,1,2,0.043478260869565216,1.0
synthetic128,diffusion/combined,size,24,common-006,6,True,common,0,1,0.0,1.0
synthetic128,diffusion/combined,size,24,common-007,7,True,common,0,1,0.0,1.0
synthetic128,diffusion/combined,size,24,common-008,8,True,common,1,1,0.0,1.0
synthetic128,diffusion/combined,size,24,common-009,9,True,common,0,2,0.0,1.0
synthetic128,diffusion/combined,size,24,common-010,10,True,common,1,3,0.2,1.0
synthetic128,diffusion/combined,size,24,common-011,11,True,common,1,1,0.14285714285714285,1.0
synthetic128,diffusion/combined,size,24,decouple-012,0,True,decouple,0,2,0.0,1.0
synthetic128,diffusion/combined,size,24,decouple-013,1,True,decouple,1,0,0.14285714285714285,1.0
synthetic128,diffusion/combined,size,24,decouple-014,2,True,decouple,1,2,0.0,1.0
synthetic128,diffusion/combined,size,24,decouple-015,3,True,decouple,0,2,0.0,1.0
synthetic128,diffusion/combined,size,24,decouple-016,4,True,decouple,0,1,0.0,1.0
synthetic128,diffusion/combined,size,24,decouple-017,5,True,decouple,1,2,0.09090909090909091,1.0
synthetic128,diffusion/combined,size,24,noise-018,6,True,noise,0,1,0.0,1.0
synthetic128,diffusion/combined,size,24,noise-019,7,True,noise,0,1,0.0,1.0
synthetic128,diffusion/combined,size,24,noise-020,8,True,noise,1,1,0.058823529411764705,1.0
synthetic128,diffusion/combined,size,24,noise-021,9,True,noise,0,2,0.0,1.0
synthetic128,diffusion/combined,size,24,noise-022,10,True,noise,1,2,0.2,1.0
synthetic128,diffusion/combined,size,24,noise-023,11,True,noise,1,2,0.0,1.0
synthetic128,diffusion/combined,size,24,delay-024,0,True,delay,0,3,0.0,1.0
synthetic128,diffusion/combined,size,24,delay-025,1,True,delay,1,0,0.043478260869565216,1.0
synthetic128,diffusion/combined,size,24,delay-026,2,True,delay,1,2,0.0,1.0
synthetic128,diffusion/combined,size,24,delay-027,3,True,delay,0,2,0.0,1.0
synthetic128,diffusion/combined,size,24,delay-028,4,True,delay,0,1,0.0,1.0
synthetic128,diffusion/combined,size,24,delay-029,5,True,delay,1,3,0.043478260869565216,1.0
synthetic128,diffusion/combined,size,24,drift-030,6,True,drift,0,1,0.0,1.0
synthetic128,diffusion/combined,size,24,drift-031,7,True,drift,0,1,0.0,1.0
synthetic128,diffusion/combined,size,24,drift-032,8,True,drift,1,1,0.0,1.0
synthetic128,diffusion/combined,size,24,drift-033,9,True,drift,0,2,0.0,1.0
synthetic128,diffusion/combined,size,24,drift-034,10,True,drift,1,3,0.0,1.0
synthetic128,diffusion/combined,size,24,drift-035,11,True,drift,1,3,0.0,1.0
synthetic128,diffusion/combined,size,24,flatline-036,0,True,flatline,0,2,0.0,1.0
synthetic128,diffusion/combined,size,24,flatline-037,1,True,flatline,1,1,0.0,0.9615384615384616
synthetic128,diffusion/combined,size,24,flatline-038,2,True,flatline,1,3,0.0,0.8896321070234113
synthetic128,diffusion/combined,size,24,flatline-039,3,True,flatline,0,2,0.0,1.0
synthetic128,diffusion/combined,size,24,flatline-040,4,True,flatline,0,1,0.0,0.9782608695652174
synthetic128,diffusion/combined,size,24,flatline-041,5,True,flatline,1,2,0.043478260869565216,0.7892976588628763
synthetic128,diffusion/combined,size,24,dropout-042,6,True,dropout,0,1,0.0,0.959866220735786
synthetic128,diffusion/combined,size,24,dropout-043,7,True,dropout,0,1,0.0,0.38461538461538464
synthetic128,diffusion/combined,size,24,dropout-044,8,True,dropout,1,2,0.0,0.7140468227424749
synthetic128,diffusion/combined,size,24,dropout-045,9,True,dropout,0,2,0.0,0.8528428093645485
synthetic128,diffusion/combined,size,24,dropout-046,10,True,dropout,1,3,0.0,0.8127090301003345
synthetic128,diffusion/combined,size,24,dropout-047,11,True,dropout,1,2,0.0,0.459866220735786
synthetic128,diffusion/combined,size,24,anticorrelated-048,0,True,anticorrelated,0,3,0.0,1.0
synthetic128,diffusion/combined,size,24,anticorrelated-049,1,True,anticorrelated,1,0,0.09090909090909091,1.0
synthetic128,diffusion/combined,size,24,anticorrelated-050,2,True,anticorrelated,1,2,0.0,1.0
synthetic128,diffusion/combined,size,24,anticorrelated-051,3,True,anticorrelated,0,2,0.0,1.0
synthetic128,diffusion/combined,size,24,anticorrelated-052,4,True,anticorrelated,0,1,0.0,1.0
synthetic128,diffusion/combined,size,24,anticorrelated-053,5,True,anticorrelated,1,3,0.043478260869565216,1.0
synthetic128,diffusion/combined,size,24,mixed-054,6,True,mixed,0,1,0.0,1.0
synthetic128,diffusion/combined,size,24,mixed-055,7,True,mixed,1,1,0.14285714285714285,1.0
synthetic128,diffusion/combined,size,24,mixed-056,8,True,mixed,1,1,0.0,1.0
synthetic128,diffusion/combined,size,24,mixed-057,9,True,mixed,0,2,0.0,1.0
synthetic128,diffusion/combined,size,24,mixed-058,10,True,mixed,1,2,0.058823529411764705,1.0
synthetic128,diffusion/combined,size,24,mixed-059,11,True,mixed,1,2,0.0,1.0
synthetic128,diffusion/combined,size,24,matched_covariance-060,0,True,matched_covariance,0,2,0.0,1.0
synthetic128,diffusion/combined,size,24,matched_covariance-061,1,True,matched_covariance,1,0,0.043478260869565216,1.0
synthetic128,diffusion/combined,size,24,matched_covariance-062,2,True,matched_covariance,1,4,0.058823529411764705,1.0
synthetic128,diffusion/combined,size,24,matched_covariance-063,3,True,matched_covariance,0,2,0.0,1.0
synthetic128,diffusion/combined,size,24,matched_covariance-064,4,True,matched_covariance,0,1,0.0,1.0
synthetic128,diffusion/combined,size,24,matched_covariance-065,5,True,matched_covariance,1,3,0.043478260869565216,1.0
synthetic128,diffusion/combined,size,24,marginal_preserving-066,6,True,marginal_preserving,0,1,0.0,1.0
synthetic128,diffusion/combined,size,24,marginal_preserving-067,7,True,marginal_preserving,0,1,0.0,1.0
synthetic128,diffusion/combined,size,24,marginal_preserving-068,8,True,marginal_preserving,1,1,0.058823529411764705,1.0
synthetic128,diffusion/combined,size,24,marginal_preserving-069,9,True,marginal_preserving,0,2,0.0,1.0
synthetic128,diffusion/combined,size,24,marginal_preserving-070,10,True,marginal_preserving,1,3,0.0,1.0
synthetic128,diffusion/combined,size,24,marginal_preserving-071,11,True,marginal_preserving,1,2,0.0,1.0
synthetic128,diffusion/combined,size,24,untouched-000,0,False,untouched,0,2,0.0,1.0
synthetic128,diffusion/combined,size,24,transition-000,0,False,transition,0,1,0.0,1.0
synthetic128,diffusion/combined,size,24,untouched-001,1,False,untouched,0,1,0.0,1.0
synthetic128,diffusion/combined,size,24,transition-001,1,False,transition,0,1,0.0,1.0
synthetic128,diffusion/combined,size,24,untouched-002,2,False,untouched,0,3,0.0,1.0
synthetic128,diffusion/combined,size,24,transition-002,2,False,transition,0,3,0.0,1.0
synthetic128,diffusion/combined,size,24,untouched-003,3,False,untouched,0,2,0.0,1.0
synthetic128,diffusion/combined,size,24,transition-003,3,False,transition,0,0,0.0,1.0
synthetic128,diffusion/combined,size,24,untouched-004,4,False,untouched,0,1,0.0,1.0
synthetic128,diffusion/combined,size,24,transition-004,4,False,transition,0,2,0.0,1.0
synthetic128,diffusion/combined,size,24,untouched-005,5,False,untouched,0,3,0.0,1.0
synthetic128,diffusion/combined,size,24,transition-005,5,False,transition,0,2,0.0,1.0
synthetic128,diffusion/combined,size,24,untouched-006,6,False,untouched,0,1,0.0,1.0
synthetic128,diffusion/combined,size,24,transition-006,6,False,transition,0,1,0.0,1.0
synthetic128,diffusion/combined,size,24,untouched-007,7,False,untouched,0,1,0.0,1.0
synthetic128,diffusion/combined,size,24,transition-007,7,False,transition,0,2,0.0,1.0
synthetic128,diffusion/combined,size,24,untouched-008,8,False,untouched,0,2,0.0,1.0
synthetic128,diffusion/combined,size,24,transition-008,8,False,transition,0,2,0.0,1.0
synthetic128,diffusion/combined,size,24,untouched-009,9,False,untouched,0,2,0.0,1.0
synthetic128,diffusion/combined,size,24,transition-009,9,False,transition,0,2,0.0,1.0
synthetic128,diffusion/combined,size,24,untouched-010,10,False,untouched,0,4,0.0,1.0
synthetic128,diffusion/combined,size,24,transition-010,10,False,transition,0,2,0.0,1.0
synthetic128,diffusion/combined,size,24,untouched-011,11,False,untouched,0,4,0.0,1.0
synthetic128,diffusion/combined,size,24,transition-011,11,False,transition,0,2,0.0,1.0
synthetic256,diffusion/entropy,window,24,copy-000,0,True,copy,0,2,0.0,1.0
synthetic256,diffusion/entropy,window,24,copy-001,1,True,copy,0,1,0.0,1.0
synthetic256,diffusion/entropy,window,24,copy-002,2,True,copy,0,1,0.0,1.0
synthetic256,diffusion/entropy,window,24,copy-003,3,True,copy,0,1,0.0,1.0
synthetic256,diffusion/entropy,window,24,copy-004,4,True,copy,0,1,0.0,1.0
synthetic256,diffusion/entropy,window,24,copy-005,5,True,copy,0,1,0.0,1.0
synthetic256,diffusion/entropy,window,24,common-006,6,True,common,0,3,0.0,1.0
synthetic256,diffusion/entropy,window,24,common-007,7,True,common,0,1,0.0,1.0
synthetic256,diffusion/entropy,window,24,common-008,8,True,common,1,1,0.0,1.0
synthetic256,diffusion/entropy,window,24,common-009,9,True,common,0,2,0.0,1.0
synthetic256,diffusion/entropy,window,24,common-010,10,True,common,0,2,0.0,1.0
synthetic256,diffusion/entropy,window,24,common-011,11,True,common,1,1,0.0,1.0
synthetic256,diffusion/entropy,window,24,decouple-012,0,True,decouple,0,2,0.0,1.0
synthetic256,diffusion/entropy,window,24,decouple-013,1,True,decouple,0,1,0.0,1.0
synthetic256,diffusion/entropy,window,24,decouple-014,2,True,decouple,0,1,0.0,1.0
synthetic256,diffusion/entropy,window,24,decouple-015,3,True,decouple,0,1,0.0,1.0
synthetic256,diffusion/entropy,window,24,decouple-016,4,True,decouple,0,1,0.0,1.0
synthetic256,diffusion/entropy,window,24,decouple-017,5,True,decouple,0,1,0.0,1.0
synthetic256,diffusion/entropy,window,24,noise-018,6,True,noise,0,3,0.0,1.0
synthetic256,diffusion/entropy,window,24,noise-019,7,True,noise,0,1,0.0,1.0
synthetic256,diffusion/entropy,window,24,noise-020,8,True,noise,1,1,0.0,1.0
synthetic256,diffusion/entropy,window,24,noise-021,9,True,noise,0,2,0.0,1.0
synthetic256,diffusion/entropy,window,24,noise-022,10,True,noise,0,2,0.0,1.0
synthetic256,diffusion/entropy,window,24,noise-023,11,True,noise,0,1,0.0,1.0
synthetic256,diffusion/entropy,window,24,delay-024,0,True,delay,0,2,0.0,1.0
synthetic256,diffusion/entropy,window,24,delay-025,1,True,delay,0,1,0.0,1.0
synthetic256,diffusion/entropy,window,24,delay-026,2,True,delay,0,1,0.0,1.0
synthetic256,diffusion/entropy,window,24,delay-027,3,True,delay,0,1,0.0,1.0
synthetic256,diffusion/entropy,window,24,delay-028,4,True,delay,0,1,0.0,1.0
synthetic256,diffusion/entropy,window,24,delay-029,5,True,delay,0,1,0.0,1.0
synthetic256,diffusion/entropy,window,24,drift-030,6,True,drift,0,3,0.0,1.0
synthetic256,diffusion/entropy,window,24,drift-031,7,True,drift,0,1,0.0,1.0
synthetic256,diffusion/entropy,window,24,drift-032,8,True,drift,1,1,0.0,1.0
synthetic256,diffusion/entropy,window,24,drift-033,9,True,drift,0,2,0.0,1.0
synthetic256,diffusion/entropy,window,24,drift-034,10,True,drift,0,2,0.0,1.0
synthetic256,diffusion/entropy,window,24,drift-035,11,True,drift,1,1,0.0,1.0
synthetic256,diffusion/entropy,window,24,flatline-036,0,True,flatline,0,2,0.0,1.0
synthetic256,diffusion/entropy,window,24,flatline-037,1,True,flatline,0,1,0.0,0.9471153846153846
synthetic256,diffusion/entropy,window,24,flatline-038,2,True,flatline,0,1,0.0,0.9887820512820513
synthetic256,diffusion/entropy,window,24,flatline-039,3,True,flatline,0,1,0.0,1.0
synthetic256,diffusion/entropy,window,24,flatline-040,4,True,flatline,0,1,0.0,0.9711538461538461
synthetic256,diffusion/entropy,window,24,flatline-041,5,True,flatline,0,1,0.0,0.8766025641025641
synthetic256,diffusion/entropy,window,24,dropout-042,6,True,dropout,0,3,0.0,0.9839743589743589
synthetic256,diffusion/entropy,window,24,dropout-043,7,True,dropout,0,1,0.0,0.9358974358974359
synthetic256,diffusion/entropy,window,24,dropout-044,8,True,dropout,1,1,0.0,0.8269230769230769
synthetic256,diffusion/entropy,window,24,dropout-045,9,True,dropout,0,2,0.0,0.9551282051282052
synthetic256,diffusion/entropy,window,24,dropout-046,10,True,dropout,0,2,0.0,0.967948717948718
synthetic256,diffusion/entropy,window,24,dropout-047,11,True,dropout,1,1,0.0,0.7548076923076923
synthetic256,diffusion/entropy,window,24,anticorrelated-048,0,True,anticorrelated,0,2,0.0,1.0
synthetic256,diffusion/entropy,window,24,anticorrelated-049,1,True,anticorrelated,0,1,0.0,1.0
synthetic256,diffusion/entropy,window,24,anticorrelated-050,2,True,anticorrelated,0,1,0.0,1.0
synthetic256,diffusion/entropy,window,24,anticorrelated-051,3,True,anticorrelated,0,1,0.0,1.0
synthetic256,diffusion/entropy,window,24,anticorrelated-052,4,True,anticorrelated,0,1,0.0,1.0
synthetic256,diffusion/entropy,window,24,anticorrelated-053,5,True,anticorrelated,0,1,0.0,1.0
synthetic256,diffusion/entropy,window,24,mixed-054,6,True,mixed,0,3,0.0,1.0
synthetic256,diffusion/entropy,window,24,mixed-055,7,True,mixed,0,1,0.0,1.0
synthetic256,diffusion/entropy,window,24,mixed-056,8,True,mixed,1,1,0.0,1.0
synthetic256,diffusion/entropy,window,24,mixed-057,9,True,mixed,0,2,0.0,1.0
synthetic256,diffusion/entropy,window,24,mixed-058,10,True,mixed,0,2,0.0,1.0
synthetic256,diffusion/entropy,window,24,mixed-059,11,True,mixed,1,1,0.0,1.0
synthetic256,diffusion/entropy,window,24,matched_covariance-060,0,True,matched_covariance,0,2,0.0,1.0
synthetic256,diffusion/entropy,window,24,matched_covariance-061,1,True,matched_covariance,0,1,0.0,1.0
synthetic256,diffusion/entropy,window,24,matched_covariance-062,2,True,matched_covariance,0,1,0.0,1.0
synthetic256,diffusion/entropy,window,24,matched_covariance-063,3,True,matched_covariance,0,1,0.0,1.0
synthetic256,diffusion/entropy,window,24,matched_covariance-064,4,True,matched_covariance,0,1,0.0,1.0
synthetic256,diffusion/entropy,window,24,matched_covariance-065,5,True,matched_covariance,0,1,0.0,1.0
synthetic256,diffusion/entropy,window,24,marginal_preserving-066,6,True,marginal_preserving,0,3,0.0,1.0
synthetic256,diffusion/entropy,window,24,marginal_preserving-067,7,True,marginal_preserving,0,1,0.0,1.0
synthetic256,diffusion/entropy,window,24,marginal_preserving-068,8,True,marginal_preserving,0,1,0.0,1.0
synthetic256,diffusion/entropy,window,24,marginal_preserving-069,9,True,marginal_preserving,0,2,0.0,1.0
synthetic256,diffusion/entropy,window,24,marginal_preserving-070,10,True,marginal_preserving,0,2,0.0,1.0
synthetic256,diffusion/entropy,window,24,marginal_preserving-071,11,True,marginal_preserving,1,1,0.0,1.0
synthetic256,diffusion/entropy,window,24,untouched-000,0,False,untouched,0,2,0.0,1.0
synthetic256,diffusion/entropy,window,24,transition-000,0,False,transition,0,2,0.0,1.0
synthetic256,diffusion/entropy,window,24,untouched-001,1,False,untouched,0,1,0.0,1.0
synthetic256,diffusion/entropy,window,24,transition-001,1,False,transition,0,1,0.0,1.0
synthetic256,diffusion/entropy,window,24,untouched-002,2,False,untouched,0,1,0.0,1.0
synthetic256,diffusion/entropy,window,24,transition-002,2,False,transition,0,1,0.0,1.0
synthetic256,diffusion/entropy,window,24,untouched-003,3,False,untouched,0,1,0.0,1.0
synthetic256,diffusion/entropy,window,24,transition-003,3,False,transition,0,1,0.0,1.0
synthetic256,diffusion/entropy,window,24,untouched-004,4,False,untouched,0,1,0.0,1.0
synthetic256,diffusion/entropy,window,24,transition-004,4,False,transition,0,1,0.0,1.0
synthetic256,diffusion/entropy,window,24,untouched-005,5,False,untouched,0,1,0.0,1.0
synthetic256,diffusion/entropy,window,24,transition-005,5,False,transition,0,1,0.0,1.0
synthetic256,diffusion/entropy,window,24,untouched-006,6,False,untouched,0,3,0.0,1.0
synthetic256,diffusion/entropy,window,24,transition-006,6,False,transition,0,3,0.0,1.0
synthetic256,diffusion/entropy,window,24,untouched-007,7,False,untouched,0,1,0.0,1.0
synthetic256,diffusion/entropy,window,24,transition-007,7,False,transition,0,1,0.0,1.0
synthetic256,diffusion/entropy,window,24,untouched-008,8,False,untouched,0,2,0.0,1.0
synthetic256,diffusion/entropy,window,24,transition-008,8,False,transition,0,2,0.0,1.0
synthetic256,diffusion/entropy,window,24,untouched-009,9,False,untouched,0,2,0.0,1.0
synthetic256,diffusion/entropy,window,24,transition-009,9,False,transition,0,1,0.0,1.0
synthetic256,diffusion/entropy,window,24,untouched-010,10,False,untouched,0,2,0.0,1.0
synthetic256,diffusion/entropy,window,24,transition-010,10,False,transition,0,2,0.0,1.0
synthetic256,diffusion/entropy,window,24,untouched-011,11,False,untouched,0,2,0.0,1.0
synthetic256,diffusion/entropy,window,24,transition-011,11,False,transition,0,1,0.0,1.0
synthetic256,diffusion/synchronization,window,24,copy-000,0,True,copy,1,3,0.0,1.0
synthetic256,diffusion/synchronization,window,24,copy-001,1,True,copy,0,1,0.0,1.0
synthetic256,diffusion/synchronization,window,24,copy-002,2,True,copy,0,2,0.0,1.0
synthetic256,diffusion/synchronization,window,24,copy-003,3,True,copy,1,1,0.0,1.0
synthetic256,diffusion/synchronization,window,24,copy-004,4,True,copy,1,1,0.0,1.0
synthetic256,diffusion/synchronization,window,24,copy-005,5,True,copy,0,1,0.0,1.0
synthetic256,diffusion/synchronization,window,24,common-006,6,True,common,0,3,0.0,1.0
synthetic256,diffusion/synchronization,window,24,common-007,7,True,common,1,1,0.125,1.0
synthetic256,diffusion/synchronization,window,24,common-008,8,True,common,1,1,0.0,1.0
synthetic256,diffusion/synchronization,window,24,common-009,9,True,common,0,1,0.0,1.0
synthetic256,diffusion/synchronization,window,24,common-010,10,True,common,0,2,0.0,1.0
synthetic256,diffusion/synchronization,window,24,common-011,11,True,common,1,2,0.0,1.0
synthetic256,diffusion/synchronization,window,24,decouple-012,0,True,decouple,1,3,0.0,1.0
synthetic256,diffusion/synchronization,window,24,decouple-013,1,True,decouple,0,1,0.0,1.0
synthetic256,diffusion/synchronization,window,24,decouple-014,2,True,decouple,0,2,0.0,1.0
synthetic256,diffusion/synchronization,window,24,decouple-015,3,True,decouple,1,1,0.0,1.0
synthetic256,diffusion/synchronization,window,24,decouple-016,4,True,decouple,1,1,0.0,1.0
synthetic256,diffusion/synchronization,window,24,decouple-017,5,True,decouple,0,1,0.0,1.0
synthetic256,diffusion/synchronization,window,24,noise-018,6,True,noise,0,3,0.0,1.0
synthetic256,diffusion/synchronization,window,24,noise-019,7,True,noise,1,1,0.0,1.0
synthetic256,diffusion/synchronization,window,24,noise-020,8,True,noise,1,1,0.0,1.0
synthetic256,diffusion/synchronization,window,24,noise-021,9,True,noise,0,1,0.0,1.0
synthetic256,diffusion/synchronization,window,24,noise-022,10,True,noise,0,2,0.0,1.0
synthetic256,diffusion/synchronization,window,24,noise-023,11,True,noise,0,1,0.0,1.0
synthetic256,diffusion/synchronization,window,24,delay-024,0,True,delay,1,3,0.0,1.0
synthetic256,diffusion/synchronization,window,24,delay-025,1,True,delay,0,1,0.0,1.0
synthetic256,diffusion/synchronization,window,24,delay-026,2,True,delay,0,2,0.0,1.0
synthetic256,diffusion/synchronization,window,24,delay-027,3,True,delay,1,1,0.0,1.0
synthetic256,diffusion/synchronization,window,24,delay-028,4,True,delay,1,1,0.0,1.0
synthetic256,diffusion/synchronization,window,24,delay-029,5,True,delay,0,1,0.0,1.0
synthetic256,diffusion/synchronization,window,24,drift-030,6,True,drift,0,3,0.0,1.0
synthetic256,diffusion/synchronization,window,24,drift-031,7,True,drift,1,1,0.0,1.0
synthetic256,diffusion/synchronization,window,24,drift-032,8,True,drift,1,1,0.0,1.0
synthetic256,diffusion/synchronization,window,24,drift-033,9,True,drift,0,1,0.0,1.0
synthetic256,diffusion/synchronization,window,24,drift-034,10,True,drift,0,2,0.0,1.0
synthetic256,diffusion/synchronization,window,24,drift-035,11,True,drift,1,2,0.0,1.0
synthetic256,diffusion/synchronization,window,24,flatline-036,0,True,flatline,1,3,0.0,1.0
synthetic256,diffusion/synchronization,window,24,flatline-037,1,True,flatline,1,1,0.0,0.9471153846153846
synthetic256,diffusion/synchronization,window,24,flatline-038,2,True,flatline,0,2,0.0,0.9887820512820513
synthetic256,diffusion/synchronization,window,24,flatline-039,3,True,flatline,1,1,0.0,1.0
synthetic256,diffusion/synchronization,window,24,flatline-040,4,True,flatline,1,1,0.0,0.9711538461538461
synthetic256,diffusion/synchronization,window,24,flatline-041,5,True,flatline,1,2,0.0,0.8766025641025641
synthetic256,diffusion/synchronization,window,24,dropout-042,6,True,dropout,0,3,0.0,0.9839743589743589
synthetic256,diffusion/synchronization,window,24,dropout-043,7,True,dropout,1,1,0.0,0.9358974358974359
synthetic256,diffusion/synchronization,window,24,dropout-044,8,True,dropout,1,1,0.0,0.8269230769230769
synthetic256,diffusion/synchronization,window,24,dropout-045,9,True,dropout,0,1,0.0,0.9551282051282052
synthetic256,diffusion/synchronization,window,24,dropout-046,10,True,dropout,0,2,0.0,0.967948717948718
synthetic256,diffusion/synchronization,window,24,dropout-047,11,True,dropout,1,2,0.0,0.7548076923076923
synthetic256,diffusion/synchronization,window,24,anticorrelated-048,0,True,anticorrelated,1,3,0.0,1.0
synthetic256,diffusion/synchronization,window,24,anticorrelated-049,1,True,anticorrelated,0,1,0.0,1.0
synthetic256,diffusion/synchronization,window,24,anticorrelated-050,2,True,anticorrelated,0,2,0.0,1.0
synthetic256,diffusion/synchronization,window,24,anticorrelated-051,3,True,anticorrelated,1,1,0.0,1.0
synthetic256,diffusion/synchronization,window,24,anticorrelated-052,4,True,anticorrelated,1,1,0.0,1.0
synthetic256,diffusion/synchronization,window,24,anticorrelated-053,5,True,anticorrelated,0,1,0.0,1.0
synthetic256,diffusion/synchronization,window,24,mixed-054,6,True,mixed,0,3,0.0,1.0
synthetic256,diffusion/synchronization,window,24,mixed-055,7,True,mixed,0,1,0.0,1.0
synthetic256,diffusion/synchronization,window,24,mixed-056,8,True,mixed,1,1,0.0,1.0
synthetic256,diffusion/synchronization,window,24,mixed-057,9,True,mixed,0,1,0.0,1.0
synthetic256,diffusion/synchronization,window,24,mixed-058,10,True,mixed,0,2,0.0,1.0
synthetic256,diffusion/synchronization,window,24,mixed-059,11,True,mixed,1,2,0.0,1.0
synthetic256,diffusion/synchronization,window,24,matched_covariance-060,0,True,matched_covariance,1,3,0.0,1.0
synthetic256,diffusion/synchronization,window,24,matched_covariance-061,1,True,matched_covariance,0,1,0.0,1.0
synthetic256,diffusion/synchronization,window,24,matched_covariance-062,2,True,matched_covariance,0,2,0.0,1.0
synthetic256,diffusion/synchronization,window,24,matched_covariance-063,3,True,matched_covariance,1,1,0.0,1.0
synthetic256,diffusion/synchronization,window,24,matched_covariance-064,4,True,matched_covariance,1,1,0.0,1.0
synthetic256,diffusion/synchronization,window,24,matched_covariance-065,5,True,matched_covariance,0,1,0.0,1.0
synthetic256,diffusion/synchronization,window,24,marginal_preserving-066,6,True,marginal_preserving,0,3,0.0,1.0
synthetic256,diffusion/synchronization,window,24,marginal_preserving-067,7,True,marginal_preserving,1,1,0.0,1.0
synthetic256,diffusion/synchronization,window,24,marginal_preserving-068,8,True,marginal_preserving,0,1,0.0,1.0
synthetic256,diffusion/synchronization,window,24,marginal_preserving-069,9,True,marginal_preserving,0,1,0.0,1.0
synthetic256,diffusion/synchronization,window,24,marginal_preserving-070,10,True,marginal_preserving,0,2,0.0,1.0
synthetic256,diffusion/synchronization,window,24,marginal_preserving-071,11,True,marginal_preserving,1,1,0.0,1.0
synthetic256,diffusion/synchronization,window,24,untouched-000,0,False,untouched,0,4,0.0,1.0
synthetic256,diffusion/synchronization,window,24,transition-000,0,False,transition,0,3,0.0,1.0
synthetic256,diffusion/synchronization,window,24,untouched-001,1,False,untouched,0,1,0.0,1.0
synthetic256,diffusion/synchronization,window,24,transition-001,1,False,transition,0,2,0.0,1.0
synthetic256,diffusion/synchronization,window,24,untouched-002,2,False,untouched,0,2,0.0,1.0
synthetic256,diffusion/synchronization,window,24,transition-002,2,False,transition,0,2,0.0,1.0
synthetic256,diffusion/synchronization,window,24,untouched-003,3,False,untouched,0,2,0.0,1.0
synthetic256,diffusion/synchronization,window,24,transition-003,3,False,transition,0,2,0.0,1.0
synthetic256,diffusion/synchronization,window,24,untouched-004,4,False,untouched,0,2,0.0,1.0
synthetic256,diffusion/synchronization,window,24,transition-004,4,False,transition,0,2,0.0,1.0
synthetic256,diffusion/synchronization,window,24,untouched-005,5,False,untouched,0,1,0.0,1.0
synthetic256,diffusion/synchronization,window,24,transition-005,5,False,transition,0,2,0.0,1.0
synthetic256,diffusion/synchronization,window,24,untouched-006,6,False,untouched,0,3,0.0,1.0
synthetic256,diffusion/synchronization,window,24,transition-006,6,False,transition,0,4,0.0,1.0
synthetic256,diffusion/synchronization,window,24,untouched-007,7,False,untouched,0,2,0.0,1.0
synthetic256,diffusion/synchronization,window,24,transition-007,7,False,transition,0,3,0.0,1.0
synthetic256,diffusion/synchronization,window,24,untouched-008,8,False,untouched,0,2,0.0,1.0
synthetic256,diffusion/synchronization,window,24,transition-008,8,False,transition,0,2,0.0,1.0
synthetic256,diffusion/synchronization,window,24,untouched-009,9,False,untouched,0,1,0.0,1.0
synthetic256,diffusion/synchronization,window,24,transition-009,9,False,transition,0,2,0.0,1.0
synthetic256,diffusion/synchronization,window,24,untouched-010,10,False,untouched,0,2,0.0,1.0
synthetic256,diffusion/synchronization,window,24,transition-010,10,False,transition,0,1,0.0,1.0
synthetic256,diffusion/synchronization,window,24,untouched-011,11,False,untouched,0,3,0.0,1.0
synthetic256,diffusion/synchronization,window,24,transition-011,11,False,transition,0,1,0.0,1.0
synthetic256,diffusion/combined,window,24,copy-000,0,True,copy,1,3,0.0,1.0
synthetic256,diffusion/combined,window,24,copy-001,1,True,copy,0,1,0.0,1.0
synthetic256,diffusion/combined,window,24,copy-002,2,True,copy,0,2,0.0,1.0
synthetic256,diffusion/combined,window,24,copy-003,3,True,copy,1,1,0.0,1.0
synthetic256,diffusion/combined,window,24,copy-004,4,True,copy,1,1,0.0,1.0
synthetic256,diffusion/combined,window,24,copy-005,5,True,copy,0,1,0.0,1.0
synthetic256,diffusion/combined,window,24,common-006,6,True,common,0,3,0.0,1.0
synthetic256,diffusion/combined,window,24,common-007,7,True,common,1,1,0.125,1.0
synthetic256,diffusion/combined,window,24,common-008,8,True,common,1,1,0.0,1.0
synthetic256,diffusion/combined,window,24,common-009,9,True,common,0,1,0.0,1.0
synthetic256,diffusion/combined,window,24,common-010,10,True,common,0,2,0.0,1.0
synthetic256,diffusion/combined,window,24,common-011,11,True,common,1,2,0.0,1.0
synthetic256,diffusion/combined,window,24,decouple-012,0,True,decouple,1,3,0.0,1.0
synthetic256,diffusion/combined,window,24,decouple-013,1,True,decouple,0,1,0.0,1.0
synthetic256,diffusion/combined,window,24,decouple-014,2,True,decouple,0,2,0.0,1.0
synthetic256,diffusion/combined,window,24,decouple-015,3,True,decouple,1,1,0.0,1.0
synthetic256,diffusion/combined,window,24,decouple-016,4,True,decouple,1,1,0.0,1.0
synthetic256,diffusion/combined,window,24,decouple-017,5,True,decouple,0,1,0.0,1.0
synthetic256,diffusion/combined,window,24,noise-018,6,True,noise,0,3,0.0,1.0
synthetic256,diffusion/combined,window,24,noise-019,7,True,noise,1,1,0.0,1.0
synthetic256,diffusion/combined,window,24,noise-020,8,True,noise,1,1,0.0,1.0
synthetic256,diffusion/combined,window,24,noise-021,9,True,noise,0,1,0.0,1.0
synthetic256,diffusion/combined,window,24,noise-022,10,True,noise,0,2,0.0,1.0
synthetic256,diffusion/combined,window,24,noise-023,11,True,noise,0,1,0.0,1.0
synthetic256,diffusion/combined,window,24,delay-024,0,True,delay,1,3,0.0,1.0
synthetic256,diffusion/combined,window,24,delay-025,1,True,delay,0,1,0.0,1.0
synthetic256,diffusion/combined,window,24,delay-026,2,True,delay,0,2,0.0,1.0
synthetic256,diffusion/combined,window,24,delay-027,3,True,delay,1,1,0.0,1.0
synthetic256,diffusion/combined,window,24,delay-028,4,True,delay,1,1,0.0,1.0
synthetic256,diffusion/combined,window,24,delay-029,5,True,delay,0,1,0.0,1.0
synthetic256,diffusion/combined,window,24,drift-030,6,True,drift,0,3,0.0,1.0
synthetic256,diffusion/combined,window,24,drift-031,7,True,drift,1,1,0.0,1.0
synthetic256,diffusion/combined,window,24,drift-032,8,True,drift,1,1,0.0,1.0
synthetic256,diffusion/combined,window,24,drift-033,9,True,drift,0,1,0.0,1.0
synthetic256,diffusion/combined,window,24,drift-034,10,True,drift,0,2,0.0,1.0
synthetic256,diffusion/combined,window,24,drift-035,11,True,drift,1,2,0.0,1.0
synthetic256,diffusion/combined,window,24,flatline-036,0,True,flatline,1,3,0.0,1.0
synthetic256,diffusion/combined,window,24,flatline-037,1,True,flatline,1,1,0.0,0.9471153846153846
synthetic256,diffusion/combined,window,24,flatline-038,2,True,flatline,0,2,0.0,0.9887820512820513
synthetic256,diffusion/combined,window,24,flatline-039,3,True,flatline,1,1,0.0,1.0
synthetic256,diffusion/combined,window,24,flatline-040,4,True,flatline,1,1,0.0,0.9711538461538461
synthetic256,diffusion/combined,window,24,flatline-041,5,True,flatline,1,2,0.0,0.8766025641025641
synthetic256,diffusion/combined,window,24,dropout-042,6,True,dropout,0,3,0.0,0.9839743589743589
synthetic256,diffusion/combined,window,24,dropout-043,7,True,dropout,1,1,0.0,0.9358974358974359
synthetic256,diffusion/combined,window,24,dropout-044,8,True,dropout,1,1,0.0,0.8269230769230769
synthetic256,diffusion/combined,window,24,dropout-045,9,True,dropout,0,1,0.0,0.9551282051282052
synthetic256,diffusion/combined,window,24,dropout-046,10,True,dropout,0,2,0.0,0.967948717948718
synthetic256,diffusion/combined,window,24,dropout-047,11,True,dropout,1,2,0.0,0.7548076923076923
synthetic256,diffusion/combined,window,24,anticorrelated-048,0,True,anticorrelated,1,3,0.0,1.0
synthetic256,diffusion/combined,window,24,anticorrelated-049,1,True,anticorrelated,0,1,0.0,1.0
synthetic256,diffusion/combined,window,24,anticorrelated-050,2,True,anticorrelated,0,2,0.0,1.0
synthetic256,diffusion/combined,window,24,anticorrelated-051,3,True,anticorrelated,1,1,0.0,1.0
synthetic256,diffusion/combined,window,24,anticorrelated-052,4,True,anticorrelated,1,1,0.0,1.0
synthetic256,diffusion/combined,window,24,anticorrelated-053,5,True,anticorrelated,0,1,0.0,1.0
synthetic256,diffusion/combined,window,24,mixed-054,6,True,mixed,0,3,0.0,1.0
synthetic256,diffusion/combined,window,24,mixed-055,7,True,mixed,0,1,0.0,1.0
synthetic256,diffusion/combined,window,24,mixed-056,8,True,mixed,1,1,0.0,1.0
synthetic256,diffusion/combined,window,24,mixed-057,9,True,mixed,0,1,0.0,1.0
synthetic256,diffusion/combined,window,24,mixed-058,10,True,mixed,0,2,0.0,1.0
synthetic256,diffusion/combined,window,24,mixed-059,11,True,mixed,1,2,0.0,1.0
synthetic256,diffusion/combined,window,24,matched_covariance-060,0,True,matched_covariance,1,3,0.0,1.0
synthetic256,diffusion/combined,window,24,matched_covariance-061,1,True,matched_covariance,0,1,0.0,1.0
synthetic256,diffusion/combined,window,24,matched_covariance-062,2,True,matched_covariance,0,2,0.0,1.0
synthetic256,diffusion/combined,window,24,matched_covariance-063,3,True,matched_covariance,1,1,0.0,1.0
synthetic256,diffusion/combined,window,24,matched_covariance-064,4,True,matched_covariance,1,1,0.0,1.0
synthetic256,diffusion/combined,window,24,matched_covariance-065,5,True,matched_covariance,0,1,0.0,1.0
synthetic256,diffusion/combined,window,24,marginal_preserving-066,6,True,marginal_preserving,0,3,0.0,1.0
synthetic256,diffusion/combined,window,24,marginal_preserving-067,7,True,marginal_preserving,1,1,0.0,1.0
synthetic256,diffusion/combined,window,24,marginal_preserving-068,8,True,marginal_preserving,0,1,0.0,1.0
synthetic256,diffusion/combined,window,24,marginal_preserving-069,9,True,marginal_preserving,0,1,0.0,1.0
synthetic256,diffusion/combined,window,24,marginal_preserving-070,10,True,marginal_preserving,0,2,0.0,1.0
synthetic256,diffusion/combined,window,24,marginal_preserving-071,11,True,marginal_preserving,1,1,0.0,1.0
synthetic256,diffusion/combined,window,24,untouched-000,0,False,untouched,0,4,0.0,1.0
synthetic256,diffusion/combined,window,24,transition-000,0,False,transition,0,3,0.0,1.0
synthetic256,diffusion/combined,window,24,untouched-001,1,False,untouched,0,1,0.0,1.0
synthetic256,diffusion/combined,window,24,transition-001,1,False,transition,0,2,0.0,1.0
synthetic256,diffusion/combined,window,24,untouched-002,2,False,untouched,0,2,0.0,1.0
synthetic256,diffusion/combined,window,24,transition-002,2,False,transition,0,2,0.0,1.0
synthetic256,diffusion/combined,window,24,untouched-003,3,False,untouched,0,2,0.0,1.0
synthetic256,diffusion/combined,window,24,transition-003,3,False,transition,0,2,0.0,1.0
synthetic256,diffusion/combined,window,24,untouched-004,4,False,untouched,0,2,0.0,1.0
synthetic256,diffusion/combined,window,24,transition-004,4,False,transition,0,2,0.0,1.0
synthetic256,diffusion/combined,window,24,untouched-005,5,False,untouched,0,1,0.0,1.0
synthetic256,diffusion/combined,window,24,transition-005,5,False,transition,0,2,0.0,1.0
synthetic256,diffusion/combined,window,24,untouched-006,6,False,untouched,0,3,0.0,1.0
synthetic256,diffusion/combined,window,24,transition-006,6,False,transition,0,4,0.0,1.0
synthetic256,diffusion/combined,window,24,untouched-007,7,False,untouched,0,2,0.0,1.0
synthetic256,diffusion/combined,window,24,transition-007,7,False,transition,0,3,0.0,1.0
synthetic256,diffusion/combined,window,24,untouched-008,8,False,untouched,0,2,0.0,1.0
synthetic256,diffusion/combined,window,24,transition-008,8,False,transition,0,2,0.0,1.0
synthetic256,diffusion/combined,window,24,untouched-009,9,False,untouched,0,1,0.0,1.0
synthetic256,diffusion/combined,window,24,transition-009,9,False,transition,0,2,0.0,1.0
synthetic256,diffusion/combined,window,24,untouched-010,10,False,untouched,0,2,0.0,1.0
synthetic256,diffusion/combined,window,24,transition-010,10,False,transition,0,1,0.0,1.0
synthetic256,diffusion/combined,window,24,untouched-011,11,False,untouched,0,3,0.0,1.0
synthetic256,diffusion/combined,window,24,transition-011,11,False,transition,0,1,0.0,1.0
synthetic256,diffusion/entropy,window,48,copy-000,0,True,copy,0,2,0.0,1.0
synthetic256,diffusion/entropy,window,48,copy-001,1,True,copy,0,1,0.0,1.0
synthetic256,diffusion/entropy,window,48,copy-002,2,True,copy,0,1,0.0,1.0
synthetic256,diffusion/entropy,window,48,copy-003,3,True,copy,0,1,0.0,1.0
synthetic256,diffusion/entropy,window,48,copy-004,4,True,copy,1,1,0.0,1.0
synthetic256,diffusion/entropy,window,48,copy-005,5,True,copy,1,1,0.0,1.0
synthetic256,diffusion/entropy,window,48,common-006,6,True,common,0,2,0.0,1.0
synthetic256,diffusion/entropy,window,48,common-007,7,True,common,0,1,0.0,1.0
synthetic256,diffusion/entropy,window,48,common-008,8,True,common,1,2,0.0,1.0
synthetic256,diffusion/entropy,window,48,common-009,9,True,common,0,1,0.0,1.0
synthetic256,diffusion/entropy,window,48,common-010,10,True,common,0,2,0.0,1.0
synthetic256,diffusion/entropy,window,48,common-011,11,True,common,0,2,0.0,1.0
synthetic256,diffusion/entropy,window,48,decouple-012,0,True,decouple,0,2,0.0,1.0
synthetic256,diffusion/entropy,window,48,decouple-013,1,True,decouple,0,1,0.0,1.0
synthetic256,diffusion/entropy,window,48,decouple-014,2,True,decouple,0,1,0.0,1.0
synthetic256,diffusion/entropy,window,48,decouple-015,3,True,decouple,0,1,0.0,1.0
synthetic256,diffusion/entropy,window,48,decouple-016,4,True,decouple,1,1,0.0,1.0
synthetic256,diffusion/entropy,window,48,decouple-017,5,True,decouple,1,1,0.0,1.0
synthetic256,diffusion/entropy,window,48,noise-018,6,True,noise,0,2,0.0,1.0
synthetic256,diffusion/entropy,window,48,noise-019,7,True,noise,0,1,0.0,1.0
synthetic256,diffusion/entropy,window,48,noise-020,8,True,noise,1,2,0.0,1.0
synthetic256,diffusion/entropy,window,48,noise-021,9,True,noise,0,1,0.0,1.0
synthetic256,diffusion/entropy,window,48,noise-022,10,True,noise,0,2,0.0,1.0
synthetic256,diffusion/entropy,window,48,noise-023,11,True,noise,0,2,0.0,1.0
synthetic256,diffusion/entropy,window,48,delay-024,0,True,delay,0,2,0.0,1.0
synthetic256,diffusion/entropy,window,48,delay-025,1,True,delay,0,1,0.0,1.0
synthetic256,diffusion/entropy,window,48,delay-026,2,True,delay,0,1,0.0,1.0
synthetic256,diffusion/entropy,window,48,delay-027,3,True,delay,0,1,0.0,1.0
synthetic256,diffusion/entropy,window,48,delay-028,4,True,delay,1,1,0.0,1.0
synthetic256,diffusion/entropy,window,48,delay-029,5,True,delay,1,1,0.0,1.0
synthetic256,diffusion/entropy,window,48,drift-030,6,True,drift,0,2,0.0,1.0
synthetic256,diffusion/entropy,window,48,drift-031,7,True,drift,0,1,0.0,1.0
synthetic256,diffusion/entropy,window,48,drift-032,8,True,drift,1,2,0.0,1.0
synthetic256,diffusion/entropy,window,48,drift-033,9,True,drift,0,1,0.0,1.0
synthetic256,diffusion/entropy,window,48,drift-034,10,True,drift,0,2,0.0,1.0
synthetic256,diffusion/entropy,window,48,drift-035,11,True,drift,0,2,0.0,1.0
synthetic256,diffusion/entropy,window,48,flatline-036,0,True,flatline,0,2,0.0,1.0
synthetic256,diffusion/entropy,window,48,flatline-037,1,True,flatline,0,1,0.0,0.9786324786324786
synthetic256,diffusion/entropy,window,48,flatline-038,2,True,flatline,0,1,0.0,0.967948717948718
synthetic256,diffusion/entropy,window,48,flatline-039,3,True,flatline,0,1,0.0,1.0
synthetic256,diffusion/entropy,window,48,flatline-040,4,True,flatline,1,1,0.0,0.9882478632478633
synthetic256,diffusion/entropy,window,48,flatline-041,5,True,flatline,1,2,0.0,0.8878205128205128
synthetic256,diffusion/entropy,window,48,dropout-042,6,True,dropout,0,2,0.0,0.9529914529914529
synthetic256,diffusion/entropy,window,48,dropout-043,7,True,dropout,0,1,0.0,0.8579059829059829
synthetic256,diffusion/entropy,window,48,dropout-044,8,True,dropout,1,2,0.0,0.7756410256410257
synthetic256,diffusion/entropy,window,48,dropout-045,9,True,dropout,0,1,0.0,0.8846153846153846
synthetic256,diffusion/entropy,window,48,dropout-046,10,True,dropout,0,2,0.0,0.9551282051282052
synthetic256,diffusion/entropy,window,48,dropout-047,11,True,dropout,0,2,0.0,0.7115384615384616
synthetic256,diffusion/entropy,window,48,anticorrelated-048,0,True,anticorrelated,0,2,0.0,1.0
synthetic256,diffusion/entropy,window,48,anticorrelated-049,1,True,anticorrelated,0,1,0.0,1.0
synthetic256,diffusion/entropy,window,48,anticorrelated-050,2,True,anticorrelated,0,1,0.0,1.0
synthetic256,diffusion/entropy,window,48,anticorrelated-051,3,True,anticorrelated,0,1,0.0,1.0
synthetic256,diffusion/entropy,window,48,anticorrelated-052,4,True,anticorrelated,1,1,0.0,1.0
synthetic256,diffusion/entropy,window,48,anticorrelated-053,5,True,anticorrelated,1,1,0.0,1.0
synthetic256,diffusion/entropy,window,48,mixed-054,6,True,mixed,0,2,0.0,1.0
synthetic256,diffusion/entropy,window,48,mixed-055,7,True,mixed,0,1,0.0,1.0
synthetic256,diffusion/entropy,window,48,mixed-056,8,True,mixed,1,2,0.0,1.0
synthetic256,diffusion/entropy,window,48,mixed-057,9,True,mixed,0,1,0.0,1.0
synthetic256,diffusion/entropy,window,48,mixed-058,10,True,mixed,0,2,0.0,1.0
synthetic256,diffusion/entropy,window,48,mixed-059,11,True,mixed,0,2,0.0,1.0
synthetic256,diffusion/entropy,window,48,matched_covariance-060,0,True,matched_covariance,0,2,0.0,1.0
synthetic256,diffusion/entropy,window,48,matched_covariance-061,1,True,matched_covariance,0,1,0.0,1.0
synthetic256,diffusion/entropy,window,48,matched_covariance-062,2,True,matched_covariance,0,1,0.0,1.0
synthetic256,diffusion/entropy,window,48,matched_covariance-063,3,True,matched_covariance,0,1,0.0,1.0
synthetic256,diffusion/entropy,window,48,matched_covariance-064,4,True,matched_covariance,1,1,0.0,1.0
synthetic256,diffusion/entropy,window,48,matched_covariance-065,5,True,matched_covariance,1,1,0.0,1.0
synthetic256,diffusion/entropy,window,48,marginal_preserving-066,6,True,marginal_preserving,0,2,0.0,1.0
synthetic256,diffusion/entropy,window,48,marginal_preserving-067,7,True,marginal_preserving,0,1,0.0,1.0
synthetic256,diffusion/entropy,window,48,marginal_preserving-068,8,True,marginal_preserving,0,1,0.0,1.0
synthetic256,diffusion/entropy,window,48,marginal_preserving-069,9,True,marginal_preserving,0,1,0.0,1.0
synthetic256,diffusion/entropy,window,48,marginal_preserving-070,10,True,marginal_preserving,0,2,0.0,1.0
synthetic256,diffusion/entropy,window,48,marginal_preserving-071,11,True,marginal_preserving,0,2,0.0,1.0
synthetic256,diffusion/entropy,window,48,untouched-000,0,False,untouched,0,2,0.0,1.0
synthetic256,diffusion/entropy,window,48,transition-000,0,False,transition,0,3,0.0,1.0
synthetic256,diffusion/entropy,window,48,untouched-001,1,False,untouched,0,1,0.0,1.0
synthetic256,diffusion/entropy,window,48,transition-001,1,False,transition,0,1,0.0,1.0
synthetic256,diffusion/entropy,window,48,untouched-002,2,False,untouched,0,1,0.0,1.0
synthetic256,diffusion/entropy,window,48,transition-002,2,False,transition,0,1,0.0,1.0
synthetic256,diffusion/entropy,window,48,untouched-003,3,False,untouched,0,1,0.0,1.0
synthetic256,diffusion/entropy,window,48,transition-003,3,False,transition,0,2,0.0,1.0
synthetic256,diffusion/entropy,window,48,untouched-004,4,False,untouched,0,2,0.0,1.0
synthetic256,diffusion/entropy,window,48,transition-004,4,False,transition,0,2,0.0,1.0
synthetic256,diffusion/entropy,window,48,untouched-005,5,False,untouched,0,2,0.0,1.0
synthetic256,diffusion/entropy,window,48,transition-005,5,False,transition,0,2,0.0,1.0
synthetic256,diffusion/entropy,window,48,untouched-006,6,False,untouched,0,2,0.0,1.0
synthetic256,diffusion/entropy,window,48,transition-006,6,False,transition,0,2,0.0,1.0
synthetic256,diffusion/entropy,window,48,untouched-007,7,False,untouched,0,1,0.0,1.0
synthetic256,diffusion/entropy,window,48,transition-007,7,False,transition,0,2,0.0,1.0
synthetic256,diffusion/entropy,window,48,untouched-008,8,False,untouched,0,3,0.0,1.0
synthetic256,diffusion/entropy,window,48,transition-008,8,False,transition,0,2,0.0,1.0
synthetic256,diffusion/entropy,window,48,untouched-009,9,False,untouched,0,1,0.0,1.0
synthetic256,diffusion/entropy,window,48,transition-009,9,False,transition,0,1,0.0,1.0
synthetic256,diffusion/entropy,window,48,untouched-010,10,False,untouched,0,2,0.0,1.0
synthetic256,diffusion/entropy,window,48,transition-010,10,False,transition,0,2,0.0,1.0
synthetic256,diffusion/entropy,window,48,untouched-011,11,False,untouched,0,2,0.0,1.0
synthetic256,diffusion/entropy,window,48,transition-011,11,False,transition,0,2,0.0,1.0
synthetic256,diffusion/synchronization,window,48,copy-000,0,True,copy,0,4,0.0,1.0
synthetic256,diffusion/synchronization,window,48,copy-001,1,True,copy,0,1,0.0,1.0
synthetic256,diffusion/synchronization,window,48,copy-002,2,True,copy,0,2,0.0,1.0
synthetic256,diffusion/synchronization,window,48,copy-003,3,True,copy,1,1,0.0,1.0
synthetic256,diffusion/synchronization,window,48,copy-004,4,True,copy,1,2,0.0,1.0
synthetic256,diffusion/synchronization,window,48,copy-005,5,True,copy,1,1,0.0,1.0
synthetic256,diffusion/synchronization,window,48,common-006,6,True,common,0,2,0.0,1.0
synthetic256,diffusion/synchronization,window,48,common-007,7,True,common,0,1,0.0,1.0
synthetic256,diffusion/synchronization,window,48,common-008,8,True,common,0,1,0.0,1.0
synthetic256,diffusion/synchronization,window,48,common-009,9,True,common,0,1,0.0,1.0
synthetic256,diffusion/synchronization,window,48,common-010,10,True,common,0,3,0.0,1.0
synthetic256,diffusion/synchronization,window,48,common-011,11,True,common,0,2,0.0,1.0
synthetic256,diffusion/synchronization,window,48,decouple-012,0,True,decouple,0,4,0.0,1.0
synthetic256,diffusion/synchronization,window,48,decouple-013,1,True,decouple,0,1,0.0,1.0
synthetic256,diffusion/synchronization,window,48,decouple-014,2,True,decouple,0,2,0.0,1.0
synthetic256,diffusion/synchronization,window,48,decouple-015,3,True,decouple,1,1,0.0,1.0
synthetic256,diffusion/synchronization,window,48,decouple-016,4,True,decouple,1,2,0.0,1.0
synthetic256,diffusion/synchronization,window,48,decouple-017,5,True,decouple,1,1,0.0,1.0
synthetic256,diffusion/synchronization,window,48,noise-018,6,True,noise,0,2,0.0,1.0
synthetic256,diffusion/synchronization,window,48,noise-019,7,True,noise,0,1,0.0,1.0
synthetic256,diffusion/synchronization,window,48,noise-020,8,True,noise,0,1,0.0,1.0
synthetic256,diffusion/synchronization,window,48,noise-021,9,True,noise,0,1,0.0,1.0
synthetic256,diffusion/synchronization,window,48,noise-022,10,True,noise,0,3,0.0,1.0
synthetic256,diffusion/synchronization,window,48,noise-023,11,True,noise,0,2,0.0,1.0
synthetic256,diffusion/synchronization,window,48,delay-024,0,True,delay,0,4,0.0,1.0
synthetic256,diffusion/synchronization,window,48,delay-025,1,True,delay,0,1,0.0,1.0
synthetic256,diffusion/synchronization,window,48,delay-026,2,True,delay,0,2,0.0,1.0
synthetic256,diffusion/synchronization,window,48,delay-027,3,True,delay,1,1,0.0,1.0
synthetic256,diffusion/synchronization,window,48,delay-028,4,True,delay,1,2,0.0,1.0
synthetic256,diffusion/synchronization,window,48,delay-029,5,True,delay,1,1,0.0,1.0
synthetic256,diffusion/synchronization,window,48,drift-030,6,True,drift,0,2,0.0,1.0
synthetic256,diffusion/synchronization,window,48,drift-031,7,True,drift,0,1,0.0,1.0
synthetic256,diffusion/synchronization,window,48,drift-032,8,True,drift,0,1,0.0,1.0
synthetic256,diffusion/synchronization,window,48,drift-033,9,True,drift,0,1,0.0,1.0
synthetic256,diffusion/synchronization,window,48,drift-034,10,True,drift,0,3,0.0,1.0
synthetic256,diffusion/synchronization,window,48,drift-035,11,True,drift,0,2,0.0,1.0
synthetic256,diffusion/synchronization,window,48,flatline-036,0,True,flatline,0,4,0.0,1.0
synthetic256,diffusion/synchronization,window,48,flatline-037,1,True,flatline,0,1,0.0,0.9786324786324786
synthetic256,diffusion/synchronization,window,48,flatline-038,2,True,flatline,0,2,0.0,0.967948717948718
synthetic256,diffusion/synchronization,window,48,flatline-039,3,True,flatline,1,1,0.0,1.0
synthetic256,diffusion/synchronization,window,48,flatline-040,4,True,flatline,1,2,0.0,0.9882478632478633
synthetic256,diffusion/synchronization,window,48,flatline-041,5,True,flatline,1,2,0.0,0.8878205128205128
synthetic256,diffusion/synchronization,window,48,dropout-042,6,True,dropout,0,2,0.0,0.9529914529914529
synthetic256,diffusion/synchronization,window,48,dropout-043,7,True,dropout,0,1,0.0,0.8579059829059829
synthetic256,diffusion/synchronization,window,48,dropout-044,8,True,dropout,0,1,0.0,0.7756410256410257
synthetic256,diffusion/synchronization,window,48,dropout-045,9,True,dropout,0,1,0.0,0.8846153846153846
synthetic256,diffusion/synchronization,window,48,dropout-046,10,True,dropout,0,3,0.0,0.9551282051282052
synthetic256,diffusion/synchronization,window,48,dropout-047,11,True,dropout,0,2,0.0,0.7115384615384616
synthetic256,diffusion/synchronization,window,48,anticorrelated-048,0,True,anticorrelated,0,4,0.0,1.0
synthetic256,diffusion/synchronization,window,48,anticorrelated-049,1,True,anticorrelated,0,1,0.0,1.0
synthetic256,diffusion/synchronization,window,48,anticorrelated-050,2,True,anticorrelated,0,1,0.0,1.0
synthetic256,diffusion/synchronization,window,48,anticorrelated-051,3,True,anticorrelated,1,1,0.0,1.0
synthetic256,diffusion/synchronization,window,48,anticorrelated-052,4,True,anticorrelated,1,2,0.0,1.0
synthetic256,diffusion/synchronization,window,48,anticorrelated-053,5,True,anticorrelated,0,1,0.0,1.0
synthetic256,diffusion/synchronization,window,48,mixed-054,6,True,mixed,0,2,0.0,1.0
synthetic256,diffusion/synchronization,window,48,mixed-055,7,True,mixed,0,1,0.0,1.0
synthetic256,diffusion/synchronization,window,48,mixed-056,8,True,mixed,0,1,0.0,1.0
synthetic256,diffusion/synchronization,window,48,mixed-057,9,True,mixed,0,1,0.0,1.0
synthetic256,diffusion/synchronization,window,48,mixed-058,10,True,mixed,0,3,0.0,1.0
synthetic256,diffusion/synchronization,window,48,mixed-059,11,True,mixed,0,2,0.0,1.0
synthetic256,diffusion/synchronization,window,48,matched_covariance-060,0,True,matched_covariance,0,4,0.0,1.0
synthetic256,diffusion/synchronization,window,48,matched_covariance-061,1,True,matched_covariance,0,1,0.0,1.0
synthetic256,diffusion/synchronization,window,48,matched_covariance-062,2,True,matched_covariance,0,2,0.0,1.0
synthetic256,diffusion/synchronization,window,48,matched_covariance-063,3,True,matched_covariance,1,1,0.0,1.0
synthetic256,diffusion/synchronization,window,48,matched_covariance-064,4,True,matched_covariance,1,2,0.0,1.0
synthetic256,diffusion/synchronization,window,48,matched_covariance-065,5,True,matched_covariance,1,1,0.0,1.0
synthetic256,diffusion/synchronization,window,48,marginal_preserving-066,6,True,marginal_preserving,0,2,0.0,1.0
synthetic256,diffusion/synchronization,window,48,marginal_preserving-067,7,True,marginal_preserving,0,1,0.0,1.0
synthetic256,diffusion/synchronization,window,48,marginal_preserving-068,8,True,marginal_preserving,0,1,0.0,1.0
synthetic256,diffusion/synchronization,window,48,marginal_preserving-069,9,True,marginal_preserving,0,1,0.0,1.0
synthetic256,diffusion/synchronization,window,48,marginal_preserving-070,10,True,marginal_preserving,0,3,0.0,1.0
synthetic256,diffusion/synchronization,window,48,marginal_preserving-071,11,True,marginal_preserving,0,2,0.0,1.0
synthetic256,diffusion/synchronization,window,48,untouched-000,0,False,untouched,0,4,0.0,1.0
synthetic256,diffusion/synchronization,window,48,transition-000,0,False,transition,0,4,0.0,1.0
synthetic256,diffusion/synchronization,window,48,untouched-001,1,False,untouched,0,1,0.0,1.0
synthetic256,diffusion/synchronization,window,48,transition-001,1,False,transition,0,1,0.0,1.0
synthetic256,diffusion/synchronization,window,48,untouched-002,2,False,untouched,0,2,0.0,1.0
synthetic256,diffusion/synchronization,window,48,transition-002,2,False,transition,0,2,0.0,1.0
synthetic256,diffusion/synchronization,window,48,untouched-003,3,False,untouched,0,2,0.0,1.0
synthetic256,diffusion/synchronization,window,48,transition-003,3,False,transition,0,2,0.0,1.0
synthetic256,diffusion/synchronization,window,48,untouched-004,4,False,untouched,0,3,0.0,1.0
synthetic256,diffusion/synchronization,window,48,transition-004,4,False,transition,0,3,0.0,1.0
synthetic256,diffusion/synchronization,window,48,untouched-005,5,False,untouched,0,2,0.0,1.0
synthetic256,diffusion/synchronization,window,48,transition-005,5,False,transition,0,2,0.0,1.0
synthetic256,diffusion/synchronization,window,48,untouched-006,6,False,untouched,0,2,0.0,1.0
synthetic256,diffusion/synchronization,window,48,transition-006,6,False,transition,0,1,0.0,1.0
synthetic256,diffusion/synchronization,window,48,untouched-007,7,False,untouched,0,1,0.0,1.0
synthetic256,diffusion/synchronization,window,48,transition-007,7,False,transition,0,1,0.0,1.0
synthetic256,diffusion/synchronization,window,48,untouched-008,8,False,untouched,0,1,0.0,1.0
synthetic256,diffusion/synchronization,window,48,transition-008,8,False,transition,0,2,0.0,1.0
synthetic256,diffusion/synchronization,window,48,untouched-009,9,False,untouched,0,1,0.0,1.0
synthetic256,diffusion/synchronization,window,48,transition-009,9,False,transition,0,1,0.0,1.0
synthetic256,diffusion/synchronization,window,48,untouched-010,10,False,untouched,0,3,0.0,1.0
synthetic256,diffusion/synchronization,window,48,transition-010,10,False,transition,0,1,0.0,1.0
synthetic256,diffusion/synchronization,window,48,untouched-011,11,False,untouched,0,2,0.0,1.0
synthetic256,diffusion/synchronization,window,48,transition-011,11,False,transition,0,2,0.0,1.0
synthetic256,diffusion/combined,window,48,copy-000,0,True,copy,0,4,0.0,1.0
synthetic256,diffusion/combined,window,48,copy-001,1,True,copy,0,1,0.0,1.0
synthetic256,diffusion/combined,window,48,copy-002,2,True,copy,0,2,0.0,1.0
synthetic256,diffusion/combined,window,48,copy-003,3,True,copy,1,1,0.0,1.0
synthetic256,diffusion/combined,window,48,copy-004,4,True,copy,1,2,0.0,1.0
synthetic256,diffusion/combined,window,48,copy-005,5,True,copy,1,1,0.0,1.0
synthetic256,diffusion/combined,window,48,common-006,6,True,common,0,2,0.0,1.0
synthetic256,diffusion/combined,window,48,common-007,7,True,common,0,1,0.0,1.0
synthetic256,diffusion/combined,window,48,common-008,8,True,common,0,1,0.0,1.0
synthetic256,diffusion/combined,window,48,common-009,9,True,common,0,1,0.0,1.0
synthetic256,diffusion/combined,window,48,common-010,10,True,common,0,3,0.0,1.0
synthetic256,diffusion/combined,window,48,common-011,11,True,common,0,2,0.0,1.0
synthetic256,diffusion/combined,window,48,decouple-012,0,True,decouple,0,4,0.0,1.0
synthetic256,diffusion/combined,window,48,decouple-013,1,True,decouple,0,1,0.0,1.0
synthetic256,diffusion/combined,window,48,decouple-014,2,True,decouple,0,2,0.0,1.0
synthetic256,diffusion/combined,window,48,decouple-015,3,True,decouple,1,1,0.0,1.0
synthetic256,diffusion/combined,window,48,decouple-016,4,True,decouple,1,2,0.0,1.0
synthetic256,diffusion/combined,window,48,decouple-017,5,True,decouple,1,1,0.0,1.0
synthetic256,diffusion/combined,window,48,noise-018,6,True,noise,0,2,0.0,1.0
synthetic256,diffusion/combined,window,48,noise-019,7,True,noise,0,1,0.0,1.0
synthetic256,diffusion/combined,window,48,noise-020,8,True,noise,0,1,0.0,1.0
synthetic256,diffusion/combined,window,48,noise-021,9,True,noise,0,1,0.0,1.0
synthetic256,diffusion/combined,window,48,noise-022,10,True,noise,0,3,0.0,1.0
synthetic256,diffusion/combined,window,48,noise-023,11,True,noise,0,2,0.0,1.0
synthetic256,diffusion/combined,window,48,delay-024,0,True,delay,0,4,0.0,1.0
synthetic256,diffusion/combined,window,48,delay-025,1,True,delay,0,1,0.0,1.0
synthetic256,diffusion/combined,window,48,delay-026,2,True,delay,0,2,0.0,1.0
synthetic256,diffusion/combined,window,48,delay-027,3,True,delay,1,1,0.0,1.0
synthetic256,diffusion/combined,window,48,delay-028,4,True,delay,1,2,0.0,1.0
synthetic256,diffusion/combined,window,48,delay-029,5,True,delay,1,1,0.0,1.0
synthetic256,diffusion/combined,window,48,drift-030,6,True,drift,0,2,0.0,1.0
synthetic256,diffusion/combined,window,48,drift-031,7,True,drift,0,1,0.0,1.0
synthetic256,diffusion/combined,window,48,drift-032,8,True,drift,0,1,0.0,1.0
synthetic256,diffusion/combined,window,48,drift-033,9,True,drift,0,1,0.0,1.0
synthetic256,diffusion/combined,window,48,drift-034,10,True,drift,0,3,0.0,1.0
synthetic256,diffusion/combined,window,48,drift-035,11,True,drift,0,2,0.0,1.0
synthetic256,diffusion/combined,window,48,flatline-036,0,True,flatline,0,4,0.0,1.0
synthetic256,diffusion/combined,window,48,flatline-037,1,True,flatline,0,1,0.0,0.9786324786324786
synthetic256,diffusion/combined,window,48,flatline-038,2,True,flatline,0,2,0.0,0.967948717948718
synthetic256,diffusion/combined,window,48,flatline-039,3,True,flatline,1,1,0.0,1.0
synthetic256,diffusion/combined,window,48,flatline-040,4,True,flatline,1,2,0.0,0.9882478632478633
synthetic256,diffusion/combined,window,48,flatline-041,5,True,flatline,1,2,0.0,0.8878205128205128
synthetic256,diffusion/combined,window,48,dropout-042,6,True,dropout,0,2,0.0,0.9529914529914529
synthetic256,diffusion/combined,window,48,dropout-043,7,True,dropout,0,1,0.0,0.8579059829059829
synthetic256,diffusion/combined,window,48,dropout-044,8,True,dropout,0,1,0.0,0.7756410256410257
synthetic256,diffusion/combined,window,48,dropout-045,9,True,dropout,0,1,0.0,0.8846153846153846
synthetic256,diffusion/combined,window,48,dropout-046,10,True,dropout,0,3,0.0,0.9551282051282052
synthetic256,diffusion/combined,window,48,dropout-047,11,True,dropout,0,2,0.0,0.7115384615384616
synthetic256,diffusion/combined,window,48,anticorrelated-048,0,True,anticorrelated,0,4,0.0,1.0
synthetic256,diffusion/combined,window,48,anticorrelated-049,1,True,anticorrelated,0,1,0.0,1.0
synthetic256,diffusion/combined,window,48,anticorrelated-050,2,True,anticorrelated,0,1,0.0,1.0
synthetic256,diffusion/combined,window,48,anticorrelated-051,3,True,anticorrelated,1,1,0.0,1.0
synthetic256,diffusion/combined,window,48,anticorrelated-052,4,True,anticorrelated,1,2,0.0,1.0
synthetic256,diffusion/combined,window,48,anticorrelated-053,5,True,anticorrelated,0,1,0.0,1.0
synthetic256,diffusion/combined,window,48,mixed-054,6,True,mixed,0,2,0.0,1.0
synthetic256,diffusion/combined,window,48,mixed-055,7,True,mixed,0,1,0.0,1.0
synthetic256,diffusion/combined,window,48,mixed-056,8,True,mixed,0,1,0.0,1.0
synthetic256,diffusion/combined,window,48,mixed-057,9,True,mixed,0,1,0.0,1.0
synthetic256,diffusion/combined,window,48,mixed-058,10,True,mixed,0,3,0.0,1.0
synthetic256,diffusion/combined,window,48,mixed-059,11,True,mixed,0,2,0.0,1.0
synthetic256,diffusion/combined,window,48,matched_covariance-060,0,True,matched_covariance,0,4,0.0,1.0
synthetic256,diffusion/combined,window,48,matched_covariance-061,1,True,matched_covariance,0,1,0.0,1.0
synthetic256,diffusion/combined,window,48,matched_covariance-062,2,True,matched_covariance,0,2,0.0,1.0
synthetic256,diffusion/combined,window,48,matched_covariance-063,3,True,matched_covariance,1,1,0.0,1.0
synthetic256,diffusion/combined,window,48,matched_covariance-064,4,True,matched_covariance,1,2,0.0,1.0
synthetic256,diffusion/combined,window,48,matched_covariance-065,5,True,matched_covariance,1,1,0.0,1.0
synthetic256,diffusion/combined,window,48,marginal_preserving-066,6,True,marginal_preserving,0,2,0.0,1.0
synthetic256,diffusion/combined,window,48,marginal_preserving-067,7,True,marginal_preserving,0,1,0.0,1.0
synthetic256,diffusion/combined,window,48,marginal_preserving-068,8,True,marginal_preserving,0,1,0.0,1.0
synthetic256,diffusion/combined,window,48,marginal_preserving-069,9,True,marginal_preserving,0,1,0.0,1.0
synthetic256,diffusion/combined,window,48,marginal_preserving-070,10,True,marginal_preserving,0,3,0.0,1.0
synthetic256,diffusion/combined,window,48,marginal_preserving-071,11,True,marginal_preserving,0,2,0.0,1.0
synthetic256,diffusion/combined,window,48,untouched-000,0,False,untouched,0,4,0.0,1.0
synthetic256,diffusion/combined,window,48,transition-000,0,False,transition,0,4,0.0,1.0
synthetic256,diffusion/combined,window,48,untouched-001,1,False,untouched,0,1,0.0,1.0
synthetic256,diffusion/combined,window,48,transition-001,1,False,transition,0,1,0.0,1.0
synthetic256,diffusion/combined,window,48,untouched-002,2,False,untouched,0,2,0.0,1.0
synthetic256,diffusion/combined,window,48,transition-002,2,False,transition,0,2,0.0,1.0
synthetic256,diffusion/combined,window,48,untouched-003,3,False,untouched,0,2,0.0,1.0
synthetic256,diffusion/combined,window,48,transition-003,3,False,transition,0,2,0.0,1.0
synthetic256,diffusion/combined,window,48,untouched-004,4,False,untouched,0,3,0.0,1.0
synthetic256,diffusion/combined,window,48,transition-004,4,False,transition,0,3,0.0,1.0
synthetic256,diffusion/combined,window,48,untouched-005,5,False,untouched,0,2,0.0,1.0
synthetic256,diffusion/combined,window,48,transition-005,5,False,transition,0,2,0.0,1.0
synthetic256,diffusion/combined,window,48,untouched-006,6,False,untouched,0,2,0.0,1.0
synthetic256,diffusion/combined,window,48,transition-006,6,False,transition,0,1,0.0,1.0
synthetic256,diffusion/combined,window,48,untouched-007,7,False,untouched,0,1,0.0,1.0
synthetic256,diffusion/combined,window,48,transition-007,7,False,transition,0,1,0.0,1.0
synthetic256,diffusion/combined,window,48,untouched-008,8,False,untouched,0,1,0.0,1.0
synthetic256,diffusion/combined,window,48,transition-008,8,False,transition,0,2,0.0,1.0
synthetic256,diffusion/combined,window,48,untouched-009,9,False,untouched,0,1,0.0,1.0
synthetic256,diffusion/combined,window,48,transition-009,9,False,transition,0,1,0.0,1.0
synthetic256,diffusion/combined,window,48,untouched-010,10,False,untouched,0,3,0.0,1.0
synthetic256,diffusion/combined,window,48,transition-010,10,False,transition,0,1,0.0,1.0
synthetic256,diffusion/combined,window,48,untouched-011,11,False,untouched,0,2,0.0,1.0
synthetic256,diffusion/combined,window,48,transition-011,11,False,transition,0,2,0.0,1.0
synthetic256,diffusion/entropy,window,96,copy-000,0,True,copy,1,2,0.0,1.0
synthetic256,diffusion/entropy,window,96,copy-001,1,True,copy,1,0,0.0,1.0
synthetic256,diffusion/entropy,window,96,copy-002,2,True,copy,1,0,0.2,1.0
synthetic256,diffusion/entropy,window,96,copy-003,3,True,copy,0,2,0.0,1.0
synthetic256,diffusion/entropy,window,96,copy-004,4,True,copy,1,2,0.0,1.0
synthetic256,diffusion/entropy,window,96,copy-005,5,True,copy,1,1,0.0,1.0
synthetic256,diffusion/entropy,window,96,common-006,6,True,common,0,0,0.0,1.0
synthetic256,diffusion/entropy,window,96,common-007,7,True,common,0,2,0.0,1.0
synthetic256,diffusion/entropy,window,96,common-008,8,True,common,1,0,0.0,1.0
synthetic256,diffusion/entropy,window,96,common-009,9,True,common,1,1,0.125,1.0
synthetic256,diffusion/entropy,window,96,common-010,10,True,common,0,1,0.0,1.0
synthetic256,diffusion/entropy,window,96,common-011,11,True,common,0,1,0.0,1.0
synthetic256,diffusion/entropy,window,96,decouple-012,0,True,decouple,1,2,0.0,1.0
synthetic256,diffusion/entropy,window,96,decouple-013,1,True,decouple,1,0,0.0,1.0
synthetic256,diffusion/entropy,window,96,decouple-014,2,True,decouple,1,0,0.0,1.0
synthetic256,diffusion/entropy,window,96,decouple-015,3,True,decouple,0,2,0.0,1.0
synthetic256,diffusion/entropy,window,96,decouple-016,4,True,decouple,1,2,0.0,1.0
synthetic256,diffusion/entropy,window,96,decouple-017,5,True,decouple,1,1,0.0,1.0
synthetic256,diffusion/entropy,window,96,noise-018,6,True,noise,0,0,0.0,1.0
synthetic256,diffusion/entropy,window,96,noise-019,7,True,noise,0,2,0.0,1.0
synthetic256,diffusion/entropy,window,96,noise-020,8,True,noise,1,0,0.0,1.0
synthetic256,diffusion/entropy,window,96,noise-021,9,True,noise,0,1,0.0,1.0
synthetic256,diffusion/entropy,window,96,noise-022,10,True,noise,0,1,0.0,1.0
synthetic256,diffusion/entropy,window,96,noise-023,11,True,noise,0,1,0.0,1.0
synthetic256,diffusion/entropy,window,96,delay-024,0,True,delay,1,2,0.0,1.0
synthetic256,diffusion/entropy,window,96,delay-025,1,True,delay,1,0,0.0,1.0
synthetic256,diffusion/entropy,window,96,delay-026,2,True,delay,1,0,0.0,1.0
synthetic256,diffusion/entropy,window,96,delay-027,3,True,delay,0,2,0.0,1.0
synthetic256,diffusion/entropy,window,96,delay-028,4,True,delay,1,2,0.0,1.0
synthetic256,diffusion/entropy,window,96,delay-029,5,True,delay,1,1,0.0,1.0
synthetic256,diffusion/entropy,window,96,drift-030,6,True,drift,0,0,0.0,1.0
synthetic256,diffusion/entropy,window,96,drift-031,7,True,drift,0,2,0.0,1.0
synthetic256,diffusion/entropy,window,96,drift-032,8,True,drift,1,0,0.0,1.0
synthetic256,diffusion/entropy,window,96,drift-033,9,True,drift,0,1,0.0,1.0
synthetic256,diffusion/entropy,window,96,drift-034,10,True,drift,0,1,0.0,1.0
synthetic256,diffusion/entropy,window,96,drift-035,11,True,drift,0,1,0.0,1.0
synthetic256,diffusion/entropy,window,96,flatline-036,0,True,flatline,1,2,0.0,1.0
synthetic256,diffusion/entropy,window,96,flatline-037,1,True,flatline,1,0,0.0,1.0
synthetic256,diffusion/entropy,window,96,flatline-038,2,True,flatline,1,0,0.0,0.9935897435897436
synthetic256,diffusion/entropy,window,96,flatline-039,3,True,flatline,0,2,0.0,1.0
synthetic256,diffusion/entropy,window,96,flatline-040,4,True,flatline,1,2,0.0,1.0
synthetic256,diffusion/entropy,window,96,flatline-041,5,True,flatline,1,1,0.125,0.9775641025641025
synthetic256,diffusion/entropy,window,96,dropout-042,6,True,dropout,0,0,0.0,1.0
synthetic256,diffusion/entropy,window,96,dropout-043,7,True,dropout,0,2,0.0,0.8173076923076923
synthetic256,diffusion/entropy,window,96,dropout-044,8,True,dropout,1,0,0.0,0.7980769230769231
synthetic256,diffusion/entropy,window,96,dropout-045,9,True,dropout,0,1,0.0,1.0
synthetic256,diffusion/entropy,window,96,dropout-046,10,True,dropout,0,1,0.0,0.9423076923076923
synthetic256,diffusion/entropy,window,96,dropout-047,11,True,dropout,0,1,0.0,0.7403846153846154
synthetic256,diffusion/entropy,window,96,anticorrelated-048,0,True,anticorrelated,1,2,0.0,1.0
synthetic256,diffusion/entropy,window,96,anticorrelated-049,1,True,anticorrelated,1,0,0.0,1.0
synthetic256,diffusion/entropy,window,96,anticorrelated-050,2,True,anticorrelated,1,0,0.0,1.0
synthetic256,diffusion/entropy,window,96,anticorrelated-051,3,True,anticorrelated,0,2,0.0,1.0
synthetic256,diffusion/entropy,window,96,anticorrelated-052,4,True,anticorrelated,1,2,0.0,1.0
synthetic256,diffusion/entropy,window,96,anticorrelated-053,5,True,anticorrelated,1,1,0.0,1.0
synthetic256,diffusion/entropy,window,96,mixed-054,6,True,mixed,0,0,0.0,1.0
synthetic256,diffusion/entropy,window,96,mixed-055,7,True,mixed,0,1,0.0,1.0
synthetic256,diffusion/entropy,window,96,mixed-056,8,True,mixed,1,0,0.0,1.0
synthetic256,diffusion/entropy,window,96,mixed-057,9,True,mixed,0,1,0.0,1.0
synthetic256,diffusion/entropy,window,96,mixed-058,10,True,mixed,0,1,0.0,1.0
synthetic256,diffusion/entropy,window,96,mixed-059,11,True,mixed,0,1,0.0,1.0
synthetic256,diffusion/entropy,window,96,matched_covariance-060,0,True,matched_covariance,1,2,0.0,1.0
synthetic256,diffusion/entropy,window,96,matched_covariance-061,1,True,matched_covariance,1,0,0.058823529411764705,1.0
synthetic256,diffusion/entropy,window,96,matched_covariance-062,2,True,matched_covariance,1,0,0.0,1.0
synthetic256,diffusion/entropy,window,96,matched_covariance-063,3,True,matched_covariance,0,2,0.0,1.0
synthetic256,diffusion/entropy,window,96,matched_covariance-064,4,True,matched_covariance,1,2,0.0,1.0
synthetic256,diffusion/entropy,window,96,matched_covariance-065,5,True,matched_covariance,1,1,0.0,1.0
synthetic256,diffusion/entropy,window,96,marginal_preserving-066,6,True,marginal_preserving,0,0,0.0,1.0
synthetic256,diffusion/entropy,window,96,marginal_preserving-067,7,True,marginal_preserving,0,2,0.0,1.0
synthetic256,diffusion/entropy,window,96,marginal_preserving-068,8,True,marginal_preserving,1,0,0.2,1.0
synthetic256,diffusion/entropy,window,96,marginal_preserving-069,9,True,marginal_preserving,0,1,0.0,1.0
synthetic256,diffusion/entropy,window,96,marginal_preserving-070,10,True,marginal_preserving,0,1,0.0,1.0
synthetic256,diffusion/entropy,window,96,marginal_preserving-071,11,True,marginal_preserving,0,1,0.0,1.0
synthetic256,diffusion/entropy,window,96,untouched-000,0,False,untouched,0,3,0.0,1.0
synthetic256,diffusion/entropy,window,96,transition-000,0,False,transition,0,2,0.0,1.0
synthetic256,diffusion/entropy,window,96,untouched-001,1,False,untouched,0,1,0.0,1.0
synthetic256,diffusion/entropy,window,96,transition-001,1,False,transition,0,1,0.0,1.0
synthetic256,diffusion/entropy,window,96,untouched-002,2,False,untouched,0,1,0.0,1.0
synthetic256,diffusion/entropy,window,96,transition-002,2,False,transition,0,2,0.0,1.0
synthetic256,diffusion/entropy,window,96,untouched-003,3,False,untouched,0,2,0.0,1.0
synthetic256,diffusion/entropy,window,96,transition-003,3,False,transition,0,1,0.0,1.0
synthetic256,diffusion/entropy,window,96,untouched-004,4,False,untouched,0,3,0.0,1.0
synthetic256,diffusion/entropy,window,96,transition-004,4,False,transition,0,2,0.0,1.0
synthetic256,diffusion/entropy,window,96,untouched-005,5,False,untouched,0,2,0.0,1.0
synthetic256,diffusion/entropy,window,96,transition-005,5,False,transition,0,2,0.0,1.0
synthetic256,diffusion/entropy,window,96,untouched-006,6,False,untouched,0,0,0.0,1.0
synthetic256,diffusion/entropy,window,96,transition-006,6,False,transition,0,0,0.0,1.0
synthetic256,diffusion/entropy,window,96,untouched-007,7,False,untouched,0,2,0.0,1.0
synthetic256,diffusion/entropy,window,96,transition-007,7,False,transition,0,1,0.0,1.0
synthetic256,diffusion/entropy,window,96,untouched-008,8,False,untouched,0,1,0.0,1.0
synthetic256,diffusion/entropy,window,96,transition-008,8,False,transition,0,1,0.0,1.0
synthetic256,diffusion/entropy,window,96,untouched-009,9,False,untouched,0,1,0.0,1.0
synthetic256,diffusion/entropy,window,96,transition-009,9,False,transition,0,2,0.0,1.0
synthetic256,diffusion/entropy,window,96,untouched-010,10,False,untouched,0,1,0.0,1.0
synthetic256,diffusion/entropy,window,96,transition-010,10,False,transition,0,1,0.0,1.0
synthetic256,diffusion/entropy,window,96,untouched-011,11,False,untouched,0,1,0.0,1.0
synthetic256,diffusion/entropy,window,96,transition-011,11,False,transition,0,1,0.0,1.0
synthetic256,diffusion/synchronization,window,96,copy-000,0,True,copy,0,2,0.0,1.0
synthetic256,diffusion/synchronization,window,96,copy-001,1,True,copy,1,0,0.0,1.0
synthetic256,diffusion/synchronization,window,96,copy-002,2,True,copy,1,0,0.2,1.0
synthetic256,diffusion/synchronization,window,96,copy-003,3,True,copy,0,1,0.0,1.0
synthetic256,diffusion/synchronization,window,96,copy-004,4,True,copy,0,0,0.0,1.0
synthetic256,diffusion/synchronization,window,96,copy-005,5,True,copy,1,1,0.0,1.0
synthetic256,diffusion/synchronization,window,96,common-006,6,True,common,0,0,0.0,1.0
synthetic256,diffusion/synchronization,window,96,common-007,7,True,common,1,1,0.0,1.0
synthetic256,diffusion/synchronization,window,96,common-008,8,True,common,1,1,0.0,1.0
synthetic256,diffusion/synchronization,window,96,common-009,9,True,common,0,1,0.0,1.0
synthetic256,diffusion/synchronization,window,96,common-010,10,True,common,0,2,0.0,1.0
synthetic256,diffusion/synchronization,window,96,common-011,11,True,common,0,2,0.0,1.0
synthetic256,diffusion/synchronization,window,96,decouple-012,0,True,decouple,0,2,0.0,1.0
synthetic256,diffusion/synchronization,window,96,decouple-013,1,True,decouple,1,1,0.0,1.0
synthetic256,diffusion/synchronization,window,96,decouple-014,2,True,decouple,1,0,0.0,1.0
synthetic256,diffusion/synchronization,window,96,decouple-015,3,True,decouple,0,1,0.0,1.0
synthetic256,diffusion/synchronization,window,96,decouple-016,4,True,decouple,0,0,0.0,1.0
synthetic256,diffusion/synchronization,window,96,decouple-017,5,True,decouple,1,1,0.0,1.0
synthetic256,diffusion/synchronization,window,96,noise-018,6,True,noise,0,0,0.0,1.0
synthetic256,diffusion/synchronization,window,96,noise-019,7,True,noise,1,1,0.0,1.0
synthetic256,diffusion/synchronization,window,96,noise-020,8,True,noise,1,1,0.0,1.0
synthetic256,diffusion/synchronization,window,96,noise-021,9,True,noise,0,1,0.0,1.0
synthetic256,diffusion/synchronization,window,96,noise-022,10,True,noise,0,2,0.0,1.0
synthetic256,diffusion/synchronization,window,96,noise-023,11,True,noise,0,2,0.0,1.0
synthetic256,diffusion/synchronization,window,96,delay-024,0,True,delay,0,2,0.0,1.0
synthetic256,diffusion/synchronization,window,96,delay-025,1,True,delay,1,1,0.0,1.0
synthetic256,diffusion/synchronization,window,96,delay-026,2,True,delay,1,0,0.0,1.0
synthetic256,diffusion/synchronization,window,96,delay-027,3,True,delay,0,1,0.0,1.0
synthetic256,diffusion/synchronization,window,96,delay-028,4,True,delay,0,0,0.0,1.0
synthetic256,diffusion/synchronization,window,96,delay-029,5,True,delay,1,1,0.0,1.0
synthetic256,diffusion/synchronization,window,96,drift-030,6,True,drift,0,0,0.0,1.0
synthetic256,diffusion/synchronization,window,96,drift-031,7,True,drift,1,1,0.0,1.0
synthetic256,diffusion/synchronization,window,96,drift-032,8,True,drift,1,1,0.0,1.0
synthetic256,diffusion/synchronization,window,96,drift-033,9,True,drift,0,1,0.0,1.0
synthetic256,diffusion/synchronization,window,96,drift-034,10,True,drift,0,2,0.0,1.0
synthetic256,diffusion/synchronization,window,96,drift-035,11,True,drift,0,2,0.0,1.0
synthetic256,diffusion/synchronization,window,96,flatline-036,0,True,flatline,0,2,0.0,1.0
synthetic256,diffusion/synchronization,window,96,flatline-037,1,True,flatline,1,1,0.0,1.0
synthetic256,diffusion/synchronization,window,96,flatline-038,2,True,flatline,1,0,0.0,0.9935897435897436
synthetic256,diffusion/synchronization,window,96,flatline-039,3,True,flatline,0,1,0.0,1.0
synthetic256,diffusion/synchronization,window,96,flatline-040,4,True,flatline,0,0,0.0,1.0
synthetic256,diffusion/synchronization,window,96,flatline-041,5,True,flatline,1,1,0.125,0.9775641025641025
synthetic256,diffusion/synchronization,window,96,dropout-042,6,True,dropout,0,0,0.0,1.0
synthetic256,diffusion/synchronization,window,96,dropout-043,7,True,dropout,1,1,0.0,0.8173076923076923
synthetic256,diffusion/synchronization,window,96,dropout-044,8,True,dropout,1,1,0.0,0.7980769230769231
synthetic256,diffusion/synchronization,window,96,dropout-045,9,True,dropout,0,1,0.0,1.0
synthetic256,diffusion/synchronization,window,96,dropout-046,10,True,dropout,0,2,0.0,0.9423076923076923
synthetic256,diffusion/synchronization,window,96,dropout-047,11,True,dropout,0,2,0.0,0.7403846153846154
synthetic256,diffusion/synchronization,window,96,anticorrelated-048,0,True,anticorrelated,0,2,0.0,1.0
synthetic256,diffusion/synchronization,window,96,anticorrelated-049,1,True,anticorrelated,1,1,0.0,1.0
synthetic256,diffusion/synchronization,window,96,anticorrelated-050,2,True,anticorrelated,1,0,0.0,1.0
synthetic256,diffusion/synchronization,window,96,anticorrelated-051,3,True,anticorrelated,0,1,0.0,1.0
synthetic256,diffusion/synchronization,window,96,anticorrelated-052,4,True,anticorrelated,0,0,0.0,1.0
synthetic256,diffusion/synchronization,window,96,anticorrelated-053,5,True,anticorrelated,1,0,0.0,1.0
synthetic256,diffusion/synchronization,window,96,mixed-054,6,True,mixed,0,0,0.0,1.0
synthetic256,diffusion/synchronization,window,96,mixed-055,7,True,mixed,1,0,0.2,1.0
synthetic256,diffusion/synchronization,window,96,mixed-056,8,True,mixed,1,1,0.0,1.0
synthetic256,diffusion/synchronization,window,96,mixed-057,9,True,mixed,0,1,0.0,1.0
synthetic256,diffusion/synchronization,window,96,mixed-058,10,True,mixed,0,2,0.0,1.0
synthetic256,diffusion/synchronization,window,96,mixed-059,11,True,mixed,0,2,0.0,1.0
synthetic256,diffusion/synchronization,window,96,matched_covariance-060,0,True,matched_covariance,0,2,0.0,1.0
synthetic256,diffusion/synchronization,window,96,matched_covariance-061,1,True,matched_covariance,1,1,0.058823529411764705,1.0
synthetic256,diffusion/synchronization,window,96,matched_covariance-062,2,True,matched_covariance,1,0,0.0,1.0
synthetic256,diffusion/synchronization,window,96,matched_covariance-063,3,True,matched_covariance,0,1,0.0,1.0
synthetic256,diffusion/synchronization,window,96,matched_covariance-064,4,True,matched_covariance,0,0,0.0,1.0
synthetic256,diffusion/synchronization,window,96,matched_covariance-065,5,True,matched_covariance,1,1,0.0,1.0
synthetic256,diffusion/synchronization,window,96,marginal_preserving-066,6,True,marginal_preserving,0,0,0.0,1.0
synthetic256,diffusion/synchronization,window,96,marginal_preserving-067,7,True,marginal_preserving,1,2,0.0,1.0
synthetic256,diffusion/synchronization,window,96,marginal_preserving-068,8,True,marginal_preserving,1,0,0.2,1.0
synthetic256,diffusion/synchronization,window,96,marginal_preserving-069,9,True,marginal_preserving,0,1,0.0,1.0
synthetic256,diffusion/synchronization,window,96,marginal_preserving-070,10,True,marginal_preserving,0,2,0.0,1.0
synthetic256,diffusion/synchronization,window,96,marginal_preserving-071,11,True,marginal_preserving,0,1,0.0,1.0
synthetic256,diffusion/synchronization,window,96,untouched-000,0,False,untouched,0,2,0.0,1.0
synthetic256,diffusion/synchronization,window,96,transition-000,0,False,transition,0,2,0.0,1.0
synthetic256,diffusion/synchronization,window,96,untouched-001,1,False,untouched,0,2,0.0,1.0
synthetic256,diffusion/synchronization,window,96,transition-001,1,False,transition,0,2,0.0,1.0
synthetic256,diffusion/synchronization,window,96,untouched-002,2,False,untouched,0,1,0.0,1.0
synthetic256,diffusion/synchronization,window,96,transition-002,2,False,transition,0,2,0.0,1.0
synthetic256,diffusion/synchronization,window,96,untouched-003,3,False,untouched,0,1,0.0,1.0
synthetic256,diffusion/synchronization,window,96,transition-003,3,False,transition,0,1,0.0,1.0
synthetic256,diffusion/synchronization,window,96,untouched-004,4,False,untouched,0,0,0.0,1.0
synthetic256,diffusion/synchronization,window,96,transition-004,4,False,transition,0,1,0.0,1.0
synthetic256,diffusion/synchronization,window,96,untouched-005,5,False,untouched,0,2,0.0,1.0
synthetic256,diffusion/synchronization,window,96,transition-005,5,False,transition,0,2,0.0,1.0
synthetic256,diffusion/synchronization,window,96,untouched-006,6,False,untouched,0,0,0.0,1.0
synthetic256,diffusion/synchronization,window,96,transition-006,6,False,transition,0,0,0.0,1.0
synthetic256,diffusion/synchronization,window,96,untouched-007,7,False,untouched,0,2,0.0,1.0
synthetic256,diffusion/synchronization,window,96,transition-007,7,False,transition,0,1,0.0,1.0
synthetic256,diffusion/synchronization,window,96,untouched-008,8,False,untouched,0,2,0.0,1.0
synthetic256,diffusion/synchronization,window,96,transition-008,8,False,transition,0,1,0.0,1.0
synthetic256,diffusion/synchronization,window,96,untouched-009,9,False,untouched,0,1,0.0,1.0
synthetic256,diffusion/synchronization,window,96,transition-009,9,False,transition,0,1,0.0,1.0
synthetic256,diffusion/synchronization,window,96,untouched-010,10,False,untouched,0,2,0.0,1.0
synthetic256,diffusion/synchronization,window,96,transition-010,10,False,transition,0,2,0.0,1.0
synthetic256,diffusion/synchronization,window,96,untouched-011,11,False,untouched,0,2,0.0,1.0
synthetic256,diffusion/synchronization,window,96,transition-011,11,False,transition,0,1,0.0,1.0
synthetic256,diffusion/combined,window,96,copy-000,0,True,copy,0,2,0.0,1.0
synthetic256,diffusion/combined,window,96,copy-001,1,True,copy,1,0,0.0,1.0
synthetic256,diffusion/combined,window,96,copy-002,2,True,copy,1,0,0.2,1.0
synthetic256,diffusion/combined,window,96,copy-003,3,True,copy,0,1,0.0,1.0
synthetic256,diffusion/combined,window,96,copy-004,4,True,copy,0,0,0.0,1.0
synthetic256,diffusion/combined,window,96,copy-005,5,True,copy,1,1,0.0,1.0
synthetic256,diffusion/combined,window,96,common-006,6,True,common,0,0,0.0,1.0
synthetic256,diffusion/combined,window,96,common-007,7,True,common,1,1,0.0,1.0
synthetic256,diffusion/combined,window,96,common-008,8,True,common,1,1,0.0,1.0
synthetic256,diffusion/combined,window,96,common-009,9,True,common,0,1,0.0,1.0
synthetic256,diffusion/combined,window,96,common-010,10,True,common,0,2,0.0,1.0
synthetic256,diffusion/combined,window,96,common-011,11,True,common,0,2,0.0,1.0
synthetic256,diffusion/combined,window,96,decouple-012,0,True,decouple,0,2,0.0,1.0
synthetic256,diffusion/combined,window,96,decouple-013,1,True,decouple,1,1,0.0,1.0
synthetic256,diffusion/combined,window,96,decouple-014,2,True,decouple,1,0,0.0,1.0
synthetic256,diffusion/combined,window,96,decouple-015,3,True,decouple,0,1,0.0,1.0
synthetic256,diffusion/combined,window,96,decouple-016,4,True,decouple,0,0,0.0,1.0
synthetic256,diffusion/combined,window,96,decouple-017,5,True,decouple,1,1,0.0,1.0
synthetic256,diffusion/combined,window,96,noise-018,6,True,noise,0,0,0.0,1.0
synthetic256,diffusion/combined,window,96,noise-019,7,True,noise,1,1,0.0,1.0
synthetic256,diffusion/combined,window,96,noise-020,8,True,noise,1,1,0.0,1.0
synthetic256,diffusion/combined,window,96,noise-021,9,True,noise,0,1,0.0,1.0
synthetic256,diffusion/combined,window,96,noise-022,10,True,noise,0,2,0.0,1.0
synthetic256,diffusion/combined,window,96,noise-023,11,True,noise,0,2,0.0,1.0
synthetic256,diffusion/combined,window,96,delay-024,0,True,delay,0,2,0.0,1.0
synthetic256,diffusion/combined,window,96,delay-025,1,True,delay,1,1,0.0,1.0
synthetic256,diffusion/combined,window,96,delay-026,2,True,delay,1,0,0.0,1.0
synthetic256,diffusion/combined,window,96,delay-027,3,True,delay,0,1,0.0,1.0
synthetic256,diffusion/combined,window,96,delay-028,4,True,delay,0,0,0.0,1.0
synthetic256,diffusion/combined,window,96,delay-029,5,True,delay,1,1,0.0,1.0
synthetic256,diffusion/combined,window,96,drift-030,6,True,drift,0,0,0.0,1.0
synthetic256,diffusion/combined,window,96,drift-031,7,True,drift,1,1,0.0,1.0
synthetic256,diffusion/combined,window,96,drift-032,8,True,drift,1,1,0.0,1.0
synthetic256,diffusion/combined,window,96,drift-033,9,True,drift,0,1,0.0,1.0
synthetic256,diffusion/combined,window,96,drift-034,10,True,drift,0,2,0.0,1.0
synthetic256,diffusion/combined,window,96,drift-035,11,True,drift,0,2,0.0,1.0
synthetic256,diffusion/combined,window,96,flatline-036,0,True,flatline,0,2,0.0,1.0
synthetic256,diffusion/combined,window,96,flatline-037,1,True,flatline,1,1,0.0,1.0
synthetic256,diffusion/combined,window,96,flatline-038,2,True,flatline,1,0,0.0,0.9935897435897436
synthetic256,diffusion/combined,window,96,flatline-039,3,True,flatline,0,1,0.0,1.0
synthetic256,diffusion/combined,window,96,flatline-040,4,True,flatline,0,0,0.0,1.0
synthetic256,diffusion/combined,window,96,flatline-041,5,True,flatline,1,1,0.125,0.9775641025641025
synthetic256,diffusion/combined,window,96,dropout-042,6,True,dropout,0,0,0.0,1.0
synthetic256,diffusion/combined,window,96,dropout-043,7,True,dropout,1,1,0.0,0.8173076923076923
synthetic256,diffusion/combined,window,96,dropout-044,8,True,dropout,1,1,0.0,0.7980769230769231
synthetic256,diffusion/combined,window,96,dropout-045,9,True,dropout,0,1,0.0,1.0
synthetic256,diffusion/combined,window,96,dropout-046,10,True,dropout,0,2,0.0,0.9423076923076923
synthetic256,diffusion/combined,window,96,dropout-047,11,True,dropout,0,2,0.0,0.7403846153846154
synthetic256,diffusion/combined,window,96,anticorrelated-048,0,True,anticorrelated,0,2,0.0,1.0
synthetic256,diffusion/combined,window,96,anticorrelated-049,1,True,anticorrelated,1,1,0.0,1.0
synthetic256,diffusion/combined,window,96,anticorrelated-050,2,True,anticorrelated,1,0,0.0,1.0
synthetic256,diffusion/combined,window,96,anticorrelated-051,3,True,anticorrelated,0,1,0.0,1.0
synthetic256,diffusion/combined,window,96,anticorrelated-052,4,True,anticorrelated,0,0,0.0,1.0
synthetic256,diffusion/combined,window,96,anticorrelated-053,5,True,anticorrelated,1,0,0.0,1.0
synthetic256,diffusion/combined,window,96,mixed-054,6,True,mixed,0,0,0.0,1.0
synthetic256,diffusion/combined,window,96,mixed-055,7,True,mixed,1,0,0.2,1.0
synthetic256,diffusion/combined,window,96,mixed-056,8,True,mixed,1,1,0.0,1.0
synthetic256,diffusion/combined,window,96,mixed-057,9,True,mixed,0,1,0.0,1.0
synthetic256,diffusion/combined,window,96,mixed-058,10,True,mixed,0,2,0.0,1.0
synthetic256,diffusion/combined,window,96,mixed-059,11,True,mixed,0,2,0.0,1.0
synthetic256,diffusion/combined,window,96,matched_covariance-060,0,True,matched_covariance,0,2,0.0,1.0
synthetic256,diffusion/combined,window,96,matched_covariance-061,1,True,matched_covariance,1,1,0.058823529411764705,1.0
synthetic256,diffusion/combined,window,96,matched_covariance-062,2,True,matched_covariance,1,0,0.0,1.0
synthetic256,diffusion/combined,window,96,matched_covariance-063,3,True,matched_covariance,0,1,0.0,1.0
synthetic256,diffusion/combined,window,96,matched_covariance-064,4,True,matched_covariance,0,0,0.0,1.0
synthetic256,diffusion/combined,window,96,matched_covariance-065,5,True,matched_covariance,1,1,0.0,1.0
synthetic256,diffusion/combined,window,96,marginal_preserving-066,6,True,marginal_preserving,0,0,0.0,1.0
synthetic256,diffusion/combined,window,96,marginal_preserving-067,7,True,marginal_preserving,1,2,0.0,1.0
synthetic256,diffusion/combined,window,96,marginal_preserving-068,8,True,marginal_preserving,1,0,0.2,1.0
synthetic256,diffusion/combined,window,96,marginal_preserving-069,9,True,marginal_preserving,0,1,0.0,1.0
synthetic256,diffusion/combined,window,96,marginal_preserving-070,10,True,marginal_preserving,0,2,0.0,1.0
synthetic256,diffusion/combined,window,96,marginal_preserving-071,11,True,marginal_preserving,0,1,0.0,1.0
synthetic256,diffusion/combined,window,96,untouched-000,0,False,untouched,0,2,0.0,1.0
synthetic256,diffusion/combined,window,96,transition-000,0,False,transition,0,2,0.0,1.0
synthetic256,diffusion/combined,window,96,untouched-001,1,False,untouched,0,2,0.0,1.0
synthetic256,diffusion/combined,window,96,transition-001,1,False,transition,0,2,0.0,1.0
synthetic256,diffusion/combined,window,96,untouched-002,2,False,untouched,0,1,0.0,1.0
synthetic256,diffusion/combined,window,96,transition-002,2,False,transition,0,2,0.0,1.0
synthetic256,diffusion/combined,window,96,untouched-003,3,False,untouched,0,1,0.0,1.0
synthetic256,diffusion/combined,window,96,transition-003,3,False,transition,0,1,0.0,1.0
synthetic256,diffusion/combined,window,96,untouched-004,4,False,untouched,0,0,0.0,1.0
synthetic256,diffusion/combined,window,96,transition-004,4,False,transition,0,1,0.0,1.0
synthetic256,diffusion/combined,window,96,untouched-005,5,False,untouched,0,2,0.0,1.0
synthetic256,diffusion/combined,window,96,transition-005,5,False,transition,0,2,0.0,1.0
synthetic256,diffusion/combined,window,96,untouched-006,6,False,untouched,0,0,0.0,1.0
synthetic256,diffusion/combined,window,96,transition-006,6,False,transition,0,0,0.0,1.0
synthetic256,diffusion/combined,window,96,untouched-007,7,False,untouched,0,2,0.0,1.0
synthetic256,diffusion/combined,window,96,transition-007,7,False,transition,0,1,0.0,1.0
synthetic256,diffusion/combined,window,96,untouched-008,8,False,untouched,0,2,0.0,1.0
synthetic256,diffusion/combined,window,96,transition-008,8,False,transition,0,1,0.0,1.0
synthetic256,diffusion/combined,window,96,untouched-009,9,False,untouched,0,1,0.0,1.0
synthetic256,diffusion/combined,window,96,transition-009,9,False,transition,0,1,0.0,1.0
synthetic256,diffusion/combined,window,96,untouched-010,10,False,untouched,0,2,0.0,1.0
synthetic256,diffusion/combined,window,96,transition-010,10,False,transition,0,2,0.0,1.0
synthetic256,diffusion/combined,window,96,untouched-011,11,False,untouched,0,2,0.0,1.0
synthetic256,diffusion/combined,window,96,transition-011,11,False,transition,0,1,0.0,1.0
synthetic256,diffusion/entropy,size,6,copy-000,0,True,copy,1,2,0.0,1.0
synthetic256,diffusion/entropy,size,6,copy-001,1,True,copy,1,0,0.0,1.0
synthetic256,diffusion/entropy,size,6,copy-002,2,True,copy,1,0,0.2,1.0
synthetic256,diffusion/entropy,size,6,copy-003,3,True,copy,0,2,0.0,1.0
synthetic256,diffusion/entropy,size,6,copy-004,4,True,copy,1,2,0.0,1.0
synthetic256,diffusion/entropy,size,6,copy-005,5,True,copy,1,1,0.0,1.0
synthetic256,diffusion/entropy,size,6,common-006,6,True,common,0,2,0.0,1.0
synthetic256,diffusion/entropy,size,6,common-007,7,True,common,0,2,0.0,1.0
synthetic256,diffusion/entropy,size,6,common-008,8,True,common,0,1,0.0,1.0
synthetic256,diffusion/entropy,size,6,common-009,9,True,common,1,0,0.125,1.0
synthetic256,diffusion/entropy,size,6,common-010,10,True,common,0,1,0.0,1.0
synthetic256,diffusion/entropy,size,6,common-011,11,True,common,0,1,0.0,1.0
synthetic256,diffusion/entropy,size,6,decouple-012,0,True,decouple,1,2,0.0,1.0
synthetic256,diffusion/entropy,size,6,decouple-013,1,True,decouple,1,0,0.0,1.0
synthetic256,diffusion/entropy,size,6,decouple-014,2,True,decouple,1,0,0.0,1.0
synthetic256,diffusion/entropy,size,6,decouple-015,3,True,decouple,0,2,0.0,1.0
synthetic256,diffusion/entropy,size,6,decouple-016,4,True,decouple,1,2,0.0,1.0
synthetic256,diffusion/entropy,size,6,decouple-017,5,True,decouple,1,1,0.0,1.0
synthetic256,diffusion/entropy,size,6,noise-018,6,True,noise,0,2,0.0,1.0
synthetic256,diffusion/entropy,size,6,noise-019,7,True,noise,0,2,0.0,1.0
synthetic256,diffusion/entropy,size,6,noise-020,8,True,noise,0,1,0.0,1.0
synthetic256,diffusion/entropy,size,6,noise-021,9,True,noise,1,0,0.0,1.0
synthetic256,diffusion/entropy,size,6,noise-022,10,True,noise,0,1,0.0,1.0
synthetic256,diffusion/entropy,size,6,noise-023,11,True,noise,0,1,0.0,1.0
synthetic256,diffusion/entropy,size,6,delay-024,0,True,delay,1,2,0.0,1.0
synthetic256,diffusion/entropy,size,6,delay-025,1,True,delay,1,0,0.0,1.0
synthetic256,diffusion/entropy,size,6,delay-026,2,True,delay,1,0,0.0,1.0
synthetic256,diffusion/entropy,size,6,delay-027,3,True,delay,0,2,0.0,1.0
synthetic256,diffusion/entropy,size,6,delay-028,4,True,delay,1,2,0.0,1.0
synthetic256,diffusion/entropy,size,6,delay-029,5,True,delay,1,1,0.0,1.0
synthetic256,diffusion/entropy,size,6,drift-030,6,True,drift,0,2,0.0,1.0
synthetic256,diffusion/entropy,size,6,drift-031,7,True,drift,0,2,0.0,1.0
synthetic256,diffusion/entropy,size,6,drift-032,8,True,drift,0,1,0.0,1.0
synthetic256,diffusion/entropy,size,6,drift-033,9,True,drift,1,0,0.0,1.0
synthetic256,diffusion/entropy,size,6,drift-034,10,True,drift,0,1,0.0,1.0
synthetic256,diffusion/entropy,size,6,drift-035,11,True,drift,0,1,0.0,1.0
synthetic256,diffusion/entropy,size,6,flatline-036,0,True,flatline,1,2,0.0,1.0
synthetic256,diffusion/entropy,size,6,flatline-037,1,True,flatline,1,0,0.2857142857142857,0.9829059829059829
synthetic256,diffusion/entropy,size,6,flatline-038,2,True,flatline,1,0,0.0,1.0
synthetic256,diffusion/entropy,size,6,flatline-039,3,True,flatline,0,2,0.0,1.0
synthetic256,diffusion/entropy,size,6,flatline-040,4,True,flatline,1,2,0.0,0.9871794871794872
synthetic256,diffusion/entropy,size,6,flatline-041,5,True,flatline,1,1,0.125,0.9444444444444444
synthetic256,diffusion/entropy,size,6,dropout-042,6,True,dropout,0,2,0.0,0.9871794871794872
synthetic256,diffusion/entropy,size,6,dropout-043,7,True,dropout,0,2,0.0,0.9326923076923077
synthetic256,diffusion/entropy,size,6,dropout-044,8,True,dropout,0,1,0.0,0.8205128205128205
synthetic256,diffusion/entropy,size,6,dropout-045,9,True,dropout,0,1,0.0,0.9615384615384616
synthetic256,diffusion/entropy,size,6,dropout-046,10,True,dropout,0,1,0.0,0.9551282051282052
synthetic256,diffusion/entropy,size,6,dropout-047,11,True,dropout,0,1,0.0,0.7905982905982906
synthetic256,diffusion/entropy,size,6,anticorrelated-048,0,True,anticorrelated,1,2,0.0,1.0
synthetic256,diffusion/entropy,size,6,anticorrelated-049,1,True,anticorrelated,1,0,0.0,1.0
synthetic256,diffusion/entropy,size,6,anticorrelated-050,2,True,anticorrelated,1,0,0.0,1.0
synthetic256,diffusion/entropy,size,6,anticorrelated-051,3,True,anticorrelated,0,2,0.0,1.0
synthetic256,diffusion/entropy,size,6,anticorrelated-052,4,True,anticorrelated,1,2,0.0,1.0
synthetic256,diffusion/entropy,size,6,anticorrelated-053,5,True,anticorrelated,1,1,0.0,1.0
synthetic256,diffusion/entropy,size,6,mixed-054,6,True,mixed,0,2,0.0,1.0
synthetic256,diffusion/entropy,size,6,mixed-055,7,True,mixed,0,1,0.0,1.0
synthetic256,diffusion/entropy,size,6,mixed-056,8,True,mixed,0,1,0.0,1.0
synthetic256,diffusion/entropy,size,6,mixed-057,9,True,mixed,1,0,0.0,1.0
synthetic256,diffusion/entropy,size,6,mixed-058,10,True,mixed,0,1,0.0,1.0
synthetic256,diffusion/entropy,size,6,mixed-059,11,True,mixed,0,1,0.0,1.0
synthetic256,diffusion/entropy,size,6,matched_covariance-060,0,True,matched_covariance,1,2,0.0,1.0
synthetic256,diffusion/entropy,size,6,matched_covariance-061,1,True,matched_covariance,1,0,0.0,1.0
synthetic256,diffusion/entropy,size,6,matched_covariance-062,2,True,matched_covariance,1,0,0.0,1.0
synthetic256,diffusion/entropy,size,6,matched_covariance-063,3,True,matched_covariance,0,2,0.0,1.0
synthetic256,diffusion/entropy,size,6,matched_covariance-064,4,True,matched_covariance,1,2,0.0,1.0
synthetic256,diffusion/entropy,size,6,matched_covariance-065,5,True,matched_covariance,1,1,0.0,1.0
synthetic256,diffusion/entropy,size,6,marginal_preserving-066,6,True,marginal_preserving,0,2,0.0,1.0
synthetic256,diffusion/entropy,size,6,marginal_preserving-067,7,True,marginal_preserving,0,2,0.0,1.0
synthetic256,diffusion/entropy,size,6,marginal_preserving-068,8,True,marginal_preserving,0,1,0.0,1.0
synthetic256,diffusion/entropy,size,6,marginal_preserving-069,9,True,marginal_preserving,1,0,0.058823529411764705,1.0
synthetic256,diffusion/entropy,size,6,marginal_preserving-070,10,True,marginal_preserving,0,1,0.0,1.0
synthetic256,diffusion/entropy,size,6,marginal_preserving-071,11,True,marginal_preserving,0,1,0.0,1.0
synthetic256,diffusion/entropy,size,6,untouched-000,0,False,untouched,0,3,0.0,1.0
synthetic256,diffusion/entropy,size,6,transition-000,0,False,transition,0,3,0.0,1.0
synthetic256,diffusion/entropy,size,6,untouched-001,1,False,untouched,0,1,0.0,1.0
synthetic256,diffusion/entropy,size,6,transition-001,1,False,transition,0,1,0.0,1.0
synthetic256,diffusion/entropy,size,6,untouched-002,2,False,untouched,0,1,0.0,1.0
synthetic256,diffusion/entropy,size,6,transition-002,2,False,transition,0,1,0.0,1.0
synthetic256,diffusion/entropy,size,6,untouched-003,3,False,untouched,0,2,0.0,1.0
synthetic256,diffusion/entropy,size,6,transition-003,3,False,transition,0,2,0.0,1.0
synthetic256,diffusion/entropy,size,6,untouched-004,4,False,untouched,0,3,0.0,1.0
synthetic256,diffusion/entropy,size,6,transition-004,4,False,transition,0,3,0.0,1.0
synthetic256,diffusion/entropy,size,6,untouched-005,5,False,untouched,0,2,0.0,1.0
synthetic256,diffusion/entropy,size,6,transition-005,5,False,transition,0,3,0.0,1.0
synthetic256,diffusion/entropy,size,6,untouched-006,6,False,untouched,0,2,0.0,1.0
synthetic256,diffusion/entropy,size,6,transition-006,6,False,transition,0,1,0.0,1.0
synthetic256,diffusion/entropy,size,6,untouched-007,7,False,untouched,0,2,0.0,1.0
synthetic256,diffusion/entropy,size,6,transition-007,7,False,transition,0,1,0.0,1.0
synthetic256,diffusion/entropy,size,6,untouched-008,8,False,untouched,0,1,0.0,1.0
synthetic256,diffusion/entropy,size,6,transition-008,8,False,transition,0,2,0.0,1.0
synthetic256,diffusion/entropy,size,6,untouched-009,9,False,untouched,0,1,0.0,1.0
synthetic256,diffusion/entropy,size,6,transition-009,9,False,transition,0,3,0.0,1.0
synthetic256,diffusion/entropy,size,6,untouched-010,10,False,untouched,0,1,0.0,1.0
synthetic256,diffusion/entropy,size,6,transition-010,10,False,transition,0,1,0.0,1.0
synthetic256,diffusion/entropy,size,6,untouched-011,11,False,untouched,0,1,0.0,1.0
synthetic256,diffusion/entropy,size,6,transition-011,11,False,transition,0,1,0.0,1.0
synthetic256,diffusion/synchronization,size,6,copy-000,0,True,copy,0,5,0.0,1.0
synthetic256,diffusion/synchronization,size,6,copy-001,1,True,copy,1,0,0.0,1.0
synthetic256,diffusion/synchronization,size,6,copy-002,2,True,copy,1,0,0.2,1.0
synthetic256,diffusion/synchronization,size,6,copy-003,3,True,copy,0,2,0.0,1.0
synthetic256,diffusion/synchronization,size,6,copy-004,4,True,copy,0,2,0.0,1.0
synthetic256,diffusion/synchronization,size,6,copy-005,5,True,copy,1,2,0.0,1.0
synthetic256,diffusion/synchronization,size,6,common-006,6,True,common,0,2,0.0,1.0
synthetic256,diffusion/synchronization,size,6,common-007,7,True,common,0,2,0.0,1.0
synthetic256,diffusion/synchronization,size,6,common-008,8,True,common,1,0,0.0,1.0
synthetic256,diffusion/synchronization,size,6,common-009,9,True,common,1,1,0.125,1.0
synthetic256,diffusion/synchronization,size,6,common-010,10,True,common,0,1,0.0,1.0
synthetic256,diffusion/synchronization,size,6,common-011,11,True,common,0,2,0.0,1.0
synthetic256,diffusion/synchronization,size,6,decouple-012,0,True,decouple,0,5,0.0,1.0
synthetic256,diffusion/synchronization,size,6,decouple-013,1,True,decouple,1,0,0.0,1.0
synthetic256,diffusion/synchronization,size,6,decouple-014,2,True,decouple,1,0,0.0,1.0
synthetic256,diffusion/synchronization,size,6,decouple-015,3,True,decouple,0,2,0.0,1.0
synthetic256,diffusion/synchronization,size,6,decouple-016,4,True,decouple,0,2,0.0,1.0
synthetic256,diffusion/synchronization,size,6,decouple-017,5,True,decouple,1,2,0.0,1.0
synthetic256,diffusion/synchronization,size,6,noise-018,6,True,noise,0,2,0.0,1.0
synthetic256,diffusion/synchronization,size,6,noise-019,7,True,noise,0,2,0.0,1.0
synthetic256,diffusion/synchronization,size,6,noise-020,8,True,noise,1,0,0.0,1.0
synthetic256,diffusion/synchronization,size,6,noise-021,9,True,noise,1,1,0.0,1.0
synthetic256,diffusion/synchronization,size,6,noise-022,10,True,noise,0,1,0.0,1.0
synthetic256,diffusion/synchronization,size,6,noise-023,11,True,noise,0,2,0.0,1.0
synthetic256,diffusion/synchronization,size,6,delay-024,0,True,delay,0,5,0.0,1.0
synthetic256,diffusion/synchronization,size,6,delay-025,1,True,delay,1,0,0.0,1.0
synthetic256,diffusion/synchronization,size,6,delay-026,2,True,delay,1,0,0.0,1.0
synthetic256,diffusion/synchronization,size,6,delay-027,3,True,delay,0,2,0.0,1.0
synthetic256,diffusion/synchronization,size,6,delay-028,4,True,delay,0,2,0.0,1.0
synthetic256,diffusion/synchronization,size,6,delay-029,5,True,delay,1,2,0.0,1.0
synthetic256,diffusion/synchronization,size,6,drift-030,6,True,drift,0,2,0.0,1.0
synthetic256,diffusion/synchronization,size,6,drift-031,7,True,drift,0,2,0.0,1.0
synthetic256,diffusion/synchronization,size,6,drift-032,8,True,drift,1,0,0.0,1.0
synthetic256,diffusion/synchronization,size,6,drift-033,9,True,drift,1,1,0.0,1.0
synthetic256,diffusion/synchronization,size,6,drift-034,10,True,drift,0,1,0.0,1.0
synthetic256,diffusion/synchronization,size,6,drift-035,11,True,drift,0,2,0.0,1.0
synthetic256,diffusion/synchronization,size,6,flatline-036,0,True,flatline,0,5,0.0,1.0
synthetic256,diffusion/synchronization,size,6,flatline-037,1,True,flatline,1,0,0.0,0.9829059829059829
synthetic256,diffusion/synchronization,size,6,flatline-038,2,True,flatline,1,0,0.0,1.0
synthetic256,diffusion/synchronization,size,6,flatline-039,3,True,flatline,0,2,0.0,1.0
synthetic256,diffusion/synchronization,size,6,flatline-040,4,True,flatline,0,3,0.0,0.9871794871794872
synthetic256,diffusion/synchronization,size,6,flatline-041,5,True,flatline,0,2,0.0,0.9444444444444444
synthetic256,diffusion/synchronization,size,6,dropout-042,6,True,dropout,0,2,0.0,0.9871794871794872
synthetic256,diffusion/synchronization,size,6,dropout-043,7,True,dropout,0,2,0.0,0.9326923076923077
synthetic256,diffusion/synchronization,size,6,dropout-044,8,True,dropout,1,0,0.0,0.8205128205128205
synthetic256,diffusion/synchronization,size,6,dropout-045,9,True,dropout,0,2,0.0,0.9615384615384616
synthetic256,diffusion/synchronization,size,6,dropout-046,10,True,dropout,0,1,0.0,0.9551282051282052
synthetic256,diffusion/synchronization,size,6,dropout-047,11,True,dropout,0,2,0.0,0.7905982905982906
synthetic256,diffusion/synchronization,size,6,anticorrelated-048,0,True,anticorrelated,0,5,0.0,1.0
synthetic256,diffusion/synchronization,size,6,anticorrelated-049,1,True,anticorrelated,1,0,0.0,1.0
synthetic256,diffusion/synchronization,size,6,anticorrelated-050,2,True,anticorrelated,1,0,0.0,1.0
synthetic256,diffusion/synchronization,size,6,anticorrelated-051,3,True,anticorrelated,0,2,0.0,1.0
synthetic256,diffusion/synchronization,size,6,anticorrelated-052,4,True,anticorrelated,0,2,0.0,1.0
synthetic256,diffusion/synchronization,size,6,anticorrelated-053,5,True,anticorrelated,0,1,0.0,1.0
synthetic256,diffusion/synchronization,size,6,mixed-054,6,True,mixed,0,2,0.0,1.0
synthetic256,diffusion/synchronization,size,6,mixed-055,7,True,mixed,0,1,0.0,1.0
synthetic256,diffusion/synchronization,size,6,mixed-056,8,True,mixed,1,0,0.0,1.0
synthetic256,diffusion/synchronization,size,6,mixed-057,9,True,mixed,1,1,0.0,1.0
synthetic256,diffusion/synchronization,size,6,mixed-058,10,True,mixed,0,1,0.0,1.0
synthetic256,diffusion/synchronization,size,6,mixed-059,11,True,mixed,0,2,0.0,1.0
synthetic256,diffusion/synchronization,size,6,matched_covariance-060,0,True,matched_covariance,0,5,0.0,1.0
synthetic256,diffusion/synchronization,size,6,matched_covariance-061,1,True,matched_covariance,1,0,0.0,1.0
synthetic256,diffusion/synchronization,size,6,matched_covariance-062,2,True,matched_covariance,1,0,0.0,1.0
synthetic256,diffusion/synchronization,size,6,matched_covariance-063,3,True,matched_covariance,0,2,0.0,1.0
synthetic256,diffusion/synchronization,size,6,matched_covariance-064,4,True,matched_covariance,0,2,0.0,1.0
synthetic256,diffusion/synchronization,size,6,matched_covariance-065,5,True,matched_covariance,1,2,0.0,1.0
synthetic256,diffusion/synchronization,size,6,marginal_preserving-066,6,True,marginal_preserving,0,2,0.0,1.0
synthetic256,diffusion/synchronization,size,6,marginal_preserving-067,7,True,marginal_preserving,0,3,0.0,1.0
synthetic256,diffusion/synchronization,size,6,marginal_preserving-068,8,True,marginal_preserving,1,0,0.2,1.0
synthetic256,diffusion/synchronization,size,6,marginal_preserving-069,9,True,marginal_preserving,1,1,0.058823529411764705,1.0
synthetic256,diffusion/synchronization,size,6,marginal_preserving-070,10,True,marginal_preserving,0,1,0.0,1.0
synthetic256,diffusion/synchronization,size,6,marginal_preserving-071,11,True,marginal_preserving,0,1,0.0,1.0
synthetic256,diffusion/synchronization,size,6,untouched-000,0,False,untouched,0,5,0.0,1.0
synthetic256,diffusion/synchronization,size,6,transition-000,0,False,transition,0,3,0.0,1.0
synthetic256,diffusion/synchronization,size,6,untouched-001,1,False,untouched,0,1,0.0,1.0
synthetic256,diffusion/synchronization,size,6,transition-001,1,False,transition,0,1,0.0,1.0
synthetic256,diffusion/synchronization,size,6,untouched-002,2,False,untouched,0,1,0.0,1.0
synthetic256,diffusion/synchronization,size,6,transition-002,2,False,transition,0,1,0.0,1.0
synthetic256,diffusion/synchronization,size,6,untouched-003,3,False,untouched,0,2,0.0,1.0
synthetic256,diffusion/synchronization,size,6,transition-003,3,False,transition,0,3,0.0,1.0
synthetic256,diffusion/synchronization,size,6,untouched-004,4,False,untouched,0,2,0.0,1.0
synthetic256,diffusion/synchronization,size,6,transition-004,4,False,transition,0,4,0.0,1.0
synthetic256,diffusion/synchronization,size,6,untouched-005,5,False,untouched,0,3,0.0,1.0
synthetic256,diffusion/synchronization,size,6,transition-005,5,False,transition,0,3,0.0,1.0
synthetic256,diffusion/synchronization,size,6,untouched-006,6,False,untouched,0,2,0.0,1.0
synthetic256,diffusion/synchronization,size,6,transition-006,6,False,transition,0,1,0.0,1.0
synthetic256,diffusion/synchronization,size,6,untouched-007,7,False,untouched,0,2,0.0,1.0
synthetic256,diffusion/synchronization,size,6,transition-007,7,False,transition,0,2,0.0,1.0
synthetic256,diffusion/synchronization,size,6,untouched-008,8,False,untouched,0,1,0.0,1.0
synthetic256,diffusion/synchronization,size,6,transition-008,8,False,transition,0,2,0.0,1.0
synthetic256,diffusion/synchronization,size,6,untouched-009,9,False,untouched,0,2,0.0,1.0
synthetic256,diffusion/synchronization,size,6,transition-009,9,False,transition,0,2,0.0,1.0
synthetic256,diffusion/synchronization,size,6,untouched-010,10,False,untouched,0,1,0.0,1.0
synthetic256,diffusion/synchronization,size,6,transition-010,10,False,transition,0,1,0.0,1.0
synthetic256,diffusion/synchronization,size,6,untouched-011,11,False,untouched,0,2,0.0,1.0
synthetic256,diffusion/synchronization,size,6,transition-011,11,False,transition,0,1,0.0,1.0
synthetic256,diffusion/combined,size,6,copy-000,0,True,copy,0,5,0.0,1.0
synthetic256,diffusion/combined,size,6,copy-001,1,True,copy,1,0,0.0,1.0
synthetic256,diffusion/combined,size,6,copy-002,2,True,copy,1,0,0.2,1.0
synthetic256,diffusion/combined,size,6,copy-003,3,True,copy,0,2,0.0,1.0
synthetic256,diffusion/combined,size,6,copy-004,4,True,copy,0,2,0.0,1.0
synthetic256,diffusion/combined,size,6,copy-005,5,True,copy,1,2,0.0,1.0
synthetic256,diffusion/combined,size,6,common-006,6,True,common,0,2,0.0,1.0
synthetic256,diffusion/combined,size,6,common-007,7,True,common,0,2,0.0,1.0
synthetic256,diffusion/combined,size,6,common-008,8,True,common,1,0,0.0,1.0
synthetic256,diffusion/combined,size,6,common-009,9,True,common,1,1,0.125,1.0
synthetic256,diffusion/combined,size,6,common-010,10,True,common,0,1,0.0,1.0
synthetic256,diffusion/combined,size,6,common-011,11,True,common,0,2,0.0,1.0
synthetic256,diffusion/combined,size,6,decouple-012,0,True,decouple,0,5,0.0,1.0
synthetic256,diffusion/combined,size,6,decouple-013,1,True,decouple,1,0,0.0,1.0
synthetic256,diffusion/combined,size,6,decouple-014,2,True,decouple,1,0,0.0,1.0
synthetic256,diffusion/combined,size,6,decouple-015,3,True,decouple,0,2,0.0,1.0
synthetic256,diffusion/combined,size,6,decouple-016,4,True,decouple,0,2,0.0,1.0
synthetic256,diffusion/combined,size,6,decouple-017,5,True,decouple,1,2,0.0,1.0
synthetic256,diffusion/combined,size,6,noise-018,6,True,noise,0,2,0.0,1.0
synthetic256,diffusion/combined,size,6,noise-019,7,True,noise,0,2,0.0,1.0
synthetic256,diffusion/combined,size,6,noise-020,8,True,noise,1,0,0.0,1.0
synthetic256,diffusion/combined,size,6,noise-021,9,True,noise,1,1,0.0,1.0
synthetic256,diffusion/combined,size,6,noise-022,10,True,noise,0,1,0.0,1.0
synthetic256,diffusion/combined,size,6,noise-023,11,True,noise,0,2,0.0,1.0
synthetic256,diffusion/combined,size,6,delay-024,0,True,delay,0,5,0.0,1.0
synthetic256,diffusion/combined,size,6,delay-025,1,True,delay,1,0,0.0,1.0
synthetic256,diffusion/combined,size,6,delay-026,2,True,delay,1,0,0.0,1.0
synthetic256,diffusion/combined,size,6,delay-027,3,True,delay,0,2,0.0,1.0
synthetic256,diffusion/combined,size,6,delay-028,4,True,delay,0,2,0.0,1.0
synthetic256,diffusion/combined,size,6,delay-029,5,True,delay,1,2,0.0,1.0
synthetic256,diffusion/combined,size,6,drift-030,6,True,drift,0,2,0.0,1.0
synthetic256,diffusion/combined,size,6,drift-031,7,True,drift,0,2,0.0,1.0
synthetic256,diffusion/combined,size,6,drift-032,8,True,drift,1,0,0.0,1.0
synthetic256,diffusion/combined,size,6,drift-033,9,True,drift,1,1,0.0,1.0
synthetic256,diffusion/combined,size,6,drift-034,10,True,drift,0,1,0.0,1.0
synthetic256,diffusion/combined,size,6,drift-035,11,True,drift,0,2,0.0,1.0
synthetic256,diffusion/combined,size,6,flatline-036,0,True,flatline,0,5,0.0,1.0
synthetic256,diffusion/combined,size,6,flatline-037,1,True,flatline,1,0,0.0,0.9829059829059829
synthetic256,diffusion/combined,size,6,flatline-038,2,True,flatline,1,0,0.0,1.0
synthetic256,diffusion/combined,size,6,flatline-039,3,True,flatline,0,2,0.0,1.0
synthetic256,diffusion/combined,size,6,flatline-040,4,True,flatline,0,3,0.0,0.9871794871794872
synthetic256,diffusion/combined,size,6,flatline-041,5,True,flatline,0,2,0.0,0.9444444444444444
synthetic256,diffusion/combined,size,6,dropout-042,6,True,dropout,0,2,0.0,0.9871794871794872
synthetic256,diffusion/combined,size,6,dropout-043,7,True,dropout,0,2,0.0,0.9326923076923077
synthetic256,diffusion/combined,size,6,dropout-044,8,True,dropout,1,0,0.0,0.8205128205128205
synthetic256,diffusion/combined,size,6,dropout-045,9,True,dropout,0,2,0.0,0.9615384615384616
synthetic256,diffusion/combined,size,6,dropout-046,10,True,dropout,0,1,0.0,0.9551282051282052
synthetic256,diffusion/combined,size,6,dropout-047,11,True,dropout,0,2,0.0,0.7905982905982906
synthetic256,diffusion/combined,size,6,anticorrelated-048,0,True,anticorrelated,0,5,0.0,1.0
synthetic256,diffusion/combined,size,6,anticorrelated-049,1,True,anticorrelated,1,0,0.0,1.0
synthetic256,diffusion/combined,size,6,anticorrelated-050,2,True,anticorrelated,1,0,0.0,1.0
synthetic256,diffusion/combined,size,6,anticorrelated-051,3,True,anticorrelated,0,2,0.0,1.0
synthetic256,diffusion/combined,size,6,anticorrelated-052,4,True,anticorrelated,0,2,0.0,1.0
synthetic256,diffusion/combined,size,6,anticorrelated-053,5,True,anticorrelated,0,1,0.0,1.0
synthetic256,diffusion/combined,size,6,mixed-054,6,True,mixed,0,2,0.0,1.0
synthetic256,diffusion/combined,size,6,mixed-055,7,True,mixed,0,1,0.0,1.0
synthetic256,diffusion/combined,size,6,mixed-056,8,True,mixed,1,0,0.0,1.0
synthetic256,diffusion/combined,size,6,mixed-057,9,True,mixed,1,1,0.0,1.0
synthetic256,diffusion/combined,size,6,mixed-058,10,True,mixed,0,1,0.0,1.0
synthetic256,diffusion/combined,size,6,mixed-059,11,True,mixed,0,2,0.0,1.0
synthetic256,diffusion/combined,size,6,matched_covariance-060,0,True,matched_covariance,0,5,0.0,1.0
synthetic256,diffusion/combined,size,6,matched_covariance-061,1,True,matched_covariance,1,0,0.0,1.0
synthetic256,diffusion/combined,size,6,matched_covariance-062,2,True,matched_covariance,1,0,0.0,1.0
synthetic256,diffusion/combined,size,6,matched_covariance-063,3,True,matched_covariance,0,2,0.0,1.0
synthetic256,diffusion/combined,size,6,matched_covariance-064,4,True,matched_covariance,0,2,0.0,1.0
synthetic256,diffusion/combined,size,6,matched_covariance-065,5,True,matched_covariance,1,2,0.0,1.0
synthetic256,diffusion/combined,size,6,marginal_preserving-066,6,True,marginal_preserving,0,2,0.0,1.0
synthetic256,diffusion/combined,size,6,marginal_preserving-067,7,True,marginal_preserving,0,3,0.0,1.0
synthetic256,diffusion/combined,size,6,marginal_preserving-068,8,True,marginal_preserving,1,0,0.2,1.0
synthetic256,diffusion/combined,size,6,marginal_preserving-069,9,True,marginal_preserving,1,1,0.058823529411764705,1.0
synthetic256,diffusion/combined,size,6,marginal_preserving-070,10,True,marginal_preserving,0,1,0.0,1.0
synthetic256,diffusion/combined,size,6,marginal_preserving-071,11,True,marginal_preserving,0,1,0.0,1.0
synthetic256,diffusion/combined,size,6,untouched-000,0,False,untouched,0,5,0.0,1.0
synthetic256,diffusion/combined,size,6,transition-000,0,False,transition,0,3,0.0,1.0
synthetic256,diffusion/combined,size,6,untouched-001,1,False,untouched,0,1,0.0,1.0
synthetic256,diffusion/combined,size,6,transition-001,1,False,transition,0,1,0.0,1.0
synthetic256,diffusion/combined,size,6,untouched-002,2,False,untouched,0,1,0.0,1.0
synthetic256,diffusion/combined,size,6,transition-002,2,False,transition,0,1,0.0,1.0
synthetic256,diffusion/combined,size,6,untouched-003,3,False,untouched,0,2,0.0,1.0
synthetic256,diffusion/combined,size,6,transition-003,3,False,transition,0,3,0.0,1.0
synthetic256,diffusion/combined,size,6,untouched-004,4,False,untouched,0,2,0.0,1.0
synthetic256,diffusion/combined,size,6,transition-004,4,False,transition,0,4,0.0,1.0
synthetic256,diffusion/combined,size,6,untouched-005,5,False,untouched,0,3,0.0,1.0
synthetic256,diffusion/combined,size,6,transition-005,5,False,transition,0,3,0.0,1.0
synthetic256,diffusion/combined,size,6,untouched-006,6,False,untouched,0,2,0.0,1.0
synthetic256,diffusion/combined,size,6,transition-006,6,False,transition,0,1,0.0,1.0
synthetic256,diffusion/combined,size,6,untouched-007,7,False,untouched,0,2,0.0,1.0
synthetic256,diffusion/combined,size,6,transition-007,7,False,transition,0,2,0.0,1.0
synthetic256,diffusion/combined,size,6,untouched-008,8,False,untouched,0,1,0.0,1.0
synthetic256,diffusion/combined,size,6,transition-008,8,False,transition,0,2,0.0,1.0
synthetic256,diffusion/combined,size,6,untouched-009,9,False,untouched,0,2,0.0,1.0
synthetic256,diffusion/combined,size,6,transition-009,9,False,transition,0,2,0.0,1.0
synthetic256,diffusion/combined,size,6,untouched-010,10,False,untouched,0,1,0.0,1.0
synthetic256,diffusion/combined,size,6,transition-010,10,False,transition,0,1,0.0,1.0
synthetic256,diffusion/combined,size,6,untouched-011,11,False,untouched,0,2,0.0,1.0
synthetic256,diffusion/combined,size,6,transition-011,11,False,transition,0,1,0.0,1.0
synthetic256,diffusion/entropy,size,12,copy-000,0,True,copy,1,2,0.0,1.0
synthetic256,diffusion/entropy,size,12,copy-001,1,True,copy,1,0,0.0,1.0
synthetic256,diffusion/entropy,size,12,copy-002,2,True,copy,1,0,0.3333333333333333,1.0
synthetic256,diffusion/entropy,size,12,copy-003,3,True,copy,0,1,0.0,1.0
synthetic256,diffusion/entropy,size,12,copy-004,4,True,copy,0,2,0.0,1.0
synthetic256,diffusion/entropy,size,12,copy-005,5,True,copy,1,2,0.0,1.0
synthetic256,diffusion/entropy,size,12,common-006,6,True,common,0,3,0.0,1.0
synthetic256,diffusion/entropy,size,12,common-007,7,True,common,1,0,0.0,1.0
synthetic256,diffusion/entropy,size,12,common-008,8,True,common,0,1,0.0,1.0
synthetic256,diffusion/entropy,size,12,common-009,9,True,common,0,2,0.0,1.0
synthetic256,diffusion/entropy,size,12,common-010,10,True,common,1,1,0.0,1.0
synthetic256,diffusion/entropy,size,12,common-011,11,True,common,1,2,0.0,1.0
synthetic256,diffusion/entropy,size,12,decouple-012,0,True,decouple,1,2,0.0,1.0
synthetic256,diffusion/entropy,size,12,decouple-013,1,True,decouple,1,0,0.0,1.0
synthetic256,diffusion/entropy,size,12,decouple-014,2,True,decouple,1,0,0.0,1.0
synthetic256,diffusion/entropy,size,12,decouple-015,3,True,decouple,0,1,0.0,1.0
synthetic256,diffusion/entropy,size,12,decouple-016,4,True,decouple,0,2,0.0,1.0
synthetic256,diffusion/entropy,size,12,decouple-017,5,True,decouple,1,2,0.0,1.0
synthetic256,diffusion/entropy,size,12,noise-018,6,True,noise,0,3,0.0,1.0
synthetic256,diffusion/entropy,size,12,noise-019,7,True,noise,1,1,0.0,1.0
synthetic256,diffusion/entropy,size,12,noise-020,8,True,noise,0,1,0.0,1.0
synthetic256,diffusion/entropy,size,12,noise-021,9,True,noise,0,2,0.0,1.0
synthetic256,diffusion/entropy,size,12,noise-022,10,True,noise,1,1,0.0,1.0
synthetic256,diffusion/entropy,size,12,noise-023,11,True,noise,1,2,0.0,1.0
synthetic256,diffusion/entropy,size,12,delay-024,0,True,delay,1,2,0.0,1.0
synthetic256,diffusion/entropy,size,12,delay-025,1,True,delay,1,0,0.0,1.0
synthetic256,diffusion/entropy,size,12,delay-026,2,True,delay,1,0,0.0,1.0
synthetic256,diffusion/entropy,size,12,delay-027,3,True,delay,0,1,0.0,1.0
synthetic256,diffusion/entropy,size,12,delay-028,4,True,delay,0,2,0.0,1.0
synthetic256,diffusion/entropy,size,12,delay-029,5,True,delay,1,2,0.0,1.0
synthetic256,diffusion/entropy,size,12,drift-030,6,True,drift,0,3,0.0,1.0
synthetic256,diffusion/entropy,size,12,drift-031,7,True,drift,1,1,0.0,1.0
synthetic256,diffusion/entropy,size,12,drift-032,8,True,drift,0,1,0.0,1.0
synthetic256,diffusion/entropy,size,12,drift-033,9,True,drift,0,2,0.0,1.0
synthetic256,diffusion/entropy,size,12,drift-034,10,True,drift,1,1,0.0,1.0
synthetic256,diffusion/entropy,size,12,drift-035,11,True,drift,1,2,0.0,1.0
synthetic256,diffusion/entropy,size,12,flatline-036,0,True,flatline,1,2,0.0,1.0
synthetic256,diffusion/entropy,size,12,flatline-037,1,True,flatline,1,0,0.2,0.9700854700854701
synthetic256,diffusion/entropy,size,12,flatline-038,2,True,flatline,1,0,0.0,0.9861111111111112
synthetic256,diffusion/entropy,size,12,flatline-039,3,True,flatline,0,1,0.0,1.0
synthetic256,diffusion/entropy,size,12,flatline-040,4,True,flatline,0,2,0.0,0.9871794871794872
synthetic256,diffusion/entropy,size,12,flatline-041,5,True,flatline,1,2,0.2857142857142857,0.9027777777777778
synthetic256,diffusion/entropy,size,12,dropout-042,6,True,dropout,0,3,0.0,0.9807692307692307
synthetic256,diffusion/entropy,size,12,dropout-043,7,True,dropout,1,1,0.0,0.8878205128205128
synthetic256,diffusion/entropy,size,12,dropout-044,8,True,dropout,0,1,0.0,0.8205128205128205
synthetic256,diffusion/entropy,size,12,dropout-045,9,True,dropout,0,2,0.0,0.9487179487179487
synthetic256,diffusion/entropy,size,12,dropout-046,10,True,dropout,0,0,0.0,0.9551282051282052
synthetic256,diffusion/entropy,size,12,dropout-047,11,True,dropout,1,2,0.0,0.7008547008547008
synthetic256,diffusion/entropy,size,12,anticorrelated-048,0,True,anticorrelated,1,2,0.0,1.0
synthetic256,diffusion/entropy,size,12,anticorrelated-049,1,True,anticorrelated,1,0,0.0,1.0
synthetic256,diffusion/entropy,size,12,anticorrelated-050,2,True,anticorrelated,1,0,0.0,1.0
synthetic256,diffusion/entropy,size,12,anticorrelated-051,3,True,anticorrelated,0,1,0.0,1.0
synthetic256,diffusion/entropy,size,12,anticorrelated-052,4,True,anticorrelated,0,2,0.0,1.0
synthetic256,diffusion/entropy,size,12,anticorrelated-053,5,True,anticorrelated,1,2,0.0,1.0
synthetic256,diffusion/entropy,size,12,mixed-054,6,True,mixed,0,3,0.0,1.0
synthetic256,diffusion/entropy,size,12,mixed-055,7,True,mixed,1,0,0.2,1.0
synthetic256,diffusion/entropy,size,12,mixed-056,8,True,mixed,0,1,0.0,1.0
synthetic256,diffusion/entropy,size,12,mixed-057,9,True,mixed,0,2,0.0,1.0
synthetic256,diffusion/entropy,size,12,mixed-058,10,True,mixed,1,1,0.0,1.0
synthetic256,diffusion/entropy,size,12,mixed-059,11,True,mixed,1,2,0.0,1.0
synthetic256,diffusion/entropy,size,12,matched_covariance-060,0,True,matched_covariance,1,2,0.0,1.0
synthetic256,diffusion/entropy,size,12,matched_covariance-061,1,True,matched_covariance,1,0,0.0,1.0
synthetic256,diffusion/entropy,size,12,matched_covariance-062,2,True,matched_covariance,1,0,0.0,1.0
synthetic256,diffusion/entropy,size,12,matched_covariance-063,3,True,matched_covariance,0,1,0.0,1.0
synthetic256,diffusion/entropy,size,12,matched_covariance-064,4,True,matched_covariance,0,2,0.0,1.0
synthetic256,diffusion/entropy,size,12,matched_covariance-065,5,True,matched_covariance,1,2,0.0,1.0
synthetic256,diffusion/entropy,size,12,marginal_preserving-066,6,True,marginal_preserving,0,3,0.0,1.0
synthetic256,diffusion/entropy,size,12,marginal_preserving-067,7,True,marginal_preserving,1,1,0.0,1.0
synthetic256,diffusion/entropy,size,12,marginal_preserving-068,8,True,marginal_preserving,0,1,0.0,1.0
synthetic256,diffusion/entropy,size,12,marginal_preserving-069,9,True,marginal_preserving,0,2,0.0,1.0
synthetic256,diffusion/entropy,size,12,marginal_preserving-070,10,True,marginal_preserving,1,1,0.0,1.0
synthetic256,diffusion/entropy,size,12,marginal_preserving-071,11,True,marginal_preserving,1,2,0.0,1.0
synthetic256,diffusion/entropy,size,12,untouched-000,0,False,untouched,0,3,0.0,1.0
synthetic256,diffusion/entropy,size,12,transition-000,0,False,transition,0,3,0.0,1.0
synthetic256,diffusion/entropy,size,12,untouched-001,1,False,untouched,0,1,0.0,1.0
synthetic256,diffusion/entropy,size,12,transition-001,1,False,transition,0,1,0.0,1.0
synthetic256,diffusion/entropy,size,12,untouched-002,2,False,untouched,0,1,0.0,1.0
synthetic256,diffusion/entropy,size,12,transition-002,2,False,transition,0,2,0.0,1.0
synthetic256,diffusion/entropy,size,12,untouched-003,3,False,untouched,0,1,0.0,1.0
synthetic256,diffusion/entropy,size,12,transition-003,3,False,transition,0,2,0.0,1.0
synthetic256,diffusion/entropy,size,12,untouched-004,4,False,untouched,0,2,0.0,1.0
synthetic256,diffusion/entropy,size,12,transition-004,4,False,transition,0,2,0.0,1.0
synthetic256,diffusion/entropy,size,12,untouched-005,5,False,untouched,0,3,0.0,1.0
synthetic256,diffusion/entropy,size,12,transition-005,5,False,transition,0,0,0.0,1.0
synthetic256,diffusion/entropy,size,12,untouched-006,6,False,untouched,0,3,0.0,1.0
synthetic256,diffusion/entropy,size,12,transition-006,6,False,transition,0,1,0.0,1.0
synthetic256,diffusion/entropy,size,12,untouched-007,7,False,untouched,0,2,0.0,1.0
synthetic256,diffusion/entropy,size,12,transition-007,7,False,transition,0,1,0.0,1.0
synthetic256,diffusion/entropy,size,12,untouched-008,8,False,untouched,0,1,0.0,1.0
synthetic256,diffusion/entropy,size,12,transition-008,8,False,transition,0,3,0.0,1.0
synthetic256,diffusion/entropy,size,12,untouched-009,9,False,untouched,0,2,0.0,1.0
synthetic256,diffusion/entropy,size,12,transition-009,9,False,transition,0,2,0.0,1.0
synthetic256,diffusion/entropy,size,12,untouched-010,10,False,untouched,0,2,0.0,1.0
synthetic256,diffusion/entropy,size,12,transition-010,10,False,transition,0,1,0.0,1.0
synthetic256,diffusion/entropy,size,12,untouched-011,11,False,untouched,0,3,0.0,1.0
synthetic256,diffusion/entropy,size,12,transition-011,11,False,transition,0,1,0.0,1.0
synthetic256,diffusion/synchronization,size,12,copy-000,0,True,copy,1,4,0.0,1.0
synthetic256,diffusion/synchronization,size,12,copy-001,1,True,copy,1,0,0.0,1.0
synthetic256,diffusion/synchronization,size,12,copy-002,2,True,copy,1,1,0.3333333333333333,1.0
synthetic256,diffusion/synchronization,size,12,copy-003,3,True,copy,0,1,0.0,1.0
synthetic256,diffusion/synchronization,size,12,copy-004,4,True,copy,1,2,0.0,1.0
synthetic256,diffusion/synchronization,size,12,copy-005,5,True,copy,1,2,0.0,1.0
synthetic256,diffusion/synchronization,size,12,common-006,6,True,common,0,4,0.0,1.0
synthetic256,diffusion/synchronization,size,12,common-007,7,True,common,1,0,0.0,1.0
synthetic256,diffusion/synchronization,size,12,common-008,8,True,common,1,1,0.0,1.0
synthetic256,diffusion/synchronization,size,12,common-009,9,True,common,0,3,0.0,1.0
synthetic256,diffusion/synchronization,size,12,common-010,10,True,common,1,2,0.0,1.0
synthetic256,diffusion/synchronization,size,12,common-011,11,True,common,1,1,0.0,1.0
synthetic256,diffusion/synchronization,size,12,decouple-012,0,True,decouple,1,4,0.0,1.0
synthetic256,diffusion/synchronization,size,12,decouple-013,1,True,decouple,1,0,0.0,1.0
synthetic256,diffusion/synchronization,size,12,decouple-014,2,True,decouple,1,1,0.0,1.0
synthetic256,diffusion/synchronization,size,12,decouple-015,3,True,decouple,0,1,0.0,1.0
synthetic256,diffusion/synchronization,size,12,decouple-016,4,True,decouple,1,2,0.0,1.0
synthetic256,diffusion/synchronization,size,12,decouple-017,5,True,decouple,1,2,0.0,1.0
synthetic256,diffusion/synchronization,size,12,noise-018,6,True,noise,0,4,0.0,1.0
synthetic256,diffusion/synchronization,size,12,noise-019,7,True,noise,1,1,0.0,1.0
synthetic256,diffusion/synchronization,size,12,noise-020,8,True,noise,1,1,0.0,1.0
synthetic256,diffusion/synchronization,size,12,noise-021,9,True,noise,0,3,0.0,1.0
synthetic256,diffusion/synchronization,size,12,noise-022,10,True,noise,1,2,0.0,1.0
synthetic256,diffusion/synchronization,size,12,noise-023,11,True,noise,1,1,0.0,1.0
synthetic256,diffusion/synchronization,size,12,delay-024,0,True,delay,1,4,0.0,1.0
synthetic256,diffusion/synchronization,size,12,delay-025,1,True,delay,1,0,0.0,1.0
synthetic256,diffusion/synchronization,size,12,delay-026,2,True,delay,1,1,0.0,1.0
synthetic256,diffusion/synchronization,size,12,delay-027,3,True,delay,0,1,0.0,1.0
synthetic256,diffusion/synchronization,size,12,delay-028,4,True,delay,1,2,0.0,1.0
synthetic256,diffusion/synchronization,size,12,delay-029,5,True,delay,1,2,0.0,1.0
synthetic256,diffusion/synchronization,size,12,drift-030,6,True,drift,0,4,0.0,1.0
synthetic256,diffusion/synchronization,size,12,drift-031,7,True,drift,1,1,0.0,1.0
synthetic256,diffusion/synchronization,size,12,drift-032,8,True,drift,1,1,0.0,1.0
synthetic256,diffusion/synchronization,size,12,drift-033,9,True,drift,0,3,0.0,1.0
synthetic256,diffusion/synchronization,size,12,drift-034,10,True,drift,1,2,0.0,1.0
synthetic256,diffusion/synchronization,size,12,drift-035,11,True,drift,1,1,0.0,1.0
synthetic256,diffusion/synchronization,size,12,flatline-036,0,True,flatline,1,4,0.0,1.0
synthetic256,diffusion/synchronization,size,12,flatline-037,1,True,flatline,1,0,0.2,0.9700854700854701
synthetic256,diffusion/synchronization,size,12,flatline-038,2,True,flatline,1,1,0.0,0.9861111111111112
synthetic256,diffusion/synchronization,size,12,flatline-039,3,True,flatline,0,1,0.0,1.0
synthetic256,diffusion/synchronization,size,12,flatline-040,4,True,flatline,1,2,0.0,0.9871794871794872
synthetic256,diffusion/synchronization,size,12,flatline-041,5,True,flatline,1,2,0.2857142857142857,0.9027777777777778
synthetic256,diffusion/synchronization,size,12,dropout-042,6,True,dropout,0,4,0.0,0.9807692307692307
synthetic256,diffusion/synchronization,size,12,dropout-043,7,True,dropout,1,1,0.0,0.8878205128205128
synthetic256,diffusion/synchronization,size,12,dropout-044,8,True,dropout,1,1,0.0,0.8205128205128205
synthetic256,diffusion/synchronization,size,12,dropout-045,9,True,dropout,0,3,0.0,0.9487179487179487
synthetic256,diffusion/synchronization,size,12,dropout-046,10,True,dropout,0,1,0.0,0.9551282051282052
synthetic256,diffusion/synchronization,size,12,dropout-047,11,True,dropout,1,1,0.0,0.7008547008547008
synthetic256,diffusion/synchronization,size,12,anticorrelated-048,0,True,anticorrelated,1,4,0.0,1.0
synthetic256,diffusion/synchronization,size,12,anticorrelated-049,1,True,anticorrelated,1,0,0.0,1.0
synthetic256,diffusion/synchronization,size,12,anticorrelated-050,2,True,anticorrelated,1,1,0.0,1.0
synthetic256,diffusion/synchronization,size,12,anticorrelated-051,3,True,anticorrelated,0,1,0.0,1.0
synthetic256,diffusion/synchronization,size,12,anticorrelated-052,4,True,anticorrelated,1,2,0.0,1.0
synthetic256,diffusion/synchronization,size,12,anticorrelated-053,5,True,anticorrelated,1,2,0.0,1.0
synthetic256,diffusion/synchronization,size,12,mixed-054,6,True,mixed,0,4,0.0,1.0
synthetic256,diffusion/synchronization,size,12,mixed-055,7,True,mixed,1,0,0.2,1.0
synthetic256,diffusion/synchronization,size,12,mixed-056,8,True,mixed,1,1,0.0,1.0
synthetic256,diffusion/synchronization,size,12,mixed-057,9,True,mixed,0,3,0.0,1.0
synthetic256,diffusion/synchronization,size,12,mixed-058,10,True,mixed,1,2,0.0,1.0
synthetic256,diffusion/synchronization,size,12,mixed-059,11,True,mixed,1,1,0.0,1.0
synthetic256,diffusion/synchronization,size,12,matched_covariance-060,0,True,matched_covariance,1,4,0.0,1.0
synthetic256,diffusion/synchronization,size,12,matched_covariance-061,1,True,matched_covariance,1,0,0.0,1.0
synthetic256,diffusion/synchronization,size,12,matched_covariance-062,2,True,matched_covariance,1,1,0.0,1.0
synthetic256,diffusion/synchronization,size,12,matched_covariance-063,3,True,matched_covariance,0,1,0.0,1.0
synthetic256,diffusion/synchronization,size,12,matched_covariance-064,4,True,matched_covariance,1,2,0.0,1.0
synthetic256,diffusion/synchronization,size,12,matched_covariance-065,5,True,matched_covariance,1,2,0.0,1.0
synthetic256,diffusion/synchronization,size,12,marginal_preserving-066,6,True,marginal_preserving,0,4,0.0,1.0
synthetic256,diffusion/synchronization,size,12,marginal_preserving-067,7,True,marginal_preserving,1,1,0.0,1.0
synthetic256,diffusion/synchronization,size,12,marginal_preserving-068,8,True,marginal_preserving,0,1,0.0,1.0
synthetic256,diffusion/synchronization,size,12,marginal_preserving-069,9,True,marginal_preserving,0,3,0.0,1.0
synthetic256,diffusion/synchronization,size,12,marginal_preserving-070,10,True,marginal_preserving,1,2,0.0,1.0
synthetic256,diffusion/synchronization,size,12,marginal_preserving-071,11,True,marginal_preserving,1,1,0.0,1.0
synthetic256,diffusion/synchronization,size,12,untouched-000,0,False,untouched,0,5,0.0,1.0
synthetic256,diffusion/synchronization,size,12,transition-000,0,False,transition,0,3,0.0,1.0
synthetic256,diffusion/synchronization,size,12,untouched-001,1,False,untouched,0,1,0.0,1.0
synthetic256,diffusion/synchronization,size,12,transition-001,1,False,transition,0,2,0.0,1.0
synthetic256,diffusion/synchronization,size,12,untouched-002,2,False,untouched,0,2,0.0,1.0
synthetic256,diffusion/synchronization,size,12,transition-002,2,False,transition,0,3,0.0,1.0
synthetic256,diffusion/synchronization,size,12,untouched-003,3,False,untouched,0,1,0.0,1.0
synthetic256,diffusion/synchronization,size,12,transition-003,3,False,transition,0,2,0.0,1.0
synthetic256,diffusion/synchronization,size,12,untouched-004,4,False,untouched,0,3,0.0,1.0
synthetic256,diffusion/synchronization,size,12,transition-004,4,False,transition,0,3,0.0,1.0
synthetic256,diffusion/synchronization,size,12,untouched-005,5,False,untouched,0,3,0.0,1.0
synthetic256,diffusion/synchronization,size,12,transition-005,5,False,transition,0,1,0.0,1.0
synthetic256,diffusion/synchronization,size,12,untouched-006,6,False,untouched,0,4,0.0,1.0
synthetic256,diffusion/synchronization,size,12,transition-006,6,False,transition,0,2,0.0,1.0
synthetic256,diffusion/synchronization,size,12,untouched-007,7,False,untouched,0,2,0.0,1.0
synthetic256,diffusion/synchronization,size,12,transition-007,7,False,transition,0,0,0.0,1.0
synthetic256,diffusion/synchronization,size,12,untouched-008,8,False,untouched,0,2,0.0,1.0
synthetic256,diffusion/synchronization,size,12,transition-008,8,False,transition,0,3,0.0,1.0
synthetic256,diffusion/synchronization,size,12,untouched-009,9,False,untouched,0,3,0.0,1.0
synthetic256,diffusion/synchronization,size,12,transition-009,9,False,transition,0,2,0.0,1.0
synthetic256,diffusion/synchronization,size,12,untouched-010,10,False,untouched,0,3,0.0,1.0
synthetic256,diffusion/synchronization,size,12,transition-010,10,False,transition,0,2,0.0,1.0
synthetic256,diffusion/synchronization,size,12,untouched-011,11,False,untouched,0,2,0.0,1.0
synthetic256,diffusion/synchronization,size,12,transition-011,11,False,transition,0,1,0.0,1.0
synthetic256,diffusion/combined,size,12,copy-000,0,True,copy,1,4,0.0,1.0
synthetic256,diffusion/combined,size,12,copy-001,1,True,copy,1,0,0.0,1.0
synthetic256,diffusion/combined,size,12,copy-002,2,True,copy,1,1,0.3333333333333333,1.0
synthetic256,diffusion/combined,size,12,copy-003,3,True,copy,0,1,0.0,1.0
synthetic256,diffusion/combined,size,12,copy-004,4,True,copy,1,2,0.0,1.0
synthetic256,diffusion/combined,size,12,copy-005,5,True,copy,1,2,0.0,1.0
synthetic256,diffusion/combined,size,12,common-006,6,True,common,0,4,0.0,1.0
synthetic256,diffusion/combined,size,12,common-007,7,True,common,1,0,0.0,1.0
synthetic256,diffusion/combined,size,12,common-008,8,True,common,1,1,0.0,1.0
synthetic256,diffusion/combined,size,12,common-009,9,True,common,0,3,0.0,1.0
synthetic256,diffusion/combined,size,12,common-010,10,True,common,1,2,0.0,1.0
synthetic256,diffusion/combined,size,12,common-011,11,True,common,1,1,0.0,1.0
synthetic256,diffusion/combined,size,12,decouple-012,0,True,decouple,1,4,0.0,1.0
synthetic256,diffusion/combined,size,12,decouple-013,1,True,decouple,1,0,0.0,1.0
synthetic256,diffusion/combined,size,12,decouple-014,2,True,decouple,1,1,0.0,1.0
synthetic256,diffusion/combined,size,12,decouple-015,3,True,decouple,0,1,0.0,1.0
synthetic256,diffusion/combined,size,12,decouple-016,4,True,decouple,1,2,0.0,1.0
synthetic256,diffusion/combined,size,12,decouple-017,5,True,decouple,1,2,0.0,1.0
synthetic256,diffusion/combined,size,12,noise-018,6,True,noise,0,4,0.0,1.0
synthetic256,diffusion/combined,size,12,noise-019,7,True,noise,1,1,0.0,1.0
synthetic256,diffusion/combined,size,12,noise-020,8,True,noise,1,1,0.0,1.0
synthetic256,diffusion/combined,size,12,noise-021,9,True,noise,0,3,0.0,1.0
synthetic256,diffusion/combined,size,12,noise-022,10,True,noise,1,2,0.0,1.0
synthetic256,diffusion/combined,size,12,noise-023,11,True,noise,1,1,0.0,1.0
synthetic256,diffusion/combined,size,12,delay-024,0,True,delay,1,4,0.0,1.0
synthetic256,diffusion/combined,size,12,delay-025,1,True,delay,1,0,0.0,1.0
synthetic256,diffusion/combined,size,12,delay-026,2,True,delay,1,1,0.0,1.0
synthetic256,diffusion/combined,size,12,delay-027,3,True,delay,0,1,0.0,1.0
synthetic256,diffusion/combined,size,12,delay-028,4,True,delay,1,2,0.0,1.0
synthetic256,diffusion/combined,size,12,delay-029,5,True,delay,1,2,0.0,1.0
synthetic256,diffusion/combined,size,12,drift-030,6,True,drift,0,4,0.0,1.0
synthetic256,diffusion/combined,size,12,drift-031,7,True,drift,1,1,0.0,1.0
synthetic256,diffusion/combined,size,12,drift-032,8,True,drift,1,1,0.0,1.0
synthetic256,diffusion/combined,size,12,drift-033,9,True,drift,0,3,0.0,1.0
synthetic256,diffusion/combined,size,12,drift-034,10,True,drift,1,2,0.0,1.0
synthetic256,diffusion/combined,size,12,drift-035,11,True,drift,1,1,0.0,1.0
synthetic256,diffusion/combined,size,12,flatline-036,0,True,flatline,1,4,0.0,1.0
synthetic256,diffusion/combined,size,12,flatline-037,1,True,flatline,1,0,0.2,0.9700854700854701
synthetic256,diffusion/combined,size,12,flatline-038,2,True,flatline,1,1,0.0,0.9861111111111112
synthetic256,diffusion/combined,size,12,flatline-039,3,True,flatline,0,1,0.0,1.0
synthetic256,diffusion/combined,size,12,flatline-040,4,True,flatline,1,2,0.0,0.9871794871794872
synthetic256,diffusion/combined,size,12,flatline-041,5,True,flatline,1,2,0.2857142857142857,0.9027777777777778
synthetic256,diffusion/combined,size,12,dropout-042,6,True,dropout,0,4,0.0,0.9807692307692307
synthetic256,diffusion/combined,size,12,dropout-043,7,True,dropout,1,1,0.0,0.8878205128205128
synthetic256,diffusion/combined,size,12,dropout-044,8,True,dropout,1,1,0.0,0.8205128205128205
synthetic256,diffusion/combined,size,12,dropout-045,9,True,dropout,0,3,0.0,0.9487179487179487
synthetic256,diffusion/combined,size,12,dropout-046,10,True,dropout,0,1,0.0,0.9551282051282052
synthetic256,diffusion/combined,size,12,dropout-047,11,True,dropout,1,1,0.0,0.7008547008547008
synthetic256,diffusion/combined,size,12,anticorrelated-048,0,True,anticorrelated,1,4,0.0,1.0
synthetic256,diffusion/combined,size,12,anticorrelated-049,1,True,anticorrelated,1,0,0.0,1.0
synthetic256,diffusion/combined,size,12,anticorrelated-050,2,True,anticorrelated,1,1,0.0,1.0
synthetic256,diffusion/combined,size,12,anticorrelated-051,3,True,anticorrelated,0,1,0.0,1.0
synthetic256,diffusion/combined,size,12,anticorrelated-052,4,True,anticorrelated,1,2,0.0,1.0
synthetic256,diffusion/combined,size,12,anticorrelated-053,5,True,anticorrelated,1,2,0.0,1.0
synthetic256,diffusion/combined,size,12,mixed-054,6,True,mixed,0,4,0.0,1.0
synthetic256,diffusion/combined,size,12,mixed-055,7,True,mixed,1,0,0.2,1.0
synthetic256,diffusion/combined,size,12,mixed-056,8,True,mixed,1,1,0.0,1.0
synthetic256,diffusion/combined,size,12,mixed-057,9,True,mixed,0,3,0.0,1.0
synthetic256,diffusion/combined,size,12,mixed-058,10,True,mixed,1,2,0.0,1.0
synthetic256,diffusion/combined,size,12,mixed-059,11,True,mixed,1,1,0.0,1.0
synthetic256,diffusion/combined,size,12,matched_covariance-060,0,True,matched_covariance,1,4,0.0,1.0
synthetic256,diffusion/combined,size,12,matched_covariance-061,1,True,matched_covariance,1,0,0.0,1.0
synthetic256,diffusion/combined,size,12,matched_covariance-062,2,True,matched_covariance,1,1,0.0,1.0
synthetic256,diffusion/combined,size,12,matched_covariance-063,3,True,matched_covariance,0,1,0.0,1.0
synthetic256,diffusion/combined,size,12,matched_covariance-064,4,True,matched_covariance,1,2,0.0,1.0
synthetic256,diffusion/combined,size,12,matched_covariance-065,5,True,matched_covariance,1,2,0.0,1.0
synthetic256,diffusion/combined,size,12,marginal_preserving-066,6,True,marginal_preserving,0,4,0.0,1.0
synthetic256,diffusion/combined,size,12,marginal_preserving-067,7,True,marginal_preserving,1,1,0.0,1.0
synthetic256,diffusion/combined,size,12,marginal_preserving-068,8,True,marginal_preserving,0,1,0.0,1.0
synthetic256,diffusion/combined,size,12,marginal_preserving-069,9,True,marginal_preserving,0,3,0.0,1.0
synthetic256,diffusion/combined,size,12,marginal_preserving-070,10,True,marginal_preserving,1,2,0.0,1.0
synthetic256,diffusion/combined,size,12,marginal_preserving-071,11,True,marginal_preserving,1,1,0.0,1.0
synthetic256,diffusion/combined,size,12,untouched-000,0,False,untouched,0,5,0.0,1.0
synthetic256,diffusion/combined,size,12,transition-000,0,False,transition,0,3,0.0,1.0
synthetic256,diffusion/combined,size,12,untouched-001,1,False,untouched,0,1,0.0,1.0
synthetic256,diffusion/combined,size,12,transition-001,1,False,transition,0,2,0.0,1.0
synthetic256,diffusion/combined,size,12,untouched-002,2,False,untouched,0,2,0.0,1.0
synthetic256,diffusion/combined,size,12,transition-002,2,False,transition,0,3,0.0,1.0
synthetic256,diffusion/combined,size,12,untouched-003,3,False,untouched,0,1,0.0,1.0
synthetic256,diffusion/combined,size,12,transition-003,3,False,transition,0,2,0.0,1.0
synthetic256,diffusion/combined,size,12,untouched-004,4,False,untouched,0,3,0.0,1.0
synthetic256,diffusion/combined,size,12,transition-004,4,False,transition,0,3,0.0,1.0
synthetic256,diffusion/combined,size,12,untouched-005,5,False,untouched,0,3,0.0,1.0
synthetic256,diffusion/combined,size,12,transition-005,5,False,transition,0,1,0.0,1.0
synthetic256,diffusion/combined,size,12,untouched-006,6,False,untouched,0,4,0.0,1.0
synthetic256,diffusion/combined,size,12,transition-006,6,False,transition,0,2,0.0,1.0
synthetic256,diffusion/combined,size,12,untouched-007,7,False,untouched,0,2,0.0,1.0
synthetic256,diffusion/combined,size,12,transition-007,7,False,transition,0,0,0.0,1.0
synthetic256,diffusion/combined,size,12,untouched-008,8,False,untouched,0,2,0.0,1.0
synthetic256,diffusion/combined,size,12,transition-008,8,False,transition,0,3,0.0,1.0
synthetic256,diffusion/combined,size,12,untouched-009,9,False,untouched,0,3,0.0,1.0
synthetic256,diffusion/combined,size,12,transition-009,9,False,transition,0,2,0.0,1.0
synthetic256,diffusion/combined,size,12,untouched-010,10,False,untouched,0,3,0.0,1.0
synthetic256,diffusion/combined,size,12,transition-010,10,False,transition,0,2,0.0,1.0
synthetic256,diffusion/combined,size,12,untouched-011,11,False,untouched,0,2,0.0,1.0
synthetic256,diffusion/combined,size,12,transition-011,11,False,transition,0,1,0.0,1.0
synthetic256,diffusion/entropy,size,24,copy-000,0,True,copy,0,1,0.0,1.0
synthetic256,diffusion/entropy,size,24,copy-001,1,True,copy,1,1,0.0,1.0
synthetic256,diffusion/entropy,size,24,copy-002,2,True,copy,1,4,0.0,1.0
synthetic256,diffusion/entropy,size,24,copy-003,3,True,copy,0,2,0.0,1.0
synthetic256,diffusion/entropy,size,24,copy-004,4,True,copy,1,1,0.0,1.0
synthetic256,diffusion/entropy,size,24,copy-005,5,True,copy,1,3,0.0,1.0
synthetic256,diffusion/entropy,size,24,common-006,6,True,common,0,2,0.0,1.0
synthetic256,diffusion/entropy,size,24,common-007,7,True,common,1,3,0.0,1.0
synthetic256,diffusion/entropy,size,24,common-008,8,True,common,1,1,0.09090909090909091,1.0
synthetic256,diffusion/entropy,size,24,common-009,9,True,common,1,0,0.0,1.0
synthetic256,diffusion/entropy,size,24,common-010,10,True,common,1,2,0.0,1.0
synthetic256,diffusion/entropy,size,24,common-011,11,True,common,1,2,0.058823529411764705,1.0
synthetic256,diffusion/entropy,size,24,decouple-012,0,True,decouple,0,1,0.0,1.0
synthetic256,diffusion/entropy,size,24,decouple-013,1,True,decouple,1,2,0.0,1.0
synthetic256,diffusion/entropy,size,24,decouple-014,2,True,decouple,1,3,0.0,1.0
synthetic256,diffusion/entropy,size,24,decouple-015,3,True,decouple,0,2,0.0,1.0
synthetic256,diffusion/entropy,size,24,decouple-016,4,True,decouple,1,1,0.0,1.0
synthetic256,diffusion/entropy,size,24,decouple-017,5,True,decouple,1,4,0.0,1.0
synthetic256,diffusion/entropy,size,24,noise-018,6,True,noise,0,2,0.0,1.0
synthetic256,diffusion/entropy,size,24,noise-019,7,True,noise,1,3,0.0,1.0
synthetic256,diffusion/entropy,size,24,noise-020,8,True,noise,1,1,0.0,1.0
synthetic256,diffusion/entropy,size,24,noise-021,9,True,noise,1,0,0.0,1.0
synthetic256,diffusion/entropy,size,24,noise-022,10,True,noise,1,2,0.2,1.0
synthetic256,diffusion/entropy,size,24,noise-023,11,True,noise,0,1,0.0,1.0
synthetic256,diffusion/entropy,size,24,delay-024,0,True,delay,0,1,0.0,1.0
synthetic256,diffusion/entropy,size,24,delay-025,1,True,delay,1,2,0.058823529411764705,1.0
synthetic256,diffusion/entropy,size,24,delay-026,2,True,delay,1,3,0.0,1.0
synthetic256,diffusion/entropy,size,24,delay-027,3,True,delay,0,2,0.0,1.0
synthetic256,diffusion/entropy,size,24,delay-028,4,True,delay,1,1,0.09090909090909091,1.0
synthetic256,diffusion/entropy,size,24,delay-029,5,True,delay,1,3,0.0,1.0
synthetic256,diffusion/entropy,size,24,drift-030,6,True,drift,0,2,0.0,1.0
synthetic256,diffusion/entropy,size,24,drift-031,7,True,drift,1,2,0.058823529411764705,1.0
synthetic256,diffusion/entropy,size,24,drift-032,8,True,drift,1,2,0.0,1.0
synthetic256,diffusion/entropy,size,24,drift-033,9,True,drift,1,0,0.058823529411764705,1.0
synthetic256,diffusion/entropy,size,24,drift-034,10,True,drift,1,2,0.0,1.0
synthetic256,diffusion/entropy,size,24,drift-035,11,True,drift,1,2,0.0,1.0
synthetic256,diffusion/entropy,size,24,flatline-036,0,True,flatline,0,1,0.0,1.0
synthetic256,diffusion/entropy,size,24,flatline-037,1,True,flatline,1,1,0.0,0.9855769230769231
synthetic256,diffusion/entropy,size,24,flatline-038,2,True,flatline,1,3,0.0,0.9519230769230769
synthetic256,diffusion/entropy,size,24,flatline-039,3,True,flatline,0,2,0.0,1.0
synthetic256,diffusion/entropy,size,24,flatline-040,4,True,flatline,1,1,0.0,0.9919871794871795
synthetic256,diffusion/entropy,size,24,flatline-041,5,True,flatline,1,3,0.0,0.9038461538461539
synthetic256,diffusion/entropy,size,24,dropout-042,6,True,dropout,0,3,0.0,0.9615384615384616
synthetic256,diffusion/entropy,size,24,dropout-043,7,True,dropout,1,4,0.058823529411764705,0.717948717948718
synthetic256,diffusion/entropy,size,24,dropout-044,8,True,dropout,1,1,0.0,0.7259615384615384
synthetic256,diffusion/entropy,size,24,dropout-045,9,True,dropout,1,0,0.0,0.9166666666666666
synthetic256,diffusion/entropy,size,24,dropout-046,10,True,dropout,1,2,0.0,0.9487179487179487
synthetic256,diffusion/entropy,size,24,dropout-047,11,True,dropout,1,2,0.0,0.6955128205128205
synthetic256,diffusion/entropy,size,24,anticorrelated-048,0,True,anticorrelated,0,2,0.0,1.0
synthetic256,diffusion/entropy,size,24,anticorrelated-049,1,True,anticorrelated,1,2,0.0,1.0
synthetic256,diffusion/entropy,size,24,anticorrelated-050,2,True,anticorrelated,1,3,0.5,1.0
synthetic256,diffusion/entropy,size,24,anticorrelated-051,3,True,anticorrelated,0,2,0.0,1.0
synthetic256,diffusion/entropy,size,24,anticorrelated-052,4,True,anticorrelated,1,1,0.0,1.0
synthetic256,diffusion/entropy,size,24,anticorrelated-053,5,True,anticorrelated,1,3,0.0,1.0
synthetic256,diffusion/entropy,size,24,mixed-054,6,True,mixed,0,2,0.0,1.0
synthetic256,diffusion/entropy,size,24,mixed-055,7,True,mixed,1,3,0.125,1.0
synthetic256,diffusion/entropy,size,24,mixed-056,8,True,mixed,1,2,0.0,1.0
synthetic256,diffusion/entropy,size,24,mixed-057,9,True,mixed,1,0,0.0,1.0
synthetic256,diffusion/entropy,size,24,mixed-058,10,True,mixed,1,2,0.0,1.0
synthetic256,diffusion/entropy,size,24,mixed-059,11,True,mixed,1,2,0.058823529411764705,1.0
synthetic256,diffusion/entropy,size,24,matched_covariance-060,0,True,matched_covariance,0,1,0.0,1.0
synthetic256,diffusion/entropy,size,24,matched_covariance-061,1,True,matched_covariance,1,2,0.0,1.0
synthetic256,diffusion/entropy,size,24,matched_covariance-062,2,True,matched_covariance,1,3,0.0,1.0
synthetic256,diffusion/entropy,size,24,matched_covariance-063,3,True,matched_covariance,0,2,0.0,1.0
synthetic256,diffusion/entropy,size,24,matched_covariance-064,4,True,matched_covariance,1,1,0.0,1.0
synthetic256,diffusion/entropy,size,24,matched_covariance-065,5,True,matched_covariance,1,3,0.0,1.0
synthetic256,diffusion/entropy,size,24,marginal_preserving-066,6,True,marginal_preserving,0,2,0.0,1.0
synthetic256,diffusion/entropy,size,24,marginal_preserving-067,7,True,marginal_preserving,1,3,0.0,1.0
synthetic256,diffusion/entropy,size,24,marginal_preserving-068,8,True,marginal_preserving,1,2,0.0,1.0
synthetic256,diffusion/entropy,size,24,marginal_preserving-069,9,True,marginal_preserving,1,0,0.058823529411764705,1.0
synthetic256,diffusion/entropy,size,24,marginal_preserving-070,10,True,marginal_preserving,1,2,0.0,1.0
synthetic256,diffusion/entropy,size,24,marginal_preserving-071,11,True,marginal_preserving,1,2,0.058823529411764705,1.0
synthetic256,diffusion/entropy,size,24,untouched-000,0,False,untouched,0,1,0.0,1.0
synthetic256,diffusion/entropy,size,24,transition-000,0,False,transition,0,1,0.0,1.0
synthetic256,diffusion/entropy,size,24,untouched-001,1,False,untouched,0,3,0.0,1.0
synthetic256,diffusion/entropy,size,24,transition-001,1,False,transition,0,1,0.0,1.0
synthetic256,diffusion/entropy,size,24,untouched-002,2,False,untouched,0,4,0.0,1.0
synthetic256,diffusion/entropy,size,24,transition-002,2,False,transition,0,3,0.0,1.0
synthetic256,diffusion/entropy,size,24,untouched-003,3,False,untouched,0,2,0.0,1.0
synthetic256,diffusion/entropy,size,24,transition-003,3,False,transition,0,3,0.0,1.0
synthetic256,diffusion/entropy,size,24,untouched-004,4,False,untouched,0,2,0.0,1.0
synthetic256,diffusion/entropy,size,24,transition-004,4,False,transition,0,3,0.0,1.0
synthetic256,diffusion/entropy,size,24,untouched-005,5,False,untouched,0,5,0.0,1.0
synthetic256,diffusion/entropy,size,24,transition-005,5,False,transition,0,3,0.0,1.0
synthetic256,diffusion/entropy,size,24,untouched-006,6,False,untouched,0,2,0.0,1.0
synthetic256,diffusion/entropy,size,24,transition-006,6,False,transition,0,2,0.0,1.0
synthetic256,diffusion/entropy,size,24,untouched-007,7,False,untouched,0,4,0.0,1.0
synthetic256,diffusion/entropy,size,24,transition-007,7,False,transition,0,4,0.0,1.0
synthetic256,diffusion/entropy,size,24,untouched-008,8,False,untouched,0,3,0.0,1.0
synthetic256,diffusion/entropy,size,24,transition-008,8,False,transition,0,2,0.0,1.0
synthetic256,diffusion/entropy,size,24,untouched-009,9,False,untouched,0,1,0.0,1.0
synthetic256,diffusion/entropy,size,24,transition-009,9,False,transition,0,1,0.0,1.0
synthetic256,diffusion/entropy,size,24,untouched-010,10,False,untouched,0,3,0.0,1.0
synthetic256,diffusion/entropy,size,24,transition-010,10,False,transition,0,3,0.0,1.0
synthetic256,diffusion/entropy,size,24,untouched-011,11,False,untouched,0,3,0.0,1.0
synthetic256,diffusion/entropy,size,24,transition-011,11,False,transition,0,1,0.0,1.0
synthetic256,diffusion/synchronization,size,24,copy-000,0,True,copy,0,1,0.0,1.0
synthetic256,diffusion/synchronization,size,24,copy-001,1,True,copy,1,1,0.0,1.0
synthetic256,diffusion/synchronization,size,24,copy-002,2,True,copy,1,2,0.0,1.0
synthetic256,diffusion/synchronization,size,24,copy-003,3,True,copy,0,2,0.0,1.0
synthetic256,diffusion/synchronization,size,24,copy-004,4,True,copy,0,0,0.0,1.0
synthetic256,diffusion/synchronization,size,24,copy-005,5,True,copy,0,2,0.0,1.0
synthetic256,diffusion/synchronization,size,24,common-006,6,True,common,0,1,0.0,1.0
synthetic256,diffusion/synchronization,size,24,common-007,7,True,common,1,1,0.125,1.0
synthetic256,diffusion/synchronization,size,24,common-008,8,True,common,1,1,0.0,1.0
synthetic256,diffusion/synchronization,size,24,common-009,9,True,common,0,1,0.0,1.0
synthetic256,diffusion/synchronization,size,24,common-010,10,True,common,0,1,0.0,1.0
synthetic256,diffusion/synchronization,size,24,common-011,11,True,common,1,4,0.0,1.0
synthetic256,diffusion/synchronization,size,24,decouple-012,0,True,decouple,0,1,0.0,1.0
synthetic256,diffusion/synchronization,size,24,decouple-013,1,True,decouple,1,1,0.0,1.0
synthetic256,diffusion/synchronization,size,24,decouple-014,2,True,decouple,1,2,0.0,1.0
synthetic256,diffusion/synchronization,size,24,decouple-015,3,True,decouple,0,2,0.0,1.0
synthetic256,diffusion/synchronization,size,24,decouple-016,4,True,decouple,0,0,0.0,1.0
synthetic256,diffusion/synchronization,size,24,decouple-017,5,True,decouple,0,2,0.0,1.0
synthetic256,diffusion/synchronization,size,24,noise-018,6,True,noise,0,1,0.0,1.0
synthetic256,diffusion/synchronization,size,24,noise-019,7,True,noise,1,2,0.0,1.0
synthetic256,diffusion/synchronization,size,24,noise-020,8,True,noise,1,1,0.0,1.0
synthetic256,diffusion/synchronization,size,24,noise-021,9,True,noise,0,1,0.0,1.0
synthetic256,diffusion/synchronization,size,24,noise-022,10,True,noise,1,1,0.09090909090909091,1.0
synthetic256,diffusion/synchronization,size,24,noise-023,11,True,noise,1,4,0.0,1.0
synthetic256,diffusion/synchronization,size,24,delay-024,0,True,delay,0,1,0.0,1.0
synthetic256,diffusion/synchronization,size,24,delay-025,1,True,delay,1,1,0.0,1.0
synthetic256,diffusion/synchronization,size,24,delay-026,2,True,delay,1,2,0.0,1.0
synthetic256,diffusion/synchronization,size,24,delay-027,3,True,delay,0,2,0.0,1.0
synthetic256,diffusion/synchronization,size,24,delay-028,4,True,delay,0,0,0.0,1.0
synthetic256,diffusion/synchronization,size,24,delay-029,5,True,delay,0,2,0.0,1.0
synthetic256,diffusion/synchronization,size,24,drift-030,6,True,drift,0,1,0.0,1.0
synthetic256,diffusion/synchronization,size,24,drift-031,7,True,drift,1,1,0.058823529411764705,1.0
synthetic256,diffusion/synchronization,size,24,drift-032,8,True,drift,1,1,0.0,1.0
synthetic256,diffusion/synchronization,size,24,drift-033,9,True,drift,0,1,0.0,1.0
synthetic256,diffusion/synchronization,size,24,drift-034,10,True,drift,0,1,0.0,1.0
synthetic256,diffusion/synchronization,size,24,drift-035,11,True,drift,1,4,0.058823529411764705,1.0
synthetic256,diffusion/synchronization,size,24,flatline-036,0,True,flatline,0,1,0.0,1.0
synthetic256,diffusion/synchronization,size,24,flatline-037,1,True,flatline,1,1,0.0,0.9855769230769231
synthetic256,diffusion/synchronization,size,24,flatline-038,2,True,flatline,1,2,0.0,0.9519230769230769
synthetic256,diffusion/synchronization,size,24,flatline-039,3,True,flatline,0,2,0.0,1.0
synthetic256,diffusion/synchronization,size,24,flatline-040,4,True,flatline,0,0,0.0,0.9919871794871795
synthetic256,diffusion/synchronization,size,24,flatline-041,5,True,flatline,0,2,0.0,0.9038461538461539
synthetic256,diffusion/synchronization,size,24,dropout-042,6,True,dropout,0,1,0.0,0.9615384615384616
synthetic256,diffusion/synchronization,size,24,dropout-043,7,True,dropout,1,2,0.058823529411764705,0.717948717948718
synthetic256,diffusion/synchronization,size,24,dropout-044,8,True,dropout,1,1,0.0,0.7259615384615384
synthetic256,diffusion/synchronization,size,24,dropout-045,9,True,dropout,0,1,0.0,0.9166666666666666
synthetic256,diffusion/synchronization,size,24,dropout-046,10,True,dropout,0,1,0.0,0.9487179487179487
synthetic256,diffusion/synchronization,size,24,dropout-047,11,True,dropout,1,4,0.0,0.6955128205128205
synthetic256,diffusion/synchronization,size,24,anticorrelated-048,0,True,anticorrelated,0,1,0.0,1.0
synthetic256,diffusion/synchronization,size,24,anticorrelated-049,1,True,anticorrelated,1,1,0.0,1.0
synthetic256,diffusion/synchronization,size,24,anticorrelated-050,2,True,anticorrelated,1,2,0.2,1.0
synthetic256,diffusion/synchronization,size,24,anticorrelated-051,3,True,anticorrelated,0,2,0.0,1.0
synthetic256,diffusion/synchronization,size,24,anticorrelated-052,4,True,anticorrelated,0,0,0.0,1.0
synthetic256,diffusion/synchronization,size,24,anticorrelated-053,5,True,anticorrelated,1,2,0.125,1.0
synthetic256,diffusion/synchronization,size,24,mixed-054,6,True,mixed,0,1,0.0,1.0
synthetic256,diffusion/synchronization,size,24,mixed-055,7,True,mixed,1,1,0.0,1.0
synthetic256,diffusion/synchronization,size,24,mixed-056,8,True,mixed,1,1,0.0,1.0
synthetic256,diffusion/synchronization,size,24,mixed-057,9,True,mixed,0,1,0.0,1.0
synthetic256,diffusion/synchronization,size,24,mixed-058,10,True,mixed,0,1,0.0,1.0
synthetic256,diffusion/synchronization,size,24,mixed-059,11,True,mixed,1,4,0.0,1.0
synthetic256,diffusion/synchronization,size,24,matched_covariance-060,0,True,matched_covariance,0,1,0.0,1.0
synthetic256,diffusion/synchronization,size,24,matched_covariance-061,1,True,matched_covariance,1,1,0.0,1.0
synthetic256,diffusion/synchronization,size,24,matched_covariance-062,2,True,matched_covariance,1,2,0.0,1.0
synthetic256,diffusion/synchronization,size,24,matched_covariance-063,3,True,matched_covariance,0,2,0.0,1.0
synthetic256,diffusion/synchronization,size,24,matched_covariance-064,4,True,matched_covariance,0,0,0.0,1.0
synthetic256,diffusion/synchronization,size,24,matched_covariance-065,5,True,matched_covariance,0,2,0.0,1.0
synthetic256,diffusion/synchronization,size,24,marginal_preserving-066,6,True,marginal_preserving,0,1,0.0,1.0
synthetic256,diffusion/synchronization,size,24,marginal_preserving-067,7,True,marginal_preserving,1,1,0.2,1.0
synthetic256,diffusion/synchronization,size,24,marginal_preserving-068,8,True,marginal_preserving,1,1,0.0,1.0
synthetic256,diffusion/synchronization,size,24,marginal_preserving-069,9,True,marginal_preserving,0,1,0.0,1.0
synthetic256,diffusion/synchronization,size,24,marginal_preserving-070,10,True,marginal_preserving,0,1,0.0,1.0
synthetic256,diffusion/synchronization,size,24,marginal_preserving-071,11,True,marginal_preserving,1,4,0.0,1.0
synthetic256,diffusion/synchronization,size,24,untouched-000,0,False,untouched,0,1,0.0,1.0
synthetic256,diffusion/synchronization,size,24,transition-000,0,False,transition,0,1,0.0,1.0
synthetic256,diffusion/synchronization,size,24,untouched-001,1,False,untouched,0,2,0.0,1.0
synthetic256,diffusion/synchronization,size,24,transition-001,1,False,transition,0,1,0.0,1.0
synthetic256,diffusion/synchronization,size,24,untouched-002,2,False,untouched,0,3,0.0,1.0
synthetic256,diffusion/synchronization,size,24,transition-002,2,False,transition,0,1,0.0,1.0
synthetic256,diffusion/synchronization,size,24,untouched-003,3,False,untouched,0,2,0.0,1.0
synthetic256,diffusion/synchronization,size,24,transition-003,3,False,transition,0,3,0.0,1.0
synthetic256,diffusion/synchronization,size,24,untouched-004,4,False,untouched,0,0,0.0,1.0
synthetic256,diffusion/synchronization,size,24,transition-004,4,False,transition,0,0,0.0,1.0
synthetic256,diffusion/synchronization,size,24,untouched-005,5,False,untouched,0,2,0.0,1.0
synthetic256,diffusion/synchronization,size,24,transition-005,5,False,transition,0,3,0.0,1.0
synthetic256,diffusion/synchronization,size,24,untouched-006,6,False,untouched,0,1,0.0,1.0
synthetic256,diffusion/synchronization,size,24,transition-006,6,False,transition,0,3,0.0,1.0
synthetic256,diffusion/synchronization,size,24,untouched-007,7,False,untouched,0,2,0.0,1.0
synthetic256,diffusion/synchronization,size,24,transition-007,7,False,transition,0,0,0.0,1.0
synthetic256,diffusion/synchronization,size,24,untouched-008,8,False,untouched,0,2,0.0,1.0
synthetic256,diffusion/synchronization,size,24,transition-008,8,False,transition,0,1,0.0,1.0
synthetic256,diffusion/synchronization,size,24,untouched-009,9,False,untouched,0,1,0.0,1.0
synthetic256,diffusion/synchronization,size,24,transition-009,9,False,transition,0,0,0.0,1.0
synthetic256,diffusion/synchronization,size,24,untouched-010,10,False,untouched,0,1,0.0,1.0
synthetic256,diffusion/synchronization,size,24,transition-010,10,False,transition,0,2,0.0,1.0
synthetic256,diffusion/synchronization,size,24,untouched-011,11,False,untouched,0,5,0.0,1.0
synthetic256,diffusion/synchronization,size,24,transition-011,11,False,transition,0,4,0.0,1.0
synthetic256,diffusion/combined,size,24,copy-000,0,True,copy,0,1,0.0,1.0
synthetic256,diffusion/combined,size,24,copy-001,1,True,copy,1,1,0.0,1.0
synthetic256,diffusion/combined,size,24,copy-002,2,True,copy,1,4,0.0,1.0
synthetic256,diffusion/combined,size,24,copy-003,3,True,copy,0,1,0.0,1.0
synthetic256,diffusion/combined,size,24,copy-004,4,True,copy,1,1,0.0,1.0
synthetic256,diffusion/combined,size,24,copy-005,5,True,copy,1,3,0.058823529411764705,1.0
synthetic256,diffusion/combined,size,24,common-006,6,True,common,0,2,0.0,1.0
synthetic256,diffusion/combined,size,24,common-007,7,True,common,1,3,0.0,1.0
synthetic256,diffusion/combined,size,24,common-008,8,True,common,1,1,0.0,1.0
synthetic256,diffusion/combined,size,24,common-009,9,True,common,1,0,0.0,1.0
synthetic256,diffusion/combined,size,24,common-010,10,True,common,1,2,0.0,1.0
synthetic256,diffusion/combined,size,24,common-011,11,True,common,1,2,0.0,1.0
synthetic256,diffusion/combined,size,24,decouple-012,0,True,decouple,0,1,0.0,1.0
synthetic256,diffusion/combined,size,24,decouple-013,1,True,decouple,1,2,0.0,1.0
synthetic256,diffusion/combined,size,24,decouple-014,2,True,decouple,1,3,0.0,1.0
synthetic256,diffusion/combined,size,24,decouple-015,3,True,decouple,0,1,0.0,1.0
synthetic256,diffusion/combined,size,24,decouple-016,4,True,decouple,1,1,0.0,1.0
synthetic256,diffusion/combined,size,24,decouple-017,5,True,decouple,1,4,0.0,1.0
synthetic256,diffusion/combined,size,24,noise-018,6,True,noise,0,2,0.0,1.0
synthetic256,diffusion/combined,size,24,noise-019,7,True,noise,1,3,0.0,1.0
synthetic256,diffusion/combined,size,24,noise-020,8,True,noise,1,1,0.0,1.0
synthetic256,diffusion/combined,size,24,noise-021,9,True,noise,1,0,0.0,1.0
synthetic256,diffusion/combined,size,24,noise-022,10,True,noise,1,2,0.2,1.0
synthetic256,diffusion/combined,size,24,noise-023,11,True,noise,0,1,0.0,1.0
synthetic256,diffusion/combined,size,24,delay-024,0,True,delay,0,1,0.0,1.0
synthetic256,diffusion/combined,size,24,delay-025,1,True,delay,1,2,0.058823529411764705,1.0
synthetic256,diffusion/combined,size,24,delay-026,2,True,delay,1,3,0.0,1.0
synthetic256,diffusion/combined,size,24,delay-027,3,True,delay,0,1,0.0,1.0
synthetic256,diffusion/combined,size,24,delay-028,4,True,delay,1,1,0.09090909090909091,1.0
synthetic256,diffusion/combined,size,24,delay-029,5,True,delay,1,3,0.0,1.0
synthetic256,diffusion/combined,size,24,drift-030,6,True,drift,0,2,0.0,1.0
synthetic256,diffusion/combined,size,24,drift-031,7,True,drift,1,2,0.0,1.0
synthetic256,diffusion/combined,size,24,drift-032,8,True,drift,1,2,0.0,1.0
synthetic256,diffusion/combined,size,24,drift-033,9,True,drift,1,0,0.0,1.0
synthetic256,diffusion/combined,size,24,drift-034,10,True,drift,1,2,0.0,1.0
synthetic256,diffusion/combined,size,24,drift-035,11,True,drift,1,2,0.0,1.0
synthetic256,diffusion/combined,size,24,flatline-036,0,True,flatline,0,1,0.0,1.0
synthetic256,diffusion/combined,size,24,flatline-037,1,True,flatline,1,1,0.0,0.9855769230769231
synthetic256,diffusion/combined,size,24,flatline-038,2,True,flatline,1,3,0.0,0.9519230769230769
synthetic256,diffusion/combined,size,24,flatline-039,3,True,flatline,0,1,0.0,1.0
synthetic256,diffusion/combined,size,24,flatline-040,4,True,flatline,1,1,0.0,0.9919871794871795
synthetic256,diffusion/combined,size,24,flatline-041,5,True,flatline,1,3,0.0,0.9038461538461539
synthetic256,diffusion/combined,size,24,dropout-042,6,True,dropout,0,3,0.0,0.9615384615384616
synthetic256,diffusion/combined,size,24,dropout-043,7,True,dropout,1,4,0.058823529411764705,0.717948717948718
synthetic256,diffusion/combined,size,24,dropout-044,8,True,dropout,1,1,0.0,0.7259615384615384
synthetic256,diffusion/combined,size,24,dropout-045,9,True,dropout,1,0,0.0,0.9166666666666666
synthetic256,diffusion/combined,size,24,dropout-046,10,True,dropout,1,2,0.0,0.9487179487179487
synthetic256,diffusion/combined,size,24,dropout-047,11,True,dropout,1,2,0.0,0.6955128205128205
synthetic256,diffusion/combined,size,24,anticorrelated-048,0,True,anticorrelated,0,2,0.0,1.0
synthetic256,diffusion/combined,size,24,anticorrelated-049,1,True,anticorrelated,1,2,0.0,1.0
synthetic256,diffusion/combined,size,24,anticorrelated-050,2,True,anticorrelated,1,3,0.2,1.0
synthetic256,diffusion/combined,size,24,anticorrelated-051,3,True,anticorrelated,0,1,0.0,1.0
synthetic256,diffusion/combined,size,24,anticorrelated-052,4,True,anticorrelated,1,1,0.0,1.0
synthetic256,diffusion/combined,size,24,anticorrelated-053,5,True,anticorrelated,1,3,0.0,1.0
synthetic256,diffusion/combined,size,24,mixed-054,6,True,mixed,0,2,0.0,1.0
synthetic256,diffusion/combined,size,24,mixed-055,7,True,mixed,1,3,0.125,1.0
synthetic256,diffusion/combined,size,24,mixed-056,8,True,mixed,1,2,0.0,1.0
synthetic256,diffusion/combined,size,24,mixed-057,9,True,mixed,1,0,0.0,1.0
synthetic256,diffusion/combined,size,24,mixed-058,10,True,mixed,1,2,0.0,1.0
synthetic256,diffusion/combined,size,24,mixed-059,11,True,mixed,1,2,0.0,1.0
synthetic256,diffusion/combined,size,24,matched_covariance-060,0,True,matched_covariance,0,1,0.0,1.0
synthetic256,diffusion/combined,size,24,matched_covariance-061,1,True,matched_covariance,1,2,0.0,1.0
synthetic256,diffusion/combined,size,24,matched_covariance-062,2,True,matched_covariance,1,3,0.0,1.0
synthetic256,diffusion/combined,size,24,matched_covariance-063,3,True,matched_covariance,0,1,0.0,1.0
synthetic256,diffusion/combined,size,24,matched_covariance-064,4,True,matched_covariance,1,1,0.0,1.0
synthetic256,diffusion/combined,size,24,matched_covariance-065,5,True,matched_covariance,1,3,0.0,1.0
synthetic256,diffusion/combined,size,24,marginal_preserving-066,6,True,marginal_preserving,0,2,0.0,1.0
synthetic256,diffusion/combined,size,24,marginal_preserving-067,7,True,marginal_preserving,1,3,0.0,1.0
synthetic256,diffusion/combined,size,24,marginal_preserving-068,8,True,marginal_preserving,1,2,0.0,1.0
synthetic256,diffusion/combined,size,24,marginal_preserving-069,9,True,marginal_preserving,1,0,0.058823529411764705,1.0
synthetic256,diffusion/combined,size,24,marginal_preserving-070,10,True,marginal_preserving,1,2,0.0,1.0
synthetic256,diffusion/combined,size,24,marginal_preserving-071,11,True,marginal_preserving,1,2,0.0,1.0
synthetic256,diffusion/combined,size,24,untouched-000,0,False,untouched,0,1,0.0,1.0
synthetic256,diffusion/combined,size,24,transition-000,0,False,transition,0,1,0.0,1.0
synthetic256,diffusion/combined,size,24,untouched-001,1,False,untouched,0,3,0.0,1.0
synthetic256,diffusion/combined,size,24,transition-001,1,False,transition,0,1,0.0,1.0
synthetic256,diffusion/combined,size,24,untouched-002,2,False,untouched,0,4,0.0,1.0
synthetic256,diffusion/combined,size,24,transition-002,2,False,transition,0,3,0.0,1.0
synthetic256,diffusion/combined,size,24,untouched-003,3,False,untouched,0,1,0.0,1.0
synthetic256,diffusion/combined,size,24,transition-003,3,False,transition,0,3,0.0,1.0
synthetic256,diffusion/combined,size,24,untouched-004,4,False,untouched,0,2,0.0,1.0
synthetic256,diffusion/combined,size,24,transition-004,4,False,transition,0,3,0.0,1.0
synthetic256,diffusion/combined,size,24,untouched-005,5,False,untouched,0,5,0.0,1.0
synthetic256,diffusion/combined,size,24,transition-005,5,False,transition,0,3,0.0,1.0
synthetic256,diffusion/combined,size,24,untouched-006,6,False,untouched,0,2,0.0,1.0
synthetic256,diffusion/combined,size,24,transition-006,6,False,transition,0,2,0.0,1.0
synthetic256,diffusion/combined,size,24,untouched-007,7,False,untouched,0,4,0.0,1.0
synthetic256,diffusion/combined,size,24,transition-007,7,False,transition,0,4,0.0,1.0
synthetic256,diffusion/combined,size,24,untouched-008,8,False,untouched,0,3,0.0,1.0
synthetic256,diffusion/combined,size,24,transition-008,8,False,transition,0,2,0.0,1.0
synthetic256,diffusion/combined,size,24,untouched-009,9,False,untouched,0,1,0.0,1.0
synthetic256,diffusion/combined,size,24,transition-009,9,False,transition,0,1,0.0,1.0
synthetic256,diffusion/combined,size,24,untouched-010,10,False,untouched,0,3,0.0,1.0
synthetic256,diffusion/combined,size,24,transition-010,10,False,transition,0,3,0.0,1.0
synthetic256,diffusion/combined,size,24,untouched-011,11,False,untouched,0,3,0.0,1.0
synthetic256,diffusion/combined,size,24,transition-011,11,False,transition,0,1,0.0,1.0
synthetic64,diffusion/entropy,window,24,copy-000,0,True,copy,0,3,0.0,1.0
synthetic64,diffusion/entropy,window,24,copy-001,1,True,copy,1,2,0.0,1.0
synthetic64,diffusion/entropy,window,24,copy-002,2,True,copy,1,0,0.0,1.0
synthetic64,diffusion/entropy,window,24,copy-003,3,True,copy,0,2,0.0,1.0
synthetic64,diffusion/entropy,window,24,copy-004,4,True,copy,1,2,0.0,1.0
synthetic64,diffusion/entropy,window,24,copy-005,5,True,copy,0,0,0.0,1.0
synthetic64,diffusion/entropy,window,24,common-006,6,True,common,0,2,0.0,1.0
synthetic64,diffusion/entropy,window,24,common-007,7,True,common,1,3,0.2,1.0
synthetic64,diffusion/entropy,window,24,common-008,8,True,common,1,3,0.058823529411764705,1.0
synthetic64,diffusion/entropy,window,24,common-009,9,True,common,0,2,0.0,1.0
synthetic64,diffusion/entropy,window,24,common-010,10,True,common,1,2,0.0,1.0
synthetic64,diffusion/entropy,window,24,common-011,11,True,common,1,1,0.14285714285714285,1.0
synthetic64,diffusion/entropy,window,24,decouple-012,0,True,decouple,0,3,0.0,1.0
synthetic64,diffusion/entropy,window,24,decouple-013,1,True,decouple,1,2,0.0,1.0
synthetic64,diffusion/entropy,window,24,decouple-014,2,True,decouple,1,0,0.058823529411764705,1.0
synthetic64,diffusion/entropy,window,24,decouple-015,3,True,decouple,0,2,0.0,1.0
synthetic64,diffusion/entropy,window,24,decouple-016,4,True,decouple,1,2,0.125,1.0
synthetic64,diffusion/entropy,window,24,decouple-017,5,True,decouple,0,0,0.0,1.0
synthetic64,diffusion/entropy,window,24,noise-018,6,True,noise,0,2,0.0,1.0
synthetic64,diffusion/entropy,window,24,noise-019,7,True,noise,1,3,0.043478260869565216,1.0
synthetic64,diffusion/entropy,window,24,noise-020,8,True,noise,1,3,0.0,1.0
synthetic64,diffusion/entropy,window,24,noise-021,9,True,noise,0,2,0.0,1.0
synthetic64,diffusion/entropy,window,24,noise-022,10,True,noise,0,2,0.0,1.0
synthetic64,diffusion/entropy,window,24,noise-023,11,True,noise,1,1,0.14285714285714285,1.0
synthetic64,diffusion/entropy,window,24,delay-024,0,True,delay,0,3,0.0,1.0
synthetic64,diffusion/entropy,window,24,delay-025,1,True,delay,1,2,0.09090909090909091,1.0
synthetic64,diffusion/entropy,window,24,delay-026,2,True,delay,1,0,0.2857142857142857,1.0
synthetic64,diffusion/entropy,window,24,delay-027,3,True,delay,0,2,0.0,1.0
synthetic64,diffusion/entropy,window,24,delay-028,4,True,delay,1,2,0.058823529411764705,1.0
synthetic64,diffusion/entropy,window,24,delay-029,5,True,delay,0,0,0.0,1.0
synthetic64,diffusion/entropy,window,24,drift-030,6,True,drift,0,2,0.0,1.0
synthetic64,diffusion/entropy,window,24,drift-031,7,True,drift,1,3,0.0,1.0
synthetic64,diffusion/entropy,window,24,drift-032,8,True,drift,1,3,0.2,1.0
synthetic64,diffusion/entropy,window,24,drift-033,9,True,drift,0,2,0.0,1.0
synthetic64,diffusion/entropy,window,24,drift-034,10,True,drift,1,2,0.0,1.0
synthetic64,diffusion/entropy,window,24,drift-035,11,True,drift,1,1,0.09090909090909091,1.0
synthetic64,diffusion/entropy,window,24,flatline-036,0,True,flatline,0,3,0.0,1.0
synthetic64,diffusion/entropy,window,24,flatline-037,1,True,flatline,1,2,0.0,0.8757396449704142
synthetic64,diffusion/entropy,window,24,flatline-038,2,True,flatline,1,0,0.0,0.8619329388560157
synthetic64,diffusion/entropy,window,24,flatline-039,3,True,flatline,0,2,0.0,1.0
synthetic64,diffusion/entropy,window,24,flatline-040,4,True,flatline,0,2,0.0,0.863905325443787
synthetic64,diffusion/entropy,window,24,flatline-041,5,True,flatline,0,0,0.0,0.6410256410256411
synthetic64,diffusion/entropy,window,24,dropout-042,6,True,dropout,0,2,0.0,0.9132149901380671
synthetic64,diffusion/entropy,window,24,dropout-043,7,True,dropout,1,3,0.0,0.7238658777120316
synthetic64,diffusion/entropy,window,24,dropout-044,8,True,dropout,1,3,0.0,0.7869822485207101
synthetic64,diffusion/entropy,window,24,dropout-045,9,True,dropout,0,2,0.0,0.873767258382643
synthetic64,diffusion/entropy,window,24,dropout-046,10,True,dropout,1,2,0.0,0.9211045364891519
synthetic64,diffusion/entropy,window,24,dropout-047,11,True,dropout,1,1,0.0,0.6094674556213018
synthetic64,diffusion/entropy,window,24,anticorrelated-048,0,True,anticorrelated,0,3,0.0,1.0
synthetic64,diffusion/entropy,window,24,anticorrelated-049,1,True,anticorrelated,1,2,0.0,1.0
synthetic64,diffusion/entropy,window,24,anticorrelated-050,2,True,anticorrelated,1,0,0.38461538461538464,1.0
synthetic64,diffusion/entropy,window,24,anticorrelated-051,3,True,anticorrelated,0,2,0.0,1.0
synthetic64,diffusion/entropy,window,24,anticorrelated-052,4,True,anticorrelated,1,2,0.0,1.0
synthetic64,diffusion/entropy,window,24,anticorrelated-053,5,True,anticorrelated,0,0,0.0,1.0
synthetic64,diffusion/entropy,window,24,mixed-054,6,True,mixed,0,2,0.0,1.0
synthetic64,diffusion/entropy,window,24,mixed-055,7,True,mixed,1,3,0.0,1.0
synthetic64,diffusion/entropy,window,24,mixed-056,8,True,mixed,1,3,0.0,1.0
synthetic64,diffusion/entropy,window,24,mixed-057,9,True,mixed,0,2,0.0,1.0
synthetic64,diffusion/entropy,window,24,mixed-058,10,True,mixed,0,2,0.0,1.0
synthetic64,diffusion/entropy,window,24,mixed-059,11,True,mixed,1,1,0.09090909090909091,1.0
synthetic64,diffusion/entropy,window,24,matched_covariance-060,0,True,matched_covariance,0,3,0.0,1.0
synthetic64,diffusion/entropy,window,24,matched_covariance-061,1,True,matched_covariance,1,2,0.0,1.0
synthetic64,diffusion/entropy,window,24,matched_covariance-062,2,True,matched_covariance,1,0,0.0,1.0
synthetic64,diffusion/entropy,window,24,matched_covariance-063,3,True,matched_covariance,0,2,0.0,1.0
synthetic64,diffusion/entropy,window,24,matched_covariance-064,4,True,matched_covariance,1,2,0.058823529411764705,1.0
synthetic64,diffusion/entropy,window,24,matched_covariance-065,5,True,matched_covariance,1,0,0.2,1.0
synthetic64,diffusion/entropy,window,24,marginal_preserving-066,6,True,marginal_preserving,0,2,0.0,1.0
synthetic64,diffusion/entropy,window,24,marginal_preserving-067,7,True,marginal_preserving,1,4,0.14285714285714285,1.0
synthetic64,diffusion/entropy,window,24,marginal_preserving-068,8,True,marginal_preserving,1,3,0.0,1.0
synthetic64,diffusion/entropy,window,24,marginal_preserving-069,9,True,marginal_preserving,0,2,0.0,1.0
synthetic64,diffusion/entropy,window,24,marginal_preserving-070,10,True,marginal_preserving,0,2,0.0,1.0
synthetic64,diffusion/entropy,window,24,marginal_preserving-071,11,True,marginal_preserving,1,2,0.3333333333333333,1.0
synthetic64,diffusion/entropy,window,24,untouched-000,0,False,untouched,0,3,0.0,1.0
synthetic64,diffusion/entropy,window,24,transition-000,0,False,transition,0,2,0.0,1.0
synthetic64,diffusion/entropy,window,24,untouched-001,1,False,untouched,0,3,0.0,1.0
synthetic64,diffusion/entropy,window,24,transition-001,1,False,transition,0,3,0.0,1.0
synthetic64,diffusion/entropy,window,24,untouched-002,2,False,untouched,0,1,0.0,1.0
synthetic64,diffusion/entropy,window,24,transition-002,2,False,transition,0,1,0.0,1.0
synthetic64,diffusion/entropy,window,24,untouched-003,3,False,untouched,0,2,0.0,1.0
synthetic64,diffusion/entropy,window,24,transition-003,3,False,transition,0,1,0.0,1.0
synthetic64,diffusion/entropy,window,24,untouched-004,4,False,untouched,0,3,0.0,1.0
synthetic64,diffusion/entropy,window,24,transition-004,4,False,transition,0,1,0.0,1.0
synthetic64,diffusion/entropy,window,24,untouched-005,5,False,untouched,0,0,0.0,1.0
synthetic64,diffusion/entropy,window,24,transition-005,5,False,transition,0,1,0.0,1.0
synthetic64,diffusion/entropy,window,24,untouched-006,6,False,untouched,0,2,0.0,1.0
synthetic64,diffusion/entropy,window,24,transition-006,6,False,transition,0,2,0.0,1.0
synthetic64,diffusion/entropy,window,24,untouched-007,7,False,untouched,0,4,0.0,1.0
synthetic64,diffusion/entropy,window,24,transition-007,7,False,transition,0,2,0.0,1.0
synthetic64,diffusion/entropy,window,24,untouched-008,8,False,untouched,0,4,0.0,1.0
synthetic64,diffusion/entropy,window,24,transition-008,8,False,transition,0,3,0.0,1.0
synthetic64,diffusion/entropy,window,24,untouched-009,9,False,untouched,0,2,0.0,1.0
synthetic64,diffusion/entropy,window,24,transition-009,9,False,transition,0,3,0.0,1.0
synthetic64,diffusion/entropy,window,24,untouched-010,10,False,untouched,0,3,0.0,1.0
synthetic64,diffusion/entropy,window,24,transition-010,10,False,transition,0,3,0.0,1.0
synthetic64,diffusion/entropy,window,24,untouched-011,11,False,untouched,0,2,0.0,1.0
synthetic64,diffusion/entropy,window,24,transition-011,11,False,transition,0,2,0.0,1.0
synthetic64,diffusion/synchronization,window,24,copy-000,0,True,copy,0,3,0.0,1.0
synthetic64,diffusion/synchronization,window,24,copy-001,1,True,copy,1,3,0.043478260869565216,1.0
synthetic64,diffusion/synchronization,window,24,copy-002,2,True,copy,1,1,0.0,1.0
synthetic64,diffusion/synchronization,window,24,copy-003,3,True,copy,0,3,0.0,1.0
synthetic64,diffusion/synchronization,window,24,copy-004,4,True,copy,1,4,0.0,1.0
synthetic64,diffusion/synchronization,window,24,copy-005,5,True,copy,1,1,0.14285714285714285,1.0
synthetic64,diffusion/synchronization,window,24,common-006,6,True,common,0,2,0.0,1.0
synthetic64,diffusion/synchronization,window,24,common-007,7,True,common,1,3,0.14285714285714285,1.0
synthetic64,diffusion/synchronization,window,24,common-008,8,True,common,1,2,0.0,1.0
synthetic64,diffusion/synchronization,window,24,common-009,9,True,common,0,3,0.0,1.0
synthetic64,diffusion/synchronization,window,24,common-010,10,True,common,0,2,0.0,1.0
synthetic64,diffusion/synchronization,window,24,common-011,11,True,common,1,1,0.043478260869565216,1.0
synthetic64,diffusion/synchronization,window,24,decouple-012,0,True,decouple,0,3,0.0,1.0
synthetic64,diffusion/synchronization,window,24,decouple-013,1,True,decouple,1,3,0.043478260869565216,1.0
synthetic64,diffusion/synchronization,window,24,decouple-014,2,True,decouple,1,1,0.0,1.0
synthetic64,diffusion/synchronization,window,24,decouple-015,3,True,decouple,0,3,0.0,1.0
synthetic64,diffusion/synchronization,window,24,decouple-016,4,True,decouple,1,4,0.0,1.0
synthetic64,diffusion/synchronization,window,24,decouple-017,5,True,decouple,1,1,0.14285714285714285,1.0
synthetic64,diffusion/synchronization,window,24,noise-018,6,True,noise,0,2,0.0,1.0
synthetic64,diffusion/synchronization,window,24,noise-019,7,True,noise,1,3,0.043478260869565216,1.0
synthetic64,diffusion/synchronization,window,24,noise-020,8,True,noise,1,1,0.2,1.0
synthetic64,diffusion/synchronization,window,24,noise-021,9,True,noise,0,3,0.0,1.0
synthetic64,diffusion/synchronization,window,24,noise-022,10,True,noise,0,2,0.0,1.0
synthetic64,diffusion/synchronization,window,24,noise-023,11,True,noise,1,1,0.09090909090909091,1.0
synthetic64,diffusion/synchronization,window,24,delay-024,0,True,delay,0,3,0.0,1.0
synthetic64,diffusion/synchronization,window,24,delay-025,1,True,delay,1,3,0.14285714285714285,1.0
synthetic64,diffusion/synchronization,window,24,delay-026,2,True,delay,1,1,0.2857142857142857,1.0
synthetic64,diffusion/synchronization,window,24,delay-027,3,True,delay,0,3,0.0,1.0
synthetic64,diffusion/synchronization,window,24,delay-028,4,True,delay,1,4,0.0,1.0
synthetic64,diffusion/synchronization,window,24,delay-029,5,True,delay,1,2,0.14285714285714285,1.0
synthetic64,diffusion/synchronization,window,24,drift-030,6,True,drift,0,2,0.0,1.0
synthetic64,diffusion/synchronization,window,24,drift-031,7,True,drift,1,3,0.043478260869565216,1.0
synthetic64,diffusion/synchronization,window,24,drift-032,8,True,drift,1,1,0.125,1.0
synthetic64,diffusion/synchronization,window,24,drift-033,9,True,drift,0,3,0.0,1.0
synthetic64,diffusion/synchronization,window,24,drift-034,10,True,drift,0,2,0.0,1.0
synthetic64,diffusion/synchronization,window,24,drift-035,11,True,drift,1,1,0.043478260869565216,1.0
synthetic64,diffusion/synchronization,window,24,flatline-036,0,True,flatline,0,3,0.0,1.0
synthetic64,diffusion/synchronization,window,24,flatline-037,1,True,flatline,1,3,0.0,0.8757396449704142
synthetic64,diffusion/synchronization,window,24,flatline-038,2,True,flatline,1,1,0.0,0.8619329388560157
synthetic64,diffusion/synchronization,window,24,flatline-039,3,True,flatline,0,2,0.0,1.0
synthetic64,diffusion/synchronization,window,24,flatline-040,4,True,flatline,1,4,0.0,0.863905325443787
synthetic64,diffusion/synchronization,window,24,flatline-041,5,True,flatline,1,1,0.043478260869565216,0.6410256410256411
synthetic64,diffusion/synchronization,window,24,dropout-042,6,True,dropout,0,2,0.0,0.9132149901380671
synthetic64,diffusion/synchronization,window,24,dropout-043,7,True,dropout,1,2,0.0,0.7238658777120316
synthetic64,diffusion/synchronization,window,24,dropout-044,8,True,dropout,1,1,0.0,0.7869822485207101
synthetic64,diffusion/synchronization,window,24,dropout-045,9,True,dropout,0,3,0.0,0.873767258382643
synthetic64,diffusion/synchronization,window,24,dropout-046,10,True,dropout,0,2,0.0,0.9211045364891519
synthetic64,diffusion/synchronization,window,24,dropout-047,11,True,dropout,1,1,0.0,0.6094674556213018
synthetic64,diffusion/synchronization,window,24,anticorrelated-048,0,True,anticorrelated,0,3,0.0,1.0
synthetic64,diffusion/synchronization,window,24,anticorrelated-049,1,True,anticorrelated,1,3,0.09090909090909091,1.0
synthetic64,diffusion/synchronization,window,24,anticorrelated-050,2,True,anticorrelated,1,1,0.2,1.0
synthetic64,diffusion/synchronization,window,24,anticorrelated-051,3,True,anticorrelated,0,3,0.0,1.0
synthetic64,diffusion/synchronization,window,24,anticorrelated-052,4,True,anticorrelated,0,4,0.0,1.0
synthetic64,diffusion/synchronization,window,24,anticorrelated-053,5,True,anticorrelated,1,2,0.09090909090909091,1.0
synthetic64,diffusion/synchronization,window,24,mixed-054,6,True,mixed,0,2,0.0,1.0
synthetic64,diffusion/synchronization,window,24,mixed-055,7,True,mixed,1,3,0.043478260869565216,1.0
synthetic64,diffusion/synchronization,window,24,mixed-056,8,True,mixed,1,1,0.125,1.0
synthetic64,diffusion/synchronization,window,24,mixed-057,9,True,mixed,0,3,0.0,1.0
synthetic64,diffusion/synchronization,window,24,mixed-058,10,True,mixed,0,2,0.0,1.0
synthetic64,diffusion/synchronization,window,24,mixed-059,11,True,mixed,1,1,0.2,1.0
synthetic64,diffusion/synchronization,window,24,matched_covariance-060,0,True,matched_covariance,0,3,0.0,1.0
synthetic64,diffusion/synchronization,window,24,matched_covariance-061,1,True,matched_covariance,1,3,0.09090909090909091,1.0
synthetic64,diffusion/synchronization,window,24,matched_covariance-062,2,True,matched_covariance,1,1,0.0,1.0
synthetic64,diffusion/synchronization,window,24,matched_covariance-063,3,True,matched_covariance,0,3,0.0,1.0
synthetic64,diffusion/synchronization,window,24,matched_covariance-064,4,True,matched_covariance,1,4,0.0,1.0
synthetic64,diffusion/synchronization,window,24,matched_covariance-065,5,True,matched_covariance,1,1,0.2631578947368421,1.0
synthetic64,diffusion/synchronization,window,24,marginal_preserving-066,6,True,marginal_preserving,0,2,0.0,1.0
synthetic64,diffusion/synchronization,window,24,marginal_preserving-067,7,True,marginal_preserving,1,3,0.14285714285714285,1.0
synthetic64,diffusion/synchronization,window,24,marginal_preserving-068,8,True,marginal_preserving,1,2,0.0,1.0
synthetic64,diffusion/synchronization,window,24,marginal_preserving-069,9,True,marginal_preserving,0,3,0.0,1.0
synthetic64,diffusion/synchronization,window,24,marginal_preserving-070,10,True,marginal_preserving,0,2,0.0,1.0
synthetic64,diffusion/synchronization,window,24,marginal_preserving-071,11,True,marginal_preserving,1,1,0.14285714285714285,1.0
synthetic64,diffusion/synchronization,window,24,untouched-000,0,False,untouched,0,3,0.0,1.0
synthetic64,diffusion/synchronization,window,24,transition-000,0,False,transition,0,2,0.0,1.0
synthetic64,diffusion/synchronization,window,24,untouched-001,1,False,untouched,0,4,0.0,1.0
synthetic64,diffusion/synchronization,window,24,transition-001,1,False,transition,0,3,0.0,1.0
synthetic64,diffusion/synchronization,window,24,untouched-002,2,False,untouched,0,2,0.0,1.0
synthetic64,diffusion/synchronization,window,24,transition-002,2,False,transition,0,2,0.0,1.0
synthetic64,diffusion/synchronization,window,24,untouched-003,3,False,untouched,0,3,0.0,1.0
synthetic64,diffusion/synchronization,window,24,transition-003,3,False,transition,0,4,0.0,1.0
synthetic64,diffusion/synchronization,window,24,untouched-004,4,False,untouched,0,5,0.0,1.0
synthetic64,diffusion/synchronization,window,24,transition-004,4,False,transition,0,3,0.0,1.0
synthetic64,diffusion/synchronization,window,24,untouched-005,5,False,untouched,0,2,0.0,1.0
synthetic64,diffusion/synchronization,window,24,transition-005,5,False,transition,0,2,0.0,1.0
synthetic64,diffusion/synchronization,window,24,untouched-006,6,False,untouched,0,2,0.0,1.0
synthetic64,diffusion/synchronization,window,24,transition-006,6,False,transition,0,2,0.0,1.0
synthetic64,diffusion/synchronization,window,24,untouched-007,7,False,untouched,0,4,0.0,1.0
synthetic64,diffusion/synchronization,window,24,transition-007,7,False,transition,0,2,0.0,1.0
synthetic64,diffusion/synchronization,window,24,untouched-008,8,False,untouched,0,2,0.0,1.0
synthetic64,diffusion/synchronization,window,24,transition-008,8,False,transition,0,2,0.0,1.0
synthetic64,diffusion/synchronization,window,24,untouched-009,9,False,untouched,0,3,0.0,1.0
synthetic64,diffusion/synchronization,window,24,transition-009,9,False,transition,0,3,0.0,1.0
synthetic64,diffusion/synchronization,window,24,untouched-010,10,False,untouched,0,2,0.0,1.0
synthetic64,diffusion/synchronization,window,24,transition-010,10,False,transition,0,3,0.0,1.0
synthetic64,diffusion/synchronization,window,24,untouched-011,11,False,untouched,0,2,0.0,1.0
synthetic64,diffusion/synchronization,window,24,transition-011,11,False,transition,0,2,0.0,1.0
synthetic64,diffusion/combined,window,24,copy-000,0,True,copy,0,3,0.0,1.0
synthetic64,diffusion/combined,window,24,copy-001,1,True,copy,1,3,0.043478260869565216,1.0
synthetic64,diffusion/combined,window,24,copy-002,2,True,copy,1,1,0.0,1.0
synthetic64,diffusion/combined,window,24,copy-003,3,True,copy,0,3,0.0,1.0
synthetic64,diffusion/combined,window,24,copy-004,4,True,copy,1,4,0.0,1.0
synthetic64,diffusion/combined,window,24,copy-005,5,True,copy,1,1,0.14285714285714285,1.0
synthetic64,diffusion/combined,window,24,common-006,6,True,common,0,2,0.0,1.0
synthetic64,diffusion/combined,window,24,common-007,7,True,common,1,3,0.14285714285714285,1.0
synthetic64,diffusion/combined,window,24,common-008,8,True,common,1,2,0.0,1.0
synthetic64,diffusion/combined,window,24,common-009,9,True,common,0,3,0.0,1.0
synthetic64,diffusion/combined,window,24,common-010,10,True,common,0,2,0.0,1.0
synthetic64,diffusion/combined,window,24,common-011,11,True,common,1,1,0.09090909090909091,1.0
synthetic64,diffusion/combined,window,24,decouple-012,0,True,decouple,0,3,0.0,1.0
synthetic64,diffusion/combined,window,24,decouple-013,1,True,decouple,1,3,0.0,1.0
synthetic64,diffusion/combined,window,24,decouple-014,2,True,decouple,1,1,0.0,1.0
synthetic64,diffusion/combined,window,24,decouple-015,3,True,decouple,0,3,0.0,1.0
synthetic64,diffusion/combined,window,24,decouple-016,4,True,decouple,1,4,0.0,1.0
synthetic64,diffusion/combined,window,24,decouple-017,5,True,decouple,1,1,0.14285714285714285,1.0
synthetic64,diffusion/combined,window,24,noise-018,6,True,noise,0,2,0.0,1.0
synthetic64,diffusion/combined,window,24,noise-019,7,True,noise,1,3,0.043478260869565216,1.0
synthetic64,diffusion/combined,window,24,noise-020,8,True,noise,1,1,0.2,1.0
synthetic64,diffusion/combined,window,24,noise-021,9,True,noise,0,3,0.0,1.0
synthetic64,diffusion/combined,window,24,noise-022,10,True,noise,0,2,0.0,1.0
synthetic64,diffusion/combined,window,24,noise-023,11,True,noise,1,1,0.14285714285714285,1.0
synthetic64,diffusion/combined,window,24,delay-024,0,True,delay,0,3,0.0,1.0
synthetic64,diffusion/combined,window,24,delay-025,1,True,delay,1,3,0.14285714285714285,1.0
synthetic64,diffusion/combined,window,24,delay-026,2,True,delay,1,1,0.2857142857142857,1.0
synthetic64,diffusion/combined,window,24,delay-027,3,True,delay,0,3,0.0,1.0
synthetic64,diffusion/combined,window,24,delay-028,4,True,delay,1,4,0.0,1.0
synthetic64,diffusion/combined,window,24,delay-029,5,True,delay,1,2,0.14285714285714285,1.0
synthetic64,diffusion/combined,window,24,drift-030,6,True,drift,0,2,0.0,1.0
synthetic64,diffusion/combined,window,24,drift-031,7,True,drift,1,3,0.043478260869565216,1.0
synthetic64,diffusion/combined,window,24,drift-032,8,True,drift,1,1,0.2,1.0
synthetic64,diffusion/combined,window,24,drift-033,9,True,drift,0,3,0.0,1.0
synthetic64,diffusion/combined,window,24,drift-034,10,True,drift,0,2,0.0,1.0
synthetic64,diffusion/combined,window,24,drift-035,11,True,drift,1,1,0.043478260869565216,1.0
synthetic64,diffusion/combined,window,24,flatline-036,0,True,flatline,0,3,0.0,1.0
synthetic64,diffusion/combined,window,24,flatline-037,1,True,flatline,1,3,0.0,0.8757396449704142
synthetic64,diffusion/combined,window,24,flatline-038,2,True,flatline,1,1,0.0,0.8619329388560157
synthetic64,diffusion/combined,window,24,flatline-039,3,True,flatline,0,2,0.0,1.0
synthetic64,diffusion/combined,window,24,flatline-040,4,True,flatline,1,4,0.0,0.863905325443787
synthetic64,diffusion/combined,window,24,flatline-041,5,True,flatline,1,1,0.043478260869565216,0.6410256410256411
synthetic64,diffusion/combined,window,24,dropout-042,6,True,dropout,0,2,0.0,0.9132149901380671
synthetic64,diffusion/combined,window,24,dropout-043,7,True,dropout,1,2,0.0,0.7238658777120316
synthetic64,diffusion/combined,window,24,dropout-044,8,True,dropout,1,1,0.0,0.7869822485207101
synthetic64,diffusion/combined,window,24,dropout-045,9,True,dropout,0,3,0.0,0.873767258382643
synthetic64,diffusion/combined,window,24,dropout-046,10,True,dropout,0,2,0.0,0.9211045364891519
synthetic64,diffusion/combined,window,24,dropout-047,11,True,dropout,1,1,0.0,0.6094674556213018
synthetic64,diffusion/combined,window,24,anticorrelated-048,0,True,anticorrelated,0,3,0.0,1.0
synthetic64,diffusion/combined,window,24,anticorrelated-049,1,True,anticorrelated,1,3,0.043478260869565216,1.0
synthetic64,diffusion/combined,window,24,anticorrelated-050,2,True,anticorrelated,1,1,0.2,1.0
synthetic64,diffusion/combined,window,24,anticorrelated-051,3,True,anticorrelated,0,3,0.0,1.0
synthetic64,diffusion/combined,window,24,anticorrelated-052,4,True,anticorrelated,0,4,0.0,1.0
synthetic64,diffusion/combined,window,24,anticorrelated-053,5,True,anticorrelated,1,2,0.09090909090909091,1.0
synthetic64,diffusion/combined,window,24,mixed-054,6,True,mixed,0,2,0.0,1.0
synthetic64,diffusion/combined,window,24,mixed-055,7,True,mixed,1,3,0.043478260869565216,1.0
synthetic64,diffusion/combined,window,24,mixed-056,8,True,mixed,1,1,0.058823529411764705,1.0
synthetic64,diffusion/combined,window,24,mixed-057,9,True,mixed,0,3,0.0,1.0
synthetic64,diffusion/combined,window,24,mixed-058,10,True,mixed,0,2,0.0,1.0
synthetic64,diffusion/combined,window,24,mixed-059,11,True,mixed,1,1,0.2,1.0
synthetic64,diffusion/combined,window,24,matched_covariance-060,0,True,matched_covariance,0,3,0.0,1.0
synthetic64,diffusion/combined,window,24,matched_covariance-061,1,True,matched_covariance,1,3,0.09090909090909091,1.0
synthetic64,diffusion/combined,window,24,matched_covariance-062,2,True,matched_covariance,1,1,0.0,1.0
synthetic64,diffusion/combined,window,24,matched_covariance-063,3,True,matched_covariance,0,3,0.0,1.0
synthetic64,diffusion/combined,window,24,matched_covariance-064,4,True,matched_covariance,1,4,0.0,1.0
synthetic64,diffusion/combined,window,24,matched_covariance-065,5,True,matched_covariance,1,1,0.2631578947368421,1.0
synthetic64,diffusion/combined,window,24,marginal_preserving-066,6,True,marginal_preserving,0,2,0.0,1.0
synthetic64,diffusion/combined,window,24,marginal_preserving-067,7,True,marginal_preserving,1,3,0.14285714285714285,1.0
synthetic64,diffusion/combined,window,24,marginal_preserving-068,8,True,marginal_preserving,1,2,0.0,1.0
synthetic64,diffusion/combined,window,24,marginal_preserving-069,9,True,marginal_preserving,0,3,0.0,1.0
synthetic64,diffusion/combined,window,24,marginal_preserving-070,10,True,marginal_preserving,0,2,0.0,1.0
synthetic64,diffusion/combined,window,24,marginal_preserving-071,11,True,marginal_preserving,1,1,0.2,1.0
synthetic64,diffusion/combined,window,24,untouched-000,0,False,untouched,0,3,0.0,1.0
synthetic64,diffusion/combined,window,24,transition-000,0,False,transition,0,2,0.0,1.0
synthetic64,diffusion/combined,window,24,untouched-001,1,False,untouched,0,4,0.0,1.0
synthetic64,diffusion/combined,window,24,transition-001,1,False,transition,0,3,0.0,1.0
synthetic64,diffusion/combined,window,24,untouched-002,2,False,untouched,0,2,0.0,1.0
synthetic64,diffusion/combined,window,24,transition-002,2,False,transition,0,2,0.0,1.0
synthetic64,diffusion/combined,window,24,untouched-003,3,False,untouched,0,3,0.0,1.0
synthetic64,diffusion/combined,window,24,transition-003,3,False,transition,0,4,0.0,1.0
synthetic64,diffusion/combined,window,24,untouched-004,4,False,untouched,0,5,0.0,1.0
synthetic64,diffusion/combined,window,24,transition-004,4,False,transition,0,3,0.0,1.0
synthetic64,diffusion/combined,window,24,untouched-005,5,False,untouched,0,2,0.0,1.0
synthetic64,diffusion/combined,window,24,transition-005,5,False,transition,0,2,0.0,1.0
synthetic64,diffusion/combined,window,24,untouched-006,6,False,untouched,0,2,0.0,1.0
synthetic64,diffusion/combined,window,24,transition-006,6,False,transition,0,2,0.0,1.0
synthetic64,diffusion/combined,window,24,untouched-007,7,False,untouched,0,4,0.0,1.0
synthetic64,diffusion/combined,window,24,transition-007,7,False,transition,0,2,0.0,1.0
synthetic64,diffusion/combined,window,24,untouched-008,8,False,untouched,0,2,0.0,1.0
synthetic64,diffusion/combined,window,24,transition-008,8,False,transition,0,2,0.0,1.0
synthetic64,diffusion/combined,window,24,untouched-009,9,False,untouched,0,3,0.0,1.0
synthetic64,diffusion/combined,window,24,transition-009,9,False,transition,0,3,0.0,1.0
synthetic64,diffusion/combined,window,24,untouched-010,10,False,untouched,0,2,0.0,1.0
synthetic64,diffusion/combined,window,24,transition-010,10,False,transition,0,3,0.0,1.0
synthetic64,diffusion/combined,window,24,untouched-011,11,False,untouched,0,2,0.0,1.0
synthetic64,diffusion/combined,window,24,transition-011,11,False,transition,0,2,0.0,1.0
synthetic64,diffusion/entropy,window,48,copy-000,0,True,copy,0,3,0.0,1.0
synthetic64,diffusion/entropy,window,48,copy-001,1,True,copy,0,0,0.0,1.0
synthetic64,diffusion/entropy,window,48,copy-002,2,True,copy,0,0,0.0,1.0
synthetic64,diffusion/entropy,window,48,copy-003,3,True,copy,0,2,0.0,1.0
synthetic64,diffusion/entropy,window,48,copy-004,4,True,copy,1,2,0.0,1.0
synthetic64,diffusion/entropy,window,48,copy-005,5,True,copy,1,0,0.043478260869565216,1.0
synthetic64,diffusion/entropy,window,48,common-006,6,True,common,0,1,0.0,1.0
synthetic64,diffusion/entropy,window,48,common-007,7,True,common,0,1,0.0,1.0
synthetic64,diffusion/entropy,window,48,common-008,8,True,common,1,2,0.0,1.0
synthetic64,diffusion/entropy,window,48,common-009,9,True,common,0,0,0.0,1.0
synthetic64,diffusion/entropy,window,48,common-010,10,True,common,0,1,0.0,1.0
synthetic64,diffusion/entropy,window,48,common-011,11,True,common,1,0,0.043478260869565216,1.0
synthetic64,diffusion/entropy,window,48,decouple-012,0,True,decouple,0,3,0.0,1.0
synthetic64,diffusion/entropy,window,48,decouple-013,1,True,decouple,0,0,0.0,1.0
synthetic64,diffusion/entropy,window,48,decouple-014,2,True,decouple,0,0,0.0,1.0
synthetic64,diffusion/entropy,window,48,decouple-015,3,True,decouple,0,0,0.0,1.0
synthetic64,diffusion/entropy,window,48,decouple-016,4,True,decouple,1,2,0.125,1.0
synthetic64,diffusion/entropy,window,48,decouple-017,5,True,decouple,1,0,0.09090909090909091,1.0
synthetic64,diffusion/entropy,window,48,noise-018,6,True,noise,0,1,0.0,1.0
synthetic64,diffusion/entropy,window,48,noise-019,7,True,noise,0,1,0.0,1.0
synthetic64,diffusion/entropy,window,48,noise-020,8,True,noise,1,2,0.0,1.0
synthetic64,diffusion/entropy,window,48,noise-021,9,True,noise,0,0,0.0,1.0
synthetic64,diffusion/entropy,window,48,noise-022,10,True,noise,1,1,0.5,1.0
synthetic64,diffusion/entropy,window,48,noise-023,11,True,noise,1,0,0.0,1.0
synthetic64,diffusion/entropy,window,48,delay-024,0,True,delay,0,3,0.0,1.0
synthetic64,diffusion/entropy,window,48,delay-025,1,True,delay,0,0,0.0,1.0
synthetic64,diffusion/entropy,window,48,delay-026,2,True,delay,0,0,0.0,1.0
synthetic64,diffusion/entropy,window,48,delay-027,3,True,delay,0,1,0.0,1.0
synthetic64,diffusion/entropy,window,48,delay-028,4,True,delay,1,2,0.0,1.0
synthetic64,diffusion/entropy,window,48,delay-029,5,True,delay,1,0,0.2,1.0
synthetic64,diffusion/entropy,window,48,drift-030,6,True,drift,0,1,0.0,1.0
synthetic64,diffusion/entropy,window,48,drift-031,7,True,drift,0,1,0.0,1.0
synthetic64,diffusion/entropy,window,48,drift-032,8,True,drift,1,2,0.125,1.0
synthetic64,diffusion/entropy,window,48,drift-033,9,True,drift,0,0,0.0,1.0
synthetic64,diffusion/entropy,window,48,drift-034,10,True,drift,0,1,0.0,1.0
synthetic64,diffusion/entropy,window,48,drift-035,11,True,drift,1,0,0.043478260869565216,1.0
synthetic64,diffusion/entropy,window,48,flatline-036,0,True,flatline,0,3,0.0,1.0
synthetic64,diffusion/entropy,window,48,flatline-037,1,True,flatline,0,0,0.0,0.9482976040353089
synthetic64,diffusion/entropy,window,48,flatline-038,2,True,flatline,0,0,0.0,0.8549810844892812
synthetic64,diffusion/entropy,window,48,flatline-039,3,True,flatline,0,1,0.0,1.0
synthetic64,diffusion/entropy,window,48,flatline-040,4,True,flatline,1,2,0.125,0.9457755359394704
synthetic64,diffusion/entropy,window,48,flatline-041,5,True,flatline,1,0,0.0,0.6973518284993695
synthetic64,diffusion/entropy,window,48,dropout-042,6,True,dropout,0,1,0.0,0.7780580075662042
synthetic64,diffusion/entropy,window,48,dropout-043,7,True,dropout,0,1,0.0,0.5586380832282472
synthetic64,diffusion/entropy,window,48,dropout-044,8,True,dropout,1,2,0.0,0.6847414880201765
synthetic64,diffusion/entropy,window,48,dropout-045,9,True,dropout,0,0,0.0,0.7276166456494325
synthetic64,diffusion/entropy,window,48,dropout-046,10,True,dropout,0,1,0.0,0.8234552332912989
synthetic64,diffusion/entropy,window,48,dropout-047,11,True,dropout,1,0,0.0,0.4703656998738966
synthetic64,diffusion/entropy,window,48,anticorrelated-048,0,True,anticorrelated,0,3,0.0,1.0
synthetic64,diffusion/entropy,window,48,anticorrelated-049,1,True,anticorrelated,0,0,0.0,1.0
synthetic64,diffusion/entropy,window,48,anticorrelated-050,2,True,anticorrelated,0,0,0.0,1.0
synthetic64,diffusion/entropy,window,48,anticorrelated-051,3,True,anticorrelated,0,1,0.0,1.0
synthetic64,diffusion/entropy,window,48,anticorrelated-052,4,True,anticorrelated,1,2,0.0,1.0
synthetic64,diffusion/entropy,window,48,anticorrelated-053,5,True,anticorrelated,1,0,0.0,1.0
synthetic64,diffusion/entropy,window,48,mixed-054,6,True,mixed,0,1,0.0,1.0
synthetic64,diffusion/entropy,window,48,mixed-055,7,True,mixed,0,1,0.0,1.0
synthetic64,diffusion/entropy,window,48,mixed-056,8,True,mixed,1,2,0.058823529411764705,1.0
synthetic64,diffusion/entropy,window,48,mixed-057,9,True,mixed,0,0,0.0,1.0
synthetic64,diffusion/entropy,window,48,mixed-058,10,True,mixed,0,1,0.0,1.0
synthetic64,diffusion/entropy,window,48,mixed-059,11,True,mixed,1,0,0.043478260869565216,1.0
synthetic64,diffusion/entropy,window,48,matched_covariance-060,0,True,matched_covariance,0,3,0.0,1.0
synthetic64,diffusion/entropy,window,48,matched_covariance-061,1,True,matched_covariance,0,0,0.0,1.0
synthetic64,diffusion/entropy,window,48,matched_covariance-062,2,True,matched_covariance,0,0,0.0,1.0
synthetic64,diffusion/entropy,window,48,matched_covariance-063,3,True,matched_covariance,0,1,0.0,1.0
synthetic64,diffusion/entropy,window,48,matched_covariance-064,4,True,matched_covariance,1,2,0.058823529411764705,1.0
synthetic64,diffusion/entropy,window,48,matched_covariance-065,5,True,matched_covariance,1,0,0.2,1.0
synthetic64,diffusion/entropy,window,48,marginal_preserving-066,6,True,marginal_preserving,0,1,0.0,1.0
synthetic64,diffusion/entropy,window,48,marginal_preserving-067,7,True,marginal_preserving,1,1,0.09090909090909091,1.0
synthetic64,diffusion/entropy,window,48,marginal_preserving-068,8,True,marginal_preserving,1,2,0.125,1.0
synthetic64,diffusion/entropy,window,48,marginal_preserving-069,9,True,marginal_preserving,0,0,0.0,1.0
synthetic64,diffusion/entropy,window,48,marginal_preserving-070,10,True,marginal_preserving,0,1,0.0,1.0
synthetic64,diffusion/entropy,window,48,marginal_preserving-071,11,True,marginal_preserving,1,0,0.2631578947368421,1.0
synthetic64,diffusion/entropy,window,48,untouched-000,0,False,untouched,0,3,0.0,1.0
synthetic64,diffusion/entropy,window,48,transition-000,0,False,transition,0,2,0.0,1.0
synthetic64,diffusion/entropy,window,48,untouched-001,1,False,untouched,0,0,0.0,1.0
synthetic64,diffusion/entropy,window,48,transition-001,1,False,transition,0,0,0.0,1.0
synthetic64,diffusion/entropy,window,48,untouched-002,2,False,untouched,0,0,0.0,1.0
synthetic64,diffusion/entropy,window,48,transition-002,2,False,transition,0,0,0.0,1.0
synthetic64,diffusion/entropy,window,48,untouched-003,3,False,untouched,0,1,0.0,1.0
synthetic64,diffusion/entropy,window,48,transition-003,3,False,transition,0,0,0.0,1.0
synthetic64,diffusion/entropy,window,48,untouched-004,4,False,untouched,0,3,0.0,1.0
synthetic64,diffusion/entropy,window,48,transition-004,4,False,transition,0,1,0.0,1.0
synthetic64,diffusion/entropy,window,48,untouched-005,5,False,untouched,0,1,0.0,1.0
synthetic64,diffusion/entropy,window,48,transition-005,5,False,transition,0,1,0.0,1.0
synthetic64,diffusion/entropy,window,48,untouched-006,6,False,untouched,0,1,0.0,1.0
synthetic64,diffusion/entropy,window,48,transition-006,6,False,transition,0,1,0.0,1.0
synthetic64,diffusion/entropy,window,48,untouched-007,7,False,untouched,0,1,0.0,1.0
synthetic64,diffusion/entropy,window,48,transition-007,7,False,transition,0,1,0.0,1.0
synthetic64,diffusion/entropy,window,48,untouched-008,8,False,untouched,0,3,0.0,1.0
synthetic64,diffusion/entropy,window,48,transition-008,8,False,transition,0,2,0.0,1.0
synthetic64,diffusion/entropy,window,48,untouched-009,9,False,untouched,0,0,0.0,1.0
synthetic64,diffusion/entropy,window,48,transition-009,9,False,transition,0,1,0.0,1.0
synthetic64,diffusion/entropy,window,48,untouched-010,10,False,untouched,0,1,0.0,1.0
synthetic64,diffusion/entropy,window,48,transition-010,10,False,transition,0,1,0.0,1.0
synthetic64,diffusion/entropy,window,48,untouched-011,11,False,untouched,0,1,0.0,1.0
synthetic64,diffusion/entropy,window,48,transition-011,11,False,transition,0,0,0.0,1.0
synthetic64,diffusion/synchronization,window,48,copy-000,0,True,copy,0,2,0.0,1.0
synthetic64,diffusion/synchronization,window,48,copy-001,1,True,copy,0,0,0.0,1.0
synthetic64,diffusion/synchronization,window,48,copy-002,2,True,copy,0,0,0.0,1.0
synthetic64,diffusion/synchronization,window,48,copy-003,3,True,copy,0,1,0.0,1.0
synthetic64,diffusion/synchronization,window,48,copy-004,4,True,copy,1,1,0.0,1.0
synthetic64,diffusion/synchronization,window,48,copy-005,5,True,copy,1,0,0.09090909090909091,1.0
synthetic64,diffusion/synchronization,window,48,common-006,6,True,common,0,1,0.0,1.0
synthetic64,diffusion/synchronization,window,48,common-007,7,True,common,0,1,0.0,1.0
synthetic64,diffusion/synchronization,window,48,common-008,8,True,common,1,1,0.0,1.0
synthetic64,diffusion/synchronization,window,48,common-009,9,True,common,0,0,0.0,1.0
synthetic64,diffusion/synchronization,window,48,common-010,10,True,common,0,1,0.0,1.0
synthetic64,diffusion/synchronization,window,48,common-011,11,True,common,1,0,0.14285714285714285,1.0
synthetic64,diffusion/synchronization,window,48,decouple-012,0,True,decouple,0,2,0.0,1.0
synthetic64,diffusion/synchronization,window,48,decouple-013,1,True,decouple,0,0,0.0,1.0
synthetic64,diffusion/synchronization,window,48,decouple-014,2,True,decouple,0,0,0.0,1.0
synthetic64,diffusion/synchronization,window,48,decouple-015,3,True,decouple,0,1,0.0,1.0
synthetic64,diffusion/synchronization,window,48,decouple-016,4,True,decouple,1,1,0.125,1.0
synthetic64,diffusion/synchronization,window,48,decouple-017,5,True,decouple,1,0,0.14285714285714285,1.0
synthetic64,diffusion/synchronization,window,48,noise-018,6,True,noise,0,1,0.0,1.0
synthetic64,diffusion/synchronization,window,48,noise-019,7,True,noise,0,1,0.0,1.0
synthetic64,diffusion/synchronization,window,48,noise-020,8,True,noise,1,1,0.2,1.0
synthetic64,diffusion/synchronization,window,48,noise-021,9,True,noise,0,0,0.0,1.0
synthetic64,diffusion/synchronization,window,48,noise-022,10,True,noise,1,0,0.38461538461538464,1.0
synthetic64,diffusion/synchronization,window,48,noise-023,11,True,noise,1,0,0.0,1.0
synthetic64,diffusion/synchronization,window,48,delay-024,0,True,delay,0,2,0.0,1.0
synthetic64,diffusion/synchronization,window,48,delay-025,1,True,delay,0,0,0.0,1.0
synthetic64,diffusion/synchronization,window,48,delay-026,2,True,delay,0,0,0.0,1.0
synthetic64,diffusion/synchronization,window,48,delay-027,3,True,delay,0,1,0.0,1.0
synthetic64,diffusion/synchronization,window,48,delay-028,4,True,delay,1,1,0.0,1.0
synthetic64,diffusion/synchronization,window,48,delay-029,5,True,delay,1,1,0.14285714285714285,1.0
synthetic64,diffusion/synchronization,window,48,drift-030,6,True,drift,0,1,0.0,1.0
synthetic64,diffusion/synchronization,window,48,drift-031,7,True,drift,0,1,0.0,1.0
synthetic64,diffusion/synchronization,window,48,drift-032,8,True,drift,1,0,0.125,1.0
synthetic64,diffusion/synchronization,window,48,drift-033,9,True,drift,1,0,0.3333333333333333,1.0
synthetic64,diffusion/synchronization,window,48,drift-034,10,True,drift,0,1,0.0,1.0
synthetic64,diffusion/synchronization,window,48,drift-035,11,True,drift,1,0,0.09090909090909091,1.0
synthetic64,diffusion/synchronization,window,48,flatline-036,0,True,flatline,0,2,0.0,1.0
synthetic64,diffusion/synchronization,window,48,flatline-037,1,True,flatline,0,0,0.0,0.9482976040353089
synthetic64,diffusion/synchronization,window,48,flatline-038,2,True,flatline,0,0,0.0,0.8549810844892812
synthetic64,diffusion/synchronization,window,48,flatline-039,3,True,flatline,0,1,0.0,1.0
synthetic64,diffusion/synchronization,window,48,flatline-040,4,True,flatline,1,1,0.125,0.9457755359394704
synthetic64,diffusion/synchronization,window,48,flatline-041,5,True,flatline,1,0,0.0,0.6973518284993695
synthetic64,diffusion/synchronization,window,48,dropout-042,6,True,dropout,0,1,0.0,0.7780580075662042
synthetic64,diffusion/synchronization,window,48,dropout-043,7,True,dropout,0,1,0.0,0.5586380832282472
synthetic64,diffusion/synchronization,window,48,dropout-044,8,True,dropout,1,1,0.0,0.6847414880201765
synthetic64,diffusion/synchronization,window,48,dropout-045,9,True,dropout,0,0,0.0,0.7276166456494325
synthetic64,diffusion/synchronization,window,48,dropout-046,10,True,dropout,0,1,0.0,0.8234552332912989
synthetic64,diffusion/synchronization,window,48,dropout-047,11,True,dropout,1,0,0.0,0.4703656998738966
synthetic64,diffusion/synchronization,window,48,anticorrelated-048,0,True,anticorrelated,0,2,0.0,1.0
synthetic64,diffusion/synchronization,window,48,anticorrelated-049,1,True,anticorrelated,0,0,0.0,1.0
synthetic64,diffusion/synchronization,window,48,anticorrelated-050,2,True,anticorrelated,0,0,0.0,1.0
synthetic64,diffusion/synchronization,window,48,anticorrelated-051,3,True,anticorrelated,0,1,0.0,1.0
synthetic64,diffusion/synchronization,window,48,anticorrelated-052,4,True,anticorrelated,1,1,0.125,1.0
synthetic64,diffusion/synchronization,window,48,anticorrelated-053,5,True,anticorrelated,1,0,0.043478260869565216,1.0
synthetic64,diffusion/synchronization,window,48,mixed-054,6,True,mixed,0,1,0.0,1.0
synthetic64,diffusion/synchronization,window,48,mixed-055,7,True,mixed,0,1,0.0,1.0
synthetic64,diffusion/synchronization,window,48,mixed-056,8,True,mixed,1,1,0.125,1.0
synthetic64,diffusion/synchronization,window,48,mixed-057,9,True,mixed,0,0,0.0,1.0
synthetic64,diffusion/synchronization,window,48,mixed-058,10,True,mixed,0,1,0.0,1.0
synthetic64,diffusion/synchronization,window,48,mixed-059,11,True,mixed,1,0,0.043478260869565216,1.0
synthetic64,diffusion/synchronization,window,48,matched_covariance-060,0,True,matched_covariance,0,2,0.0,1.0
synthetic64,diffusion/synchronization,window,48,matched_covariance-061,1,True,matched_covariance,0,0,0.0,1.0
synthetic64,diffusion/synchronization,window,48,matched_covariance-062,2,True,matched_covariance,0,0,0.0,1.0
synthetic64,diffusion/synchronization,window,48,matched_covariance-063,3,True,matched_covariance,0,1,0.0,1.0
synthetic64,diffusion/synchronization,window,48,matched_covariance-064,4,True,matched_covariance,1,1,0.058823529411764705,1.0
synthetic64,diffusion/synchronization,window,48,matched_covariance-065,5,True,matched_covariance,1,0,0.2,1.0
synthetic64,diffusion/synchronization,window,48,marginal_preserving-066,6,True,marginal_preserving,0,1,0.0,1.0
synthetic64,diffusion/synchronization,window,48,marginal_preserving-067,7,True,marginal_preserving,1,1,0.14285714285714285,1.0
synthetic64,diffusion/synchronization,window,48,marginal_preserving-068,8,True,marginal_preserving,1,1,0.125,1.0
synthetic64,diffusion/synchronization,window,48,marginal_preserving-069,9,True,marginal_preserving,0,0,0.0,1.0
synthetic64,diffusion/synchronization,window,48,marginal_preserving-070,10,True,marginal_preserving,1,1,0.125,1.0
synthetic64,diffusion/synchronization,window,48,marginal_preserving-071,11,True,marginal_preserving,1,1,0.2631578947368421,1.0
synthetic64,diffusion/synchronization,window,48,untouched-000,0,False,untouched,0,2,0.0,1.0
synthetic64,diffusion/synchronization,window,48,transition-000,0,False,transition,0,1,0.0,1.0
synthetic64,diffusion/synchronization,window,48,untouched-001,1,False,untouched,0,0,0.0,1.0
synthetic64,diffusion/synchronization,window,48,transition-001,1,False,transition,0,0,0.0,1.0
synthetic64,diffusion/synchronization,window,48,untouched-002,2,False,untouched,0,0,0.0,1.0
synthetic64,diffusion/synchronization,window,48,transition-002,2,False,transition,0,1,0.0,1.0
synthetic64,diffusion/synchronization,window,48,untouched-003,3,False,untouched,0,1,0.0,1.0
synthetic64,diffusion/synchronization,window,48,transition-003,3,False,transition,0,0,0.0,1.0
synthetic64,diffusion/synchronization,window,48,untouched-004,4,False,untouched,0,2,0.0,1.0
synthetic64,diffusion/synchronization,window,48,transition-004,4,False,transition,0,0,0.0,1.0
synthetic64,diffusion/synchronization,window,48,untouched-005,5,False,untouched,0,1,0.0,1.0
synthetic64,diffusion/synchronization,window,48,transition-005,5,False,transition,0,1,0.0,1.0
synthetic64,diffusion/synchronization,window,48,untouched-006,6,False,untouched,0,1,0.0,1.0
synthetic64,diffusion/synchronization,window,48,transition-006,6,False,transition,0,1,0.0,1.0
synthetic64,diffusion/synchronization,window,48,untouched-007,7,False,untouched,0,1,0.0,1.0
synthetic64,diffusion/synchronization,window,48,transition-007,7,False,transition,0,1,0.0,1.0
synthetic64,diffusion/synchronization,window,48,untouched-008,8,False,untouched,0,2,0.0,1.0
synthetic64,diffusion/synchronization,window,48,transition-008,8,False,transition,0,0,0.0,1.0
synthetic64,diffusion/synchronization,window,48,untouched-009,9,False,untouched,0,0,0.0,1.0
synthetic64,diffusion/synchronization,window,48,transition-009,9,False,transition,0,1,0.0,1.0
synthetic64,diffusion/synchronization,window,48,untouched-010,10,False,untouched,0,1,0.0,1.0
synthetic64,diffusion/synchronization,window,48,transition-010,10,False,transition,0,0,0.0,1.0
synthetic64,diffusion/synchronization,window,48,untouched-011,11,False,untouched,0,1,0.0,1.0
synthetic64,diffusion/synchronization,window,48,transition-011,11,False,transition,0,0,0.0,1.0
synthetic64,diffusion/combined,window,48,copy-000,0,True,copy,0,2,0.0,1.0
synthetic64,diffusion/combined,window,48,copy-001,1,True,copy,0,0,0.0,1.0
synthetic64,diffusion/combined,window,48,copy-002,2,True,copy,0,0,0.0,1.0
synthetic64,diffusion/combined,window,48,copy-003,3,True,copy,0,1,0.0,1.0
synthetic64,diffusion/combined,window,48,copy-004,4,True,copy,1,1,0.0,1.0
synthetic64,diffusion/combined,window,48,copy-005,5,True,copy,1,0,0.043478260869565216,1.0
synthetic64,diffusion/combined,window,48,common-006,6,True,common,0,1,0.0,1.0
synthetic64,diffusion/combined,window,48,common-007,7,True,common,0,1,0.0,1.0
synthetic64,diffusion/combined,window,48,common-008,8,True,common,1,1,0.0,1.0
synthetic64,diffusion/combined,window,48,common-009,9,True,common,0,0,0.0,1.0
synthetic64,diffusion/combined,window,48,common-010,10,True,common,0,1,0.0,1.0
synthetic64,diffusion/combined,window,48,common-011,11,True,common,1,0,0.09090909090909091,1.0
synthetic64,diffusion/combined,window,48,decouple-012,0,True,decouple,0,2,0.0,1.0
synthetic64,diffusion/combined,window,48,decouple-013,1,True,decouple,0,0,0.0,1.0
synthetic64,diffusion/combined,window,48,decouple-014,2,True,decouple,0,0,0.0,1.0
synthetic64,diffusion/combined,window,48,decouple-015,3,True,decouple,0,1,0.0,1.0
synthetic64,diffusion/combined,window,48,decouple-016,4,True,decouple,1,1,0.125,1.0
synthetic64,diffusion/combined,window,48,decouple-017,5,True,decouple,1,0,0.14285714285714285,1.0
synthetic64,diffusion/combined,window,48,noise-018,6,True,noise,0,1,0.0,1.0
synthetic64,diffusion/combined,window,48,noise-019,7,True,noise,0,1,0.0,1.0
synthetic64,diffusion/combined,window,48,noise-020,8,True,noise,1,1,0.0,1.0
synthetic64,diffusion/combined,window,48,noise-021,9,True,noise,0,0,0.0,1.0
synthetic64,diffusion/combined,window,48,noise-022,10,True,noise,1,0,0.5,1.0
synthetic64,diffusion/combined,window,48,noise-023,11,True,noise,1,0,0.0,1.0
synthetic64,diffusion/combined,window,48,delay-024,0,True,delay,0,2,0.0,1.0
synthetic64,diffusion/combined,window,48,delay-025,1,True,delay,0,0,0.0,1.0
synthetic64,diffusion/combined,window,48,delay-026,2,True,delay,0,0,0.0,1.0
synthetic64,diffusion/combined,window,48,delay-027,3,True,delay,0,1,0.0,1.0
synthetic64,diffusion/combined,window,48,delay-028,4,True,delay,1,1,0.0,1.0
synthetic64,diffusion/combined,window,48,delay-029,5,True,delay,1,1,0.14285714285714285,1.0
synthetic64,diffusion/combined,window,48,drift-030,6,True,drift,0,1,0.0,1.0
synthetic64,diffusion/combined,window,48,drift-031,7,True,drift,0,1,0.0,1.0
synthetic64,diffusion/combined,window,48,drift-032,8,True,drift,1,0,0.125,1.0
synthetic64,diffusion/combined,window,48,drift-033,9,True,drift,1,0,0.3333333333333333,1.0
synthetic64,diffusion/combined,window,48,drift-034,10,True,drift,0,1,0.0,1.0
synthetic64,diffusion/combined,window,48,drift-035,11,True,drift,1,0,0.09090909090909091,1.0
synthetic64,diffusion/combined,window,48,flatline-036,0,True,flatline,0,2,0.0,1.0
synthetic64,diffusion/combined,window,48,flatline-037,1,True,flatline,0,0,0.0,0.9482976040353089
synthetic64,diffusion/combined,window,48,flatline-038,2,True,flatline,0,0,0.0,0.8549810844892812
synthetic64,diffusion/combined,window,48,flatline-039,3,True,flatline,0,1,0.0,1.0
synthetic64,diffusion/combined,window,48,flatline-040,4,True,flatline,1,1,0.125,0.9457755359394704
synthetic64,diffusion/combined,window,48,flatline-041,5,True,flatline,1,0,0.0,0.6973518284993695
synthetic64,diffusion/combined,window,48,dropout-042,6,True,dropout,0,1,0.0,0.7780580075662042
synthetic64,diffusion/combined,window,48,dropout-043,7,True,dropout,0,1,0.0,0.5586380832282472
synthetic64,diffusion/combined,window,48,dropout-044,8,True,dropout,1,1,0.0,0.6847414880201765
synthetic64,diffusion/combined,window,48,dropout-045,9,True,dropout,0,0,0.0,0.7276166456494325
synthetic64,diffusion/combined,window,48,dropout-046,10,True,dropout,0,1,0.0,0.8234552332912989
synthetic64,diffusion/combined,window,48,dropout-047,11,True,dropout,1,0,0.0,0.4703656998738966
synthetic64,diffusion/combined,window,48,anticorrelated-048,0,True,anticorrelated,0,2,0.0,1.0
synthetic64,diffusion/combined,window,48,anticorrelated-049,1,True,anticorrelated,0,0,0.0,1.0
synthetic64,diffusion/combined,window,48,anticorrelated-050,2,True,anticorrelated,0,0,0.0,1.0
synthetic64,diffusion/combined,window,48,anticorrelated-051,3,True,anticorrelated,0,1,0.0,1.0
synthetic64,diffusion/combined,window,48,anticorrelated-052,4,True,anticorrelated,1,1,0.0,1.0
synthetic64,diffusion/combined,window,48,anticorrelated-053,5,True,anticorrelated,1,0,0.043478260869565216,1.0
synthetic64,diffusion/combined,window,48,mixed-054,6,True,mixed,0,1,0.0,1.0
synthetic64,diffusion/combined,window,48,mixed-055,7,True,mixed,0,1,0.0,1.0
synthetic64,diffusion/combined,window,48,mixed-056,8,True,mixed,1,1,0.125,1.0
synthetic64,diffusion/combined,window,48,mixed-057,9,True,mixed,0,0,0.0,1.0
synthetic64,diffusion/combined,window,48,mixed-058,10,True,mixed,0,1,0.0,1.0
synthetic64,diffusion/combined,window,48,mixed-059,11,True,mixed,1,0,0.043478260869565216,1.0
synthetic64,diffusion/combined,window,48,matched_covariance-060,0,True,matched_covariance,0,2,0.0,1.0
synthetic64,diffusion/combined,window,48,matched_covariance-061,1,True,matched_covariance,0,0,0.0,1.0
synthetic64,diffusion/combined,window,48,matched_covariance-062,2,True,matched_covariance,0,0,0.0,1.0
synthetic64,diffusion/combined,window,48,matched_covariance-063,3,True,matched_covariance,0,1,0.0,1.0
synthetic64,diffusion/combined,window,48,matched_covariance-064,4,True,matched_covariance,1,1,0.058823529411764705,1.0
synthetic64,diffusion/combined,window,48,matched_covariance-065,5,True,matched_covariance,1,0,0.2,1.0
synthetic64,diffusion/combined,window,48,marginal_preserving-066,6,True,marginal_preserving,0,1,0.0,1.0
synthetic64,diffusion/combined,window,48,marginal_preserving-067,7,True,marginal_preserving,1,1,0.14285714285714285,1.0
synthetic64,diffusion/combined,window,48,marginal_preserving-068,8,True,marginal_preserving,1,1,0.125,1.0
synthetic64,diffusion/combined,window,48,marginal_preserving-069,9,True,marginal_preserving,0,0,0.0,1.0
synthetic64,diffusion/combined,window,48,marginal_preserving-070,10,True,marginal_preserving,1,1,0.2,1.0
synthetic64,diffusion/combined,window,48,marginal_preserving-071,11,True,marginal_preserving,1,1,0.2,1.0
synthetic64,diffusion/combined,window,48,untouched-000,0,False,untouched,0,2,0.0,1.0
synthetic64,diffusion/combined,window,48,transition-000,0,False,transition,0,1,0.0,1.0
synthetic64,diffusion/combined,window,48,untouched-001,1,False,untouched,0,0,0.0,1.0
synthetic64,diffusion/combined,window,48,transition-001,1,False,transition,0,0,0.0,1.0
synthetic64,diffusion/combined,window,48,untouched-002,2,False,untouched,0,0,0.0,1.0
synthetic64,diffusion/combined,window,48,transition-002,2,False,transition,0,1,0.0,1.0
synthetic64,diffusion/combined,window,48,untouched-003,3,False,untouched,0,1,0.0,1.0
synthetic64,diffusion/combined,window,48,transition-003,3,False,transition,0,0,0.0,1.0
synthetic64,diffusion/combined,window,48,untouched-004,4,False,untouched,0,2,0.0,1.0
synthetic64,diffusion/combined,window,48,transition-004,4,False,transition,0,0,0.0,1.0
synthetic64,diffusion/combined,window,48,untouched-005,5,False,untouched,0,1,0.0,1.0
synthetic64,diffusion/combined,window,48,transition-005,5,False,transition,0,1,0.0,1.0
synthetic64,diffusion/combined,window,48,untouched-006,6,False,untouched,0,1,0.0,1.0
synthetic64,diffusion/combined,window,48,transition-006,6,False,transition,0,1,0.0,1.0
synthetic64,diffusion/combined,window,48,untouched-007,7,False,untouched,0,1,0.0,1.0
synthetic64,diffusion/combined,window,48,transition-007,7,False,transition,0,1,0.0,1.0
synthetic64,diffusion/combined,window,48,untouched-008,8,False,untouched,0,2,0.0,1.0
synthetic64,diffusion/combined,window,48,transition-008,8,False,transition,0,0,0.0,1.0
synthetic64,diffusion/combined,window,48,untouched-009,9,False,untouched,0,0,0.0,1.0
synthetic64,diffusion/combined,window,48,transition-009,9,False,transition,0,1,0.0,1.0
synthetic64,diffusion/combined,window,48,untouched-010,10,False,untouched,0,1,0.0,1.0
synthetic64,diffusion/combined,window,48,transition-010,10,False,transition,0,0,0.0,1.0
synthetic64,diffusion/combined,window,48,untouched-011,11,False,untouched,0,1,0.0,1.0
synthetic64,diffusion/combined,window,48,transition-011,11,False,transition,0,0,0.0,1.0
synthetic64,diffusion/entropy,window,96,copy-000,0,True,copy,0,0,0.0,1.0
synthetic64,diffusion/entropy,window,96,copy-001,1,True,copy,0,0,0.0,1.0
synthetic64,diffusion/entropy,window,96,copy-002,2,True,copy,0,0,0.0,1.0
synthetic64,diffusion/entropy,window,96,copy-003,3,True,copy,0,0,0.0,1.0
synthetic64,diffusion/entropy,window,96,copy-004,4,True,copy,0,0,0.0,1.0
synthetic64,diffusion/entropy,window,96,copy-005,5,True,copy,1,0,0.09090909090909091,1.0
synthetic64,diffusion/entropy,window,96,common-006,6,True,common,0,0,0.0,1.0
synthetic64,diffusion/entropy,window,96,common-007,7,True,common,0,0,0.0,1.0
synthetic64,diffusion/entropy,window,96,common-008,8,True,common,1,0,0.0,1.0
synthetic64,diffusion/entropy,window,96,common-009,9,True,common,0,0,0.0,1.0
synthetic64,diffusion/entropy,window,96,common-010,10,True,common,0,3,0.0,1.0
synthetic64,diffusion/entropy,window,96,common-011,11,True,common,0,0,0.0,1.0
synthetic64,diffusion/entropy,window,96,decouple-012,0,True,decouple,0,0,0.0,1.0
synthetic64,diffusion/entropy,window,96,decouple-013,1,True,decouple,0,0,0.0,1.0
synthetic64,diffusion/entropy,window,96,decouple-014,2,True,decouple,0,0,0.0,1.0
synthetic64,diffusion/entropy,window,96,decouple-015,3,True,decouple,0,0,0.0,1.0
synthetic64,diffusion/entropy,window,96,decouple-016,4,True,decouple,0,0,0.0,1.0
synthetic64,diffusion/entropy,window,96,decouple-017,5,True,decouple,1,0,0.09090909090909091,1.0
synthetic64,diffusion/entropy,window,96,noise-018,6,True,noise,0,0,0.0,1.0
synthetic64,diffusion/entropy,window,96,noise-019,7,True,noise,0,0,0.0,1.0
synthetic64,diffusion/entropy,window,96,noise-020,8,True,noise,1,0,0.0,1.0
synthetic64,diffusion/entropy,window,96,noise-021,9,True,noise,0,0,0.0,1.0
synthetic64,diffusion/entropy,window,96,noise-022,10,True,noise,0,1,0.0,1.0
synthetic64,diffusion/entropy,window,96,noise-023,11,True,noise,0,0,0.0,1.0
synthetic64,diffusion/entropy,window,96,delay-024,0,True,delay,0,0,0.0,1.0
synthetic64,diffusion/entropy,window,96,delay-025,1,True,delay,0,0,0.0,1.0
synthetic64,diffusion/entropy,window,96,delay-026,2,True,delay,0,0,0.0,1.0
synthetic64,diffusion/entropy,window,96,delay-027,3,True,delay,0,0,0.0,1.0
synthetic64,diffusion/entropy,window,96,delay-028,4,True,delay,0,0,0.0,1.0
synthetic64,diffusion/entropy,window,96,delay-029,5,True,delay,1,0,0.2,1.0
synthetic64,diffusion/entropy,window,96,drift-030,6,True,drift,0,0,0.0,1.0
synthetic64,diffusion/entropy,window,96,drift-031,7,True,drift,0,0,0.0,1.0
synthetic64,diffusion/entropy,window,96,drift-032,8,True,drift,1,1,0.058823529411764705,1.0
synthetic64,diffusion/entropy,window,96,drift-033,9,True,drift,0,0,0.0,1.0
synthetic64,diffusion/entropy,window,96,drift-034,10,True,drift,0,3,0.0,1.0
synthetic64,diffusion/entropy,window,96,drift-035,11,True,drift,0,0,0.0,1.0
synthetic64,diffusion/entropy,window,96,flatline-036,0,True,flatline,0,0,0.0,1.0
synthetic64,diffusion/entropy,window,96,flatline-037,1,True,flatline,0,0,0.0,1.0
synthetic64,diffusion/entropy,window,96,flatline-038,2,True,flatline,0,0,0.0,0.9709962168978562
synthetic64,diffusion/entropy,window,96,flatline-039,3,True,flatline,0,0,0.0,1.0
synthetic64,diffusion/entropy,window,96,flatline-040,4,True,flatline,1,0,0.058823529411764705,1.0
synthetic64,diffusion/entropy,window,96,flatline-041,5,True,flatline,1,0,0.0,0.9394703656998739
synthetic64,diffusion/entropy,window,96,dropout-042,6,True,dropout,0,0,0.0,1.0
synthetic64,diffusion/entropy,window,96,dropout-043,7,True,dropout,0,0,0.0,0.43253467843631777
synthetic64,diffusion/entropy,window,96,dropout-044,8,True,dropout,1,0,0.0,0.7162673392181589
synthetic64,diffusion/entropy,window,96,dropout-045,9,True,dropout,0,0,0.0,1.0
synthetic64,diffusion/entropy,window,96,dropout-046,10,True,dropout,0,3,0.0,0.7730138713745272
synthetic64,diffusion/entropy,window,96,dropout-047,11,True,dropout,0,0,0.0,0.5233291298865069
synthetic64,diffusion/entropy,window,96,anticorrelated-048,0,True,anticorrelated,0,0,0.0,1.0
synthetic64,diffusion/entropy,window,96,anticorrelated-049,1,True,anticorrelated,0,0,0.0,1.0
synthetic64,diffusion/entropy,window,96,anticorrelated-050,2,True,anticorrelated,0,0,0.0,1.0
synthetic64,diffusion/entropy,window,96,anticorrelated-051,3,True,anticorrelated,0,0,0.0,1.0
synthetic64,diffusion/entropy,window,96,anticorrelated-052,4,True,anticorrelated,1,0,0.125,1.0
synthetic64,diffusion/entropy,window,96,anticorrelated-053,5,True,anticorrelated,1,0,0.043478260869565216,1.0
synthetic64,diffusion/entropy,window,96,mixed-054,6,True,mixed,0,0,0.0,1.0
synthetic64,diffusion/entropy,window,96,mixed-055,7,True,mixed,0,0,0.0,1.0
synthetic64,diffusion/entropy,window,96,mixed-056,8,True,mixed,1,0,0.2,1.0
synthetic64,diffusion/entropy,window,96,mixed-057,9,True,mixed,0,0,0.0,1.0
synthetic64,diffusion/entropy,window,96,mixed-058,10,True,mixed,0,3,0.0,1.0
synthetic64,diffusion/entropy,window,96,mixed-059,11,True,mixed,0,0,0.0,1.0
synthetic64,diffusion/entropy,window,96,matched_covariance-060,0,True,matched_covariance,0,0,0.0,1.0
synthetic64,diffusion/entropy,window,96,matched_covariance-061,1,True,matched_covariance,0,0,0.0,1.0
synthetic64,diffusion/entropy,window,96,matched_covariance-062,2,True,matched_covariance,0,0,0.0,1.0
synthetic64,diffusion/entropy,window,96,matched_covariance-063,3,True,matched_covariance,0,0,0.0,1.0
synthetic64,diffusion/entropy,window,96,matched_covariance-064,4,True,matched_covariance,0,0,0.0,1.0
synthetic64,diffusion/entropy,window,96,matched_covariance-065,5,True,matched_covariance,1,0,0.2,1.0
synthetic64,diffusion/entropy,window,96,marginal_preserving-066,6,True,marginal_preserving,0,0,0.0,1.0
synthetic64,diffusion/entropy,window,96,marginal_preserving-067,7,True,marginal_preserving,0,1,0.0,1.0
synthetic64,diffusion/entropy,window,96,marginal_preserving-068,8,True,marginal_preserving,1,0,0.125,1.0
synthetic64,diffusion/entropy,window,96,marginal_preserving-069,9,True,marginal_preserving,0,0,0.0,1.0
synthetic64,diffusion/entropy,window,96,marginal_preserving-070,10,True,marginal_preserving,0,3,0.0,1.0
synthetic64,diffusion/entropy,window,96,marginal_preserving-071,11,True,marginal_preserving,0,1,0.0,1.0
synthetic64,diffusion/entropy,window,96,untouched-000,0,False,untouched,0,0,0.0,1.0
synthetic64,diffusion/entropy,window,96,transition-000,0,False,transition,0,0,0.0,1.0
synthetic64,diffusion/entropy,window,96,untouched-001,1,False,untouched,0,0,0.0,1.0
synthetic64,diffusion/entropy,window,96,transition-001,1,False,transition,0,0,0.0,1.0
synthetic64,diffusion/entropy,window,96,untouched-002,2,False,untouched,0,0,0.0,1.0
synthetic64,diffusion/entropy,window,96,transition-002,2,False,transition,0,0,0.0,1.0
synthetic64,diffusion/entropy,window,96,untouched-003,3,False,untouched,0,0,0.0,1.0
synthetic64,diffusion/entropy,window,96,transition-003,3,False,transition,0,0,0.0,1.0
synthetic64,diffusion/entropy,window,96,untouched-004,4,False,untouched,0,0,0.0,1.0
synthetic64,diffusion/entropy,window,96,transition-004,4,False,transition,0,0,0.0,1.0
synthetic64,diffusion/entropy,window,96,untouched-005,5,False,untouched,0,1,0.0,1.0
synthetic64,diffusion/entropy,window,96,transition-005,5,False,transition,0,1,0.0,1.0
synthetic64,diffusion/entropy,window,96,untouched-006,6,False,untouched,0,0,0.0,1.0
synthetic64,diffusion/entropy,window,96,transition-006,6,False,transition,0,0,0.0,1.0
synthetic64,diffusion/entropy,window,96,untouched-007,7,False,untouched,0,0,0.0,1.0
synthetic64,diffusion/entropy,window,96,transition-007,7,False,transition,0,0,0.0,1.0
synthetic64,diffusion/entropy,window,96,untouched-008,8,False,untouched,0,1,0.0,1.0
synthetic64,diffusion/entropy,window,96,transition-008,8,False,transition,0,0,0.0,1.0
synthetic64,diffusion/entropy,window,96,untouched-009,9,False,untouched,0,0,0.0,1.0
synthetic64,diffusion/entropy,window,96,transition-009,9,False,transition,0,1,0.0,1.0
synthetic64,diffusion/entropy,window,96,untouched-010,10,False,untouched,0,3,0.0,1.0
synthetic64,diffusion/entropy,window,96,transition-010,10,False,transition,0,3,0.0,1.0
synthetic64,diffusion/entropy,window,96,untouched-011,11,False,untouched,0,0,0.0,1.0
synthetic64,diffusion/entropy,window,96,transition-011,11,False,transition,0,0,0.0,1.0
synthetic64,diffusion/synchronization,window,96,copy-000,0,True,copy,0,0,0.0,1.0
synthetic64,diffusion/synchronization,window,96,copy-001,1,True,copy,0,0,0.0,1.0
synthetic64,diffusion/synchronization,window,96,copy-002,2,True,copy,0,0,0.0,1.0
synthetic64,diffusion/synchronization,window,96,copy-003,3,True,copy,0,1,0.0,1.0
synthetic64,diffusion/synchronization,window,96,copy-004,4,True,copy,0,0,0.0,1.0
synthetic64,diffusion/synchronization,window,96,copy-005,5,True,copy,1,0,0.09090909090909091,1.0
synthetic64,diffusion/synchronization,window,96,common-006,6,True,common,0,0,0.0,1.0
synthetic64,diffusion/synchronization,window,96,common-007,7,True,common,0,0,0.0,1.0
synthetic64,diffusion/synchronization,window,96,common-008,8,True,common,1,0,0.058823529411764705,1.0
synthetic64,diffusion/synchronization,window,96,common-009,9,True,common,0,0,0.0,1.0
synthetic64,diffusion/synchronization,window,96,common-010,10,True,common,0,2,0.0,1.0
synthetic64,diffusion/synchronization,window,96,common-011,11,True,common,0,0,0.0,1.0
synthetic64,diffusion/synchronization,window,96,decouple-012,0,True,decouple,0,0,0.0,1.0
synthetic64,diffusion/synchronization,window,96,decouple-013,1,True,decouple,0,0,0.0,1.0
synthetic64,diffusion/synchronization,window,96,decouple-014,2,True,decouple,0,0,0.0,1.0
synthetic64,diffusion/synchronization,window,96,decouple-015,3,True,decouple,0,1,0.0,1.0
synthetic64,diffusion/synchronization,window,96,decouple-016,4,True,decouple,0,0,0.0,1.0
synthetic64,diffusion/synchronization,window,96,decouple-017,5,True,decouple,1,1,0.2,1.0
synthetic64,diffusion/synchronization,window,96,noise-018,6,True,noise,0,0,0.0,1.0
synthetic64,diffusion/synchronization,window,96,noise-019,7,True,noise,0,0,0.0,1.0
synthetic64,diffusion/synchronization,window,96,noise-020,8,True,noise,1,0,0.0,1.0
synthetic64,diffusion/synchronization,window,96,noise-021,9,True,noise,0,0,0.0,1.0
synthetic64,diffusion/synchronization,window,96,noise-022,10,True,noise,0,1,0.0,1.0
synthetic64,diffusion/synchronization,window,96,noise-023,11,True,noise,0,0,0.0,1.0
synthetic64,diffusion/synchronization,window,96,delay-024,0,True,delay,0,0,0.0,1.0
synthetic64,diffusion/synchronization,window,96,delay-025,1,True,delay,0,0,0.0,1.0
synthetic64,diffusion/synchronization,window,96,delay-026,2,True,delay,0,0,0.0,1.0
synthetic64,diffusion/synchronization,window,96,delay-027,3,True,delay,0,1,0.0,1.0
synthetic64,diffusion/synchronization,window,96,delay-028,4,True,delay,0,0,0.0,1.0
synthetic64,diffusion/synchronization,window,96,delay-029,5,True,delay,1,0,0.2,1.0
synthetic64,diffusion/synchronization,window,96,drift-030,6,True,drift,0,0,0.0,1.0
synthetic64,diffusion/synchronization,window,96,drift-031,7,True,drift,0,0,0.0,1.0
synthetic64,diffusion/synchronization,window,96,drift-032,8,True,drift,1,0,0.125,1.0
synthetic64,diffusion/synchronization,window,96,drift-033,9,True,drift,0,0,0.0,1.0
synthetic64,diffusion/synchronization,window,96,drift-034,10,True,drift,0,2,0.0,1.0
synthetic64,diffusion/synchronization,window,96,drift-035,11,True,drift,0,0,0.0,1.0
synthetic64,diffusion/synchronization,window,96,flatline-036,0,True,flatline,0,0,0.0,1.0
synthetic64,diffusion/synchronization,window,96,flatline-037,1,True,flatline,0,0,0.0,1.0
synthetic64,diffusion/synchronization,window,96,flatline-038,2,True,flatline,0,1,0.0,0.9709962168978562
synthetic64,diffusion/synchronization,window,96,flatline-039,3,True,flatline,0,1,0.0,1.0
synthetic64,diffusion/synchronization,window,96,flatline-040,4,True,flatline,1,0,0.125,1.0
synthetic64,diffusion/synchronization,window,96,flatline-041,5,True,flatline,1,0,0.2,0.9394703656998739
synthetic64,diffusion/synchronization,window,96,dropout-042,6,True,dropout,0,0,0.0,1.0
synthetic64,diffusion/synchronization,window,96,dropout-043,7,True,dropout,0,0,0.0,0.43253467843631777
synthetic64,diffusion/synchronization,window,96,dropout-044,8,True,dropout,1,0,0.0,0.7162673392181589
synthetic64,diffusion/synchronization,window,96,dropout-045,9,True,dropout,0,0,0.0,1.0
synthetic64,diffusion/synchronization,window,96,dropout-046,10,True,dropout,0,2,0.0,0.7730138713745272
synthetic64,diffusion/synchronization,window,96,dropout-047,11,True,dropout,0,0,0.0,0.5233291298865069
synthetic64,diffusion/synchronization,window,96,anticorrelated-048,0,True,anticorrelated,0,0,0.0,1.0
synthetic64,diffusion/synchronization,window,96,anticorrelated-049,1,True,anticorrelated,0,0,0.0,1.0
synthetic64,diffusion/synchronization,window,96,anticorrelated-050,2,True,anticorrelated,1,1,0.2,1.0
synthetic64,diffusion/synchronization,window,96,anticorrelated-051,3,True,anticorrelated,0,1,0.0,1.0
synthetic64,diffusion/synchronization,window,96,anticorrelated-052,4,True,anticorrelated,1,0,0.125,1.0
synthetic64,diffusion/synchronization,window,96,anticorrelated-053,5,True,anticorrelated,1,1,0.2,1.0
synthetic64,diffusion/synchronization,window,96,mixed-054,6,True,mixed,0,0,0.0,1.0
synthetic64,diffusion/synchronization,window,96,mixed-055,7,True,mixed,0,0,0.0,1.0
synthetic64,diffusion/synchronization,window,96,mixed-056,8,True,mixed,1,0,0.2,1.0
synthetic64,diffusion/synchronization,window,96,mixed-057,9,True,mixed,0,0,0.0,1.0
synthetic64,diffusion/synchronization,window,96,mixed-058,10,True,mixed,0,3,0.0,1.0
synthetic64,diffusion/synchronization,window,96,mixed-059,11,True,mixed,0,0,0.0,1.0
synthetic64,diffusion/synchronization,window,96,matched_covariance-060,0,True,matched_covariance,0,0,0.0,1.0
synthetic64,diffusion/synchronization,window,96,matched_covariance-061,1,True,matched_covariance,0,0,0.0,1.0
synthetic64,diffusion/synchronization,window,96,matched_covariance-062,2,True,matched_covariance,0,0,0.0,1.0
synthetic64,diffusion/synchronization,window,96,matched_covariance-063,3,True,matched_covariance,0,1,0.0,1.0
synthetic64,diffusion/synchronization,window,96,matched_covariance-064,4,True,matched_covariance,0,0,0.0,1.0
synthetic64,diffusion/synchronization,window,96,matched_covariance-065,5,True,matched_covariance,1,0,0.14285714285714285,1.0
synthetic64,diffusion/synchronization,window,96,marginal_preserving-066,6,True,marginal_preserving,0,0,0.0,1.0
synthetic64,diffusion/synchronization,window,96,marginal_preserving-067,7,True,marginal_preserving,0,1,0.0,1.0
synthetic64,diffusion/synchronization,window,96,marginal_preserving-068,8,True,marginal_preserving,1,0,0.125,1.0
synthetic64,diffusion/synchronization,window,96,marginal_preserving-069,9,True,marginal_preserving,0,0,0.0,1.0
synthetic64,diffusion/synchronization,window,96,marginal_preserving-070,10,True,marginal_preserving,0,2,0.0,1.0
synthetic64,diffusion/synchronization,window,96,marginal_preserving-071,11,True,marginal_preserving,1,0,0.2,1.0
synthetic64,diffusion/synchronization,window,96,untouched-000,0,False,untouched,0,0,0.0,1.0
synthetic64,diffusion/synchronization,window,96,transition-000,0,False,transition,0,0,0.0,1.0
synthetic64,diffusion/synchronization,window,96,untouched-001,1,False,untouched,0,0,0.0,1.0
synthetic64,diffusion/synchronization,window,96,transition-001,1,False,transition,0,0,0.0,1.0
synthetic64,diffusion/synchronization,window,96,untouched-002,2,False,untouched,0,0,0.0,1.0
synthetic64,diffusion/synchronization,window,96,transition-002,2,False,transition,0,1,0.0,1.0
synthetic64,diffusion/synchronization,window,96,untouched-003,3,False,untouched,0,1,0.0,1.0
synthetic64,diffusion/synchronization,window,96,transition-003,3,False,transition,0,0,0.0,1.0
synthetic64,diffusion/synchronization,window,96,untouched-004,4,False,untouched,0,0,0.0,1.0
synthetic64,diffusion/synchronization,window,96,transition-004,4,False,transition,0,0,0.0,1.0
synthetic64,diffusion/synchronization,window,96,untouched-005,5,False,untouched,0,1,0.0,1.0
synthetic64,diffusion/synchronization,window,96,transition-005,5,False,transition,0,2,0.0,1.0
synthetic64,diffusion/synchronization,window,96,untouched-006,6,False,untouched,0,0,0.0,1.0
synthetic64,diffusion/synchronization,window,96,transition-006,6,False,transition,0,0,0.0,1.0
synthetic64,diffusion/synchronization,window,96,untouched-007,7,False,untouched,0,0,0.0,1.0
synthetic64,diffusion/synchronization,window,96,transition-007,7,False,transition,0,0,0.0,1.0
synthetic64,diffusion/synchronization,window,96,untouched-008,8,False,untouched,0,1,0.0,1.0
synthetic64,diffusion/synchronization,window,96,transition-008,8,False,transition,0,0,0.0,1.0
synthetic64,diffusion/synchronization,window,96,untouched-009,9,False,untouched,0,0,0.0,1.0
synthetic64,diffusion/synchronization,window,96,transition-009,9,False,transition,0,2,0.0,1.0
synthetic64,diffusion/synchronization,window,96,untouched-010,10,False,untouched,0,2,0.0,1.0
synthetic64,diffusion/synchronization,window,96,transition-010,10,False,transition,0,4,0.0,1.0
synthetic64,diffusion/synchronization,window,96,untouched-011,11,False,untouched,0,0,0.0,1.0
synthetic64,diffusion/synchronization,window,96,transition-011,11,False,transition,0,0,0.0,1.0
synthetic64,diffusion/combined,window,96,copy-000,0,True,copy,0,0,0.0,1.0
synthetic64,diffusion/combined,window,96,copy-001,1,True,copy,0,0,0.0,1.0
synthetic64,diffusion/combined,window,96,copy-002,2,True,copy,0,0,0.0,1.0
synthetic64,diffusion/combined,window,96,copy-003,3,True,copy,0,1,0.0,1.0
synthetic64,diffusion/combined,window,96,copy-004,4,True,copy,0,0,0.0,1.0
synthetic64,diffusion/combined,window,96,copy-005,5,True,copy,1,0,0.043478260869565216,1.0
synthetic64,diffusion/combined,window,96,common-006,6,True,common,0,0,0.0,1.0
synthetic64,diffusion/combined,window,96,common-007,7,True,common,0,0,0.0,1.0
synthetic64,diffusion/combined,window,96,common-008,8,True,common,1,0,0.058823529411764705,1.0
synthetic64,diffusion/combined,window,96,common-009,9,True,common,0,0,0.0,1.0
synthetic64,diffusion/combined,window,96,common-010,10,True,common,0,2,0.0,1.0
synthetic64,diffusion/combined,window,96,common-011,11,True,common,0,0,0.0,1.0
synthetic64,diffusion/combined,window,96,decouple-012,0,True,decouple,0,0,0.0,1.0
synthetic64,diffusion/combined,window,96,decouple-013,1,True,decouple,0,0,0.0,1.0
synthetic64,diffusion/combined,window,96,decouple-014,2,True,decouple,0,0,0.0,1.0
synthetic64,diffusion/combined,window,96,decouple-015,3,True,decouple,0,1,0.0,1.0
synthetic64,diffusion/combined,window,96,decouple-016,4,True,decouple,0,0,0.0,1.0
synthetic64,diffusion/combined,window,96,decouple-017,5,True,decouple,1,1,0.14285714285714285,1.0
synthetic64,diffusion/combined,window,96,noise-018,6,True,noise,0,0,0.0,1.0
synthetic64,diffusion/combined,window,96,noise-019,7,True,noise,0,0,0.0,1.0
synthetic64,diffusion/combined,window,96,noise-020,8,True,noise,1,0,0.0,1.0
synthetic64,diffusion/combined,window,96,noise-021,9,True,noise,0,0,0.0,1.0
synthetic64,diffusion/combined,window,96,noise-022,10,True,noise,0,1,0.0,1.0
synthetic64,diffusion/combined,window,96,noise-023,11,True,noise,0,0,0.0,1.0
synthetic64,diffusion/combined,window,96,delay-024,0,True,delay,0,0,0.0,1.0
synthetic64,diffusion/combined,window,96,delay-025,1,True,delay,0,0,0.0,1.0
synthetic64,diffusion/combined,window,96,delay-026,2,True,delay,0,0,0.0,1.0
synthetic64,diffusion/combined,window,96,delay-027,3,True,delay,0,1,0.0,1.0
synthetic64,diffusion/combined,window,96,delay-028,4,True,delay,0,0,0.0,1.0
synthetic64,diffusion/combined,window,96,delay-029,5,True,delay,1,0,0.2,1.0
synthetic64,diffusion/combined,window,96,drift-030,6,True,drift,0,0,0.0,1.0
synthetic64,diffusion/combined,window,96,drift-031,7,True,drift,0,0,0.0,1.0
synthetic64,diffusion/combined,window,96,drift-032,8,True,drift,1,0,0.058823529411764705,1.0
synthetic64,diffusion/combined,window,96,drift-033,9,True,drift,0,0,0.0,1.0
synthetic64,diffusion/combined,window,96,drift-034,10,True,drift,0,2,0.0,1.0
synthetic64,diffusion/combined,window,96,drift-035,11,True,drift,0,0,0.0,1.0
synthetic64,diffusion/combined,window,96,flatline-036,0,True,flatline,0,0,0.0,1.0
synthetic64,diffusion/combined,window,96,flatline-037,1,True,flatline,0,0,0.0,1.0
synthetic64,diffusion/combined,window,96,flatline-038,2,True,flatline,0,1,0.0,0.9709962168978562
synthetic64,diffusion/combined,window,96,flatline-039,3,True,flatline,0,1,0.0,1.0
synthetic64,diffusion/combined,window,96,flatline-040,4,True,flatline,1,0,0.125,1.0
synthetic64,diffusion/combined,window,96,flatline-041,5,True,flatline,1,0,0.2,0.9394703656998739
synthetic64,diffusion/combined,window,96,dropout-042,6,True,dropout,0,0,0.0,1.0
synthetic64,diffusion/combined,window,96,dropout-043,7,True,dropout,0,0,0.0,0.43253467843631777
synthetic64,diffusion/combined,window,96,dropout-044,8,True,dropout,1,0,0.0,0.7162673392181589
synthetic64,diffusion/combined,window,96,dropout-045,9,True,dropout,0,0,0.0,1.0
synthetic64,diffusion/combined,window,96,dropout-046,10,True,dropout,0,2,0.0,0.7730138713745272
synthetic64,diffusion/combined,window,96,dropout-047,11,True,dropout,0,0,0.0,0.5233291298865069
synthetic64,diffusion/combined,window,96,anticorrelated-048,0,True,anticorrelated,0,0,0.0,1.0
synthetic64,diffusion/combined,window,96,anticorrelated-049,1,True,anticorrelated,0,0,0.0,1.0
synthetic64,diffusion/combined,window,96,anticorrelated-050,2,True,anticorrelated,1,1,0.2,1.0
synthetic64,diffusion/combined,window,96,anticorrelated-051,3,True,anticorrelated,0,1,0.0,1.0
synthetic64,diffusion/combined,window,96,anticorrelated-052,4,True,anticorrelated,1,0,0.125,1.0
synthetic64,diffusion/combined,window,96,anticorrelated-053,5,True,anticorrelated,1,1,0.2,1.0
synthetic64,diffusion/combined,window,96,mixed-054,6,True,mixed,0,0,0.0,1.0
synthetic64,diffusion/combined,window,96,mixed-055,7,True,mixed,0,0,0.0,1.0
synthetic64,diffusion/combined,window,96,mixed-056,8,True,mixed,1,0,0.2,1.0
synthetic64,diffusion/combined,window,96,mixed-057,9,True,mixed,0,0,0.0,1.0
synthetic64,diffusion/combined,window,96,mixed-058,10,True,mixed,0,3,0.0,1.0
synthetic64,diffusion/combined,window,96,mixed-059,11,True,mixed,0,0,0.0,1.0
synthetic64,diffusion/combined,window,96,matched_covariance-060,0,True,matched_covariance,0,0,0.0,1.0
synthetic64,diffusion/combined,window,96,matched_covariance-061,1,True,matched_covariance,0,0,0.0,1.0
synthetic64,diffusion/combined,window,96,matched_covariance-062,2,True,matched_covariance,0,0,0.0,1.0
synthetic64,diffusion/combined,window,96,matched_covariance-063,3,True,matched_covariance,0,1,0.0,1.0
synthetic64,diffusion/combined,window,96,matched_covariance-064,4,True,matched_covariance,0,0,0.0,1.0
synthetic64,diffusion/combined,window,96,matched_covariance-065,5,True,matched_covariance,1,0,0.2,1.0
synthetic64,diffusion/combined,window,96,marginal_preserving-066,6,True,marginal_preserving,0,0,0.0,1.0
synthetic64,diffusion/combined,window,96,marginal_preserving-067,7,True,marginal_preserving,0,1,0.0,1.0
synthetic64,diffusion/combined,window,96,marginal_preserving-068,8,True,marginal_preserving,1,0,0.125,1.0
synthetic64,diffusion/combined,window,96,marginal_preserving-069,9,True,marginal_preserving,0,0,0.0,1.0
synthetic64,diffusion/combined,window,96,marginal_preserving-070,10,True,marginal_preserving,0,2,0.0,1.0
synthetic64,diffusion/combined,window,96,marginal_preserving-071,11,True,marginal_preserving,1,0,0.2,1.0
synthetic64,diffusion/combined,window,96,untouched-000,0,False,untouched,0,0,0.0,1.0
synthetic64,diffusion/combined,window,96,transition-000,0,False,transition,0,0,0.0,1.0
synthetic64,diffusion/combined,window,96,untouched-001,1,False,untouched,0,0,0.0,1.0
synthetic64,diffusion/combined,window,96,transition-001,1,False,transition,0,0,0.0,1.0
synthetic64,diffusion/combined,window,96,untouched-002,2,False,untouched,0,0,0.0,1.0
synthetic64,diffusion/combined,window,96,transition-002,2,False,transition,0,1,0.0,1.0
synthetic64,diffusion/combined,window,96,untouched-003,3,False,untouched,0,1,0.0,1.0
synthetic64,diffusion/combined,window,96,transition-003,3,False,transition,0,0,0.0,1.0
synthetic64,diffusion/combined,window,96,untouched-004,4,False,untouched,0,0,0.0,1.0
synthetic64,diffusion/combined,window,96,transition-004,4,False,transition,0,0,0.0,1.0
synthetic64,diffusion/combined,window,96,untouched-005,5,False,untouched,0,1,0.0,1.0
synthetic64,diffusion/combined,window,96,transition-005,5,False,transition,0,2,0.0,1.0
synthetic64,diffusion/combined,window,96,untouched-006,6,False,untouched,0,0,0.0,1.0
synthetic64,diffusion/combined,window,96,transition-006,6,False,transition,0,0,0.0,1.0
synthetic64,diffusion/combined,window,96,untouched-007,7,False,untouched,0,0,0.0,1.0
synthetic64,diffusion/combined,window,96,transition-007,7,False,transition,0,0,0.0,1.0
synthetic64,diffusion/combined,window,96,untouched-008,8,False,untouched,0,1,0.0,1.0
synthetic64,diffusion/combined,window,96,transition-008,8,False,transition,0,0,0.0,1.0
synthetic64,diffusion/combined,window,96,untouched-009,9,False,untouched,0,0,0.0,1.0
synthetic64,diffusion/combined,window,96,transition-009,9,False,transition,0,2,0.0,1.0
synthetic64,diffusion/combined,window,96,untouched-010,10,False,untouched,0,2,0.0,1.0
synthetic64,diffusion/combined,window,96,transition-010,10,False,transition,0,4,0.0,1.0
synthetic64,diffusion/combined,window,96,untouched-011,11,False,untouched,0,0,0.0,1.0
synthetic64,diffusion/combined,window,96,transition-011,11,False,transition,0,0,0.0,1.0
synthetic64,diffusion/entropy,size,6,copy-000,0,True,copy,0,2,0.0,1.0
synthetic64,diffusion/entropy,size,6,copy-001,1,True,copy,0,0,0.0,1.0
synthetic64,diffusion/entropy,size,6,copy-002,2,True,copy,0,0,0.0,1.0
synthetic64,diffusion/entropy,size,6,copy-003,3,True,copy,0,1,0.0,1.0
synthetic64,diffusion/entropy,size,6,copy-004,4,True,copy,0,1,0.0,1.0
synthetic64,diffusion/entropy,size,6,copy-005,5,True,copy,1,0,0.043478260869565216,1.0
synthetic64,diffusion/entropy,size,6,common-006,6,True,common,0,0,0.0,1.0
synthetic64,diffusion/entropy,size,6,common-007,7,True,common,0,0,0.0,1.0
synthetic64,diffusion/entropy,size,6,common-008,8,True,common,1,1,0.058823529411764705,1.0
synthetic64,diffusion/entropy,size,6,common-009,9,True,common,0,0,0.0,1.0
synthetic64,diffusion/entropy,size,6,common-010,10,True,common,0,3,0.0,1.0
synthetic64,diffusion/entropy,size,6,common-011,11,True,common,1,0,0.043478260869565216,1.0
synthetic64,diffusion/entropy,size,6,decouple-012,0,True,decouple,0,2,0.0,1.0
synthetic64,diffusion/entropy,size,6,decouple-013,1,True,decouple,0,0,0.0,1.0
synthetic64,diffusion/entropy,size,6,decouple-014,2,True,decouple,0,0,0.0,1.0
synthetic64,diffusion/entropy,size,6,decouple-015,3,True,decouple,0,0,0.0,1.0
synthetic64,diffusion/entropy,size,6,decouple-016,4,True,decouple,0,1,0.0,1.0
synthetic64,diffusion/entropy,size,6,decouple-017,5,True,decouple,1,0,0.09090909090909091,1.0
synthetic64,diffusion/entropy,size,6,noise-018,6,True,noise,0,0,0.0,1.0
synthetic64,diffusion/entropy,size,6,noise-019,7,True,noise,0,0,0.0,1.0
synthetic64,diffusion/entropy,size,6,noise-020,8,True,noise,1,1,0.0,1.0
synthetic64,diffusion/entropy,size,6,noise-021,9,True,noise,0,0,0.0,1.0
synthetic64,diffusion/entropy,size,6,noise-022,10,True,noise,0,1,0.0,1.0
synthetic64,diffusion/entropy,size,6,noise-023,11,True,noise,1,0,0.14285714285714285,1.0
synthetic64,diffusion/entropy,size,6,delay-024,0,True,delay,0,2,0.0,1.0
synthetic64,diffusion/entropy,size,6,delay-025,1,True,delay,0,0,0.0,1.0
synthetic64,diffusion/entropy,size,6,delay-026,2,True,delay,0,0,0.0,1.0
synthetic64,diffusion/entropy,size,6,delay-027,3,True,delay,0,0,0.0,1.0
synthetic64,diffusion/entropy,size,6,delay-028,4,True,delay,0,1,0.0,1.0
synthetic64,diffusion/entropy,size,6,delay-029,5,True,delay,1,0,0.2,1.0
synthetic64,diffusion/entropy,size,6,drift-030,6,True,drift,0,0,0.0,1.0
synthetic64,diffusion/entropy,size,6,drift-031,7,True,drift,0,0,0.0,1.0
synthetic64,diffusion/entropy,size,6,drift-032,8,True,drift,1,2,0.125,1.0
synthetic64,diffusion/entropy,size,6,drift-033,9,True,drift,0,0,0.0,1.0
synthetic64,diffusion/entropy,size,6,drift-034,10,True,drift,0,3,0.0,1.0
synthetic64,diffusion/entropy,size,6,drift-035,11,True,drift,1,0,0.0,1.0
synthetic64,diffusion/entropy,size,6,flatline-036,0,True,flatline,0,2,0.0,1.0
synthetic64,diffusion/entropy,size,6,flatline-037,1,True,flatline,0,0,0.0,0.9435897435897436
synthetic64,diffusion/entropy,size,6,flatline-038,2,True,flatline,0,0,0.0,0.9
synthetic64,diffusion/entropy,size,6,flatline-039,3,True,flatline,0,0,0.0,1.0
synthetic64,diffusion/entropy,size,6,flatline-040,4,True,flatline,1,1,0.125,0.9538461538461539
synthetic64,diffusion/entropy,size,6,flatline-041,5,True,flatline,1,0,0.0,0.8333333333333334
synthetic64,diffusion/entropy,size,6,dropout-042,6,True,dropout,0,0,0.0,0.9461538461538461
synthetic64,diffusion/entropy,size,6,dropout-043,7,True,dropout,0,0,0.0,0.65
synthetic64,diffusion/entropy,size,6,dropout-044,8,True,dropout,1,1,0.0,0.8205128205128205
synthetic64,diffusion/entropy,size,6,dropout-045,9,True,dropout,0,0,0.0,0.8846153846153846
synthetic64,diffusion/entropy,size,6,dropout-046,10,True,dropout,0,3,0.0,0.9192307692307692
synthetic64,diffusion/entropy,size,6,dropout-047,11,True,dropout,1,0,0.0,0.6410256410256411
synthetic64,diffusion/entropy,size,6,anticorrelated-048,0,True,anticorrelated,0,2,0.0,1.0
synthetic64,diffusion/entropy,size,6,anticorrelated-049,1,True,anticorrelated,0,0,0.0,1.0
synthetic64,diffusion/entropy,size,6,anticorrelated-050,2,True,anticorrelated,0,0,0.0,1.0
synthetic64,diffusion/entropy,size,6,anticorrelated-051,3,True,anticorrelated,0,0,0.0,1.0
synthetic64,diffusion/entropy,size,6,anticorrelated-052,4,True,anticorrelated,1,1,0.125,1.0
synthetic64,diffusion/entropy,size,6,anticorrelated-053,5,True,anticorrelated,1,0,0.0,1.0
synthetic64,diffusion/entropy,size,6,mixed-054,6,True,mixed,0,0,0.0,1.0
synthetic64,diffusion/entropy,size,6,mixed-055,7,True,mixed,0,0,0.0,1.0
synthetic64,diffusion/entropy,size,6,mixed-056,8,True,mixed,1,1,0.2,1.0
synthetic64,diffusion/entropy,size,6,mixed-057,9,True,mixed,0,0,0.0,1.0
synthetic64,diffusion/entropy,size,6,mixed-058,10,True,mixed,0,3,0.0,1.0
synthetic64,diffusion/entropy,size,6,mixed-059,11,True,mixed,1,0,0.09090909090909091,1.0
synthetic64,diffusion/entropy,size,6,matched_covariance-060,0,True,matched_covariance,0,2,0.0,1.0
synthetic64,diffusion/entropy,size,6,matched_covariance-061,1,True,matched_covariance,0,0,0.0,1.0
synthetic64,diffusion/entropy,size,6,matched_covariance-062,2,True,matched_covariance,0,0,0.0,1.0
synthetic64,diffusion/entropy,size,6,matched_covariance-063,3,True,matched_covariance,0,0,0.0,1.0
synthetic64,diffusion/entropy,size,6,matched_covariance-064,4,True,matched_covariance,0,1,0.0,1.0
synthetic64,diffusion/entropy,size,6,matched_covariance-065,5,True,matched_covariance,1,0,0.2,1.0
synthetic64,diffusion/entropy,size,6,marginal_preserving-066,6,True,marginal_preserving,0,0,0.0,1.0
synthetic64,diffusion/entropy,size,6,marginal_preserving-067,7,True,marginal_preserving,1,1,0.043478260869565216,1.0
synthetic64,diffusion/entropy,size,6,marginal_preserving-068,8,True,marginal_preserving,1,1,0.2,1.0
synthetic64,diffusion/entropy,size,6,marginal_preserving-069,9,True,marginal_preserving,0,0,0.0,1.0
synthetic64,diffusion/entropy,size,6,marginal_preserving-070,10,True,marginal_preserving,0,3,0.0,1.0
synthetic64,diffusion/entropy,size,6,marginal_preserving-071,11,True,marginal_preserving,1,0,0.2,1.0
synthetic64,diffusion/entropy,size,6,untouched-000,0,False,untouched,0,2,0.0,1.0
synthetic64,diffusion/entropy,size,6,transition-000,0,False,transition,0,1,0.0,1.0
synthetic64,diffusion/entropy,size,6,untouched-001,1,False,untouched,0,0,0.0,1.0
synthetic64,diffusion/entropy,size,6,transition-001,1,False,transition,0,0,0.0,1.0
synthetic64,diffusion/entropy,size,6,untouched-002,2,False,untouched,0,0,0.0,1.0
synthetic64,diffusion/entropy,size,6,transition-002,2,False,transition,0,0,0.0,1.0
synthetic64,diffusion/entropy,size,6,untouched-003,3,False,untouched,0,0,0.0,1.0
synthetic64,diffusion/entropy,size,6,transition-003,3,False,transition,0,0,0.0,1.0
synthetic64,diffusion/entropy,size,6,untouched-004,4,False,untouched,0,1,0.0,1.0
synthetic64,diffusion/entropy,size,6,transition-004,4,False,transition,0,0,0.0,1.0
synthetic64,diffusion/entropy,size,6,untouched-005,5,False,untouched,0,1,0.0,1.0
synthetic64,diffusion/entropy,size,6,transition-005,5,False,transition,0,0,0.0,1.0
synthetic64,diffusion/entropy,size,6,untouched-006,6,False,untouched,0,0,0.0,1.0
synthetic64,diffusion/entropy,size,6,transition-006,6,False,transition,0,0,0.0,1.0
synthetic64,diffusion/entropy,size,6,untouched-007,7,False,untouched,0,0,0.0,1.0
synthetic64,diffusion/entropy,size,6,transition-007,7,False,transition,0,1,0.0,1.0
synthetic64,diffusion/entropy,size,6,untouched-008,8,False,untouched,0,2,0.0,1.0
synthetic64,diffusion/entropy,size,6,transition-008,8,False,transition,0,1,0.0,1.0
synthetic64,diffusion/entropy,size,6,untouched-009,9,False,untouched,0,0,0.0,1.0
synthetic64,diffusion/entropy,size,6,transition-009,9,False,transition,0,1,0.0,1.0
synthetic64,diffusion/entropy,size,6,untouched-010,10,False,untouched,0,3,0.0,1.0
synthetic64,diffusion/entropy,size,6,transition-010,10,False,transition,0,3,0.0,1.0
synthetic64,diffusion/entropy,size,6,untouched-011,11,False,untouched,0,1,0.0,1.0
synthetic64,diffusion/entropy,size,6,transition-011,11,False,transition,0,0,0.0,1.0
synthetic64,diffusion/synchronization,size,6,copy-000,0,True,copy,0,2,0.0,1.0
synthetic64,diffusion/synchronization,size,6,copy-001,1,True,copy,0,0,0.0,1.0
synthetic64,diffusion/synchronization,size,6,copy-002,2,True,copy,0,0,0.0,1.0
synthetic64,diffusion/synchronization,size,6,copy-003,3,True,copy,0,1,0.0,1.0
synthetic64,diffusion/synchronization,size,6,copy-004,4,True,copy,1,1,0.125,1.0
synthetic64,diffusion/synchronization,size,6,copy-005,5,True,copy,1,0,0.09090909090909091,1.0
synthetic64,diffusion/synchronization,size,6,common-006,6,True,common,0,1,0.0,1.0
synthetic64,diffusion/synchronization,size,6,common-007,7,True,common,0,1,0.0,1.0
synthetic64,diffusion/synchronization,size,6,common-008,8,True,common,1,1,0.058823529411764705,1.0
synthetic64,diffusion/synchronization,size,6,common-009,9,True,common,0,0,0.0,1.0
synthetic64,diffusion/synchronization,size,6,common-010,10,True,common,0,2,0.0,1.0
synthetic64,diffusion/synchronization,size,6,common-011,11,True,common,1,0,0.043478260869565216,1.0
synthetic64,diffusion/synchronization,size,6,decouple-012,0,True,decouple,0,2,0.0,1.0
synthetic64,diffusion/synchronization,size,6,decouple-013,1,True,decouple,0,0,0.0,1.0
synthetic64,diffusion/synchronization,size,6,decouple-014,2,True,decouple,0,0,0.0,1.0
synthetic64,diffusion/synchronization,size,6,decouple-015,3,True,decouple,0,1,0.0,1.0
synthetic64,diffusion/synchronization,size,6,decouple-016,4,True,decouple,1,1,0.0,1.0
synthetic64,diffusion/synchronization,size,6,decouple-017,5,True,decouple,1,0,0.2,1.0
synthetic64,diffusion/synchronization,size,6,noise-018,6,True,noise,0,1,0.0,1.0
synthetic64,diffusion/synchronization,size,6,noise-019,7,True,noise,0,1,0.0,1.0
synthetic64,diffusion/synchronization,size,6,noise-020,8,True,noise,1,1,0.058823529411764705,1.0
synthetic64,diffusion/synchronization,size,6,noise-021,9,True,noise,0,0,0.0,1.0
synthetic64,diffusion/synchronization,size,6,noise-022,10,True,noise,0,1,0.0,1.0
synthetic64,diffusion/synchronization,size,6,noise-023,11,True,noise,1,0,0.09090909090909091,1.0
synthetic64,diffusion/synchronization,size,6,delay-024,0,True,delay,0,2,0.0,1.0
synthetic64,diffusion/synchronization,size,6,delay-025,1,True,delay,0,0,0.0,1.0
synthetic64,diffusion/synchronization,size,6,delay-026,2,True,delay,0,0,0.0,1.0
synthetic64,diffusion/synchronization,size,6,delay-027,3,True,delay,0,1,0.0,1.0
synthetic64,diffusion/synchronization,size,6,delay-028,4,True,delay,1,1,0.0,1.0
synthetic64,diffusion/synchronization,size,6,delay-029,5,True,delay,1,0,0.2,1.0
synthetic64,diffusion/synchronization,size,6,drift-030,6,True,drift,0,1,0.0,1.0
synthetic64,diffusion/synchronization,size,6,drift-031,7,True,drift,0,1,0.0,1.0
synthetic64,diffusion/synchronization,size,6,drift-032,8,True,drift,1,1,0.125,1.0
synthetic64,diffusion/synchronization,size,6,drift-033,9,True,drift,1,0,0.4117647058823529,1.0
synthetic64,diffusion/synchronization,size,6,drift-034,10,True,drift,0,2,0.0,1.0
synthetic64,diffusion/synchronization,size,6,drift-035,11,True,drift,1,0,0.0,1.0
synthetic64,diffusion/synchronization,size,6,flatline-036,0,True,flatline,0,2,0.0,1.0
synthetic64,diffusion/synchronization,size,6,flatline-037,1,True,flatline,0,0,0.0,0.9435897435897436
synthetic64,diffusion/synchronization,size,6,flatline-038,2,True,flatline,0,1,0.0,0.9
synthetic64,diffusion/synchronization,size,6,flatline-039,3,True,flatline,0,1,0.0,1.0
synthetic64,diffusion/synchronization,size,6,flatline-040,4,True,flatline,1,2,0.0,0.9538461538461539
synthetic64,diffusion/synchronization,size,6,flatline-041,5,True,flatline,1,0,0.09090909090909091,0.8333333333333334
synthetic64,diffusion/synchronization,size,6,dropout-042,6,True,dropout,0,1,0.0,0.9461538461538461
synthetic64,diffusion/synchronization,size,6,dropout-043,7,True,dropout,0,1,0.0,0.65
synthetic64,diffusion/synchronization,size,6,dropout-044,8,True,dropout,1,1,0.0,0.8205128205128205
synthetic64,diffusion/synchronization,size,6,dropout-045,9,True,dropout,0,0,0.0,0.8846153846153846
synthetic64,diffusion/synchronization,size,6,dropout-046,10,True,dropout,0,2,0.0,0.9192307692307692
synthetic64,diffusion/synchronization,size,6,dropout-047,11,True,dropout,1,0,0.0,0.6410256410256411
synthetic64,diffusion/synchronization,size,6,anticorrelated-048,0,True,anticorrelated,0,2,0.0,1.0
synthetic64,diffusion/synchronization,size,6,anticorrelated-049,1,True,anticorrelated,0,0,0.0,1.0
synthetic64,diffusion/synchronization,size,6,anticorrelated-050,2,True,anticorrelated,1,0,0.2,1.0
synthetic64,diffusion/synchronization,size,6,anticorrelated-051,3,True,anticorrelated,0,1,0.0,1.0
synthetic64,diffusion/synchronization,size,6,anticorrelated-052,4,True,anticorrelated,1,1,0.2857142857142857,1.0
synthetic64,diffusion/synchronization,size,6,anticorrelated-053,5,True,anticorrelated,1,2,0.14285714285714285,1.0
synthetic64,diffusion/synchronization,size,6,mixed-054,6,True,mixed,0,1,0.0,1.0
synthetic64,diffusion/synchronization,size,6,mixed-055,7,True,mixed,0,1,0.0,1.0
synthetic64,diffusion/synchronization,size,6,mixed-056,8,True,mixed,1,1,0.058823529411764705,1.0
synthetic64,diffusion/synchronization,size,6,mixed-057,9,True,mixed,0,0,0.0,1.0
synthetic64,diffusion/synchronization,size,6,mixed-058,10,True,mixed,0,2,0.0,1.0
synthetic64,diffusion/synchronization,size,6,mixed-059,11,True,mixed,1,0,0.09090909090909091,1.0
synthetic64,diffusion/synchronization,size,6,matched_covariance-060,0,True,matched_covariance,0,2,0.0,1.0
synthetic64,diffusion/synchronization,size,6,matched_covariance-061,1,True,matched_covariance,0,0,0.0,1.0
synthetic64,diffusion/synchronization,size,6,matched_covariance-062,2,True,matched_covariance,0,0,0.0,1.0
synthetic64,diffusion/synchronization,size,6,matched_covariance-063,3,True,matched_covariance,0,1,0.0,1.0
synthetic64,diffusion/synchronization,size,6,matched_covariance-064,4,True,matched_covariance,1,1,0.0,1.0
synthetic64,diffusion/synchronization,size,6,matched_covariance-065,5,True,matched_covariance,1,0,0.2,1.0
synthetic64,diffusion/synchronization,size,6,marginal_preserving-066,6,True,marginal_preserving,0,1,0.0,1.0
synthetic64,diffusion/synchronization,size,6,marginal_preserving-067,7,True,marginal_preserving,1,1,0.043478260869565216,1.0
synthetic64,diffusion/synchronization,size,6,marginal_preserving-068,8,True,marginal_preserving,1,1,0.2,1.0
synthetic64,diffusion/synchronization,size,6,marginal_preserving-069,9,True,marginal_preserving,0,0,0.0,1.0
synthetic64,diffusion/synchronization,size,6,marginal_preserving-070,10,True,marginal_preserving,1,1,0.2,1.0
synthetic64,diffusion/synchronization,size,6,marginal_preserving-071,11,True,marginal_preserving,1,1,0.09090909090909091,1.0
synthetic64,diffusion/synchronization,size,6,untouched-000,0,False,untouched,0,2,0.0,1.0
synthetic64,diffusion/synchronization,size,6,transition-000,0,False,transition,0,1,0.0,1.0
synthetic64,diffusion/synchronization,size,6,untouched-001,1,False,untouched,0,0,0.0,1.0
synthetic64,diffusion/synchronization,size,6,transition-001,1,False,transition,0,0,0.0,1.0
synthetic64,diffusion/synchronization,size,6,untouched-002,2,False,untouched,0,0,0.0,1.0
synthetic64,diffusion/synchronization,size,6,transition-002,2,False,transition,0,1,0.0,1.0
synthetic64,diffusion/synchronization,size,6,untouched-003,3,False,untouched,0,1,0.0,1.0
synthetic64,diffusion/synchronization,size,6,transition-003,3,False,transition,0,0,0.0,1.0
synthetic64,diffusion/synchronization,size,6,untouched-004,4,False,untouched,0,2,0.0,1.0
synthetic64,diffusion/synchronization,size,6,transition-004,4,False,transition,0,0,0.0,1.0
synthetic64,diffusion/synchronization,size,6,untouched-005,5,False,untouched,0,1,0.0,1.0
synthetic64,diffusion/synchronization,size,6,transition-005,5,False,transition,0,2,0.0,1.0
synthetic64,diffusion/synchronization,size,6,untouched-006,6,False,untouched,0,1,0.0,1.0
synthetic64,diffusion/synchronization,size,6,transition-006,6,False,transition,0,1,0.0,1.0
synthetic64,diffusion/synchronization,size,6,untouched-007,7,False,untouched,0,1,0.0,1.0
synthetic64,diffusion/synchronization,size,6,transition-007,7,False,transition,0,1,0.0,1.0
synthetic64,diffusion/synchronization,size,6,untouched-008,8,False,untouched,0,2,0.0,1.0
synthetic64,diffusion/synchronization,size,6,transition-008,8,False,transition,0,0,0.0,1.0
synthetic64,diffusion/synchronization,size,6,untouched-009,9,False,untouched,0,0,0.0,1.0
synthetic64,diffusion/synchronization,size,6,transition-009,9,False,transition,0,3,0.0,1.0
synthetic64,diffusion/synchronization,size,6,untouched-010,10,False,untouched,0,2,0.0,1.0
synthetic64,diffusion/synchronization,size,6,transition-010,10,False,transition,0,4,0.0,1.0
synthetic64,diffusion/synchronization,size,6,untouched-011,11,False,untouched,0,1,0.0,1.0
synthetic64,diffusion/synchronization,size,6,transition-011,11,False,transition,0,0,0.0,1.0
synthetic64,diffusion/combined,size,6,copy-000,0,True,copy,0,2,0.0,1.0
synthetic64,diffusion/combined,size,6,copy-001,1,True,copy,0,0,0.0,1.0
synthetic64,diffusion/combined,size,6,copy-002,2,True,copy,0,0,0.0,1.0
synthetic64,diffusion/combined,size,6,copy-003,3,True,copy,0,1,0.0,1.0
synthetic64,diffusion/combined,size,6,copy-004,4,True,copy,1,1,0.125,1.0
synthetic64,diffusion/combined,size,6,copy-005,5,True,copy,1,0,0.09090909090909091,1.0
synthetic64,diffusion/combined,size,6,common-006,6,True,common,0,1,0.0,1.0
synthetic64,diffusion/combined,size,6,common-007,7,True,common,0,1,0.0,1.0
synthetic64,diffusion/combined,size,6,common-008,8,True,common,1,1,0.058823529411764705,1.0
synthetic64,diffusion/combined,size,6,common-009,9,True,common,0,0,0.0,1.0
synthetic64,diffusion/combined,size,6,common-010,10,True,common,0,2,0.0,1.0
synthetic64,diffusion/combined,size,6,common-011,11,True,common,1,0,0.043478260869565216,1.0
synthetic64,diffusion/combined,size,6,decouple-012,0,True,decouple,0,2,0.0,1.0
synthetic64,diffusion/combined,size,6,decouple-013,1,True,decouple,0,0,0.0,1.0
synthetic64,diffusion/combined,size,6,decouple-014,2,True,decouple,0,0,0.0,1.0
synthetic64,diffusion/combined,size,6,decouple-015,3,True,decouple,0,1,0.0,1.0
synthetic64,diffusion/combined,size,6,decouple-016,4,True,decouple,1,1,0.0,1.0
synthetic64,diffusion/combined,size,6,decouple-017,5,True,decouple,1,0,0.2,1.0
synthetic64,diffusion/combined,size,6,noise-018,6,True,noise,0,1,0.0,1.0
synthetic64,diffusion/combined,size,6,noise-019,7,True,noise,0,1,0.0,1.0
synthetic64,diffusion/combined,size,6,noise-020,8,True,noise,1,1,0.058823529411764705,1.0
synthetic64,diffusion/combined,size,6,noise-021,9,True,noise,0,0,0.0,1.0
synthetic64,diffusion/combined,size,6,noise-022,10,True,noise,0,1,0.0,1.0
synthetic64,diffusion/combined,size,6,noise-023,11,True,noise,1,0,0.09090909090909091,1.0
synthetic64,diffusion/combined,size,6,delay-024,0,True,delay,0,2,0.0,1.0
synthetic64,diffusion/combined,size,6,delay-025,1,True,delay,0,0,0.0,1.0
synthetic64,diffusion/combined,size,6,delay-026,2,True,delay,0,0,0.0,1.0
synthetic64,diffusion/combined,size,6,delay-027,3,True,delay,0,1,0.0,1.0
synthetic64,diffusion/combined,size,6,delay-028,4,True,delay,1,1,0.0,1.0
synthetic64,diffusion/combined,size,6,delay-029,5,True,delay,1,0,0.2,1.0
synthetic64,diffusion/combined,size,6,drift-030,6,True,drift,0,1,0.0,1.0
synthetic64,diffusion/combined,size,6,drift-031,7,True,drift,0,1,0.0,1.0
synthetic64,diffusion/combined,size,6,drift-032,8,True,drift,1,1,0.125,1.0
synthetic64,diffusion/combined,size,6,drift-033,9,True,drift,1,0,0.4117647058823529,1.0
synthetic64,diffusion/combined,size,6,drift-034,10,True,drift,0,2,0.0,1.0
synthetic64,diffusion/combined,size,6,drift-035,11,True,drift,1,0,0.0,1.0
synthetic64,diffusion/combined,size,6,flatline-036,0,True,flatline,0,2,0.0,1.0
synthetic64,diffusion/combined,size,6,flatline-037,1,True,flatline,0,0,0.0,0.9435897435897436
synthetic64,diffusion/combined,size,6,flatline-038,2,True,flatline,0,1,0.0,0.9
synthetic64,diffusion/combined,size,6,flatline-039,3,True,flatline,0,1,0.0,1.0
synthetic64,diffusion/combined,size,6,flatline-040,4,True,flatline,1,2,0.0,0.9538461538461539
synthetic64,diffusion/combined,size,6,flatline-041,5,True,flatline,1,0,0.09090909090909091,0.8333333333333334
synthetic64,diffusion/combined,size,6,dropout-042,6,True,dropout,0,1,0.0,0.9461538461538461
synthetic64,diffusion/combined,size,6,dropout-043,7,True,dropout,0,1,0.0,0.65
synthetic64,diffusion/combined,size,6,dropout-044,8,True,dropout,1,1,0.0,0.8205128205128205
synthetic64,diffusion/combined,size,6,dropout-045,9,True,dropout,0,0,0.0,0.8846153846153846
synthetic64,diffusion/combined,size,6,dropout-046,10,True,dropout,0,2,0.0,0.9192307692307692
synthetic64,diffusion/combined,size,6,dropout-047,11,True,dropout,1,0,0.0,0.6410256410256411
synthetic64,diffusion/combined,size,6,anticorrelated-048,0,True,anticorrelated,0,2,0.0,1.0
synthetic64,diffusion/combined,size,6,anticorrelated-049,1,True,anticorrelated,0,0,0.0,1.0
synthetic64,diffusion/combined,size,6,anticorrelated-050,2,True,anticorrelated,1,0,0.2,1.0
synthetic64,diffusion/combined,size,6,anticorrelated-051,3,True,anticorrelated,0,1,0.0,1.0
synthetic64,diffusion/combined,size,6,anticorrelated-052,4,True,anticorrelated,1,1,0.2857142857142857,1.0
synthetic64,diffusion/combined,size,6,anticorrelated-053,5,True,anticorrelated,1,2,0.14285714285714285,1.0
synthetic64,diffusion/combined,size,6,mixed-054,6,True,mixed,0,1,0.0,1.0
synthetic64,diffusion/combined,size,6,mixed-055,7,True,mixed,0,1,0.0,1.0
synthetic64,diffusion/combined,size,6,mixed-056,8,True,mixed,1,1,0.058823529411764705,1.0
synthetic64,diffusion/combined,size,6,mixed-057,9,True,mixed,0,0,0.0,1.0
synthetic64,diffusion/combined,size,6,mixed-058,10,True,mixed,0,2,0.0,1.0
synthetic64,diffusion/combined,size,6,mixed-059,11,True,mixed,1,0,0.09090909090909091,1.0
synthetic64,diffusion/combined,size,6,matched_covariance-060,0,True,matched_covariance,0,2,0.0,1.0
synthetic64,diffusion/combined,size,6,matched_covariance-061,1,True,matched_covariance,0,0,0.0,1.0
synthetic64,diffusion/combined,size,6,matched_covariance-062,2,True,matched_covariance,0,0,0.0,1.0
synthetic64,diffusion/combined,size,6,matched_covariance-063,3,True,matched_covariance,0,1,0.0,1.0
synthetic64,diffusion/combined,size,6,matched_covariance-064,4,True,matched_covariance,1,1,0.0,1.0
synthetic64,diffusion/combined,size,6,matched_covariance-065,5,True,matched_covariance,1,0,0.2,1.0
synthetic64,diffusion/combined,size,6,marginal_preserving-066,6,True,marginal_preserving,0,1,0.0,1.0
synthetic64,diffusion/combined,size,6,marginal_preserving-067,7,True,marginal_preserving,1,1,0.043478260869565216,1.0
synthetic64,diffusion/combined,size,6,marginal_preserving-068,8,True,marginal_preserving,1,1,0.2,1.0
synthetic64,diffusion/combined,size,6,marginal_preserving-069,9,True,marginal_preserving,0,0,0.0,1.0
synthetic64,diffusion/combined,size,6,marginal_preserving-070,10,True,marginal_preserving,1,1,0.2,1.0
synthetic64,diffusion/combined,size,6,marginal_preserving-071,11,True,marginal_preserving,1,1,0.09090909090909091,1.0
synthetic64,diffusion/combined,size,6,untouched-000,0,False,untouched,0,2,0.0,1.0
synthetic64,diffusion/combined,size,6,transition-000,0,False,transition,0,1,0.0,1.0
synthetic64,diffusion/combined,size,6,untouched-001,1,False,untouched,0,0,0.0,1.0
synthetic64,diffusion/combined,size,6,transition-001,1,False,transition,0,0,0.0,1.0
synthetic64,diffusion/combined,size,6,untouched-002,2,False,untouched,0,0,0.0,1.0
synthetic64,diffusion/combined,size,6,transition-002,2,False,transition,0,1,0.0,1.0
synthetic64,diffusion/combined,size,6,untouched-003,3,False,untouched,0,1,0.0,1.0
synthetic64,diffusion/combined,size,6,transition-003,3,False,transition,0,0,0.0,1.0
synthetic64,diffusion/combined,size,6,untouched-004,4,False,untouched,0,2,0.0,1.0
synthetic64,diffusion/combined,size,6,transition-004,4,False,transition,0,0,0.0,1.0
synthetic64,diffusion/combined,size,6,untouched-005,5,False,untouched,0,1,0.0,1.0
synthetic64,diffusion/combined,size,6,transition-005,5,False,transition,0,2,0.0,1.0
synthetic64,diffusion/combined,size,6,untouched-006,6,False,untouched,0,1,0.0,1.0
synthetic64,diffusion/combined,size,6,transition-006,6,False,transition,0,1,0.0,1.0
synthetic64,diffusion/combined,size,6,untouched-007,7,False,untouched,0,1,0.0,1.0
synthetic64,diffusion/combined,size,6,transition-007,7,False,transition,0,1,0.0,1.0
synthetic64,diffusion/combined,size,6,untouched-008,8,False,untouched,0,2,0.0,1.0
synthetic64,diffusion/combined,size,6,transition-008,8,False,transition,0,0,0.0,1.0
synthetic64,diffusion/combined,size,6,untouched-009,9,False,untouched,0,0,0.0,1.0
synthetic64,diffusion/combined,size,6,transition-009,9,False,transition,0,3,0.0,1.0
synthetic64,diffusion/combined,size,6,untouched-010,10,False,untouched,0,2,0.0,1.0
synthetic64,diffusion/combined,size,6,transition-010,10,False,transition,0,4,0.0,1.0
synthetic64,diffusion/combined,size,6,untouched-011,11,False,untouched,0,1,0.0,1.0
synthetic64,diffusion/combined,size,6,transition-011,11,False,transition,0,0,0.0,1.0
synthetic64,diffusion/entropy,size,12,copy-000,0,True,copy,0,0,0.0,1.0
synthetic64,diffusion/entropy,size,12,copy-001,1,True,copy,0,0,0.0,1.0
synthetic64,diffusion/entropy,size,12,copy-002,2,True,copy,1,0,0.0,1.0
synthetic64,diffusion/entropy,size,12,copy-003,3,True,copy,0,1,0.0,1.0
synthetic64,diffusion/entropy,size,12,copy-004,4,True,copy,1,0,0.2857142857142857,1.0
synthetic64,diffusion/entropy,size,12,copy-005,5,True,copy,0,0,0.0,1.0
synthetic64,diffusion/entropy,size,12,common-006,6,True,common,0,1,0.0,1.0
synthetic64,diffusion/entropy,size,12,common-007,7,True,common,0,2,0.0,1.0
synthetic64,diffusion/entropy,size,12,common-008,8,True,common,1,1,0.058823529411764705,1.0
synthetic64,diffusion/entropy,size,12,common-009,9,True,common,0,1,0.0,1.0
synthetic64,diffusion/entropy,size,12,common-010,10,True,common,0,2,0.0,1.0
synthetic64,diffusion/entropy,size,12,common-011,11,True,common,0,0,0.0,1.0
synthetic64,diffusion/entropy,size,12,decouple-012,0,True,decouple,0,0,0.0,1.0
synthetic64,diffusion/entropy,size,12,decouple-013,1,True,decouple,0,1,0.0,1.0
synthetic64,diffusion/entropy,size,12,decouple-014,2,True,decouple,1,0,0.125,1.0
synthetic64,diffusion/entropy,size,12,decouple-015,3,True,decouple,0,0,0.0,1.0
synthetic64,diffusion/entropy,size,12,decouple-016,4,True,decouple,1,0,0.0,1.0
synthetic64,diffusion/entropy,size,12,decouple-017,5,True,decouple,0,0,0.0,1.0
synthetic64,diffusion/entropy,size,12,noise-018,6,True,noise,0,1,0.0,1.0
synthetic64,diffusion/entropy,size,12,noise-019,7,True,noise,0,2,0.0,1.0
synthetic64,diffusion/entropy,size,12,noise-020,8,True,noise,1,2,0.0,1.0
synthetic64,diffusion/entropy,size,12,noise-021,9,True,noise,0,1,0.0,1.0
synthetic64,diffusion/entropy,size,12,noise-022,10,True,noise,0,2,0.0,1.0
synthetic64,diffusion/entropy,size,12,noise-023,11,True,noise,1,0,0.2631578947368421,1.0
synthetic64,diffusion/entropy,size,12,delay-024,0,True,delay,0,0,0.0,1.0
synthetic64,diffusion/entropy,size,12,delay-025,1,True,delay,0,0,0.0,1.0
synthetic64,diffusion/entropy,size,12,delay-026,2,True,delay,1,0,0.0,1.0
synthetic64,diffusion/entropy,size,12,delay-027,3,True,delay,0,0,0.0,1.0
synthetic64,diffusion/entropy,size,12,delay-028,4,True,delay,1,0,0.2857142857142857,1.0
synthetic64,diffusion/entropy,size,12,delay-029,5,True,delay,0,1,0.0,1.0
synthetic64,diffusion/entropy,size,12,drift-030,6,True,drift,0,1,0.0,1.0
synthetic64,diffusion/entropy,size,12,drift-031,7,True,drift,0,1,0.0,1.0
synthetic64,diffusion/entropy,size,12,drift-032,8,True,drift,1,2,0.2,1.0
synthetic64,diffusion/entropy,size,12,drift-033,9,True,drift,0,1,0.0,1.0
synthetic64,diffusion/entropy,size,12,drift-034,10,True,drift,0,1,0.0,1.0
synthetic64,diffusion/entropy,size,12,drift-035,11,True,drift,0,0,0.0,1.0
synthetic64,diffusion/entropy,size,12,flatline-036,0,True,flatline,0,0,0.0,1.0
synthetic64,diffusion/entropy,size,12,flatline-037,1,True,flatline,0,1,0.0,0.9460188933873145
synthetic64,diffusion/entropy,size,12,flatline-038,2,True,flatline,1,1,0.2,0.9298245614035088
synthetic64,diffusion/entropy,size,12,flatline-039,3,True,flatline,0,0,0.0,1.0
synthetic64,diffusion/entropy,size,12,flatline-040,4,True,flatline,1,0,0.125,0.9244264507422402
synthetic64,diffusion/entropy,size,12,flatline-041,5,True,flatline,0,1,0.0,0.7192982456140351
synthetic64,diffusion/entropy,size,12,dropout-042,6,True,dropout,0,0,0.0,0.8785425101214575
synthetic64,diffusion/entropy,size,12,dropout-043,7,True,dropout,0,1,0.0,0.5748987854251012
synthetic64,diffusion/entropy,size,12,dropout-044,8,True,dropout,1,2,0.0,0.7354925775978407
synthetic64,diffusion/entropy,size,12,dropout-045,9,True,dropout,0,1,0.0,0.8623481781376519
synthetic64,diffusion/entropy,size,12,dropout-046,10,True,dropout,0,1,0.0,0.8582995951417004
synthetic64,diffusion/entropy,size,12,dropout-047,11,True,dropout,1,0,0.2,0.5465587044534413
synthetic64,diffusion/entropy,size,12,anticorrelated-048,0,True,anticorrelated,0,0,0.0,1.0
synthetic64,diffusion/entropy,size,12,anticorrelated-049,1,True,anticorrelated,0,1,0.0,1.0
synthetic64,diffusion/entropy,size,12,anticorrelated-050,2,True,anticorrelated,0,0,0.0,1.0
synthetic64,diffusion/entropy,size,12,anticorrelated-051,3,True,anticorrelated,0,0,0.0,1.0
synthetic64,diffusion/entropy,size,12,anticorrelated-052,4,True,anticorrelated,1,0,0.058823529411764705,1.0
synthetic64,diffusion/entropy,size,12,anticorrelated-053,5,True,anticorrelated,0,0,0.0,1.0
synthetic64,diffusion/entropy,size,12,mixed-054,6,True,mixed,0,1,0.0,1.0
synthetic64,diffusion/entropy,size,12,mixed-055,7,True,mixed,0,2,0.0,1.0
synthetic64,diffusion/entropy,size,12,mixed-056,8,True,mixed,1,2,0.058823529411764705,1.0
synthetic64,diffusion/entropy,size,12,mixed-057,9,True,mixed,0,1,0.0,1.0
synthetic64,diffusion/entropy,size,12,mixed-058,10,True,mixed,0,2,0.0,1.0
synthetic64,diffusion/entropy,size,12,mixed-059,11,True,mixed,0,0,0.0,1.0
synthetic64,diffusion/entropy,size,12,matched_covariance-060,0,True,matched_covariance,0,0,0.0,1.0
synthetic64,diffusion/entropy,size,12,matched_covariance-061,1,True,matched_covariance,0,0,0.0,1.0
synthetic64,diffusion/entropy,size,12,matched_covariance-062,2,True,matched_covariance,1,0,0.2857142857142857,1.0
synthetic64,diffusion/entropy,size,12,matched_covariance-063,3,True,matched_covariance,0,0,0.0,1.0
synthetic64,diffusion/entropy,size,12,matched_covariance-064,4,True,matched_covariance,1,0,0.0,1.0
synthetic64,diffusion/entropy,size,12,matched_covariance-065,5,True,matched_covariance,0,1,0.0,1.0
synthetic64,diffusion/entropy,size,12,marginal_preserving-066,6,True,marginal_preserving,0,0,0.0,1.0
synthetic64,diffusion/entropy,size,12,marginal_preserving-067,7,True,marginal_preserving,1,2,0.2,1.0
synthetic64,diffusion/entropy,size,12,marginal_preserving-068,8,True,marginal_preserving,1,1,0.2,1.0
synthetic64,diffusion/entropy,size,12,marginal_preserving-069,9,True,marginal_preserving,0,1,0.0,1.0
synthetic64,diffusion/entropy,size,12,marginal_preserving-070,10,True,marginal_preserving,0,2,0.0,1.0
synthetic64,diffusion/entropy,size,12,marginal_preserving-071,11,True,marginal_preserving,1,0,0.2631578947368421,1.0
synthetic64,diffusion/entropy,size,12,untouched-000,0,False,untouched,0,0,0.0,1.0
synthetic64,diffusion/entropy,size,12,transition-000,0,False,transition,0,0,0.0,1.0
synthetic64,diffusion/entropy,size,12,untouched-001,1,False,untouched,0,1,0.0,1.0
synthetic64,diffusion/entropy,size,12,transition-001,1,False,transition,0,1,0.0,1.0
synthetic64,diffusion/entropy,size,12,untouched-002,2,False,untouched,0,1,0.0,1.0
synthetic64,diffusion/entropy,size,12,transition-002,2,False,transition,0,1,0.0,1.0
synthetic64,diffusion/entropy,size,12,untouched-003,3,False,untouched,0,0,0.0,1.0
synthetic64,diffusion/entropy,size,12,transition-003,3,False,transition,0,1,0.0,1.0
synthetic64,diffusion/entropy,size,12,untouched-004,4,False,untouched,0,1,0.0,1.0
synthetic64,diffusion/entropy,size,12,transition-004,4,False,transition,0,1,0.0,1.0
synthetic64,diffusion/entropy,size,12,untouched-005,5,False,untouched,0,0,0.0,1.0
synthetic64,diffusion/entropy,size,12,transition-005,5,False,transition,0,0,0.0,1.0
synthetic64,diffusion/entropy,size,12,untouched-006,6,False,untouched,0,1,0.0,1.0
synthetic64,diffusion/entropy,size,12,transition-006,6,False,transition,0,1,0.0,1.0
synthetic64,diffusion/entropy,size,12,untouched-007,7,False,untouched,0,1,0.0,1.0
synthetic64,diffusion/entropy,size,12,transition-007,7,False,transition,0,1,0.0,1.0
synthetic64,diffusion/entropy,size,12,untouched-008,8,False,untouched,0,3,0.0,1.0
synthetic64,diffusion/entropy,size,12,transition-008,8,False,transition,0,0,0.0,1.0
synthetic64,diffusion/entropy,size,12,untouched-009,9,False,untouched,0,1,0.0,1.0
synthetic64,diffusion/entropy,size,12,transition-009,9,False,transition,0,1,0.0,1.0
synthetic64,diffusion/entropy,size,12,untouched-010,10,False,untouched,0,1,0.0,1.0
synthetic64,diffusion/entropy,size,12,transition-010,10,False,transition,0,1,0.0,1.0
synthetic64,diffusion/entropy,size,12,untouched-011,11,False,untouched,0,0,0.0,1.0
synthetic64,diffusion/entropy,size,12,transition-011,11,False,transition,0,0,0.0,1.0
synthetic64,diffusion/synchronization,size,12,copy-000,0,True,copy,0,0,0.0,1.0
synthetic64,diffusion/synchronization,size,12,copy-001,1,True,copy,0,0,0.0,1.0
synthetic64,diffusion/synchronization,size,12,copy-002,2,True,copy,1,0,0.0,1.0
synthetic64,diffusion/synchronization,size,12,copy-003,3,True,copy,0,2,0.0,1.0
synthetic64,diffusion/synchronization,size,12,copy-004,4,True,copy,1,1,0.2857142857142857,1.0
synthetic64,diffusion/synchronization,size,12,copy-005,5,True,copy,1,1,0.14285714285714285,1.0
synthetic64,diffusion/synchronization,size,12,common-006,6,True,common,0,1,0.0,1.0
synthetic64,diffusion/synchronization,size,12,common-007,7,True,common,1,1,0.14285714285714285,1.0
synthetic64,diffusion/synchronization,size,12,common-008,8,True,common,0,1,0.0,1.0
synthetic64,diffusion/synchronization,size,12,common-009,9,True,common,0,1,0.0,1.0
synthetic64,diffusion/synchronization,size,12,common-010,10,True,common,1,1,0.0,1.0
synthetic64,diffusion/synchronization,size,12,common-011,11,True,common,0,0,0.0,1.0
synthetic64,diffusion/synchronization,size,12,decouple-012,0,True,decouple,0,0,0.0,1.0
synthetic64,diffusion/synchronization,size,12,decouple-013,1,True,decouple,0,0,0.0,1.0
synthetic64,diffusion/synchronization,size,12,decouple-014,2,True,decouple,1,0,0.125,1.0
synthetic64,diffusion/synchronization,size,12,decouple-015,3,True,decouple,0,2,0.0,1.0
synthetic64,diffusion/synchronization,size,12,decouple-016,4,True,decouple,1,1,0.0,1.0
synthetic64,diffusion/synchronization,size,12,decouple-017,5,True,decouple,1,1,0.09090909090909091,1.0
synthetic64,diffusion/synchronization,size,12,noise-018,6,True,noise,0,1,0.0,1.0
synthetic64,diffusion/synchronization,size,12,noise-019,7,True,noise,1,1,0.043478260869565216,1.0
synthetic64,diffusion/synchronization,size,12,noise-020,8,True,noise,0,0,0.0,1.0
synthetic64,diffusion/synchronization,size,12,noise-021,9,True,noise,0,1,0.0,1.0
synthetic64,diffusion/synchronization,size,12,noise-022,10,True,noise,1,1,0.0,1.0
synthetic64,diffusion/synchronization,size,12,noise-023,11,True,noise,0,1,0.0,1.0
synthetic64,diffusion/synchronization,size,12,delay-024,0,True,delay,0,0,0.0,1.0
synthetic64,diffusion/synchronization,size,12,delay-025,1,True,delay,0,0,0.0,1.0
synthetic64,diffusion/synchronization,size,12,delay-026,2,True,delay,1,0,0.0,1.0
synthetic64,diffusion/synchronization,size,12,delay-027,3,True,delay,0,2,0.0,1.0
synthetic64,diffusion/synchronization,size,12,delay-028,4,True,delay,1,1,0.2,1.0
synthetic64,diffusion/synchronization,size,12,delay-029,5,True,delay,1,1,0.14285714285714285,1.0
synthetic64,diffusion/synchronization,size,12,drift-030,6,True,drift,0,1,0.0,1.0
synthetic64,diffusion/synchronization,size,12,drift-031,7,True,drift,0,1,0.0,1.0
synthetic64,diffusion/synchronization,size,12,drift-032,8,True,drift,0,0,0.0,1.0
synthetic64,diffusion/synchronization,size,12,drift-033,9,True,drift,0,1,0.0,1.0
synthetic64,diffusion/synchronization,size,12,drift-034,10,True,drift,1,1,0.0,1.0
synthetic64,diffusion/synchronization,size,12,drift-035,11,True,drift,0,0,0.0,1.0
synthetic64,diffusion/synchronization,size,12,flatline-036,0,True,flatline,0,0,0.0,1.0
synthetic64,diffusion/synchronization,size,12,flatline-037,1,True,flatline,1,0,0.2631578947368421,0.9460188933873145
synthetic64,diffusion/synchronization,size,12,flatline-038,2,True,flatline,1,1,0.125,0.9298245614035088
synthetic64,diffusion/synchronization,size,12,flatline-039,3,True,flatline,0,2,0.0,1.0
synthetic64,diffusion/synchronization,size,12,flatline-040,4,True,flatline,1,1,0.0,0.9244264507422402
synthetic64,diffusion/synchronization,size,12,flatline-041,5,True,flatline,1,2,0.2,0.7192982456140351
synthetic64,diffusion/synchronization,size,12,dropout-042,6,True,dropout,0,0,0.0,0.8785425101214575
synthetic64,diffusion/synchronization,size,12,dropout-043,7,True,dropout,1,1,0.0,0.5748987854251012
synthetic64,diffusion/synchronization,size,12,dropout-044,8,True,dropout,0,0,0.0,0.7354925775978407
synthetic64,diffusion/synchronization,size,12,dropout-045,9,True,dropout,0,1,0.0,0.8623481781376519
synthetic64,diffusion/synchronization,size,12,dropout-046,10,True,dropout,1,1,0.0,0.8582995951417004
synthetic64,diffusion/synchronization,size,12,dropout-047,11,True,dropout,1,0,0.2,0.5465587044534413
synthetic64,diffusion/synchronization,size,12,anticorrelated-048,0,True,anticorrelated,0,0,0.0,1.0
synthetic64,diffusion/synchronization,size,12,anticorrelated-049,1,True,anticorrelated,1,2,0.3333333333333333,1.0
synthetic64,diffusion/synchronization,size,12,anticorrelated-050,2,True,anticorrelated,1,0,0.38461538461538464,1.0
synthetic64,diffusion/synchronization,size,12,anticorrelated-051,3,True,anticorrelated,0,2,0.0,1.0
synthetic64,diffusion/synchronization,size,12,anticorrelated-052,4,True,anticorrelated,1,1,0.058823529411764705,1.0
synthetic64,diffusion/synchronization,size,12,anticorrelated-053,5,True,anticorrelated,1,2,0.2631578947368421,1.0
synthetic64,diffusion/synchronization,size,12,mixed-054,6,True,mixed,0,1,0.0,1.0
synthetic64,diffusion/synchronization,size,12,mixed-055,7,True,mixed,1,1,0.2,1.0
synthetic64,diffusion/synchronization,size,12,mixed-056,8,True,mixed,0,0,0.0,1.0
synthetic64,diffusion/synchronization,size,12,mixed-057,9,True,mixed,0,1,0.0,1.0
synthetic64,diffusion/synchronization,size,12,mixed-058,10,True,mixed,1,1,0.0,1.0
synthetic64,diffusion/synchronization,size,12,mixed-059,11,True,mixed,1,0,0.2,1.0
synthetic64,diffusion/synchronization,size,12,matched_covariance-060,0,True,matched_covariance,0,0,0.0,1.0
synthetic64,diffusion/synchronization,size,12,matched_covariance-061,1,True,matched_covariance,0,0,0.0,1.0
synthetic64,diffusion/synchronization,size,12,matched_covariance-062,2,True,matched_covariance,1,0,0.0,1.0
synthetic64,diffusion/synchronization,size,12,matched_covariance-063,3,True,matched_covariance,0,2,0.0,1.0
synthetic64,diffusion/synchronization,size,12,matched_covariance-064,4,True,matched_covariance,1,1,0.0,1.0
synthetic64,diffusion/synchronization,size,12,matched_covariance-065,5,True,matched_covariance,1,1,0.14285714285714285,1.0
synthetic64,diffusion/synchronization,size,12,marginal_preserving-066,6,True,marginal_preserving,0,1,0.0,1.0
synthetic64,diffusion/synchronization,size,12,marginal_preserving-067,7,True,marginal_preserving,1,0,0.14285714285714285,1.0
synthetic64,diffusion/synchronization,size,12,marginal_preserving-068,8,True,marginal_preserving,0,0,0.0,1.0
synthetic64,diffusion/synchronization,size,12,marginal_preserving-069,9,True,marginal_preserving,0,1,0.0,1.0
synthetic64,diffusion/synchronization,size,12,marginal_preserving-070,10,True,marginal_preserving,1,1,0.0,1.0
synthetic64,diffusion/synchronization,size,12,marginal_preserving-071,11,True,marginal_preserving,1,0,0.14285714285714285,1.0
synthetic64,diffusion/synchronization,size,12,untouched-000,0,False,untouched,0,0,0.0,1.0
synthetic64,diffusion/synchronization,size,12,transition-000,0,False,transition,0,0,0.0,1.0
synthetic64,diffusion/synchronization,size,12,untouched-001,1,False,untouched,0,0,0.0,1.0
synthetic64,diffusion/synchronization,size,12,transition-001,1,False,transition,0,1,0.0,1.0
synthetic64,diffusion/synchronization,size,12,untouched-002,2,False,untouched,0,1,0.0,1.0
synthetic64,diffusion/synchronization,size,12,transition-002,2,False,transition,0,1,0.0,1.0
synthetic64,diffusion/synchronization,size,12,untouched-003,3,False,untouched,0,2,0.0,1.0
synthetic64,diffusion/synchronization,size,12,transition-003,3,False,transition,0,1,0.0,1.0
synthetic64,diffusion/synchronization,size,12,untouched-004,4,False,untouched,0,2,0.0,1.0
synthetic64,diffusion/synchronization,size,12,transition-004,4,False,transition,0,2,0.0,1.0
synthetic64,diffusion/synchronization,size,12,untouched-005,5,False,untouched,0,2,0.0,1.0
synthetic64,diffusion/synchronization,size,12,transition-005,5,False,transition,0,1,0.0,1.0
synthetic64,diffusion/synchronization,size,12,untouched-006,6,False,untouched,0,1,0.0,1.0
synthetic64,diffusion/synchronization,size,12,transition-006,6,False,transition,0,0,0.0,1.0
synthetic64,diffusion/synchronization,size,12,untouched-007,7,False,untouched,0,2,0.0,1.0
synthetic64,diffusion/synchronization,size,12,transition-007,7,False,transition,0,0,0.0,1.0
synthetic64,diffusion/synchronization,size,12,untouched-008,8,False,untouched,0,0,0.0,1.0
synthetic64,diffusion/synchronization,size,12,transition-008,8,False,transition,0,0,0.0,1.0
synthetic64,diffusion/synchronization,size,12,untouched-009,9,False,untouched,0,1,0.0,1.0
synthetic64,diffusion/synchronization,size,12,transition-009,9,False,transition,0,2,0.0,1.0
synthetic64,diffusion/synchronization,size,12,untouched-010,10,False,untouched,0,2,0.0,1.0
synthetic64,diffusion/synchronization,size,12,transition-010,10,False,transition,0,1,0.0,1.0
synthetic64,diffusion/synchronization,size,12,untouched-011,11,False,untouched,0,0,0.0,1.0
synthetic64,diffusion/synchronization,size,12,transition-011,11,False,transition,0,0,0.0,1.0
synthetic64,diffusion/combined,size,12,copy-000,0,True,copy,0,0,0.0,1.0
synthetic64,diffusion/combined,size,12,copy-001,1,True,copy,0,0,0.0,1.0
synthetic64,diffusion/combined,size,12,copy-002,2,True,copy,1,0,0.0,1.0
synthetic64,diffusion/combined,size,12,copy-003,3,True,copy,0,1,0.0,1.0
synthetic64,diffusion/combined,size,12,copy-004,4,True,copy,1,1,0.2857142857142857,1.0
synthetic64,diffusion/combined,size,12,copy-005,5,True,copy,0,1,0.0,1.0
synthetic64,diffusion/combined,size,12,common-006,6,True,common,0,1,0.0,1.0
synthetic64,diffusion/combined,size,12,common-007,7,True,common,1,1,0.14285714285714285,1.0
synthetic64,diffusion/combined,size,12,common-008,8,True,common,1,0,0.058823529411764705,1.0
synthetic64,diffusion/combined,size,12,common-009,9,True,common,0,1,0.0,1.0
synthetic64,diffusion/combined,size,12,common-010,10,True,common,0,2,0.0,1.0
synthetic64,diffusion/combined,size,12,common-011,11,True,common,0,0,0.0,1.0
synthetic64,diffusion/combined,size,12,decouple-012,0,True,decouple,0,0,0.0,1.0
synthetic64,diffusion/combined,size,12,decouple-013,1,True,decouple,0,0,0.0,1.0
synthetic64,diffusion/combined,size,12,decouple-014,2,True,decouple,1,0,0.125,1.0
synthetic64,diffusion/combined,size,12,decouple-015,3,True,decouple,0,1,0.0,1.0
synthetic64,diffusion/combined,size,12,decouple-016,4,True,decouple,1,1,0.0,1.0
synthetic64,diffusion/combined,size,12,decouple-017,5,True,decouple,0,1,0.0,1.0
synthetic64,diffusion/combined,size,12,noise-018,6,True,noise,0,1,0.0,1.0
synthetic64,diffusion/combined,size,12,noise-019,7,True,noise,1,1,0.09090909090909091,1.0
synthetic64,diffusion/combined,size,12,noise-020,8,True,noise,1,1,0.0,1.0
synthetic64,diffusion/combined,size,12,noise-021,9,True,noise,0,1,0.0,1.0
synthetic64,diffusion/combined,size,12,noise-022,10,True,noise,0,2,0.0,1.0
synthetic64,diffusion/combined,size,12,noise-023,11,True,noise,0,1,0.0,1.0
synthetic64,diffusion/combined,size,12,delay-024,0,True,delay,0,0,0.0,1.0
synthetic64,diffusion/combined,size,12,delay-025,1,True,delay,0,0,0.0,1.0
synthetic64,diffusion/combined,size,12,delay-026,2,True,delay,1,0,0.0,1.0
synthetic64,diffusion/combined,size,12,delay-027,3,True,delay,0,1,0.0,1.0
synthetic64,diffusion/combined,size,12,delay-028,4,True,delay,1,1,0.2,1.0
synthetic64,diffusion/combined,size,12,delay-029,5,True,delay,1,1,0.14285714285714285,1.0
synthetic64,diffusion/combined,size,12,drift-030,6,True,drift,0,1,0.0,1.0
synthetic64,diffusion/combined,size,12,drift-031,7,True,drift,0,1,0.0,1.0
synthetic64,diffusion/combined,size,12,drift-032,8,True,drift,1,1,0.2,1.0
synthetic64,diffusion/combined,size,12,drift-033,9,True,drift,0,1,0.0,1.0
synthetic64,diffusion/combined,size,12,drift-034,10,True,drift,0,1,0.0,1.0
synthetic64,diffusion/combined,size,12,drift-035,11,True,drift,0,0,0.0,1.0
synthetic64,diffusion/combined,size,12,flatline-036,0,True,flatline,0,0,0.0,1.0
synthetic64,diffusion/combined,size,12,flatline-037,1,True,flatline,1,0,0.2631578947368421,0.9460188933873145
synthetic64,diffusion/combined,size,12,flatline-038,2,True,flatline,1,1,0.125,0.9298245614035088
synthetic64,diffusion/combined,size,12,flatline-039,3,True,flatline,0,1,0.0,1.0
synthetic64,diffusion/combined,size,12,flatline-040,4,True,flatline,1,1,0.0,0.9244264507422402
synthetic64,diffusion/combined,size,12,flatline-041,5,True,flatline,1,2,0.2,0.7192982456140351
synthetic64,diffusion/combined,size,12,dropout-042,6,True,dropout,0,0,0.0,0.8785425101214575
synthetic64,diffusion/combined,size,12,dropout-043,7,True,dropout,0,1,0.0,0.5748987854251012
synthetic64,diffusion/combined,size,12,dropout-044,8,True,dropout,1,1,0.0,0.7354925775978407
synthetic64,diffusion/combined,size,12,dropout-045,9,True,dropout,0,1,0.0,0.8623481781376519
synthetic64,diffusion/combined,size,12,dropout-046,10,True,dropout,0,1,0.0,0.8582995951417004
synthetic64,diffusion/combined,size,12,dropout-047,11,True,dropout,0,0,0.0,0.5465587044534413
synthetic64,diffusion/combined,size,12,anticorrelated-048,0,True,anticorrelated,0,0,0.0,1.0
synthetic64,diffusion/combined,size,12,anticorrelated-049,1,True,anticorrelated,1,2,0.3333333333333333,1.0
synthetic64,diffusion/combined,size,12,anticorrelated-050,2,True,anticorrelated,1,0,0.38461538461538464,1.0
synthetic64,diffusion/combined,size,12,anticorrelated-051,3,True,anticorrelated,0,1,0.0,1.0
synthetic64,diffusion/combined,size,12,anticorrelated-052,4,True,anticorrelated,1,1,0.058823529411764705,1.0
synthetic64,diffusion/combined,size,12,anticorrelated-053,5,True,anticorrelated,1,2,0.2631578947368421,1.0
synthetic64,diffusion/combined,size,12,mixed-054,6,True,mixed,0,1,0.0,1.0
synthetic64,diffusion/combined,size,12,mixed-055,7,True,mixed,1,1,0.2,1.0
synthetic64,diffusion/combined,size,12,mixed-056,8,True,mixed,1,1,0.0,1.0
synthetic64,diffusion/combined,size,12,mixed-057,9,True,mixed,0,1,0.0,1.0
synthetic64,diffusion/combined,size,12,mixed-058,10,True,mixed,0,2,0.0,1.0
synthetic64,diffusion/combined,size,12,mixed-059,11,True,mixed,1,0,0.2,1.0
synthetic64,diffusion/combined,size,12,matched_covariance-060,0,True,matched_covariance,0,0,0.0,1.0
synthetic64,diffusion/combined,size,12,matched_covariance-061,1,True,matched_covariance,0,0,0.0,1.0
synthetic64,diffusion/combined,size,12,matched_covariance-062,2,True,matched_covariance,1,0,0.0,1.0
synthetic64,diffusion/combined,size,12,matched_covariance-063,3,True,matched_covariance,0,1,0.0,1.0
synthetic64,diffusion/combined,size,12,matched_covariance-064,4,True,matched_covariance,1,1,0.0,1.0
synthetic64,diffusion/combined,size,12,matched_covariance-065,5,True,matched_covariance,1,1,0.14285714285714285,1.0
synthetic64,diffusion/combined,size,12,marginal_preserving-066,6,True,marginal_preserving,0,1,0.0,1.0
synthetic64,diffusion/combined,size,12,marginal_preserving-067,7,True,marginal_preserving,1,0,0.14285714285714285,1.0
synthetic64,diffusion/combined,size,12,marginal_preserving-068,8,True,marginal_preserving,1,0,0.2857142857142857,1.0
synthetic64,diffusion/combined,size,12,marginal_preserving-069,9,True,marginal_preserving,0,1,0.0,1.0
synthetic64,diffusion/combined,size,12,marginal_preserving-070,10,True,marginal_preserving,1,2,0.058823529411764705,1.0
synthetic64,diffusion/combined,size,12,marginal_preserving-071,11,True,marginal_preserving,1,0,0.3333333333333333,1.0
synthetic64,diffusion/combined,size,12,untouched-000,0,False,untouched,0,0,0.0,1.0
synthetic64,diffusion/combined,size,12,transition-000,0,False,transition,0,0,0.0,1.0
synthetic64,diffusion/combined,size,12,untouched-001,1,False,untouched,0,0,0.0,1.0
synthetic64,diffusion/combined,size,12,transition-001,1,False,transition,0,1,0.0,1.0
synthetic64,diffusion/combined,size,12,untouched-002,2,False,untouched,0,1,0.0,1.0
synthetic64,diffusion/combined,size,12,transition-002,2,False,transition,0,1,0.0,1.0
synthetic64,diffusion/combined,size,12,untouched-003,3,False,untouched,0,1,0.0,1.0
synthetic64,diffusion/combined,size,12,transition-003,3,False,transition,0,1,0.0,1.0
synthetic64,diffusion/combined,size,12,untouched-004,4,False,untouched,0,2,0.0,1.0
synthetic64,diffusion/combined,size,12,transition-004,4,False,transition,0,2,0.0,1.0
synthetic64,diffusion/combined,size,12,untouched-005,5,False,untouched,0,1,0.0,1.0
synthetic64,diffusion/combined,size,12,transition-005,5,False,transition,0,1,0.0,1.0
synthetic64,diffusion/combined,size,12,untouched-006,6,False,untouched,0,1,0.0,1.0
synthetic64,diffusion/combined,size,12,transition-006,6,False,transition,0,0,0.0,1.0
synthetic64,diffusion/combined,size,12,untouched-007,7,False,untouched,0,1,0.0,1.0
synthetic64,diffusion/combined,size,12,transition-007,7,False,transition,0,1,0.0,1.0
synthetic64,diffusion/combined,size,12,untouched-008,8,False,untouched,0,2,0.0,1.0
synthetic64,diffusion/combined,size,12,transition-008,8,False,transition,0,0,0.0,1.0
synthetic64,diffusion/combined,size,12,untouched-009,9,False,untouched,0,1,0.0,1.0
synthetic64,diffusion/combined,size,12,transition-009,9,False,transition,0,2,0.0,1.0
synthetic64,diffusion/combined,size,12,untouched-010,10,False,untouched,0,1,0.0,1.0
synthetic64,diffusion/combined,size,12,transition-010,10,False,transition,0,1,0.0,1.0
synthetic64,diffusion/combined,size,12,untouched-011,11,False,untouched,0,0,0.0,1.0
synthetic64,diffusion/combined,size,12,transition-011,11,False,transition,0,0,0.0,1.0
synthetic64,diffusion/entropy,size,24,copy-000,0,True,copy,0,0,0.0,1.0
synthetic64,diffusion/entropy,size,24,copy-001,1,True,copy,0,1,0.0,1.0
synthetic64,diffusion/entropy,size,24,copy-002,2,True,copy,0,0,0.0,1.0
synthetic64,diffusion/entropy,size,24,copy-003,3,True,copy,0,1,0.0,1.0
synthetic64,diffusion/entropy,size,24,copy-004,4,True,copy,1,0,0.058823529411764705,1.0
synthetic64,diffusion/entropy,size,24,copy-005,5,True,copy,0,0,0.0,1.0
synthetic64,diffusion/entropy,size,24,common-006,6,True,common,0,0,0.0,1.0
synthetic64,diffusion/entropy,size,24,common-007,7,True,common,0,0,0.0,1.0
synthetic64,diffusion/entropy,size,24,common-008,8,True,common,1,1,0.058823529411764705,1.0
synthetic64,diffusion/entropy,size,24,common-009,9,True,common,0,0,0.0,1.0
synthetic64,diffusion/entropy,size,24,common-010,10,True,common,0,1,0.0,1.0
synthetic64,diffusion/entropy,size,24,common-011,11,True,common,0,0,0.0,1.0
synthetic64,diffusion/entropy,size,24,decouple-012,0,True,decouple,0,0,0.0,1.0
synthetic64,diffusion/entropy,size,24,decouple-013,1,True,decouple,0,1,0.0,1.0
synthetic64,diffusion/entropy,size,24,decouple-014,2,True,decouple,0,0,0.0,1.0
synthetic64,diffusion/entropy,size,24,decouple-015,3,True,decouple,0,1,0.0,1.0
synthetic64,diffusion/entropy,size,24,decouple-016,4,True,decouple,1,0,0.38461538461538464,1.0
synthetic64,diffusion/entropy,size,24,decouple-017,5,True,decouple,0,1,0.0,1.0
synthetic64,diffusion/entropy,size,24,noise-018,6,True,noise,0,0,0.0,1.0
synthetic64,diffusion/entropy,size,24,noise-019,7,True,noise,1,2,0.14285714285714285,1.0
synthetic64,diffusion/entropy,size,24,noise-020,8,True,noise,1,0,0.0,1.0
synthetic64,diffusion/entropy,size,24,noise-021,9,True,noise,0,1,0.0,1.0
synthetic64,diffusion/entropy,size,24,noise-022,10,True,noise,0,0,0.0,1.0
synthetic64,diffusion/entropy,size,24,noise-023,11,True,noise,0,0,0.0,1.0
synthetic64,diffusion/entropy,size,24,delay-024,0,True,delay,0,0,0.0,1.0
synthetic64,diffusion/entropy,size,24,delay-025,1,True,delay,0,1,0.0,1.0
synthetic64,diffusion/entropy,size,24,delay-026,2,True,delay,0,0,0.0,1.0
synthetic64,diffusion/entropy,size,24,delay-027,3,True,delay,0,1,0.0,1.0
synthetic64,diffusion/entropy,size,24,delay-028,4,True,delay,1,0,0.058823529411764705,1.0
synthetic64,diffusion/entropy,size,24,delay-029,5,True,delay,0,1,0.0,1.0
synthetic64,diffusion/entropy,size,24,drift-030,6,True,drift,0,0,0.0,1.0
synthetic64,diffusion/entropy,size,24,drift-031,7,True,drift,0,0,0.0,1.0
synthetic64,diffusion/entropy,size,24,drift-032,8,True,drift,1,0,0.0,1.0
synthetic64,diffusion/entropy,size,24,drift-033,9,True,drift,0,0,0.0,1.0
synthetic64,diffusion/entropy,size,24,drift-034,10,True,drift,0,1,0.0,1.0
synthetic64,diffusion/entropy,size,24,drift-035,11,True,drift,0,0,0.0,1.0
synthetic64,diffusion/entropy,size,24,flatline-036,0,True,flatline,0,0,0.0,1.0
synthetic64,diffusion/entropy,size,24,flatline-037,1,True,flatline,0,1,0.0,0.965034965034965
synthetic64,diffusion/entropy,size,24,flatline-038,2,True,flatline,0,0,0.0,0.8636363636363636
synthetic64,diffusion/entropy,size,24,flatline-039,3,True,flatline,0,1,0.0,1.0
synthetic64,diffusion/entropy,size,24,flatline-040,4,True,flatline,1,0,0.058823529411764705,0.965034965034965
synthetic64,diffusion/entropy,size,24,flatline-041,5,True,flatline,0,1,0.0,0.7692307692307693
synthetic64,diffusion/entropy,size,24,dropout-042,6,True,dropout,0,1,0.0,0.8461538461538461
synthetic64,diffusion/entropy,size,24,dropout-043,7,True,dropout,0,0,0.0,0.38461538461538464
synthetic64,diffusion/entropy,size,24,dropout-044,8,True,dropout,0,0,0.0,0.5681818181818182
synthetic64,diffusion/entropy,size,24,dropout-045,9,True,dropout,0,0,0.0,0.8461538461538461
synthetic64,diffusion/entropy,size,24,dropout-046,10,True,dropout,0,0,0.0,0.6643356643356644
synthetic64,diffusion/entropy,size,24,dropout-047,11,True,dropout,0,0,0.0,0.3356643356643357
synthetic64,diffusion/entropy,size,24,anticorrelated-048,0,True,anticorrelated,0,0,0.0,1.0
synthetic64,diffusion/entropy,size,24,anticorrelated-049,1,True,anticorrelated,0,1,0.0,1.0
synthetic64,diffusion/entropy,size,24,anticorrelated-050,2,True,anticorrelated,0,0,0.0,1.0
synthetic64,diffusion/entropy,size,24,anticorrelated-051,3,True,anticorrelated,0,1,0.0,1.0
synthetic64,diffusion/entropy,size,24,anticorrelated-052,4,True,anticorrelated,1,0,0.0,1.0
synthetic64,diffusion/entropy,size,24,anticorrelated-053,5,True,anticorrelated,0,0,0.0,1.0
synthetic64,diffusion/entropy,size,24,mixed-054,6,True,mixed,0,0,0.0,1.0
synthetic64,diffusion/entropy,size,24,mixed-055,7,True,mixed,1,1,0.2631578947368421,1.0
synthetic64,diffusion/entropy,size,24,mixed-056,8,True,mixed,1,1,0.2857142857142857,1.0
synthetic64,diffusion/entropy,size,24,mixed-057,9,True,mixed,0,0,0.0,1.0
synthetic64,diffusion/entropy,size,24,mixed-058,10,True,mixed,0,1,0.0,1.0
synthetic64,diffusion/entropy,size,24,mixed-059,11,True,mixed,0,0,0.0,1.0
synthetic64,diffusion/entropy,size,24,matched_covariance-060,0,True,matched_covariance,0,0,0.0,1.0
synthetic64,diffusion/entropy,size,24,matched_covariance-061,1,True,matched_covariance,0,1,0.0,1.0
synthetic64,diffusion/entropy,size,24,matched_covariance-062,2,True,matched_covariance,0,0,0.0,1.0
synthetic64,diffusion/entropy,size,24,matched_covariance-063,3,True,matched_covariance,0,1,0.0,1.0
synthetic64,diffusion/entropy,size,24,matched_covariance-064,4,True,matched_covariance,1,0,0.2,1.0
synthetic64,diffusion/entropy,size,24,matched_covariance-065,5,True,matched_covariance,1,1,0.14285714285714285,1.0
synthetic64,diffusion/entropy,size,24,marginal_preserving-066,6,True,marginal_preserving,0,0,0.0,1.0
synthetic64,diffusion/entropy,size,24,marginal_preserving-067,7,True,marginal_preserving,1,0,0.043478260869565216,1.0
synthetic64,diffusion/entropy,size,24,marginal_preserving-068,8,True,marginal_preserving,1,0,0.2857142857142857,1.0
synthetic64,diffusion/entropy,size,24,marginal_preserving-069,9,True,marginal_preserving,0,0,0.0,1.0
synthetic64,diffusion/entropy,size,24,marginal_preserving-070,10,True,marginal_preserving,0,1,0.0,1.0
synthetic64,diffusion/entropy,size,24,marginal_preserving-071,11,True,marginal_preserving,0,0,0.0,1.0
synthetic64,diffusion/entropy,size,24,untouched-000,0,False,untouched,0,0,0.0,1.0
synthetic64,diffusion/entropy,size,24,transition-000,0,False,transition,0,1,0.0,1.0
synthetic64,diffusion/entropy,size,24,untouched-001,1,False,untouched,0,1,0.0,1.0
synthetic64,diffusion/entropy,size,24,transition-001,1,False,transition,0,1,0.0,1.0
synthetic64,diffusion/entropy,size,24,untouched-002,2,False,untouched,0,0,0.0,1.0
synthetic64,diffusion/entropy,size,24,transition-002,2,False,transition,0,1,0.0,1.0
synthetic64,diffusion/entropy,size,24,untouched-003,3,False,untouched,0,1,0.0,1.0
synthetic64,diffusion/entropy,size,24,transition-003,3,False,transition,0,1,0.0,1.0
synthetic64,diffusion/entropy,size,24,untouched-004,4,False,untouched,0,1,0.0,1.0
synthetic64,diffusion/entropy,size,24,transition-004,4,False,transition,0,0,0.0,1.0
synthetic64,diffusion/entropy,size,24,untouched-005,5,False,untouched,0,1,0.0,1.0
synthetic64,diffusion/entropy,size,24,transition-005,5,False,transition,0,0,0.0,1.0
synthetic64,diffusion/entropy,size,24,untouched-006,6,False,untouched,0,0,0.0,1.0
synthetic64,diffusion/entropy,size,24,transition-006,6,False,transition,0,0,0.0,1.0
synthetic64,diffusion/entropy,size,24,untouched-007,7,False,untouched,0,1,0.0,1.0
synthetic64,diffusion/entropy,size,24,transition-007,7,False,transition,0,1,0.0,1.0
synthetic64,diffusion/entropy,size,24,untouched-008,8,False,untouched,0,1,0.0,1.0
synthetic64,diffusion/entropy,size,24,transition-008,8,False,transition,0,0,0.0,1.0
synthetic64,diffusion/entropy,size,24,untouched-009,9,False,untouched,0,0,0.0,1.0
synthetic64,diffusion/entropy,size,24,transition-009,9,False,transition,0,2,0.0,1.0
synthetic64,diffusion/entropy,size,24,untouched-010,10,False,untouched,0,0,0.0,1.0
synthetic64,diffusion/entropy,size,24,transition-010,10,False,transition,0,1,0.0,1.0
synthetic64,diffusion/entropy,size,24,untouched-011,11,False,untouched,0,0,0.0,1.0
synthetic64,diffusion/entropy,size,24,transition-011,11,False,transition,0,0,0.0,1.0
synthetic64,diffusion/synchronization,size,24,copy-000,0,True,copy,0,0,0.0,1.0
synthetic64,diffusion/synchronization,size,24,copy-001,1,True,copy,0,1,0.0,1.0
synthetic64,diffusion/synchronization,size,24,copy-002,2,True,copy,1,2,0.0,1.0
synthetic64,diffusion/synchronization,size,24,copy-003,3,True,copy,0,1,0.0,1.0
synthetic64,diffusion/synchronization,size,24,copy-004,4,True,copy,1,1,0.2,1.0
synthetic64,diffusion/synchronization,size,24,copy-005,5,True,copy,1,0,0.14285714285714285,1.0
synthetic64,diffusion/synchronization,size,24,common-006,6,True,common,0,0,0.0,1.0
synthetic64,diffusion/synchronization,size,24,common-007,7,True,common,0,0,0.0,1.0
synthetic64,diffusion/synchronization,size,24,common-008,8,True,common,0,1,0.0,1.0
synthetic64,diffusion/synchronization,size,24,common-009,9,True,common,0,2,0.0,1.0
synthetic64,diffusion/synchronization,size,24,common-010,10,True,common,0,1,0.0,1.0
synthetic64,diffusion/synchronization,size,24,common-011,11,True,common,0,0,0.0,1.0
synthetic64,diffusion/synchronization,size,24,decouple-012,0,True,decouple,0,0,0.0,1.0
synthetic64,diffusion/synchronization,size,24,decouple-013,1,True,decouple,0,1,0.0,1.0
synthetic64,diffusion/synchronization,size,24,decouple-014,2,True,decouple,1,2,0.0,1.0
synthetic64,diffusion/synchronization,size,24,decouple-015,3,True,decouple,0,1,0.0,1.0
synthetic64,diffusion/synchronization,size,24,decouple-016,4,True,decouple,1,1,0.2,1.0
synthetic64,diffusion/synchronization,size,24,decouple-017,5,True,decouple,1,0,0.0,1.0
synthetic64,diffusion/synchronization,size,24,noise-018,6,True,noise,0,0,0.0,1.0
synthetic64,diffusion/synchronization,size,24,noise-019,7,True,noise,0,0,0.0,1.0
synthetic64,diffusion/synchronization,size,24,noise-020,8,True,noise,0,0,0.0,1.0
synthetic64,diffusion/synchronization,size,24,noise-021,9,True,noise,0,2,0.0,1.0
synthetic64,diffusion/synchronization,size,24,noise-022,10,True,noise,0,1,0.0,1.0
synthetic64,diffusion/synchronization,size,24,noise-023,11,True,noise,0,0,0.0,1.0
synthetic64,diffusion/synchronization,size,24,delay-024,0,True,delay,0,0,0.0,1.0
synthetic64,diffusion/synchronization,size,24,delay-025,1,True,delay,0,1,0.0,1.0
synthetic64,diffusion/synchronization,size,24,delay-026,2,True,delay,1,2,0.058823529411764705,1.0
synthetic64,diffusion/synchronization,size,24,delay-027,3,True,delay,0,1,0.0,1.0
synthetic64,diffusion/synchronization,size,24,delay-028,4,True,delay,1,1,0.125,1.0
synthetic64,diffusion/synchronization,size,24,delay-029,5,True,delay,1,0,0.14285714285714285,1.0
synthetic64,diffusion/synchronization,size,24,drift-030,6,True,drift,0,0,0.0,1.0
synthetic64,diffusion/synchronization,size,24,drift-031,7,True,drift,0,0,0.0,1.0
synthetic64,diffusion/synchronization,size,24,drift-032,8,True,drift,1,1,0.058823529411764705,1.0
synthetic64,diffusion/synchronization,size,24,drift-033,9,True,drift,0,2,0.0,1.0
synthetic64,diffusion/synchronization,size,24,drift-034,10,True,drift,0,1,0.0,1.0
synthetic64,diffusion/synchronization,size,24,drift-035,11,True,drift,0,0,0.0,1.0
synthetic64,diffusion/synchronization,size,24,flatline-036,0,True,flatline,0,0,0.0,1.0
synthetic64,diffusion/synchronization,size,24,flatline-037,1,True,flatline,1,1,0.3333333333333333,0.965034965034965
synthetic64,diffusion/synchronization,size,24,flatline-038,2,True,flatline,1,2,0.0,0.8636363636363636
synthetic64,diffusion/synchronization,size,24,flatline-039,3,True,flatline,0,1,0.0,1.0
synthetic64,diffusion/synchronization,size,24,flatline-040,4,True,flatline,1,1,0.0,0.965034965034965
synthetic64,diffusion/synchronization,size,24,flatline-041,5,True,flatline,0,0,0.0,0.7692307692307693
synthetic64,diffusion/synchronization,size,24,dropout-042,6,True,dropout,0,1,0.0,0.8461538461538461
synthetic64,diffusion/synchronization,size,24,dropout-043,7,True,dropout,0,0,0.0,0.38461538461538464
synthetic64,diffusion/synchronization,size,24,dropout-044,8,True,dropout,1,1,0.0,0.5681818181818182
synthetic64,diffusion/synchronization,size,24,dropout-045,9,True,dropout,0,2,0.0,0.8461538461538461
synthetic64,diffusion/synchronization,size,24,dropout-046,10,True,dropout,0,1,0.0,0.6643356643356644
synthetic64,diffusion/synchronization,size,24,dropout-047,11,True,dropout,0,0,0.0,0.3356643356643357
synthetic64,diffusion/synchronization,size,24,anticorrelated-048,0,True,anticorrelated,0,0,0.0,1.0
synthetic64,diffusion/synchronization,size,24,anticorrelated-049,1,True,anticorrelated,0,1,0.0,1.0
synthetic64,diffusion/synchronization,size,24,anticorrelated-050,2,True,anticorrelated,0,2,0.0,1.0
synthetic64,diffusion/synchronization,size,24,anticorrelated-051,3,True,anticorrelated,0,1,0.0,1.0
synthetic64,diffusion/synchronization,size,24,anticorrelated-052,4,True,anticorrelated,1,1,0.0,1.0
synthetic64,diffusion/synchronization,size,24,anticorrelated-053,5,True,anticorrelated,0,0,0.0,1.0
synthetic64,diffusion/synchronization,size,24,mixed-054,6,True,mixed,0,0,0.0,1.0
synthetic64,diffusion/synchronization,size,24,mixed-055,7,True,mixed,0,0,0.0,1.0
synthetic64,diffusion/synchronization,size,24,mixed-056,8,True,mixed,0,1,0.0,1.0
synthetic64,diffusion/synchronization,size,24,mixed-057,9,True,mixed,0,2,0.0,1.0
synthetic64,diffusion/synchronization,size,24,mixed-058,10,True,mixed,0,1,0.0,1.0
synthetic64,diffusion/synchronization,size,24,mixed-059,11,True,mixed,0,0,0.0,1.0
synthetic64,diffusion/synchronization,size,24,matched_covariance-060,0,True,matched_covariance,0,0,0.0,1.0
synthetic64,diffusion/synchronization,size,24,matched_covariance-061,1,True,matched_covariance,0,1,0.0,1.0
synthetic64,diffusion/synchronization,size,24,matched_covariance-062,2,True,matched_covariance,1,2,0.0,1.0
synthetic64,diffusion/synchronization,size,24,matched_covariance-063,3,True,matched_covariance,0,1,0.0,1.0
synthetic64,diffusion/synchronization,size,24,matched_covariance-064,4,True,matched_covariance,1,1,0.2,1.0
synthetic64,diffusion/synchronization,size,24,matched_covariance-065,5,True,matched_covariance,1,0,0.043478260869565216,1.0
synthetic64,diffusion/synchronization,size,24,marginal_preserving-066,6,True,marginal_preserving,0,0,0.0,1.0
synthetic64,diffusion/synchronization,size,24,marginal_preserving-067,7,True,marginal_preserving,0,0,0.0,1.0
synthetic64,diffusion/synchronization,size,24,marginal_preserving-068,8,True,marginal_preserving,1,1,0.125,1.0
synthetic64,diffusion/synchronization,size,24,marginal_preserving-069,9,True,marginal_preserving,0,2,0.0,1.0
synthetic64,diffusion/synchronization,size,24,marginal_preserving-070,10,True,marginal_preserving,0,1,0.0,1.0
synthetic64,diffusion/synchronization,size,24,marginal_preserving-071,11,True,marginal_preserving,0,0,0.0,1.0
synthetic64,diffusion/synchronization,size,24,untouched-000,0,False,untouched,0,0,0.0,1.0
synthetic64,diffusion/synchronization,size,24,transition-000,0,False,transition,0,1,0.0,1.0
synthetic64,diffusion/synchronization,size,24,untouched-001,1,False,untouched,0,1,0.0,1.0
synthetic64,diffusion/synchronization,size,24,transition-001,1,False,transition,0,1,0.0,1.0
synthetic64,diffusion/synchronization,size,24,untouched-002,2,False,untouched,0,3,0.0,1.0
synthetic64,diffusion/synchronization,size,24,transition-002,2,False,transition,0,2,0.0,1.0
synthetic64,diffusion/synchronization,size,24,untouched-003,3,False,untouched,0,1,0.0,1.0
synthetic64,diffusion/synchronization,size,24,transition-003,3,False,transition,0,2,0.0,1.0
synthetic64,diffusion/synchronization,size,24,untouched-004,4,False,untouched,0,2,0.0,1.0
synthetic64,diffusion/synchronization,size,24,transition-004,4,False,transition,0,2,0.0,1.0
synthetic64,diffusion/synchronization,size,24,untouched-005,5,False,untouched,0,1,0.0,1.0
synthetic64,diffusion/synchronization,size,24,transition-005,5,False,transition,0,1,0.0,1.0
synthetic64,diffusion/synchronization,size,24,untouched-006,6,False,untouched,0,0,0.0,1.0
synthetic64,diffusion/synchronization,size,24,transition-006,6,False,transition,0,1,0.0,1.0
synthetic64,diffusion/synchronization,size,24,untouched-007,7,False,untouched,0,0,0.0,1.0
synthetic64,diffusion/synchronization,size,24,transition-007,7,False,transition,0,2,0.0,1.0
synthetic64,diffusion/synchronization,size,24,untouched-008,8,False,untouched,0,2,0.0,1.0
synthetic64,diffusion/synchronization,size,24,transition-008,8,False,transition,0,2,0.0,1.0
synthetic64,diffusion/synchronization,size,24,untouched-009,9,False,untouched,0,2,0.0,1.0
synthetic64,diffusion/synchronization,size,24,transition-009,9,False,transition,0,3,0.0,1.0
synthetic64,diffusion/synchronization,size,24,untouched-010,10,False,untouched,0,1,0.0,1.0
synthetic64,diffusion/synchronization,size,24,transition-010,10,False,transition,0,2,0.0,1.0
synthetic64,diffusion/synchronization,size,24,untouched-011,11,False,untouched,0,0,0.0,1.0
synthetic64,diffusion/synchronization,size,24,transition-011,11,False,transition,0,1,0.0,1.0
synthetic64,diffusion/combined,size,24,copy-000,0,True,copy,0,0,0.0,1.0
synthetic64,diffusion/combined,size,24,copy-001,1,True,copy,0,1,0.0,1.0
synthetic64,diffusion/combined,size,24,copy-002,2,True,copy,0,0,0.0,1.0
synthetic64,diffusion/combined,size,24,copy-003,3,True,copy,0,1,0.0,1.0
synthetic64,diffusion/combined,size,24,copy-004,4,True,copy,1,0,0.058823529411764705,1.0
synthetic64,diffusion/combined,size,24,copy-005,5,True,copy,0,0,0.0,1.0
synthetic64,diffusion/combined,size,24,common-006,6,True,common,0,0,0.0,1.0
synthetic64,diffusion/combined,size,24,common-007,7,True,common,0,0,0.0,1.0
synthetic64,diffusion/combined,size,24,common-008,8,True,common,1,1,0.058823529411764705,1.0
synthetic64,diffusion/combined,size,24,common-009,9,True,common,0,0,0.0,1.0
synthetic64,diffusion/combined,size,24,common-010,10,True,common,0,1,0.0,1.0
synthetic64,diffusion/combined,size,24,common-011,11,True,common,0,0,0.0,1.0
synthetic64,diffusion/combined,size,24,decouple-012,0,True,decouple,0,0,0.0,1.0
synthetic64,diffusion/combined,size,24,decouple-013,1,True,decouple,0,1,0.0,1.0
synthetic64,diffusion/combined,size,24,decouple-014,2,True,decouple,0,0,0.0,1.0
synthetic64,diffusion/combined,size,24,decouple-015,3,True,decouple,0,1,0.0,1.0
synthetic64,diffusion/combined,size,24,decouple-016,4,True,decouple,1,0,0.38461538461538464,1.0
synthetic64,diffusion/combined,size,24,decouple-017,5,True,decouple,0,1,0.0,1.0
synthetic64,diffusion/combined,size,24,noise-018,6,True,noise,0,0,0.0,1.0
synthetic64,diffusion/combined,size,24,noise-019,7,True,noise,1,2,0.14285714285714285,1.0
synthetic64,diffusion/combined,size,24,noise-020,8,True,noise,1,0,0.0,1.0
synthetic64,diffusion/combined,size,24,noise-021,9,True,noise,0,1,0.0,1.0
synthetic64,diffusion/combined,size,24,noise-022,10,True,noise,0,0,0.0,1.0
synthetic64,diffusion/combined,size,24,noise-023,11,True,noise,0,0,0.0,1.0
synthetic64,diffusion/combined,size,24,delay-024,0,True,delay,0,0,0.0,1.0
synthetic64,diffusion/combined,size,24,delay-025,1,True,delay,0,1,0.0,1.0
synthetic64,diffusion/combined,size,24,delay-026,2,True,delay,0,0,0.0,1.0
synthetic64,diffusion/combined,size,24,delay-027,3,True,delay,0,1,0.0,1.0
synthetic64,diffusion/combined,size,24,delay-028,4,True,delay,1,0,0.058823529411764705,1.0
synthetic64,diffusion/combined,size,24,delay-029,5,True,delay,0,1,0.0,1.0
synthetic64,diffusion/combined,size,24,drift-030,6,True,drift,0,0,0.0,1.0
synthetic64,diffusion/combined,size,24,drift-031,7,True,drift,0,0,0.0,1.0
synthetic64,diffusion/combined,size,24,drift-032,8,True,drift,1,0,0.0,1.0
synthetic64,diffusion/combined,size,24,drift-033,9,True,drift,0,0,0.0,1.0
synthetic64,diffusion/combined,size,24,drift-034,10,True,drift,0,1,0.0,1.0
synthetic64,diffusion/combined,size,24,drift-035,11,True,drift,0,0,0.0,1.0
synthetic64,diffusion/combined,size,24,flatline-036,0,True,flatline,0,0,0.0,1.0
synthetic64,diffusion/combined,size,24,flatline-037,1,True,flatline,0,1,0.0,0.965034965034965
synthetic64,diffusion/combined,size,24,flatline-038,2,True,flatline,0,0,0.0,0.8636363636363636
synthetic64,diffusion/combined,size,24,flatline-039,3,True,flatline,0,1,0.0,1.0
synthetic64,diffusion/combined,size,24,flatline-040,4,True,flatline,1,0,0.058823529411764705,0.965034965034965
synthetic64,diffusion/combined,size,24,flatline-041,5,True,flatline,0,1,0.0,0.7692307692307693
synthetic64,diffusion/combined,size,24,dropout-042,6,True,dropout,0,1,0.0,0.8461538461538461
synthetic64,diffusion/combined,size,24,dropout-043,7,True,dropout,0,0,0.0,0.38461538461538464
synthetic64,diffusion/combined,size,24,dropout-044,8,True,dropout,0,0,0.0,0.5681818181818182
synthetic64,diffusion/combined,size,24,dropout-045,9,True,dropout,0,0,0.0,0.8461538461538461
synthetic64,diffusion/combined,size,24,dropout-046,10,True,dropout,0,0,0.0,0.6643356643356644
synthetic64,diffusion/combined,size,24,dropout-047,11,True,dropout,0,0,0.0,0.3356643356643357
synthetic64,diffusion/combined,size,24,anticorrelated-048,0,True,anticorrelated,0,0,0.0,1.0
synthetic64,diffusion/combined,size,24,anticorrelated-049,1,True,anticorrelated,0,1,0.0,1.0
synthetic64,diffusion/combined,size,24,anticorrelated-050,2,True,anticorrelated,0,0,0.0,1.0
synthetic64,diffusion/combined,size,24,anticorrelated-051,3,True,anticorrelated,0,1,0.0,1.0
synthetic64,diffusion/combined,size,24,anticorrelated-052,4,True,anticorrelated,1,0,0.0,1.0
synthetic64,diffusion/combined,size,24,anticorrelated-053,5,True,anticorrelated,0,0,0.0,1.0
synthetic64,diffusion/combined,size,24,mixed-054,6,True,mixed,0,0,0.0,1.0
synthetic64,diffusion/combined,size,24,mixed-055,7,True,mixed,1,1,0.2631578947368421,1.0
synthetic64,diffusion/combined,size,24,mixed-056,8,True,mixed,1,1,0.2857142857142857,1.0
synthetic64,diffusion/combined,size,24,mixed-057,9,True,mixed,0,0,0.0,1.0
synthetic64,diffusion/combined,size,24,mixed-058,10,True,mixed,0,1,0.0,1.0
synthetic64,diffusion/combined,size,24,mixed-059,11,True,mixed,0,0,0.0,1.0
synthetic64,diffusion/combined,size,24,matched_covariance-060,0,True,matched_covariance,0,0,0.0,1.0
synthetic64,diffusion/combined,size,24,matched_covariance-061,1,True,matched_covariance,0,1,0.0,1.0
synthetic64,diffusion/combined,size,24,matched_covariance-062,2,True,matched_covariance,0,0,0.0,1.0
synthetic64,diffusion/combined,size,24,matched_covariance-063,3,True,matched_covariance,0,1,0.0,1.0
synthetic64,diffusion/combined,size,24,matched_covariance-064,4,True,matched_covariance,1,0,0.2,1.0
synthetic64,diffusion/combined,size,24,matched_covariance-065,5,True,matched_covariance,1,1,0.14285714285714285,1.0
synthetic64,diffusion/combined,size,24,marginal_preserving-066,6,True,marginal_preserving,0,0,0.0,1.0
synthetic64,diffusion/combined,size,24,marginal_preserving-067,7,True,marginal_preserving,1,0,0.043478260869565216,1.0
synthetic64,diffusion/combined,size,24,marginal_preserving-068,8,True,marginal_preserving,1,0,0.2857142857142857,1.0
synthetic64,diffusion/combined,size,24,marginal_preserving-069,9,True,marginal_preserving,0,0,0.0,1.0
synthetic64,diffusion/combined,size,24,marginal_preserving-070,10,True,marginal_preserving,0,1,0.0,1.0
synthetic64,diffusion/combined,size,24,marginal_preserving-071,11,True,marginal_preserving,0,0,0.0,1.0
synthetic64,diffusion/combined,size,24,untouched-000,0,False,untouched,0,0,0.0,1.0
synthetic64,diffusion/combined,size,24,transition-000,0,False,transition,0,1,0.0,1.0
synthetic64,diffusion/combined,size,24,untouched-001,1,False,untouched,0,1,0.0,1.0
synthetic64,diffusion/combined,size,24,transition-001,1,False,transition,0,1,0.0,1.0
synthetic64,diffusion/combined,size,24,untouched-002,2,False,untouched,0,0,0.0,1.0
synthetic64,diffusion/combined,size,24,transition-002,2,False,transition,0,1,0.0,1.0
synthetic64,diffusion/combined,size,24,untouched-003,3,False,untouched,0,1,0.0,1.0
synthetic64,diffusion/combined,size,24,transition-003,3,False,transition,0,1,0.0,1.0
synthetic64,diffusion/combined,size,24,untouched-004,4,False,untouched,0,1,0.0,1.0
synthetic64,diffusion/combined,size,24,transition-004,4,False,transition,0,0,0.0,1.0
synthetic64,diffusion/combined,size,24,untouched-005,5,False,untouched,0,1,0.0,1.0
synthetic64,diffusion/combined,size,24,transition-005,5,False,transition,0,0,0.0,1.0
synthetic64,diffusion/combined,size,24,untouched-006,6,False,untouched,0,0,0.0,1.0
synthetic64,diffusion/combined,size,24,transition-006,6,False,transition,0,0,0.0,1.0
synthetic64,diffusion/combined,size,24,untouched-007,7,False,untouched,0,1,0.0,1.0
synthetic64,diffusion/combined,size,24,transition-007,7,False,transition,0,1,0.0,1.0
synthetic64,diffusion/combined,size,24,untouched-008,8,False,untouched,0,1,0.0,1.0
synthetic64,diffusion/combined,size,24,transition-008,8,False,transition,0,0,0.0,1.0
synthetic64,diffusion/combined,size,24,untouched-009,9,False,untouched,0,0,0.0,1.0
synthetic64,diffusion/combined,size,24,transition-009,9,False,transition,0,2,0.0,1.0
synthetic64,diffusion/combined,size,24,untouched-010,10,False,untouched,0,0,0.0,1.0
synthetic64,diffusion/combined,size,24,transition-010,10,False,transition,0,1,0.0,1.0
synthetic64,diffusion/combined,size,24,untouched-011,11,False,untouched,0,0,0.0,1.0
synthetic64,diffusion/combined,size,24,transition-011,11,False,transition,0,0,0.0,1.0
