episode,background,week,family,magnitude,method,event_duration,detected,correct_group_detected,delay_steps,missed,negative_steps,negative_alarms,matched_background_detected,matched_background_group_detected,detection_minus_matched_background,localization_minus_matched_background,peak_score_in_detection_window,median_negative_score,negative_alarm_rate,any_negative_alarm,event_alarm_steps,correct_house_instances,false_house_instances,correct_house_unique,false_house_unique,affected_households,house_localization_recall,false_group_instances,first_informative_read_step,first_macro_alarm_step,local_detection_step,zero_effect
b00_regional_1.0,0,0,regional,1.0,M0,20,True,True,0,False,28,3,True,True,0,0,1.2104077744795283,0.5028226523866014,0.10714285714285714,True,3,0,0,0,0,4170,0.0,0,,0.0,0.0,False
b00_regional_1.0,0,0,regional,1.0,M1,20,False,False,7,True,28,1,False,False,0,0,0.8565643225574879,0.3622696245966145,0.03571428571428571,True,1,0,0,0,0,4170,0.0,0,0.0,16.0,,False
b00_regional_1.0,0,0,regional,1.0,M2,20,True,True,5,False,28,1,True,True,0,0,1.1217087168529964,0.40492554143338955,0.03571428571428571,True,2,1,0,1,0,4170,0.00023980815347721823,0,0.0,16.0,5.0,False
b00_regional_1.0,0,0,regional,1.0,M3,20,True,True,0,False,28,2,False,False,1,1,1.019061459646622,0.49782552219185416,0.07142857142857142,True,2,0,0,0,0,4170,0.0,0,0.0,0.0,0.0,False
b00_regional_1.0,0,0,regional,1.0,M3_fixed,20,True,True,0,False,28,2,False,False,1,1,1.019061459646622,0.49782552219185416,0.07142857142857142,True,2,0,0,0,0,4170,0.0,0,0.0,0.0,0.0,False
b00_regional_1.0,0,0,regional,1.0,M4,20,True,True,0,False,28,8,True,True,0,0,1.0845720816363629,0.5581882594253192,0.2857142857142857,True,3,2,0,1,0,4170,0.00023980815347721823,0,0.0,0.0,0.0,False
b00_regional_3.0,0,0,regional,3.0,M0,20,True,True,0,False,28,4,True,True,0,0,2.2363853778357994,0.5022505081027269,0.14285714285714285,True,3,0,0,0,0,4170,0.0,0,,0.0,0.0,False
b00_regional_3.0,0,0,regional,3.0,M1,20,True,True,0,False,28,2,False,False,1,1,1.582613699723714,0.36336589026788685,0.07142857142857142,True,2,0,0,0,0,4170,0.0,0,0.0,0.0,0.0,False
b00_regional_3.0,0,0,regional,3.0,M2,20,True,True,0,False,28,2,True,True,0,0,1.800972083647533,0.40785350122662795,0.07142857142857142,True,3,1,0,1,0,4170,0.00023980815347721823,0,0.0,0.0,0.0,False
b00_regional_3.0,0,0,regional,3.0,M3,20,True,True,0,False,28,3,False,False,1,1,1.8828482396766504,0.49782552219185416,0.10714285714285714,True,2,0,0,0,0,4170,0.0,0,0.0,0.0,0.0,False
b00_regional_3.0,0,0,regional,3.0,M3_fixed,20,True,True,0,False,28,3,False,False,1,1,1.8828482396766504,0.49782552219185416,0.10714285714285714,True,2,0,0,0,0,4170,0.0,0,0.0,0.0,0.0,False
b00_regional_3.0,0,0,regional,3.0,M4,20,True,True,0,False,28,9,True,True,0,0,1.885055524689979,0.6403831816272312,0.32142857142857145,True,3,2,0,1,0,4170,0.00023980815347721823,0,0.0,0.0,0.0,False
b00_localized_1.0,0,0,localized,1.0,M0,20,True,False,3,False,28,3,True,False,0,0,1.154064852851456,0.5305712346317741,0.10714285714285714,True,3,0,0,0,0,32,0.0,3,,3.0,,False
b00_localized_1.0,0,0,localized,1.0,M1,20,False,False,7,True,28,1,False,False,0,0,0.8166923574951256,0.37651949506778926,0.03571428571428571,True,1,0,0,0,0,32,0.0,0,1.0,14.0,,False
b00_localized_1.0,0,0,localized,1.0,M2,20,True,False,3,False,28,1,True,False,0,0,1.1210112819953009,0.4272716104426205,0.03571428571428571,True,2,0,1,0,1,32,0.0,1,0.0,14.0,,False
b00_localized_1.0,0,0,localized,1.0,M3,20,False,False,7,True,28,2,False,False,0,0,0.971625462319401,0.5155004733500855,0.07142857142857142,True,1,0,0,0,0,32,0.0,0,0.0,14.0,,False
b00_localized_1.0,0,0,localized,1.0,M3_fixed,20,False,False,7,True,28,2,False,False,0,0,0.971625462319401,0.5155004733500855,0.07142857142857142,True,1,0,0,0,0,32,0.0,0,0.0,14.0,,False
b00_localized_1.0,0,0,localized,1.0,M4,20,True,False,2,False,28,9,True,False,0,0,1.0714455146960429,0.6397538023912102,0.32142857142857145,True,2,0,1,0,1,32,0.0,1,0.0,14.0,,False
b00_localized_3.0,0,0,localized,3.0,M0,20,True,True,0,False,28,3,True,False,0,1,1.487509758262294,0.5494005481522064,0.10714285714285714,True,4,0,0,0,0,32,0.0,3,,0.0,0.0,False
b00_localized_3.0,0,0,localized,3.0,M1,20,True,True,0,False,28,1,False,False,1,1,1.052659950842991,0.3887920403874326,0.03571428571428571,True,2,0,0,0,0,32,0.0,0,1.0,0.0,0.0,False
b00_localized_3.0,0,0,localized,3.0,M2,20,True,True,0,False,28,1,True,False,0,1,1.197898884214748,0.4424349487208211,0.03571428571428571,True,3,0,1,0,1,32,0.0,1,0.0,0.0,0.0,False
b00_localized_3.0,0,0,localized,3.0,M3,20,True,True,0,False,28,2,False,False,1,1,1.2523580048427765,0.5227240882689712,0.07142857142857142,True,2,0,0,0,0,32,0.0,0,0.0,0.0,0.0,False
b00_localized_3.0,0,0,localized,3.0,M3_fixed,20,True,True,0,False,28,2,False,False,1,1,1.2523580048427765,0.5227240882689712,0.07142857142857142,True,2,0,0,0,0,32,0.0,0,0.0,0.0,0.0,False
b00_localized_3.0,0,0,localized,3.0,M4,20,True,True,0,False,28,9,True,False,0,1,1.2538261587795407,0.7301115658417983,0.32142857142857145,True,3,0,1,0,1,32,0.0,1,0.0,0.0,0.0,False
b00_cancel_exact_1.0,0,0,cancel_exact,1.0,M0,24,True,False,2,False,24,3,True,False,0,0,1.155961782521853,0.5737486118708028,0.125,True,3,0,0,0,0,60,0.0,3,,2.0,,False
b00_cancel_exact_1.0,0,0,cancel_exact,1.0,M1,24,False,False,7,True,24,1,False,False,0,0,0.8180347499617978,0.40602233512316654,0.041666666666666664,True,1,0,0,0,0,60,0.0,1,0.0,13.0,,False
b00_cancel_exact_1.0,0,0,cancel_exact,1.0,M2,24,True,False,2,False,24,1,True,False,0,0,1.1215104802891482,0.46204256352757594,0.041666666666666664,True,2,0,1,0,1,60,0.0,2,0.0,13.0,,False
b00_cancel_exact_1.0,0,0,cancel_exact,1.0,M3,24,False,False,7,True,24,2,False,False,0,0,0.973222517427208,0.5264826133825922,0.08333333333333333,True,1,0,0,0,0,60,0.0,1,0.0,13.0,,False
b00_cancel_exact_1.0,0,0,cancel_exact,1.0,M3_fixed,24,False,False,7,True,24,2,False,False,0,0,0.973222517427208,0.5264826133825922,0.08333333333333333,True,1,0,0,0,0,60,0.0,1,0.0,13.0,,False
b00_cancel_exact_1.0,0,0,cancel_exact,1.0,M4,24,True,False,1,False,24,9,True,False,0,0,1.0713598705614298,0.7574539949508327,0.375,True,2,0,1,0,1,60,0.0,2,0.0,13.0,,False
b00_cancel_exact_3.0,0,0,cancel_exact,3.0,M0,24,True,False,2,False,24,3,True,False,0,0,1.1559617825218556,0.5737486118708028,0.125,True,3,0,0,0,0,60,0.0,3,,2.0,,False
b00_cancel_exact_3.0,0,0,cancel_exact,3.0,M1,24,False,False,7,True,24,1,False,False,0,0,0.8180347499617995,0.40602233512316654,0.041666666666666664,True,1,0,0,0,0,60,0.0,1,0.0,13.0,,False
b00_cancel_exact_3.0,0,0,cancel_exact,3.0,M2,24,True,False,2,False,24,1,True,False,0,0,1.1215104802891482,0.46204256352757594,0.041666666666666664,True,2,0,1,0,1,60,0.0,2,0.0,13.0,,False
b00_cancel_exact_3.0,0,0,cancel_exact,3.0,M3,24,False,False,7,True,24,2,False,False,0,0,0.97322251742721,0.5264826133825913,0.08333333333333333,True,1,0,0,0,0,60,0.0,1,0.0,13.0,,False
b00_cancel_exact_3.0,0,0,cancel_exact,3.0,M3_fixed,24,False,False,7,True,24,2,False,False,0,0,0.97322251742721,0.5264826133825913,0.08333333333333333,True,1,0,0,0,0,60,0.0,1,0.0,13.0,,False
b00_cancel_exact_3.0,0,0,cancel_exact,3.0,M4,24,True,False,1,False,24,9,True,False,0,0,1.0713598705614298,0.7574539949508327,0.375,True,2,0,1,0,1,60,0.0,2,0.0,13.0,,False
b00_cancel_approx_1.0,0,0,cancel_approx,1.0,M0,24,False,False,7,True,24,3,False,False,0,0,0.885963666939535,0.5073396221157807,0.125,True,3,0,0,0,0,64,0.0,3,,6.0,,False
b00_cancel_approx_1.0,0,0,cancel_approx,1.0,M1,24,False,False,7,True,24,1,False,False,0,0,0.6269662870506005,0.3648519871697963,0.041666666666666664,True,1,0,0,0,0,64,0.0,1,1.0,17.0,,False
b00_cancel_approx_1.0,0,0,cancel_approx,1.0,M2,24,False,False,7,True,24,1,False,False,0,0,0.7134708745181465,0.4085630792502417,0.041666666666666664,True,2,0,1,0,1,64,0.0,2,0.0,17.0,,False
b00_cancel_approx_1.0,0,0,cancel_approx,1.0,M3,24,False,False,7,True,24,2,False,False,0,0,0.8464637677259109,0.5149908385494724,0.08333333333333333,True,1,0,0,0,0,64,0.0,1,0.0,17.0,,False
b00_cancel_approx_1.0,0,0,cancel_approx,1.0,M3_fixed,24,False,False,7,True,24,2,False,False,0,0,0.8464637677259109,0.5149908385494724,0.08333333333333333,True,1,0,0,0,0,64,0.0,1,0.0,17.0,,False
b00_cancel_approx_1.0,0,0,cancel_approx,1.0,M4,24,True,False,0,False,24,7,True,False,0,0,1.0772449548975418,0.639745555464093,0.2916666666666667,True,4,0,3,0,1,64,0.0,4,0.0,17.0,,False
b00_cancel_approx_3.0,0,0,cancel_approx,3.0,M0,24,False,False,7,True,24,3,False,False,0,0,0.8857474786058993,0.5075031234790898,0.125,True,3,0,0,0,0,64,0.0,3,,6.0,,False
b00_cancel_approx_3.0,0,0,cancel_approx,3.0,M1,24,False,False,7,True,24,1,False,False,0,0,0.6268132979361469,0.3649119964828679,0.041666666666666664,True,1,0,0,0,0,64,0.0,1,1.0,17.0,,False
b00_cancel_approx_3.0,0,0,cancel_approx,3.0,M2,24,False,False,7,True,24,1,False,False,0,0,0.7132967769956233,0.40869474769785197,0.041666666666666664,True,2,0,1,0,1,64,0.0,2,0.0,17.0,,False
b00_cancel_approx_3.0,0,0,cancel_approx,3.0,M3,24,False,False,7,True,24,2,False,False,0,0,0.8463482161563678,0.5150374284831976,0.08333333333333333,True,1,0,0,0,0,64,0.0,1,0.0,17.0,,False
b00_cancel_approx_3.0,0,0,cancel_approx,3.0,M3_fixed,24,False,False,7,True,24,2,False,False,0,0,0.8463482161563678,0.5150374284831976,0.08333333333333333,True,1,0,0,0,0,64,0.0,1,0.0,17.0,,False
b00_cancel_approx_3.0,0,0,cancel_approx,3.0,M4,24,True,False,0,False,24,7,True,False,0,0,1.0772449548975418,0.6397559348726889,0.2916666666666667,True,4,0,3,0,1,64,0.0,4,0.0,17.0,,False
b00_delayed_1.0,0,0,delayed,1.0,M0,24,True,False,3,False,24,3,True,False,0,0,1.1529434310102151,0.5638546246242084,0.125,True,3,0,0,0,0,60,0.0,4,,3.0,,False
b00_delayed_1.0,0,0,delayed,1.0,M1,24,False,False,7,True,24,1,False,False,0,0,0.8158987654842377,0.3990206976073172,0.041666666666666664,True,1,0,0,0,0,60,0.0,1,2.0,14.0,,False
b00_delayed_1.0,0,0,delayed,1.0,M2,24,True,False,3,False,24,1,True,False,0,0,1.1211972988546934,0.4540748872032365,0.041666666666666664,True,2,0,1,0,1,60,0.0,2,0.0,14.0,,False
b00_delayed_1.0,0,0,delayed,1.0,M3,24,False,False,7,True,24,2,False,False,0,0,0.9706813195251216,0.5259027099141356,0.08333333333333333,True,1,0,0,0,0,60,0.0,1,0.0,14.0,,False
b00_delayed_1.0,0,0,delayed,1.0,M3_fixed,24,False,False,7,True,24,2,False,False,0,0,0.9706813195251216,0.5259027099141356,0.08333333333333333,True,1,0,0,0,0,60,0.0,1,0.0,14.0,,False
b00_delayed_1.0,0,0,delayed,1.0,M4,24,True,False,2,False,24,9,True,False,0,0,1.0712667158705405,0.7561457779750086,0.375,True,2,0,1,0,1,60,0.0,2,0.0,14.0,,False
b00_delayed_3.0,0,0,delayed,3.0,M0,24,True,False,3,False,24,3,True,False,0,0,1.150719051115468,0.5638546246242084,0.125,True,3,0,0,0,0,60,0.0,4,,3.0,,False
b00_delayed_3.0,0,0,delayed,3.0,M1,24,False,False,7,True,24,1,False,False,0,0,0.8143246476556621,0.3990206976073172,0.041666666666666664,True,1,0,0,0,0,60,0.0,1,2.0,14.0,,False
b00_delayed_3.0,0,0,delayed,3.0,M2,24,True,False,3,False,24,1,True,False,0,0,1.1209664992001394,0.4540748872032365,0.041666666666666664,True,2,0,1,0,1,60,0.0,2,0.0,14.0,,False
b00_delayed_3.0,0,0,delayed,3.0,M3,24,False,False,7,True,24,2,False,False,0,0,0.9688085788916402,0.525414720477162,0.08333333333333333,True,1,0,0,0,0,60,0.0,1,0.0,14.0,,False
b00_delayed_3.0,0,0,delayed,3.0,M3_fixed,24,False,False,7,True,24,2,False,False,0,0,0.9688085788916402,0.525414720477162,0.08333333333333333,True,1,0,0,0,0,60,0.0,1,0.0,14.0,,False
b00_delayed_3.0,0,0,delayed,3.0,M4,24,True,False,2,False,24,9,True,False,0,0,1.0711980653436826,0.7569423497550729,0.375,True,2,0,1,0,1,60,0.0,2,0.0,14.0,,False
b00_ramp_1.0,0,0,ramp,1.0,M0,24,True,False,2,False,24,3,True,False,0,0,1.1555674600166073,0.5737486118708028,0.125,True,3,0,0,0,0,32,0.0,3,,2.0,,False
b00_ramp_1.0,0,0,ramp,1.0,M1,24,False,False,7,True,24,1,False,False,0,0,0.8177557013661951,0.40602233512316654,0.041666666666666664,True,1,0,0,0,0,32,0.0,0,2.0,13.0,,False
b00_ramp_1.0,0,0,ramp,1.0,M2,24,True,False,2,False,24,1,True,False,0,0,1.1214936449668895,0.46204256352757594,0.041666666666666664,True,2,0,1,0,1,32,0.0,1,1.0,13.0,,False
b00_ramp_1.0,0,0,ramp,1.0,M3,24,False,False,7,True,24,2,False,False,0,0,0.972890531070015,0.5275457200800145,0.08333333333333333,True,1,0,0,0,0,32,0.0,0,1.0,13.0,,False
b00_ramp_1.0,0,0,ramp,1.0,M3_fixed,24,False,False,7,True,24,2,False,False,0,0,0.972890531070015,0.5275457200800145,0.08333333333333333,True,1,0,0,0,0,32,0.0,0,1.0,13.0,,False
b00_ramp_1.0,0,0,ramp,1.0,M4,24,True,False,1,False,24,9,True,False,0,0,1.0713598705614298,0.7585356615176501,0.375,True,2,0,1,0,1,32,0.0,1,1.0,13.0,,False
b00_ramp_3.0,0,0,ramp,3.0,M0,24,True,False,2,False,24,3,True,False,0,0,1.1547788150061118,0.5740398390987276,0.125,True,3,0,0,0,0,32,0.0,3,,2.0,,False
b00_ramp_3.0,0,0,ramp,3.0,M1,24,False,False,7,True,24,1,False,False,0,0,0.8171976041749871,0.4062284267052409,0.041666666666666664,True,1,0,0,0,0,32,0.0,0,2.0,13.0,,False
b00_ramp_3.0,0,0,ramp,3.0,M2,24,True,False,2,False,24,1,True,False,0,0,1.1214599743223723,0.4622770902387092,0.041666666666666664,True,2,0,1,0,1,32,0.0,1,1.0,13.0,,False
b00_ramp_3.0,0,0,ramp,3.0,M3,24,False,False,7,True,24,2,False,False,0,0,0.9722265583556262,0.5300811407740991,0.08333333333333333,True,1,0,0,0,0,32,0.0,0,1.0,13.0,,False
b00_ramp_3.0,0,0,ramp,3.0,M3_fixed,24,False,False,7,True,24,2,False,False,0,0,0.9722265583556262,0.5300811407740991,0.08333333333333333,True,1,0,0,0,0,32,0.0,0,1.0,13.0,,False
b00_ramp_3.0,0,0,ramp,3.0,M4,24,True,False,1,False,24,9,True,False,0,0,1.0713598705614298,0.7670169424988091,0.375,True,2,0,1,0,1,32,0.0,1,1.0,13.0,,False
b00_none_0.0,0,0,none,0.0,M0,0,True,False,4,False,48,6,True,False,0,0,1.1559617825218542,0.5638546246242084,0.125,True,0,0,0,0,0,0,,0,,,,True
b00_none_0.0,0,0,none,0.0,M1,0,False,False,7,True,48,2,False,False,0,0,0.8180347499617987,0.3990206976073172,0.041666666666666664,True,0,0,0,0,0,0,,0,,,,True
b00_none_0.0,0,0,none,0.0,M2,0,True,False,4,False,48,3,True,False,0,0,1.1215104802891482,0.4540748872032365,0.0625,True,0,0,0,0,0,0,,0,,,,True
b00_none_0.0,0,0,none,0.0,M3,0,False,False,7,True,48,3,False,False,0,0,0.9732225174272088,0.5206519552451028,0.0625,True,0,0,0,0,0,0,,0,,,,True
b00_none_0.0,0,0,none,0.0,M3_fixed,0,False,False,7,True,48,3,False,False,0,0,0.9732225174272088,0.5206519552451028,0.0625,True,0,0,0,0,0,0,,0,,,,True
b00_none_0.0,0,0,none,0.0,M4,0,True,False,3,False,48,11,True,False,0,0,1.0713598705614298,0.6513583698200176,0.22916666666666666,True,0,0,0,0,0,0,,0,,,,True
b00_sensor_fault_3.0,0,0,sensor_fault,3.0,M0,12,True,True,0,False,36,5,True,False,0,1,1.2224449014515075,0.5020553627878035,0.1388888888888889,True,2,0,0,0,0,32,0.0,1,,0.0,0.0,False
b00_sensor_fault_3.0,0,0,sensor_fault,3.0,M1,12,False,False,7,True,36,2,False,False,0,0,0.865082587003307,0.36852473507979877,0.05555555555555555,True,0,0,0,0,0,32,0.0,0,2.0,,,False
b00_sensor_fault_3.0,0,0,sensor_fault,3.0,M2,12,True,False,5,False,36,2,True,False,0,0,1.1226911489992109,0.41233810407954563,0.05555555555555555,True,1,0,1,0,1,32,0.0,1,0.0,,,False
b00_sensor_fault_3.0,0,0,sensor_fault,3.0,M3,12,True,True,0,False,36,3,False,False,1,1,1.0291957073279805,0.46128701315658943,0.08333333333333333,True,1,0,0,0,0,32,0.0,0,0.0,0.0,0.0,False
b00_sensor_fault_3.0,0,0,sensor_fault,3.0,M3_fixed,12,True,True,0,False,36,3,False,False,1,1,1.0291957073279805,0.46128701315658943,0.08333333333333333,True,1,0,0,0,0,32,0.0,0,0.0,0.0,0.0,False
b00_sensor_fault_3.0,0,0,sensor_fault,3.0,M4,12,True,True,0,False,36,9,True,False,0,1,1.0762724412186773,0.5581556338408671,0.25,True,2,0,2,0,1,32,0.0,2,0.0,0.0,0.0,False
b01_regional_1.0,1,0,regional,1.0,M0,12,False,False,7,True,36,4,False,False,0,0,0.7418817141297591,0.6223346213439598,0.1111111111111111,True,1,0,0,0,0,4162,0.0,0,,8.0,,False
b01_regional_1.0,1,0,regional,1.0,M1,12,False,False,7,True,36,2,False,False,0,0,0.5250044004010094,0.46305821226424493,0.05555555555555555,True,1,0,0,0,0,4162,0.0,0,0.0,8.0,,False
b01_regional_1.0,1,0,regional,1.0,M2,12,False,False,7,True,36,2,False,False,0,0,0.597440973169507,0.5251561060556729,0.05555555555555555,True,1,0,0,0,0,4162,0.0,0,0.0,8.0,,False
b01_regional_1.0,1,0,regional,1.0,M3,12,False,False,7,True,36,2,False,False,0,0,0.6246019551644881,0.5528588475352982,0.05555555555555555,True,1,0,0,0,0,4162,0.0,0,0.0,8.0,,False
b01_regional_1.0,1,0,regional,1.0,M3_fixed,12,False,False,7,True,36,2,False,False,0,0,0.6246019551644881,0.5528588475352982,0.05555555555555555,True,1,0,0,0,0,4162,0.0,0,0.0,8.0,,False
b01_regional_1.0,1,0,regional,1.0,M4,12,False,False,7,True,36,2,False,False,0,0,0.6253341833419258,0.5840269847046307,0.05555555555555555,True,1,0,0,0,0,4162,0.0,0,0.0,8.0,,False
b01_regional_3.0,1,0,regional,3.0,M0,12,True,True,0,False,36,5,False,False,1,1,1.762973646033078,0.6208985888943866,0.1388888888888889,True,2,0,0,0,0,4162,0.0,0,,0.0,0.0,False
b01_regional_3.0,1,0,regional,3.0,M1,12,True,True,0,False,36,3,False,False,1,1,1.2475963544189614,0.4607699148970112,0.08333333333333333,True,2,0,0,0,0,4162,0.0,0,0.0,0.0,0.0,False
b01_regional_3.0,1,0,regional,3.0,M2,12,True,True,0,False,36,3,False,False,1,1,1.419731300418564,0.5182891113144217,0.08333333333333333,True,2,0,0,0,0,4162,0.0,0,0.0,0.0,0.0,False
b01_regional_3.0,1,0,regional,3.0,M3,12,True,True,0,False,36,3,False,False,1,1,1.4842754110841023,0.5483163781094555,0.08333333333333333,True,2,0,0,0,0,4162,0.0,0,0.0,0.0,0.0,False
b01_regional_3.0,1,0,regional,3.0,M3_fixed,12,True,True,0,False,36,3,False,False,1,1,1.4842754110841023,0.5483163781094555,0.08333333333333333,True,2,0,0,0,0,4162,0.0,0,0.0,0.0,0.0,False
b01_regional_3.0,1,0,regional,3.0,M4,12,True,True,0,False,36,3,False,False,1,1,1.4860154445087297,0.5830717581555832,0.08333333333333333,True,2,0,0,0,0,4162,0.0,0,0.0,0.0,0.0,False
b01_localized_1.0,1,0,localized,1.0,M0,12,False,False,7,True,36,4,False,False,0,0,0.3835174901671656,0.6310691935968324,0.1111111111111111,True,1,0,0,0,0,30,0.0,3,,10.0,,False
b01_localized_1.0,1,0,localized,1.0,M1,12,False,False,7,True,36,2,False,False,0,0,0.335742964397905,0.4650736444733252,0.05555555555555555,True,1,0,0,0,0,30,0.0,1,,10.0,,False
b01_localized_1.0,1,0,localized,1.0,M2,12,False,False,7,True,36,2,False,False,0,0,0.3088485107383605,0.5292413750006705,0.05555555555555555,True,1,0,0,0,0,30,0.0,1,2.0,10.0,,False
b01_localized_1.0,1,0,localized,1.0,M3,12,False,False,7,True,36,2,False,False,0,0,0.5003124079968223,0.5555434555674837,0.05555555555555555,True,1,0,0,0,0,30,0.0,1,0.0,10.0,,False
b01_localized_1.0,1,0,localized,1.0,M3_fixed,12,False,False,7,True,36,2,False,False,0,0,0.5003124079968223,0.5555434555674837,0.05555555555555555,True,1,0,0,0,0,30,0.0,1,0.0,10.0,,False
b01_localized_1.0,1,0,localized,1.0,M4,12,False,False,7,True,36,2,False,False,0,0,0.5132823104825925,0.5759379432438566,0.05555555555555555,True,1,0,0,0,0,30,0.0,1,0.0,10.0,,False
b01_localized_3.0,1,0,localized,3.0,M0,12,False,False,7,True,36,4,False,False,0,0,0.4772498243837446,0.6572915217252457,0.1111111111111111,True,1,0,0,0,0,30,0.0,3,,10.0,,False
b01_localized_3.0,1,0,localized,3.0,M1,12,False,False,7,True,36,2,False,False,0,0,0.3377334325944187,0.4853197806894467,0.05555555555555555,True,1,0,0,0,0,30,0.0,1,,10.0,,False
b01_localized_3.0,1,0,localized,3.0,M2,12,False,False,7,True,36,2,False,False,0,0,0.3843316179578058,0.546250384250877,0.05555555555555555,True,1,0,0,0,0,30,0.0,1,2.0,10.0,,False
b01_localized_3.0,1,0,localized,3.0,M3,12,False,False,7,True,36,2,False,False,0,0,0.5002222086501493,0.5797551931560971,0.05555555555555555,True,1,0,0,0,0,30,0.0,1,0.0,10.0,,False
b01_localized_3.0,1,0,localized,3.0,M3_fixed,12,False,False,7,True,36,2,False,False,0,0,0.5002222086501493,0.5797551931560971,0.05555555555555555,True,1,0,0,0,0,30,0.0,1,0.0,10.0,,False
b01_localized_3.0,1,0,localized,3.0,M4,12,False,False,7,True,36,2,False,False,0,0,0.5132454173781377,0.5877959665204389,0.05555555555555555,True,1,0,0,0,0,30,0.0,1,0.0,10.0,,False
b01_cancel_exact_1.0,1,0,cancel_exact,1.0,M0,24,False,False,7,True,24,4,False,False,0,0,0.6133261395585385,0.6975813150919645,0.16666666666666666,True,1,0,0,0,0,60,0.0,3,,9.0,,False
b01_cancel_exact_1.0,1,0,cancel_exact,1.0,M1,24,False,False,7,True,24,2,False,False,0,0,0.4340300023797014,0.5410898614056905,0.08333333333333333,True,1,0,0,0,0,60,0.0,1,2.0,9.0,,False
b01_cancel_exact_1.0,1,0,cancel_exact,1.0,M2,24,False,False,7,True,24,2,False,False,0,0,0.4939145401608594,0.5617656451369464,0.08333333333333333,True,1,0,0,0,0,60,0.0,1,0.0,9.0,,False
b01_cancel_exact_1.0,1,0,cancel_exact,1.0,M3,24,False,False,7,True,24,2,False,False,0,0,0.5163689825825083,0.5977700258643053,0.08333333333333333,True,1,0,0,0,0,60,0.0,1,0.0,9.0,,False
b01_cancel_exact_1.0,1,0,cancel_exact,1.0,M3_fixed,24,False,False,7,True,24,2,False,False,0,0,0.5163689825825083,0.5977700258643053,0.08333333333333333,True,1,0,0,0,0,60,0.0,1,0.0,9.0,,False
b01_cancel_exact_1.0,1,0,cancel_exact,1.0,M4,24,False,False,7,True,24,2,False,False,0,0,0.5169743279802859,0.587993252400507,0.08333333333333333,True,1,0,0,0,0,60,0.0,1,0.0,9.0,,False
b01_cancel_exact_3.0,1,0,cancel_exact,3.0,M0,24,False,False,7,True,24,4,False,False,0,0,0.6133261395585385,0.6975813150919645,0.16666666666666666,True,1,0,0,0,0,60,0.0,3,,9.0,,False
b01_cancel_exact_3.0,1,0,cancel_exact,3.0,M1,24,False,False,7,True,24,2,False,False,0,0,0.4340300023797014,0.5410898614056905,0.08333333333333333,True,1,0,0,0,0,60,0.0,1,2.0,9.0,,False
b01_cancel_exact_3.0,1,0,cancel_exact,3.0,M2,24,False,False,7,True,24,2,False,False,0,0,0.4939145401608594,0.5617656451369464,0.08333333333333333,True,1,0,0,0,0,60,0.0,1,0.0,9.0,,False
b01_cancel_exact_3.0,1,0,cancel_exact,3.0,M3,24,False,False,7,True,24,2,False,False,0,0,0.5163689825825083,0.5977700258643048,0.08333333333333333,True,1,0,0,0,0,60,0.0,1,0.0,9.0,,False
b01_cancel_exact_3.0,1,0,cancel_exact,3.0,M3_fixed,24,False,False,7,True,24,2,False,False,0,0,0.5163689825825083,0.5977700258643048,0.08333333333333333,True,1,0,0,0,0,60,0.0,1,0.0,9.0,,False
b01_cancel_exact_3.0,1,0,cancel_exact,3.0,M4,24,False,False,7,True,24,2,False,False,0,0,0.5169743279802859,0.5879932524005071,0.08333333333333333,True,1,0,0,0,0,60,0.0,1,0.0,9.0,,False
b01_cancel_approx_1.0,1,0,cancel_approx,1.0,M0,24,False,False,7,True,24,4,False,False,0,0,0.3353743881413777,0.697361577888659,0.16666666666666666,True,1,0,0,0,0,64,0.0,3,,10.0,,False
b01_cancel_approx_1.0,1,0,cancel_approx,1.0,M1,24,False,False,7,True,24,2,False,False,0,0,0.3360710958097505,0.5407950398106219,0.08333333333333333,True,1,0,0,0,0,64,0.0,1,1.0,10.0,,False
b01_cancel_approx_1.0,1,0,cancel_approx,1.0,M2,24,False,False,7,True,24,2,False,False,0,0,0.2700786351936792,0.5615886896923196,0.08333333333333333,True,1,0,0,0,0,64,0.0,1,0.0,10.0,,False
b01_cancel_approx_1.0,1,0,cancel_approx,1.0,M3,24,False,False,7,True,24,2,False,False,0,0,0.5006125879231624,0.5978714496745439,0.08333333333333333,True,1,0,0,0,0,64,0.0,1,0.0,10.0,,False
b01_cancel_approx_1.0,1,0,cancel_approx,1.0,M3_fixed,24,False,False,7,True,24,2,False,False,0,0,0.5006125879231624,0.5978714496745439,0.08333333333333333,True,1,0,0,0,0,64,0.0,1,0.0,10.0,,False
b01_cancel_approx_1.0,1,0,cancel_approx,1.0,M4,24,False,False,7,True,24,2,False,False,0,0,0.5134353966213323,0.587808035293842,0.08333333333333333,True,1,0,0,0,0,64,0.0,1,0.0,10.0,,False
b01_cancel_approx_3.0,1,0,cancel_approx,3.0,M0,24,False,False,7,True,24,4,False,False,0,0,0.3354154805083914,0.6971929511194406,0.16666666666666666,True,1,0,0,0,0,64,0.0,3,,10.0,,False
b01_cancel_approx_3.0,1,0,cancel_approx,3.0,M1,24,False,False,7,True,24,2,False,False,0,0,0.3360860467663197,0.540596119151187,0.08333333333333333,True,1,0,0,0,0,64,0.0,1,1.0,10.0,,False
b01_cancel_approx_3.0,1,0,cancel_approx,3.0,M2,24,False,False,7,True,24,2,False,False,0,0,0.2701117270778313,0.5614528937302604,0.08333333333333333,True,1,0,0,0,0,64,0.0,1,0.0,10.0,,False
b01_cancel_approx_3.0,1,0,cancel_approx,3.0,M3,24,False,False,7,True,24,2,False,False,0,0,0.5006119215918556,0.5979397863009218,0.08333333333333333,True,1,0,0,0,0,64,0.0,1,0.0,10.0,,False
b01_cancel_approx_3.0,1,0,cancel_approx,3.0,M3_fixed,24,False,False,7,True,24,2,False,False,0,0,0.5006119215918556,0.5979397863009218,0.08333333333333333,True,1,0,0,0,0,64,0.0,1,0.0,10.0,,False
b01_cancel_approx_3.0,1,0,cancel_approx,3.0,M4,24,False,False,7,True,24,2,False,False,0,0,0.5134226935012222,0.5876658993158141,0.08333333333333333,True,1,0,0,0,0,64,0.0,1,0.0,10.0,,False
b01_delayed_1.0,1,0,delayed,1.0,M0,24,False,False,7,True,24,4,False,False,0,0,0.616748726410473,0.6978997676676362,0.16666666666666666,True,1,0,0,0,0,60,0.0,3,,8.0,,False
b01_delayed_1.0,1,0,delayed,1.0,M1,24,False,False,7,True,24,2,False,False,0,0,0.4364520504283286,0.5404763470525676,0.08333333333333333,True,1,0,0,0,0,60,0.0,1,0.0,8.0,,False
b01_delayed_1.0,1,0,delayed,1.0,M2,24,False,False,7,True,24,2,False,False,0,0,0.4966707660936894,0.5620220965537882,0.08333333333333333,True,1,0,0,0,0,60,0.0,1,0.0,8.0,,False
b01_delayed_1.0,1,0,delayed,1.0,M3,24,False,False,7,True,24,2,False,False,0,0,0.5192505126144839,0.5979949626593102,0.08333333333333333,True,1,0,0,0,0,60,0.0,1,0.0,8.0,,False
b01_delayed_1.0,1,0,delayed,1.0,M3_fixed,24,False,False,7,True,24,2,False,False,0,0,0.5192505126144839,0.5979949626593102,0.08333333333333333,True,1,0,0,0,0,60,0.0,1,0.0,8.0,,False
b01_delayed_1.0,1,0,delayed,1.0,M4,24,False,False,7,True,24,2,False,False,0,0,0.5198592360636206,0.5882616769721714,0.08333333333333333,True,1,0,0,0,0,60,0.0,1,0.0,8.0,,False
b01_delayed_3.0,1,0,delayed,3.0,M0,24,False,False,7,True,24,4,False,False,0,0,0.6177301888942482,0.6979910872657722,0.16666666666666666,True,1,0,0,0,0,60,0.0,3,,8.0,,False
b01_delayed_3.0,1,0,delayed,3.0,M1,24,False,False,7,True,24,2,False,False,0,0,0.4371465979727643,0.5403004154117059,0.08333333333333333,True,1,0,0,0,0,60,0.0,1,0.0,8.0,,False
b01_delayed_3.0,1,0,delayed,3.0,M2,24,False,False,7,True,24,2,False,False,0,0,0.4974611426325207,0.5620956366728405,0.08333333333333333,True,1,0,0,0,0,60,0.0,1,0.0,8.0,,False
b01_delayed_3.0,1,0,delayed,3.0,M3,24,False,False,7,True,24,2,False,False,0,0,0.5200768214109013,0.5980594656317935,0.08333333333333333,True,1,0,0,0,0,60,0.0,1,0.0,8.0,,False
b01_delayed_3.0,1,0,delayed,3.0,M3_fixed,24,False,False,7,True,24,2,False,False,0,0,0.5200768214109013,0.5980594656317935,0.08333333333333333,True,1,0,0,0,0,60,0.0,1,0.0,8.0,,False
b01_delayed_3.0,1,0,delayed,3.0,M4,24,False,False,7,True,24,2,False,False,0,0,0.5206865135515046,0.5883386505182715,0.08333333333333333,True,1,0,0,0,0,60,0.0,1,0.0,8.0,,False
b01_ramp_1.0,1,0,ramp,1.0,M0,24,False,False,7,True,24,4,False,False,0,0,0.3794868891508618,0.7017378028603476,0.16666666666666666,True,1,0,0,0,0,32,0.0,3,,11.0,,False
b01_ramp_1.0,1,0,ramp,1.0,M1,24,False,False,7,True,24,2,False,False,0,0,0.3367630326578297,0.5369258574180649,0.08333333333333333,True,1,0,0,0,0,32,0.0,1,1.0,11.0,,False
b01_ramp_1.0,1,0,ramp,1.0,M2,24,False,False,7,True,24,2,False,False,0,0,0.305602648024972,0.5651128850675367,0.08333333333333333,True,1,0,0,0,0,32,0.0,1,1.0,11.0,,False
b01_ramp_1.0,1,0,ramp,1.0,M3,24,False,False,7,True,24,2,False,False,0,0,0.5108650474056652,0.600879371831349,0.08333333333333333,True,1,0,0,0,0,32,0.0,1,1.0,11.0,,False
b01_ramp_1.0,1,0,ramp,1.0,M3_fixed,24,False,False,7,True,24,2,False,False,0,0,0.5108650474056652,0.600879371831349,0.08333333333333333,True,1,0,0,0,0,32,0.0,1,1.0,11.0,,False
b01_ramp_1.0,1,0,ramp,1.0,M4,24,False,False,7,True,24,2,False,False,0,0,0.4939760211693778,0.5914967676303728,0.08333333333333333,True,1,0,0,0,0,32,0.0,1,1.0,11.0,,False
b01_ramp_3.0,1,0,ramp,3.0,M0,24,False,False,7,True,24,4,False,False,0,0,0.4735683696507636,0.7330349142989825,0.16666666666666666,True,1,0,0,0,0,32,0.0,3,,11.0,,False
b01_ramp_3.0,1,0,ramp,3.0,M1,24,False,False,7,True,24,2,False,False,0,0,0.3383026521667674,0.5468017986927398,0.08333333333333333,True,1,0,0,0,0,32,0.0,1,1.0,11.0,,False
b01_ramp_3.0,1,0,ramp,3.0,M2,24,False,False,7,True,24,2,False,False,0,0,0.3813669244541633,0.5903166019932542,0.08333333333333333,True,1,0,0,0,0,32,0.0,1,1.0,11.0,,False
b01_ramp_3.0,1,0,ramp,3.0,M3,24,False,False,7,True,24,3,False,False,0,0,0.5313693763464286,0.6171536943892058,0.125,True,1,0,0,0,0,32,0.0,1,1.0,11.0,,False
b01_ramp_3.0,1,0,ramp,3.0,M3_fixed,24,False,False,7,True,24,3,False,False,0,0,0.5313693763464286,0.6171536943892058,0.125,True,1,0,0,0,0,32,0.0,1,1.0,11.0,,False
b01_ramp_3.0,1,0,ramp,3.0,M4,24,False,False,7,True,24,3,False,False,0,0,0.4939282679594719,0.6178771908834211,0.125,True,1,0,0,0,0,32,0.0,1,1.0,11.0,,False
b01_none_0.0,1,0,none,0.0,M0,0,False,False,7,True,48,5,False,False,0,0,0.3347239618227758,0.5583940620250323,0.10416666666666667,True,0,0,0,0,0,0,,0,,,,True
b01_none_0.0,1,0,none,0.0,M1,0,False,False,7,True,48,3,False,False,0,0,0.3359932229033609,0.4326974427195429,0.0625,True,0,0,0,0,0,0,,0,,,,True
b01_none_0.0,1,0,none,0.0,M2,0,False,False,7,True,48,3,False,False,0,0,0.269554843697866,0.48418819894619547,0.0625,True,0,0,0,0,0,0,,0,,,,True
b01_none_0.0,1,0,none,0.0,M3,0,False,False,7,True,48,3,False,False,0,0,0.5006128829352836,0.508490932758896,0.0625,True,0,0,0,0,0,0,,0,,,,True
b01_none_0.0,1,0,none,0.0,M3_fixed,0,False,False,7,True,48,3,False,False,0,0,0.5006128829352836,0.508490932758896,0.0625,True,0,0,0,0,0,0,,0,,,,True
b01_none_0.0,1,0,none,0.0,M4,0,False,False,7,True,48,3,False,False,0,0,0.5134855747535584,0.5429938752233886,0.0625,True,0,0,0,0,0,0,,0,,,,True
b01_sensor_fault_3.0,1,0,sensor_fault,3.0,M0,12,False,False,7,True,36,5,False,False,0,0,0.9857411086889684,0.6584963426795525,0.1388888888888889,True,1,0,0,0,0,31,0.0,2,,10.0,,False
b01_sensor_fault_3.0,1,0,sensor_fault,3.0,M1,12,False,False,7,True,36,2,False,False,0,0,0.6975753814406069,0.4898221123002645,0.05555555555555555,True,1,0,0,0,0,31,0.0,1,2.0,10.0,,False
b01_sensor_fault_3.0,1,0,sensor_fault,3.0,M2,12,False,False,7,True,36,2,False,False,0,0,0.7938221364023542,0.5491878195660969,0.05555555555555555,True,1,0,0,0,0,31,0.0,1,0.0,10.0,,False
b01_sensor_fault_3.0,1,0,sensor_fault,3.0,M3,12,False,False,7,True,36,2,False,False,0,0,0.8299110384400866,0.5834204771258463,0.05555555555555555,True,1,0,0,0,0,31,0.0,1,0.0,10.0,,False
b01_sensor_fault_3.0,1,0,sensor_fault,3.0,M3_fixed,12,False,False,7,True,36,2,False,False,0,0,0.8299110384400866,0.5834204771258463,0.05555555555555555,True,1,0,0,0,0,31,0.0,1,0.0,10.0,,False
b01_sensor_fault_3.0,1,0,sensor_fault,3.0,M4,12,False,False,7,True,36,2,False,False,0,0,0.830883952857161,0.5974642143246787,0.05555555555555555,True,1,0,0,0,0,31,0.0,1,0.0,10.0,,False
b02_regional_1.0,2,1,regional,1.0,M0,20,True,True,0,False,28,1,False,False,1,1,1.2753734052204877,0.47504471128618364,0.03571428571428571,True,3,0,0,0,0,4153,0.0,0,,0.0,0.0,False
b02_regional_1.0,2,1,regional,1.0,M1,20,False,False,7,True,28,0,False,False,0,0,0.902538284934818,0.36638349153084193,0.0,False,0,0,0,0,0,4153,0.0,0,0.0,,,False
b02_regional_1.0,2,1,regional,1.0,M2,20,True,True,0,False,28,1,False,False,1,1,1.0270644414834105,0.40801860320475275,0.03571428571428571,True,2,0,0,0,0,4153,0.0,0,0.0,0.0,0.0,False
b02_regional_1.0,2,1,regional,1.0,M3,20,True,True,0,False,28,1,False,False,1,1,1.073757052227571,0.49142483128791686,0.03571428571428571,True,2,0,0,0,0,4153,0.0,0,0.0,0.0,0.0,False
b02_regional_1.0,2,1,regional,1.0,M3_fixed,20,True,True,0,False,28,1,False,False,1,1,1.073757052227571,0.49142483128791686,0.03571428571428571,True,2,0,0,0,0,4153,0.0,0,0.0,0.0,0.0,False
b02_regional_1.0,2,1,regional,1.0,M4,20,True,True,0,False,28,1,False,False,1,1,1.0750158301786523,0.44177319530915427,0.03571428571428571,True,2,0,0,0,0,4153,0.0,0,0.0,0.0,0.0,False
b02_regional_3.0,2,1,regional,3.0,M0,20,True,True,0,False,28,3,False,False,1,1,2.327098866831922,0.47909763371918346,0.10714285714285714,True,3,0,0,0,0,4153,0.0,0,,0.0,0.0,False
b02_regional_3.0,2,1,regional,3.0,M1,20,True,True,0,False,28,1,False,False,1,1,1.6468085437151956,0.36399989436898117,0.03571428571428571,True,1,0,0,0,0,4153,0.0,0,0.0,0.0,0.0,False
b02_regional_3.0,2,1,regional,3.0,M2,20,True,True,0,False,28,2,False,False,1,1,1.874024100044807,0.41021078334225236,0.07142857142857142,True,2,0,0,0,0,4153,0.0,0,0.0,0.0,0.0,False
b02_regional_3.0,2,1,regional,3.0,M3,20,True,True,0,False,28,2,False,False,1,1,1.959221361574167,0.4959656835378098,0.07142857142857142,True,2,0,0,0,0,4153,0.0,0,0.0,0.0,0.0,False
b02_regional_3.0,2,1,regional,3.0,M3_fixed,20,True,True,0,False,28,2,False,False,1,1,1.959221361574167,0.4959656835378098,0.07142857142857142,True,2,0,0,0,0,4153,0.0,0,0.0,0.0,0.0,False
b02_regional_3.0,2,1,regional,3.0,M4,20,True,True,0,False,28,2,False,False,1,1,1.9615181796915624,0.4451742877757713,0.07142857142857142,True,2,0,0,0,0,4153,0.0,0,0.0,0.0,0.0,False
b02_localized_1.0,2,1,localized,1.0,M0,12,False,False,7,True,36,3,False,False,0,0,0.747447984412626,0.4935442635084496,0.08333333333333333,True,0,0,0,0,0,32,0.0,0,,,,False
b02_localized_1.0,2,1,localized,1.0,M1,12,False,False,7,True,36,0,False,False,0,0,0.528943460141489,0.3756488901659253,0.0,False,0,0,0,0,0,32,0.0,0,7.0,,,False
b02_localized_1.0,2,1,localized,1.0,M2,12,False,False,7,True,36,2,False,False,0,0,0.6019235178547085,0.4203291892480333,0.05555555555555555,True,0,0,0,0,0,32,0.0,0,2.0,,,False
b02_localized_1.0,2,1,localized,1.0,M3,12,False,False,7,True,36,2,False,False,0,0,0.6292882862000643,0.5042489930893851,0.05555555555555555,True,0,0,0,0,0,32,0.0,0,0.0,,,False
b02_localized_1.0,2,1,localized,1.0,M3_fixed,12,False,False,7,True,36,2,False,False,0,0,0.6292882862000643,0.5042489930893851,0.05555555555555555,True,0,0,0,0,0,32,0.0,0,0.0,,,False
b02_localized_1.0,2,1,localized,1.0,M4,12,False,False,7,True,36,2,False,False,0,0,0.6439009794589216,0.449532457025667,0.05555555555555555,True,0,0,0,0,0,32,0.0,0,0.0,,,False
b02_localized_3.0,2,1,localized,3.0,M0,12,True,True,1,False,36,4,False,False,1,1,1.152029894805983,0.4941982537227468,0.1111111111111111,True,2,0,0,0,0,32,0.0,0,,1.0,1.0,False
b02_localized_3.0,2,1,localized,3.0,M1,12,False,False,7,True,36,0,False,False,0,0,0.8152522870524163,0.37526616094526477,0.0,False,0,0,0,0,0,32,0.0,0,7.0,,,False
b02_localized_3.0,2,1,localized,3.0,M2,12,False,False,7,True,36,3,False,False,0,0,0.9277353092340394,0.4223573179702298,0.08333333333333333,True,0,0,0,0,0,32,0.0,0,2.0,,,False
b02_localized_3.0,2,1,localized,3.0,M3,12,False,False,7,True,36,3,False,False,0,0,0.969912198938363,0.5021824393491304,0.08333333333333333,True,0,0,0,0,0,32,0.0,0,0.0,,,False
b02_localized_3.0,2,1,localized,3.0,M3_fixed,12,False,False,7,True,36,3,False,False,0,0,0.969912198938363,0.5021824393491304,0.08333333333333333,True,0,0,0,0,0,32,0.0,0,0.0,,,False
b02_localized_3.0,2,1,localized,3.0,M4,12,False,False,7,True,36,3,False,False,0,0,0.9710492383533552,0.4494088867945248,0.08333333333333333,True,0,0,0,0,0,32,0.0,0,0.0,,,False
b02_cancel_exact_1.0,2,1,cancel_exact,1.0,M0,24,False,False,7,True,24,1,False,False,0,0,0.8199339325559398,0.49321726840130564,0.041666666666666664,True,2,0,0,0,0,62,0.0,4,,16.0,,False
b02_cancel_exact_1.0,2,1,cancel_exact,1.0,M1,24,False,False,7,True,24,0,False,False,0,0,0.5802392947977169,0.37584025477625566,0.0,False,0,0,0,0,0,62,0.0,0,1.0,,,False
b02_cancel_exact_1.0,2,1,cancel_exact,1.0,M2,24,False,False,7,True,24,1,False,False,0,0,0.6602968064464817,0.41730253427840824,0.041666666666666664,True,1,0,0,0,0,62,0.0,1,0.0,16.0,,False
b02_cancel_exact_1.0,2,1,cancel_exact,1.0,M3,24,False,False,7,True,24,1,False,False,0,0,0.6903153530086508,0.5258077662016403,0.041666666666666664,True,1,0,0,0,0,62,0.0,1,0.0,16.0,,False
b02_cancel_exact_1.0,2,1,cancel_exact,1.0,M3_fixed,24,False,False,7,True,24,1,False,False,0,0,0.6903153530086508,0.5258077662016403,0.041666666666666664,True,1,0,0,0,0,62,0.0,1,0.0,16.0,,False
b02_cancel_exact_1.0,2,1,cancel_exact,1.0,M4,24,False,False,7,True,24,1,False,False,0,0,0.6911246177709707,0.44959424214123805,0.041666666666666664,True,1,0,0,0,0,62,0.0,1,0.0,16.0,,False
b02_cancel_exact_3.0,2,1,cancel_exact,3.0,M0,24,False,False,7,True,24,1,False,False,0,0,0.8199339325559398,0.49321726840130503,0.041666666666666664,True,2,0,0,0,0,62,0.0,4,,16.0,,False
b02_cancel_exact_3.0,2,1,cancel_exact,3.0,M1,24,False,False,7,True,24,0,False,False,0,0,0.5802392947977169,0.37584025477625566,0.0,False,0,0,0,0,0,62,0.0,0,1.0,,,False
b02_cancel_exact_3.0,2,1,cancel_exact,3.0,M2,24,False,False,7,True,24,1,False,False,0,0,0.6602968064464817,0.41730253427840797,0.041666666666666664,True,1,0,0,0,0,62,0.0,1,0.0,16.0,,False
b02_cancel_exact_3.0,2,1,cancel_exact,3.0,M3,24,False,False,7,True,24,1,False,False,0,0,0.6903153530086508,0.5258077662016403,0.041666666666666664,True,1,0,0,0,0,62,0.0,1,0.0,16.0,,False
b02_cancel_exact_3.0,2,1,cancel_exact,3.0,M3_fixed,24,False,False,7,True,24,1,False,False,0,0,0.6903153530086508,0.5258077662016403,0.041666666666666664,True,1,0,0,0,0,62,0.0,1,0.0,16.0,,False
b02_cancel_exact_3.0,2,1,cancel_exact,3.0,M4,24,False,False,7,True,24,1,False,False,0,0,0.6911246177709707,0.44959424214123805,0.041666666666666664,True,1,0,0,0,0,62,0.0,1,0.0,16.0,,False
b02_cancel_approx_1.0,2,1,cancel_approx,1.0,M0,24,False,False,7,True,24,1,False,False,0,0,0.9500304212190523,0.517366831051965,0.041666666666666664,True,2,0,0,0,0,60,0.0,4,,13.0,,False
b02_cancel_approx_1.0,2,1,cancel_approx,1.0,M1,24,False,False,7,True,24,0,False,False,0,0,0.6723041451963722,0.4153347241049987,0.0,False,0,0,0,0,0,60,0.0,0,1.0,,,False
b02_cancel_approx_1.0,2,1,cancel_approx,1.0,M2,24,False,False,7,True,24,1,False,False,0,0,0.7650641451104337,0.4272673647547736,0.041666666666666664,True,1,0,0,0,0,60,0.0,1,0.0,13.0,,False
b02_cancel_approx_1.0,2,1,cancel_approx,1.0,M3,24,False,False,7,True,24,1,False,False,0,0,0.939008905395535,0.533498903729486,0.041666666666666664,True,1,0,0,0,0,60,0.0,1,0.0,13.0,,False
b02_cancel_approx_1.0,2,1,cancel_approx,1.0,M3_fixed,24,False,False,7,True,24,1,False,False,0,0,0.939008905395535,0.533498903729486,0.041666666666666664,True,1,0,0,0,0,60,0.0,1,0.0,13.0,,False
b02_cancel_approx_1.0,2,1,cancel_approx,1.0,M4,24,False,False,7,True,24,1,False,False,0,0,0.8007833139544036,0.46102655911465096,0.041666666666666664,True,1,0,0,0,0,60,0.0,1,0.0,13.0,,False
b02_cancel_approx_3.0,2,1,cancel_approx,3.0,M0,24,False,False,7,True,24,1,False,False,0,0,0.9494276363850436,0.5173088574081766,0.041666666666666664,True,2,0,0,0,0,60,0.0,4,,13.0,,False
b02_cancel_approx_3.0,2,1,cancel_approx,3.0,M1,24,False,False,7,True,24,0,False,False,0,0,0.671877574916606,0.41535398069889545,0.0,False,0,0,0,0,0,60,0.0,0,1.0,,,False
b02_cancel_approx_3.0,2,1,cancel_approx,3.0,M2,24,False,False,7,True,24,1,False,False,0,0,0.7645787195351929,0.4272673647547736,0.041666666666666664,True,1,0,0,0,0,60,0.0,1,0.0,13.0,,False
b02_cancel_approx_3.0,2,1,cancel_approx,3.0,M3,24,False,False,7,True,24,1,False,False,0,0,0.9392779090980476,0.5334840358643813,0.041666666666666664,True,1,0,0,0,0,60,0.0,1,0.0,13.0,,False
b02_cancel_approx_3.0,2,1,cancel_approx,3.0,M3_fixed,24,False,False,7,True,24,1,False,False,0,0,0.9392779090980476,0.5334840358643813,0.041666666666666664,True,1,0,0,0,0,60,0.0,1,0.0,13.0,,False
b02_cancel_approx_3.0,2,1,cancel_approx,3.0,M4,24,False,False,7,True,24,1,False,False,0,0,0.8002752249225179,0.46103101460675044,0.041666666666666664,True,1,0,0,0,0,60,0.0,1,0.0,13.0,,False
b02_delayed_1.0,2,1,delayed,1.0,M0,24,False,False,7,True,24,1,False,False,0,0,0.9483782712908176,0.5163972106644716,0.041666666666666664,True,2,0,0,0,0,64,0.0,3,,13.0,,False
b02_delayed_1.0,2,1,delayed,1.0,M1,24,False,False,7,True,24,0,False,False,0,0,0.671134975009366,0.4150620747078157,0.0,False,0,0,0,0,0,64,0.0,0,0.0,,,False
b02_delayed_1.0,2,1,delayed,1.0,M2,24,False,False,7,True,24,1,False,False,0,0,0.7637336606920324,0.4272673647547736,0.041666666666666664,True,1,0,0,0,0,64,0.0,1,0.0,13.0,,False
b02_delayed_1.0,2,1,delayed,1.0,M3,24,False,False,7,True,24,1,False,False,0,0,0.9388349288704346,0.5336169601786398,0.041666666666666664,True,1,0,0,0,0,64,0.0,1,0.0,13.0,,False
b02_delayed_1.0,2,1,delayed,1.0,M3_fixed,24,False,False,7,True,24,1,False,False,0,0,0.9388349288704346,0.5336169601786398,0.041666666666666664,True,1,0,0,0,0,64,0.0,1,0.0,13.0,,False
b02_delayed_1.0,2,1,delayed,1.0,M4,24,False,False,7,True,24,1,False,False,0,0,0.7993907121333127,0.4609810334320364,0.041666666666666664,True,1,0,0,0,0,64,0.0,1,0.0,13.0,,False
b02_delayed_3.0,2,1,delayed,3.0,M0,24,False,False,7,True,24,1,False,False,0,0,0.9460750433118004,0.5171340991395049,0.041666666666666664,True,2,0,0,0,0,64,0.0,3,,13.0,,False
b02_delayed_3.0,2,1,delayed,3.0,M1,24,False,False,7,True,24,0,False,False,0,0,0.6695050590792649,0.4148382274229022,0.0,False,0,0,0,0,0,64,0.0,0,0.0,,,False
b02_delayed_3.0,2,1,delayed,3.0,M2,24,False,False,7,True,24,1,False,False,0,0,0.7618788599347048,0.4272673647547736,0.041666666666666664,True,1,0,0,0,0,64,0.0,1,0.0,13.0,,False
b02_delayed_3.0,2,1,delayed,3.0,M3,24,False,False,7,True,24,1,False,False,0,0,0.9389475409460322,0.5337002464306817,0.041666666666666664,True,1,0,0,0,0,64,0.0,1,0.0,13.0,,False
b02_delayed_3.0,2,1,delayed,3.0,M3_fixed,24,False,False,7,True,24,1,False,False,0,0,0.9389475409460322,0.5337002464306817,0.041666666666666664,True,1,0,0,0,0,64,0.0,1,0.0,13.0,,False
b02_delayed_3.0,2,1,delayed,3.0,M4,24,False,False,7,True,24,1,False,False,0,0,0.7974493147920957,0.46095043814694336,0.041666666666666664,True,1,0,0,0,0,64,0.0,1,0.0,13.0,,False
b02_ramp_1.0,2,1,ramp,1.0,M0,24,False,False,7,True,24,1,False,False,0,0,0.8172860488600239,0.49285100152489314,0.041666666666666664,True,2,0,0,0,0,32,0.0,2,,16.0,,False
b02_ramp_1.0,2,1,ramp,1.0,M1,24,False,False,7,True,24,0,False,False,0,0,0.5783654777651235,0.3771222449109411,0.0,False,0,0,0,0,0,32,0.0,0,7.0,,,False
b02_ramp_1.0,2,1,ramp,1.0,M2,24,False,False,7,True,24,1,False,False,0,0,0.6581644527545143,0.4192578976731161,0.041666666666666664,True,1,0,0,0,0,32,0.0,1,2.0,16.0,,False
b02_ramp_1.0,2,1,ramp,1.0,M3,24,False,False,7,True,24,1,False,False,0,0,0.6880860578231545,0.5260381840834172,0.041666666666666664,True,1,0,0,0,0,32,0.0,1,1.0,16.0,,False
b02_ramp_1.0,2,1,ramp,1.0,M3_fixed,24,False,False,7,True,24,1,False,False,0,0,0.6880860578231545,0.5260381840834172,0.041666666666666664,True,1,0,0,0,0,32,0.0,1,1.0,16.0,,False
b02_ramp_1.0,2,1,ramp,1.0,M4,24,False,False,7,True,24,1,False,False,0,0,0.6888927091566543,0.4495053328842874,0.041666666666666664,True,1,0,0,0,0,32,0.0,1,1.0,16.0,,False
b02_ramp_3.0,2,1,ramp,3.0,M0,24,False,False,7,True,24,1,False,False,0,0,0.8119902814682044,0.4921184677720688,0.041666666666666664,True,2,0,0,0,0,32,0.0,2,,16.0,,False
b02_ramp_3.0,2,1,ramp,3.0,M1,24,False,False,7,True,24,0,False,False,0,0,0.5746178436999454,0.38336801957527417,0.0,False,0,0,0,0,0,32,0.0,0,7.0,,,False
b02_ramp_3.0,2,1,ramp,3.0,M2,24,False,False,7,True,24,1,False,False,0,0,0.6538997453705895,0.4244086704039035,0.041666666666666664,True,1,0,0,0,0,32,0.0,1,2.0,16.0,,False
b02_ramp_3.0,2,1,ramp,3.0,M3,24,False,False,7,True,24,1,False,False,0,0,0.6836274674521722,0.5368273655568039,0.041666666666666664,True,1,0,0,0,0,32,0.0,1,1.0,16.0,,False
b02_ramp_3.0,2,1,ramp,3.0,M3_fixed,24,False,False,7,True,24,1,False,False,0,0,0.6836274674521722,0.5368273655568039,0.041666666666666664,True,1,0,0,0,0,32,0.0,1,1.0,16.0,,False
b02_ramp_3.0,2,1,ramp,3.0,M4,24,False,False,7,True,24,1,False,False,0,0,0.6844288919280321,0.4569062725430094,0.041666666666666664,True,1,0,0,0,0,32,0.0,1,1.0,16.0,,False
b02_none_0.0,2,1,none,0.0,M0,0,False,False,7,True,48,3,False,False,0,0,0.8199339325559398,0.5305659624821912,0.0625,True,0,0,0,0,0,0,,0,,,,True
b02_none_0.0,2,1,none,0.0,M1,0,False,False,7,True,48,0,False,False,0,0,0.5802392947977169,0.4247111508056247,0.0,False,0,0,0,0,0,0,,0,,,,True
b02_none_0.0,2,1,none,0.0,M2,0,False,False,7,True,48,2,False,False,0,0,0.6602968064464817,0.47061380100254446,0.041666666666666664,True,0,0,0,0,0,0,,0,,,,True
b02_none_0.0,2,1,none,0.0,M3,0,False,False,7,True,48,2,False,False,0,0,0.9387181073957052,0.5335305607162661,0.041666666666666664,True,0,0,0,0,0,0,,0,,,,True
b02_none_0.0,2,1,none,0.0,M3_fixed,0,False,False,7,True,48,2,False,False,0,0,0.9387181073957052,0.5335305607162661,0.041666666666666664,True,0,0,0,0,0,0,,0,,,,True
b02_none_0.0,2,1,none,0.0,M4,0,False,False,7,True,48,2,False,False,0,0,0.6911246177709707,0.5058746182744076,0.041666666666666664,True,0,0,0,0,0,0,,0,,,,True
b02_sensor_fault_3.0,2,1,sensor_fault,3.0,M0,12,True,True,0,False,36,3,False,False,1,1,1.74632339204112,0.5076347329917225,0.08333333333333333,True,2,0,0,0,0,32,0.0,0,,0.0,0.0,False
b02_sensor_fault_3.0,2,1,sensor_fault,3.0,M1,12,True,True,0,False,36,0,False,False,1,1,1.2358135372298,0.38277694126500245,0.0,False,1,0,0,0,0,32,0.0,0,2.0,0.0,0.0,False
b02_sensor_fault_3.0,2,1,sensor_fault,3.0,M2,12,True,True,0,False,36,2,False,False,1,1,1.4063227694371208,0.4260098217763473,0.05555555555555555,True,1,0,0,0,0,32,0.0,0,0.0,0.0,0.0,False
b02_sensor_fault_3.0,2,1,sensor_fault,3.0,M3,12,True,True,0,False,36,2,False,False,1,1,1.4702572987633782,0.5007895243819129,0.05555555555555555,True,2,0,0,0,0,32,0.0,0,1.0,0.0,0.0,False
b02_sensor_fault_3.0,2,1,sensor_fault,3.0,M3_fixed,12,True,True,0,False,36,2,False,False,1,1,1.4702572987633782,0.5007895243819129,0.05555555555555555,True,2,0,0,0,0,32,0.0,0,1.0,0.0,0.0,False
b02_sensor_fault_3.0,2,1,sensor_fault,3.0,M4,12,True,True,0,False,36,2,False,False,1,1,1.4719808985909748,0.4565678179978746,0.05555555555555555,True,2,0,0,0,0,32,0.0,0,0.0,0.0,0.0,False
b03_regional_1.0,3,1,regional,1.0,M0,12,False,False,7,True,36,4,False,False,0,0,0.695662859193363,0.5388761127077567,0.1111111111111111,True,1,0,0,0,0,4142,0.0,0,,9.0,,False
b03_regional_1.0,3,1,regional,1.0,M1,12,False,False,7,True,36,1,False,False,0,0,0.4922968922350111,0.42636264429601073,0.027777777777777776,True,0,0,0,0,0,4142,0.0,0,0.0,,,False
b03_regional_1.0,3,1,regional,1.0,M2,12,False,False,7,True,36,2,False,False,0,0,0.5602207032180211,0.48136691452213953,0.05555555555555555,True,0,0,0,0,0,4142,0.0,0,0.0,,,False
b03_regional_1.0,3,1,regional,1.0,M3,12,False,False,7,True,36,2,False,False,0,0,0.5856895697950766,0.47562455830475747,0.05555555555555555,True,0,0,0,0,0,4142,0.0,0,0.0,,,False
b03_regional_1.0,3,1,regional,1.0,M3_fixed,12,False,False,7,True,36,2,False,False,0,0,0.5856895697950766,0.47562455830475747,0.05555555555555555,True,0,0,0,0,0,4142,0.0,0,0.0,,,False
b03_regional_1.0,3,1,regional,1.0,M4,12,False,False,7,True,36,2,False,False,0,0,0.586376180528023,0.4776615502061035,0.05555555555555555,True,0,0,0,0,0,4142,0.0,0,0.0,,,False
b03_regional_3.0,3,1,regional,3.0,M0,12,True,True,0,False,36,4,False,False,1,1,1.6917496451656369,0.5476005532190295,0.1111111111111111,True,2,0,0,0,0,4142,0.0,0,,0.0,0.0,False
b03_regional_3.0,3,1,regional,3.0,M1,12,True,True,0,False,36,2,False,False,1,1,1.197193556833588,0.42141218568993954,0.05555555555555555,True,1,0,0,0,0,4142,0.0,0,0.0,0.0,0.0,False
b03_regional_3.0,3,1,regional,3.0,M2,12,True,True,0,False,36,3,False,False,1,1,1.362374264140639,0.4814823401401619,0.08333333333333333,True,1,0,0,0,0,4142,0.0,0,0.0,0.0,0.0,False
b03_regional_3.0,3,1,regional,3.0,M3,12,True,True,0,False,36,3,False,False,1,1,1.424310797656981,0.4804461174141653,0.08333333333333333,True,1,0,0,0,0,4142,0.0,0,0.0,0.0,0.0,False
b03_regional_3.0,3,1,regional,3.0,M3_fixed,12,True,True,0,False,36,3,False,False,1,1,1.424310797656981,0.4804461174141653,0.08333333333333333,True,1,0,0,0,0,4142,0.0,0,0.0,0.0,0.0,False
b03_regional_3.0,3,1,regional,3.0,M4,12,True,True,0,False,36,3,False,False,1,1,1.4259805338639366,0.4778914669489567,0.08333333333333333,True,1,0,0,0,0,4142,0.0,0,0.0,0.0,0.0,False
b03_localized_1.0,3,1,localized,1.0,M0,12,False,False,7,True,36,3,False,False,0,0,0.3578965018288137,0.5374289907615406,0.08333333333333333,True,1,0,0,0,0,31,0.0,1,,9.0,,False
b03_localized_1.0,3,1,localized,1.0,M1,12,False,False,7,True,36,1,False,False,0,0,0.3085808727649536,0.4293244813929026,0.027777777777777776,True,0,0,0,0,0,31,0.0,0,0.0,,,False
b03_localized_1.0,3,1,localized,1.0,M2,12,False,False,7,True,36,2,False,False,0,0,0.288215803509035,0.4719143973809866,0.05555555555555555,True,0,0,0,0,0,31,0.0,0,0.0,,,False
b03_localized_1.0,3,1,localized,1.0,M3,12,False,False,7,True,36,2,False,False,0,0,0.3570993732255701,0.4750384957057961,0.05555555555555555,True,0,0,0,0,0,31,0.0,0,0.0,,,False
b03_localized_1.0,3,1,localized,1.0,M3_fixed,12,False,False,7,True,36,2,False,False,0,0,0.3570993732255701,0.4750384957057961,0.05555555555555555,True,0,0,0,0,0,31,0.0,0,0.0,,,False
b03_localized_1.0,3,1,localized,1.0,M4,12,False,False,7,True,36,2,False,False,0,0,0.3770785342786679,0.4774995727811775,0.05555555555555555,True,0,0,0,0,0,31,0.0,0,0.0,,,False
b03_localized_3.0,3,1,localized,3.0,M0,12,False,False,7,True,36,3,False,False,0,0,0.4452487606811616,0.53756398947163,0.08333333333333333,True,1,0,0,0,0,31,0.0,1,,9.0,,False
b03_localized_3.0,3,1,localized,3.0,M1,12,False,False,7,True,36,1,False,False,0,0,0.3150873706395469,0.429513117383287,0.027777777777777776,True,0,0,0,0,0,31,0.0,0,0.0,,,False
b03_localized_3.0,3,1,localized,3.0,M2,12,False,False,7,True,36,2,False,False,0,0,0.3585610048306751,0.4715099904597915,0.05555555555555555,True,0,0,0,0,0,31,0.0,0,0.0,,,False
b03_localized_3.0,3,1,localized,3.0,M3,12,False,False,7,True,36,2,False,False,0,0,0.3748619775353798,0.4752589337881641,0.05555555555555555,True,0,0,0,0,0,31,0.0,0,0.0,,,False
b03_localized_3.0,3,1,localized,3.0,M3_fixed,12,False,False,7,True,36,2,False,False,0,0,0.3748619775353798,0.4752589337881641,0.05555555555555555,True,0,0,0,0,0,31,0.0,0,0.0,,,False
b03_localized_3.0,3,1,localized,3.0,M4,12,False,False,7,True,36,2,False,False,0,0,0.3770785342786679,0.4774805160364615,0.05555555555555555,True,0,0,0,0,0,31,0.0,0,0.0,,,False
b03_cancel_exact_1.0,3,1,cancel_exact,1.0,M0,24,False,False,7,True,24,3,False,False,0,0,0.3311205268429305,0.5633955109135009,0.125,True,1,0,0,0,0,60,0.0,1,,12.0,,False
b03_cancel_exact_1.0,3,1,cancel_exact,1.0,M1,24,False,False,7,True,24,1,False,False,0,0,0.3066247003568544,0.4288378735990473,0.041666666666666664,True,0,0,0,0,0,60,0.0,0,0.0,,,False
b03_cancel_exact_1.0,3,1,cancel_exact,1.0,M2,24,False,False,7,True,24,2,False,False,0,0,0.2666529798830432,0.5076355685421493,0.08333333333333333,True,0,0,0,0,0,60,0.0,0,0.0,,,False
b03_cancel_exact_1.0,3,1,cancel_exact,1.0,M3,24,False,False,7,True,24,2,False,False,0,0,0.5726499037070647,0.4743315961901705,0.08333333333333333,True,0,0,0,0,0,60,0.0,0,0.0,,,False
b03_cancel_exact_1.0,3,1,cancel_exact,1.0,M3_fixed,24,False,False,7,True,24,2,False,False,0,0,0.5726499037070647,0.4743315961901705,0.08333333333333333,True,0,0,0,0,0,60,0.0,0,0.0,,,False
b03_cancel_exact_1.0,3,1,cancel_exact,1.0,M4,24,False,False,7,True,24,2,False,False,0,0,0.3770785342786679,0.47754659183467696,0.08333333333333333,True,0,0,0,0,0,60,0.0,0,0.0,,,False
b03_cancel_exact_3.0,3,1,cancel_exact,3.0,M0,24,False,False,7,True,24,3,False,False,0,0,0.3311205268429305,0.5633955109135016,0.125,True,1,0,0,0,0,60,0.0,1,,12.0,,False
b03_cancel_exact_3.0,3,1,cancel_exact,3.0,M1,24,False,False,7,True,24,1,False,False,0,0,0.3066247003568544,0.4288378735990471,0.041666666666666664,True,0,0,0,0,0,60,0.0,0,0.0,,,False
b03_cancel_exact_3.0,3,1,cancel_exact,3.0,M2,24,False,False,7,True,24,2,False,False,0,0,0.2666529798830432,0.5076355685421491,0.08333333333333333,True,0,0,0,0,0,60,0.0,0,0.0,,,False
b03_cancel_exact_3.0,3,1,cancel_exact,3.0,M3,24,False,False,7,True,24,2,False,False,0,0,0.5726499037070647,0.47433159619017096,0.08333333333333333,True,0,0,0,0,0,60,0.0,0,0.0,,,False
b03_cancel_exact_3.0,3,1,cancel_exact,3.0,M3_fixed,24,False,False,7,True,24,2,False,False,0,0,0.5726499037070647,0.47433159619017096,0.08333333333333333,True,0,0,0,0,0,60,0.0,0,0.0,,,False
b03_cancel_exact_3.0,3,1,cancel_exact,3.0,M4,24,False,False,7,True,24,2,False,False,0,0,0.3770785342786679,0.47754659183467696,0.08333333333333333,True,0,0,0,0,0,60,0.0,0,0.0,,,False
b03_cancel_approx_1.0,3,1,cancel_approx,1.0,M0,24,False,False,7,True,24,3,False,False,0,0,0.3308498565426553,0.563731659899179,0.125,True,1,0,0,0,0,64,0.0,1,,12.0,,False
b03_cancel_approx_1.0,3,1,cancel_approx,1.0,M1,24,False,False,7,True,24,1,False,False,0,0,0.3067715297477547,0.42861310452065293,0.041666666666666664,True,0,0,0,0,0,64,0.0,0,0.0,,,False
b03_cancel_approx_1.0,3,1,cancel_approx,1.0,M2,24,False,False,7,True,24,2,False,False,0,0,0.2664350077662966,0.5070300475180122,0.08333333333333333,True,0,0,0,0,0,64,0.0,0,0.0,,,False
b03_cancel_approx_1.0,3,1,cancel_approx,1.0,M3,24,False,False,7,True,24,2,False,False,0,0,0.5726078366825128,0.474614605340662,0.08333333333333333,True,0,0,0,0,0,64,0.0,0,0.0,,,False
b03_cancel_approx_1.0,3,1,cancel_approx,1.0,M3_fixed,24,False,False,7,True,24,2,False,False,0,0,0.5726078366825128,0.474614605340662,0.08333333333333333,True,0,0,0,0,0,64,0.0,0,0.0,,,False
b03_cancel_approx_1.0,3,1,cancel_approx,1.0,M4,24,False,False,7,True,24,2,False,False,0,0,0.3770420712055791,0.4776581824995892,0.08333333333333333,True,0,0,0,0,0,64,0.0,0,0.0,,,False
b03_cancel_approx_3.0,3,1,cancel_approx,3.0,M0,24,False,False,7,True,24,3,False,False,0,0,0.3306934030878378,0.563948785227029,0.125,True,1,0,0,0,0,64,0.0,1,,12.0,,False
b03_cancel_approx_3.0,3,1,cancel_approx,3.0,M1,24,False,False,7,True,24,1,False,False,0,0,0.3068021681293519,0.42849509237227434,0.041666666666666664,True,0,0,0,0,0,64,0.0,0,0.0,,,False
b03_cancel_approx_3.0,3,1,cancel_approx,3.0,M2,24,False,False,7,True,24,2,False,False,0,0,0.2663090150338681,0.5066892231920344,0.08333333333333333,True,0,0,0,0,0,64,0.0,0,0.0,,,False
b03_cancel_approx_3.0,3,1,cancel_approx,3.0,M3,24,False,False,7,True,24,2,False,False,0,0,0.5725899328642569,0.47479740659011715,0.08333333333333333,True,0,0,0,0,0,64,0.0,0,0.0,,,False
b03_cancel_approx_3.0,3,1,cancel_approx,3.0,M3_fixed,24,False,False,7,True,24,2,False,False,0,0,0.5725899328642569,0.47479740659011715,0.08333333333333333,True,0,0,0,0,0,64,0.0,0,0.0,,,False
b03_cancel_approx_3.0,3,1,cancel_approx,3.0,M4,24,False,False,7,True,24,2,False,False,0,0,0.3770300682838667,0.47773031208270367,0.08333333333333333,True,0,0,0,0,0,64,0.0,0,0.0,,,False
b03_delayed_1.0,3,1,delayed,1.0,M0,24,False,False,7,True,24,3,False,False,0,0,0.4791641083158465,0.5362810230649173,0.125,True,1,0,0,0,0,56,0.0,1,,8.0,,False
b03_delayed_1.0,3,1,delayed,1.0,M1,24,False,False,7,True,24,1,False,False,0,0,0.3541395460064979,0.3988431159566367,0.041666666666666664,True,0,0,0,0,0,56,0.0,0,1.0,,,False
b03_delayed_1.0,3,1,delayed,1.0,M2,24,False,False,7,True,24,2,False,False,0,0,0.3858732001717026,0.4589598435285944,0.08333333333333333,True,0,0,0,0,0,56,0.0,0,0.0,,,False
b03_delayed_1.0,3,1,delayed,1.0,M3,24,False,False,7,True,24,2,False,False,0,0,0.4034158454084494,0.4745068609713181,0.08333333333333333,True,0,0,0,0,0,56,0.0,0,0.0,,,False
b03_delayed_1.0,3,1,delayed,1.0,M3_fixed,24,False,False,7,True,24,2,False,False,0,0,0.4034158454084494,0.4745068609713181,0.08333333333333333,True,0,0,0,0,0,56,0.0,0,0.0,,,False
b03_delayed_1.0,3,1,delayed,1.0,M4,24,False,False,7,True,24,2,False,False,0,0,0.4038887745224082,0.4520327826026148,0.08333333333333333,True,0,0,0,0,0,56,0.0,0,0.0,,,False
b03_delayed_3.0,3,1,delayed,3.0,M0,24,False,False,7,True,24,3,False,False,0,0,0.4789449928523479,0.5364554041854892,0.125,True,1,0,0,0,0,56,0.0,1,,8.0,,False
b03_delayed_3.0,3,1,delayed,3.0,M1,24,False,False,7,True,24,1,False,False,0,0,0.3540921047271271,0.3989015774927796,0.041666666666666664,True,0,0,0,0,0,56,0.0,0,1.0,,,False
b03_delayed_3.0,3,1,delayed,3.0,M2,24,False,False,7,True,24,2,False,False,0,0,0.3856967454171834,0.45922614045164667,0.08333333333333333,True,0,0,0,0,0,56,0.0,0,0.0,,,False
b03_delayed_3.0,3,1,delayed,3.0,M3,24,False,False,7,True,24,2,False,False,0,0,0.4032313686322984,0.4745764131307836,0.08333333333333333,True,0,0,0,0,0,56,0.0,0,0.0,,,False
b03_delayed_3.0,3,1,delayed,3.0,M3_fixed,24,False,False,7,True,24,2,False,False,0,0,0.4032313686322984,0.4745764131307836,0.08333333333333333,True,0,0,0,0,0,56,0.0,0,0.0,,,False
b03_delayed_3.0,3,1,delayed,3.0,M4,24,False,False,7,True,24,2,False,False,0,0,0.4037040814819749,0.4521797689395821,0.08333333333333333,True,0,0,0,0,0,56,0.0,0,0.0,,,False
b03_ramp_1.0,3,1,ramp,1.0,M0,24,False,False,7,True,24,3,False,False,0,0,0.3332835095189708,0.5637328503455321,0.125,True,1,0,0,0,0,32,0.0,0,,11.0,,False
b03_ramp_1.0,3,1,ramp,1.0,M1,24,False,False,7,True,24,1,False,False,0,0,0.3069001739344973,0.42680282228537525,0.041666666666666664,True,0,0,0,0,0,32,0.0,0,1.0,,,False
b03_ramp_1.0,3,1,ramp,1.0,M2,24,False,False,7,True,24,2,False,False,0,0,0.2683948404118987,0.5045149005684889,0.08333333333333333,True,0,0,0,0,0,32,0.0,0,1.0,,,False
b03_ramp_1.0,3,1,ramp,1.0,M3,24,False,False,7,True,24,2,False,False,0,0,0.5726499037070647,0.4746156075962852,0.08333333333333333,True,0,0,0,0,0,32,0.0,0,1.0,,,False
b03_ramp_1.0,3,1,ramp,1.0,M3_fixed,24,False,False,7,True,24,2,False,False,0,0,0.5726499037070647,0.4746156075962852,0.08333333333333333,True,0,0,0,0,0,32,0.0,0,1.0,,,False
b03_ramp_1.0,3,1,ramp,1.0,M4,24,False,False,7,True,24,2,False,False,0,0,0.3770953174014974,0.47761877377630774,0.08333333333333333,True,0,0,0,0,0,32,0.0,0,1.0,,,False
b03_ramp_3.0,3,1,ramp,3.0,M0,24,False,False,7,True,24,4,False,False,0,0,0.3376094748710516,0.6203277074310698,0.16666666666666666,True,1,0,0,0,0,32,0.0,0,,11.0,,False
b03_ramp_3.0,3,1,ramp,3.0,M1,24,False,False,7,True,24,1,False,False,0,0,0.3074511210897827,0.46749169458473494,0.041666666666666664,True,0,0,0,0,0,32,0.0,0,1.0,,,False
b03_ramp_3.0,3,1,ramp,3.0,M2,24,False,False,7,True,24,2,False,False,0,0,0.2718785614696099,0.5319930513878204,0.08333333333333333,True,1,0,0,0,0,32,0.0,0,1.0,11.0,,False
b03_ramp_3.0,3,1,ramp,3.0,M3,24,False,False,7,True,24,2,False,False,0,0,0.5726499037070647,0.556178626765323,0.08333333333333333,True,1,0,0,0,0,32,0.0,0,1.0,11.0,,False
b03_ramp_3.0,3,1,ramp,3.0,M3_fixed,24,False,False,7,True,24,2,False,False,0,0,0.5726499037070647,0.556178626765323,0.08333333333333333,True,1,0,0,0,0,32,0.0,0,1.0,11.0,,False
b03_ramp_3.0,3,1,ramp,3.0,M4,24,False,False,7,True,24,2,False,False,0,0,0.3771288836471563,0.544244271332815,0.08333333333333333,True,1,0,0,0,0,32,0.0,0,1.0,11.0,,False
b03_none_0.0,3,1,none,0.0,M0,0,False,False,7,True,48,4,False,False,0,0,0.3563997416264283,0.5331306885396352,0.08333333333333333,True,0,0,0,0,0,0,,0,,,,True
b03_none_0.0,3,1,none,0.0,M1,0,False,False,7,True,48,1,False,False,0,0,0.3066247003568544,0.3799220025782676,0.020833333333333332,True,0,0,0,0,0,0,,0,,,,True
b03_none_0.0,3,1,none,0.0,M2,0,False,False,7,True,48,2,False,False,0,0,0.287010455196921,0.4407812794404806,0.041666666666666664,True,0,0,0,0,0,0,,0,,,,True
b03_none_0.0,3,1,none,0.0,M3,0,False,False,7,True,48,2,False,False,0,0,0.5726499037070647,0.45113352200536,0.041666666666666664,True,0,0,0,0,0,0,,0,,,,True
b03_none_0.0,3,1,none,0.0,M3_fixed,0,False,False,7,True,48,2,False,False,0,0,0.5726499037070647,0.45113352200536,0.041666666666666664,True,0,0,0,0,0,0,,0,,,,True
b03_none_0.0,3,1,none,0.0,M4,0,False,False,7,True,48,2,False,False,0,0,0.3770785342786679,0.45165457756452615,0.041666666666666664,True,0,0,0,0,0,0,,0,,,,True
b03_sensor_fault_3.0,3,1,sensor_fault,3.0,M0,12,True,True,0,False,36,3,False,False,1,1,1.2826578300599714,0.5636382401571449,0.08333333333333333,True,2,0,0,0,0,32,0.0,1,,0.0,0.0,False
b03_sensor_fault_3.0,3,1,sensor_fault,3.0,M1,12,False,False,7,True,36,1,False,False,0,0,0.9076932240878948,0.43240973951755735,0.027777777777777776,True,0,0,0,0,0,32,0.0,0,3.0,,,False
b03_sensor_fault_3.0,3,1,sensor_fault,3.0,M2,12,True,True,0,False,36,2,False,False,1,1,1.0329306244370988,0.4977569747096471,0.05555555555555555,True,1,0,0,0,0,32,0.0,0,0.0,0.0,0.0,False
b03_sensor_fault_3.0,3,1,sensor_fault,3.0,M3,12,True,True,0,False,36,2,False,False,1,1,1.079889924773604,0.5127901531768974,0.05555555555555555,True,1,0,0,0,0,32,0.0,0,1.0,0.0,0.0,False
b03_sensor_fault_3.0,3,1,sensor_fault,3.0,M3_fixed,12,True,True,0,False,36,2,False,False,1,1,1.079889924773604,0.5127901531768974,0.05555555555555555,True,1,0,0,0,0,32,0.0,0,1.0,0.0,0.0,False
b03_sensor_fault_3.0,3,1,sensor_fault,3.0,M4,12,True,True,0,False,36,2,False,False,1,1,1.0811558923629017,0.5158746659473951,0.05555555555555555,True,1,0,0,0,0,32,0.0,0,0.0,0.0,0.0,False
b04_regional_1.0,4,2,regional,1.0,M0,20,True,True,5,False,28,1,True,True,0,0,1.2689651044709451,0.4938680358414663,0.03571428571428571,True,3,0,0,0,0,4129,0.0,0,,5.0,5.0,False
b04_regional_1.0,4,2,regional,1.0,M1,20,False,False,7,True,28,1,False,False,0,0,0.8987738094663735,0.3633067832463033,0.03571428571428571,True,0,0,0,0,0,4129,0.0,0,0.0,,,False
b04_regional_1.0,4,2,regional,1.0,M2,20,True,True,5,False,28,1,True,True,0,0,1.021903805544755,0.40362190713984847,0.03571428571428571,True,2,0,0,0,0,4129,0.0,0,0.0,5.0,5.0,False
b04_regional_1.0,4,2,regional,1.0,M3,20,True,True,5,False,28,2,True,True,0,0,1.0683618024172403,0.4402665084679332,0.07142857142857142,True,3,0,0,0,0,4129,0.0,0,0.0,5.0,5.0,False
b04_regional_1.0,4,2,regional,1.0,M3_fixed,20,True,True,5,False,28,2,True,True,0,0,1.0683618024172403,0.4402665084679332,0.07142857142857142,True,3,0,0,0,0,4129,0.0,0,0.0,5.0,5.0,False
b04_regional_1.0,4,2,regional,1.0,M4,20,True,True,5,False,28,1,True,True,0,0,1.069614255453866,0.4536325475086632,0.03571428571428571,True,3,0,0,0,0,4129,0.0,0,0.0,5.0,5.0,False
b04_regional_3.0,4,2,regional,3.0,M0,20,True,True,0,False,28,2,True,True,0,0,1.774146986628336,0.4878668040903125,0.07142857142857142,True,5,0,0,0,0,4129,0.0,0,,0.0,0.0,False
b04_regional_3.0,4,2,regional,3.0,M1,20,True,True,0,False,28,2,False,False,1,1,1.255503346690055,0.35904652949817806,0.07142857142857142,True,2,0,0,0,0,4129,0.0,0,0.0,0.0,0.0,False
b04_regional_3.0,4,2,regional,3.0,M2,20,True,True,0,False,28,2,True,True,0,0,1.428729246252309,0.4020338685115755,0.07142857142857142,True,3,0,0,0,0,4129,0.0,0,0.0,0.0,0.0,False
b04_regional_3.0,4,2,regional,3.0,M3,20,True,True,0,False,28,3,True,True,0,0,1.4936824233457584,0.4393239178466055,0.10714285714285714,True,4,0,0,0,0,4129,0.0,0,0.0,0.0,0.0,False
b04_regional_3.0,4,2,regional,3.0,M3_fixed,20,True,True,0,False,28,3,True,True,0,0,1.4936824233457584,0.4393239178466055,0.10714285714285714,True,4,0,0,0,0,4129,0.0,0,0.0,0.0,0.0,False
b04_regional_3.0,4,2,regional,3.0,M4,20,True,True,0,False,28,2,True,True,0,0,1.4954334847208852,0.4573782588852058,0.07142857142857142,True,4,0,0,0,0,4129,0.0,0,0.0,0.0,0.0,False
b04_localized_1.0,4,2,localized,1.0,M0,12,True,False,2,False,36,3,True,False,0,0,1.2231976995953138,0.5205829499371862,0.08333333333333333,True,1,0,0,0,0,31,0.0,2,,2.0,,False
b04_localized_1.0,4,2,localized,1.0,M1,12,False,False,7,True,36,1,False,False,0,0,0.8910506983823967,0.38987226952225185,0.027777777777777776,True,0,0,0,0,0,31,0.0,0,3.0,,,False
b04_localized_1.0,4,2,localized,1.0,M2,12,False,False,7,True,36,2,True,False,-1,0,0.9850470905353892,0.41922799592217286,0.05555555555555555,True,0,0,0,0,0,31,0.0,0,0.0,,,False
b04_localized_1.0,4,2,localized,1.0,M3,12,True,False,2,False,36,4,True,False,0,0,1.0298294999980382,0.4708150142661524,0.1111111111111111,True,1,0,0,0,0,31,0.0,1,1.0,2.0,,False
b04_localized_1.0,4,2,localized,1.0,M3_fixed,12,True,False,2,False,36,4,True,False,0,0,1.0298294999980382,0.4708150142661524,0.1111111111111111,True,1,0,0,0,0,31,0.0,1,1.0,2.0,,False
b04_localized_1.0,4,2,localized,1.0,M4,12,True,False,2,False,36,3,True,False,0,0,1.0310367811658605,0.46757136855342163,0.08333333333333333,True,1,0,0,0,0,31,0.0,1,0.0,2.0,,False
b04_localized_3.0,4,2,localized,3.0,M0,12,True,True,0,False,36,4,True,False,0,1,1.5230958091019464,0.5175323372875555,0.1111111111111111,True,3,0,0,0,0,31,0.0,1,,0.0,0.0,False
b04_localized_3.0,4,2,localized,3.0,M1,12,True,True,0,False,36,1,False,False,1,1,1.0778429859925052,0.3826767367173589,0.027777777777777776,True,1,0,0,0,0,31,0.0,0,3.0,0.0,0.0,False
b04_localized_3.0,4,2,localized,3.0,M2,12,True,True,0,False,36,2,True,False,0,1,1.2265565050186795,0.4167713226339027,0.05555555555555555,True,2,0,0,0,0,31,0.0,0,0.0,0.0,0.0,False
b04_localized_3.0,4,2,localized,3.0,M3,12,True,True,0,False,36,4,True,False,0,1,1.2823184641824468,0.4709161270794769,0.1111111111111111,True,2,0,0,0,0,31,0.0,0,1.0,0.0,0.0,False
b04_localized_3.0,4,2,localized,3.0,M3_fixed,12,True,True,0,False,36,4,True,False,0,1,1.2823184641824468,0.4709161270794769,0.1111111111111111,True,2,0,0,0,0,31,0.0,0,1.0,0.0,0.0,False
b04_localized_3.0,4,2,localized,3.0,M4,12,True,True,0,False,36,3,True,False,0,1,1.2838217411161152,0.46721323585975355,0.08333333333333333,True,2,0,0,0,0,31,0.0,0,0.0,0.0,0.0,False
b04_cancel_exact_1.0,4,2,cancel_exact,1.0,M0,24,True,False,3,False,24,1,True,False,0,0,1.2433467058357537,0.5221082562620034,0.041666666666666664,True,3,0,0,0,0,62,0.0,12,,3.0,,False
b04_cancel_exact_1.0,4,2,cancel_exact,1.0,M1,24,False,False,7,True,24,1,False,False,0,0,0.8912781493171936,0.4021714139752703,0.041666666666666664,True,0,0,0,0,0,62,0.0,0,0.0,,,False
b04_cancel_exact_1.0,4,2,cancel_exact,1.0,M2,24,True,False,3,False,24,1,True,False,0,0,1.001273183816051,0.4204563325663094,0.041666666666666664,True,3,0,0,0,0,62,0.0,4,0.0,3.0,,False
b04_cancel_exact_1.0,4,2,cancel_exact,1.0,M3,24,True,False,3,False,24,2,True,False,0,0,1.0467932672033835,0.4707644578594889,0.08333333333333333,True,3,0,0,0,0,62,0.0,4,0.0,3.0,,False
b04_cancel_exact_1.0,4,2,cancel_exact,1.0,M3_fixed,24,True,False,3,False,24,2,True,False,0,0,1.0467932672033835,0.4707644578594889,0.08333333333333333,True,3,0,0,0,0,62,0.0,4,0.0,3.0,,False
b04_cancel_exact_1.0,4,2,cancel_exact,1.0,M4,24,True,False,3,False,24,1,True,False,0,0,1.0480204351939106,0.4790274758261049,0.041666666666666664,True,3,0,0,0,0,62,0.0,4,0.0,3.0,,False
b04_cancel_exact_3.0,4,2,cancel_exact,3.0,M0,24,True,False,3,False,24,1,True,False,0,0,1.2433467058357544,0.5221082562620034,0.041666666666666664,True,3,0,0,0,0,62,0.0,12,,3.0,,False
b04_cancel_exact_3.0,4,2,cancel_exact,3.0,M1,24,False,False,7,True,24,1,False,False,0,0,0.8912781493171936,0.4021714139752699,0.041666666666666664,True,0,0,0,0,0,62,0.0,0,0.0,,,False
b04_cancel_exact_3.0,4,2,cancel_exact,3.0,M2,24,True,False,3,False,24,1,True,False,0,0,1.0012731838160518,0.4204563325663094,0.041666666666666664,True,3,0,0,0,0,62,0.0,4,0.0,3.0,,False
b04_cancel_exact_3.0,4,2,cancel_exact,3.0,M3,24,True,False,3,False,24,2,True,False,0,0,1.0467932672033846,0.47076445785948845,0.08333333333333333,True,3,0,0,0,0,62,0.0,4,0.0,3.0,,False
b04_cancel_exact_3.0,4,2,cancel_exact,3.0,M3_fixed,24,True,False,3,False,24,2,True,False,0,0,1.0467932672033846,0.47076445785948845,0.08333333333333333,True,3,0,0,0,0,62,0.0,4,0.0,3.0,,False
b04_cancel_exact_3.0,4,2,cancel_exact,3.0,M4,24,True,False,3,False,24,1,True,False,0,0,1.0480204351939115,0.4790274758261044,0.041666666666666664,True,3,0,0,0,0,62,0.0,4,0.0,3.0,,False
b04_cancel_approx_1.0,4,2,cancel_approx,1.0,M0,24,True,False,2,False,24,1,True,False,0,0,1.241520547308436,0.5370745919847523,0.041666666666666664,True,3,0,0,0,0,64,0.0,12,,2.0,,False
b04_cancel_approx_1.0,4,2,cancel_approx,1.0,M1,24,False,False,7,True,24,1,False,False,0,0,0.8912437492293189,0.4098977023534799,0.041666666666666664,True,0,0,0,0,0,64,0.0,0,0.0,,,False
b04_cancel_approx_1.0,4,2,cancel_approx,1.0,M2,24,False,False,7,True,24,1,True,False,-1,0,0.9998025694216766,0.4325087959289752,0.041666666666666664,True,2,0,0,0,0,64,0.0,3,0.0,14.0,,False
b04_cancel_approx_1.0,4,2,cancel_approx,1.0,M3,24,True,False,2,False,24,2,True,False,0,0,1.045255795440866,0.47827295848386164,0.08333333333333333,True,3,0,0,0,0,64,0.0,4,0.0,2.0,,False
b04_cancel_approx_1.0,4,2,cancel_approx,1.0,M3_fixed,24,True,False,2,False,24,2,True,False,0,0,1.045255795440866,0.47827295848386164,0.08333333333333333,True,3,0,0,0,0,64,0.0,4,0.0,2.0,,False
b04_cancel_approx_1.0,4,2,cancel_approx,1.0,M4,24,True,False,2,False,24,1,True,False,0,0,1.0464811610352631,0.49549372248821727,0.041666666666666664,True,3,0,0,0,0,64,0.0,4,0.0,2.0,,False
b04_cancel_approx_3.0,4,2,cancel_approx,3.0,M0,24,True,False,2,False,24,1,True,False,0,0,1.2390926167628582,0.5368412589911506,0.041666666666666664,True,3,0,0,0,0,64,0.0,12,,2.0,,False
b04_cancel_approx_3.0,4,2,cancel_approx,3.0,M1,24,False,False,7,True,24,1,False,False,0,0,0.8912072611090488,0.4098977023534799,0.041666666666666664,True,0,0,0,0,0,64,0.0,0,0.0,,,False
b04_cancel_approx_3.0,4,2,cancel_approx,3.0,M2,24,False,False,7,True,24,1,True,False,-1,0,0.9978473450775376,0.43232089172792143,0.041666666666666664,True,2,0,0,0,0,64,0.0,3,0.0,14.0,,False
b04_cancel_approx_3.0,4,2,cancel_approx,3.0,M3,24,True,False,2,False,24,2,True,False,0,0,1.0432116822933268,0.4782152289818363,0.08333333333333333,True,3,0,0,0,0,64,0.0,4,0.0,2.0,,False
b04_cancel_approx_3.0,4,2,cancel_approx,3.0,M3_fixed,24,True,False,2,False,24,2,True,False,0,0,1.0432116822933268,0.4782152289818363,0.08333333333333333,True,3,0,0,0,0,64,0.0,4,0.0,2.0,,False
b04_cancel_approx_3.0,4,2,cancel_approx,3.0,M4,24,True,False,2,False,24,1,True,False,0,0,1.0444346515499732,0.49549372248821727,0.041666666666666664,True,3,0,0,0,0,64,0.0,4,0.0,2.0,,False
b04_delayed_1.0,4,2,delayed,1.0,M0,24,True,False,1,False,24,1,True,False,0,0,1.2433467058357537,0.5557196960093415,0.041666666666666664,True,3,0,0,0,0,60,0.0,12,,1.0,,False
b04_delayed_1.0,4,2,delayed,1.0,M1,24,False,False,7,True,24,1,False,False,0,0,0.8912781493171936,0.4129225769953424,0.041666666666666664,True,0,0,0,0,0,60,0.0,0,1.0,,,False
b04_delayed_1.0,4,2,delayed,1.0,M2,24,True,False,1,False,24,1,True,False,0,0,1.001273183816051,0.4475237893991457,0.041666666666666664,True,3,0,0,0,0,60,0.0,4,0.0,1.0,,False
b04_delayed_1.0,4,2,delayed,1.0,M3,24,True,False,1,False,24,2,True,False,0,0,1.0467932672033835,0.48897997149877676,0.08333333333333333,True,3,0,0,0,0,60,0.0,4,0.0,1.0,,False
b04_delayed_1.0,4,2,delayed,1.0,M3_fixed,24,True,False,1,False,24,2,True,False,0,0,1.0467932672033835,0.48897997149877676,0.08333333333333333,True,3,0,0,0,0,60,0.0,4,0.0,1.0,,False
b04_delayed_1.0,4,2,delayed,1.0,M4,24,True,False,1,False,24,1,True,False,0,0,1.0480204351939106,0.5201414048714884,0.041666666666666664,True,3,0,0,0,0,60,0.0,4,0.0,1.0,,False
b04_delayed_3.0,4,2,delayed,3.0,M0,24,True,False,1,False,24,1,True,False,0,0,1.2433467058357537,0.5562540493753974,0.041666666666666664,True,3,0,0,0,0,60,0.0,12,,1.0,,False
b04_delayed_3.0,4,2,delayed,3.0,M1,24,False,False,7,True,24,1,False,False,0,0,0.8912781493171936,0.4129225769953424,0.041666666666666664,True,0,0,0,0,0,60,0.0,0,1.0,,,False
b04_delayed_3.0,4,2,delayed,3.0,M2,24,True,False,1,False,24,1,True,False,0,0,1.001273183816051,0.44795410677852376,0.041666666666666664,True,3,0,0,0,0,60,0.0,4,0.0,1.0,,False
b04_delayed_3.0,4,2,delayed,3.0,M3,24,True,False,1,False,24,2,True,False,0,0,1.0467932672033835,0.48897997149877676,0.08333333333333333,True,3,0,0,0,0,60,0.0,4,0.0,1.0,,False
b04_delayed_3.0,4,2,delayed,3.0,M3_fixed,24,True,False,1,False,24,2,True,False,0,0,1.0467932672033835,0.48897997149877676,0.08333333333333333,True,3,0,0,0,0,60,0.0,4,0.0,1.0,,False
b04_delayed_3.0,4,2,delayed,3.0,M4,24,True,False,1,False,24,1,True,False,0,0,1.0480204351939106,0.5201414048714884,0.041666666666666664,True,3,0,0,0,0,60,0.0,4,0.0,1.0,,False
b04_ramp_1.0,4,2,ramp,1.0,M0,24,True,False,1,False,24,1,True,False,0,0,1.2433467058357537,0.563202913171527,0.041666666666666664,True,3,0,0,0,0,32,0.0,12,,1.0,,False
b04_ramp_1.0,4,2,ramp,1.0,M1,24,False,False,7,True,24,1,False,False,0,0,0.8912781493171936,0.4129225769953424,0.041666666666666664,True,0,0,0,0,0,32,0.0,0,10.0,,,False
b04_ramp_1.0,4,2,ramp,1.0,M2,24,True,False,1,False,24,1,True,False,0,0,1.001273183816051,0.4535500607826629,0.041666666666666664,True,3,0,0,0,0,32,0.0,4,3.0,1.0,,False
b04_ramp_1.0,4,2,ramp,1.0,M3,24,True,False,1,False,24,2,True,False,0,0,1.0467932672033835,0.48897997149877676,0.08333333333333333,True,3,0,0,0,0,32,0.0,4,1.0,1.0,,False
b04_ramp_1.0,4,2,ramp,1.0,M3_fixed,24,True,False,1,False,24,2,True,False,0,0,1.0467932672033835,0.48897997149877676,0.08333333333333333,True,3,0,0,0,0,32,0.0,4,1.0,1.0,,False
b04_ramp_1.0,4,2,ramp,1.0,M4,24,True,False,1,False,24,1,True,False,0,0,1.0480204351939106,0.5201414048714884,0.041666666666666664,True,3,0,0,0,0,32,0.0,4,1.0,1.0,,False
b04_ramp_3.0,4,2,ramp,3.0,M0,24,True,False,1,False,24,2,True,False,0,0,1.2433467058357537,0.5807943706085573,0.08333333333333333,True,3,0,0,0,0,32,0.0,11,,1.0,,False
b04_ramp_3.0,4,2,ramp,3.0,M1,24,False,False,7,True,24,1,False,False,0,0,0.8912781493171936,0.4300831698414429,0.041666666666666664,True,0,0,0,0,0,32,0.0,0,10.0,,,False
b04_ramp_3.0,4,2,ramp,3.0,M2,24,True,False,1,False,24,1,True,False,0,0,1.001273183816051,0.46771654750214975,0.041666666666666664,True,3,0,0,0,0,32,0.0,4,3.0,1.0,,False
b04_ramp_3.0,4,2,ramp,3.0,M3,24,True,False,1,False,24,2,True,False,0,0,1.0467932672033835,0.5130006150723395,0.08333333333333333,True,3,0,0,0,0,32,0.0,5,1.0,1.0,,False
b04_ramp_3.0,4,2,ramp,3.0,M3_fixed,24,True,False,1,False,24,2,True,False,0,0,1.0467932672033835,0.5130006150723395,0.08333333333333333,True,3,0,0,0,0,32,0.0,5,1.0,1.0,,False
b04_ramp_3.0,4,2,ramp,3.0,M4,24,True,False,1,False,24,1,True,False,0,0,1.0480204351939106,0.5717796364656573,0.041666666666666664,True,3,0,0,0,0,32,0.0,5,1.0,1.0,,False
b04_none_0.0,4,2,none,0.0,M0,0,True,False,3,False,48,4,True,False,0,0,1.2433467058357537,0.5591990898806161,0.08333333333333333,True,0,0,0,0,0,0,,0,,,,True
b04_none_0.0,4,2,none,0.0,M1,0,False,False,7,True,48,1,False,False,0,0,0.8912781493171936,0.41497092191304835,0.020833333333333332,True,0,0,0,0,0,0,,0,,,,True
b04_none_0.0,4,2,none,0.0,M2,0,True,False,3,False,48,4,True,False,0,0,1.001273183816051,0.45766031820460135,0.08333333333333333,True,0,0,0,0,0,0,,0,,,,True
b04_none_0.0,4,2,none,0.0,M3,0,True,False,3,False,48,5,True,False,0,0,1.0467932672033835,0.49369424135364226,0.10416666666666667,True,0,0,0,0,0,0,,0,,,,True
b04_none_0.0,4,2,none,0.0,M3_fixed,0,True,False,3,False,48,5,True,False,0,0,1.0467932672033835,0.49369424135364226,0.10416666666666667,True,0,0,0,0,0,0,,0,,,,True
b04_none_0.0,4,2,none,0.0,M4,0,True,False,3,False,48,4,True,False,0,0,1.0480204351939106,0.52572346863758,0.08333333333333333,True,0,0,0,0,0,0,,0,,,,True
b04_sensor_fault_3.0,4,2,sensor_fault,3.0,M0,12,True,True,0,False,36,4,True,False,0,1,1.1998765102226083,0.5381153849416602,0.1111111111111111,True,3,0,0,0,0,31,0.0,2,,0.0,0.0,False
b04_sensor_fault_3.0,4,2,sensor_fault,3.0,M1,12,False,False,7,True,36,1,False,False,0,0,0.8883268596807095,0.4051962886171324,0.027777777777777776,True,0,0,0,0,0,31,0.0,0,0.0,,,False
b04_sensor_fault_3.0,4,2,sensor_fault,3.0,M2,12,False,False,7,True,36,2,True,False,-1,0,0.9662664226621512,0.4333469515880245,0.05555555555555555,True,0,0,0,0,0,31,0.0,0,0.0,,,False
b04_sensor_fault_3.0,4,2,sensor_fault,3.0,M3,12,True,False,5,False,36,4,True,False,0,0,1.0101950216148636,0.4842227124085404,0.1111111111111111,True,1,0,0,0,0,31,0.0,1,0.0,5.0,,False
b04_sensor_fault_3.0,4,2,sensor_fault,3.0,M3_fixed,12,True,False,5,False,36,4,True,False,0,0,1.0101950216148636,0.4842227124085404,0.1111111111111111,True,1,0,0,0,0,31,0.0,1,0.0,5.0,,False
b04_sensor_fault_3.0,4,2,sensor_fault,3.0,M4,12,True,False,5,False,36,3,True,False,0,0,1.0113792850540309,0.5000287209255214,0.08333333333333333,True,1,0,0,0,0,31,0.0,1,0.0,5.0,,False
b05_regional_1.0,5,2,regional,1.0,M0,12,False,False,7,True,36,4,False,False,0,0,0.6463929652062107,0.6067489919607725,0.1111111111111111,True,1,0,0,0,0,4121,0.0,0,,11.0,,False
b05_regional_1.0,5,2,regional,1.0,M1,12,False,False,7,True,36,2,False,False,0,0,0.4574302677342461,0.4854603687910304,0.05555555555555555,True,0,0,0,0,0,4121,0.0,0,0.0,,,False
b05_regional_1.0,5,2,regional,1.0,M2,12,False,False,7,True,36,3,False,False,0,0,0.5205434165953531,0.5197901873822537,0.08333333333333333,True,0,0,0,0,0,4121,0.0,0,0.0,,,False
b05_regional_1.0,5,2,regional,1.0,M3,12,False,False,7,True,36,2,False,False,0,0,0.5442084663671252,0.5687339858897281,0.05555555555555555,True,0,0,0,0,0,4121,0.0,0,0.0,,,False
b05_regional_1.0,5,2,regional,1.0,M3_fixed,12,False,False,7,True,36,2,False,False,0,0,0.5442084663671252,0.5687339858897281,0.05555555555555555,True,0,0,0,0,0,4121,0.0,0,0.0,,,False
b05_regional_1.0,5,2,regional,1.0,M4,12,False,False,7,True,36,3,False,False,0,0,0.5448464483173565,0.5973953672033327,0.08333333333333333,True,0,0,0,0,0,4121,0.0,0,0.0,,,False
b05_regional_3.0,5,2,regional,3.0,M0,12,True,True,0,False,36,4,False,False,1,1,1.6423578871005124,0.6270881425701991,0.1111111111111111,True,3,0,0,0,0,4121,0.0,0,,0.0,0.0,False
b05_regional_3.0,5,2,regional,3.0,M1,12,True,True,0,False,36,3,False,False,1,1,1.1622406932788505,0.4710079461857841,0.08333333333333333,True,1,0,0,0,0,4121,0.0,0,0.0,0.0,0.0,False
b05_regional_3.0,5,2,regional,3.0,M2,12,True,True,0,False,36,4,False,False,1,1,1.3225988397799031,0.5116636874769777,0.1111111111111111,True,1,0,0,0,0,4121,0.0,0,0.0,0.0,0.0,False
b05_regional_3.0,5,2,regional,3.0,M3,12,True,True,0,False,36,3,False,False,1,1,1.3827270949333257,0.5550630058736725,0.08333333333333333,True,1,0,0,0,0,4121,0.0,0,0.0,0.0,0.0,False
b05_regional_3.0,5,2,regional,3.0,M3_fixed,12,True,True,0,False,36,3,False,False,1,1,1.3827270949333257,0.5550630058736725,0.08333333333333333,True,1,0,0,0,0,4121,0.0,0,0.0,0.0,0.0,False
b05_regional_3.0,5,2,regional,3.0,M4,12,True,True,0,False,36,4,False,False,1,1,1.3843480820792111,0.5969780611598898,0.1111111111111111,True,1,0,0,0,0,4121,0.0,0,0.0,0.0,0.0,False
b05_localized_1.0,5,2,localized,1.0,M0,12,False,False,7,True,36,4,False,False,0,0,0.3630974621408712,0.6070875700085747,0.1111111111111111,True,0,0,0,0,0,31,0.0,0,,,,False
b05_localized_1.0,5,2,localized,1.0,M1,12,False,False,7,True,36,2,False,False,0,0,0.6914018702989713,0.48204389073215415,0.05555555555555555,True,0,0,0,0,0,31,0.0,0,1.0,,,False
b05_localized_1.0,5,2,localized,1.0,M2,12,False,False,7,True,36,3,False,False,0,0,0.4030403585330557,0.5245668245178084,0.08333333333333333,True,0,0,0,0,0,31,0.0,0,1.0,,,False
b05_localized_1.0,5,2,localized,1.0,M3,12,False,False,7,True,36,2,False,False,0,0,0.532195510754624,0.581890256640524,0.05555555555555555,True,0,0,0,0,0,31,0.0,0,0.0,,,False
b05_localized_1.0,5,2,localized,1.0,M3_fixed,12,False,False,7,True,36,2,False,False,0,0,0.532195510754624,0.581890256640524,0.05555555555555555,True,0,0,0,0,0,31,0.0,0,0.0,,,False
b05_localized_1.0,5,2,localized,1.0,M4,12,False,False,7,True,36,3,False,False,0,0,0.3647823190733432,0.6139435221451813,0.08333333333333333,True,0,0,0,0,0,31,0.0,0,0.0,,,False
b05_localized_3.0,5,2,localized,3.0,M0,12,False,False,7,True,36,4,False,False,0,0,0.4040391340334626,0.6072320681338512,0.1111111111111111,True,0,0,0,0,0,31,0.0,0,,,,False
b05_localized_3.0,5,2,localized,3.0,M1,12,False,False,7,True,36,2,False,False,0,0,0.6914018702989713,0.48245582276936205,0.05555555555555555,True,0,0,0,0,0,31,0.0,0,1.0,,,False
b05_localized_3.0,5,2,localized,3.0,M2,12,False,False,7,True,36,4,False,False,0,0,0.4030403585330557,0.5249547403846644,0.1111111111111111,True,0,0,0,0,0,31,0.0,0,1.0,,,False
b05_localized_3.0,5,2,localized,3.0,M3,12,False,False,7,True,36,3,False,False,0,0,0.532195510754624,0.5813721441363728,0.08333333333333333,True,0,0,0,0,0,31,0.0,0,0.0,,,False
b05_localized_3.0,5,2,localized,3.0,M3_fixed,12,False,False,7,True,36,3,False,False,0,0,0.532195510754624,0.5813721441363728,0.08333333333333333,True,0,0,0,0,0,31,0.0,0,0.0,,,False
b05_localized_3.0,5,2,localized,3.0,M4,12,False,False,7,True,36,4,False,False,0,0,0.3647802417902698,0.6137299137393323,0.1111111111111111,True,0,0,0,0,0,31,0.0,0,0.0,,,False
b05_cancel_exact_1.0,5,2,cancel_exact,1.0,M0,24,False,False,7,True,24,3,False,False,0,0,0.3961567187308112,0.6247908501060114,0.125,True,1,0,0,0,0,58,0.0,1,,14.0,,False
b05_cancel_exact_1.0,5,2,cancel_exact,1.0,M1,24,False,False,7,True,24,2,False,False,0,0,0.6914018702989713,0.48125889501190633,0.08333333333333333,True,0,0,0,0,0,58,0.0,0,0.0,,,False
b05_cancel_exact_1.0,5,2,cancel_exact,1.0,M2,24,False,False,7,True,24,3,False,False,0,0,0.4237229672729427,0.5238534373348915,0.125,True,0,0,0,0,0,58,0.0,0,0.0,,,False
b05_cancel_exact_1.0,5,2,cancel_exact,1.0,M3,24,False,False,7,True,24,2,False,False,0,0,0.532195510754624,0.6564365289828518,0.08333333333333333,True,0,0,0,0,0,58,0.0,0,0.0,,,False
b05_cancel_exact_1.0,5,2,cancel_exact,1.0,M3_fixed,24,False,False,7,True,24,2,False,False,0,0,0.532195510754624,0.6564365289828518,0.08333333333333333,True,0,0,0,0,0,58,0.0,0,0.0,,,False
b05_cancel_exact_1.0,5,2,cancel_exact,1.0,M4,24,False,False,7,True,24,2,False,False,0,0,0.3647852319529822,0.6475162948460164,0.08333333333333333,True,1,0,1,0,1,58,0.0,1,0.0,,,False
b05_cancel_exact_3.0,5,2,cancel_exact,3.0,M0,24,False,False,7,True,24,3,False,False,0,0,0.3961567187308112,0.6247908501060109,0.125,True,1,0,0,0,0,58,0.0,1,,14.0,,False
b05_cancel_exact_3.0,5,2,cancel_exact,3.0,M1,24,False,False,7,True,24,2,False,False,0,0,0.6914018702989713,0.4812588950119051,0.08333333333333333,True,0,0,0,0,0,58,0.0,0,0.0,,,False
b05_cancel_exact_3.0,5,2,cancel_exact,3.0,M2,24,False,False,7,True,24,3,False,False,0,0,0.4237229672729427,0.523853437334891,0.125,True,0,0,0,0,0,58,0.0,0,0.0,,,False
b05_cancel_exact_3.0,5,2,cancel_exact,3.0,M3,24,False,False,7,True,24,2,False,False,0,0,0.532195510754624,0.6564365289828518,0.08333333333333333,True,0,0,0,0,0,58,0.0,0,0.0,,,False
b05_cancel_exact_3.0,5,2,cancel_exact,3.0,M3_fixed,24,False,False,7,True,24,2,False,False,0,0,0.532195510754624,0.6564365289828518,0.08333333333333333,True,0,0,0,0,0,58,0.0,0,0.0,,,False
b05_cancel_exact_3.0,5,2,cancel_exact,3.0,M4,24,False,False,7,True,24,2,False,False,0,0,0.3647852319529822,0.6475162948460164,0.08333333333333333,True,1,0,1,0,1,58,0.0,1,0.0,,,False
b05_cancel_approx_1.0,5,2,cancel_approx,1.0,M0,24,False,False,7,True,24,3,False,False,0,0,0.3961567187308112,0.6246328423175915,0.125,True,1,0,0,0,0,64,0.0,0,,13.0,,False
b05_cancel_approx_1.0,5,2,cancel_approx,1.0,M1,24,False,False,7,True,24,2,False,False,0,0,0.691245617820232,0.4811351023208076,0.08333333333333333,True,0,0,0,0,0,64,0.0,0,0.0,,,False
b05_cancel_approx_1.0,5,2,cancel_approx,1.0,M2,24,False,False,7,True,24,3,False,False,0,0,0.4029492739442542,0.5235389382065794,0.125,True,0,0,0,0,0,64,0.0,0,0.0,,,False
b05_cancel_approx_1.0,5,2,cancel_approx,1.0,M3,24,False,False,7,True,24,2,False,False,0,0,0.532075237912878,0.6555406536201454,0.08333333333333333,True,0,0,0,0,0,64,0.0,0,0.0,,,False
b05_cancel_approx_1.0,5,2,cancel_approx,1.0,M3_fixed,24,False,False,7,True,24,2,False,False,0,0,0.532075237912878,0.6555406536201454,0.08333333333333333,True,0,0,0,0,0,64,0.0,0,0.0,,,False
b05_cancel_approx_1.0,5,2,cancel_approx,1.0,M4,24,False,False,7,True,24,2,False,False,0,0,0.3647816383546958,0.6466193692381441,0.08333333333333333,True,1,0,1,0,1,64,0.0,1,0.0,,,False
b05_cancel_approx_3.0,5,2,cancel_approx,3.0,M0,24,False,False,7,True,24,3,False,False,0,0,0.3961567187308112,0.6244893268647956,0.125,True,1,0,0,0,0,64,0.0,0,,13.0,,False
b05_cancel_approx_3.0,5,2,cancel_approx,3.0,M1,24,False,False,7,True,24,2,False,False,0,0,0.6911696945054671,0.48113305863658845,0.08333333333333333,True,0,0,0,0,0,64,0.0,0,0.0,,,False
b05_cancel_approx_3.0,5,2,cancel_approx,3.0,M2,24,False,False,7,True,24,3,False,False,0,0,0.402905015805365,0.5233806803875365,0.125,True,0,0,0,0,0,64,0.0,0,0.0,,,False
b05_cancel_approx_3.0,5,2,cancel_approx,3.0,M3,24,False,False,7,True,24,2,False,False,0,0,0.5320167971579202,0.654725079338665,0.08333333333333333,True,0,0,0,0,0,64,0.0,0,0.0,,,False
b05_cancel_approx_3.0,5,2,cancel_approx,3.0,M3_fixed,24,False,False,7,True,24,2,False,False,0,0,0.5320167971579202,0.654725079338665,0.08333333333333333,True,0,0,0,0,0,64,0.0,0,0.0,,,False
b05_cancel_approx_3.0,5,2,cancel_approx,3.0,M4,24,False,False,7,True,24,2,False,False,0,0,0.3647794827466558,0.6458028388493944,0.08333333333333333,True,1,0,1,0,1,64,0.0,1,0.0,,,False
b05_delayed_1.0,5,2,delayed,1.0,M0,24,False,False,7,True,24,3,False,False,0,0,0.3961567187308112,0.6248500759820395,0.125,True,1,0,0,0,0,56,0.0,1,,14.0,,False
b05_delayed_1.0,5,2,delayed,1.0,M1,24,False,False,7,True,24,2,False,False,0,0,0.6913622250970453,0.4809424811714019,0.08333333333333333,True,0,0,0,0,0,56,0.0,0,1.0,,,False
b05_delayed_1.0,5,2,delayed,1.0,M2,24,False,False,7,True,24,3,False,False,0,0,0.4237229672729427,0.5234840032391609,0.125,True,0,0,0,0,0,56,0.0,0,0.0,,,False
b05_delayed_1.0,5,2,delayed,1.0,M3,24,False,False,7,True,24,2,False,False,0,0,0.5321649944957094,0.6561076111290294,0.08333333333333333,True,0,0,0,0,0,56,0.0,0,0.0,,,False
b05_delayed_1.0,5,2,delayed,1.0,M3_fixed,24,False,False,7,True,24,2,False,False,0,0,0.5321649944957094,0.6561076111290294,0.08333333333333333,True,0,0,0,0,0,56,0.0,0,0.0,,,False
b05_delayed_1.0,5,2,delayed,1.0,M4,24,False,False,7,True,24,2,False,False,0,0,0.3648088033606605,0.6471869913979469,0.08333333333333333,True,1,0,1,0,1,56,0.0,1,0.0,,,False
b05_delayed_3.0,5,2,delayed,3.0,M0,24,False,False,7,True,24,3,False,False,0,0,0.3961567187308112,0.6248608941619866,0.125,True,1,0,0,0,0,56,0.0,1,,14.0,,False
b05_delayed_3.0,5,2,delayed,3.0,M1,24,False,False,7,True,24,2,False,False,0,0,0.6913549835168906,0.48088468511849924,0.08333333333333333,True,0,0,0,0,0,56,0.0,0,1.0,,,False
b05_delayed_3.0,5,2,delayed,3.0,M2,24,False,False,7,True,24,3,False,False,0,0,0.4237229672729427,0.5234165225230581,0.125,True,0,0,0,0,0,56,0.0,0,0.0,,,False
b05_delayed_3.0,5,2,delayed,3.0,M3,24,False,False,7,True,24,2,False,False,0,0,0.5321594204054234,0.6560475310969718,0.08333333333333333,True,0,0,0,0,0,56,0.0,0,0.0,,,False
b05_delayed_3.0,5,2,delayed,3.0,M3_fixed,24,False,False,7,True,24,2,False,False,0,0,0.5321594204054234,0.6560475310969718,0.08333333333333333,True,0,0,0,0,0,56,0.0,0,0.0,,,False
b05_delayed_3.0,5,2,delayed,3.0,M4,24,False,False,7,True,24,2,False,False,0,0,0.3648131089065969,0.647126840933365,0.08333333333333333,True,1,0,1,0,1,56,0.0,1,0.0,,,False
b05_ramp_1.0,5,2,ramp,1.0,M0,24,False,False,7,True,24,3,False,False,0,0,0.587357764893469,0.6006564140575616,0.125,True,0,0,0,0,0,32,0.0,0,,,,False
b05_ramp_1.0,5,2,ramp,1.0,M1,24,False,False,7,True,24,2,False,False,0,0,0.4156530688190516,0.46670873039772853,0.08333333333333333,True,0,0,0,0,0,32,0.0,0,1.0,,,False
b05_ramp_1.0,5,2,ramp,1.0,M2,24,False,False,7,True,24,3,False,False,0,0,0.4730020810234505,0.4837115482432418,0.125,True,0,0,0,0,0,32,0.0,0,1.0,,,False
b05_ramp_1.0,5,2,ramp,1.0,M3,24,False,False,7,True,24,2,False,False,0,0,0.4945057970108398,0.6153020759189465,0.08333333333333333,True,0,0,0,0,0,32,0.0,0,1.0,,,False
b05_ramp_1.0,5,2,ramp,1.0,M3_fixed,24,False,False,7,True,24,2,False,False,0,0,0.4945057970108398,0.6153020759189465,0.08333333333333333,True,0,0,0,0,0,32,0.0,0,1.0,,,False
b05_ramp_1.0,5,2,ramp,1.0,M4,24,False,False,7,True,24,2,False,False,0,0,0.5703418339601475,0.5705671071682464,0.08333333333333333,True,1,0,1,0,1,32,0.0,1,1.0,,,False
b05_ramp_3.0,5,2,ramp,3.0,M0,24,False,False,7,True,24,3,False,False,0,0,0.5923500445645715,0.6169926502889866,0.125,True,0,0,0,0,0,32,0.0,0,,,,False
b05_ramp_3.0,5,2,ramp,3.0,M1,24,False,False,7,True,24,2,False,False,0,0,0.4191859349693324,0.4607689737152222,0.08333333333333333,True,0,0,0,0,0,32,0.0,0,1.0,,,False
b05_ramp_3.0,5,2,ramp,3.0,M2,24,False,False,7,True,24,3,False,False,0,0,0.4770223882614263,0.5029748595245848,0.125,True,0,0,0,0,0,32,0.0,0,1.0,,,False
b05_ramp_3.0,5,2,ramp,3.0,M3,24,False,False,7,True,24,2,False,False,0,0,0.4987088762671552,0.6620247231888903,0.08333333333333333,True,0,0,0,0,0,32,0.0,0,1.0,,,False
b05_ramp_3.0,5,2,ramp,3.0,M3_fixed,24,False,False,7,True,24,2,False,False,0,0,0.4987088762671552,0.6620247231888903,0.08333333333333333,True,0,0,0,0,0,32,0.0,0,1.0,,,False
b05_ramp_3.0,5,2,ramp,3.0,M4,24,False,False,7,True,24,2,False,False,0,0,0.5707376746531041,0.6084370581072462,0.08333333333333333,True,1,0,1,0,1,32,0.0,1,1.0,,,False
b05_none_0.0,5,2,none,0.0,M0,0,False,False,7,True,48,4,False,False,0,0,0.2965070111254095,0.5878145724442301,0.08333333333333333,True,0,0,0,0,0,0,,0,,,,True
b05_none_0.0,5,2,none,0.0,M1,0,False,False,7,True,48,2,False,False,0,0,0.6914018702989713,0.44833004143895056,0.041666666666666664,True,0,0,0,0,0,0,,0,,,,True
b05_none_0.0,5,2,none,0.0,M2,0,False,False,7,True,48,3,False,False,0,0,0.4030403585330557,0.4787873990848469,0.0625,True,0,0,0,0,0,0,,0,,,,True
b05_none_0.0,5,2,none,0.0,M3,0,False,False,7,True,48,2,False,False,0,0,0.532195510754624,0.5325337052352956,0.041666666666666664,True,0,0,0,0,0,0,,0,,,,True
b05_none_0.0,5,2,none,0.0,M3_fixed,0,False,False,7,True,48,2,False,False,0,0,0.532195510754624,0.5325337052352956,0.041666666666666664,True,0,0,0,0,0,0,,0,,,,True
b05_none_0.0,5,2,none,0.0,M4,0,False,False,7,True,48,3,False,False,0,0,0.3647852319529822,0.565931737190069,0.0625,True,0,0,0,0,0,0,,0,,,,True
b05_sensor_fault_3.0,5,2,sensor_fault,3.0,M0,12,True,True,0,False,36,4,False,False,1,1,1.1684329170090135,0.6247908501060102,0.1111111111111111,True,1,0,0,0,0,31,0.0,0,,0.0,0.0,False
b05_sensor_fault_3.0,5,2,sensor_fault,3.0,M1,12,False,False,7,True,36,2,False,False,0,0,0.8268601467319989,0.5003947622506363,0.05555555555555555,True,0,0,0,0,0,31,0.0,0,1.0,,,False
b05_sensor_fault_3.0,5,2,sensor_fault,3.0,M2,12,False,False,7,True,36,3,False,False,0,0,0.9409447432465692,0.5398761460655757,0.08333333333333333,True,0,0,0,0,0,31,0.0,0,0.0,,,False
b05_sensor_fault_3.0,5,2,sensor_fault,3.0,M3,12,False,False,7,True,36,2,False,False,0,0,0.9837221629036258,0.6205258058353624,0.05555555555555555,True,0,0,0,0,0,31,0.0,0,0.0,,,False
b05_sensor_fault_3.0,5,2,sensor_fault,3.0,M3_fixed,12,False,False,7,True,36,2,False,False,0,0,0.9837221629036258,0.6205258058353624,0.05555555555555555,True,0,0,0,0,0,31,0.0,0,0.0,,,False
b05_sensor_fault_3.0,5,2,sensor_fault,3.0,M4,12,False,False,7,True,36,3,False,False,0,0,0.9848753919008968,0.6395091351930442,0.08333333333333333,True,0,0,0,0,0,31,0.0,0,0.0,,,False
b06_regional_1.0,6,3,regional,1.0,M0,12,True,True,0,False,36,5,True,True,0,0,1.4350923305673802,0.570899775605267,0.1388888888888889,True,2,0,0,0,0,4092,0.0,0,,0.0,0.0,False
b06_regional_1.0,6,3,regional,1.0,M1,12,True,True,3,False,36,3,True,True,0,0,1.0155659240279316,0.4065026531419075,0.08333333333333333,True,1,0,0,0,0,4092,0.0,0,0.0,3.0,3.0,False
b06_regional_1.0,6,3,regional,1.0,M2,12,True,True,3,False,36,4,True,True,0,0,1.1556868733016252,0.4597483817483703,0.1111111111111111,True,1,0,0,0,0,4092,0.0,0,0.0,3.0,3.0,False
b06_regional_1.0,6,3,regional,1.0,M3,12,True,True,0,False,36,5,True,True,0,0,1.2082269429775556,0.5230248554596362,0.1388888888888889,True,2,0,0,0,0,4092,0.0,0,0.0,0.0,0.0,False
b06_regional_1.0,6,3,regional,1.0,M3_fixed,12,True,True,0,False,36,5,True,True,0,0,1.2082269429775556,0.5230248554596362,0.1388888888888889,True,2,0,0,0,0,4092,0.0,0,0.0,0.0,0.0,False
b06_regional_1.0,6,3,regional,1.0,M4,12,True,True,0,False,36,11,True,True,0,0,1.2096433615543347,0.6444026681530453,0.3055555555555556,True,5,3,0,1,0,4092,0.00024437927663734115,0,0.0,0.0,0.0,False
b06_regional_3.0,6,3,regional,3.0,M0,12,True,True,0,False,36,5,True,True,0,0,2.2555915699534324,0.570899775605267,0.1388888888888889,True,2,0,0,0,0,4092,0.0,0,,0.0,0.0,False
b06_regional_3.0,6,3,regional,3.0,M1,12,True,True,0,False,36,4,True,True,0,0,1.596205267199578,0.4065026531419075,0.1111111111111111,True,2,0,0,0,0,4092,0.0,0,0.0,0.0,0.0,False
b06_regional_3.0,6,3,regional,3.0,M2,12,True,True,0,False,36,4,True,True,0,0,1.8164389241034928,0.4597483817483703,0.1111111111111111,True,2,0,0,0,0,4092,0.0,0,0.0,0.0,0.0,False
b06_regional_3.0,6,3,regional,3.0,M3,12,True,True,0,False,36,4,True,True,0,0,1.899018236752276,0.5230237832488832,0.1111111111111111,True,2,0,0,0,0,4092,0.0,0,0.0,0.0,0.0,False
b06_regional_3.0,6,3,regional,3.0,M3_fixed,12,True,True,0,False,36,4,True,True,0,0,1.899018236752276,0.5230237832488832,0.1111111111111111,True,2,0,0,0,0,4092,0.0,0,0.0,0.0,0.0,False
b06_regional_3.0,6,3,regional,3.0,M4,12,True,True,0,False,36,10,True,True,0,0,1.901244478042302,0.6442947655475191,0.2777777777777778,True,6,4,0,1,0,4092,0.00024437927663734115,0,0.0,0.0,0.0,False
b06_localized_1.0,6,3,localized,1.0,M0,12,True,False,4,False,36,4,True,False,0,0,1.440670152241928,0.570739741514112,0.1111111111111111,True,2,0,0,0,0,32,0.0,3,,4.0,,False
b06_localized_1.0,6,3,localized,1.0,M1,12,True,False,5,False,36,3,True,False,0,0,1.019513158294549,0.40427266372884374,0.08333333333333333,True,1,0,0,0,0,32,0.0,1,6.0,5.0,,False
b06_localized_1.0,6,3,localized,1.0,M2,12,True,False,5,False,36,4,True,False,0,0,1.160178720379049,0.4596195055119854,0.1111111111111111,True,1,0,0,0,0,32,0.0,2,1.0,5.0,,False
b06_localized_1.0,6,3,localized,1.0,M3,12,True,False,5,False,36,4,True,False,0,0,1.212922999312585,0.5220190799789581,0.1111111111111111,True,1,0,0,0,0,32,0.0,2,0.0,5.0,,False
b06_localized_1.0,6,3,localized,1.0,M3_fixed,12,True,False,5,False,36,4,True,False,0,0,1.212922999312585,0.5220190799789581,0.1111111111111111,True,1,0,0,0,0,32,0.0,2,0.0,5.0,,False
b06_localized_1.0,6,3,localized,1.0,M4,12,True,False,1,False,36,9,True,False,0,0,1.2143449231311312,0.6382282519797191,0.25,True,5,0,4,0,2,32,0.0,6,0.0,5.0,,False
b06_localized_3.0,6,3,localized,3.0,M0,12,True,True,0,False,36,4,True,False,0,1,1.4321001534504385,0.5723775257862734,0.1111111111111111,True,4,0,0,0,0,32,0.0,4,,0.0,0.0,False
b06_localized_3.0,6,3,localized,3.0,M1,12,True,False,5,False,36,3,True,False,0,0,1.0134484622772857,0.4071688029795359,0.08333333333333333,True,1,0,0,0,0,32,0.0,1,6.0,5.0,,False
b06_localized_3.0,6,3,localized,3.0,M2,12,True,False,5,False,36,4,True,False,0,0,1.1532772584336566,0.46093842119728373,0.1111111111111111,True,1,0,0,0,0,32,0.0,2,1.0,5.0,,False
b06_localized_3.0,6,3,localized,3.0,M3,12,True,True,0,False,36,4,True,False,0,1,1.2057077817125654,0.5207377742666335,0.1111111111111111,True,2,0,0,0,0,32,0.0,2,0.0,0.0,0.0,False
b06_localized_3.0,6,3,localized,3.0,M3_fixed,12,True,True,0,False,36,4,True,False,0,1,1.2057077817125654,0.5207377742666335,0.1111111111111111,True,2,0,0,0,0,32,0.0,2,0.0,0.0,0.0,False
b06_localized_3.0,6,3,localized,3.0,M4,12,True,True,0,False,36,9,True,False,0,1,1.2071212470471293,0.6380812993441098,0.25,True,6,0,4,0,2,32,0.0,6,0.0,0.0,0.0,False
b06_cancel_exact_1.0,6,3,cancel_exact,1.0,M0,24,False,False,7,True,24,2,False,False,0,0,0.7866481469123419,0.562827186211095,0.08333333333333333,True,4,0,0,0,0,64,0.0,10,,6.0,,False
b06_cancel_exact_1.0,6,3,cancel_exact,1.0,M1,24,False,False,7,True,24,2,False,False,0,0,0.556684078917794,0.4065026531419075,0.08333333333333333,True,2,0,0,0,0,64,0.0,2,4.0,7.0,,False
b06_cancel_exact_1.0,6,3,cancel_exact,1.0,M2,24,False,False,7,True,24,2,False,False,0,0,0.6334916004562656,0.4532474860236263,0.08333333333333333,True,3,0,0,0,0,64,0.0,4,0.0,7.0,,False
b06_cancel_exact_1.0,6,3,cancel_exact,1.0,M3,24,False,False,7,True,24,2,False,False,0,0,0.926350670471,0.4915738896076962,0.08333333333333333,True,3,0,0,0,0,64,0.0,4,0.0,7.0,,False
b06_cancel_exact_1.0,6,3,cancel_exact,1.0,M3_fixed,24,False,False,7,True,24,2,False,False,0,0,0.926350670471,0.4915738896076962,0.08333333333333333,True,3,0,0,0,0,64,0.0,4,0.0,7.0,,False
b06_cancel_exact_1.0,6,3,cancel_exact,1.0,M4,24,True,False,3,False,24,7,True,False,0,0,1.046066663242222,0.6495695854222601,0.2916666666666667,True,7,0,4,0,2,64,0.0,8,0.0,7.0,,False
b06_cancel_exact_3.0,6,3,cancel_exact,3.0,M0,24,False,False,7,True,24,2,False,False,0,0,0.786648146912343,0.5628271862110953,0.08333333333333333,True,4,0,0,0,0,64,0.0,10,,6.0,,False
b06_cancel_exact_3.0,6,3,cancel_exact,3.0,M1,24,False,False,7,True,24,2,False,False,0,0,0.5566840789177948,0.40650265314190764,0.08333333333333333,True,2,0,0,0,0,64,0.0,2,4.0,7.0,,False
b06_cancel_exact_3.0,6,3,cancel_exact,3.0,M2,24,False,False,7,True,24,2,False,False,0,0,0.6334916004562665,0.4532474860236265,0.08333333333333333,True,3,0,0,0,0,64,0.0,4,0.0,7.0,,False
b06_cancel_exact_3.0,6,3,cancel_exact,3.0,M3,24,False,False,7,True,24,2,False,False,0,0,0.926350670471,0.4915738896076962,0.08333333333333333,True,3,0,0,0,0,64,0.0,4,0.0,7.0,,False
b06_cancel_exact_3.0,6,3,cancel_exact,3.0,M3_fixed,24,False,False,7,True,24,2,False,False,0,0,0.926350670471,0.4915738896076962,0.08333333333333333,True,3,0,0,0,0,64,0.0,4,0.0,7.0,,False
b06_cancel_exact_3.0,6,3,cancel_exact,3.0,M4,24,True,False,3,False,24,7,True,False,0,0,1.046066663242222,0.6495695854222601,0.2916666666666667,True,7,0,4,0,2,64,0.0,8,0.0,7.0,,False
b06_cancel_approx_1.0,6,3,cancel_approx,1.0,M0,24,False,False,7,True,24,2,False,False,0,0,0.7855122728630055,0.5629229678986178,0.08333333333333333,True,4,0,0,0,0,58,0.0,10,,6.0,,False
b06_cancel_approx_1.0,6,3,cancel_approx,1.0,M1,24,False,False,7,True,24,2,False,False,0,0,0.5558802595718726,0.4065704345772355,0.08333333333333333,True,2,0,0,0,0,58,0.0,2,0.0,7.0,,False
b06_cancel_approx_1.0,6,3,cancel_approx,1.0,M2,24,False,False,7,True,24,2,False,False,0,0,0.6325768755284117,0.45332461948508734,0.08333333333333333,True,3,0,0,0,0,58,0.0,4,0.0,7.0,,False
b06_cancel_approx_1.0,6,3,cancel_approx,1.0,M3,24,False,False,7,True,24,2,False,False,0,0,0.9263651968459738,0.49156354789377005,0.08333333333333333,True,3,0,0,0,0,58,0.0,4,0.0,7.0,,False
b06_cancel_approx_1.0,6,3,cancel_approx,1.0,M3_fixed,24,False,False,7,True,24,2,False,False,0,0,0.9263651968459738,0.49156354789377005,0.08333333333333333,True,3,0,0,0,0,58,0.0,4,0.0,7.0,,False
b06_cancel_approx_1.0,6,3,cancel_approx,1.0,M4,24,True,False,3,False,24,7,True,False,0,0,1.046097199831714,0.6495730699541954,0.2916666666666667,True,7,0,4,0,2,58,0.0,8,0.0,7.0,,False
b06_cancel_approx_3.0,6,3,cancel_approx,3.0,M0,24,False,False,7,True,24,2,False,False,0,0,0.7844281685166326,0.5629782334214215,0.08333333333333333,True,4,0,0,0,0,58,0.0,10,,6.0,,False
b06_cancel_approx_3.0,6,3,cancel_approx,3.0,M1,24,False,False,7,True,24,2,False,False,0,0,0.5551130758800528,0.40660954410387534,0.08333333333333333,True,2,0,0,0,0,58,0.0,2,0.0,7.0,,False
b06_cancel_approx_3.0,6,3,cancel_approx,3.0,M2,24,False,False,7,True,24,2,False,False,0,0,0.6317038409955763,0.4533691250809225,0.08333333333333333,True,3,0,0,0,0,58,0.0,4,0.0,7.0,,False
b06_cancel_approx_3.0,6,3,cancel_approx,3.0,M3,24,False,False,7,True,24,2,False,False,0,0,0.9263745422011116,0.4915567274107957,0.08333333333333333,True,3,0,0,0,0,58,0.0,4,0.0,7.0,,False
b06_cancel_approx_3.0,6,3,cancel_approx,3.0,M3_fixed,24,False,False,7,True,24,2,False,False,0,0,0.9263745422011116,0.4915567274107957,0.08333333333333333,True,3,0,0,0,0,58,0.0,4,0.0,7.0,,False
b06_cancel_approx_3.0,6,3,cancel_approx,3.0,M4,24,True,False,3,False,24,7,True,False,0,0,1.046130269875614,0.6495751222497932,0.2916666666666667,True,7,0,4,0,2,58,0.0,8,0.0,7.0,,False
b06_delayed_1.0,6,3,delayed,1.0,M0,24,True,True,4,False,24,2,True,True,0,0,1.4429009380674918,0.6122781729837988,0.08333333333333333,True,4,0,0,0,0,62,0.0,9,,4.0,4.0,False
b06_delayed_1.0,6,3,delayed,1.0,M1,24,True,False,5,False,24,2,True,False,0,0,1.0210918093820027,0.4353424913171443,0.08333333333333333,True,2,0,0,0,0,62,0.0,2,0.0,5.0,,False
b06_delayed_1.0,6,3,delayed,1.0,M2,24,True,False,5,False,24,2,True,False,0,0,1.1619751831158625,0.4930706075522817,0.08333333333333333,True,3,0,0,0,0,62,0.0,4,0.0,5.0,,False
b06_delayed_1.0,6,3,delayed,1.0,M3,24,True,False,5,False,24,2,True,False,0,0,1.2148011332005926,0.5241319016584,0.08333333333333333,True,3,0,0,0,0,62,0.0,4,0.0,5.0,,False
b06_delayed_1.0,6,3,delayed,1.0,M3_fixed,24,True,False,5,False,24,2,True,False,0,0,1.2148011332005926,0.5241319016584,0.08333333333333333,True,3,0,0,0,0,62,0.0,4,0.0,5.0,,False
b06_delayed_1.0,6,3,delayed,1.0,M4,24,True,False,1,False,24,7,True,False,0,0,1.2162252587774625,0.6495556765984684,0.2916666666666667,True,8,4,1,1,1,62,0.016129032258064516,5,0.0,5.0,,False
b06_delayed_3.0,6,3,delayed,3.0,M0,24,True,True,4,False,24,2,True,True,0,0,1.4410089805879045,0.6123557019104493,0.08333333333333333,True,4,0,0,0,0,62,0.0,9,,4.0,4.0,False
b06_delayed_3.0,6,3,delayed,3.0,M1,24,True,False,5,False,24,2,True,False,0,0,1.0197529355652784,0.4353424913171443,0.08333333333333333,True,2,0,0,0,0,62,0.0,2,0.0,5.0,,False
b06_delayed_3.0,6,3,delayed,3.0,M2,24,True,False,5,False,24,2,True,False,0,0,1.1604515805033817,0.49313304197613206,0.08333333333333333,True,3,0,0,0,0,62,0.0,4,0.0,5.0,,False
b06_delayed_3.0,6,3,delayed,3.0,M3,24,True,False,5,False,24,2,True,False,0,0,1.2132082642589117,0.5241319016584,0.08333333333333333,True,3,0,0,0,0,62,0.0,4,0.0,5.0,,False
b06_delayed_3.0,6,3,delayed,3.0,M3_fixed,24,True,False,5,False,24,2,True,False,0,0,1.2132082642589117,0.5241319016584,0.08333333333333333,True,3,0,0,0,0,62,0.0,4,0.0,5.0,,False
b06_delayed_3.0,6,3,delayed,3.0,M4,24,True,False,1,False,24,7,True,False,0,0,1.2146305224968907,0.6495434941774595,0.2916666666666667,True,8,4,1,1,1,62,0.016129032258064516,5,0.0,5.0,,False
b06_ramp_1.0,6,3,ramp,1.0,M0,24,True,True,2,False,24,2,True,False,0,1,1.4433361516872705,0.6659612411337941,0.08333333333333333,True,4,0,0,0,0,28,0.0,9,,2.0,2.0,False
b06_ramp_1.0,6,3,ramp,1.0,M1,24,True,False,3,False,24,2,True,False,0,0,1.0213997952254958,0.4900415448201504,0.08333333333333333,True,2,0,0,0,0,28,0.0,2,4.0,3.0,,False
b06_ramp_1.0,6,3,ramp,1.0,M2,24,True,False,3,False,24,2,True,False,0,0,1.1623256627726395,0.5363018449145339,0.08333333333333333,True,2,0,0,0,0,28,0.0,3,1.0,3.0,,False
b06_ramp_1.0,6,3,ramp,1.0,M3,24,True,False,3,False,24,2,True,False,0,0,1.215167546434199,0.5846607552678565,0.08333333333333333,True,3,0,0,0,0,28,0.0,3,1.0,3.0,,False
b06_ramp_1.0,6,3,ramp,1.0,M3_fixed,24,True,False,3,False,24,2,True,False,0,0,1.215167546434199,0.5846607552678565,0.08333333333333333,True,3,0,0,0,0,28,0.0,3,1.0,3.0,,False
b06_ramp_1.0,6,3,ramp,1.0,M4,24,True,False,3,False,24,8,True,False,0,0,1.2165921015615886,0.6609469279878142,0.3333333333333333,True,6,0,3,0,1,28,0.0,6,1.0,3.0,,False
b06_ramp_3.0,6,3,ramp,3.0,M0,24,True,True,2,False,24,2,True,False,0,1,1.4400981517864722,0.6862139577804196,0.08333333333333333,True,4,0,0,0,0,28,0.0,9,,2.0,2.0,False
b06_ramp_3.0,6,3,ramp,3.0,M1,24,True,False,3,False,24,2,True,False,0,0,1.0191083730701307,0.5179082642406373,0.08333333333333333,True,2,0,0,0,0,28,0.0,2,4.0,3.0,,False
b06_ramp_3.0,6,3,ramp,3.0,M2,24,True,False,3,False,24,2,True,False,0,0,1.1597180856144331,0.5526114566925779,0.08333333333333333,True,2,0,0,0,0,28,0.0,3,1.0,3.0,,False
b06_ramp_3.0,6,3,ramp,3.0,M3,24,True,False,3,False,24,2,True,False,0,0,1.212441423077414,0.620957194927478,0.08333333333333333,True,2,0,0,0,0,28,0.0,3,1.0,3.0,,False
b06_ramp_3.0,6,3,ramp,3.0,M3_fixed,24,True,False,3,False,24,2,True,False,0,0,1.212441423077414,0.620957194927478,0.08333333333333333,True,2,0,0,0,0,28,0.0,3,1.0,3.0,,False
b06_ramp_3.0,6,3,ramp,3.0,M4,24,True,False,3,False,24,8,True,False,0,0,1.213862782338507,0.6613174223580229,0.3333333333333333,True,5,0,3,0,1,28,0.0,6,1.0,3.0,,False
b06_none_0.0,6,3,none,0.0,M0,0,True,False,4,False,48,6,True,False,0,0,1.444955151637668,0.6228536166805936,0.125,True,0,0,0,0,0,0,,0,,,,True
b06_none_0.0,6,3,none,0.0,M1,0,True,False,5,False,48,4,True,False,0,0,1.0225455063031772,0.4407722731737272,0.08333333333333333,True,0,0,0,0,0,0,,0,,,,True
b06_none_0.0,6,3,none,0.0,M2,0,True,False,5,False,48,5,True,False,0,0,1.1636294513517411,0.5124148430440445,0.10416666666666667,True,0,0,0,0,0,0,,0,,,,True
b06_none_0.0,6,3,none,0.0,M3,0,True,False,5,False,48,5,True,False,0,0,1.2165306081125906,0.5836920724005266,0.10416666666666667,True,0,0,0,0,0,0,,0,,,,True
b06_none_0.0,6,3,none,0.0,M3_fixed,0,True,False,5,False,48,5,True,False,0,0,1.2165306081125906,0.5836920724005266,0.10416666666666667,True,0,0,0,0,0,0,,0,,,,True
b06_none_0.0,6,3,none,0.0,M4,0,True,False,1,False,48,14,True,False,0,0,1.217956761173128,0.6621732528707513,0.2916666666666667,True,0,0,0,0,0,0,,0,,,,True
b06_sensor_fault_3.0,6,3,sensor_fault,3.0,M0,20,True,True,0,False,28,2,True,False,0,1,1.4641386825363434,0.580196122170078,0.07142857142857142,True,5,0,0,0,0,32,0.0,11,,0.0,0.0,False
b06_sensor_fault_3.0,6,3,sensor_fault,3.0,M1,20,True,False,5,False,28,2,True,False,0,0,1.0361210372068432,0.4130813607191709,0.07142857142857142,True,2,0,0,0,0,32,0.0,2,0.0,5.0,,False
b06_sensor_fault_3.0,6,3,sensor_fault,3.0,M2,20,True,True,0,False,28,2,True,False,0,1,1.1790780426172314,0.4672347751084178,0.07142857142857142,True,4,0,0,0,0,32,0.0,4,0.0,0.0,0.0,False
b06_sensor_fault_3.0,6,3,sensor_fault,3.0,M3,20,True,True,0,False,28,2,True,False,0,1,1.2326815263493691,0.4976476556500888,0.07142857142857142,True,4,0,0,0,0,32,0.0,4,0.0,0.0,0.0,False
b06_sensor_fault_3.0,6,3,sensor_fault,3.0,M3_fixed,20,True,True,0,False,28,2,True,False,0,1,1.2326815263493691,0.4976476556500888,0.07142857142857142,True,4,0,0,0,0,32,0.0,4,0.0,0.0,0.0,False
b06_sensor_fault_3.0,6,3,sensor_fault,3.0,M4,20,True,True,0,False,28,7,True,False,0,1,1.2341266133202582,0.6445598710182487,0.25,True,8,0,4,0,2,32,0.0,8,0.0,0.0,0.0,False
b07_regional_1.0,7,3,regional,1.0,M0,12,False,False,7,True,36,4,False,False,0,0,0.9169057533661142,0.5344430414985388,0.1111111111111111,True,0,0,0,0,0,4088,0.0,0,,,,False
b07_regional_1.0,7,3,regional,1.0,M1,12,False,False,7,True,36,2,False,False,0,0,0.6488629468848409,0.4897566233252306,0.05555555555555555,True,0,0,0,0,0,4088,0.0,0,0.0,,,False
b07_regional_1.0,7,3,regional,1.0,M2,12,False,False,7,True,36,3,False,False,0,0,0.7383886880651146,0.46473582158927607,0.08333333333333333,True,0,0,0,0,0,4088,0.0,0,0.0,,,False
b07_regional_1.0,7,3,regional,1.0,M3,12,False,False,7,True,36,8,False,False,0,0,0.7719574634964981,0.5956689694916002,0.2222222222222222,True,1,1,0,1,0,4088,0.0002446183953033268,0,0.0,,,False
b07_regional_1.0,7,3,regional,1.0,M3_fixed,12,False,False,7,True,36,8,False,False,0,0,0.7719574634964981,0.5956689694916002,0.2222222222222222,True,1,1,0,1,0,4088,0.0002446183953033268,0,0.0,,,False
b07_regional_1.0,7,3,regional,1.0,M4,12,False,False,7,True,36,2,False,False,0,0,0.7728624382598361,0.6473677497253948,0.05555555555555555,True,0,0,0,0,0,4088,0.0,0,0.0,,,False
b07_regional_3.0,7,3,regional,3.0,M0,12,True,True,0,False,36,5,False,False,1,1,1.9298259540464628,0.5349205940023654,0.1388888888888889,True,1,0,0,0,0,4088,0.0,0,,0.0,0.0,False
b07_regional_3.0,7,3,regional,3.0,M1,12,True,True,0,False,36,2,False,False,1,1,1.3656720452679345,0.4897566233252306,0.05555555555555555,True,1,0,0,0,0,4088,0.0,0,0.0,0.0,0.0,False
b07_regional_3.0,7,3,regional,3.0,M2,12,True,True,0,False,36,4,False,False,1,1,1.5540982801897616,0.4654325970518415,0.1111111111111111,True,1,0,0,0,0,4088,0.0,0,0.0,0.0,0.0,False
b07_regional_3.0,7,3,regional,3.0,M3,12,True,True,0,False,36,8,False,False,1,1,1.624751009584485,0.5901652450508511,0.2222222222222222,True,2,1,0,1,0,4088,0.0002446183953033268,0,0.0,0.0,0.0,False
b07_regional_3.0,7,3,regional,3.0,M3_fixed,12,True,True,0,False,36,8,False,False,1,1,1.624751009584485,0.5901652450508511,0.2222222222222222,True,2,1,0,1,0,4088,0.0002446183953033268,0,0.0,0.0,0.0,False
b07_regional_3.0,7,3,regional,3.0,M4,12,True,True,0,False,36,3,False,False,1,1,1.626655724196249,0.6595685520317375,0.08333333333333333,True,1,0,0,0,0,4088,0.0,0,0.0,0.0,0.0,False
b07_localized_1.0,7,3,localized,1.0,M0,20,False,False,7,True,28,4,False,False,0,0,0.4151438086666963,0.46677327918011824,0.14285714285714285,True,0,0,0,0,0,32,0.0,0,,,,False
b07_localized_1.0,7,3,localized,1.0,M1,20,False,False,7,True,28,1,False,False,0,0,0.2937831222931709,0.4652762285980536,0.03571428571428571,True,1,0,1,0,1,32,0.0,1,3.0,,,False
b07_localized_1.0,7,3,localized,1.0,M2,20,False,False,7,True,28,3,False,False,0,0,0.3343173397204745,0.457500212975366,0.10714285714285714,True,0,0,0,0,0,32,0.0,0,1.0,,,False
b07_localized_1.0,7,3,localized,1.0,M3,20,False,False,7,True,28,3,False,False,0,0,0.4483607901017078,0.5481511679000333,0.10714285714285714,True,5,0,5,0,2,32,0.0,5,0.0,,,False
b07_localized_1.0,7,3,localized,1.0,M3_fixed,20,False,False,7,True,28,3,False,False,0,0,0.4483607901017078,0.5481511679000333,0.10714285714285714,True,5,0,5,0,2,32,0.0,5,0.0,,,False
b07_localized_1.0,7,3,localized,1.0,M4,20,False,False,7,True,28,2,False,False,0,0,0.6007743928597996,0.6473301774203968,0.07142857142857142,True,0,0,0,0,0,32,0.0,0,0.0,,,False
b07_localized_3.0,7,3,localized,3.0,M0,20,False,False,7,True,28,4,False,False,0,0,0.4152401482612138,0.46875313284030434,0.14285714285714285,True,0,0,0,0,0,32,0.0,0,,,,False
b07_localized_3.0,7,3,localized,3.0,M1,20,False,False,7,True,28,1,False,False,0,0,0.2938512985402615,0.4649774625488273,0.03571428571428571,True,1,0,1,0,1,32,0.0,1,3.0,,,False
b07_localized_3.0,7,3,localized,3.0,M2,20,False,False,7,True,28,3,False,False,0,0,0.3343949224671673,0.4575160939003773,0.10714285714285714,True,0,0,0,0,0,32,0.0,0,1.0,,,False
b07_localized_3.0,7,3,localized,3.0,M3,20,False,False,7,True,28,3,False,False,0,0,0.4483826528797876,0.5481531045524666,0.10714285714285714,True,5,0,5,0,2,32,0.0,5,0.0,,,False
b07_localized_3.0,7,3,localized,3.0,M3_fixed,20,False,False,7,True,28,3,False,False,0,0,0.4483826528797876,0.5481531045524666,0.10714285714285714,True,5,0,5,0,2,32,0.0,5,0.0,,,False
b07_localized_3.0,7,3,localized,3.0,M4,20,False,False,7,True,28,2,False,False,0,0,0.6007482564760337,0.6473300969642711,0.07142857142857142,True,0,0,0,0,0,32,0.0,0,0.0,,,False
b07_cancel_exact_1.0,7,3,cancel_exact,1.0,M0,24,False,False,7,True,24,4,False,False,0,0,0.4160929668940132,0.49099246238804206,0.16666666666666666,True,0,0,0,0,0,62,0.0,0,,,,False
b07_cancel_exact_1.0,7,3,cancel_exact,1.0,M1,24,False,False,7,True,24,1,False,False,0,0,0.2944548092164734,0.4897566233252296,0.041666666666666664,True,1,0,1,0,1,62,0.0,1,3.0,,,False
b07_cancel_exact_1.0,7,3,cancel_exact,1.0,M2,24,False,False,7,True,24,3,False,False,0,0,0.3350817014835694,0.4635932057001786,0.125,True,0,0,0,0,0,62,0.0,0,0.0,,,False
b07_cancel_exact_1.0,7,3,cancel_exact,1.0,M3,24,False,False,7,True,24,3,False,False,0,0,0.5487360270839627,0.5493854305789028,0.125,True,5,0,5,0,2,62,0.0,5,0.0,,,False
b07_cancel_exact_1.0,7,3,cancel_exact,1.0,M3_fixed,24,False,False,7,True,24,3,False,False,0,0,0.5487360270839627,0.5493854305789028,0.125,True,5,0,5,0,2,62,0.0,5,0.0,,,False
b07_cancel_exact_1.0,7,3,cancel_exact,1.0,M4,24,False,False,7,True,24,2,False,False,0,0,0.6276352865668763,0.647356184775981,0.08333333333333333,True,0,0,0,0,0,62,0.0,0,0.0,,,False
b07_cancel_exact_3.0,7,3,cancel_exact,3.0,M0,24,False,False,7,True,24,4,False,False,0,0,0.4160929668940132,0.4909924623880415,0.16666666666666666,True,0,0,0,0,0,62,0.0,0,,,,False
b07_cancel_exact_3.0,7,3,cancel_exact,3.0,M1,24,False,False,7,True,24,1,False,False,0,0,0.2944548092164734,0.48975662332522923,0.041666666666666664,True,1,0,1,0,1,62,0.0,1,3.0,,,False
b07_cancel_exact_3.0,7,3,cancel_exact,3.0,M2,24,False,False,7,True,24,3,False,False,0,0,0.3350817014835694,0.4635932057001786,0.125,True,0,0,0,0,0,62,0.0,0,0.0,,,False
b07_cancel_exact_3.0,7,3,cancel_exact,3.0,M3,24,False,False,7,True,24,3,False,False,0,0,0.5487360270839627,0.5493854305789028,0.125,True,5,0,5,0,2,62,0.0,5,0.0,,,False
b07_cancel_exact_3.0,7,3,cancel_exact,3.0,M3_fixed,24,False,False,7,True,24,3,False,False,0,0,0.5487360270839627,0.5493854305789028,0.125,True,5,0,5,0,2,62,0.0,5,0.0,,,False
b07_cancel_exact_3.0,7,3,cancel_exact,3.0,M4,24,False,False,7,True,24,2,False,False,0,0,0.6276352865668763,0.647356184775981,0.08333333333333333,True,0,0,0,0,0,62,0.0,0,0.0,,,False
b07_cancel_approx_1.0,7,3,cancel_approx,1.0,M0,24,False,False,7,True,24,4,False,False,0,0,0.4163781419899087,0.491322703085022,0.16666666666666666,True,0,0,0,0,0,60,0.0,0,,,,False
b07_cancel_approx_1.0,7,3,cancel_approx,1.0,M1,24,False,False,7,True,24,1,False,False,0,0,0.294656617911011,0.48927600459824494,0.041666666666666664,True,1,0,1,0,1,60,0.0,1,0.0,,,False
b07_cancel_approx_1.0,7,3,cancel_approx,1.0,M2,24,False,False,7,True,24,3,False,False,0,0,0.3353113543831766,0.46339904477429783,0.125,True,0,0,0,0,0,60,0.0,0,0.0,,,False
b07_cancel_approx_1.0,7,3,cancel_approx,1.0,M3,24,False,False,7,True,24,3,False,False,0,0,0.5487360270839627,0.5494288379187839,0.125,True,5,0,5,0,2,60,0.0,5,0.0,,,False
b07_cancel_approx_1.0,7,3,cancel_approx,1.0,M3_fixed,24,False,False,7,True,24,3,False,False,0,0,0.5487360270839627,0.5494288379187839,0.125,True,5,0,5,0,2,60,0.0,5,0.0,,,False
b07_cancel_approx_1.0,7,3,cancel_approx,1.0,M4,24,False,False,7,True,24,2,False,False,0,0,0.6276352865668763,0.6473279731764304,0.08333333333333333,True,0,0,0,0,0,60,0.0,0,0.0,,,False
b07_cancel_approx_3.0,7,3,cancel_approx,3.0,M0,24,False,False,7,True,24,4,False,False,0,0,0.4165637108827184,0.49155558310941744,0.16666666666666666,True,0,0,0,0,0,60,0.0,0,,,,False
b07_cancel_approx_3.0,7,3,cancel_approx,3.0,M1,24,False,False,7,True,24,1,False,False,0,0,0.2947879386909239,0.4889408183431042,0.041666666666666664,True,1,0,1,0,1,60,0.0,1,0.0,,,False
b07_cancel_approx_3.0,7,3,cancel_approx,3.0,M2,24,False,False,7,True,24,3,False,False,0,0,0.3354607939202331,0.46327352012842327,0.125,True,0,0,0,0,0,60,0.0,0,0.0,,,False
b07_cancel_approx_3.0,7,3,cancel_approx,3.0,M3,24,False,False,7,True,24,3,False,False,0,0,0.5487360270839627,0.5494584625295229,0.125,True,5,0,5,0,2,60,0.0,5,0.0,,,False
b07_cancel_approx_3.0,7,3,cancel_approx,3.0,M3_fixed,24,False,False,7,True,24,3,False,False,0,0,0.5487360270839627,0.5494584625295229,0.125,True,5,0,5,0,2,60,0.0,5,0.0,,,False
b07_cancel_approx_3.0,7,3,cancel_approx,3.0,M4,24,False,False,7,True,24,2,False,False,0,0,0.6276352865668763,0.6473094735353244,0.08333333333333333,True,0,0,0,0,0,60,0.0,0,0.0,,,False
b07_delayed_1.0,7,3,delayed,1.0,M0,24,False,False,7,True,24,4,False,False,0,0,0.4172039163324969,0.5399201566031959,0.16666666666666666,True,0,0,0,0,0,62,0.0,0,,,,False
b07_delayed_1.0,7,3,delayed,1.0,M1,24,False,False,7,True,24,1,False,False,0,0,0.2952409902649052,0.5249194363581717,0.041666666666666664,True,1,0,1,0,1,62,0.0,1,1.0,,,False
b07_delayed_1.0,7,3,delayed,1.0,M2,24,False,False,7,True,24,3,False,False,0,0,0.3359763545003895,0.4845122232115748,0.125,True,0,0,0,0,0,62,0.0,0,0.0,,,False
b07_delayed_1.0,7,3,delayed,1.0,M3,24,False,False,7,True,24,3,False,False,0,0,0.5487360270839627,0.5663646464023699,0.125,True,5,0,5,0,2,62,0.0,5,0.0,,,False
b07_delayed_1.0,7,3,delayed,1.0,M3_fixed,24,False,False,7,True,24,3,False,False,0,0,0.5487360270839627,0.5663646464023699,0.125,True,5,0,5,0,2,62,0.0,5,0.0,,,False
b07_delayed_1.0,7,3,delayed,1.0,M4,24,False,False,7,True,24,2,False,False,0,0,0.6836091608959823,0.6472325991845151,0.08333333333333333,True,0,0,0,0,0,62,0.0,0,0.0,,,False
b07_delayed_3.0,7,3,delayed,3.0,M0,24,False,False,7,True,24,4,False,False,0,0,0.4200928840927659,0.5398353068666382,0.16666666666666666,True,0,0,0,0,0,62,0.0,0,,,,False
b07_delayed_3.0,7,3,delayed,3.0,M1,24,False,False,7,True,24,1,False,False,0,0,0.2972854142719547,0.525772244092889,0.041666666666666664,True,1,0,1,0,1,62,0.0,1,1.0,,,False
b07_delayed_3.0,7,3,delayed,3.0,M2,24,False,False,7,True,24,3,False,False,0,0,0.3383028543685997,0.4844905157163721,0.125,True,0,0,0,0,0,62,0.0,0,0.0,,,False
b07_delayed_3.0,7,3,delayed,3.0,M3,24,False,False,7,True,24,3,False,False,0,0,0.5487360270839627,0.5659939366344747,0.125,True,5,0,5,0,2,62,0.0,5,0.0,,,False
b07_delayed_3.0,7,3,delayed,3.0,M3_fixed,24,False,False,7,True,24,3,False,False,0,0,0.5487360270839627,0.5659939366344747,0.125,True,5,0,5,0,2,62,0.0,5,0.0,,,False
b07_delayed_3.0,7,3,delayed,3.0,M4,24,False,False,7,True,24,2,False,False,0,0,0.6836091608959823,0.6471352667706098,0.08333333333333333,True,0,0,0,0,0,62,0.0,0,0.0,,,False
b07_ramp_1.0,7,3,ramp,1.0,M0,24,False,False,7,True,24,4,False,False,0,0,0.4146311078463847,0.5409989183086092,0.16666666666666666,True,0,0,0,0,0,32,0.0,0,,,,False
b07_ramp_1.0,7,3,ramp,1.0,M1,24,False,False,7,True,24,1,False,False,0,0,0.2934203013991844,0.5264610005148024,0.041666666666666664,True,1,0,1,0,1,32,0.0,1,2.0,,,False
b07_ramp_1.0,7,3,ramp,1.0,M2,24,False,False,7,True,24,3,False,False,0,0,0.3339044592420939,0.48206520039966183,0.125,True,0,0,0,0,0,32,0.0,0,2.0,,,False
b07_ramp_1.0,7,3,ramp,1.0,M3,24,False,False,7,True,24,3,False,False,0,0,0.5487360270839627,0.5695797380686564,0.125,True,5,0,5,0,2,32,0.0,5,1.0,,,False
b07_ramp_1.0,7,3,ramp,1.0,M3_fixed,24,False,False,7,True,24,3,False,False,0,0,0.5487360270839627,0.5695797380686564,0.125,True,5,0,5,0,2,32,0.0,5,1.0,,,False
b07_ramp_1.0,7,3,ramp,1.0,M4,24,False,False,7,True,24,2,False,False,0,0,0.6836091608959823,0.6474556143674033,0.08333333333333333,True,0,0,0,0,0,32,0.0,0,1.0,,,False
b07_ramp_3.0,7,3,ramp,3.0,M0,24,False,False,7,True,24,4,False,False,0,0,0.4168218914636833,0.5429409697207882,0.16666666666666666,True,1,0,0,0,0,32,0.0,0,,13.0,,False
b07_ramp_3.0,7,3,ramp,3.0,M1,24,False,False,7,True,24,1,False,False,0,0,0.2949706442874134,0.5317097947983829,0.041666666666666664,True,1,0,1,0,1,32,0.0,1,2.0,,,False
b07_ramp_3.0,7,3,ramp,3.0,M2,24,False,False,7,True,24,3,False,False,0,0,0.335668708004928,0.47926792673462704,0.125,True,0,0,0,0,0,32,0.0,0,2.0,,,False
b07_ramp_3.0,7,3,ramp,3.0,M3,24,False,False,7,True,24,3,False,False,0,0,0.5487360270839627,0.5750685210169437,0.125,True,5,0,5,0,2,32,0.0,5,1.0,,,False
b07_ramp_3.0,7,3,ramp,3.0,M3_fixed,24,False,False,7,True,24,3,False,False,0,0,0.5487360270839627,0.5750685210169437,0.125,True,5,0,5,0,2,32,0.0,5,1.0,,,False
b07_ramp_3.0,7,3,ramp,3.0,M4,24,False,False,7,True,24,2,False,False,0,0,0.6836091608959823,0.6476544735502479,0.08333333333333333,True,0,0,0,0,0,32,0.0,0,1.0,,,False
b07_none_0.0,7,3,none,0.0,M0,0,False,False,7,True,48,4,False,False,0,0,0.4160929668940132,0.47364293308529914,0.08333333333333333,True,0,0,0,0,0,0,,0,,,,True
b07_none_0.0,7,3,none,0.0,M1,0,False,False,7,True,48,2,False,False,0,0,0.2944548092164734,0.40084207426240337,0.041666666666666664,True,0,0,0,0,0,0,,0,,,,True
b07_none_0.0,7,3,none,0.0,M2,0,False,False,7,True,48,3,False,False,0,0,0.3350817014835694,0.4124015237408813,0.0625,True,0,0,0,0,0,0,,0,,,,True
b07_none_0.0,7,3,none,0.0,M3,0,False,False,7,True,48,8,False,False,0,0,0.3503152533649545,0.5368775896552674,0.16666666666666666,True,0,0,0,0,0,0,,0,,,,True
b07_none_0.0,7,3,none,0.0,M3_fixed,0,False,False,7,True,48,8,False,False,0,0,0.3503152533649545,0.5368775896552674,0.16666666666666666,True,0,0,0,0,0,0,,0,,,,True
b07_none_0.0,7,3,none,0.0,M4,0,False,False,7,True,48,2,False,False,0,0,0.5994386136993095,0.632217601274119,0.041666666666666664,True,0,0,0,0,0,0,,0,,,,True
b07_sensor_fault_3.0,7,3,sensor_fault,3.0,M0,12,True,True,0,False,36,5,False,False,1,1,1.4073694205916043,0.5221127568472481,0.1388888888888889,True,1,0,0,0,0,31,0.0,0,,0.0,0.0,False
b07_sensor_fault_3.0,7,3,sensor_fault,3.0,M1,12,False,False,7,True,36,1,False,False,0,0,0.9959473656351342,0.45818665196183733,0.027777777777777776,True,1,0,1,0,1,31,0.0,1,4.0,,,False
b07_sensor_fault_3.0,7,3,sensor_fault,3.0,M2,12,True,True,0,False,36,4,False,False,1,1,1.133361478296511,0.4539340074429784,0.1111111111111111,True,1,0,0,0,0,31,0.0,0,0.0,0.0,0.0,False
b07_sensor_fault_3.0,7,3,sensor_fault,3.0,M3,12,True,True,0,False,36,7,False,False,1,1,1.1848865863628486,0.5497944247684549,0.19444444444444445,True,3,0,2,0,2,31,0.0,2,0.0,0.0,0.0,False
b07_sensor_fault_3.0,7,3,sensor_fault,3.0,M3_fixed,12,True,True,0,False,36,7,False,False,1,1,1.1848865863628486,0.5497944247684549,0.19444444444444445,True,3,0,2,0,2,31,0.0,2,0.0,0.0,0.0,False
b07_sensor_fault_3.0,7,3,sensor_fault,3.0,M4,12,True,True,0,False,36,3,False,False,1,1,1.1862756427665777,0.6418337211317174,0.08333333333333333,True,1,0,0,0,0,31,0.0,0,0.0,0.0,0.0,False
