origin,profile,method,relative_residual,weighted_relative_error,euclidean_forward_error,relative_forward_error,backward_error,failed,output_error_1h_kwh,peak_agreement_1h,output_error_6h_kwh,peak_agreement_6h
0,0,cpu_cholesky,4.630395137700514e-16,0.0,0.0,0.0,1.3045507350422963e-17,False,0.0,True,0.0,True
0,0,cpu_banded,5.417663385440583e-16,5.273498379428722e-16,6.73987214034624e-16,4.938997032387588e-16,1.526352836314975e-17,False,8.218884756406984e-15,True,7.722200892073237e-15,True
0,0,cpu_information_smoother,4.0149840223407007e-16,3.0351052000786867e-16,3.574034700148588e-16,2.619062559364415e-16,1.1311670390464215e-17,False,5.613588592307646e-15,True,1.0455125699757413e-14,True
0,0,cpu_pcg,8.439073282236181e-08,6.730080893211982e-08,8.181840191355548e-08,5.995675226933697e-08,2.3775939008365367e-09,False,4.35497343214566e-06,True,3.6678181594213813e-06,True
0,0,cpu_identity_corrected,8.621026058326512e-08,6.75705995776078e-08,8.105357069523903e-08,5.939628182733415e-08,2.4288566176489265e-09,False,4.0235309720162484e-06,True,3.953746733363543e-06,True
0,0,cpu_reference_eigen_corrected,4.884224967532967e-09,4.759329198137673e-09,6.3386901742298616e-09,4.645009772861561e-09,1.3760638287188135e-10,False,1.4972116744698087e-08,True,6.104239229141946e-07,True
0,0,cpu_rjd_corrected,2.7771169250455485e-08,2.5619017964216546e-08,3.329021603507293e-08,2.4395162813329026e-08,7.82414848824877e-10,False,4.4838763317376896e-07,True,1.8885348281765199e-06,True
0,0,gpu_cholesky,5.432865146628935e-16,2.978776174982296e-16,3.6335271196063197e-16,2.662658769653383e-16,1.5306357253865218e-17,False,2.548612267416897e-15,True,1.2975365875583004e-14,True
0,0,gpu_pcg,8.439073282477068e-08,6.73008089403744e-08,8.18184019293954e-08,5.995675228094451e-08,2.377593900904403e-09,False,4.354973531249587e-06,True,3.6678180925541597e-06,True
0,0,gpu_rjd_corrected,2.7771169251233223e-08,2.561901795122047e-08,3.329021600790756e-08,2.4395162793422167e-08,7.824148488467887e-10,False,4.4838761019523174e-07,True,1.8885348862941275e-06,True
0,1,cpu_cholesky,0.0,0.0,0.0,0.0,0.0,False,0.0,True,0.0,True
0,1,cpu_banded,0.0,0.0,0.0,0.0,0.0,False,0.0,True,0.0,True
0,1,cpu_information_smoother,0.0,0.0,0.0,0.0,0.0,False,0.0,True,0.0,True
0,1,cpu_pcg,0.0,0.0,0.0,0.0,0.0,False,0.0,True,0.0,True
0,1,cpu_identity_corrected,0.0,0.0,0.0,0.0,0.0,False,0.0,True,0.0,True
0,1,cpu_reference_eigen_corrected,0.0,0.0,0.0,0.0,0.0,False,0.0,True,0.0,True
0,1,cpu_rjd_corrected,0.0,0.0,0.0,0.0,0.0,False,0.0,True,0.0,True
0,1,gpu_cholesky,0.0,0.0,0.0,0.0,0.0,False,0.0,True,0.0,True
0,1,gpu_pcg,0.0,0.0,0.0,0.0,0.0,False,0.0,True,0.0,True
0,1,gpu_rjd_corrected,0.0,0.0,0.0,0.0,0.0,False,0.0,True,0.0,True
0,2,cpu_cholesky,5.488197184057821e-16,0.0,0.0,0.0,1.0038211947310327e-17,False,0.0,True,0.0,True
0,2,cpu_banded,7.446102414749408e-16,5.65261836382341e-16,5.705523597233785e-16,4.0759234276802136e-16,1.3619327388191437e-17,False,7.691270619633812e-14,True,1.012009880563396e-13,True
0,2,cpu_information_smoother,5.523131641436924e-16,2.644765388424685e-16,2.827456898892554e-16,2.019884348658139e-16,1.0102108974999927e-17,False,4.547933564440357e-15,True,1.8093325473225723e-14,True
0,2,cpu_pcg,6.731290752818248e-08,5.253688777960765e-08,6.653681783827331e-08,4.7532705808419516e-08,1.2311897888079174e-09,False,7.163809097855368e-07,True,7.75053913383296e-07,True
0,2,cpu_identity_corrected,6.953827741323979e-08,5.322632263536134e-08,6.677414823425543e-08,4.770225037424221e-08,1.271893017111949e-09,False,3.163093610528912e-07,True,5.7892850660725946e-08,True
0,2,cpu_reference_eigen_corrected,1.272189349017012e-08,1.0592090712119788e-08,1.3002754408177238e-08,9.288933857421424e-09,2.326903696738898e-10,False,7.12226676537396e-07,True,3.6963913970051596e-07,True
0,2,cpu_rjd_corrected,2.1661214761565612e-08,1.8863027116272263e-08,2.4214556416262893e-08,1.7298443535625965e-08,3.96195429349765e-10,False,7.899883001760803e-07,True,1.605517387282543e-06,True
0,2,gpu_cholesky,5.431910979621269e-16,3.3776395493110594e-16,3.480316164550271e-16,2.4862752645002057e-16,9.935261409839663e-18,False,2.2024763967641012e-14,True,1.3012932044532953e-14,True
0,2,gpu_pcg,6.731290748637065e-08,5.253688776877714e-08,6.653681781672238e-08,4.7532705793023924e-08,1.2311897880431567e-09,False,7.163809353843521e-07,True,7.750539199525057e-07,True
0,2,gpu_rjd_corrected,2.1661214699360588e-08,1.886302707952793e-08,2.4214556371177156e-08,1.7298443503417524e-08,3.9619542821200113e-10,False,7.899882692027351e-07,True,1.6055174034871132e-06,True
0,3,cpu_cholesky,4.738155834598136e-16,0.0,0.0,0.0,9.200381362716849e-18,False,0.0,True,0.0,True
0,3,cpu_banded,6.716532647733794e-16,4.352881223342268e-16,4.717992258560013e-16,3.511221970177726e-16,1.3041922628011313e-17,False,1.5312589494167797e-14,True,1.2984466612154591e-14,True
0,3,cpu_information_smoother,5.414617353143383e-16,2.8660667359095706e-16,3.0830468491559375e-16,2.29446366983814e-16,1.0513910120545621e-17,False,5.3614500840864777e-14,True,5.752843329200935e-14,True
0,3,cpu_pcg,5.9449403516145076e-08,4.603130777872865e-08,5.5349063589664916e-08,4.119185396122529e-08,1.1543672340188329e-09,False,2.708034991228547e-06,True,7.548906047711677e-07,True
0,3,cpu_identity_corrected,6.051969708457427e-08,4.622618100444678e-08,5.518357130508875e-08,4.1068691371366335e-08,1.1751498110793644e-09,False,2.2902499543815873e-06,True,1.1429282061674162e-06,True
0,3,cpu_reference_eigen_corrected,6.248755757223568e-08,5.0711060963176897e-08,5.7937650670826814e-08,4.311833101607912e-08,1.2133610034171852e-09,False,3.1080902514180724e-06,True,2.132738506913341e-06,True
0,3,cpu_rjd_corrected,5.410986873265192e-08,4.69540141127474e-08,5.681004697497773e-08,4.227914632616458e-08,1.050686058424934e-09,False,5.2135452487868995e-06,True,6.3648015912629055e-06,True
0,3,gpu_cholesky,5.144202593545913e-16,3.0288784105047274e-16,3.1827847543915797e-16,2.3686905665625904e-16,9.988828421831267e-18,False,6.221259724088038e-16,True,5.79933262829614e-14,True
0,3,gpu_pcg,5.944940358042357e-08,4.603130779143114e-08,5.5349063570011105e-08,4.119185394659854e-08,1.1543672352669694e-09,False,2.708035024924746e-06,True,7.548905792064607e-07,True
0,3,gpu_rjd_corrected,5.410986875970699e-08,4.695401410687862e-08,5.6810046950398534e-08,4.227914630787226e-08,1.0506860589502795e-09,False,5.2135452376507125e-06,True,6.364801616290244e-06,True
0,4,cpu_cholesky,4.89813876542652e-16,0.0,0.0,0.0,1.060641382869837e-17,False,0.0,True,0.0,True
0,4,cpu_banded,6.159392352781794e-16,4.618652511036964e-16,5.371615518123916e-16,3.800693111053951e-16,1.3337528264419245e-17,False,8.086030561377114e-14,True,8.251134401543255e-14,True
0,4,cpu_information_smoother,4.751014643659498e-16,2.5258091274070753e-16,3.0133909276410254e-16,2.1321284259744956e-16,1.0287831731625223e-17,False,1.1861556210349745e-14,True,8.490751843659987e-15,True
0,4,cpu_pcg,4.513312988810651e-08,3.604840621269466e-08,4.627783437766951e-08,3.2743938154221173e-08,9.773113338352059e-10,False,6.86531898752219e-07,True,1.5123072727173505e-06,True
0,4,cpu_identity_corrected,4.5737703255724465e-08,3.6869367260883863e-08,4.7536417365564895e-08,3.36344500822704e-08,9.904027454714544e-10,False,1.858089768109964e-06,True,2.5078440202426304e-06,True
0,4,cpu_reference_eigen_corrected,9.269627665434107e-08,8.398159843787687e-08,1.1058434857844479e-07,7.824409070500198e-08,2.007242126732643e-09,False,7.604644040723777e-06,True,2.438826180952195e-06,True
0,4,cpu_rjd_corrected,9.539017451788598e-08,8.97654046489842e-08,1.2178926602420745e-07,8.61721437092334e-08,2.065575740887864e-09,False,5.134168882225775e-07,True,2.011984370303217e-06,True
0,4,gpu_cholesky,5.2539143423144e-16,3.8712140142043203e-16,4.4146926502615413e-16,3.123621168837811e-16,1.1376809111341646e-17,False,4.111301741278008e-14,True,9.06175456767621e-15,True
0,4,gpu_pcg,4.51331298944464e-08,3.6048406224618496e-08,4.627783440442999e-08,3.274393817315558e-08,9.773113339724897e-10,False,6.865319662513906e-07,True,1.5123073210872432e-06,True
0,4,gpu_rjd_corrected,9.539017444432519e-08,8.976540459734469e-08,1.217892659542163e-07,8.617214365971107e-08,2.065575739294981e-09,False,5.134168872116265e-07,True,2.01198436990678e-06,True
0,5,cpu_cholesky,4.852039282854042e-16,0.0,0.0,0.0,1.1331608018364834e-17,False,0.0,True,0.0,True
0,5,cpu_banded,5.669364749851185e-16,4.3754411224607865e-16,5.024719734744374e-16,3.740063922346055e-16,1.3240416104104568e-17,False,1.0586948538426065e-13,True,9.39367604518188e-14,True
0,5,cpu_information_smoother,4.559430136619053e-16,2.6197392336372817e-16,2.994885961954322e-16,2.2291919806778755e-16,1.0648239241974195e-17,False,2.2439172536032494e-14,True,2.560989189767088e-14,True
0,5,cpu_pcg,5.438639907573952e-08,4.491097564011258e-08,5.615349927653046e-08,4.1796893726316706e-08,1.2701573898598219e-09,False,2.678771005853762e-06,True,1.351713906905391e-06,True
0,5,cpu_identity_corrected,5.747331733023543e-08,4.5832585088136135e-08,5.6116629405198397e-08,4.176945027018978e-08,1.3422502688686512e-09,False,1.477337653064434e-06,True,2.495471340157183e-06,True
0,5,cpu_reference_eigen_corrected,6.412601317653029e-08,5.612935248180918e-08,6.832853650510883e-08,5.085917379279739e-08,1.4976194662723693e-09,False,3.419495576652372e-06,True,8.142332170171076e-06,True
0,5,cpu_rjd_corrected,2.9452589253506843e-08,2.675937196832339e-08,3.3534085339916596e-08,2.4960521057813063e-08,6.878452039688336e-10,False,2.2930106649050357e-07,True,2.0682059399025267e-06,True
0,5,gpu_cholesky,4.659599436654416e-16,3.5872795986052183e-16,4.1227821276720276e-16,3.068722139620729e-16,1.088217783506964e-17,False,2.080022207180767e-14,True,1.3397472087302511e-14,True
0,5,gpu_pcg,5.4386399143710336e-08,4.4910975694795715e-08,5.6153499343486415e-08,4.1796893776154225e-08,1.2701573914472342e-09,False,2.6787710379344475e-06,True,1.3517138818004076e-06,True
0,5,gpu_rjd_corrected,2.9452589218186506e-08,2.6759371924521358e-08,3.3534085282867405e-08,2.4960521015349475e-08,6.878452031439512e-10,False,2.2930109318097422e-07,True,2.06820594932024e-06,True
0,6,cpu_cholesky,5.330662488559494e-16,0.0,0.0,0.0,9.657528995586227e-18,False,0.0,True,0.0,True
0,6,cpu_banded,6.408277327949325e-16,5.117673529606615e-16,5.835578740528723e-16,4.2105338014912034e-16,1.1609837283686757e-17,False,4.570482239540754e-14,True,5.910587829516308e-14,True
0,6,cpu_information_smoother,6.479467894905971e-16,3.419182922320316e-16,3.582683903734151e-16,2.585006962885115e-16,1.1738812803347129e-17,False,4.155875697039631e-15,True,1.5592392666729994e-15,True
0,6,cpu_pcg,5.292091254767524e-08,4.056041468361037e-08,5.052668309801775e-08,3.6456419580787394e-08,9.587649727452221e-10,False,2.3717018514796256e-07,True,2.780428058390587e-06,True
0,6,cpu_identity_corrected,5.3516949893322274e-08,4.173455634304836e-08,5.252577844357379e-08,3.7898822965118185e-08,9.695633457854405e-10,False,1.0706081739619176e-06,True,2.3544735864690718e-06,True
0,6,cpu_reference_eigen_corrected,1.6837880771898375e-08,1.3866879015047592e-08,1.702680341635171e-08,1.228531641908738e-08,3.0505086826689417e-10,False,5.357682108695503e-07,True,4.4145019389067736e-07,True
0,6,cpu_rjd_corrected,2.896606626191939e-08,2.403762667721222e-08,2.9355678428623806e-08,2.1180945675703082e-08,5.247764691151517e-10,False,2.044020149968874e-06,True,4.427389848987123e-07,True
0,6,gpu_cholesky,5.787321755675428e-16,3.2918668353379323e-16,3.5914122629172495e-16,2.591304718944296e-16,1.0484855828365513e-17,False,2.733798917681974e-14,True,5.784099069731381e-15,True
0,6,gpu_pcg,5.292091259801723e-08,4.0560414705333196e-08,5.0526683113643004e-08,3.6456419592061455e-08,9.58764973657265e-10,False,2.3717017225754168e-07,True,2.780428073360434e-06,True
0,6,gpu_rjd_corrected,2.8966066195539433e-08,2.4037626631952217e-08,2.9355678372076482e-08,2.11809456349026e-08,5.2477646791255e-10,False,2.0440201250070663e-06,True,4.427389774701565e-07,True
0,7,cpu_cholesky,6.30381458668662e-16,0.0,0.0,0.0,9.542592697999168e-18,False,0.0,True,0.0,True
0,7,cpu_banded,8.003378501383077e-16,4.912953138996174e-16,5.286701580064738e-16,3.7884745796734817e-16,1.2115359707425099e-17,False,2.8002932858154554e-14,True,6.420444460301314e-14,True
0,7,cpu_information_smoother,6.852939333180716e-16,3.4718203942585434e-16,3.5712646109805473e-16,2.5591845862844473e-16,1.0373847127222388e-17,False,5.374007324109737e-14,True,6.424512410745035e-14,True
0,7,cpu_pcg,6.609553953219062e-08,4.836027479230336e-08,6.069481827803887e-08,4.3494184924551e-08,1.0005415047556491e-09,False,4.6477774775690784e-07,True,5.020789543504453e-06,True
0,7,cpu_identity_corrected,6.85753816440708e-08,4.918044927600271e-08,6.125491849462989e-08,4.389555530653475e-08,1.0380808750939905e-09,False,8.676518368889068e-07,True,5.721403153625833e-06,True
0,7,cpu_reference_eigen_corrected,6.349429978952157e-08,4.9897199430116985e-08,5.901191735504249e-08,4.228821041089162e-08,9.611644497229123e-10,False,2.4003217156586234e-06,True,8.651792799076658e-07,True
0,7,cpu_rjd_corrected,2.8619009942416857e-08,2.4676106671526224e-08,3.100291295149181e-08,2.221682949827446e-08,4.33229040179744e-10,False,5.570766520821086e-07,True,4.531607524957342e-07,True
0,7,gpu_cholesky,7.257621601196868e-16,4.145594202776046e-16,4.843051363373399e-16,3.470552801273955e-16,1.0986447323924945e-17,False,7.285623178549807e-15,True,5.546093957033751e-14,True
0,7,gpu_pcg,6.60955395003605e-08,4.836027479750698e-08,6.069481830242985e-08,4.349418494202968e-08,1.0005415042738108e-09,False,4.6477778714925205e-07,True,5.020789540925165e-06,True
0,7,gpu_rjd_corrected,2.8619009965391216e-08,2.4676106706973018e-08,3.100291300677855e-08,2.2216829537893193e-08,4.332290405275254e-10,False,5.570766645268344e-07,True,4.53160738498372e-07,True
0,8,cpu_cholesky,5.929673688802923e-16,0.0,0.0,0.0,8.894619642793632e-18,False,0.0,True,0.0,True
0,8,cpu_banded,9.419299130056596e-16,6.426741235387832e-16,7.509297015151175e-16,5.527868204229592e-16,1.4129122015896966e-17,False,5.529954421324779e-14,True,4.258859565230842e-14,True
0,8,cpu_information_smoother,6.167219603934602e-16,3.3192194868717184e-16,3.278798530767774e-16,2.413643528779904e-16,9.250942886479939e-18,False,2.2688452712526684e-15,True,2.816231060779123e-14,True
0,8,cpu_pcg,6.581071019255026e-08,4.9161065742615414e-08,6.228076735650751e-08,4.584715092643426e-08,9.871727635063526e-10,False,3.407938406521513e-06,True,1.3138205925963313e-06,True
0,8,cpu_identity_corrected,6.52279906997797e-08,5.0175916787931295e-08,6.429023613059603e-08,4.7326394392402356e-08,9.784318641895367e-10,False,3.2866997903211437e-06,True,1.1975766517005616e-06,True
0,8,cpu_reference_eigen_corrected,7.108584138148713e-08,5.543694680854841e-08,6.386454605693875e-08,4.7013028358500866e-08,1.0663007153834182e-09,False,2.665131504308731e-06,True,8.415688038080783e-07,True
0,8,cpu_rjd_corrected,8.859873941930492e-08,8.314765222745269e-08,1.1048397326898747e-07,8.13312939517938e-08,1.3289973751061172e-09,False,9.433528959858044e-06,True,8.679715453878177e-06,True
0,8,gpu_cholesky,6.475988280323184e-16,4.191278743680171e-16,4.2868547497418157e-16,3.1557105837518036e-16,9.714101582593572e-18,False,1.2976975091065695e-14,True,1.501358783069822e-14,True
0,8,gpu_pcg,6.581071020498426e-08,4.9161065767585694e-08,6.228076741600683e-08,4.584715097023388e-08,9.87172763692865e-10,False,3.4079384382938958e-06,True,1.3138206506112801e-06,True
0,8,gpu_rjd_corrected,8.859873945013621e-08,8.314765226749928e-08,1.1048397331066959e-07,8.133129398247755e-08,1.3289973755685922e-09,False,9.43352900349216e-06,True,8.679715513491968e-06,True
0,9,cpu_cholesky,5.814536604668453e-16,0.0,0.0,0.0,9.984188406232859e-18,False,0.0,True,0.0,True
0,9,cpu_banded,8.735741852425638e-16,6.454431602691314e-16,7.52429761844907e-16,5.270334117490475e-16,1.500021385243382e-17,False,6.614467673476117e-15,True,3.345792973200609e-15,True
0,9,cpu_information_smoother,6.430707394171964e-16,2.9339267370021246e-16,3.301600832822758e-16,2.3125799103022986e-16,1.104222031334665e-17,False,4.2536600692869074e-17,True,9.759800353095661e-16,True
0,9,cpu_pcg,5.186321909792627e-08,3.969141322489379e-08,5.1223504807654316e-08,3.587909446102743e-08,8.905475814216303e-10,False,9.340236298499814e-07,True,3.5637442780539397e-06,True
0,9,cpu_identity_corrected,5.354033510700705e-08,4.027017955309015e-08,5.156814112524413e-08,3.6120492214655136e-08,9.193454780326896e-10,False,1.6114862019593558e-06,True,2.6835795062813102e-06,True
0,9,cpu_reference_eigen_corrected,5.6550255654030785e-08,4.3178468590517114e-08,5.089774357683609e-08,3.5650917611041153e-08,9.710290675642936e-10,False,5.062776332591529e-06,True,7.29088757943658e-06,True
0,9,cpu_rjd_corrected,4.418353288141435e-08,3.847783273610824e-08,5.0178529583872616e-08,3.5147149919077727e-08,7.586790596237205e-10,False,8.474071055328509e-06,True,2.703776074967027e-06,True
0,9,gpu_cholesky,5.631893104660964e-16,3.3133499116192707e-16,3.9415103806817265e-16,2.760799437653236e-16,9.670569757107073e-18,False,4.691662879310094e-14,True,3.472562157105086e-14,True
0,9,gpu_pcg,5.186321907572622e-08,3.9691413231249124e-08,5.122350483638076e-08,3.587909448114864e-08,8.905475810404316e-10,False,9.340236099990936e-07,True,3.5637443174396906e-06,True
0,9,gpu_rjd_corrected,4.418353284204056e-08,3.847783270169941e-08,5.0178529530427405e-08,3.514714988164246e-08,7.586790589476299e-10,False,8.474071058540271e-06,True,2.7037761008974466e-06,True
0,10,cpu_cholesky,5.427716837387413e-16,0.0,0.0,0.0,9.200576859799112e-18,False,0.0,True,0.0,True
0,10,cpu_banded,7.825247653782016e-16,5.209543480925015e-16,6.257335891080394e-16,4.421120112388675e-16,1.3264655221078036e-17,False,5.2698032665134534e-14,True,3.764997007350841e-14,True
0,10,cpu_information_smoother,6.161675950447407e-16,2.965070424989941e-16,3.2352696945997315e-16,2.285879512427259e-16,1.0444718261049677e-17,False,9.273841063745533e-15,True,1.8893260447394607e-14,True
0,10,cpu_pcg,7.187295836214983e-08,5.489429890064633e-08,7.332101679929472e-08,5.1804957840641034e-08,1.2183256744978279e-09,False,1.694462020579295e-06,True,2.0204303498309004e-06,True
0,10,cpu_identity_corrected,7.180800303138407e-08,5.627158134453302e-08,7.597022407031745e-08,5.367675500027579e-08,1.217224609550741e-09,False,2.6824534270857e-06,True,2.8743853921564414e-06,True
0,10,cpu_reference_eigen_corrected,8.886993108890445e-08,7.607049252515219e-08,9.646315768696407e-08,6.81560354083408e-08,1.506443073002568e-09,False,2.218208894530333e-06,True,6.735563735010747e-06,True
0,10,cpu_rjd_corrected,3.7449974520986057e-08,3.2514768537413436e-08,4.297739861346149e-08,3.0365677134093066e-08,6.348182441718552e-10,False,1.0678085926515356e-06,True,5.218099476795555e-06,True
0,10,gpu_cholesky,5.610224548303705e-16,3.2681806427097065e-16,3.7837677229197786e-16,2.673420745121513e-16,9.509947497969617e-18,False,3.702351037994476e-14,True,4.981747025905609e-14,True
0,10,gpu_pcg,7.18729582729291e-08,5.4894298866467044e-08,7.332101675757162e-08,5.180495781116158e-08,1.2183256729854384e-09,False,1.6944620343916589e-06,True,2.020430369486078e-06,True
0,10,gpu_rjd_corrected,3.744997453681842e-08,3.251476855079747e-08,4.297739864740794e-08,3.036567715807792e-08,6.348182444402313e-10,False,1.0678085933623756e-06,True,5.218099459389336e-06,True
0,11,cpu_cholesky,5.217002794166492e-16,0.0,0.0,0.0,9.217975376372796e-18,False,0.0,True,0.0,True
0,11,cpu_banded,7.173265092635565e-16,4.877522621331504e-16,5.38415475663515e-16,3.9399413885481285e-16,1.2674515157639181e-17,False,3.506152337728256e-14,True,2.005865915226341e-14,True
0,11,cpu_information_smoother,5.27942994895695e-16,2.6638537807934277e-16,2.7721881311050563e-16,2.0285930193820448e-16,9.328278552042726e-18,False,2.6454444764074396e-14,True,3.097930370672633e-14,True
0,11,cpu_pcg,6.299777956339712e-08,4.8078911087338234e-08,5.85172477680646e-08,4.282093231833651e-08,1.11311418464e-09,False,1.16434012403596e-06,True,5.002054679520087e-07,True
0,11,cpu_identity_corrected,6.282518594812408e-08,4.8879382238126405e-08,6.014153866334006e-08,4.400953316927809e-08,1.1100646109718794e-09,False,2.2113241651423987e-06,True,5.086952219730015e-07,True
0,11,cpu_reference_eigen_corrected,8.297305513830989e-08,6.758281751998482e-08,7.986664264328635e-08,5.844369360425314e-08,1.4660593887568966e-09,False,2.631882424426494e-06,True,2.523203333166681e-06,True
0,11,cpu_rjd_corrected,9.153083791267501e-08,7.679079301170153e-08,9.596114898774894e-08,7.022110613063971e-08,1.6172676925148294e-09,False,1.4189085570449736e-05,True,8.918606707451502e-06,True
0,11,gpu_cholesky,5.323007547610295e-16,3.0917412831841227e-16,3.2973367259341145e-16,2.4128789059188506e-16,9.405276254976133e-18,False,5.437942659105693e-14,True,2.300161035435111e-14,True
0,11,gpu_pcg,6.29977795340195e-08,4.807891108976994e-08,5.851724777607458e-08,4.282093232419794e-08,1.113114184120924e-09,False,1.1643400801287854e-06,True,5.002055265224016e-07,True
0,11,gpu_rjd_corrected,9.153083786305987e-08,7.679079298569063e-08,9.596114897085699e-08,7.022110611827875e-08,1.6172676916381741e-09,False,1.4189085493213111e-05,True,8.918606648865004e-06,True
0,12,cpu_cholesky,6.7192462078707575e-16,0.0,0.0,0.0,1.0288915470189443e-17,False,0.0,True,0.0,True
0,12,cpu_banded,7.987132255255569e-16,5.096932563198104e-16,5.446744017112174e-16,3.9355099671280085e-16,1.2230379134981802e-17,False,1.263377189513518e-13,True,1.0926893046718621e-13,True
0,12,cpu_information_smoother,7.435210966306958e-16,3.693574767305989e-16,3.9504504629939614e-16,2.8543726532610436e-16,1.1385243934914507e-17,False,6.234126917788411e-15,True,1.647755083481359e-15,True
0,12,cpu_pcg,7.803075860705679e-08,5.8132524985556526e-08,7.366781632101952e-08,5.32282083529311e-08,1.1948540887676387e-09,False,6.912691493062092e-07,True,2.3392559519188933e-06,True
0,12,cpu_identity_corrected,7.795563698877609e-08,5.9097046895731675e-08,7.54246856386297e-08,5.44976230139972e-08,1.1937037807899705e-09,False,5.032016386448136e-07,True,2.545833834759295e-06,True
0,12,cpu_reference_eigen_corrected,1.9280906056852136e-08,1.4759782999676713e-08,1.662346533525677e-08,1.201117829469727e-08,2.952408746365291e-10,False,4.4964202228455746e-07,True,3.464522421700687e-07,True
0,12,cpu_rjd_corrected,8.387201314682365e-08,7.69109228335248e-08,1.0207576286552732e-07,7.375418798779295e-08,1.2842988905585496e-09,False,1.1831848561790567e-05,True,1.2413601035123531e-05,True
0,12,gpu_cholesky,6.833579124930676e-16,3.6420524459241995e-16,3.8092261685247995e-16,2.7523319447684343e-16,1.0463988935679026e-17,False,5.152211263903828e-15,True,2.0364897126178027e-15,True
0,12,gpu_pcg,7.80307585746706e-08,5.813252498232535e-08,7.366781633741489e-08,5.322820836477747e-08,1.194854088271722e-09,False,6.912691349530678e-07,True,2.3392559473029377e-06,True
0,12,gpu_rjd_corrected,8.387201312030421e-08,7.691092280631758e-08,1.020757628152388e-07,7.37541879514573e-08,1.284298890152468e-09,False,1.183184854667929e-05,True,1.2413600988040063e-05,True
0,13,cpu_cholesky,4.98060467579705e-16,0.0,0.0,0.0,9.890562555159017e-18,False,0.0,True,0.0,True
0,13,cpu_banded,6.642695556232712e-16,4.974481168953689e-16,5.958084977760632e-16,4.1900596464000595e-16,1.3191168585023752e-17,False,5.641987535452423e-14,True,1.7809877653601122e-14,True
0,13,cpu_information_smoother,4.602514159271012e-16,2.9604745490806173e-16,3.4320199388232666e-16,2.413588981187825e-16,9.13974450220549e-18,False,6.682871644419306e-15,True,1.547302498887539e-14,True
0,13,cpu_pcg,4.85209601491139e-08,3.738849881154609e-08,4.808459311264797e-08,3.3815783757182746e-08,9.635368056573816e-10,False,1.7518144193076822e-06,True,7.177495285776771e-07,True
0,13,cpu_identity_corrected,4.993764992530189e-08,3.7725173480854345e-08,4.799635850761328e-08,3.375373223234685e-08,9.916696522592028e-10,False,1.0657463161975828e-06,True,1.604821284822361e-07,True
0,13,cpu_reference_eigen_corrected,2.6345552780345526e-08,2.2637064914729114e-08,2.8644890847881708e-08,2.014469442199109e-08,5.231741023409113e-10,False,1.1495176914047175e-06,True,5.303760626858055e-07,True
0,13,cpu_rjd_corrected,7.454270375086706e-08,6.470116526757844e-08,8.361345425052286e-08,5.8801672325746505e-08,1.480280649545558e-09,False,1.5065439484963123e-05,True,8.138834048950236e-06,True
0,13,gpu_cholesky,4.358793552509156e-16,2.9098192655714683e-16,3.38102502317198e-16,2.37772649533212e-16,8.655760314728558e-18,False,1.5279562390007652e-15,True,1.672924128202943e-14,True
0,13,gpu_pcg,4.852096016811664e-08,3.7388498832007824e-08,4.808459313625954e-08,3.381578377378772e-08,9.63536806034741e-10,False,1.7518144544812744e-06,True,7.177495673539616e-07,True
0,13,gpu_rjd_corrected,7.45427037447178e-08,6.47011652464573e-08,8.361345422224365e-08,5.880167230585898e-08,1.4802806494234454e-09,False,1.5065439513361663e-05,True,8.138834065414202e-06,True
0,14,cpu_cholesky,5.785327950296107e-16,0.0,0.0,0.0,1.2341192136956459e-17,False,0.0,True,0.0,True
0,14,cpu_banded,6.192713223413094e-16,4.542641285768041e-16,5.328683406774965e-16,3.806591270865794e-16,1.3210221511349294e-17,False,1.533395401489873e-14,True,7.801951915456654e-15,True
0,14,cpu_information_smoother,5.329282936210752e-16,3.0440296643292184e-16,3.5771257691508466e-16,2.555350860275596e-16,1.1368362387237548e-17,False,1.3691924398476786e-14,True,9.887581826392316e-15,True
0,14,cpu_pcg,5.781196829289177e-08,4.675890707903716e-08,6.128864615143409e-08,4.37820766658063e-08,1.2332379688131642e-09,False,4.309800288140802e-06,True,1.8525423470225965e-06,True
0,14,cpu_identity_corrected,5.989804798827065e-08,4.7563910287541056e-08,6.181923296857658e-08,4.416110596674078e-08,1.2777379697728569e-09,False,3.247926273399332e-06,True,2.9391926687368783e-06,True
0,14,cpu_reference_eigen_corrected,4.569502326759668e-08,4.182288015878158e-08,5.520705472806037e-08,3.943763901433066e-08,9.74760741850797e-10,False,1.1646439735112526e-06,True,2.8174413394119448e-06,True
0,14,cpu_rjd_corrected,2.6573524187950722e-08,2.349661926905704e-08,3.076883765469608e-08,2.197998640379708e-08,5.668632256160354e-10,False,1.2753682356144934e-07,True,2.5861316930556096e-07,True
0,14,gpu_cholesky,4.560595832451029e-16,3.3591269622719066e-16,3.915818903514033e-16,2.7972992423337026e-16,9.728608284755979e-18,False,1.4635114922082293e-14,True,4.0773248320875454e-14,True
0,14,gpu_pcg,5.781196831199358e-08,4.67589071171876e-08,6.128864622988847e-08,4.3782076721850873e-08,1.2332379692206418e-09,False,4.309800331696604e-06,True,1.8525423286739323e-06,True
0,14,gpu_rjd_corrected,2.6573524203325985e-08,2.349661929614901e-08,3.0768837703332385e-08,2.1979986438540847e-08,5.668632259440187e-10,False,1.2753685340165393e-07,True,2.586131403381643e-07,True
0,15,cpu_cholesky,4.52990228786373e-16,0.0,0.0,0.0,1.0427349709588204e-17,False,0.0,True,0.0,True
0,15,cpu_banded,6.173705044202235e-16,5.315621753057938e-16,6.728578964595191e-16,4.649564788755382e-16,1.4211207529181468e-17,False,4.480947299107557e-14,True,4.8698680761291114e-14,True
0,15,cpu_information_smoother,4.619729099078093e-16,2.572684632062447e-16,3.057545890882409e-16,2.1128172514663863e-16,1.0634121404496228e-17,False,3.616012133059901e-14,True,5.347203624559391e-14,True
0,15,cpu_pcg,6.661725316476293e-08,5.341885087589792e-08,7.09163910632553e-08,4.900445644887459e-08,1.5334577920631316e-09,False,6.209117806058846e-08,True,1.4483641907023816e-06,True
0,15,cpu_identity_corrected,6.844234583442401e-08,5.388190537733662e-08,7.077562113301042e-08,4.89071819850649e-08,1.5754694706499208e-09,False,1.0486672065771808e-06,True,2.4519852369112662e-06,True
0,15,cpu_reference_eigen_corrected,3.244374165970593e-08,2.9573651018418207e-08,4.008089919303584e-08,2.7696596646957134e-08,7.468201649171152e-10,False,3.2417000350442817e-07,True,2.0983395555344464e-06,True
0,15,cpu_rjd_corrected,6.942940790454025e-08,6.381160145494154e-08,8.7673932680001e-08,6.058420840798849e-08,1.598190581704849e-09,False,6.276582538701703e-06,True,3.5134503384469365e-06,True
0,15,gpu_cholesky,4.801816496164512e-16,3.518169800903139e-16,4.3580371912800166e-16,3.0114793003519493e-16,1.1053267082807129e-17,False,7.073642101195392e-14,True,9.358206700825376e-14,True
0,15,gpu_pcg,6.661725316991073e-08,5.34188508763079e-08,7.091639105001965e-08,4.9004456439728525e-08,1.5334577921816286e-09,False,6.209120513769714e-08,True,1.4483642200968557e-06,True
0,15,gpu_rjd_corrected,6.942940788740017e-08,6.381160144575306e-08,8.767393266627871e-08,6.058420839850615e-08,1.5981905813103026e-09,False,6.276582542533465e-06,True,3.513450324276661e-06,True
1,0,cpu_cholesky,4.478417082865483e-16,0.0,0.0,0.0,1.2986519316260171e-17,False,0.0,True,0.0,True
1,0,cpu_banded,6.313274224620196e-16,5.466274296075561e-16,9.075678247159464e-16,5.196968247526928e-16,1.830724029268362e-17,False,2.8288545591757e-14,True,5.045309854548982e-14,True
1,0,cpu_information_smoother,4.491260113399845e-16,2.365282102123573e-16,3.693787587401196e-16,2.1151583696613855e-16,1.3023761551859873e-17,False,5.6533444273076135e-15,True,4.541954711723442e-15,True
1,0,cpu_pcg,3.8229659486207506e-08,3.3747227462774373e-08,5.5698323868822765e-08,3.189430174844949e-08,1.108584132138678e-09,False,1.1042052696903042e-06,True,7.360831994587058e-07,True
1,0,cpu_identity_corrected,3.812589571878529e-08,3.473368875951991e-08,5.8456999638748e-08,3.347399089025115e-08,1.105575188099192e-09,False,1.2317254409886579e-06,True,3.4214871024304785e-07,True
1,0,cpu_reference_eigen_corrected,3.7242832975833138e-09,3.6703790482248456e-09,6.2574089079827006e-09,3.5831542856597327e-09,1.0799681235452781e-10,False,3.4864972945952216e-07,True,2.919542876099224e-07,True
1,0,cpu_rjd_corrected,2.887737176717247e-08,2.6659367508657514e-08,4.412636103487175e-08,2.5267896341401518e-08,8.373863767716898e-10,False,6.625222441774424e-07,True,2.4975210650668337e-06,True
1,0,gpu_cholesky,4.0275185073620843e-16,2.794546838058641e-16,4.358452985873381e-16,2.495762978707646e-16,1.167900307735229e-17,False,2.074098320095451e-14,True,1.6505817613035364e-14,True
1,0,gpu_pcg,3.822965950062298e-08,3.37472274699063e-08,5.5698323888938394e-08,3.1894301759968225e-08,1.1085841325566983e-09,False,1.1042052632639262e-06,True,7.360832217020773e-07,True
1,0,gpu_rjd_corrected,2.8877371713440297e-08,2.6659367455411713e-08,4.412636096242634e-08,2.52678962999174e-08,8.373863752135637e-10,False,6.625222347053152e-07,True,2.4975210886807685e-06,True
1,1,cpu_cholesky,3.328215652076355e-14,0.0,0.0,0.0,6.194534948397428e-18,False,0.0,True,0.0,True
1,1,cpu_banded,4.063260391078301e-14,1.569723952323928e-14,1.570113517213503e-14,1.536529843695083e-14,7.562613462643417e-18,False,1.941781546632435e-12,True,2.0609519755192436e-12,True
1,1,cpu_information_smoother,4.353825809210877e-14,6.202690531902461e-14,1.0752323479259703e-13,1.052233850216534e-13,8.103419055062893e-18,False,1.1858419600804905e-11,True,1.0860340128086946e-11,True
1,1,cpu_pcg,6.777796301727911e-08,3.060413536351732e-08,6.446333502740467e-09,6.308450758993952e-09,1.2614956619523345e-11,False,4.7143568256070606e-07,True,2.2037933236745616e-07,True
1,1,cpu_identity_corrected,9.13046434618031e-08,3.313923530125728e-08,6.74131993499106e-09,6.597127629595367e-09,1.699378478161882e-11,False,5.03573897405679e-07,True,2.5399716419642504e-07,True
1,1,cpu_reference_eigen_corrected,9.1711929558771e-08,3.7154572742609257e-08,1.2836133515099019e-08,1.256157724099281e-08,1.7069589592716414e-11,False,5.530302546099116e-09,True,1.5509873306686072e-07,True
1,1,cpu_rjd_corrected,6.202988756651763e-08,4.3135408301001615e-08,1.2061784266880967e-08,1.1803790803078782e-08,1.1545114455430693e-11,False,9.70156938509992e-07,True,2.3122337048910268e-07,True
1,1,gpu_cholesky,4.285733463327949e-14,2.0779009834538185e-14,3.0198486757546177e-14,2.955256140953973e-14,7.976684353833321e-18,False,4.250298025433368e-12,True,3.997262029358745e-12,True
1,1,gpu_pcg,6.741346196796524e-08,3.05812335294698e-08,6.443837572288226e-09,6.306008214817617e-09,1.2547115027358335e-11,False,4.698809628577069e-07,True,2.1804252499328828e-07,True
1,1,gpu_rjd_corrected,6.2197932949074e-08,4.031210976313102e-08,1.1154850694093141e-08,1.0916255930243208e-08,1.157639135992423e-11,False,8.892260298420974e-07,True,2.1861817658918684e-07,True
1,2,cpu_cholesky,4.808490469289964e-16,0.0,0.0,0.0,8.796988115074618e-18,False,0.0,True,0.0,True
1,2,cpu_banded,6.256927982747602e-16,5.013807712006765e-16,6.919757059460035e-16,4.1195322873157993e-16,1.1446860808530653e-17,False,1.745635449925997e-13,True,1.1725239079240194e-13,True
1,2,cpu_information_smoother,5.521323454328268e-16,2.958085788755295e-16,3.95812400946489e-16,2.356386143918013e-16,1.0101094536302708e-17,False,1.0673242746635075e-14,True,1.4811845949074767e-14,True
1,2,cpu_pcg,7.278316558961941e-08,5.4666802482963945e-08,8.157496708559778e-08,4.856394637242748e-08,1.3315460374243432e-09,False,9.312359504502873e-07,True,3.1515270052576927e-06,True
1,2,cpu_identity_corrected,7.794541826860785e-08,5.682146563781513e-08,8.361523979930454e-08,4.9778579956644715e-08,1.4259878902389264e-09,False,5.706220640026837e-07,True,5.904994391635733e-06,True
1,2,cpu_reference_eigen_corrected,1.5243354673377988e-08,1.2770626121881371e-08,1.8743573276275127e-08,1.1158593376587444e-08,2.788725702768305e-10,False,9.060276203625021e-07,True,1.910543658769897e-07,True
1,2,cpu_rjd_corrected,2.4794145297863216e-08,2.0440025920226792e-08,3.0359210477930454e-08,1.807371945381704e-08,4.536013999398461e-10,False,5.892634552311635e-07,True,1.2760587141131542e-06,True
1,2,gpu_cholesky,5.164542036920459e-16,2.9319889999864253e-16,3.934372655745417e-16,2.3422462734465395e-16,9.448373706624235e-18,False,2.328217710819273e-14,True,1.392512441348406e-15,True
1,2,gpu_pcg,7.278316553466071e-08,5.466680246916104e-08,8.157496708061447e-08,4.8563946369460776e-08,1.3315460364188904e-09,False,9.312360243136132e-07,True,3.1515269387614093e-06,True
1,2,gpu_rjd_corrected,2.4794145335097815e-08,2.0440025943463563e-08,3.035921052650654e-08,1.8073719482735793e-08,4.536014006210418e-10,False,5.892635344068815e-07,True,1.2760586698905821e-06,True
1,3,cpu_cholesky,4.984045302650039e-16,0.0,0.0,0.0,9.982936267310162e-18,False,0.0,True,0.0,True
1,3,cpu_banded,6.251301014850848e-16,4.550435545348422e-16,6.64133046604361e-16,3.8686970741066462e-16,1.2521222386531204e-17,False,4.797602795196933e-14,True,5.5541733980491987e-14,True
1,3,cpu_information_smoother,6.015866712106164e-16,3.102542660002006e-16,4.198782688077974e-16,2.4458680957422236e-16,1.2049652507704238e-17,False,4.093612295297871e-14,True,2.3915644818310322e-14,True
1,3,cpu_pcg,6.001579200571591e-08,4.672492392111781e-08,7.201006448634541e-08,4.194718621651647e-08,1.202103493502627e-09,False,6.434851161380529e-07,True,5.882979755752564e-07,True
1,3,cpu_identity_corrected,6.37046596613108e-08,4.8448505735579416e-08,7.384755001247497e-08,4.301755531123274e-08,1.2759907237019575e-09,False,1.853772309295256e-06,True,1.9453583452661573e-06,True
1,3,cpu_reference_eigen_corrected,6.044849234205115e-08,4.807408465316455e-08,6.885897142567427e-08,4.011161658684881e-08,1.2107703729927524e-09,False,3.1670347590412987e-06,True,9.723457482524911e-07,True
1,3,cpu_rjd_corrected,6.013229253803748e-08,5.326907683536782e-08,8.38252100863799e-08,4.882972570867149e-08,1.2044369759804128e-09,False,6.4840168922417804e-06,True,8.673625333067645e-06,True
1,3,gpu_cholesky,4.896139065463408e-16,3.302426416459641e-16,4.806528807528059e-16,2.7998913816090485e-16,9.806861952161666e-18,False,2.285171398109568e-14,True,7.31137606424916e-15,True
1,3,gpu_pcg,6.00157920270216e-08,4.6724923944837825e-08,7.201006454143144e-08,4.1947186248605095e-08,1.2021034939293753e-09,False,6.4348511508646e-07,True,5.882979870690259e-07,True
1,3,gpu_rjd_corrected,6.013229259591411e-08,5.3269076834215946e-08,8.382521006639345e-08,4.8829725697029013e-08,1.2044369771396692e-09,False,6.484016888872154e-06,True,8.673625339019275e-06,True
1,4,cpu_cholesky,5.436315996309142e-16,0.0,0.0,0.0,1.225740119549954e-17,False,0.0,True,0.0,True
1,4,cpu_banded,5.514033108972903e-16,3.6825440619678257e-16,5.521073536933432e-16,3.1270854432471295e-16,1.2432631963968904e-17,False,7.031522859187233e-14,True,4.1371033612379116e-14,True
1,4,cpu_information_smoother,5.118924286174074e-16,2.271889681525938e-16,3.2077636133521564e-16,1.8168479071305448e-16,1.1541769961058327e-17,False,3.3193046839945822e-15,True,1.688180501263709e-14,True
1,4,cpu_pcg,4.405248229922048e-08,3.4786749621439164e-08,5.3994287534089474e-08,3.058186952897072e-08,9.932626244132084e-10,False,3.620705816770408e-06,True,1.473362666739073e-06,True
1,4,cpu_identity_corrected,4.4468440764443244e-08,3.5820616006339205e-08,5.626484879377915e-08,3.1867894613708164e-08,1.0026413460040464e-09,False,4.4049223431128835e-06,True,2.244563931108045e-06,True
1,4,cpu_reference_eigen_corrected,6.73480074389757e-08,5.9424233998102585e-08,9.553621179241933e-08,5.411083464122519e-08,1.5185127847081581e-09,False,8.436592642895575e-07,True,1.0862599474472475e-06,True
1,4,cpu_rjd_corrected,9.282960888027232e-08,8.707419994463704e-08,1.4850281600186814e-07,8.411063375522067e-08,2.093053002111597e-09,False,1.341514811716128e-05,True,5.091186275230456e-06,True
1,4,gpu_cholesky,4.878897848216145e-16,2.7407606353934325e-16,4.030910288061401e-16,2.283070638438388e-16,1.1000576191311594e-17,False,4.047748955746061e-14,True,1.1568151098421227e-15,True
1,4,gpu_pcg,4.4052482298953083e-08,3.478674962535031e-08,5.399428754835994e-08,3.058186953705338e-08,9.932626244071795e-10,False,3.6207058443818263e-06,True,1.473362701237799e-06,True
1,4,gpu_rjd_corrected,9.282960886495423e-08,8.707419994749787e-08,1.485028160298619e-07,8.411063377107607e-08,2.093053001766216e-09,False,1.3415148111566326e-05,True,5.091186269357893e-06,True
1,5,cpu_cholesky,4.752734092226999e-16,0.0,0.0,0.0,1.1627809036406486e-17,False,0.0,True,0.0,True
1,5,cpu_banded,6.063943300586155e-16,4.354862374203154e-16,6.271756870084578e-16,3.62040206632468e-16,1.4835749978550363e-17,False,1.2768742167542835e-14,True,2.0709879869357563e-14,True
1,5,cpu_information_smoother,4.70485984044851e-16,2.4913979788995986e-16,3.9541292026945523e-16,2.282540256659704e-16,1.1510682210743856e-17,False,2.5217212727114253e-14,True,2.338491021147161e-14,True
1,5,cpu_pcg,6.32385414975835e-08,5.449822383144286e-08,9.000492132850649e-08,5.195577728967686e-08,1.5471635287247736e-09,False,2.4886264077588153e-06,True,4.064565640767325e-06,True
1,5,cpu_identity_corrected,6.617256377346948e-08,5.5930271242288556e-08,9.129493030961943e-08,5.270044122954921e-08,1.6189458991381982e-09,False,1.2765423637461973e-06,True,2.9350366467270304e-06,True
1,5,cpu_reference_eigen_corrected,6.552240016375068e-08,5.520415446616001e-08,8.282283432753083e-08,4.7809882740913005e-08,1.6030393106089448e-09,False,1.842165813956854e-06,True,7.72999492883116e-07,True
1,5,cpu_rjd_corrected,2.7325479170921526e-08,2.6514667778630397e-08,4.48195628938929e-08,2.587231001998816e-08,6.685319354256529e-10,False,1.2175853812257567e-06,True,1.710426401470278e-06,True
1,5,gpu_cholesky,4.545933894078727e-16,3.1069386491083463e-16,4.917399507974021e-16,2.838592711482616e-16,1.1121861687765237e-17,False,6.824531032661335e-14,True,5.638910056632429e-14,True
1,5,gpu_pcg,6.323854149640481e-08,5.44982238343114e-08,9.00049213087695e-08,5.1955777278283586e-08,1.5471635286959366e-09,False,2.48862640964618e-06,True,4.0645656768625095e-06,True
1,5,gpu_rjd_corrected,2.732547917133015e-08,2.651466777447502e-08,4.4819562886552354e-08,2.5872310015750794e-08,6.685319354356501e-10,False,1.217585447931223e-06,True,1.7104263455398947e-06,True
1,6,cpu_cholesky,4.529901881103758e-16,0.0,0.0,0.0,8.390949210924396e-18,False,0.0,True,0.0,True
1,6,cpu_banded,7.269992122683265e-16,5.637406238937111e-16,8.023139236325384e-16,4.611412168503852e-16,1.346654657570462e-17,False,1.2473681233171783e-13,True,7.479740092692407e-14,True
1,6,cpu_information_smoother,5.721755857698074e-16,2.664021696860857e-16,3.5633966338362943e-16,2.048112355333419e-16,1.059867609926141e-17,False,1.4931817014894328e-14,True,1.5921006127540632e-16,True
1,6,cpu_pcg,5.818740002640539e-08,4.696494199643854e-08,7.664285530950345e-08,4.405155951961228e-08,1.077832437007472e-09,False,6.326069043864657e-07,True,1.6833169259506453e-06,True
1,6,cpu_identity_corrected,5.79853854293386e-08,4.794614084046803e-08,7.903712246199414e-08,4.5427698254891336e-08,1.0740904266977955e-09,False,4.509922484713515e-07,True,6.246689069240354e-07,True
1,6,cpu_reference_eigen_corrected,1.7870983744958465e-08,1.4313816979372198e-08,2.1570768220272153e-08,1.2398102553745214e-08,3.310325943437248e-10,False,2.0591758308018475e-06,True,5.937070523367438e-07,True
1,6,cpu_rjd_corrected,3.633897175535358e-08,3.25967571240296e-08,5.337363421124421e-08,3.0677247275560444e-08,6.731237735814284e-10,False,1.0010144560098673e-06,True,8.59211678256682e-06,True
1,6,gpu_cholesky,5.236607812451104e-16,3.1305919692593236e-16,4.3435435388293327e-16,2.4965127663118547e-16,9.700013674711351e-18,False,4.406019290748065e-14,True,2.1080189142622335e-14,True
1,6,gpu_pcg,5.8187400034499075e-08,4.6964941995408134e-08,7.664285531197929e-08,4.40515595210353e-08,1.077832437157395e-09,False,6.326068670169602e-07,True,1.6833169184474757e-06,True
1,6,gpu_rjd_corrected,3.633897173413375e-08,3.2596757100164607e-08,5.3373634152827244e-08,3.0677247241984475e-08,6.731237731883635e-10,False,1.0010144543989628e-06,True,8.592116791948518e-06,True
1,7,cpu_cholesky,5.50292812056101e-16,0.0,0.0,0.0,8.64788221873172e-18,False,0.0,True,0.0,True
1,7,cpu_banded,7.858641393962515e-16,5.517943694936429e-16,8.022536960222931e-16,4.523375328599107e-16,1.2349898760318366e-17,False,1.0922768619811867e-13,True,1.1111254411705752e-13,True
1,7,cpu_information_smoother,5.63701564347798e-16,3.4266732705219467e-16,4.764804736744125e-16,2.6865566713676594e-16,8.85860150849581e-18,False,4.5658369257065415e-15,True,1.5214606677848517e-14,True
1,7,cpu_pcg,7.401755891296457e-08,5.660081496074992e-08,9.257954984477395e-08,5.219945433433377e-08,1.1631900639571481e-09,False,1.2175800584836985e-07,True,5.04203733162819e-06,True
1,7,cpu_identity_corrected,7.618634314316802e-08,5.7238620455651506e-08,9.303079268741498e-08,5.245388017889263e-08,1.1972726286457596e-09,False,3.477252980059607e-07,True,5.316723658267503e-06,True
1,7,cpu_reference_eigen_corrected,6.308970670389858e-08,4.948012207289854e-08,7.533701220677235e-08,4.247753348300115e-08,9.914582685476207e-10,False,5.769723502832146e-06,True,3.0534534749266084e-06,True
1,7,cpu_rjd_corrected,3.599200639646704e-08,3.128015915363452e-08,5.050151825552361e-08,2.847444927539294e-08,5.656163845528591e-10,False,3.663497662454644e-06,True,5.029064412682547e-06,True
1,7,gpu_cholesky,5.869301200663447e-16,3.5629292151600147e-16,4.922573890331961e-16,2.775512210057175e-16,9.223639556539149e-18,False,3.694177904417774e-14,True,5.284878343091613e-14,True
1,7,gpu_pcg,7.401755891940039e-08,5.660081498042492e-08,9.257954989620279e-08,5.219945436333108e-08,1.1631900640582877e-09,False,1.217580303833409e-07,True,5.042037306240293e-06,True
1,7,gpu_rjd_corrected,3.5992006435125144e-08,3.128015918237407e-08,5.0501518290624346e-08,2.847444929518391e-08,5.656163851603731e-10,False,3.6634976835075603e-06,True,5.0290644169505e-06,True
1,8,cpu_cholesky,5.204243375093e-16,0.0,0.0,0.0,8.157539530349812e-18,False,0.0,True,0.0,True
1,8,cpu_banded,7.166725494765091e-16,4.495099945560665e-16,6.225422527569486e-16,3.60508470010489e-16,1.1233688033597645e-17,False,4.898675539329141e-14,True,1.368678925121409e-14,True
1,8,cpu_information_smoother,5.951493225950042e-16,2.9757954106386145e-16,4.010731470269927e-16,2.32257755930092e-16,9.328837595806906e-18,False,9.489400313056276e-15,True,1.4816678404949138e-15,True
1,8,cpu_pcg,6.206274760444581e-08,5.037742123798105e-08,8.195985582314654e-08,4.7462195689099e-08,9.72820216880952e-10,False,5.6625503207604924e-06,True,1.4228438301036055e-05,True
1,8,cpu_identity_corrected,6.168687832890832e-08,5.1155443834763e-08,8.39283623418198e-08,4.860213963685484e-08,9.669285471387809e-10,False,5.932947424899671e-06,True,1.4594823891560298e-05,True
1,8,cpu_reference_eigen_corrected,7.371743569068923e-08,6.084463047642286e-08,9.107151333308467e-08,5.2738672415972396e-08,1.1555049660119487e-09,False,7.312943914084914e-07,True,7.932161175752321e-06,True
1,8,cpu_rjd_corrected,8.549952119843152e-08,8.476106920730779e-08,1.466998324576536e-07,8.495251834858445e-08,1.340186584739052e-09,False,6.562135849385674e-06,True,7.069092652223381e-06,True
1,8,gpu_cholesky,5.824081317355927e-16,3.697931383541993e-16,5.292226364404564e-16,3.064679419158295e-16,9.129122170127905e-18,False,5.086228329693128e-14,True,5.326065881429679e-14,True
1,8,gpu_pcg,6.20627476209216e-08,5.0377421223121985e-08,8.195985576862361e-08,4.746219565752528e-08,9.728202171392067e-10,False,5.662550286251263e-06,True,1.4228438257579614e-05,True
1,8,gpu_rjd_corrected,8.549952119920868e-08,8.476106921271542e-08,1.4669983245627604e-07,8.49525183477867e-08,1.3401865847512338e-09,False,6.562135863156928e-06,True,7.0690926637629395e-06,True
1,9,cpu_cholesky,6.186246442235105e-16,0.0,0.0,0.0,1.0901112436031014e-17,False,0.0,True,0.0,True
1,9,cpu_banded,6.782230803247204e-16,5.573967156909567e-16,8.476778216075272e-16,4.841327079342858e-16,1.195132803771688e-17,False,1.1698455466035e-13,True,1.0272413478028025e-13,True
1,9,cpu_information_smoother,5.833380250997048e-16,4.228598274982495e-16,5.957751425981005e-16,3.402639844451398e-16,1.0279308235134956e-17,False,2.300828645319e-14,True,1.2722508150942897e-14,True
1,9,cpu_pcg,5.164287144686887e-08,4.2206919673867774e-08,6.926814657932645e-08,3.9560991832301304e-08,9.100263837555329e-10,False,1.3907877933437628e-07,True,1.169664802476803e-06,True
1,9,cpu_identity_corrected,5.381607814526545e-08,4.3096316458043845e-08,7.009413746526527e-08,4.003273851971641e-08,9.483216101596517e-10,False,8.854039583394682e-07,True,1.1788451151090433e-07,True
1,9,cpu_reference_eigen_corrected,6.443423727019409e-08,4.981696489890305e-08,7.077076237463117e-08,4.0419178085878344e-08,1.1354298166393311e-09,False,6.02282533346339e-06,True,2.1959444834564755e-06,True
1,9,cpu_rjd_corrected,4.3812215287330207e-08,3.6190057919063627e-08,5.506134260426055e-08,3.144708545865465e-08,7.720382470623414e-10,False,4.254672592450388e-06,True,4.760666777875688e-06,True
1,9,gpu_cholesky,6.165929490159553e-16,3.6104240101133384e-16,5.328202799614099e-16,3.043086871033586e-16,1.0865310858935577e-17,False,1.2532563365135971e-14,True,8.527913320375685e-15,True
1,9,gpu_pcg,5.164287148441557e-08,4.2206919701634116e-08,6.926814659970826e-08,3.956099184394193e-08,9.100263844171632e-10,False,1.3907870902564797e-07,True,1.1696648634815443e-06,True
1,9,gpu_rjd_corrected,4.381221529052446e-08,3.619005793387402e-08,5.5061342617329486e-08,3.144708546611869e-08,7.720382471186291e-10,False,4.254672587516733e-06,True,4.760666797561417e-06,True
1,10,cpu_cholesky,5.705490550671761e-16,0.0,0.0,0.0,1.0174546846568039e-17,False,0.0,True,0.0,True
1,10,cpu_banded,5.99042012937099e-16,4.484317917111895e-16,6.278315815434278e-16,3.586925992640694e-16,1.0682659044932272e-17,False,3.0306581404708404e-14,True,4.94893191616453e-15,True
1,10,cpu_information_smoother,5.665186325423366e-16,3.0582563446676837e-16,4.2512106118224755e-16,2.428800699424709e-16,1.0102672706340755e-17,False,1.667451439058268e-14,True,1.0748188679749864e-14,True
1,10,cpu_pcg,9.70913803454305e-08,7.600940582636111e-08,1.2196640297358634e-07,6.968181816839439e-08,1.7314213200310764e-09,False,3.4185117389733615e-06,True,2.270848517483711e-06,True
1,10,cpu_identity_corrected,9.648106101528164e-08,7.836073378024651e-08,1.2796235762734867e-07,7.310742564506883e-08,1.7205375522203e-09,False,4.901604743864556e-06,True,9.148633292530627e-09,True
1,10,cpu_reference_eigen_corrected,7.926557696405052e-08,6.75344151119189e-08,1.0546570985041233e-07,6.025464585020695e-08,1.4135354842527326e-09,False,8.612403427024562e-07,True,4.17270786725415e-06,True
1,10,cpu_rjd_corrected,5.096519518567392e-08,5.075276730747471e-08,8.878340801604779e-08,5.072371688361105e-08,9.08857454722487e-10,False,3.7783365801726118e-06,True,2.8534615559307497e-07,True
1,10,gpu_cholesky,5.209818409044111e-16,3.4323333038419853e-16,5.1048185862835925e-16,2.9164838171794604e-16,9.290619447032613e-18,False,1.0075301917475688e-13,True,6.622379414056572e-14,True
1,10,gpu_pcg,9.709138038017431e-08,7.600940588224203e-08,1.2196640309316762e-07,6.968181823671354e-08,1.7314213206506595e-09,False,3.4185117184300457e-06,True,2.27084850834955e-06,True
1,10,gpu_rjd_corrected,5.096519522219707e-08,5.0752767372013906e-08,8.878340813083408e-08,5.072371694919073e-08,9.088574553738004e-10,False,3.778336665672573e-06,True,2.853461123413111e-07,True
1,11,cpu_cholesky,5.616044559967574e-16,0.0,0.0,0.0,9.884112857641886e-18,False,0.0,True,0.0,True
1,11,cpu_banded,6.307114489340765e-16,5.474032889625125e-16,7.936787813954256e-16,4.584799271930745e-16,1.1100380481858648e-17,False,4.158585055824809e-15,True,7.448692166107971e-16,True
1,11,cpu_information_smoother,5.929041338334372e-16,3.140690952708353e-16,4.3679454170104203e-16,2.5232062941802656e-16,1.0434980189341551e-17,False,8.025351156502761e-14,True,3.829475586029577e-14,True
1,11,cpu_pcg,5.413938387594058e-08,4.118835202048337e-08,6.312305686725888e-08,3.646393880635493e-08,9.528410521140728e-10,False,3.260858949263832e-07,True,4.143053083326318e-06,True
1,11,cpu_identity_corrected,5.3685226120031954e-08,4.141446967574949e-08,6.38561835246434e-08,3.688743993096606e-08,9.448479773618754e-10,False,5.814854879756657e-07,True,4.607600097638153e-06,True
1,11,cpu_reference_eigen_corrected,1.6965873361530543e-08,1.3841166240112234e-08,2.036271833008638e-08,1.1762816187446706e-08,2.9859557756641224e-10,False,1.7553671158246312e-06,True,4.3620325714908003e-07,True
1,11,cpu_rjd_corrected,2.7476393272160858e-08,2.2819435087827434e-08,3.535660557606018e-08,2.0424250125227993e-08,4.835783768790889e-10,False,9.156855695597425e-07,True,1.7149266308937376e-08,True
1,11,gpu_cholesky,5.018437582253968e-16,3.698335087491859e-16,5.386474694356111e-16,3.1115743340823063e-16,8.832337938628483e-18,False,1.3797979770368203e-14,True,1.4921700923296155e-14,True
1,11,gpu_pcg,5.413938388853372e-08,4.1188352048712505e-08,6.312305695853527e-08,3.6463938859082045e-08,9.528410523357092e-10,False,3.260859821059106e-07,True,4.143053151757804e-06,True
1,11,gpu_rjd_corrected,2.7476393299761023e-08,2.2819435095819418e-08,3.5356605572782936e-08,2.0424250123334845e-08,4.835783773648456e-10,False,9.156856044069049e-07,True,1.7149292180704782e-08,True
1,12,cpu_cholesky,6.358426675792081e-16,0.0,0.0,0.0,9.827137439892186e-18,False,0.0,True,0.0,True
1,12,cpu_banded,8.347746014491042e-16,4.579665956325955e-16,6.110101581808766e-16,3.6453371753110804e-16,1.2901689612941322e-17,False,1.3134995003430264e-13,True,1.1654397043320967e-13,True
1,12,cpu_information_smoother,5.949018071509355e-16,3.7927523317448095e-16,5.264060080646776e-16,3.140581813268669e-16,9.194384271773032e-18,False,3.093292435314164e-14,True,4.638729368966027e-14,True
1,12,cpu_pcg,6.084283264373072e-08,4.616329922230816e-08,7.02166579128797e-08,4.189183927448695e-08,9.403440648981686e-10,False,4.309302086844266e-07,True,2.051169680270953e-06,True
1,12,cpu_identity_corrected,6.363880840857842e-08,4.70702654472915e-08,7.087753340271686e-08,4.228612306160562e-08,9.835567011651586e-10,False,2.6505354377550424e-07,True,3.340066255033176e-06,True
1,12,cpu_reference_eigen_corrected,1.951552751790176e-08,1.532940088449109e-08,2.1695402551901544e-08,1.2943656729250898e-08,3.0161827871444354e-10,False,2.3884265593849512e-06,True,2.7529604841068904e-06,True
1,12,cpu_rjd_corrected,6.021853851701416e-08,5.547599791046354e-08,8.756068383828737e-08,5.22394286932428e-08,9.306954064000235e-10,False,4.058601030003494e-07,True,6.2769712011531065e-06,True
1,12,gpu_cholesky,6.171465400500591e-16,3.3765899593934207e-16,4.4339173019856075e-16,2.6453117606595324e-16,9.538183231263506e-18,False,4.0258464970808905e-14,True,2.947767322854341e-14,True
1,12,gpu_pcg,6.084283258780701e-08,4.61632991979301e-08,7.021665789196542e-08,4.189183926200932e-08,9.403440640338509e-10,False,4.30930294187464e-07,True,2.0511695796861007e-06,True
1,12,gpu_rjd_corrected,6.021853856190758e-08,5.5475997939502345e-08,8.756068387850497e-08,5.223942871723695e-08,9.306954070938647e-10,False,4.0586007056848595e-07,True,6.276971246853998e-06,True
1,13,cpu_cholesky,4.662000270338771e-16,0.0,0.0,0.0,9.38744014923033e-18,False,0.0,True,0.0,True
1,13,cpu_banded,6.411407468006218e-16,4.682016582737976e-16,6.789415150897991e-16,3.9008458127207557e-16,1.2910060143317662e-17,False,7.706573419474907e-14,True,3.1645604969465276e-14,True
1,13,cpu_information_smoother,4.71227819383365e-16,2.4123659719595587e-16,3.3531412721118463e-16,1.9265410642989814e-16,9.488680168592545e-18,False,1.1501605144028523e-14,True,8.905924324594074e-15,True
1,13,cpu_pcg,7.02296673136659e-08,5.482755536109554e-08,8.600491270343294e-08,4.941396219499514e-08,1.4141500655071177e-09,False,1.891504777806614e-07,True,3.367520725142876e-07,True
1,13,cpu_identity_corrected,7.420566903729663e-08,5.6646633137238485e-08,8.792890922989735e-08,5.051939081103069e-08,1.4942111454236072e-09,False,1.4837994202226944e-06,True,1.5893852090365982e-06,True
1,13,cpu_reference_eigen_corrected,3.7236320037275716e-08,3.098322818436002e-08,4.6886551843431516e-08,2.693858091844242e-08,7.497934507690108e-10,False,2.3703047787808307e-06,True,6.981525264606908e-07,True
1,13,cpu_rjd_corrected,6.787607769102294e-08,5.809184052918651e-08,9.089773375306995e-08,5.222512340397558e-08,1.3667580023590125e-09,False,6.966540127580179e-06,True,6.203191508039604e-06,True
1,13,gpu_cholesky,4.962098862815208e-16,3.3188906493762287e-16,4.86195356628017e-16,2.793426353985479e-16,9.991721018466765e-18,False,3.717261543066018e-14,True,5.27025320426191e-15,True
1,13,gpu_pcg,7.022966728608178e-08,5.4827555329316146e-08,8.600491265409085e-08,4.9413962166645735e-08,1.4141500649516814e-09,False,1.8915043594161308e-07,True,3.367521025560479e-07,True
1,13,gpu_rjd_corrected,6.787607766450704e-08,5.8091840498708274e-08,9.089773369131572e-08,5.22251233684948e-08,1.3667580018250863e-09,False,6.966540174734469e-06,True,6.203191536392811e-06,True
1,14,cpu_cholesky,4.648575122911204e-16,0.0,0.0,0.0,1.0440478811407914e-17,False,0.0,True,0.0,True
1,14,cpu_banded,6.807399104838295e-16,5.117861478777117e-16,7.631452070745566e-16,4.3610133418454544e-16,1.5289094880831304e-17,False,1.3768823471792235e-14,True,1.4022684485048296e-14,True
1,14,cpu_information_smoother,4.974607143967249e-16,2.5291460367035725e-16,3.6228906496224008e-16,2.07031038295008e-16,1.1172731236650945e-17,False,1.9198229782178783e-14,True,8.450424453516624e-15,True
1,14,cpu_pcg,7.233296759004813e-08,5.9342712246713035e-08,9.448326729190386e-08,5.3992711402941146e-08,1.624564076249781e-09,False,5.535978904998213e-07,True,1.0474236537785415e-06,True
1,14,cpu_identity_corrected,7.383280735663798e-08,5.99742092240886e-08,9.504416772968672e-08,5.431323943219981e-08,1.6582497634634182e-09,False,1.3175184579386707e-06,True,1.969246416806874e-06,True
1,14,cpu_reference_eigen_corrected,4.0355470467571164e-08,3.619755954088402e-08,5.838380300961757e-08,3.3363577666778725e-08,9.063646799391907e-10,False,3.6730861435496184e-07,True,8.127209687680616e-07,True
1,14,cpu_rjd_corrected,2.7393931832720888e-08,2.6035076074406285e-08,4.430933570773016e-08,2.5320686338378874e-08,6.152546873458656e-10,False,1.651372089586956e-06,True,4.803071300203911e-06,True
1,14,gpu_cholesky,4.1516608635863785e-16,2.684345817667988e-16,3.9126318181057165e-16,2.235883735140994e-16,9.324432999865074e-18,False,1.3272980497006361e-14,True,2.348899503455187e-15,True
1,14,gpu_pcg,7.233296759734916e-08,5.93427122570116e-08,9.448326730295546e-08,5.399271140925661e-08,1.6245640764137587e-09,False,5.535979581749859e-07,True,1.047423722448203e-06,True
1,14,gpu_rjd_corrected,2.739393192457395e-08,2.603507612268225e-08,4.430933577358716e-08,2.5320686376013028e-08,6.152546894088418e-10,False,1.6513721291168882e-06,True,4.8030712694151415e-06,True
1,15,cpu_cholesky,3.8671045054684074e-16,0.0,0.0,0.0,9.204169210087215e-18,False,0.0,True,0.0,True
1,15,cpu_banded,5.703810915610505e-16,4.4326707722979176e-16,6.950642073213384e-16,3.948571201683958e-16,1.3575749177552315e-17,False,2.921376531507628e-14,True,2.9879119787472455e-14,True
1,15,cpu_information_smoother,3.798132484833967e-16,2.6939457743153687e-16,3.7685301130028727e-16,2.1408539412823697e-16,9.040007587926937e-18,False,2.7083249006073496e-15,True,7.291997764199513e-16,True
1,15,cpu_pcg,7.513121564674512e-08,6.105486572910517e-08,9.993318448416964e-08,5.6770768828315754e-08,1.7882123983492737e-09,False,3.6066756291410235e-07,True,1.874169810983449e-06,True
1,15,cpu_identity_corrected,7.84098840211268e-08,6.260611423777975e-08,1.0170227522268013e-07,5.777576673637504e-08,1.8662486125090407e-09,False,1.6415865118856638e-06,True,3.67448389733916e-06,True
1,15,cpu_reference_eigen_corrected,2.5989288620736913e-08,2.2966301669207633e-08,3.643481536195575e-08,2.0698154380776456e-08,6.18576012600636e-10,False,1.540024948115512e-06,True,1.5019023369309984e-06,True
1,15,cpu_rjd_corrected,7.779639755987594e-08,7.090334697725568e-08,1.1725788837787325e-07,6.661271237134646e-08,1.851646903905939e-09,False,1.1634216244698806e-05,True,1.118451900684966e-05,True
1,15,gpu_cholesky,3.7883600667090816e-16,2.7688205649275686e-16,4.4008812496507083e-16,2.500084565046228e-16,9.016748069109699e-18,False,2.8228009501676297e-15,True,7.622557582730737e-15,True
1,15,gpu_pcg,7.513121569392041e-08,6.105486574347368e-08,9.993318448901337e-08,5.677076883106741e-08,1.788212399472102e-09,False,3.606675921670896e-07,True,1.8741697953447483e-06,True
1,15,gpu_rjd_corrected,7.779639754372448e-08,7.090334695846149e-08,1.1725788833144004e-07,6.661271234496835e-08,1.851646903521515e-09,False,1.1634216238610362e-05,True,1.1184519007232543e-05,True
2,0,cpu_cholesky,3.989801311909687e-16,0.0,0.0,0.0,1.1097138520246063e-17,False,0.0,True,0.0,True
2,0,cpu_banded,5.40457151410727e-16,3.8779280172137893e-16,6.367388701428554e-16,3.2693653062882413e-16,1.5032146727606763e-17,False,3.713749665212702e-15,True,9.56776337952932e-15,True
2,0,cpu_information_smoother,4.653923468288715e-16,1.965708696345635e-16,3.1402096821484613e-16,1.6123552480757565e-16,1.2944312097963664e-17,False,1.6442172967623946e-15,True,1.2340555909090967e-14,True
2,0,cpu_pcg,4.2016702000608424e-08,3.636384735076326e-08,6.593823443180009e-08,3.3856292762661474e-08,1.1686425610545114e-09,False,1.4511023098419808e-06,True,2.446316198777542e-06,True
2,0,cpu_identity_corrected,4.248044527570899e-08,3.823894895306241e-08,7.097443548200563e-08,3.644215358584953e-08,1.181541004965042e-09,False,1.989467552937968e-06,True,3.82456708172006e-06,True
2,0,cpu_reference_eigen_corrected,2.7016006999289076e-09,2.5281672412805286e-09,4.567491753390556e-09,2.3451998575086974e-09,7.514167956876293e-11,False,8.023679879747691e-08,True,9.743241277475174e-08,True
2,0,cpu_rjd_corrected,2.8523035140516034e-08,2.6043075369739164e-08,4.810926823435181e-08,2.4701927250179772e-08,7.933329150073655e-10,False,3.558611643371023e-06,True,2.5872947762772706e-08,True
2,0,gpu_cholesky,3.736389337078126e-16,2.4703160587506215e-16,4.1554362380695165e-16,2.1336280391032826e-16,1.0392304477758637e-17,False,2.6032093142312843e-15,True,3.5049659309377503e-15,True
2,0,gpu_pcg,4.201670195745044e-08,3.6363847338479476e-08,6.593823443612363e-08,3.385629276488141e-08,1.1686425598541255e-09,False,1.451102301643151e-06,True,2.446316199180813e-06,True
2,0,gpu_rjd_corrected,2.8523035098449962e-08,2.6043075332313254e-08,4.810926813893502e-08,2.4701927201187575e-08,7.933329138373499e-10,False,3.5586116505370424e-06,True,2.5872957978917022e-08,True
2,1,cpu_cholesky,4.1132236888855316e-14,0.0,0.0,0.0,5.6395896429154166e-18,False,0.0,True,0.0,True
2,1,cpu_banded,5.1069293448566056e-14,1.8169400858568294e-14,2.0054218223855995e-14,1.5953200020545105e-14,7.002047060600592e-18,False,1.7227034547718116e-12,True,1.7717842233274735e-12,True
2,1,cpu_information_smoother,5.1323690858329266e-14,9.108886548703415e-14,1.5577060948798715e-13,1.2391605909264213e-13,7.036927171818503e-18,False,1.745470110126906e-11,True,1.581337634421921e-11,True
2,1,cpu_pcg,8.041793840156346e-08,4.248283590529687e-08,1.1254201679757965e-08,8.952756395916576e-09,1.1026003128442262e-11,False,7.298401072991624e-07,True,3.27246244738067e-07,True
2,1,cpu_identity_corrected,8.332984358979212e-08,4.270241391973904e-08,1.1279597388740488e-08,8.972958770326754e-09,1.1425250813152152e-11,False,6.984841670476932e-07,True,3.1646234747108707e-07,True
2,1,cpu_reference_eigen_corrected,8.190082471478634e-08,4.029072409268978e-08,1.343666646307126e-08,1.0688914686274405e-08,1.1229319827007671e-11,False,7.445786778075552e-07,True,6.719136913748253e-07,True
2,1,cpu_rjd_corrected,7.116039387405152e-08,5.290438813642568e-08,1.4023806341422025e-08,1.1155986492056682e-08,9.756712755210905e-12,False,6.800298690282263e-07,True,1.0490717734978125e-06,True
2,1,gpu_cholesky,5.225938239730734e-14,2.6913137473429785e-14,4.001501020281351e-14,3.1832079139851546e-14,7.165218670440355e-18,False,4.858482725135198e-12,True,4.417307853703599e-12,True
2,1,gpu_pcg,5.619594032806529e-08,4.1280832827623674e-08,1.1110205715735181e-08,8.838207108052839e-09,7.704955214952819e-12,False,7.078856739404664e-07,True,3.266178101383354e-07,True
2,1,gpu_rjd_corrected,7.008660182694663e-08,5.184622449944201e-08,1.4045309331421449e-08,1.1173092195040033e-08,9.609486465628247e-12,False,6.716214836354117e-07,True,1.0489399635248217e-06,True
2,2,cpu_cholesky,5.872142499477617e-16,0.0,0.0,0.0,1.0457196923784352e-17,False,0.0,True,0.0,True
2,2,cpu_banded,7.034416151776789e-16,5.971628968272679e-16,9.132531885509089e-16,4.791534271015909e-16,1.2526990778838064e-17,False,5.914576055458315e-15,True,1.0175999112508814e-14,True
2,2,cpu_information_smoother,6.070911337256474e-16,2.6569877982615367e-16,3.789046013301354e-16,1.9879858132220008e-16,1.0811167366284713e-17,False,8.179397587958337e-15,True,2.8750369769872045e-15,True
2,2,cpu_pcg,5.98024637591129e-08,4.4407988823214254e-08,7.419235506053183e-08,3.892624919098237e-08,1.064970987993519e-09,False,1.7380885604496391e-06,True,9.544435509068702e-07,True
2,2,cpu_identity_corrected,6.434564909010755e-08,4.621567152824237e-08,7.572953316958287e-08,3.973275517229304e-08,1.1458766936509572e-09,False,1.931582487776055e-06,True,8.591619496656807e-07,True
2,2,cpu_reference_eigen_corrected,9.250640881880557e-08,7.64572328064322e-08,1.253935965359815e-07,6.578982944712754e-08,1.6473676313591192e-09,False,1.606636293786909e-06,True,2.606780382852449e-06,True
2,2,cpu_rjd_corrected,2.620460938467594e-08,2.2434079485111118e-08,3.8545353514384675e-08,2.0223458802881817e-08,4.666554999733622e-10,False,4.685348533269943e-06,True,1.633584743777e-06,True
2,2,gpu_cholesky,5.143953274970267e-16,3.635347927883538e-16,5.477035715987497e-16,2.8736175975879797e-16,9.160426942618435e-18,False,1.7857283423095333e-15,True,1.844399960580729e-15,True
2,2,gpu_pcg,5.980246386577214e-08,4.4407988843364076e-08,7.419235506430376e-08,3.8926249192961375e-08,1.0649709898929223e-09,False,1.7380885674384942e-06,True,9.544435479286567e-07,True
2,2,gpu_rjd_corrected,2.6204609378048072e-08,2.2434079475792392e-08,3.854535348988626e-08,2.0223458790028317e-08,4.666554998553322e-10,False,4.6853485270555215e-06,True,1.6335847348195866e-06,True
2,3,cpu_cholesky,5.028740803080413e-16,0.0,0.0,0.0,9.595823564026701e-18,False,0.0,True,0.0,True
2,3,cpu_banded,6.737537838509404e-16,5.069184596686179e-16,7.489325107438453e-16,3.88668783031103e-16,1.2856543394459029e-17,False,2.252057642041908e-14,True,1.3514652646442011e-14,True
2,3,cpu_information_smoother,5.153878256128071e-16,2.1872932295266725e-16,3.41370642279984e-16,1.7715896985928478e-16,9.834610363290931e-18,False,1.7940881455245214e-15,True,1.1884761806490634e-14,True
2,3,cpu_pcg,7.109422974699154e-08,5.4173225594210044e-08,9.190892842688516e-08,4.7697397093752437e-08,1.35661731550622e-09,False,3.625138725209291e-07,True,3.5537040445223705e-07,True
2,3,cpu_identity_corrected,7.602778099502414e-08,5.653107340463669e-08,9.454452733085425e-08,4.90651772393177e-08,1.450759146586134e-09,False,7.170394423471897e-07,True,2.3134054540020755e-06,True
2,3,cpu_reference_eigen_corrected,5.695365100793113e-08,4.2699394465434245e-08,6.459690488322393e-08,3.352344843943588e-08,1.0867873331105325e-09,False,3.2963482842394815e-07,True,2.760253740913965e-06,True
2,3,cpu_rjd_corrected,9.369329517538528e-08,8.157560297649103e-08,1.4135047053488094e-07,7.33557624693053e-08,1.7878517932668019e-09,False,2.0872307265412362e-05,True,6.466594106795495e-06,True
2,3,gpu_cholesky,4.685104609075974e-16,2.8710191013419897e-16,4.025579055198958e-16,2.0891293807310985e-16,8.940098320470632e-18,False,5.839764417839909e-15,True,2.3510867719966408e-15,True
2,3,gpu_pcg,7.109422967115009e-08,5.41732255701567e-08,9.19089283959931e-08,4.769739707772058e-08,1.3566173140590162e-09,False,3.625139005039477e-07,True,3.553703822453299e-07,True
2,3,gpu_rjd_corrected,9.369329520590549e-08,8.157560298717762e-08,1.4135047055395933e-07,7.335576247920629e-08,1.7878517938491869e-09,False,2.0872307270626887e-05,True,6.466594120737345e-06,True
2,4,cpu_cholesky,4.910377437770207e-16,0.0,0.0,0.0,1.0519350227177257e-17,False,0.0,True,0.0,True
2,4,cpu_banded,6.116012251431267e-16,3.680048234684756e-16,5.827247014269011e-16,2.9665118020663174e-16,1.3102144525926189e-17,False,4.181207255028166e-15,True,9.21697843383121e-15,True
2,4,cpu_information_smoother,4.624197846537441e-16,2.4429292135785956e-16,3.7676751391829037e-16,1.9180331191331862e-16,9.906276510095556e-18,False,7.069344104994934e-16,True,5.552176104456649e-15,True
2,4,cpu_pcg,5.946046064958323e-08,4.7363325316446135e-08,8.359575992341606e-08,4.255659796268729e-08,1.2738031203987246e-09,False,5.413190622362297e-06,True,4.534422378579515e-06,True
2,4,cpu_identity_corrected,5.8995544693386274e-08,4.766628502992799e-08,8.474810469270956e-08,4.314322906821412e-08,1.2638433687799925e-09,False,5.118530545299107e-06,True,3.9310909501403414e-06,True
2,4,cpu_reference_eigen_corrected,5.341418597901673e-08,4.676794121729176e-08,8.264688680633623e-08,4.207354939900222e-08,1.1442756263295848e-09,False,5.477564826604209e-07,True,4.6247162366827543e-07,True
2,4,cpu_rjd_corrected,2.2565300365543315e-08,1.9532888715823488e-08,3.439813223247166e-08,1.751126475105595e-08,4.834094729085815e-10,False,5.4726642371327554e-08,True,2.6262776254618924e-06,True
2,4,gpu_cholesky,4.967722025615107e-16,2.937976177766526e-16,4.804006244605241e-16,2.4456044487088634e-16,1.06421977701245e-17,False,3.99106193343477e-15,True,6.739758098035702e-15,True
2,4,gpu_pcg,5.9460460643558195e-08,4.7363325316463354e-08,8.359575992667206e-08,4.255659796434484e-08,1.2738031202696521e-09,False,5.41319061070201e-06,True,4.5344223760017246e-06,True
2,4,gpu_rjd_corrected,2.25653003563415e-08,1.9532888702398175e-08,3.439813220920654e-08,1.7511264739212236e-08,4.834094727114537e-10,False,5.472664234640954e-08,True,2.6262776114872743e-06,True
2,5,cpu_cholesky,3.874562380905513e-16,0.0,0.0,0.0,8.966084942381375e-18,False,0.0,True,0.0,True
2,5,cpu_banded,4.961838279110179e-16,4.3202334328467305e-16,6.756490889714178e-16,3.5367313605844215e-16,1.1482138912024449e-17,False,6.909199141099893e-15,True,4.520660147844241e-15,True
2,5,cpu_information_smoother,4.051572799369334e-16,2.1429972138286193e-16,3.434912474488521e-16,1.7980284244711096e-16,9.375702930584257e-18,False,3.695511565960085e-15,True,2.4681198421701978e-15,True
2,5,cpu_pcg,7.557213718586173e-08,6.083837933017157e-08,1.0396421922551907e-07,5.4420781514458875e-08,1.748807051786051e-09,False,1.6076273107045402e-06,True,3.577804056613127e-06,True
2,5,cpu_identity_corrected,8.063610864943529e-08,6.308713506543168e-08,1.060365894676245e-07,5.550557788962372e-08,1.8659918970170464e-09,False,2.1147104271410446e-06,True,2.605009818895666e-06,True
2,5,cpu_reference_eigen_corrected,6.09918572027916e-08,5.170527161915439e-08,8.495646263083211e-08,4.447104134014354e-08,1.411406298156637e-09,False,4.088369664929423e-06,True,7.576351466564641e-06,True
2,5,cpu_rjd_corrected,3.456120911997704e-08,3.196002893597013e-08,5.737863581360807e-08,3.0035239301288366e-08,7.997773790366621e-10,False,2.7114567665035436e-06,True,3.585370965080398e-07,True
2,5,gpu_cholesky,4.0160360787533504e-16,2.98631390670652e-16,4.739880108357054e-16,2.481122656460185e-16,9.293467771024865e-18,False,1.2375548285879805e-15,True,1.23232265906146e-15,True
2,5,gpu_pcg,7.557213714638908e-08,6.083837930372615e-08,1.039642191666623e-07,5.44207814836499e-08,1.748807050872619e-09,False,1.6076273170129788e-06,True,3.5778040504151617e-06,True
2,5,gpu_rjd_corrected,3.45612091112615e-08,3.1960028927736174e-08,5.737863580444187e-08,3.0035239296490255e-08,7.997773788349765e-10,False,2.7114567595560426e-06,True,3.58537086425523e-07,True
2,6,cpu_cholesky,6.247272784410866e-16,0.0,0.0,0.0,1.126465150137027e-17,False,0.0,True,0.0,True
2,6,cpu_banded,5.8206945073289e-16,4.130412897166508e-16,6.57973518550386e-16,3.3141147043707906e-16,1.0495474967031299e-17,False,1.8238818844228346e-14,True,2.005869455652523e-14,True
2,6,cpu_information_smoother,5.980834993965545e-16,3.8552502334101357e-16,6.296295796394216e-16,3.171350501745178e-16,1.0784229249975867e-17,False,1.4517420615258282e-15,True,4.86414416448793e-15,True
2,6,cpu_pcg,5.756477740126299e-08,4.5591091316714e-08,8.346010613036792e-08,4.203761354474907e-08,1.0379683723832435e-09,False,3.683596604094856e-07,True,4.840450514327435e-06,True
2,6,cpu_identity_corrected,5.700233155460713e-08,4.6324293404119686e-08,8.574948167818251e-08,4.319073794154168e-08,1.0278267371015876e-09,False,4.358803559770734e-07,True,4.415143651243818e-06,True
2,6,cpu_reference_eigen_corrected,8.735890478534346e-08,7.036843462202427e-08,1.1950561214841746e-07,6.019319855736321e-08,1.575195541558553e-09,False,2.3551565823544293e-06,True,3.1753185641695933e-06,True
2,6,cpu_rjd_corrected,2.6116478340992023e-08,2.2570191182860256e-08,4.055771547940887e-08,2.042831777517848e-08,4.709143273332804e-10,False,1.2575162477945493e-06,True,1.1284775547893038e-06,True
2,6,gpu_cholesky,5.203187933820814e-16,3.450457977771392e-16,5.396238687856365e-16,2.718005129312788e-16,9.382029694122534e-18,False,1.1400894330621628e-14,True,2.854908696944647e-15,True
2,6,gpu_pcg,5.7564777395625106e-08,4.559109133701727e-08,8.346010618043661e-08,4.203761356996792e-08,1.037968372281585e-09,False,3.6835965659377393e-07,True,4.840450505717768e-06,True
2,6,gpu_rjd_corrected,2.611647832381573e-08,2.257019116098988e-08,4.0557715426322194e-08,2.042831774843951e-08,4.709143270235693e-10,False,1.2575162587271023e-06,True,1.1284775518013832e-06,True
2,7,cpu_cholesky,4.693853672945485e-16,0.0,0.0,0.0,7.070423914268969e-18,False,0.0,True,0.0,True
2,7,cpu_banded,5.807165932474567e-16,4.269031275442048e-16,6.529701173759083e-16,3.2866795049024466e-16,8.74742327818047e-18,False,5.459407100320856e-15,True,2.2770950123643833e-14,True
2,7,cpu_information_smoother,4.787717735405366e-16,3.0824334715965675e-16,4.958594635442854e-16,2.4958739960295995e-16,7.211812793886582e-18,False,6.418378176717289e-16,True,1.0008707442450818e-14,True
2,7,cpu_pcg,7.368050583519752e-08,5.4102376862723833e-08,9.583246034257378e-08,4.823659995009976e-08,1.1098607807678512e-09,False,4.473649468284101e-06,True,1.3111825554427864e-06,True
2,7,cpu_identity_corrected,7.651919248114095e-08,5.559827378208818e-08,9.815566423489341e-08,4.940596841205662e-08,1.1526203534664567e-09,False,3.375297752926285e-06,True,2.423097894844423e-06,True
2,7,cpu_reference_eigen_corrected,5.446534374733103e-08,4.431607540476115e-08,7.63119523747921e-08,3.8411088528409686e-08,8.204198510277451e-10,False,1.895782844559213e-06,True,2.429759014983398e-06,True
2,7,cpu_rjd_corrected,3.141670695302524e-08,2.6396430795774916e-08,4.577686443133669e-08,2.3041465163796664e-08,4.732346827198518e-10,False,4.3593137540476825e-06,True,3.2930539058734378e-06,True
2,7,gpu_cholesky,5.65798588040121e-16,3.566064236033255e-16,5.753439475551503e-16,2.895953597843694e-16,8.522711073411321e-18,False,5.352399883463542e-15,True,1.2634799406346349e-14,True
2,7,gpu_pcg,7.368050589757376e-08,5.4102376885070614e-08,9.583246035958723e-08,4.8236599958663365e-08,1.109860781707434e-09,False,4.473649473020696e-06,True,1.3111825464372308e-06,True
2,7,gpu_rjd_corrected,3.1416706962173684e-08,2.6396430798603125e-08,4.577686444013572e-08,2.3041465168225594e-08,4.732346828576562e-10,False,4.359313762922231e-06,True,3.293053914342754e-06,True
2,8,cpu_cholesky,5.965817988179539e-16,0.0,0.0,0.0,8.748494695326463e-18,False,0.0,True,0.0,True
2,8,cpu_banded,8.750829382475618e-16,5.908435085143426e-16,9.552906264652074e-16,4.850200180793265e-16,1.2832537731452994e-17,False,1.5334432698962985e-14,True,1.9165718113845604e-14,True
2,8,cpu_information_smoother,5.455925415198006e-16,3.151052168169121e-16,5.161898726515349e-16,2.62079847147889e-16,8.000769491715868e-18,False,1.3459662505684176e-15,True,6.870926789638111e-16,True
2,8,cpu_pcg,6.922628084339258e-08,5.2945722930667485e-08,9.599948464596312e-08,4.874084439714418e-08,1.0151596169735817e-09,False,1.4708796581296804e-06,True,7.138198026046319e-06,True
2,8,cpu_identity_corrected,6.83559193395327e-08,5.333392880250984e-08,9.734548840368518e-08,4.94242372294604e-08,1.002396316275945e-09,False,3.066657774087109e-07,True,8.347841799866287e-06,True
2,8,cpu_reference_eigen_corrected,7.005604317171886e-08,4.980885982253075e-08,7.846975812301806e-08,3.984065419372431e-08,1.027327574000986e-09,False,2.6132587149200955e-06,True,5.99771184696052e-06,True
2,8,cpu_rjd_corrected,8.967043194278435e-08,8.393653028423874e-08,1.572577615862316e-07,7.984288786533635e-08,1.3149601437516667e-09,False,8.119703554434451e-06,True,2.2000400692469845e-05,True
2,8,gpu_cholesky,5.996305735547064e-16,3.8018194823195316e-16,6.087421750364027e-16,3.090704886682544e-16,8.793203048254047e-18,False,1.0757508585934492e-14,True,1.8205296546111517e-14,True
2,8,gpu_pcg,6.922628081871736e-08,5.294572288394958e-08,9.599948452700296e-08,4.874084433674574e-08,1.015159616611735e-09,False,1.470879645927811e-06,True,7.138198008252898e-06,True
2,8,gpu_rjd_corrected,8.967043192506413e-08,8.393653025823244e-08,1.5725776153009047e-07,7.984288783683238e-08,1.3149601434918108e-09,False,8.119703543162233e-06,True,2.2000400663939824e-05,True
2,9,cpu_cholesky,5.332412020499715e-16,0.0,0.0,0.0,9.111859992850578e-18,False,0.0,True,0.0,True
2,9,cpu_banded,5.819910349697343e-16,4.3539576686382614e-16,6.917197970122729e-16,3.549566877983269e-16,9.944881992148578e-18,False,7.739703017041846e-15,True,2.039014157040548e-14,True
2,9,cpu_information_smoother,4.905506740608506e-16,3.1051680115737175e-16,4.863190634867849e-16,2.4955510126218154e-16,8.382377513697952e-18,False,4.9618008057276e-15,True,1.1397851297281116e-14,True
2,9,cpu_pcg,5.557930584080258e-08,4.435092795947644e-08,7.984863253580709e-08,4.0974403584451595e-08,9.497219099947312e-10,False,6.009772563627976e-06,True,9.27000409444611e-06,True
2,9,cpu_identity_corrected,5.699826823989048e-08,4.493180299196302e-08,8.051080348862341e-08,4.131419725406052e-08,9.739686988886403e-10,False,5.620334987606482e-06,True,8.846422817664064e-06,True
2,9,cpu_reference_eigen_corrected,5.3516102656285244e-08,4.0574252259378585e-08,6.338400336592942e-08,3.252556308399126e-08,9.144665328258487e-10,False,5.851360122108878e-06,True,4.346576708149614e-06,True
2,9,cpu_rjd_corrected,5.603777456656128e-08,4.7333577049161924e-08,8.119780017468681e-08,4.1666730272873575e-08,9.575560822030114e-10,False,1.4825028700099478e-05,True,2.7797939359878435e-07,True
2,9,gpu_cholesky,5.560338359418825e-16,3.1425959093161177e-16,4.996318598613513e-16,2.563865756928112e-16,9.501333439562841e-18,False,5.877181040716179e-15,True,1.7521928016612058e-14,True
2,9,gpu_pcg,5.5579305791517494e-08,4.435092792284028e-08,7.984863246900135e-08,4.0974403550170167e-08,9.49721909152563e-10,False,6.009772575663183e-06,True,9.270004086035588e-06,True
2,9,gpu_rjd_corrected,5.603777456554244e-08,4.733357705264005e-08,8.119780018208766e-08,4.166673027667133e-08,9.575560821856017e-10,False,1.4825028707666501e-05,True,2.7797940039681667e-07,True
2,10,cpu_cholesky,5.172362648758624e-16,0.0,0.0,0.0,8.681283547324034e-18,False,0.0,True,0.0,True
2,10,cpu_banded,6.368975286127097e-16,5.383531816216317e-16,9.26710601973507e-16,4.822389778218825e-16,1.0689675902372867e-17,False,1.4874146169053232e-14,True,1.7596397372550957e-14,True
2,10,cpu_information_smoother,5.870941253098598e-16,3.322550354475902e-16,4.9479655963340145e-16,2.5748079998141325e-16,9.853776536736658e-18,False,2.637602934039193e-15,True,1.1080373180447167e-14,True
2,10,cpu_pcg,8.496274981963046e-08,6.90467054961049e-08,1.2320685894766085e-07,6.411402825546112e-08,1.4260131625756667e-09,False,3.952190752970994e-06,True,1.3519293787835148e-05,True
2,10,cpu_identity_corrected,8.427798519152682e-08,6.917229939279848e-08,1.2393394385745387e-07,6.449238659402077e-08,1.4145200859879225e-09,False,3.825001572147131e-06,True,1.3016791297827165e-05,True
2,10,cpu_reference_eigen_corrected,7.601576498747608e-08,6.380464671375256e-08,1.0737625608269723e-07,5.5876145007285595e-08,1.2758471559009568e-09,False,2.400350173794002e-06,True,3.528912526694587e-06,True
2,10,cpu_rjd_corrected,5.413462279870173e-08,5.140302989389631e-08,9.595059311898987e-08,4.99304916211888e-08,9.085944633242988e-10,False,1.0171499135090986e-05,True,1.4329500142371096e-05,True
2,10,gpu_cholesky,5.778095903503012e-16,4.1539813603132943e-16,6.707285103311555e-16,3.4903175870576394e-16,9.697945080084414e-18,False,2.7985103402320305e-15,True,1.8018482643197197e-14,True
2,10,gpu_pcg,8.496274980556865e-08,6.904670547735886e-08,1.2320685890944063e-07,6.411402823557221e-08,1.4260131623396538e-09,False,3.952190743344886e-06,True,1.3519293792954439e-05,True
2,10,gpu_rjd_corrected,5.4134622786857384e-08,5.140302990628843e-08,9.595059312881471e-08,4.993049162630143e-08,9.085944631255033e-10,False,1.017149912464904e-05,True,1.4329500137655211e-05,True
2,11,cpu_cholesky,7.280640753842676e-16,0.0,0.0,0.0,1.236461969163292e-17,False,0.0,True,0.0,True
2,11,cpu_banded,8.102655484393961e-16,5.270801383495719e-16,8.582829105313946e-16,4.422093723386153e-16,1.3760636864822286e-17,False,1.865552202109489e-14,True,2.166530677127456e-15,True
2,11,cpu_information_smoother,7.151658767258322e-16,3.832405466607285e-16,5.943005452311859e-16,3.0619888601121874e-16,1.2145571222534222e-17,False,1.696687851268483e-15,True,4.389079717746635e-15,True
2,11,cpu_pcg,7.043142099453931e-08,5.471717899920518e-08,9.437375459746525e-08,4.862377926171826e-08,1.19612787528859e-09,False,4.2362667504321396e-06,True,2.7023435143390173e-06,True
2,11,cpu_identity_corrected,6.952727092659047e-08,5.5123415709883854e-08,9.605784592746736e-08,4.949146631555935e-08,1.1807728098798096e-09,False,4.1424375154426435e-06,True,3.00683700690075e-06,True
2,11,cpu_reference_eigen_corrected,7.812789272186141e-08,6.585180674018436e-08,1.1215642277622397e-07,5.7785866071726024e-08,1.3268360991623729e-09,False,1.7075455981863326e-06,True,3.3397069579504244e-06,True
2,11,cpu_rjd_corrected,2.693398748087107e-08,2.1164827309486406e-08,3.483287017020097e-08,1.7946788250951216e-08,4.5741648586846387e-10,False,2.8534670036645487e-07,True,2.739731790277806e-07,True
2,11,gpu_cholesky,6.939940417725702e-16,3.809901089079988e-16,5.701419206645487e-16,2.9375174291295697e-16,1.1786012639406853e-17,False,2.1781863390205675e-15,True,1.3028844303510416e-14,True
2,11,gpu_pcg,7.043142100614277e-08,5.471717900754216e-08,9.437375460269753e-08,4.862377926441407e-08,1.1961278754856502e-09,False,4.236266750766771e-06,True,2.702343518794259e-06,True
2,11,gpu_rjd_corrected,2.6933987476776477e-08,2.1164827316130218e-08,3.483287016405877e-08,1.79467882477866e-08,4.5741648579892584e-10,False,2.853467005564699e-07,True,2.739731793545168e-07,True
2,12,cpu_cholesky,5.515346439849183e-16,0.0,0.0,0.0,8.137691142958212e-18,False,0.0,True,0.0,True
2,12,cpu_banded,9.30163872886899e-16,6.992436014620556e-16,1.0407433601681794e-15,5.58500873241892e-16,1.3724226378965985e-17,False,5.5866476733264456e-15,True,4.6652720328369905e-15,True
2,12,cpu_information_smoother,5.40893519997353e-16,2.796336350299978e-16,3.832020361306714e-16,2.056401991096696e-16,7.980685266048877e-18,False,3.3984036339142066e-16,True,1.0864085767578966e-15,True
2,12,cpu_pcg,5.6873424451921974e-08,4.2889919717420203e-08,7.145855383186157e-08,3.834726815768318e-08,8.391464935868683e-10,False,3.737060055348493e-06,True,6.785020990063239e-06,True
2,12,cpu_identity_corrected,5.8507000961552333e-08,4.3540193571457366e-08,7.208095160473429e-08,3.8681269519553086e-08,8.63249314927163e-10,False,3.02044233500456e-06,True,6.3378469533866935e-06,True
2,12,cpu_reference_eigen_corrected,1.6624517474824432e-08,1.25886369171721e-08,1.9399740031331343e-08,1.0410608573484815e-08,2.4528865037891063e-10,False,1.0820719138278051e-06,True,2.372544476628228e-06,True
2,12,cpu_rjd_corrected,9.763522544703947e-08,9.024250964670184e-08,1.5934418621072776e-07,8.550990623695075e-08,1.440571881328631e-09,False,2.710357036209466e-05,True,1.0486433966628004e-05,True
2,12,gpu_cholesky,6.444805243185681e-16,3.0851464649252366e-16,4.3342218251901007e-16,2.3259016265081617e-16,9.509073476624054e-18,False,2.061277998826136e-15,True,1.4798991796437342e-15,True
2,12,gpu_pcg,5.687342444654114e-08,4.28899197020988e-08,7.145855379976982e-08,3.834726814046158e-08,8.39146493507476e-10,False,3.737060058992708e-06,True,6.785020986801015e-06,True
2,12,gpu_rjd_corrected,9.76352254033415e-08,9.024250958308357e-08,1.593441860687608e-07,8.55099061607661e-08,1.440571880683883e-09,False,2.710357037260339e-05,True,1.0486433994003237e-05,True
2,13,cpu_cholesky,4.898173164027248e-16,0.0,0.0,0.0,9.41547255590058e-18,False,0.0,True,0.0,True
2,13,cpu_banded,6.538103792172259e-16,4.075126141336169e-16,6.100119631195685e-16,3.1133804269242537e-16,1.2567815542930647e-17,False,9.01367059941427e-15,True,3.7700881189195193e-16,True
2,13,cpu_information_smoother,5.510943454512913e-16,2.403713277292382e-16,3.8478571793865017e-16,1.9638702111082582e-16,1.059336514155089e-17,False,2.2276896634367193e-15,True,3.1019555177648427e-15,True
2,13,cpu_pcg,6.048323862682367e-08,4.7632697818257034e-08,8.459918427278367e-08,4.317775066273837e-08,1.1626340150529074e-09,False,2.481233075196167e-06,True,9.286214783345744e-06,True
2,13,cpu_identity_corrected,6.40485633198151e-08,4.893716117279531e-08,8.565524784868991e-08,4.371674462770912e-08,1.231168171228967e-09,False,1.822311641206534e-06,True,7.774839317035202e-06,True
2,13,cpu_reference_eigen_corrected,2.310335885306245e-08,1.7707421657042752e-08,2.7568076441000908e-08,1.4070201043342544e-08,4.441023904282668e-10,False,5.186128337650559e-07,True,4.028486718070217e-07,True
2,13,cpu_rjd_corrected,8.909520142330611e-08,7.878333945550738e-08,1.4214967074439908e-07,7.255038086893911e-08,1.7126250812504193e-09,False,1.3693088756351966e-05,True,1.2941985085031752e-06,True
2,13,gpu_cholesky,5.429714346318957e-16,2.9375302521184977e-16,4.4061161592745127e-16,2.248794554599757e-16,1.0437223165077429e-17,False,1.7747086818843369e-15,True,8.958751580754954e-15,True
2,13,gpu_pcg,6.048323859834421e-08,4.7632697807405126e-08,8.459918425631648e-08,4.317775065433384e-08,1.1626340145054636e-09,False,2.481233084903502e-06,True,9.28621478794904e-06,True
2,13,gpu_rjd_corrected,8.909520138942125e-08,7.878333943739059e-08,1.4214967071629562e-07,7.255038085459565e-08,1.7126250805990702e-09,False,1.3693088746806215e-05,True,1.2941985106567463e-06,True
2,14,cpu_cholesky,4.879916195315163e-16,0.0,0.0,0.0,1.0312592839541666e-17,False,0.0,True,0.0,True
2,14,cpu_banded,5.791256392083031e-16,4.2180490208941513e-16,7.235194597749486e-16,3.692640422250867e-16,1.223850304197453e-17,False,8.330328642797911e-15,True,1.1496561773895957e-14,True
2,14,cpu_information_smoother,6.091274334700938e-16,2.3482815363315614e-16,3.574577868011727e-16,1.8243643000299098e-16,1.2872522718325878e-17,False,9.235646819469414e-16,True,1.209248203623858e-15,True
2,14,cpu_pcg,7.093244143328985e-08,5.8456876465017606e-08,1.037672050903459e-07,5.2959871478756655e-08,1.4989957975878696e-09,False,1.8852295415206666e-06,True,2.4214065507951184e-06,True
2,14,cpu_identity_corrected,7.659256242786677e-08,6.085014025193197e-08,1.0598888326623688e-07,5.409375371601941e-08,1.6186095781124394e-09,False,2.8382507452608243e-06,True,6.377668269082143e-07,True
2,14,cpu_reference_eigen_corrected,3.715287634014483e-08,3.2003639680933155e-08,5.5757990982023674e-08,2.8457314945995167e-08,7.851415256193215e-10,False,4.836820376117306e-07,True,2.7047871732666645e-06,True
2,14,cpu_rjd_corrected,3.1318876397771335e-08,2.828389035962395e-08,5.224583130529307e-08,2.6664807140368343e-08,6.618532076673668e-10,False,4.0098661233459314e-07,True,1.713499526154863e-06,True
2,14,gpu_cholesky,5.04074536200355e-16,2.6196052165990763e-16,3.9967597568310617e-16,2.039834096610283e-16,1.0652468699371468e-17,False,1.0500100582734511e-14,True,1.1833330856151219e-14,True
2,14,gpu_pcg,7.093244145277436e-08,5.8456876471002946e-08,1.0376720510432988e-07,5.295987148589368e-08,1.4989957979996304e-09,False,1.8852295409291797e-06,True,2.421406533319357e-06,True
2,14,gpu_rjd_corrected,3.131887641738249e-08,2.828389036544401e-08,5.224583131286557e-08,2.6664807144233133e-08,6.618532080818041e-10,False,4.009866384616182e-07,True,1.713499522700751e-06,True
2,15,cpu_cholesky,4.9933760890844e-16,0.0,0.0,0.0,1.1416030318670779e-17,False,0.0,True,0.0,True
2,15,cpu_banded,5.9152347419495735e-16,5.025806416335534e-16,8.684281767148692e-16,4.482282107219439e-16,1.3523615676329572e-17,False,5.890948745847025e-15,True,1.4940742950561787e-14,True
2,15,cpu_information_smoother,4.3685526571602994e-16,2.3156728866084884e-16,3.6385342783150037e-16,1.877983410659261e-16,9.987537227943179e-18,False,9.665434935515532e-16,True,1.4028566276352156e-14,True
2,15,cpu_pcg,7.676002177920284e-08,6.270983394506851e-08,1.1251406799031821e-07,5.807271197386055e-08,1.7549143502667813e-09,False,3.687144535610865e-06,True,5.028000993152268e-06,True
2,15,cpu_identity_corrected,8.080008041876784e-08,6.534770699552645e-08,1.1691856897196284e-07,6.034603940272612e-08,1.8472795802894498e-09,False,3.153408227241879e-06,True,4.380237710898951e-06,True
2,15,cpu_reference_eigen_corrected,2.0178630328764145e-08,1.775488227345485e-08,3.062331671015661e-08,1.5805837285576275e-08,4.613308718245597e-10,False,6.428165956765292e-07,True,1.990034393127505e-06,True
2,15,cpu_rjd_corrected,7.870323586672184e-08,7.153105136463097e-08,1.2954615966912983e-07,6.686361049919986e-08,1.7993407847901689e-09,False,4.63005401024494e-06,True,4.140125716136671e-06,True
2,15,gpu_cholesky,3.8279564984602547e-16,3.6403046541515007e-16,6.100098105565384e-16,3.1484884212636766e-16,8.751607462635177e-18,False,5.617741903043377e-17,True,1.3960445649208793e-14,True
2,15,gpu_pcg,7.676002178813334e-08,6.2709833945437e-08,1.1251406797733227e-07,5.8072711967158025e-08,1.7549143504709532e-09,False,3.6871445342801644e-06,True,5.028000984537064e-06,True
2,15,gpu_rjd_corrected,7.870323588124022e-08,7.153105139062266e-08,1.2954615974289028e-07,6.686361053727038e-08,1.7993407851220933e-09,False,4.63005402511554e-06,True,4.140125722000781e-06,True
3,0,cpu_cholesky,4.041704196674093e-16,0.0,0.0,0.0,1.127272726649245e-17,False,0.0,True,0.0,True
3,0,cpu_banded,5.261187920147115e-16,4.202497083577396e-16,8.155842687753915e-16,3.742826659303534e-16,1.4673992364504908e-17,False,1.7872269011708064e-14,True,4.581238383083241e-14,True
3,0,cpu_information_smoother,3.396864914432259e-16,2.0816061638357742e-16,3.7702923216356786e-16,1.7302382053020808e-16,9.47420441432166e-18,False,5.640138970930786e-15,True,1.0142650340746527e-14,True
3,0,cpu_pcg,3.321851609681916e-08,2.921641493217105e-08,5.98521028107608e-08,2.7466940522510813e-08,9.264984622938477e-10,False,1.4683698286376293e-07,True,1.8030045827259803e-06,True
3,0,cpu_identity_corrected,3.612692204370462e-08,3.216741507574583e-08,6.623446934559565e-08,3.0395894958070836e-08,1.0076168839516548e-09,False,2.1166372577589e-06,True,3.0160983489905328e-06,True
3,0,cpu_reference_eigen_corrected,2.45687538797437e-09,2.273269821719217e-09,4.604629886333449e-09,2.11312701269633e-09,6.852477275248608e-11,False,9.460175937254447e-08,True,1.611654142547506e-07,True
3,0,cpu_rjd_corrected,3.829890817031131e-08,3.577289696820797e-08,7.44951239966261e-08,3.418682124673019e-08,1.0681957985868157e-09,False,1.8873971389033095e-06,True,4.7261834618984485e-06,True
3,0,gpu_cholesky,3.69529182728056e-16,3.1093616269528156e-16,6.163136902406643e-16,2.828346988337718e-16,1.0306547662075543e-17,False,1.915163071972037e-14,True,2.376126763285394e-14,True
3,0,gpu_pcg,3.321851608618884e-08,2.9216414921670504e-08,5.985210278508326e-08,2.7466940510727043e-08,9.264984619973573e-10,False,1.4683702044397904e-07,True,1.8030046027795178e-06,True
3,0,gpu_rjd_corrected,3.829890816352688e-08,3.577289695832772e-08,7.449512395958301e-08,3.4186821229730614e-08,1.068195798397591e-09,False,1.8873971778238805e-06,True,4.72618345038013e-06,True
3,1,cpu_cholesky,6.04915031473778e-14,0.0,0.0,0.0,6.593759432793031e-18,False,0.0,True,0.0,True
3,1,cpu_banded,6.28130042617983e-14,2.1166232702400585e-14,8.202875578739565e-15,1.1691533897004937e-14,6.846810176699184e-18,False,3.461273717942631e-13,True,4.380404881702889e-13,True
3,1,cpu_information_smoother,5.462419347715408e-14,1.066952615494379e-13,8.903787867378182e-14,1.2690542074415923e-13,5.954204677659009e-18,False,9.988991268186382e-12,True,8.936038862468917e-12,True
3,1,cpu_pcg,8.467297225636402e-08,3.8977028250065435e-08,3.6464747396406696e-09,5.197309481760055e-09,9.229613754753728e-12,False,2.0968959967257523e-07,True,3.878521639463673e-08,True
3,1,cpu_identity_corrected,8.674913049985247e-08,3.901483017333172e-08,3.6467159972791965e-09,5.197653345546806e-09,9.4559213729903e-12,False,2.1091535870764543e-07,True,3.7619731802332285e-08,True
3,1,cpu_reference_eigen_corrected,8.687297173030213e-08,2.5135316218362997e-08,2.9262998486505364e-09,4.1708463751385155e-09,9.469420448292076e-12,False,1.7717196144295028e-07,True,9.745998891194583e-08,True
3,1,cpu_rjd_corrected,7.381635148936157e-08,4.351069984505438e-08,4.742465823669399e-09,6.759422278271108e-09,8.046208765514541e-12,False,4.867135914532278e-07,True,6.207479622337605e-07,True
3,1,gpu_cholesky,6.940324848207673e-14,3.0129854733352564e-14,1.9884433550119605e-14,2.8341223348128347e-14,7.56516701577446e-18,False,2.2626344944548964e-12,True,2.1035470465123086e-12,True
3,1,gpu_pcg,8.243228106792987e-08,3.876871757123141e-08,3.636090414153334e-09,5.182508733867768e-09,8.985371540724754e-12,False,2.1456513004313453e-07,True,3.6663038620339026e-08,True
3,1,gpu_rjd_corrected,5.948286917880258e-08,3.237933270219986e-08,3.3897799465947144e-09,4.831443165091797e-09,6.48381522684843e-12,False,3.091870488774802e-07,True,4.18444923769377e-07,True
3,2,cpu_cholesky,4.3809439512177284e-16,0.0,0.0,0.0,7.912174005885948e-18,False,0.0,True,0.0,True
3,2,cpu_banded,6.675870562462923e-16,4.8247632535599525e-16,8.436240755865272e-16,4.0037305950463403e-16,1.2056910592589592e-17,False,1.096216203046873e-14,True,4.968392740676165e-14,True
3,2,cpu_information_smoother,5.303196470101049e-16,3.4814449414984815e-16,6.332849037349064e-16,3.0054881289413427e-16,9.577801890657941e-18,False,1.977076705145919e-14,True,1.1056625798412992e-14,True
3,2,cpu_pcg,7.661722669012735e-08,6.212383213125177e-08,1.221048481266397e-07,5.794937939724223e-08,1.3837402086445861e-09,False,5.039570885053249e-06,True,1.117207172906259e-06,True
3,2,cpu_identity_corrected,7.987783365896034e-08,6.295544000382339e-08,1.2218901020234502e-07,5.7989321628289836e-08,1.4426281784200445e-09,False,5.293939931406184e-06,True,1.7821804528148983e-06,True
3,2,cpu_reference_eigen_corrected,8.542987135022738e-08,7.02766049309725e-08,1.277685412129417e-07,6.063729477884324e-08,1.5429004058948561e-09,False,2.858091958061781e-06,True,3.630753779642007e-06,True
3,2,cpu_rjd_corrected,2.9575474900226584e-08,2.440203808919304e-08,4.572476772464475e-08,2.170038252681077e-08,5.341458489964562e-10,False,4.077041071312268e-06,True,1.3424197945949001e-06,True
3,2,gpu_cholesky,4.851045793136049e-16,3.0710516185390493e-16,5.337697197591334e-16,2.5332019551755464e-16,8.761198237915064e-18,False,4.941687560042849e-15,True,1.9105958803092974e-14,True
3,2,gpu_pcg,7.661722664712877e-08,6.21238321197065e-08,1.2210484811971633e-07,5.794937939395648e-08,1.383740207868013e-09,False,5.039570863556147e-06,True,1.1172072084526895e-06,True
3,2,gpu_rjd_corrected,2.9575474928318058e-08,2.4402038104106386e-08,4.572476773708152e-08,2.17003825327131e-08,5.341458495038003e-10,False,4.077041100483155e-06,True,1.3424197802276276e-06,True
3,3,cpu_cholesky,4.864689221222803e-16,0.0,0.0,0.0,9.313936082417743e-18,False,0.0,True,0.0,True
3,3,cpu_banded,5.478118639803912e-16,4.588082768944128e-16,8.405902131299989e-16,3.901705504158992e-16,1.0488408311972211e-17,False,4.8863987421342664e-15,True,2.6957245505280635e-14,True
3,3,cpu_information_smoother,5.848710607262085e-16,3.6195494731437747e-16,5.920346652895878e-16,2.7480035766917426e-16,1.1197943852804813e-17,False,4.023726143164393e-14,True,1.5146302286615628e-14,True
3,3,cpu_pcg,6.417537342997437e-08,4.987208374111831e-08,9.566249709171709e-08,4.440295468758006e-08,1.2287019767847535e-09,False,3.4059500764322975e-06,True,1.479195167232092e-06,True
3,3,cpu_identity_corrected,6.521441416081344e-08,5.004787290426993e-08,9.542928706600918e-08,4.429470731249566e-08,1.2485954549459296e-09,False,3.072530524915157e-06,True,2.2059972751834945e-06,True
3,3,cpu_reference_eigen_corrected,5.79261997236606e-08,4.4817016986542306e-08,7.920203720518059e-08,3.6762624603180734e-08,1.109055258310658e-09,False,5.860016476528509e-06,True,2.6783933489175684e-06,True
3,3,cpu_rjd_corrected,2.2306099195497166e-08,2.0046129307687515e-08,4.012726104868371e-08,1.862557437083328e-08,4.270726701252557e-10,False,5.016454676673529e-07,True,1.84207780304206e-06,True
3,3,gpu_cholesky,5.247668921284843e-16,4.1362195366028605e-16,7.604407459505338e-16,3.52968164239513e-16,1.0047189181439913e-17,False,4.5473800308905925e-14,True,5.8590791547914906e-15,True
3,3,gpu_pcg,6.417537341550818e-08,4.987208371926461e-08,9.566249705505831e-08,4.440295467056443e-08,1.228701976507784e-09,False,3.4059500689342094e-06,True,1.4791951644312668e-06,True
3,3,gpu_rjd_corrected,2.2306099214798115e-08,2.0046129294136818e-08,4.0127261022357825e-08,1.8625574358613792e-08,4.2707267049479174e-10,False,5.01645452388427e-07,True,1.8420778386112168e-06,True
3,4,cpu_cholesky,4.261749465621642e-16,0.0,0.0,0.0,9.156985232015532e-18,False,0.0,True,0.0,True
3,4,cpu_banded,6.177753333640836e-16,4.400310061143076e-16,8.065505665795906e-16,3.606102915939393e-16,1.327379671177651e-17,False,7.537245273664979e-14,True,7.385001090388928e-14,True
3,4,cpu_information_smoother,4.797071236371915e-16,2.1903008055548525e-16,3.8259947750523275e-16,1.7106095372538053e-16,1.0307201496176342e-17,False,6.729522093271478e-14,True,4.338455941256592e-14,True
3,4,cpu_pcg,5.411206535808248e-08,4.3130762390830975e-08,8.733798486924515e-08,3.904897906710183e-08,1.162676003151034e-09,False,6.307837661011854e-07,True,2.9788419212372333e-07,True
3,4,cpu_identity_corrected,5.4855138204076027e-08,4.4557933940837594e-08,9.11782494692986e-08,4.076596867024099e-08,1.1786419976646294e-09,False,1.9990805117121963e-08,True,1.6800757201514413e-06,True
3,4,cpu_reference_eigen_corrected,5.800395054315129e-08,5.231578237019147e-08,1.0540405196690092e-07,4.7126352010585385e-08,1.2462987699351193e-09,False,7.3087714318008405e-06,True,6.033224784098571e-06,True
3,4,cpu_rjd_corrected,2.9261452813981813e-08,2.5728636715600385e-08,5.262345728185501e-08,2.3528047789447967e-08,6.287246405845521e-10,False,3.762105113056477e-07,True,2.749562122376084e-06,True
3,4,gpu_cholesky,4.779039137429586e-16,2.865750398743512e-16,5.123129692733144e-16,2.2905610248402954e-16,1.0268456923073415e-17,False,4.563438635973906e-14,True,4.7317712021122176e-14,True
3,4,gpu_pcg,5.411206536409094e-08,4.313076237641188e-08,8.73379848247366e-08,3.904897904720197e-08,1.1626760032801342e-09,False,6.307837026942029e-07,True,2.978842989212961e-07,True
3,4,gpu_rjd_corrected,2.9261452750132343e-08,2.572863668765776e-08,5.262345725961501e-08,2.3528047779504423e-08,6.287246392126539e-10,False,3.76210515899917e-07,True,2.7495621425875105e-06,True
3,5,cpu_cholesky,3.799417972149656e-16,0.0,0.0,0.0,8.703551727378527e-18,False,0.0,True,0.0,True
3,5,cpu_banded,5.209290945993352e-16,4.3550321015058974e-16,8.696645182687732e-16,3.979003985677351e-16,1.1933231232721001e-17,False,2.788221891567347e-14,True,4.8310676865696124e-14,True
3,5,cpu_information_smoother,4.0071321616604806e-16,2.526549677003491e-16,4.576831440271703e-16,2.0940523799760525e-16,9.179374920870218e-18,False,2.5876852452346204e-14,True,2.0862268055342872e-14,True
3,5,cpu_pcg,6.357372002862596e-08,5.1332327599086724e-08,1.0050392687196857e-07,4.59838842679098e-08,1.4563208499524638e-09,False,3.614949428583294e-06,True,8.600975367146671e-07,True
3,5,cpu_identity_corrected,6.707516631536526e-08,5.2464805928725014e-08,1.0076332831449469e-07,4.610256904255791e-08,1.5365305543886428e-09,False,3.6225417333568915e-06,True,1.1356941280669985e-07,True
3,5,cpu_reference_eigen_corrected,3.876950852520605e-08,3.311946001709853e-08,6.414823689593103e-08,2.934994873554214e-08,8.881160942644472e-10,False,1.150730391840867e-06,True,5.146711488125592e-06,True
3,5,cpu_rjd_corrected,3.395579032159909e-08,3.072132408708479e-08,6.253773437767092e-08,2.8613090348832624e-08,7.778453897926696e-10,False,1.1916210001019467e-06,True,1.551267306146647e-07,True
3,5,gpu_cholesky,3.6023490998199015e-16,2.8366217797719356e-16,5.397830418061927e-16,2.469686677597785e-16,8.252114392304875e-18,False,1.3662653754491765e-14,True,5.6683101629060495e-14,True
3,5,gpu_pcg,6.357372000372983e-08,5.1332327589115625e-08,1.0050392686848183e-07,4.59838842663145e-08,1.4563208493821536e-09,False,3.614949471028075e-06,True,8.600975344585271e-07,True
3,5,gpu_rjd_corrected,3.395579028859091e-08,3.072132407887179e-08,6.25377343825804e-08,2.8613090351078876e-08,7.778453890365317e-10,False,1.191621003985673e-06,True,1.5512678171122885e-07,True
3,6,cpu_cholesky,5.453971753036272e-16,0.0,0.0,0.0,9.818554817987185e-18,False,0.0,True,0.0,True
3,6,cpu_banded,7.266171088578072e-16,4.614040297691923e-16,8.122953495272525e-16,3.724815124691708e-16,1.3080980683546812e-17,False,3.8304562564366683e-14,True,3.9877928168523254e-15,True
3,6,cpu_information_smoother,5.570152535593384e-16,2.435826930867366e-16,3.8888875107001194e-16,1.783266028361585e-16,1.0027710170084231e-17,False,4.898427203694006e-15,True,1.148508492770853e-14,True
3,6,cpu_pcg,6.490267033071053e-08,5.063672495638585e-08,1.0089270172277422e-07,4.626478060802812e-08,1.1684153416728157e-09,False,1.514489865713398e-08,True,2.9352829553574794e-06,True
3,6,cpu_identity_corrected,6.645032808825496e-08,5.2577922538455494e-08,1.0519060967849857e-07,4.823560471373449e-08,1.1962771707141715e-09,False,1.3165603708604803e-06,True,1.918812485606449e-06,True
3,6,cpu_reference_eigen_corrected,1.6768082023632866e-08,1.3929483385377666e-08,2.6790580240864122e-08,1.2284935342608354e-08,3.0186869376051337e-10,False,9.997075777937243e-07,True,1.061341880211817e-06,True
3,6,cpu_rjd_corrected,3.150846498332973e-08,2.801442213596986e-08,5.6972937590105825e-08,2.6125184608929385e-08,5.672335751370278e-10,False,3.4522850293355366e-06,True,9.705592203674939e-07,True
3,6,gpu_cholesky,5.436953092864072e-16,2.586313915092704e-16,4.207349740263328e-16,1.9292982480474967e-16,9.78791684342554e-18,False,1.6436005091810677e-15,True,4.330516124674311e-15,True
3,6,gpu_pcg,6.490267034862078e-08,5.0636724981813296e-08,1.0089270177972344e-07,4.6264780634142426e-08,1.1684153419952466e-09,False,1.514484278403498e-08,True,2.935283002047671e-06,True
3,6,gpu_rjd_corrected,3.1508464994227146e-08,2.8014422135972496e-08,5.697293758731708e-08,2.6125184607650597e-08,5.672335753332094e-10,False,3.4522850343199266e-06,True,9.705591984926412e-07,True
3,7,cpu_cholesky,6.176091478425238e-16,0.0,0.0,0.0,9.190325494769048e-18,False,0.0,True,0.0,True
3,7,cpu_banded,7.437952597926652e-16,5.114193977997797e-16,9.245852121374062e-16,4.108312309543341e-16,1.1068036415652078e-17,False,3.1106660198984575e-15,True,2.7004943234726886e-16,True
3,7,cpu_information_smoother,6.357603226918852e-16,2.8248797988153577e-16,4.728919062588683e-16,2.101253204207639e-16,9.46042383376035e-18,False,2.0095782259485915e-14,True,1.6677113462160378e-14,True
3,7,cpu_pcg,7.588065589330832e-08,5.602972262781302e-08,1.1404004344479817e-07,5.0672680907586734e-08,1.1291411881126969e-09,False,1.337044162722414e-06,True,2.0649547909406473e-06,True
3,7,cpu_identity_corrected,7.696331099217554e-08,5.6148754639602364e-08,1.1378458142503954e-07,5.055916862698591e-08,1.145251624233477e-09,False,1.2723395725176105e-06,True,2.32420819517968e-06,True
3,7,cpu_reference_eigen_corrected,4.8634855394054155e-08,3.835858530118823e-08,7.23533349745762e-08,3.2149562075019286e-08,7.237103875124871e-10,False,3.6555139929193237e-06,True,9.124610861817672e-07,True
3,7,cpu_rjd_corrected,3.0367436720895636e-08,2.6943996135165142e-08,5.4489309820145635e-08,2.4211841086568945e-08,4.5188227504771224e-10,False,3.6411196640842712e-06,True,3.6391298598043417e-06,True
3,7,gpu_cholesky,5.871909582054521e-16,3.583043824284189e-16,6.290919915771635e-16,2.7953144165661857e-16,8.737687989798707e-18,False,2.436712509191524e-14,True,2.90059343715458e-14,True
3,7,gpu_pcg,7.588065586698826e-08,5.602972262393031e-08,1.1404004346927852e-07,5.067268091846436e-08,1.1291411877210415e-09,False,1.337044184982966e-06,True,2.0649547633338776e-06,True
3,7,gpu_rjd_corrected,3.0367436679876464e-08,2.6943996104688566e-08,5.448930975716714e-08,2.421184105858501e-08,4.5188227443732713e-10,False,3.641119625146455e-06,True,3.6391298031857215e-06,True
3,8,cpu_cholesky,5.712769762528158e-16,0.0,0.0,0.0,8.428612929356466e-18,False,0.0,True,0.0,True
3,8,cpu_banded,8.376995729767443e-16,6.009895428498913e-16,1.0275512559440812e-15,4.728690819382299e-16,1.2359408387191014e-17,False,4.1222157619849397e-14,True,1.5416283741012947e-14,True
3,8,cpu_information_smoother,5.817930554672237e-16,3.482038482635938e-16,5.977693623676314e-16,2.750876396271618e-16,8.583767022584738e-18,False,1.4639706137825552e-15,True,1.0096472414965859e-14,True
3,8,cpu_pcg,6.541681835142892e-08,4.89167411025516e-08,9.693653332933142e-08,4.460924869348811e-08,9.651588693459242e-10,False,2.3242702188760253e-06,True,5.7085726672746664e-06,True
3,8,cpu_identity_corrected,6.692093592540455e-08,5.000408378586544e-08,9.908790071931526e-08,4.5599287016859945e-08,9.873506002388758e-10,False,1.213001646373826e-06,True,4.33985935664606e-06,True
3,8,cpu_reference_eigen_corrected,6.520131574140641e-08,4.74444547675354e-08,8.314047164434076e-08,3.826043544878925e-08,9.619793586452031e-10,False,2.265887720314282e-06,True,4.140438935165385e-06,True
3,8,cpu_rjd_corrected,9.641875432195714e-08,9.245679113606966e-08,1.9664458285736057e-07,9.049392215325809e-08,1.4225610028376214e-09,False,1.0367728091759187e-05,True,3.467019991983081e-05,True
3,8,gpu_cholesky,5.698364309333791e-16,3.458596111230497e-16,5.529377488622737e-16,2.5445656765147665e-16,8.407359142823058e-18,False,7.657059248339629e-15,True,1.3800614088119024e-15,True
3,8,gpu_pcg,6.54168183550408e-08,4.891674112296188e-08,9.69365333853704e-08,4.46092487192767e-08,9.651588693992141e-10,False,2.3242702857548114e-06,True,5.708572686433862e-06,True
3,8,gpu_rjd_corrected,9.641875428274769e-08,9.245679110642098e-08,1.9664458279303618e-07,9.049392212365663e-08,1.4225610022591258e-09,False,1.0367728120741696e-05,True,3.4670199934593985e-05,True
3,9,cpu_cholesky,4.793051345551247e-16,0.0,0.0,0.0,8.117184727481783e-18,False,0.0,True,0.0,True
3,9,cpu_banded,7.932106246381955e-16,5.13600462504041e-16,8.532364911620666e-16,3.94281260309823e-16,1.3433273928862825e-17,False,1.3654707433377068e-14,True,2.7303669618533167e-15,True
3,9,cpu_information_smoother,5.20879672968657e-16,2.977196303183564e-16,4.954042199887054e-16,2.2892668356685436e-16,8.821262743619994e-18,False,1.2799293923053768e-14,True,1.852478094884185e-14,True
3,9,cpu_pcg,5.387192451322079e-08,4.297232995212679e-08,8.566770152661456e-08,3.9587112923119904e-08,9.123381562449071e-10,False,2.9315650809968913e-06,True,4.324069776436603e-06,True
3,9,cpu_identity_corrected,5.508327679993113e-08,4.313829689635613e-08,8.535654123242714e-08,3.9443325504014685e-08,9.328527921307618e-10,False,2.3233214514138656e-06,True,3.876442888217755e-06,True
3,9,cpu_reference_eigen_corrected,5.853951390270212e-08,4.396931645918997e-08,7.613790653309725e-08,3.518338708689738e-08,9.913852623582851e-10,False,7.11162783629613e-07,True,4.386691363339565e-06,True
3,9,cpu_rjd_corrected,5.913977241680236e-08,4.8973227755907496e-08,9.248354085341536e-08,4.273671769000022e-08,1.0015508348716514e-09,False,3.537656544690746e-06,True,5.685177725129336e-06,True
3,9,gpu_cholesky,6.441109888250438e-16,3.447141310626724e-16,5.686078964193148e-16,2.627541605926709e-16,1.0908224227864019e-17,False,1.0141018261763853e-14,True,3.9041638347064743e-14,True
3,9,gpu_pcg,5.3871924449650984e-08,4.297232990001266e-08,8.566770141712806e-08,3.958711287252611e-08,9.123381551683324e-10,False,2.931565120239822e-06,True,4.32406981700429e-06,True
3,9,gpu_rjd_corrected,5.913977238632518e-08,4.897322773662171e-08,9.248354080319811e-08,4.273671766679479e-08,1.0015508343555107e-09,False,3.5376565813450782e-06,True,5.6851777160440816e-06,True
3,10,cpu_cholesky,5.748129802148303e-16,0.0,0.0,0.0,9.715485681559866e-18,False,0.0,True,0.0,True
3,10,cpu_banded,6.13044976703394e-16,4.34079996185628e-16,7.47175103187282e-16,3.42655157056183e-16,1.0361682666052568e-17,False,3.359092387836793e-14,True,4.919757792195936e-14,True
3,10,cpu_information_smoother,5.130750455604761e-16,3.1417293015950975e-16,5.301009585065381e-16,2.4310476408789257e-16,8.671991465546716e-18,False,4.1144928146611525e-15,True,2.1757450697628743e-14,True
3,10,cpu_pcg,7.626278147045696e-08,5.9315413741703184e-08,1.1984995106036172e-07,5.496329257838033e-08,1.28899309236583e-09,False,8.897241105195248e-06,True,5.8738173281696215e-06,True
3,10,cpu_identity_corrected,7.645524924186561e-08,6.056822004738562e-08,1.2348340712233484e-07,5.6629598712325574e-08,1.2922461811305666e-09,False,9.375904722416498e-06,True,7.598854912535149e-06,True
3,10,cpu_reference_eigen_corrected,9.745689344902293e-08,8.099850463791287e-08,1.52214602279842e-07,6.980574998812606e-08,1.6472158727288019e-09,False,6.1587731954868445e-06,True,2.2038265874052154e-06,True
3,10,cpu_rjd_corrected,5.7189864068798975e-08,5.379373281568989e-08,1.1239782832136009e-07,5.1545742560129105e-08,9.666227453294808e-10,False,3.4407526653088065e-06,True,5.333998704452611e-06,True
3,10,gpu_cholesky,5.075003558155332e-16,3.526065524546445e-16,6.084181508576893e-16,2.790210971279089e-16,8.577768091579256e-18,False,3.905867843713455e-15,True,9.064817763927238e-15,True
3,10,gpu_pcg,7.626278151192832e-08,5.931541376784873e-08,1.198499511180281e-07,5.496329260482618e-08,1.2889930930667786e-09,False,8.897241040857096e-06,True,5.8738172478053166e-06,True
3,10,gpu_rjd_corrected,5.718986404903636e-08,5.379373282168597e-08,1.1239782836139789e-07,5.1545742578490476e-08,9.66622744995453e-10,False,3.440752609439177e-06,True,5.333998666236143e-06,True
3,11,cpu_cholesky,4.0971680646252106e-16,0.0,0.0,0.0,7.08561653030062e-18,False,0.0,True,0.0,True
3,11,cpu_banded,6.3084246742292125e-16,4.4118063500556476e-16,7.803348102168436e-16,3.6157253237409535e-16,1.0909749721473447e-17,False,1.476767395403061e-14,True,3.748465266165433e-14,True
3,11,cpu_information_smoother,5.024873741016123e-16,2.728520531159807e-16,4.833758808258292e-16,2.2397493874480167e-16,8.689984857937299e-18,False,8.502430036121808e-14,True,5.746789116517286e-14,True
3,11,cpu_pcg,6.647135441111701e-08,5.068090652327164e-08,9.845986686624555e-08,4.562193424403541e-08,1.1495513984625856e-09,False,5.29477135063623e-08,True,1.2133249696449e-06,True
3,11,cpu_identity_corrected,6.549684605952281e-08,5.1263109768378314e-08,1.0080429265653832e-07,4.670823714743112e-08,1.1326983129288285e-09,False,7.814076262492001e-07,True,5.154326371761497e-07,True
3,11,cpu_reference_eigen_corrected,1.5188576303103258e-08,1.1975248717385554e-08,2.1223016906211522e-08,9.833804498949291e-09,2.626702776159869e-10,False,3.8556922942515573e-07,True,3.8750313722786165e-07,True
3,11,cpu_rjd_corrected,3.4911071791640923e-08,2.8604996581514385e-08,5.440667115912448e-08,2.5209637724072244e-08,6.037498648975587e-10,False,3.940856444788399e-06,True,9.86751552514645e-07,True
3,11,gpu_cholesky,5.700691501218838e-16,3.233230714274927e-16,5.658407642186835e-16,2.6218550724680543e-16,9.858739816882617e-18,False,4.3606436577392055e-14,True,4.225902459110096e-15,True
3,11,gpu_pcg,6.647135435137633e-08,5.068090647140069e-08,9.845986675073614e-08,4.5621934190513475e-08,1.1495513974294337e-09,False,5.2947804915662345e-08,True,1.2133249411763413e-06,True
3,11,gpu_rjd_corrected,3.491107178087453e-08,2.860499657983606e-08,5.440667118541063e-08,2.520963773625208e-08,6.037498647113654e-10,False,3.9408564489074775e-06,True,9.867515425582337e-07,True
3,12,cpu_cholesky,5.950801595247261e-16,0.0,0.0,0.0,8.929415103132262e-18,False,0.0,True,0.0,True
3,12,cpu_banded,6.998745219100912e-16,5.917499502491306e-16,1.030565026961776e-15,4.942399120034891e-16,1.0501896301218847e-17,False,2.5030237790289046e-14,True,3.743144080099539e-14,True
3,12,cpu_information_smoother,6.109246302237011e-16,3.1582599453464516e-16,5.333212775481523e-16,2.5577101336543196e-16,9.167167704518876e-18,False,2.0065146015626083e-15,True,1.213479210933839e-14,True
3,12,cpu_pcg,5.6956275751496064e-08,4.271197636201462e-08,7.981973382726418e-08,3.828006694466665e-08,8.546516314126659e-10,False,1.1952513298484182e-06,True,3.735010183224181e-06,True
3,12,cpu_identity_corrected,5.8840929473402735e-08,4.313494963204733e-08,7.990994309353807e-08,3.832332963907085e-08,8.829316119979549e-10,False,1.5785035686828081e-06,True,4.404142741912776e-06,True
3,12,cpu_reference_eigen_corrected,2.325525519355992e-08,1.7127127477294476e-08,2.9319566037589378e-08,1.4061121190110146e-08,3.4895437739040155e-10,False,1.085937539831724e-06,True,6.321268507390933e-07,True
3,12,cpu_rjd_corrected,9.466849766430858e-08,8.707608272747886e-08,1.7149602436553699e-07,8.2246319032632e-08,1.4205385431974704e-09,False,4.773588720723303e-06,True,1.2095162585212492e-05,True
3,12,gpu_cholesky,6.217439756426888e-16,3.5675092197845034e-16,6.010974979441708e-16,2.8827523418419234e-16,9.32951629713113e-18,False,1.2076955028586519e-14,True,8.994819156963127e-15,True
3,12,gpu_pcg,5.6956275710759443e-08,4.271197633533676e-08,7.981973377293454e-08,3.828006691861115e-08,8.546516308013968e-10,False,1.1952513211331474e-06,True,3.7350102294685773e-06,True
3,12,gpu_rjd_corrected,9.466849767635291e-08,8.707608272041646e-08,1.7149602436417617e-07,8.224631903197938e-08,1.4205385433782007e-09,False,4.773588742524604e-06,True,1.2095162628092994e-05,True
3,13,cpu_cholesky,4.872249715856863e-16,0.0,0.0,0.0,9.542104460899745e-18,False,0.0,True,0.0,True
3,13,cpu_banded,7.84822765496651e-16,5.020005562705159e-16,9.119758372899538e-16,4.136313868914297e-16,1.537043716640503e-17,False,3.387480595520208e-14,True,1.2415641115512102e-14,True
3,13,cpu_information_smoother,5.593724036428608e-16,3.23896866266424e-16,5.857155790156531e-16,2.6565434890478777e-16,1.0955082804424885e-17,False,1.9779716165465196e-14,True,3.731797874433424e-14,True
3,13,cpu_pcg,9.501592132827078e-08,7.646219143698095e-08,1.559753177959435e-07,7.074341707614264e-08,1.8608484810878433e-09,False,8.291831042383352e-06,True,4.437886749716793e-06,True
3,13,cpu_identity_corrected,9.598667372999732e-08,7.884514854852641e-08,1.6242402925933078e-07,7.36682637192182e-08,1.8798602742269996e-09,False,6.667890227191408e-06,True,8.119386939741312e-06,True
3,13,cpu_reference_eigen_corrected,3.580649238276099e-08,2.8970696036713152e-08,5.377942201694347e-08,2.4391936721910405e-08,7.012557064627132e-10,False,1.7338985379377253e-06,True,3.1422711749561755e-06,True
3,13,cpu_rjd_corrected,9.818252644958577e-08,8.055200865683925e-08,1.534124117490608e-07,6.95809977013106e-08,1.9228651649155327e-09,False,1.697565532917586e-06,True,2.4530446326684972e-06,True
3,13,gpu_cholesky,6.253078093877087e-16,3.0182776607679457e-16,5.419596254808096e-16,2.4580860847469356e-16,1.224640111933293e-17,False,8.17039182575663e-15,True,1.2113063599318081e-14,True
3,13,gpu_pcg,9.501592129965166e-08,7.646219140748474e-08,1.5597531772864514e-07,7.074341704561912e-08,1.860848480527349e-09,False,8.291831060361386e-06,True,4.437886731664323e-06,True
3,13,gpu_rjd_corrected,9.818252645055488e-08,8.055200866261666e-08,1.5341241176306555e-07,6.958099770766251e-08,1.9228651649345116e-09,False,1.6975655418995734e-06,True,2.4530446252985787e-06,True
3,14,cpu_cholesky,5.026555940630884e-16,0.0,0.0,0.0,1.058972782637727e-17,False,0.0,True,0.0,True
3,14,cpu_banded,6.469583050892267e-16,5.273658288479281e-16,1.0487979349639822e-15,4.757781054339061e-16,1.3629834118685596e-17,False,1.4019655898194989e-14,True,8.485880049664317e-14,True
3,14,cpu_information_smoother,5.641798216516202e-16,4.074258963718903e-16,7.930435236780547e-16,3.597573304100104e-16,1.1885893297498779e-17,False,6.1186469921126286e-15,True,6.013513053803295e-14,True
3,14,cpu_pcg,6.107652383511823e-08,5.0166499959863365e-08,1.0190416753859679e-07,4.6227943582857996e-08,1.2867334432494014e-09,False,1.187699003501516e-06,True,9.874635358666621e-07,True
3,14,cpu_identity_corrected,6.430946554701489e-08,5.140618577566252e-08,1.0302713035639019e-07,4.6737365945460966e-08,1.3548436421047186e-09,False,5.253405040366933e-07,True,2.1869014882999137e-06,True
3,14,cpu_reference_eigen_corrected,4.100123069163934e-08,3.559542157678632e-08,7.001168089595839e-08,3.176019305955843e-08,8.637959589538601e-10,False,3.5762448565696752e-06,True,2.129441506770998e-06,True
3,14,cpu_rjd_corrected,2.913446506879364e-08,2.6651194265152845e-08,5.6241614535563254e-08,2.5513521640556304e-08,6.137921420823276e-10,False,5.2604435667587034e-08,True,4.895902316064487e-07,True
3,14,gpu_cholesky,4.669882437681787e-16,4.2780551427226646e-16,8.625769820451602e-16,3.913005819585606e-16,9.838303717360501e-18,False,8.447587987289255e-15,True,5.708774792584445e-14,True
3,14,gpu_pcg,6.107652385820166e-08,5.016649998384129e-08,1.019041676019124e-07,4.622794361158058e-08,1.2867334437357129e-09,False,1.1876990553570669e-06,True,9.87463582272577e-07,True
3,14,gpu_rjd_corrected,2.9134465124255605e-08,2.665119429529902e-08,5.624161458616733e-08,2.5513521663512406e-08,6.13792143250776e-10,False,5.260442511358192e-08,True,4.895902574709817e-07,True
3,15,cpu_cholesky,4.4077506821425585e-16,0.0,0.0,0.0,1.0095752304848609e-17,False,0.0,True,0.0,True
3,15,cpu_banded,5.985623095452751e-16,4.379761943627109e-16,8.336615344632067e-16,3.7976544295307254e-16,1.3709797245723104e-17,False,2.880768542281849e-14,True,7.131728094649795e-15,True
3,15,cpu_information_smoother,5.520523162248435e-16,2.237878057136914e-16,4.084127163221167e-16,1.860479699613411e-16,1.2644507019201043e-17,False,1.4042699604504367e-15,True,8.884985246653495e-15,True
3,15,cpu_pcg,7.653791057985134e-08,6.418850904540321e-08,1.333399210040138e-07,6.074155046151033e-08,1.7530660031049556e-09,False,2.5607089403194154e-06,True,4.158702776408437e-07,True
3,15,cpu_identity_corrected,8.082329631653998e-08,6.5495637047877e-08,1.3354819306911388e-07,6.083642653505786e-08,1.8512208139222847e-09,False,3.566702781344749e-06,True,2.5513524633488936e-06,True
3,15,cpu_reference_eigen_corrected,2.652203409144455e-08,2.3734413584630583e-08,4.6719935972054514e-08,2.1282758584502657e-08,6.074751148548117e-10,False,4.959124340169736e-06,True,3.1790930011739358e-06,True
3,15,cpu_rjd_corrected,9.843234487051651e-08,8.683575295007953e-08,1.7493939864843566e-07,7.969173995828571e-08,2.254548057236169e-09,False,1.4333073445663495e-05,True,7.069059653701891e-06,True
3,15,gpu_cholesky,4.544562727522556e-16,2.6047224188563543e-16,4.878450203402359e-16,2.222324919444116e-16,1.0409114067362086e-17,False,1.198910544451058e-14,True,2.5948258012958787e-15,True
3,15,gpu_pcg,7.65379105629919e-08,6.418850902690219e-08,1.3333992095110386e-07,6.074155043740779e-08,1.7530660027187977e-09,False,2.5607089305876383e-06,True,4.158702367991734e-07,True
3,15,gpu_rjd_corrected,9.843234483785392e-08,8.683575294074882e-08,1.749393986352056e-07,7.969173995225889e-08,2.2545480564880474e-09,False,1.4333073451404928e-05,True,7.06905963645988e-06,True
4,0,cpu_cholesky,3.968422128912288e-16,0.0,0.0,0.0,1.093724323078477e-17,False,0.0,True,0.0,True
4,0,cpu_banded,5.531056078567197e-16,4.381017117146491e-16,1.0026803832834033e-15,4.106802645270074e-16,1.5243969439052867e-17,False,3.6461139420868236e-14,True,2.985820942595328e-14,True
4,0,cpu_information_smoother,4.442063813060469e-16,1.8677482017593982e-16,3.9095098340825924e-16,1.6012665248066109e-16,1.2242632157538658e-17,False,1.4324850195832953e-14,True,2.6229033830517828e-14,True
4,0,cpu_pcg,8.94715238518643e-08,7.359441325558219e-08,1.5980709872432255e-07,6.545417928940217e-08,2.4658964922692073e-09,False,1.7302187106325916e-06,True,3.980685602031692e-06,True
4,0,cpu_identity_corrected,9.985081149163817e-08,7.683504652485595e-08,1.5864033803197002e-07,6.497629461372321e-08,2.7519567749143656e-09,False,4.397650880005905e-06,True,6.4639567242402385e-06,True
4,0,cpu_reference_eigen_corrected,1.9969338042005816e-09,1.9929211224796482e-09,4.822740266131284e-09,1.9753096612443013e-09,5.503686354390808e-11,False,1.7853133524968694e-07,True,2.3726946429514436e-07,True
4,0,cpu_rjd_corrected,3.12309666740074e-08,2.8739808494967547e-08,6.694250095827912e-08,2.7418471987673294e-08,8.607468315547846e-10,False,1.7421073233483815e-06,True,3.553273516074509e-06,True
4,0,gpu_cholesky,3.824633394161587e-16,2.4661181093801483e-16,5.043970679227841e-16,2.0659217506863997e-16,1.0540951628044852e-17,False,6.9323683190913e-14,True,5.3523288981725775e-14,True
4,0,gpu_pcg,8.947152379589769e-08,7.359441326730579e-08,1.5980709881382897e-07,6.545417932606243e-08,2.4658964907267293e-09,False,1.7302187793518977e-06,True,3.980685655770858e-06,True
4,0,gpu_rjd_corrected,3.123096667683426e-08,2.8739808518213122e-08,6.694250102669973e-08,2.7418472015697174e-08,8.607468316326948e-10,False,1.7421074392953301e-06,True,3.553273411549698e-06,True
4,1,cpu_cholesky,3.605932525729893e-14,0.0,0.0,0.0,6.4581435727444886e-18,False,0.0,True,0.0,True
4,1,cpu_banded,4.7790827596197754e-14,1.7237202589652555e-14,1.1538781878666196e-14,1.0388323429113618e-14,8.559229100218636e-18,False,4.42477373268571e-13,True,6.215650238866574e-13,True
4,1,cpu_information_smoother,4.615342037451685e-14,9.239330527801905e-14,1.4504113213668511e-13,1.3058000463172447e-13,8.265973171296822e-18,False,1.654484698383972e-11,True,1.4683241029974125e-11,True
4,1,cpu_pcg,5.705901316983892e-08,3.316985265134841e-08,5.45564548552008e-09,4.911697821669667e-09,1.0219140169109947e-11,False,6.199956448380098e-08,True,1.5651528346993612e-07,True
4,1,cpu_identity_corrected,6.062918639848267e-08,3.353123513048864e-08,5.492436718373166e-09,4.9448208350217375e-09,1.0858550117259246e-11,False,6.579097766243406e-08,True,1.4811477234910708e-07,True
4,1,cpu_reference_eigen_corrected,7.650011265854158e-08,2.960969946138818e-08,5.449246311155398e-09,4.905936668223954e-09,1.3700997122048445e-11,False,5.40417301959728e-07,True,8.39300935860557e-08,True
4,1,cpu_rjd_corrected,7.564952915378847e-08,5.8360695578058106e-08,1.1969285119189175e-08,1.0775903933439015e-08,1.3548659501413058e-11,False,6.542222987438027e-07,True,1.739916323983773e-07,True
4,1,gpu_cholesky,5.309079048970058e-14,2.3648053294745075e-14,3.0245542971225565e-14,2.7229952518225836e-14,9.508440463776383e-18,False,3.9125639378107056e-12,True,3.4737747932198634e-12,True
4,1,gpu_pcg,8.667041565623419e-08,3.7536505500496805e-08,5.944777966408112e-09,5.352062018218374e-09,1.552247536216869e-11,False,8.894903123617697e-08,True,1.5995178614210467e-07,True
4,1,gpu_rjd_corrected,5.664855545553233e-08,4.12929718093127e-08,9.17279793871088e-09,8.258236678640658e-09,1.014562811359268e-11,False,8.051063654683644e-08,True,6.225883391186946e-07,True
4,2,cpu_cholesky,4.761441375269379e-16,0.0,0.0,0.0,8.6483972581287e-18,False,0.0,True,0.0,True
4,2,cpu_banded,6.142077061160494e-16,4.752949644351362e-16,9.370056447344548e-16,3.890219938575738e-16,1.1156101320674223e-17,False,3.435981736563613e-14,True,4.5691814616244413e-14,True
4,2,cpu_information_smoother,5.111403281993717e-16,2.3864358788272885e-16,4.664903164823718e-16,1.9367545334761825e-16,9.284047128834721e-18,False,2.0862450064530507e-14,True,3.1885856549479895e-14,True
4,2,cpu_pcg,7.720582679103131e-08,6.198826159661838e-08,1.3678854209835998e-07,5.6791281549915656e-08,1.40232044903749e-09,False,1.7980065200621306e-06,True,3.943872194527913e-06,True
4,2,cpu_identity_corrected,7.830115162890764e-08,6.214208625927817e-08,1.364220344046143e-07,5.663911645402075e-08,1.4222152738637893e-09,False,4.6205166629745626e-07,True,5.336356190512421e-06,True
4,2,cpu_reference_eigen_corrected,3.563629214717609e-08,3.0434698111716384e-08,6.46955754988587e-08,2.6860032184183652e-08,6.47276295005584e-10,False,3.4197391243385344e-07,True,9.76349705206029e-07,True
4,2,cpu_rjd_corrected,2.6063676323325278e-08,2.2382100137024914e-08,4.9291897223978916e-08,2.0464798954897666e-08,4.734050220327962e-10,False,2.697117665700708e-06,True,1.6084312066326413e-06,True
4,2,gpu_cholesky,4.537911392878926e-16,2.765260608669074e-16,5.380949231430656e-16,2.234039475237923e-16,8.242390770921708e-18,False,3.75553431736714e-14,True,1.7097649830372213e-14,True
4,2,gpu_pcg,7.720582681383067e-08,6.198826158773865e-08,1.3678854205244947e-07,5.679128153085473e-08,1.4023204494516042e-09,False,1.7980064313024944e-06,True,3.9438722519204214e-06,True
4,2,gpu_rjd_corrected,2.606367636789449e-08,2.2382100154764676e-08,4.9291897244600006e-08,2.0464798963459042e-08,4.734050228423246e-10,False,2.6971175948435593e-06,True,1.6084312610581445e-06,True
4,3,cpu_cholesky,4.7714671115326985e-16,0.0,0.0,0.0,8.97703600011423e-18,False,0.0,True,0.0,True
4,3,cpu_banded,6.676501848756538e-16,5.591926939813761e-16,1.2131086763509002e-15,4.997314435350065e-16,1.2561167466973107e-17,False,1.0116693415248744e-13,True,7.689155887795665e-14,True
4,3,cpu_information_smoother,4.897266914753949e-16,2.391286726809727e-16,4.595010367993058e-16,1.8928816593438328e-16,9.213715691271466e-18,False,5.64646043623552e-14,True,2.8599924459102816e-14,True
4,3,cpu_pcg,6.204065347257409e-08,4.7111203637894497e-08,1.0054565275013222e-07,4.14190625864909e-08,1.167232566263695e-09,False,9.906586232659891e-07,True,3.028830674010275e-06,True
4,3,cpu_identity_corrected,6.256752048637699e-08,4.7180326291187396e-08,1.0034650780258646e-07,4.1337026249557674e-08,1.177145039682184e-09,False,1.363541733071265e-07,True,3.838718054439755e-06,True
4,3,cpu_reference_eigen_corrected,4.086384475886679e-08,3.258874633236762e-08,6.642528104650537e-08,2.7363419478987228e-08,7.688121794249266e-10,False,6.613248472543567e-06,True,1.22635264236667e-05,True
4,3,cpu_rjd_corrected,9.288374038212087e-08,8.088284263614875e-08,1.7876898460621806e-07,7.364260472135269e-08,1.7475142566654574e-09,False,2.0485784681415325e-05,True,1.2195981405076266e-05,True
4,3,gpu_cholesky,4.2947811938520783e-16,2.686949010851502e-16,5.133892284847595e-16,2.114870211115375e-16,8.08019933672752e-18,False,3.309901588823919e-14,True,2.8075961908997303e-14,True
4,3,gpu_pcg,6.204065348497414e-08,4.7111203650539534e-08,1.0054565278033944e-07,4.141906259893455e-08,1.1672325664969898e-09,False,9.906586256792423e-07,True,3.0288306544148845e-06,True
4,3,gpu_rjd_corrected,9.288374040789152e-08,8.088284266204428e-08,1.787689846620286e-07,7.364260474434344e-08,1.7475142571503056e-09,False,2.048578468958201e-05,True,1.2195981419867315e-05,True
4,4,cpu_cholesky,5.365830004069656e-16,0.0,0.0,0.0,1.1198834080730452e-17,False,0.0,True,0.0,True
4,4,cpu_banded,6.728243295980264e-16,4.772528399292568e-16,1.0154297236916147e-15,4.1039688996048126e-16,1.4042278691148008e-17,False,2.9520101654115067e-14,True,1.2505487979250364e-14,True
4,4,cpu_information_smoother,5.765674112431888e-16,3.2435234648022753e-16,6.344232199086856e-16,2.5640899640270113e-16,1.2033334581922271e-17,False,1.3528688314630687e-13,True,8.480810147718397e-14,True
4,4,cpu_pcg,5.006889151853221e-08,4.0776630193544e-08,9.244104948409662e-08,3.7361048556894326e-08,1.044970132491614e-09,False,6.585370112795437e-07,True,3.2535717330640276e-06,True
4,4,cpu_identity_corrected,5.0696106152086314e-08,4.15046059712318e-08,9.434025285341081e-08,3.8128632110914576e-08,1.0580605069051852e-09,False,3.1892338039399184e-06,True,5.566017045611588e-06,True
4,4,cpu_reference_eigen_corrected,2.885126541804154e-08,2.593838534125674e-08,5.971522155558111e-08,2.41345517448673e-08,6.02144555234923e-10,False,1.6315114815755877e-06,True,1.095291984569936e-06,True
4,4,cpu_rjd_corrected,2.362388301917552e-08,2.0609815946833878e-08,4.6507092283461876e-08,1.8796343645377046e-08,4.930457085445632e-10,False,4.3187042711781266e-06,True,7.001905005262882e-06,True
4,4,gpu_cholesky,4.557094920496149e-16,2.8760201832974245e-16,5.661327607200048e-16,2.288086697517164e-16,9.510951682418113e-18,False,7.841372069536177e-15,True,7.125432420129558e-16,True
4,4,gpu_pcg,5.0068891497839695e-08,4.0776630177356665e-08,9.244104944062018e-08,3.736104853932285e-08,1.0449701320597479e-09,False,6.585368349163286e-07,True,3.2535716006091878e-06,True
4,4,gpu_rjd_corrected,2.3623883061025233e-08,2.0609815991959462e-08,4.65070923874567e-08,1.8796343687407678e-08,4.930457094179937e-10,False,4.318704238252029e-06,True,7.001904987964399e-06,True
4,5,cpu_cholesky,4.536596441913572e-16,0.0,0.0,0.0,1.01797920746072e-17,False,0.0,True,0.0,True
4,5,cpu_banded,6.041065395516331e-16,5.443434554364473e-16,1.2449534761287549e-15,5.104581794990257e-16,1.3555710855674241e-17,False,2.1745717091711485e-13,True,1.333725558250486e-13,True
4,5,cpu_information_smoother,4.199493522078595e-16,2.35009506016378e-16,4.620219235469883e-16,1.8943910315090564e-16,9.423357669298812e-18,False,2.2356890103860787e-14,True,3.702468450758416e-14,True
4,5,cpu_pcg,5.746081984414626e-08,4.659844459497833e-08,1.031876156873988e-07,4.230918139561642e-08,1.2893789571894726e-09,False,6.246430058633778e-06,True,1.2790435866823268e-06,True
4,5,cpu_identity_corrected,5.898320861560702e-08,4.695479540309936e-08,1.0290761194233584e-07,4.219437373035153e-08,1.3235402531711382e-09,False,4.238547894603578e-06,True,8.01025524496553e-08,True
4,5,cpu_reference_eigen_corrected,3.401546343900271e-08,2.8258151413631585e-08,5.991387035170144e-08,2.45659984673252e-08,7.632822333262204e-10,False,2.0372290536431877e-06,True,1.0938059463737247e-06,True
4,5,cpu_rjd_corrected,3.3576265879213374e-08,3.102114665505106e-08,7.082489115855928e-08,2.903975586014252e-08,7.53426952596404e-10,False,5.548485907941989e-08,True,5.380830310209704e-06,True
4,5,gpu_cholesky,4.643091549122548e-16,2.32760788133879e-16,4.496368396295738e-16,1.8436094761284902e-16,1.0418759340536876e-17,False,1.2880788446661427e-14,True,3.4737259837422804e-14,True
4,5,gpu_pcg,5.746081980239951e-08,4.65984445500262e-08,1.0318761559301752e-07,4.2309181356918025e-08,1.2893789562527058e-09,False,6.2464298602193344e-06,True,1.27904342751215e-06,True
4,5,gpu_rjd_corrected,3.357626589770398e-08,3.102114666155267e-08,7.082489115461942e-08,2.9039755858527097e-08,7.534269530113197e-10,False,5.548495510011325e-08,True,5.380830366998227e-06,True
4,6,cpu_cholesky,5.360349536214488e-16,0.0,0.0,0.0,9.76235964277043e-18,False,0.0,True,0.0,True
4,6,cpu_banded,5.730882470876789e-16,4.531677771482518e-16,8.982435538725522e-16,3.643762486164049e-16,1.0437180518391743e-17,False,3.1626703345906066e-14,True,4.741737716276224e-14,True
4,6,cpu_information_smoother,5.214003705983169e-16,3.3538396441719495e-16,6.731089489248992e-16,2.7304945597659764e-16,9.495832130471876e-18,False,3.209522563511783e-14,True,3.517278478227547e-14,True
4,6,cpu_pcg,6.488140356756237e-08,5.122342726397156e-08,1.1610599060967511e-07,4.7098879939468615e-08,1.1816311455366157e-09,False,1.8535945354873742e-06,True,3.3189707396774694e-06,True
4,6,cpu_identity_corrected,6.626390442251483e-08,5.299694169432647e-08,1.2089218967711509e-07,4.9040421577932254e-08,1.206809486760829e-09,False,6.712314608431221e-06,True,1.452061921470205e-06,True
4,6,cpu_reference_eigen_corrected,7.469208411075018e-08,6.244159748507686e-08,1.3324347910847423e-07,5.405077371368791e-08,1.3603049288764836e-09,False,5.100060069433664e-06,True,1.4561195232904132e-06,True
4,6,cpu_rjd_corrected,3.046559260442447e-08,2.736813510053286e-08,6.24647889593628e-08,2.5339102488964207e-08,5.548445469681159e-10,False,2.0883334267352825e-06,True,9.611505920031446e-06,True
4,6,gpu_cholesky,5.041794559347762e-16,3.0796610076681295e-16,6.465898987233274e-16,2.622918925210519e-16,9.182201906944198e-18,False,1.1308496400987358e-13,True,1.0219249803110746e-13,True
4,6,gpu_pcg,6.488140353978981e-08,5.1223427264041956e-08,1.1610599061370775e-07,4.7098879941104474e-08,1.1816311450308173e-09,False,1.8535946312163348e-06,True,3.3189706570200455e-06,True
4,6,gpu_rjd_corrected,3.046559264527891e-08,2.7368135128124722e-08,6.246478903378393e-08,2.533910251915345e-08,5.548445477121639e-10,False,2.0883334869426923e-06,True,9.611506028506261e-06,True
4,7,cpu_cholesky,5.440935752910509e-16,0.0,0.0,0.0,8.123487201877285e-18,False,0.0,True,0.0,True
4,7,cpu_banded,7.363659357580689e-16,4.947090025885657e-16,1.0026598340320547e-15,4.01197528547294e-16,1.0994173661817636e-17,False,9.372290686724037e-14,True,4.351990298954008e-14,True
4,7,cpu_information_smoother,5.538758667065091e-16,3.065101127644881e-16,6.010043722663595e-16,2.4048182705169846e-16,8.269539871357899e-18,False,5.996473705722029e-14,True,2.775315342655684e-14,True
4,7,cpu_pcg,6.557034150933917e-08,4.553712812933792e-08,9.797642098837095e-08,3.92036228262705e-08,9.789857013984882e-10,False,6.682121021307379e-07,True,3.8113136698622094e-06,True
4,7,cpu_identity_corrected,6.782139475198621e-08,4.605053386490117e-08,9.814883897979432e-08,3.927261299590557e-08,1.012594629995794e-09,False,2.210704216344986e-06,True,5.764533361384635e-06,True
4,7,cpu_reference_eigen_corrected,3.426988238559269e-08,2.7929882957056156e-08,6.025202224467219e-08,2.4108836909653512e-08,5.116600625577852e-10,False,2.0201246494080474e-06,True,3.82832905951268e-06,True
4,7,cpu_rjd_corrected,2.7821383165074043e-08,2.3661446788518795e-08,5.235202693907898e-08,2.0947786187801324e-08,4.1538194846046687e-10,False,3.0963866538692056e-07,True,1.9235257610285633e-06,True
4,7,gpu_cholesky,5.565883444929635e-16,4.0958047503600105e-16,7.405054007113277e-16,2.963008256215941e-16,8.310038012825296e-18,False,3.559594989640409e-14,True,1.367407500120545e-14,True
4,7,gpu_pcg,6.557034152261825e-08,4.553712812761775e-08,9.797642099034543e-08,3.9203622827060556e-08,9.78985701596749e-10,False,6.682121831825331e-07,True,3.8113137570950935e-06,True
4,7,gpu_rjd_corrected,2.782138309914881e-08,2.3661446745924615e-08,5.235202682958286e-08,2.0947786143988287e-08,4.1538194747618253e-10,False,3.0963871647244545e-07,True,1.923525700256233e-06,True
4,8,cpu_cholesky,7.381465364467332e-16,0.0,0.0,0.0,1.0698608786196281e-17,False,0.0,True,0.0,True
4,8,cpu_banded,7.754285322226813e-16,6.251210679847869e-16,1.1575961206435234e-15,4.667905496474202e-16,1.1238969633102829e-17,False,1.5217780100854688e-13,True,7.695091198302269e-14,True
4,8,cpu_information_smoother,7.563311834862677e-16,2.4933838651087607e-16,4.660607842884028e-16,1.8793495053019938e-16,1.0962174914308952e-17,False,1.684995880615948e-14,True,1.3521346176155255e-14,True
4,8,cpu_pcg,7.275146620175202e-08,5.184828920113871e-08,1.1408007557117825e-07,4.600179650747819e-08,1.054451166705305e-09,False,3.4406129775926614e-06,True,1.1113608392279226e-06,True
4,8,cpu_identity_corrected,7.37068631884911e-08,5.194540784514802e-08,1.1380770993662951e-07,4.589196743843691e-08,1.0682985777982427e-09,False,2.9717626532252464e-06,True,3.7990376378462033e-07,True
4,8,cpu_reference_eigen_corrected,5.261618229229838e-08,3.814594863356663e-08,7.768735706876106e-08,3.1326749856956047e-08,7.626127444040269e-10,False,7.4657904299379506e-06,True,4.708263828582501e-06,True
4,8,cpu_rjd_corrected,8.441485243769326e-08,8.144702935230825e-08,1.9809148020460848e-07,7.98786634441868e-08,1.2234988965849059e-09,False,1.7835872761811112e-05,True,3.6021016024096136e-06,True
4,8,gpu_cholesky,5.449898344256877e-16,3.396678919458133e-16,6.150121915028792e-16,2.47998307692929e-16,7.899018342674395e-18,False,3.0517943217556885e-14,True,6.187220334196485e-15,True
4,8,gpu_pcg,7.275146612503498e-08,5.184828916845779e-08,1.1408007550941788e-07,4.600179648257385e-08,1.0544511655933771e-09,False,3.4406129003033974e-06,True,1.111360745317458e-06,True
4,8,gpu_rjd_corrected,8.441485241790038e-08,8.144702933884347e-08,1.9809148017312577e-07,7.987866343149166e-08,1.2234988962980303e-09,False,1.7835872631669992e-05,True,3.6021016698808666e-06,True
4,9,cpu_cholesky,5.265531085121591e-16,0.0,0.0,0.0,8.761662281657423e-18,False,0.0,True,0.0,True
4,9,cpu_banded,6.863263665413188e-16,5.12870769785883e-16,1.0664835693969581e-15,4.467289047493014e-16,1.1420234239284142e-17,False,8.565193699245884e-14,True,6.305779420257305e-14,True
4,9,cpu_information_smoother,6.056544592023322e-16,2.2455781318542383e-16,4.202742791762388e-16,1.7604459535824405e-16,1.0077881499750296e-17,False,7.158799002357353e-14,True,6.901415428216882e-14,True
4,9,cpu_pcg,5.104829156161393e-08,3.9642250406594534e-08,8.658432988552438e-08,3.626846579557144e-08,8.494259813955834e-10,False,1.5443435654051652e-06,True,2.6680781857055957e-06,True
4,9,cpu_identity_corrected,5.1610143983129734e-08,3.9731244318861905e-08,8.648023505076283e-08,3.6224862525106254e-08,8.587750121734657e-10,False,2.296440247958077e-06,True,1.9275067990639886e-06,True
4,9,cpu_reference_eigen_corrected,4.337572611099162e-08,3.3350554556030565e-08,6.585852443852078e-08,2.7586835217219056e-08,7.217571328699362e-10,False,2.7585612985621996e-06,True,1.0601123498973732e-05,True
4,9,cpu_rjd_corrected,6.216904631697486e-08,5.134414106818809e-08,1.0624565741399995e-07,4.4504207596712995e-08,1.0344715076592085e-09,False,8.250084028927046e-06,True,7.791837305707657e-06,True
4,9,gpu_cholesky,4.935069208490597e-16,3.526008538109847e-16,6.705863233328837e-16,2.8089536712858287e-16,8.211785106269587e-18,False,8.552312363912951e-14,True,7.41376550844606e-14,True
4,9,gpu_pcg,5.104829155809984e-08,3.96422504064893e-08,8.658432988026511e-08,3.626846579336843e-08,8.4942598133711e-10,False,1.5443435725240505e-06,True,2.6680782480693997e-06,True
4,9,gpu_rjd_corrected,6.21690463307354e-08,5.134414110371367e-08,1.0624565750384006e-07,4.450420763434524e-08,1.0344715078881795e-09,False,8.250084207917568e-06,True,7.791837431922036e-06,True
4,10,cpu_cholesky,5.619771789475699e-16,0.0,0.0,0.0,8.992230603432207e-18,False,0.0,True,0.0,True
4,10,cpu_banded,7.05097771746141e-16,6.183261992374252e-16,1.3340690345515635e-15,5.505564076773147e-16,1.1282311807360843e-17,False,5.941351696858018e-14,True,7.287570694944484e-14,True
4,10,cpu_information_smoother,6.07079091862243e-16,4.0448081715698e-16,8.313169064910933e-16,3.4307583627634545e-16,9.713909021662947e-18,False,7.43334637561422e-16,True,4.237828351441071e-14,True
4,10,cpu_pcg,6.54607576333227e-08,5.1587358037427864e-08,1.1891216208160435e-07,4.907381184122692e-08,1.0474415145663413e-09,False,7.161557404460484e-07,True,1.5320846801319542e-06,True
4,10,cpu_identity_corrected,6.756271610844969e-08,5.3645759050966054e-08,1.23869267328601e-07,5.1119557590945365e-08,1.081075077863682e-09,False,1.8860464475064421e-06,True,4.251114652938988e-06,True
4,10,cpu_reference_eigen_corrected,4.9418207848247675e-08,4.004940119153341e-08,8.570123286622627e-08,3.536800696090428e-08,7.907437195074963e-10,False,4.876365238059909e-06,True,1.2034940946777411e-05,True
4,10,cpu_rjd_corrected,4.129926857845273e-08,3.4169533787594085e-08,7.309058681109942e-08,3.0163724565627396e-08,6.60832075352698e-10,False,6.41670422081282e-07,True,1.8798170548294168e-06,True
4,10,gpu_cholesky,6.62969655440853e-16,3.7167483199888834e-16,7.439557354435532e-16,3.0702279010202614e-16,1.060821728733994e-17,False,5.797697174491024e-14,True,1.4779453389385414e-15,True
4,10,gpu_pcg,6.546075768762783e-08,5.158735805848632e-08,1.1891216210842513e-07,4.9073811852295585e-08,1.0474415154352811e-09,False,7.161556057825871e-07,True,1.5320847347589733e-06,True
4,10,gpu_rjd_corrected,4.129926858981576e-08,3.41695337703413e-08,7.309058676420184e-08,3.016372454627325e-08,6.608320755345186e-10,False,6.416703670099724e-07,True,1.8798170468408055e-06,True
4,11,cpu_cholesky,4.921026998059008e-16,0.0,0.0,0.0,8.605354273227199e-18,False,0.0,True,0.0,True
4,11,cpu_banded,7.105695009262818e-16,4.510161494682422e-16,9.289396950720697e-16,3.761815120015707e-16,1.2425662963508852e-17,False,3.730503356485713e-14,True,2.7475876764652718e-14,True
4,11,cpu_information_smoother,4.591876300394191e-16,2.0965065968937514e-16,3.9924054626355574e-16,1.616756320593077e-16,8.029771500809397e-18,False,6.812308341924459e-15,True,1.9216249141487904e-14,True
4,11,cpu_pcg,6.510477181175256e-08,5.107575914192329e-08,1.1481897888531483e-07,4.649685799055357e-08,1.1384811078070372e-09,False,3.6238994181776405e-06,True,4.579073216380028e-06,True
4,11,cpu_identity_corrected,6.512344754144677e-08,5.1774351776769004e-08,1.17220435627038e-07,4.7469346983003934e-08,1.1388076889767682e-09,False,6.026905794901285e-06,True,6.745248188721991e-06,True
4,11,cpu_reference_eigen_corrected,4.9230083927187e-08,3.917855115645646e-08,8.019293302198265e-08,3.247476553761617e-08,8.608819175714949e-10,False,3.3561287554357664e-07,True,8.77948141190049e-06,True
4,11,cpu_rjd_corrected,2.2948957021847986e-08,1.945592910922528e-08,4.367369416149936e-08,1.7686009534873387e-08,4.013062815931607e-10,False,4.597248696800974e-08,True,4.088616515354893e-06,True
4,11,gpu_cholesky,4.646150514070288e-16,3.3059479489602526e-16,6.591024718873969e-16,2.6690878401889986e-16,8.124680314918296e-18,False,2.618804731008011e-14,True,8.494202103174628e-15,True
4,11,gpu_pcg,6.510477176061267e-08,5.1075759117931404e-08,1.1481897882057244e-07,4.6496857964335615e-08,1.1384811069127586e-09,False,3.623899461317963e-06,True,4.579073236868463e-06,True
4,11,gpu_rjd_corrected,2.294895702142762e-08,1.9455929092136604e-08,4.367369411889624e-08,1.7686009517620914e-08,4.013062815858098e-10,False,4.5972553200306646e-08,True,4.088616587739322e-06,True
4,12,cpu_cholesky,5.779463057780189e-16,0.0,0.0,0.0,8.697262647747264e-18,False,0.0,True,0.0,True
4,12,cpu_banded,8.219827186948392e-16,5.885024568671294e-16,1.1076616672375989e-15,4.597560165204755e-16,1.2369660511584274e-17,False,3.646507524885745e-15,True,2.06107476733212e-14,True
4,12,cpu_information_smoother,6.24876923442274e-16,2.9272750776016636e-16,5.485984998650461e-16,2.2770622874047647e-16,9.403501106175625e-18,False,8.736431832942565e-14,True,3.35320175159022e-14,True
4,12,cpu_pcg,8.600980206485507e-08,6.414187023520637e-08,1.4189477819241492e-07,5.8896123172246125e-08,1.2943241091200292e-09,False,2.831110856719356e-06,True,2.2500141454506618e-06,True
4,12,cpu_identity_corrected,8.930454365567948e-08,6.601541672723537e-08,1.453278810834834e-07,6.032109774362307e-08,1.3439052419678402e-09,False,4.25794165304984e-06,True,4.669432066541739e-06,True
4,12,cpu_reference_eigen_corrected,1.603261445570146e-08,1.2583907479533885e-08,2.5740735027396583e-08,1.068418105324428e-08,2.412678434163076e-10,False,3.3036600652442994e-07,True,1.6738192950791353e-07,True
4,12,cpu_rjd_corrected,7.786481154919129e-08,7.036291983085984e-08,1.5791725874274538e-07,6.554655809337859e-08,1.1717536881886526e-09,False,5.2805549446604694e-08,True,1.0452194491546189e-05,True
4,12,gpu_cholesky,5.904133140659781e-16,3.367934587453747e-16,6.440284496037257e-16,2.673162422006545e-16,8.884873234454031e-18,False,1.0151136100844618e-13,True,4.664543832729893e-14,True
4,12,gpu_pcg,8.600980202651573e-08,6.41418702358408e-08,1.4189477820412878e-07,5.889612317710818e-08,1.2943241085430773e-09,False,2.831111001889102e-06,True,2.2500142457503166e-06,True
4,12,gpu_rjd_corrected,7.786481151077137e-08,7.036291981854227e-08,1.5791725871707632e-07,6.554655808272415e-08,1.1717536876104881e-09,False,5.280561781237055e-08,True,1.0452194460594597e-05,True
4,13,cpu_cholesky,5.019271133121087e-16,0.0,0.0,0.0,9.732577680845182e-18,False,0.0,True,0.0,True
4,13,cpu_banded,5.989201045900464e-16,3.9050302513995495e-16,7.630275694942391e-16,3.0641502361175643e-16,1.1613312546672354e-17,False,6.101877467300304e-14,True,2.3568268277885815e-14,True
4,13,cpu_information_smoother,5.296923182927462e-16,2.3508557791859927e-16,4.646097531051156e-16,1.8657701786885586e-16,1.0270956674790087e-17,False,9.003285140365918e-15,True,1.1067115359274014e-15,True
4,13,cpu_pcg,4.928865283512062e-08,3.741273523730923e-08,8.255666898505276e-08,3.315293534299208e-08,9.557276937922017e-10,False,1.9374070341301692e-06,True,1.128053904258907e-06,True
4,13,cpu_identity_corrected,5.0328476472889315e-08,3.764923440172374e-08,8.241912212165814e-08,3.309769955980442e-08,9.758903109704741e-10,False,4.3120870223999557e-07,True,2.732469414115719e-06,True
4,13,cpu_reference_eigen_corrected,1.875325471496051e-08,1.5361505182007425e-08,3.2049365696793336e-08,1.2870317586603129e-08,3.6363349064177087e-10,False,6.200981561727677e-07,True,2.1592149435568163e-06,True
4,13,cpu_rjd_corrected,7.932042486378194e-08,7.415917891261056e-08,1.7812617360173483e-07,7.153153814117785e-08,1.5380563689945776e-09,False,1.2620973904834512e-05,True,7.870754662451163e-07,True
4,13,gpu_cholesky,5.175271449377352e-16,2.7036520469550666e-16,5.555581988863211e-16,2.230999054756202e-16,1.0035068850565357e-17,False,8.795472714485798e-15,True,1.8230850748508486e-14,True
4,13,gpu_pcg,4.928865282387471e-08,3.741273525234515e-08,8.25566690366423e-08,3.315293536370929e-08,9.557276935741387e-10,False,1.937406940603511e-06,True,1.1280540138599623e-06,True
4,13,gpu_rjd_corrected,7.932042486665832e-08,7.415917890525105e-08,1.7812617359215937e-07,7.153153813733256e-08,1.5380563690503515e-09,False,1.2620973976090173e-05,True,7.870754739507563e-07,True
4,14,cpu_cholesky,6.585390045972912e-16,0.0,0.0,0.0,1.3295890130583258e-17,False,0.0,True,0.0,True
4,14,cpu_banded,7.298946188504682e-16,4.806164409905012e-16,1.029613803287378e-15,4.2440786226189936e-16,1.4736558641768398e-17,False,2.7744237560212916e-13,True,2.3471318763590414e-13,True
4,14,cpu_information_smoother,7.224234596018733e-16,2.5763553760601304e-16,5.037703714390576e-16,2.07654662098249e-16,1.4585716076902927e-17,False,1.2416943353926227e-13,True,9.706209166552852e-14,True
4,14,cpu_pcg,8.967524405047128e-08,7.188965036016328e-08,1.6090325846592856e-07,6.632448762678293e-08,1.8105414954957332e-09,False,1.0429088484582894e-05,True,3.5697670031522177e-06,True
4,14,cpu_identity_corrected,9.022796990997412e-08,7.358922990492154e-08,1.6637366558867292e-07,6.857939503503004e-08,1.8217010189790075e-09,False,1.652230304189021e-05,True,9.113003642053128e-06,True
4,14,cpu_reference_eigen_corrected,2.9946801895532865e-08,2.5236603686913596e-08,5.4334162605955235e-08,2.239659737054594e-08,6.046253653960222e-10,False,1.4413561057548734e-06,True,9.641564524288284e-07,True
4,14,cpu_rjd_corrected,2.5278168148093292e-08,2.3959796343888655e-08,5.6489963538319034e-08,2.3285220718684328e-08,5.103657373999103e-10,False,2.9980948649756025e-07,True,6.462125829421363e-08,True
4,14,gpu_cholesky,6.302225139266527e-16,3.19897546962347e-16,6.681197605754559e-16,2.7539964831028737e-16,1.272418071593632e-17,False,2.0736812905556823e-13,True,1.6298193652172913e-13,True
4,14,gpu_pcg,8.967524403066051e-08,7.188965033703752e-08,1.6090325840038133e-07,6.63244875997643e-08,1.8105414950957542e-09,False,1.0429088452592982e-05,True,3.569766914150782e-06,True
4,14,gpu_rjd_corrected,2.5278168171128687e-08,2.3959796346006774e-08,5.6489963552196776e-08,2.328522072440475e-08,5.103657378649945e-10,False,2.9980940811809323e-07,True,6.462123513024025e-08,True
4,15,cpu_cholesky,4.873062499775449e-16,0.0,0.0,0.0,1.0924328737035061e-17,False,0.0,True,0.0,True
4,15,cpu_banded,5.965059030331332e-16,4.575368785328143e-16,1.001267217645801e-15,4.0943320087278535e-16,1.337234352856378e-17,False,3.240393749165644e-13,True,2.1768033182577978e-13,True
4,15,cpu_information_smoother,4.698574012010811e-16,2.551293429628311e-16,5.516374060354505e-16,2.255728190175827e-16,1.0533164125200745e-17,False,1.9908002531159436e-13,True,1.3555013376358306e-13,True
4,15,cpu_pcg,6.483599599158119e-08,5.147126963867553e-08,1.1363912996806659e-07,4.6468746711413016e-08,1.4534796840707424e-09,False,1.699477741536048e-07,True,1.2180218668865919e-06,True
4,15,cpu_identity_corrected,6.68476069591875e-08,5.210407544291227e-08,1.1397132884390568e-07,4.660458782022405e-08,1.4985755551714017e-09,False,2.1746399418272702e-06,True,1.161532215994505e-06,True
4,15,cpu_reference_eigen_corrected,2.7123505991972e-08,2.3666878742422357e-08,5.11443784552151e-08,2.0913704362360794e-08,6.080490331962539e-10,False,1.6126938894315993e-06,True,5.492777090160639e-06,True
4,15,cpu_rjd_corrected,8.324835246669238e-08,7.927944232854482e-08,1.9067960476533093e-07,7.79717537380162e-08,1.8662440116565378e-09,False,2.2248568814998817e-05,True,1.2262697313223145e-05,True
4,15,gpu_cholesky,4.2478676295026005e-16,2.592485166622644e-16,5.377997240303429e-16,2.1991438305147563e-16,9.522780062483214e-18,False,1.4001160249856795e-13,True,8.536057839208645e-14,True
4,15,gpu_pcg,6.483599596574049e-08,5.147126961737021e-08,1.136391299087706e-07,4.6468746687165996e-08,1.453479683491451e-09,False,1.6994789889282435e-07,True,1.2180219570161529e-06,True
4,15,gpu_rjd_corrected,8.324835247359048e-08,7.927944234457329e-08,1.9067960481934985e-07,7.797175376010535e-08,1.866244011811178e-09,False,2.2248568809219653e-05,True,1.2262697308129516e-05,True
5,0,cpu_cholesky,3.4651633129772947e-16,0.0,0.0,0.0,9.656490191380484e-18,False,0.0,True,0.0,True
5,0,cpu_banded,4.798556426613126e-16,4.2224433604483374e-16,8.633567598288834e-16,3.9371349229043777e-16,1.3372302798208415e-17,False,2.2482608615145157e-13,True,1.3911108965569333e-13,True
5,0,cpu_information_smoother,3.624446201798767e-16,2.382912495220156e-16,4.536953426628792e-16,2.068970628446953e-16,1.0100369314710384e-17,False,1.2405603380378751e-14,True,2.2214818450773585e-15,True
5,0,cpu_pcg,8.543102652142438e-08,7.028673229136669e-08,1.3910752497618972e-07,6.343670659752525e-08,2.380735897318408e-09,False,1.4241139958350069e-06,True,1.134105635506556e-06,True
5,0,cpu_identity_corrected,9.223200311551806e-08,7.211041186155272e-08,1.3717370826364724e-07,6.255483508534109e-08,2.570261062603009e-09,False,1.1053641244453008e-06,True,3.987039377974407e-06,True
5,0,cpu_reference_eigen_corrected,5.5243500705899286e-08,4.187831654908545e-08,7.575487249527179e-08,3.454622329480772e-08,1.5394896955811225e-09,False,5.66289364051714e-06,True,1.0525217492044424e-05,True
5,0,cpu_rjd_corrected,3.4291489770093986e-08,3.286715792433906e-08,7.049433170438428e-08,3.214727771114527e-08,9.556127747261385e-10,False,7.246661527294562e-06,True,2.488856376536369e-06,True
5,0,gpu_cholesky,3.556066094449234e-16,2.691788240486093e-16,5.225904751857512e-16,2.3831506347837147e-16,9.909812109676673e-18,False,8.017182732600312e-14,True,6.256742207064386e-14,True
5,0,gpu_pcg,8.54310265326604e-08,7.028673231634299e-08,1.3910752504743517e-07,6.343670663001505e-08,2.3807358976315256e-09,False,1.4241139384277343e-06,True,1.134105694815525e-06,True
5,0,gpu_rjd_corrected,3.429148977792803e-08,3.286715792274588e-08,7.04943316976213e-08,3.2147277708061174e-08,9.556127749444524e-10,False,7.246661582525979e-06,True,2.4888563621116803e-06,True
5,1,cpu_cholesky,2.953571971677995e-14,0.0,0.0,0.0,5.404526441087542e-18,False,0.0,True,0.0,True
5,1,cpu_banded,4.4140759603659984e-14,2.5448576149268827e-14,2.0800625629641655e-14,1.476740044843542e-14,8.076996419766805e-18,False,1.2864695083674087e-12,True,1.6800976681042714e-12,True
5,1,cpu_information_smoother,3.567513270448491e-14,7.06579769564801e-14,1.5955856977318825e-13,1.1327857809538814e-13,6.527932951678774e-18,False,1.8682585420326526e-11,True,1.682561662812552e-11,True
5,1,cpu_pcg,9.222616430004764e-08,7.723979191723252e-08,4.165330178732105e-08,2.957175415994916e-08,1.687579472279093e-11,False,1.4061592548364958e-06,True,7.90466098786214e-07,True
5,1,cpu_identity_corrected,8.952525198420391e-08,7.678595010626897e-08,4.1578878003410544e-08,2.9518917007862346e-08,1.638157443136773e-11,False,1.3559254340264894e-06,True,7.895010071212405e-07,True
5,1,cpu_reference_eigen_corrected,7.711787184780258e-08,3.4041915057620155e-08,1.1491493525240676e-08,8.158383774572813e-09,1.4111238230878647e-11,False,1.506176161362436e-07,True,6.802253246800326e-07,True
5,1,cpu_rjd_corrected,9.283283229222795e-08,5.724013249405286e-08,1.9455578357947726e-08,1.3812484378272872e-08,1.698680452643386e-11,False,8.714290782466572e-07,True,5.587145470336397e-07,True
5,1,gpu_cholesky,4.316487023493275e-14,2.545717305701914e-14,4.351811793286502e-14,3.0895680049212426e-14,7.898425525018277e-18,False,5.8267928529763914e-12,True,5.310925962449542e-12,True
5,1,gpu_pcg,8.893593611683197e-08,7.626828684606267e-08,4.149037431643026e-08,2.9456083831107394e-08,1.6273739809038263e-11,False,1.359178190845924e-06,True,8.197871563067375e-07,True
5,1,gpu_rjd_corrected,9.355312002006878e-08,5.786082088047941e-08,1.9699075956952592e-08,1.398535545517035e-08,1.7118604740407783e-11,False,8.676302257989458e-07,True,5.427074158483087e-07,True
5,2,cpu_cholesky,4.980329515541609e-16,0.0,0.0,0.0,9.12127280035059e-18,False,0.0,True,0.0,True
5,2,cpu_banded,6.72435542006984e-16,4.2884528157760434e-16,7.8439503249809805e-16,3.6662225022440067e-16,1.2315385960220542e-17,False,6.260097092870343e-14,True,3.715682889310833e-14,True
5,2,cpu_information_smoother,6.188572494024225e-16,2.935326566626014e-16,4.836351250173475e-16,2.2604859856994215e-16,1.1334121123228997e-17,False,7.242321772024394e-14,True,2.2787409963869848e-14,True
5,2,cpu_pcg,5.6964245099102195e-08,4.37480500752994e-08,8.361531701841511e-08,3.9081374063383434e-08,1.0432771931149827e-09,False,2.2638000271953525e-06,True,3.2184269448653897e-06,True
5,2,cpu_identity_corrected,5.96488916945197e-08,4.479444156864668e-08,8.454822414680538e-08,3.951741011217324e-08,1.0924454131252467e-09,False,3.258450883995592e-07,True,9.39811348538852e-07,True
5,2,cpu_reference_eigen_corrected,7.039667980568237e-08,5.859256403680748e-08,1.0910076295584447e-07,5.0993141923253605e-08,1.2892868396231702e-09,False,2.64561553365486e-06,True,7.472174364145362e-06,True
5,2,cpu_rjd_corrected,2.8056876424951094e-08,2.3285252212935028e-08,4.4543393449239845e-08,2.0819355633834586e-08,5.138503824517947e-10,False,6.1419926603550845e-06,True,3.2125170321169787e-06,True
5,2,gpu_cholesky,6.104656119472338e-16,2.935372127712918e-16,5.229014073801269e-16,2.4440145931147645e-16,1.118043166506853e-17,False,7.627852728683533e-14,True,5.722876847946324e-14,True
5,2,gpu_pcg,5.696424511686105e-08,4.374805007695808e-08,8.3615317013317e-08,3.90813740610006e-08,1.043277193440229e-09,False,2.263800171273604e-06,True,3.2184270310312944e-06,True
5,2,gpu_rjd_corrected,2.805687638287965e-08,2.3285252176728336e-08,4.454339339502796e-08,2.0819355608496227e-08,5.138503816812731e-10,False,6.141992668196658e-06,True,3.2125170492331683e-06,True
5,3,cpu_cholesky,4.964180570766378e-16,0.0,0.0,0.0,9.462299788992206e-18,False,0.0,True,0.0,True
5,3,cpu_banded,6.160071222813028e-16,4.4370472740497897e-16,8.040888571343234e-16,3.696151671845271e-16,1.1741805077570338e-17,False,2.1703484630825328e-13,True,1.6099172560615632e-13,True
5,3,cpu_information_smoother,6.025425703472797e-16,3.1201211615392185e-16,5.186267338737229e-16,2.3839691999994853e-16,1.1485155213392428e-17,False,5.4213136369652363e-14,True,3.0670156715684205e-14,True
5,3,cpu_pcg,5.5827955275467844e-08,4.1038730528120544e-08,7.727910469306666e-08,3.5522851669398096e-08,1.0641451130024837e-09,False,9.024733112812802e-07,True,3.441010959015472e-07,True
5,3,cpu_identity_corrected,5.654799336457133e-08,4.1158376474619935e-08,7.709772111113567e-08,3.543947515899739e-08,1.0778698679292085e-09,False,1.632511290259271e-06,True,1.0163137454669291e-06,True
5,3,cpu_reference_eigen_corrected,5.2497664789376285e-08,4.118079870337206e-08,7.358925828146914e-08,3.38267416111536e-08,1.0006659324485438e-09,False,1.3483173960071482e-06,True,5.441253256856868e-06,True
5,3,cpu_rjd_corrected,2.1138706873588026e-08,1.9617097533288814e-08,4.093075436558e-08,1.881462164733794e-08,4.029280928717728e-10,False,3.3836430651889154e-06,True,7.154401593406795e-07,True
5,3,gpu_cholesky,5.51137108770516e-16,3.309528525008724e-16,5.853960089232467e-16,2.6908872295338354e-16,1.0505307922793638e-17,False,1.360256225057918e-13,True,8.93912774061662e-14,True
5,3,gpu_pcg,5.5827955302157905e-08,4.1038730532236065e-08,7.727910466824651e-08,3.5522851657989026e-08,1.064145113511227e-09,False,9.024731130448176e-07,True,3.4410093618027765e-07,True
5,3,gpu_rjd_corrected,2.1138706860565318e-08,1.9617097523502464e-08,4.0930754333766946e-08,1.8814621632714446e-08,4.02928092623545e-10,False,3.3836429886296705e-06,True,7.154401931609189e-07,True
5,4,cpu_cholesky,4.893239678676598e-16,0.0,0.0,0.0,1.0427732165704939e-17,False,0.0,True,0.0,True
5,4,cpu_banded,6.058154394682556e-16,4.508422131728622e-16,8.591526293320369e-16,3.846321220296633e-16,1.2910222182969677e-17,False,1.2543231656769335e-13,True,1.139262831109624e-13,True
5,4,cpu_information_smoother,4.906555148774568e-16,2.8251010150424934e-16,5.279008323408527e-16,2.363347447616503e-16,1.0456108081245547e-17,False,7.405377463610695e-16,True,7.00294783824473e-15,True
5,4,cpu_pcg,3.965947299731136e-08,3.0927024193252463e-08,6.104861135451153e-08,2.7330716488065543e-08,8.451626924039745e-10,False,1.319346894414405e-06,True,1.3861018875167643e-06,True
5,4,cpu_identity_corrected,4.119220380426796e-08,3.2114385755108656e-08,6.3441806672712e-08,2.840212075576424e-08,8.778259321944015e-10,False,3.8053488041138245e-06,True,3.3240244267160276e-06,True
5,4,cpu_reference_eigen_corrected,4.139231413484028e-08,3.748061646298343e-08,7.816843296039613e-08,3.499505119208683e-08,8.82090373655856e-10,False,4.934573293627379e-06,True,9.225569701656312e-06,True
5,4,cpu_rjd_corrected,2.5290609525486213e-08,2.2257074789498783e-08,4.594552067670253e-08,2.056924754962033e-08,5.389552095871395e-10,False,4.288674143742578e-06,True,1.126032737695986e-06,True
5,4,gpu_cholesky,4.346121356682583e-16,3.393222519904915e-16,6.43885683233152e-16,2.882597436488482e-16,9.261796364610785e-18,False,1.9736760274372987e-15,True,1.5401540660415572e-15,True
5,4,gpu_pcg,3.9659472993264884e-08,3.092702419333932e-08,6.104861136333037e-08,2.7330716492013633e-08,8.451626923177422e-10,False,1.3193468316714993e-06,True,1.3861017992834069e-06,True
5,4,gpu_rjd_corrected,2.5290609497633063e-08,2.2257074758312697e-08,4.5945520623735083e-08,2.0569247525907454e-08,5.389552089935754e-10,False,4.288674213364647e-06,True,1.126032818798706e-06,True
5,5,cpu_cholesky,5.111548123351238e-16,0.0,0.0,0.0,1.1706604965097565e-17,False,0.0,True,0.0,True
5,5,cpu_banded,5.967347886446018e-16,4.113125491684044e-16,7.460015034231166e-16,3.407207883693114e-16,1.3666580595573744e-17,False,2.157026915321119e-13,True,1.643031105642322e-13,True
5,5,cpu_information_smoother,4.818631044336981e-16,2.709925812315366e-16,5.068325144014544e-16,2.314852893535238e-16,1.1035758394000038e-17,False,6.028913903964316e-14,True,5.600854671008852e-14,True
5,5,cpu_pcg,5.4059914182358194e-08,4.421151550658391e-08,8.866079921978086e-08,4.0493989983936115e-08,1.2380946903598199e-09,False,4.863508433367686e-06,True,1.1409856153082499e-06,True
5,5,cpu_identity_corrected,5.43561198345897e-08,4.423476545318538e-08,8.845717394582527e-08,4.040098834311406e-08,1.2448784719894117e-09,False,4.425381307017452e-06,True,7.788222017429991e-07,True
5,5,cpu_reference_eigen_corrected,5.188547718155674e-08,4.280089938383303e-08,8.164014918483219e-08,3.728745299467216e-08,1.188295154931813e-09,False,1.8139085644540061e-06,True,7.17335599007442e-07,True
5,5,cpu_rjd_corrected,3.7345965277382996e-08,3.431320482038965e-08,7.088993771215086e-08,3.237751580111221e-08,8.553073339561432e-10,False,7.540820470515918e-06,True,1.2413947997671145e-06,True
5,5,gpu_cholesky,4.2284337807360884e-16,2.944227033926929e-16,5.362934633988526e-16,2.449409697006025e-16,9.684072750096253e-18,False,8.15742677116565e-15,True,4.681066230178036e-15,True
5,5,gpu_pcg,5.4059914156245175e-08,4.4211515493123113e-08,8.866079920312131e-08,4.0493989976327205e-08,1.2380946897617726e-09,False,4.8635084426908604e-06,True,1.1409856560566185e-06,True
5,5,gpu_rjd_corrected,3.7345965276072695e-08,3.431320482215578e-08,7.088993770829777e-08,3.237751579935239e-08,8.553073339261341e-10,False,7.5408204007653554e-06,True,1.241394749006927e-06,True
5,6,cpu_cholesky,5.479014063966143e-16,0.0,0.0,0.0,1.0168462638660793e-17,False,0.0,True,0.0,True
5,6,cpu_banded,6.691956280372488e-16,5.019917480112625e-16,9.054177982887174e-16,4.2363393312602673e-16,1.2419553339722836e-17,False,2.2060064975942084e-13,True,1.5741573232420874e-13,True
5,6,cpu_information_smoother,6.045578122199628e-16,3.0524524417836794e-16,5.472189357294889e-16,2.5603705876146195e-16,1.1219944783312363e-17,False,1.315343568162134e-13,True,8.203317145518894e-14,True
5,6,cpu_pcg,9.809576930687227e-08,7.19876173819202e-08,1.3579733876286494e-07,6.353791679033841e-08,1.8205522989642625e-09,False,5.162077308954287e-07,True,1.1155903133173235e-05,True
5,6,cpu_identity_corrected,4.158432899658203e-08,3.196373976361705e-08,6.129525978361569e-08,2.867930366864124e-08,7.717605595554982e-10,False,2.4831740934449207e-06,True,7.067310656627005e-06,True
5,6,cpu_reference_eigen_corrected,8.559808143290186e-08,7.195176311076124e-08,1.3459349174300055e-07,6.297465146810693e-08,1.5886086253819169e-09,False,3.093697431226894e-06,True,2.3299547122875026e-07,True
5,6,cpu_rjd_corrected,3.382502574902471e-08,3.052773663945329e-08,6.1133526643305e-08,2.860363070696969e-08,6.27756207667155e-10,False,3.8308301237162033e-07,True,5.737527951201164e-07,True
5,6,gpu_cholesky,5.366154550175016e-16,4.4919094386933625e-16,8.061104361862689e-16,3.771692308909426e-16,9.959007481947477e-18,False,1.3111794328648848e-13,True,6.700998775323963e-14,True
5,6,gpu_pcg,9.809576930308173e-08,7.198761737472458e-08,1.3579733875948044e-07,6.353791678875484e-08,1.820552298893914e-09,False,5.16207811159514e-07,True,1.1155903120785952e-05,True
5,6,gpu_rjd_corrected,3.3825025727169776e-08,3.052773662723798e-08,6.113352660204247e-08,2.8603630687663454e-08,6.27756207261551e-10,False,3.8308309208164556e-07,True,5.737528514902932e-07,True
5,7,cpu_cholesky,5.758673712233429e-16,0.0,0.0,0.0,8.67911282392677e-18,False,0.0,True,0.0,True
5,7,cpu_banded,6.069428759618726e-16,4.767804388826304e-16,8.344572074922139e-16,3.811576756367722e-16,9.14746339415133e-18,False,1.2564204899136765e-13,True,4.576034925322544e-14,True
5,7,cpu_information_smoother,5.746357118636304e-16,3.269467688017032e-16,5.334969317057276e-16,2.436870921870518e-16,8.660550024438961e-18,False,5.056300131550132e-16,True,1.2634908516034752e-15,True
5,7,cpu_pcg,9.869267678018742e-08,7.433783719749807e-08,1.4664872703999985e-07,6.698520598994211e-08,1.487434297728681e-09,False,7.605985302941009e-06,True,1.3304492737174816e-05,True
5,7,cpu_identity_corrected,9.837007455378931e-08,7.562634863594104e-08,1.505259579020024e-07,6.875622107615531e-08,1.4825722380764705e-09,False,5.949987173606792e-06,True,1.1528080226780425e-05,True
5,7,cpu_reference_eigen_corrected,5.14811520569537e-08,3.9144411682664746e-08,7.079429249223842e-08,3.233693439569598e-08,7.758917300082393e-10,False,2.98891406249329e-07,True,3.525480893881079e-06,True
5,7,cpu_rjd_corrected,3.502201052018409e-08,2.9455921442775234e-08,5.773383060332667e-08,2.6371265633266723e-08,5.278298356979698e-10,False,7.267325363750746e-08,True,3.262779293907535e-06,True
5,7,gpu_cholesky,5.407172685491053e-16,4.37880756797804e-16,7.674456814285345e-16,3.50548607507244e-16,8.149352462206258e-18,False,1.9770853927019396e-13,True,1.286992016848666e-13,True
5,7,gpu_pcg,9.869267676099503e-08,7.433783718070241e-08,1.4664872699612143e-07,6.698520596989962e-08,1.4874342974394254e-09,False,7.605985234755662e-06,True,1.3304492684253873e-05,True
5,7,gpu_rjd_corrected,3.5022010539963675e-08,2.945592147973562e-08,5.77338307050445e-08,2.6371265679728704e-08,5.278298359960753e-10,False,7.267326987023564e-08,True,3.2627792365245616e-06,True
5,8,cpu_cholesky,7.851295410813556e-16,0.0,0.0,0.0,1.149120006535651e-17,False,0.0,True,0.0,True
5,8,cpu_banded,7.225627115142161e-16,5.897350646287788e-16,1.0698900655295232e-15,4.847502266070689e-16,1.0575468433324387e-17,False,8.819226879202788e-14,True,8.515506360377499e-14,True
5,8,cpu_information_smoother,7.7912972419051e-16,3.222463257578119e-16,5.469641022934967e-16,2.4782076315614513e-16,1.140338640832196e-17,False,1.3141908396950291e-13,True,1.00555572636644e-13,True
5,8,cpu_pcg,5.493591968717179e-08,4.045478672278643e-08,8.088897133035803e-08,3.664951049246073e-08,8.040452076578705e-10,False,6.723037489688435e-06,True,2.8222124033966825e-07,True
5,8,cpu_identity_corrected,5.55064180461768e-08,4.122229359614047e-08,8.268836853715251e-08,3.7464788839136506e-08,8.123950539529778e-10,False,7.940554265937692e-06,True,1.3561053129763175e-06,True
5,8,cpu_reference_eigen_corrected,7.431546655299688e-08,5.641246410126687e-08,1.0289609406340398e-07,4.662058890090794e-08,1.0876853600636797e-09,False,2.158623396488798e-06,True,5.518529302956296e-07,True
5,8,cpu_rjd_corrected,8.919424790271394e-08,8.544087973658789e-08,1.8575528782824374e-07,8.416277594243884e-08,1.3054520103215037e-09,False,3.5765563707465186e-06,True,1.3255720058619034e-05,True
5,8,gpu_cholesky,7.018891488038121e-16,4.465724207735308e-16,7.188013755617817e-16,3.2567750735828425e-16,1.0272889008224993e-17,False,1.3677639900551588e-15,True,1.0858924909227334e-14,True
5,8,gpu_pcg,5.4935919667892355e-08,4.045478674199674e-08,8.088897139646942e-08,3.664951052241475e-08,8.040452073756957e-10,False,6.723037493794521e-06,True,2.8222123272047835e-07,True
5,8,gpu_rjd_corrected,8.919424788773004e-08,8.544087971508167e-08,1.8575528776617758e-07,8.416277591431765e-08,1.3054520101021985e-09,False,3.5765563127804906e-06,True,1.3255720111130935e-05,True
5,9,cpu_cholesky,6.207485253292469e-16,0.0,0.0,0.0,1.0467823334757945e-17,False,0.0,True,0.0,True
5,9,cpu_banded,7.173563492476059e-16,4.2304884588909007e-16,6.98621656739499e-16,3.237481565614403e-16,1.2096943006039326e-17,False,6.968141725459541e-14,True,3.697641058962755e-14,True
5,9,cpu_information_smoother,7.082421424477491e-16,3.66162700199163e-16,6.037376609227426e-16,2.7977797837340195e-16,1.1943248067228561e-17,False,6.727632052898061e-14,True,4.023576775392373e-14,True
5,9,cpu_pcg,8.612531831943987e-08,6.073590066502029e-08,1.1277614281081423e-07,5.226157532749521e-08,1.4523507995579891e-09,False,1.75767631454247e-06,True,3.148741211131724e-06,True
5,9,cpu_identity_corrected,8.74457649284772e-08,6.210647486033727e-08,1.1567239935300264e-07,5.360372913480574e-08,1.474617791404044e-09,False,4.502961935987475e-07,True,5.432768023028993e-06,True
5,9,cpu_reference_eigen_corrected,5.010261073786244e-08,3.783229438323327e-08,6.769625447884876e-08,3.137111107595343e-08,8.448917001883405e-10,False,3.2394401426627935e-06,True,6.613663682316562e-06,True
5,9,cpu_rjd_corrected,6.832033249852903e-08,5.806433950659528e-08,1.1220925748750792e-07,5.19988750853374e-08,1.15210127928454e-09,False,6.975499174819789e-06,True,1.0562756525007127e-05,True
5,9,gpu_cholesky,6.794225595900692e-16,3.5305395414026883e-16,6.060632782063389e-16,2.8085569232797017e-16,1.1457256897494247e-17,False,8.31991482131503e-16,True,1.9448832372775003e-14,True
5,9,gpu_pcg,8.612531837622673e-08,6.073590067127154e-08,1.1277614277824182e-07,5.2261575312400834e-08,1.452350800515599e-09,False,1.757676179137299e-06,True,3.1487413153642285e-06,True
5,9,gpu_rjd_corrected,6.832033248249234e-08,5.8064339493776555e-08,1.1220925745649193e-07,5.199887507096429e-08,1.1521012790141094e-09,False,6.975499034797363e-06,True,1.05627564393548e-05,True
5,10,cpu_cholesky,6.176976771512192e-16,0.0,0.0,0.0,9.984353153429336e-18,False,0.0,True,0.0,True
5,10,cpu_banded,8.332304987649113e-16,5.732206051664466e-16,1.0783004328641669e-15,4.772981590820803e-16,1.3468186567002893e-17,False,3.1625710540158644e-13,True,2.8631650683572106e-13,True
5,10,cpu_information_smoother,5.812645476158469e-16,3.1327398429924163e-16,5.618092638124921e-16,2.4867886462838886e-16,9.395454659519763e-18,False,2.1208185243806783e-13,True,1.7114532753058885e-13,True
5,10,cpu_pcg,7.310139885760465e-08,5.714370453942925e-08,1.21755824918598e-07,5.389391427471261e-08,1.1815977454583157e-09,False,1.914169067064946e-06,True,3.0679818128964444e-07,True
5,10,cpu_identity_corrected,7.38961444121029e-08,5.8825420619635836e-08,1.2617570743425042e-07,5.5850328019698756e-08,1.1944438678435715e-09,False,2.1731758651620694e-07,True,1.0773161015702612e-06,True
5,10,cpu_reference_eigen_corrected,6.187286762920563e-08,4.9970597072143674e-08,1.0090805681610896e-07,4.4665872596330375e-08,1.0001018113359898e-09,False,3.5634409417398107e-06,True,5.694912165434789e-06,True
5,10,cpu_rjd_corrected,4.512866745275214e-08,3.487319459003416e-08,6.766323100082455e-08,2.995040585160125e-08,7.294515875594694e-10,False,6.229813367749044e-06,True,8.53259089237736e-07,True
5,10,gpu_cholesky,6.496670351427606e-16,3.6442686013225653e-16,6.77133571363203e-16,2.9972593649607104e-16,1.0501100054191624e-17,False,2.0029737756978674e-13,True,1.7273615729298704e-13,True
5,10,gpu_pcg,7.310139881602702e-08,5.71437045196513e-08,1.2175582488749364e-07,5.389391426094459e-08,1.1815977447862626e-09,False,1.914168842638889e-06,True,3.0679804859108657e-07,True
5,10,gpu_rjd_corrected,4.512866746389837e-08,3.487319458459209e-08,6.766323098560493e-08,2.9950405844864444e-08,7.29451587739635e-10,False,6.229813243074296e-06,True,8.532590306511161e-07,True
5,11,cpu_cholesky,6.532262547488154e-16,0.0,0.0,0.0,1.1633185581625964e-17,False,0.0,True,0.0,True
5,11,cpu_banded,7.719408450534452e-16,5.161792781818889e-16,9.014436053623785e-16,4.130478723600675e-16,1.3747351768641054e-17,False,2.0811249484350024e-13,True,1.5342718471324737e-13,True
5,11,cpu_information_smoother,6.574153628098185e-16,3.2133601519371277e-16,5.844577031585581e-16,2.678026771037423e-16,1.1707788632469157e-17,False,1.43765327135401e-13,True,1.0629743237021406e-13,True
5,11,cpu_pcg,4.9561513319125345e-08,3.729591441948053e-08,7.267312083013437e-08,3.3299340921705395e-08,8.826318263397828e-10,False,4.243734780354449e-06,True,7.478514708615751e-06,True
5,11,cpu_identity_corrected,4.953648047360437e-08,3.7917402506708374e-08,7.460634561297394e-08,3.418515826911965e-08,8.821860213112011e-10,False,6.0508836699321e-06,True,9.44499238033678e-06,True
5,11,cpu_reference_eigen_corrected,5.324270560432131e-08,4.4555266113858536e-08,8.48392205913362e-08,3.887393437535204e-08,9.481895069473347e-10,False,1.040170364534121e-06,True,7.19045736876828e-06,True
5,11,cpu_rjd_corrected,3.009878848311562e-08,2.5380173550036983e-08,5.081585299986076e-08,2.3284185321073693e-08,5.360237562063328e-10,False,1.1006400609353e-06,True,1.557838736133772e-06,True
5,11,gpu_cholesky,5.0262588814807605e-16,4.993807278910846e-16,8.807556529633593e-16,4.035685054079151e-16,8.951171500607457e-18,False,1.490229587432479e-13,True,9.757275176356516e-14,True
5,11,gpu_pcg,4.956151330302531e-08,3.729591440457965e-08,7.267312079185118e-08,3.3299340904163766e-08,8.826318260530605e-10,False,4.243734689019037e-06,True,7.478514581894832e-06,True
5,11,gpu_rjd_corrected,3.009878852890707e-08,2.5380173571723448e-08,5.081585302104363e-08,2.3284185330779837e-08,5.360237570218243e-10,False,1.1006400566631463e-06,True,1.5578387311992447e-06,True
5,12,cpu_cholesky,5.693241057357228e-16,0.0,0.0,0.0,8.646193212907595e-18,False,0.0,True,0.0,True
5,12,cpu_banded,6.44202997073459e-16,4.864198189058825e-16,8.457958024565655e-16,3.8484589950969034e-16,9.783361577204654e-18,False,2.2490012108435957e-14,True,1.333712724290298e-14,True
5,12,cpu_information_smoother,6.740131500948109e-16,3.8747604779777725e-16,6.376656706552002e-16,2.901445217592609e-16,1.0236081460540484e-17,False,3.8511770331090295e-15,True,4.164868839688434e-15,True
5,12,cpu_pcg,8.435572031425949e-08,6.448542641718393e-08,1.3178758595851709e-07,5.996472424562628e-08,1.2810907696407326e-09,False,1.2179152427622524e-06,True,1.972792055714593e-06,True
5,12,cpu_identity_corrected,8.500739659702733e-08,6.567242458002296e-08,1.3479269158061803e-07,6.133207860338032e-08,1.2909876256889517e-09,False,2.6579303966299377e-06,True,3.2894465845332324e-06,True
5,12,cpu_reference_eigen_corrected,1.676961545804493e-08,1.3187987415224358e-08,2.4409711870682268e-08,1.1106673140681017e-08,2.5467626229301205e-10,False,1.5505577130963382e-07,True,5.4186783468823645e-08,True
5,12,cpu_rjd_corrected,1.8299593014450208e-08,1.6239710037211784e-08,3.3071539635946806e-08,1.504789499120259e-08,2.779116762317848e-10,False,5.798541235343817e-06,True,3.2775778039859525e-06,True
5,12,gpu_cholesky,5.580758634033699e-16,3.8344852807485203e-16,6.76119402600759e-16,3.0764137030959764e-16,8.475368764177377e-18,False,1.266235880227256e-14,True,9.975774832608707e-15,True
5,12,gpu_pcg,8.43557203515757e-08,6.448542644263957e-08,1.3178758601211828e-07,5.996472427001538e-08,1.2810907702074452e-09,False,1.217915254317026e-06,True,1.972792078910299e-06,True
5,12,gpu_rjd_corrected,1.8299592971794158e-08,1.623970999876082e-08,3.307153956561798e-08,1.5047894959202238e-08,2.7791167558397725e-10,False,5.798541160134631e-06,True,3.27757772141146e-06,True
5,13,cpu_cholesky,4.613665863431347e-16,0.0,0.0,0.0,9.127761934918706e-18,False,0.0,True,0.0,True
5,13,cpu_banded,6.836456685780979e-16,5.02412976592142e-16,8.651891890100101e-16,3.8945395749490615e-16,1.3525372437739101e-17,False,8.817391808259942e-14,True,5.931968629170226e-14,True
5,13,cpu_information_smoother,5.820772492299596e-16,3.885016861019725e-16,7.034020817209904e-16,3.16627539867729e-16,1.1515924030857107e-17,False,5.999145378123713e-14,True,8.567311146708173e-15,True
5,13,cpu_pcg,5.06610289185623e-08,3.9336500140208487e-08,7.883410672508391e-08,3.5486174861697794e-08,1.0022871739543093e-09,False,1.3844806761136458e-06,True,3.218940078287186e-07,True
5,13,cpu_identity_corrected,5.134657903574713e-08,3.945884903127993e-08,7.864769627120145e-08,3.5402264556408366e-08,1.0158502242028089e-09,False,4.4688315524777725e-07,True,5.413751619918299e-07,True
5,13,cpu_reference_eigen_corrected,2.0922979111630596e-08,1.742720862227595e-08,3.3452907824845245e-08,1.5058402841355382e-08,4.139440910733632e-10,False,1.247103484555806e-07,True,3.526059766726472e-08,True
5,13,cpu_rjd_corrected,8.846367912286831e-08,7.888225237956148e-08,1.6340267684051637e-07,7.355364580273791e-08,1.7501817966323968e-09,False,6.028350578927898e-06,True,7.245912773842774e-06,True
5,13,gpu_cholesky,5.102390154279369e-16,3.199617154103905e-16,5.4751313240408e-16,2.4645610336300035e-16,1.0094663117345242e-17,False,5.4955251772301456e-14,True,5.356084544525212e-14,True
5,13,gpu_pcg,5.066102893479788e-08,3.9336500161808105e-08,7.88341067840337e-08,3.54861748882333e-08,1.0022871742755167e-09,False,1.3844807387547862e-06,True,3.218940859015292e-07,True
5,13,gpu_rjd_corrected,8.846367909617423e-08,7.888225235273765e-08,1.6340267677343885e-07,7.355364577254382e-08,1.7501817961042757e-09,False,6.028350565642467e-06,True,7.245912748768537e-06,True
5,14,cpu_cholesky,4.9699550402166e-16,0.0,0.0,0.0,1.0053151772856825e-17,False,0.0,True,0.0,True
5,14,cpu_banded,6.101884278260165e-16,4.454302249419928e-16,8.514034290583143e-16,3.8352820456503267e-16,1.234280154515943e-17,False,6.355516479854866e-14,True,6.618239153605112e-14,True
5,14,cpu_information_smoother,5.074758715859322e-16,2.438716517163829e-16,4.278233815726763e-16,1.9271984091841273e-16,1.026514710260605e-17,False,7.495968981666631e-14,True,5.2069096815671067e-14,True
5,14,cpu_pcg,5.97027081282318e-08,4.7931190716207784e-08,9.806808801915755e-08,4.417632868206004e-08,1.2076575789701983e-09,False,1.0636118112197746e-07,True,2.737083730254502e-06,True
5,14,cpu_identity_corrected,5.950630167335994e-08,4.7953857047858365e-08,9.827985102725831e-08,4.427172069425807e-08,1.2036846982508817e-09,False,4.243966556059146e-07,True,2.4895890664440784e-06,True
5,14,cpu_reference_eigen_corrected,4.336209100428969e-08,3.8024074362773935e-08,7.744444027617246e-08,3.4886078818728796e-08,8.771219756588718e-10,False,5.800331781360193e-07,True,2.907709268663438e-06,True
5,14,cpu_rjd_corrected,2.600304196815421e-08,2.3854616280166375e-08,5.051670639800612e-08,2.275605317539681e-08,5.259856959627989e-10,False,4.487966286408986e-06,True,7.435955360718079e-07,True
5,14,gpu_cholesky,5.701859404732366e-16,3.51018947626308e-16,6.518112280620265e-16,2.9361872583770846e-16,1.1533637129394909e-17,False,4.900484287327729e-14,True,2.313671879144225e-14,True
5,14,gpu_pcg,5.970270812317383e-08,4.7931190710022286e-08,9.806808800112452e-08,4.417632867393678e-08,1.2076575788678864e-09,False,1.0636117829812081e-07,True,2.7370837164974923e-06,True
5,14,gpu_rjd_corrected,2.6003041979615052e-08,2.3854616306987813e-08,5.051670648548657e-08,2.275605321480377e-08,5.25985696194627e-10,False,4.487966428192082e-06,True,7.435954258834187e-07,True
5,15,cpu_cholesky,4.854893570126156e-16,0.0,0.0,0.0,1.1007189723656171e-17,False,0.0,True,0.0,True
5,15,cpu_banded,5.413411382297469e-16,4.2727673434506067e-16,8.425804986722974e-16,3.7483160450648056e-16,1.2273481442271796e-17,False,1.3956000376782782e-13,True,8.196647204162382e-14,True
5,15,cpu_information_smoother,5.417938006684404e-16,2.7796392385216244e-16,5.088159409321922e-16,2.263526106272542e-16,1.2283744368269046e-17,False,3.5074744055224217e-15,True,1.4501826506766168e-15,True
5,15,cpu_pcg,5.975747107234004e-08,4.4880028874371615e-08,8.828775323968251e-08,3.927582024180364e-08,1.3548429273753361e-09,False,1.7778245353262217e-06,True,1.7975540534157126e-06,True
5,15,cpu_identity_corrected,6.015147233000994e-08,4.492709143624688e-08,8.808415739616145e-08,3.9185248294294645e-08,1.363775866131879e-09,False,2.393703119602692e-06,True,2.2045996532343833e-06,True
5,15,cpu_reference_eigen_corrected,2.9384742649298117e-08,2.5180562118754984e-08,4.954336525298165e-08,2.2039934605284847e-08,6.662214748190109e-10,False,5.712639707561484e-06,True,6.303396868005721e-06,True
5,15,cpu_rjd_corrected,2.1382649422761305e-08,1.8520214894435408e-08,3.762290143674401e-08,1.6736979474300274e-08,4.847951353190087e-10,False,3.823629653558775e-06,True,1.7995809218149086e-06,True
5,15,gpu_cholesky,4.64715568516593e-16,3.0083529372472813e-16,6.053284656597516e-16,2.6928731485504846e-16,1.0536198901814355e-17,False,7.164363540773723e-14,True,1.7173053569796637e-14,True
5,15,gpu_pcg,5.975747105854677e-08,4.488002885006554e-08,8.828775317003752e-08,3.927582021082126e-08,1.3548429270626104e-09,False,1.7778244779187554e-06,True,1.7975540466491562e-06,True
5,15,gpu_rjd_corrected,2.1382649440057264e-08,1.8520214912951985e-08,3.762290145710302e-08,1.6736979483357213e-08,4.84795135711149e-10,False,3.823629802594086e-06,True,1.7995810155713355e-06,True
6,0,cpu_cholesky,3.9681278469532153e-16,0.0,0.0,0.0,1.1546265652976926e-17,False,0.0,True,0.0,True
6,0,cpu_banded,5.379704538802503e-16,4.2325241729290097e-16,7.764363920798511e-16,3.8312195780471694e-16,1.5653602942060587e-17,False,1.5682696327351776e-13,True,1.1368219661785956e-13,True
6,0,cpu_information_smoother,3.778933782771224e-16,2.3265777850158427e-16,4.3368217342297883e-16,2.1399455904139116e-16,1.0995757955325775e-17,False,9.83182224359168e-18,True,3.1963036976661183e-15,True
6,0,cpu_pcg,6.904837962004955e-08,5.659848624289017e-08,1.0316165863198919e-07,5.090371475195467e-08,2.0091362092458365e-09,False,6.9159194134773075e-06,True,8.840117724001237e-06,True
6,0,cpu_identity_corrected,7.975646599733408e-08,6.100629092721122e-08,1.0511823696491756e-07,5.1869161669636906e-08,2.320714910030581e-09,False,4.568024456647083e-06,True,6.361644768191267e-06,True
6,0,cpu_reference_eigen_corrected,2.9606213734026382e-09,2.9426576909854266e-09,5.924954681037062e-09,2.9235881528202372e-09,8.614672250114143e-11,False,1.11019241798727e-07,True,3.484039649374766e-08,True
6,0,cpu_rjd_corrected,2.4256961513290026e-08,2.2805178978321408e-08,4.4710383341804536e-08,2.2061729427991447e-08,7.058172821997583e-10,False,1.2359688928120063e-07,True,3.702878292401619e-07,True
6,0,gpu_cholesky,3.655587530894763e-16,2.77849722285134e-16,5.083125936022308e-16,2.5081992295081894e-16,1.0636851023292792e-17,False,3.429368646775096e-14,True,3.063254378053737e-14,True
6,0,gpu_pcg,6.904837963942226e-08,5.659848625310989e-08,1.0316165864767008e-07,5.090371475969219e-08,2.009136209809535e-09,False,6.915919362448915e-06,True,8.84011771240657e-06,True
6,0,gpu_rjd_corrected,2.4256961525831834e-08,2.2805178991245384e-08,4.4710383366377485e-08,2.2061729440116634e-08,7.058172825646938e-10,False,1.2359699239804991e-07,True,3.7028776645003026e-07,True
6,1,cpu_cholesky,3.2235412857581945e-14,0.0,0.0,0.0,6.270977906592481e-18,False,0.0,True,0.0,True
6,1,cpu_banded,3.775488363513746e-14,2.3267252255458194e-14,2.307885408887852e-14,1.526517172951899e-14,7.344718747296177e-18,False,2.4800750042376616e-12,True,2.7691209461518786e-12,True
6,1,cpu_information_smoother,3.9761964215248775e-14,6.073110699580664e-14,1.5775634845179872e-13,1.0434563784078963e-13,7.735170019946626e-18,False,1.804776417698764e-11,True,1.6052456853016728e-11,True
6,1,cpu_pcg,9.175439339935158e-08,4.709083032772784e-08,1.3158724770510881e-08,8.70364674908714e-09,1.7849617014675338e-11,False,5.719822613677889e-09,True,7.114663465090595e-07,True
6,1,cpu_identity_corrected,9.594815514078491e-08,4.59161322942498e-08,1.2938020042991402e-08,8.557664823202653e-09,1.866545850366702e-11,False,1.5128429591861502e-08,True,6.79229872641455e-07,True
6,1,cpu_reference_eigen_corrected,8.054818112359227e-08,3.2748178646362756e-08,1.2838997140127262e-08,8.492167567075669e-09,1.5669594993940477e-11,False,8.435577019934867e-07,True,1.5775007820833724e-07,True
6,1,cpu_rjd_corrected,9.013836317807071e-08,9.682762472580825e-08,8.487705565526248e-08,5.614069162549498e-08,1.7535239438529902e-11,False,2.6183023826275938e-06,True,9.268908694879998e-06,True
6,1,gpu_cholesky,4.291737357250494e-14,2.3520900233524117e-14,4.7784688761286475e-14,3.1606486057475666e-14,8.349013635134652e-18,False,7.2078430918825575e-12,True,6.4859901931002244e-12,True
6,1,gpu_pcg,9.902506127523266e-08,4.500335219457142e-08,1.2775065385078224e-08,8.449880839318965e-09,1.9264030343736412e-11,False,1.1100272527157884e-08,True,6.754005106226476e-07,True
6,1,gpu_rjd_corrected,9.014070084717648e-08,9.682747730649679e-08,8.487257571130949e-08,5.61377284318495e-08,1.7535694201445967e-11,False,2.6160023884236035e-06,True,9.264806705752046e-06,True
6,2,cpu_cholesky,4.899643273088919e-16,0.0,0.0,0.0,9.351318617961943e-18,False,0.0,True,0.0,True
6,2,cpu_banded,6.403927974922261e-16,4.623254580473563e-16,7.860802163777843e-16,3.9038143724779297e-16,1.2222353253530635e-17,False,4.9307094528561305e-14,True,5.891551373892134e-14,True
6,2,cpu_information_smoother,6.154994069459521e-16,3.317634281602616e-16,5.417892613298567e-16,2.690621976189286e-16,1.174724514156229e-17,False,8.41230175892893e-15,True,1.4622678404175506e-14,True
6,2,cpu_pcg,6.406382246861992e-08,5.211797608058285e-08,9.796628345587968e-08,4.865180135630217e-08,1.2227037429576751e-09,False,5.739829345712861e-07,True,5.630497589337238e-06,True
6,2,cpu_identity_corrected,6.496328268210802e-08,5.2231952703382716e-08,9.762541543429314e-08,4.8482520225183084e-08,1.2398705824492622e-09,False,3.96540842296701e-07,True,6.166039176575618e-06,True
6,2,cpu_reference_eigen_corrected,1.2800309531013598e-08,1.1314336497678815e-08,2.1154236913835396e-08,1.0505570854278487e-08,2.4430303620379134e-10,False,8.05597646505377e-07,True,6.717680834188257e-07,True
6,2,cpu_rjd_corrected,9.900527395610856e-08,8.724618741213565e-08,1.6258802751797814e-07,8.074411051104249e-08,1.889586250583247e-09,False,5.406823697655287e-06,True,6.480772837691586e-06,True
6,2,gpu_cholesky,5.232033962978731e-16,3.0875638796242156e-16,5.114510379927256e-16,2.5399569552011243e-16,9.985709954954977e-18,False,4.8714417963589224e-14,True,3.5162232918479405e-14,True
6,2,gpu_pcg,6.40638224390222e-08,5.211797606242407e-08,9.79662834223341e-08,4.865180133964283e-08,1.2227037423927815e-09,False,5.739831035261965e-07,True,5.630497481115129e-06,True
6,2,gpu_rjd_corrected,9.900527395517853e-08,8.724618739432322e-08,1.6258802749045155e-07,8.074411049737231e-08,1.8895862505654966e-09,False,5.406823648401376e-06,True,6.4807727974790625e-06,True
6,3,cpu_cholesky,4.981121940991667e-16,0.0,0.0,0.0,9.90081887233353e-18,False,0.0,True,0.0,True
6,3,cpu_banded,7.074132923652062e-16,4.763264957419748e-16,7.475502902197655e-16,3.710352293530374e-16,1.406103074480173e-17,False,1.5876259890641716e-13,True,1.2353041911583617e-13,True
6,3,cpu_information_smoother,6.696475768037895e-16,3.187582524123416e-16,5.519451500163981e-16,2.739495897545919e-16,1.331037353586937e-17,False,8.084642706748247e-15,True,1.0012018434770459e-15,True
6,3,cpu_pcg,5.5758110958779176e-08,4.1740343699687604e-08,7.349340723103123e-08,3.647733612662419e-08,1.1082863723003248e-09,False,8.615881763238095e-07,True,2.9229659861433856e-06,True
6,3,cpu_identity_corrected,5.780755955822248e-08,4.225549901784104e-08,7.336817599336718e-08,3.6415179504391874e-08,1.1490226148876792e-09,False,2.6938309181803258e-06,True,4.2305888866300726e-06,True
6,3,cpu_reference_eigen_corrected,5.967108687207088e-08,4.894288322900063e-08,8.418670205260738e-08,4.17847905528632e-08,1.18606334837049e-09,False,2.1510870894386797e-06,True,5.711207976087205e-06,True
6,3,cpu_rjd_corrected,8.052008418485007e-08,7.194768487657774e-08,1.3466031718609907e-07,6.683660260128941e-08,1.6004723040495008e-09,False,2.170877291489841e-06,True,2.142382608929873e-06,True
6,3,gpu_cholesky,6.169964308919824e-16,3.09238701295876e-16,5.012593452704428e-16,2.487924606157214e-16,1.2263843325870484e-17,False,5.966433179171435e-14,True,4.296075047002914e-14,True
6,3,gpu_pcg,5.5758110969241396e-08,4.174034372580489e-08,7.349340731691326e-08,3.647733616925043e-08,1.1082863725082787e-09,False,8.615880984375075e-07,True,2.9229659025086738e-06,True
6,3,gpu_rjd_corrected,8.052008423235132e-08,7.194768488380108e-08,1.3466031715364315e-07,6.68366025851804e-08,1.6004723049936677e-09,False,2.1708773002926703e-06,True,2.1423825735096456e-06,True
6,4,cpu_cholesky,4.943116491870004e-16,0.0,0.0,0.0,1.0927353172349052e-17,False,0.0,True,0.0,True
6,4,cpu_banded,5.941410897823074e-16,5.055433802820215e-16,9.533921159122219e-16,4.433549685089472e-16,1.3134202952598267e-17,False,2.2889119786188825e-13,True,1.9737334574730262e-13,True
6,4,cpu_information_smoother,4.634522803273129e-16,2.9802521548552156e-16,5.696515110115429e-16,2.6490446429163634e-16,1.0245169730465355e-17,False,1.3746963016175528e-13,True,9.162112357192388e-14,True
6,4,cpu_pcg,4.2544269558780075e-08,3.242645226099218e-08,6.146641747584583e-08,2.8583665765147204e-08,9.404922167860845e-10,False,1.481150194173556e-06,True,7.4312941703128475e-06,True
6,4,cpu_identity_corrected,4.312220685614957e-08,3.3403599045425914e-08,6.386348026506967e-08,2.9698369442357128e-08,9.532682149615253e-10,False,3.979739507319274e-06,True,9.399605549874146e-06,True
6,4,cpu_reference_eigen_corrected,5.4600393713488114e-08,5.061250014255717e-08,1.0363208114322994e-07,4.819192156609313e-08,1.2070073222725398e-09,False,5.799149368289172e-06,True,4.294327319361905e-06,True
6,4,cpu_rjd_corrected,2.0130929296195498e-08,1.8442434826768074e-08,3.8141129264387294e-08,1.773673065014627e-08,4.450183884729219e-10,False,1.0189265901509658e-06,True,3.3156221385450425e-06,True
6,4,gpu_cholesky,3.979859244326037e-16,3.005511518898816e-16,5.303710339161973e-16,2.4663790387545312e-16,8.79795724226127e-18,False,1.5766205365337126e-13,True,1.3428143530052575e-13,True
6,4,gpu_pcg,4.254426957223833e-08,3.2426452264312436e-08,6.146641746605072e-08,2.858366576059219e-08,9.404922170835956e-10,False,1.481150307455493e-06,True,7.431294243774679e-06,True
6,4,gpu_rjd_corrected,2.0130929314914764e-08,1.8442434835823485e-08,3.814112925132574e-08,1.773673064407227e-08,4.450183888867338e-10,False,1.0189265840041477e-06,True,3.3156221484527365e-06,True
6,5,cpu_cholesky,5.492727966800365e-16,0.0,0.0,0.0,1.3119536587007397e-17,False,0.0,True,0.0,True
6,5,cpu_banded,5.069106138036407e-16,3.6578087814500437e-16,6.357883150498418e-16,3.0697673470042623e-16,1.210770383011206e-17,False,1.5722856605715492e-13,True,1.3401249021607819e-13,True
6,5,cpu_information_smoother,4.618108652956126e-16,2.291292870318908e-16,3.883087373765683e-16,1.874865351153231e-16,1.1030483541409908e-17,False,3.3418897842488093e-14,True,2.4211034558585517e-14,True
6,5,cpu_pcg,4.384679713050127e-08,3.6709157983141535e-08,7.164259586839173e-08,3.459108892779361e-08,1.047293188305808e-09,False,3.677767348111778e-06,True,7.466554367277731e-06,True
6,5,cpu_identity_corrected,4.538608236817415e-08,3.720807693012908e-08,7.17954206697239e-08,3.4664877101284206e-08,1.0840594533377601e-09,False,1.794321431297845e-06,True,5.967648687919121e-06,True
6,5,cpu_reference_eigen_corrected,3.573593515245948e-08,3.05832663173277e-08,5.736766687221606e-08,2.7698746008621032e-08,8.535629549547879e-10,False,2.7982294621363063e-06,True,2.1584748520864168e-07,True
6,5,cpu_rjd_corrected,3.154563732238891e-08,3.0178204447244195e-08,6.133332558260914e-08,2.9613479156488555e-08,7.534764931059015e-10,False,3.5644634425128976e-06,True,5.563095085774389e-06,True
6,5,gpu_cholesky,4.139539922355614e-16,2.913386070932943e-16,5.261242079625941e-16,2.540277755726667e-16,9.887408550538201e-18,False,7.120184279381788e-14,True,5.500225891977277e-14,True
6,5,gpu_pcg,4.384679706863345e-08,3.670915795785514e-08,7.164259585994812e-08,3.4591088923716796e-08,1.0472931868280777e-09,False,3.6777674181992822e-06,True,7.466554404137614e-06,True
6,5,gpu_rjd_corrected,3.1545637313532836e-08,3.0178204432037366e-08,6.133332554192014e-08,2.9613479136842744e-08,7.534764928943716e-10,False,3.564463362152594e-06,True,5.563094969295499e-06,True
6,6,cpu_cholesky,4.295937370482045e-16,0.0,0.0,0.0,8.229089670993578e-18,False,0.0,True,0.0,True
6,6,cpu_banded,6.036650092531646e-16,4.253265167065241e-16,7.213444722402693e-16,3.618781763060009e-16,1.1563514697673644e-17,False,4.925028684009914e-14,True,6.41224729003088e-14,True
6,6,cpu_information_smoother,4.769270684710379e-16,2.717856649199588e-16,4.3769967015088794e-16,2.1958157925854702e-16,9.135784054812415e-18,False,3.120541424281122e-14,True,1.3492708593198337e-14,True
6,6,cpu_pcg,9.249495766442712e-08,7.093965872704885e-08,1.2847235739635854e-07,6.445095816141696e-08,1.7717886310226854e-09,False,2.913631692902535e-06,True,2.1999597518789236e-06,True
6,6,cpu_identity_corrected,9.329266120574224e-08,7.098779751243738e-08,1.2807180231704656e-07,6.425001097572446e-08,1.7870690536839037e-09,False,2.1000855584759435e-06,True,1.4071350670226398e-06,True
6,6,cpu_reference_eigen_corrected,2.2028900036889337e-08,1.8781585531573938e-08,3.415408664324293e-08,1.7134141957820517e-08,4.2197494641440274e-10,False,2.819421125329059e-06,True,1.1940689106870685e-07,True
6,6,cpu_rjd_corrected,9.811048031728886e-08,8.084006214251761e-08,1.4045586266707656e-07,7.046274476269605e-08,1.879356876767992e-09,False,5.508555011904581e-06,True,1.5013691282494431e-06,True
6,6,gpu_cholesky,4.850032758408075e-16,3.144589019180882e-16,5.281071799606332e-16,2.649364769993037e-16,9.290487973691746e-18,False,6.190022165814207e-14,True,4.017558946711861e-14,True
6,6,gpu_pcg,9.249495765461413e-08,7.093965873064726e-08,1.2847235741878102e-07,6.445095817266569e-08,1.7717886308347121e-09,False,2.913631789488158e-06,True,2.1999598106867504e-06,True
6,6,gpu_rjd_corrected,9.811048036702266e-08,8.084006216348453e-08,1.40455862683661e-07,7.046274477101599e-08,1.879356877720669e-09,False,5.508555144322947e-06,True,1.5013690511259474e-06,True
6,7,cpu_cholesky,7.086530270982575e-16,0.0,0.0,0.0,1.1012033126498426e-17,False,0.0,True,0.0,True
6,7,cpu_banded,8.490159596284913e-16,6.345399497042681e-16,1.1535002719436697e-15,5.568709218938284e-16,1.31931869544649e-17,False,1.9780795603374573e-13,True,1.5714798091153145e-13,True
6,7,cpu_information_smoother,5.662387108852591e-16,3.820531860745293e-16,6.167646074093779e-16,2.977530945361736e-16,8.799002055077187e-18,False,2.4965792974340825e-15,True,2.080739677110565e-16,True
6,7,cpu_pcg,9.094543165035922e-08,7.202651628142855e-08,1.3907745673802148e-07,6.71418927520922e-08,1.4132361935336107e-09,False,2.1422913032744485e-06,True,4.6139550940094674e-06,True
6,7,cpu_identity_corrected,9.034667892609898e-08,7.412300976291994e-08,1.4505537561054228e-07,7.002782982078302e-08,1.4039319429518857e-09,False,1.4650557028931113e-06,True,2.569953799411197e-06,True
6,7,cpu_reference_eigen_corrected,5.387455518313634e-08,4.248112786157932e-08,7.50387977091869e-08,3.622619385057245e-08,8.371775303345633e-10,False,2.1784946739636275e-06,True,7.904192914557404e-07,True
6,7,cpu_rjd_corrected,3.5366702073559464e-08,3.145380667449643e-08,6.05690862427859e-08,2.9240706495415654e-08,5.495768424675295e-10,False,2.6580905785634695e-06,True,1.840903388980252e-06,True
6,7,gpu_cholesky,5.874999148966197e-16,3.240108614789852e-16,5.026460261705744e-16,2.4266050280874694e-16,9.129388116985424e-18,False,2.9205658719218796e-14,True,9.050550793461345e-15,True
6,7,gpu_pcg,9.094543166084211e-08,7.202651629300186e-08,1.3907745676735746e-07,6.714189276625462e-08,1.4132361936965086e-09,False,2.1422912056702224e-06,True,4.6139549583268815e-06,True
6,7,gpu_rjd_corrected,3.536670204842026e-08,3.145380667531074e-08,6.056908625453846e-08,2.9240706501089388e-08,5.495768420768816e-10,False,2.658090685451949e-06,True,1.8409034658664321e-06,True
6,8,cpu_cholesky,5.946874901881691e-16,0.0,0.0,0.0,9.185165466556037e-18,False,0.0,True,0.0,True
6,8,cpu_banded,8.140001427381678e-16,5.457827805672356e-16,9.118087027225615e-16,4.208058719028603e-16,1.2572529478440083e-17,False,2.4495048016208267e-15,True,1.0622467837382195e-14,True
6,8,cpu_information_smoother,6.55103667818271e-16,2.821394843374143e-16,4.700066938523227e-16,2.1691126221558658e-16,1.0118315394115027e-17,False,8.83109358263514e-15,True,8.596377132141156e-15,True
6,8,cpu_pcg,7.995102827108598e-08,5.974482159502153e-08,1.2034681363809697e-07,5.554086695213262e-08,1.234872832279205e-09,False,3.4026337207167328e-06,True,6.011117864475166e-07,True
6,8,cpu_identity_corrected,8.300438054166485e-08,6.043537680952892e-08,1.2058356074425655e-07,5.565012733989871e-08,1.2820329729046379e-09,False,7.542593172516268e-07,True,1.3091881242723092e-06,True
6,8,cpu_reference_eigen_corrected,6.416251688697017e-08,5.078202902573741e-08,9.406221987782486e-08,4.341034948517085e-08,9.910135200133675e-10,False,3.674071393864243e-07,True,7.483040172014016e-07,True
6,8,cpu_rjd_corrected,7.746056574805649e-08,7.779946771041464e-08,1.744121150052813e-07,8.049236852650553e-08,1.1964067179977594e-09,False,1.2681179218257367e-05,True,2.6147926186740338e-05,True
6,8,gpu_cholesky,6.080954166761415e-16,3.050343548665998e-16,5.079555562210995e-16,2.3442491839054165e-16,9.392255787753945e-18,False,1.3821234923650204e-14,True,1.4630595810249957e-14,True
6,8,gpu_pcg,7.995102832169935e-08,5.974482161205017e-08,1.203468136479748e-07,5.554086695669131e-08,1.2348728330609472e-09,False,3.402633817334159e-06,True,6.011118426424856e-07,True
6,8,gpu_rjd_corrected,7.746056571726233e-08,7.779946769315392e-08,1.7441211498202732e-07,8.049236851577366e-08,1.1964067175221324e-09,False,1.2681179180083642e-05,True,2.6147926210367746e-05,True
6,9,cpu_cholesky,5.634849935231787e-16,0.0,0.0,0.0,9.874944017457285e-18,False,0.0,True,0.0,True
6,9,cpu_banded,7.335033176563816e-16,5.219646209270944e-16,8.52173273004311e-16,4.391341800927546e-16,1.2854475774389912e-17,False,1.026872738146128e-13,True,5.408253700393128e-14,True
6,9,cpu_information_smoother,6.253950313165461e-16,2.7954116888805065e-16,4.402876666937341e-16,2.268850357590678e-16,1.0959903092419803e-17,False,3.2808569582100664e-14,True,1.2402095772983383e-14,True
6,9,cpu_pcg,4.3519896181104977e-08,3.326772618118097e-08,5.813524160883187e-08,2.9957723936103104e-08,7.626761016187693e-10,False,1.7267523291469781e-06,True,1.202756923019816e-06,True
6,9,cpu_identity_corrected,4.5324211428558444e-08,3.379201932703031e-08,5.838948838424596e-08,3.008874007190502e-08,7.942963086196594e-10,False,6.38213922580123e-07,True,2.1708773032061477e-06,True
6,9,cpu_reference_eigen_corrected,6.58224017956145e-08,5.342685694851947e-08,8.920231092184604e-08,4.596692352359855e-08,1.1535223437607753e-09,False,2.7795332289512176e-06,True,6.074280374137859e-06,True
6,9,cpu_rjd_corrected,5.113495107748384e-08,4.409526687551853e-08,7.775594752274021e-08,4.006848764730156e-08,8.961281752692774e-10,False,2.6253081887803373e-06,True,4.651218638079458e-06,True
6,9,gpu_cholesky,5.081838618580633e-16,3.1172695181802038e-16,4.703835071006948e-16,2.4239375050051947e-16,8.905804491876314e-18,False,3.1308429182476054e-14,True,2.193461722354298e-14,True
6,9,gpu_pcg,4.351989616953464e-08,3.326772619349665e-08,5.813524164377325e-08,2.995772395410878e-08,7.626761014160018e-10,False,1.7267524024358603e-06,True,1.2027568783937437e-06,True
6,9,gpu_rjd_corrected,5.11349510673835e-08,4.409526686101603e-08,7.775594750213223e-08,4.006848763668204e-08,8.961281750922711e-10,False,2.6253082321874754e-06,True,4.651218679008639e-06,True
6,10,cpu_cholesky,4.3995668546541887e-16,0.0,0.0,0.0,7.533360447079399e-18,False,0.0,True,0.0,True
6,10,cpu_banded,5.483677918037502e-16,3.8854158832997097e-16,6.740424858510262e-16,3.1131926314553586e-16,9.389679415500887e-18,False,2.533514745700515e-14,True,1.2369791153806776e-14,True
6,10,cpu_information_smoother,5.130433790903656e-16,3.514866297248117e-16,6.685833229104465e-16,3.087978455498677e-16,8.784820932057665e-18,False,7.596946397099653e-15,True,3.461393211955517e-15,True
6,10,cpu_pcg,8.669125698377619e-08,7.037465337379152e-08,1.5018427111313368e-07,6.936544446446629e-08,1.4844108693705054e-09,False,6.680804696380831e-06,True,6.593422140348202e-06,True
6,10,cpu_identity_corrected,9.014230393230155e-08,7.133836496874535e-08,1.506351797387885e-07,6.957370513650329e-08,1.5435030065929713e-09,False,3.7682796211670388e-06,True,4.7764097379356146e-06,True
6,10,cpu_reference_eigen_corrected,6.346707435824664e-08,5.690245368799812e-08,1.1786275605735349e-07,5.4437141780091055e-08,1.0867441488899747e-09,False,2.7592696592541016e-06,True,9.529569322144661e-06,True
6,10,cpu_rjd_corrected,3.640716831521208e-08,3.3254368381057597e-08,7.01398821751502e-08,3.239543039829768e-08,6.233984605516389e-10,False,1.2010051760566222e-06,True,2.892828602923447e-06,True
6,10,gpu_cholesky,4.463415587287771e-16,3.0922912575455394e-16,5.438444895656574e-16,2.511848574998587e-16,7.642688372511225e-18,False,8.206353435296282e-15,True,2.8920019205548887e-14,True
6,10,gpu_pcg,8.669125700750168e-08,7.03746533876872e-08,1.5018427115144734e-07,6.936544448216218e-08,1.4844108697767557e-09,False,6.680804700216382e-06,True,6.5934221039450834e-06,True
6,10,gpu_rjd_corrected,3.640716831946269e-08,3.32543684095485e-08,7.0139882258365e-08,3.2395430436732005e-08,6.233984606244219e-10,False,1.2010052996563193e-06,True,2.8928284931876716e-06,True
6,11,cpu_cholesky,5.335490166053563e-16,0.0,0.0,0.0,9.782296145317888e-18,False,0.0,True,0.0,True
6,11,cpu_banded,6.806043697030233e-16,5.4138764511078145e-16,9.63109638820636e-16,4.794865233770603e-16,1.247846644829812e-17,False,5.709286315866667e-14,True,2.846466982681091e-14,True
6,11,cpu_information_smoother,5.5036420399814e-16,2.848416668936142e-16,4.729809433779915e-16,2.354747362321343e-16,1.0090592361215316e-17,False,7.172667711112392e-15,True,7.372769297562009e-15,True
6,11,cpu_pcg,5.356590222771953e-08,4.176814471460719e-08,7.66786329353528e-08,3.817464766368643e-08,9.820981810049896e-10,False,5.495354005833242e-06,True,7.364751764534159e-06,True
6,11,cpu_identity_corrected,5.3641326612684595e-08,4.245522676168967e-08,7.853127648967537e-08,3.9096990854028526e-08,9.834810414435603e-10,False,7.713817748602556e-06,True,9.080380843259094e-06,True
6,11,cpu_reference_eigen_corrected,1.274710079697772e-08,1.0256233427294504e-08,1.7555458220506847e-08,8.74002843409369e-09,2.3371032670206216e-10,False,4.8988070324304964e-08,True,2.212229017847969e-07,True
6,11,cpu_rjd_corrected,7.73925067859253e-08,6.976285682256726e-08,1.3339003458573506e-07,6.640855968898806e-08,1.4189444585241378e-09,False,5.306389993485424e-06,True,1.3536560898631923e-05,True
6,11,gpu_cholesky,4.995967579752896e-16,3.0513251008076425e-16,5.093831421876986e-16,2.535976612315357e-16,9.15980216934754e-18,False,4.6380667451187745e-14,True,4.521938928122373e-14,True
6,11,gpu_pcg,5.356590224385021e-08,4.1768144718838964e-08,7.66786329225852e-08,3.8174647657330045e-08,9.820981813007358e-10,False,5.4953540557772804e-06,True,7.364751800689564e-06,True
6,11,gpu_rjd_corrected,7.739250682003153e-08,6.976285683073117e-08,1.3339003458500685e-07,6.640855968862553e-08,1.418944459149455e-09,False,5.306390172242294e-06,True,1.3536561110644334e-05,True
6,12,cpu_cholesky,7.239593259213157e-16,0.0,0.0,0.0,1.1448119936067077e-17,False,0.0,True,0.0,True
6,12,cpu_banded,7.193342597036901e-16,4.616621782413623e-16,7.451163644579812e-16,3.6244548117932973e-16,1.1374982798556971e-17,False,6.864656191464263e-14,True,5.730284354064025e-14,True
6,12,cpu_information_smoother,6.75640141842348e-16,3.219459500756312e-16,4.91779142503634e-16,2.3921515677399854e-16,1.0684038592346604e-17,False,1.5809260201807375e-15,True,8.997691601928969e-15,True
6,12,cpu_pcg,7.574698822713025e-08,5.805852199054952e-08,1.1038730987525322e-07,5.369548107151276e-08,1.1978029339170052e-09,False,1.7292219963711496e-06,True,6.329737249414742e-06,True
6,12,cpu_identity_corrected,7.596806291500445e-08,5.957385528469345e-08,1.1416277410105401e-07,5.5531972676406076e-08,1.2012988335084038e-09,False,1.3938462307427252e-06,True,4.652556783294734e-06,True
6,12,cpu_reference_eigen_corrected,9.724080354281968e-08,7.971458986975721e-08,1.495990005545345e-07,7.276914630559392e-08,1.5376891508029256e-09,False,5.824023519360397e-06,True,5.537539425607592e-07,True
6,12,cpu_rjd_corrected,6.088445639300769e-08,5.797114577799311e-08,1.1850589817178507e-07,5.764458993825179e-08,9.627786170950433e-10,False,2.2645959630758884e-06,True,6.237235756996302e-06,True
6,12,gpu_cholesky,6.337693774155682e-16,3.305584441084504e-16,5.207568963059187e-16,2.53310748310235e-16,1.0021927454593703e-17,False,1.169104639825123e-16,True,5.574125894668031e-15,True
6,12,gpu_pcg,7.5746988197465e-08,5.8058521973477126e-08,1.1038730982065747e-07,5.3695481044955853e-08,1.197802933447903e-09,False,1.7292221155087332e-06,True,6.329737365404904e-06,True
6,12,gpu_rjd_corrected,6.088445641369553e-08,5.797114581740561e-08,1.1850589831506309e-07,5.764459000794623e-08,9.627786174221846e-10,False,2.264596016855512e-06,True,6.237235722272554e-06,True
6,13,cpu_cholesky,5.285516274866342e-16,0.0,0.0,0.0,1.1012039573372687e-17,False,0.0,True,0.0,True
6,13,cpu_banded,6.713305846503386e-16,5.201353084647421e-16,9.464210904839854e-16,4.44184686976027e-16,1.3986749033654038e-17,False,1.6212359013818225e-13,True,1.2972499482825614e-13,True
6,13,cpu_information_smoother,5.488482884106249e-16,2.7289395006573697e-16,4.56029673184056e-16,2.1402882889206642e-16,1.1434907693872354e-17,False,6.012613057718278e-15,True,2.7693869969914174e-15,True
6,13,cpu_pcg,4.7326431933219157e-08,3.6330968766204755e-08,6.8964494216505e-08,3.236716994583569e-08,9.860163401163683e-10,False,1.4937463012677916e-07,True,3.2249532965693336e-06,True
6,13,cpu_identity_corrected,4.861841623479646e-08,3.667094639147891e-08,6.88733856788626e-08,3.232440989147888e-08,1.0129340173689147e-09,False,1.514103894860028e-06,True,4.4407027724802745e-06,True
6,13,cpu_reference_eigen_corrected,2.999156890555194e-08,2.5428165427725815e-08,4.807535721032541e-08,2.256325192711924e-08,6.248554101950073e-10,False,1.5259617526438874e-06,True,1.9225904956974215e-07,True
6,13,cpu_rjd_corrected,7.615224008926801e-08,6.886228905943703e-08,1.3881501160179597e-07,6.515017796611608e-08,1.5865838630764313e-09,False,2.9688250730901176e-06,True,3.2897349932274866e-06,True
6,13,gpu_cholesky,5.854434334748759e-16,3.1024014974612524e-16,5.369375561216835e-16,2.520014005284032e-16,1.219734444495593e-17,False,2.29571728873152e-14,True,2.5680408321465823e-14,True
6,13,gpu_pcg,4.732643194235319e-08,3.633096875252332e-08,6.89644941666433e-08,3.236716992243406e-08,9.860163403066699e-10,False,1.4937456710940168e-07,True,3.224953343784319e-06,True
6,13,gpu_rjd_corrected,7.615224002381997e-08,6.88622890306244e-08,1.3881501156838203e-07,6.515017795043389e-08,1.5865838617128627e-09,False,2.9688250333502912e-06,True,3.2897350073845492e-06,True
6,14,cpu_cholesky,5.796498690180688e-16,0.0,0.0,0.0,1.2469709033693535e-17,False,0.0,True,0.0,True
6,14,cpu_banded,6.217951554721843e-16,4.347527906143384e-16,7.878314782112015e-16,3.696202423407586e-16,1.3376358870628293e-17,False,1.2474636546895038e-13,True,7.34896856687652e-14,True
6,14,cpu_information_smoother,6.20721508288549e-16,2.0602812283010825e-16,3.5246393776224477e-16,1.653625295448453e-16,1.335326205184102e-17,False,6.507252835039956e-14,True,3.4987242424058625e-14,True
6,14,cpu_pcg,4.38039833211032e-08,3.622527737442444e-08,7.344313440848875e-08,3.445669523127789e-08,9.423325290858458e-10,False,1.8995255560781807e-06,True,3.614213877775261e-06,True
6,14,cpu_identity_corrected,4.510447104266582e-08,3.660321112674383e-08,7.358104000825783e-08,3.452139523707422e-08,9.703092512771159e-10,False,3.5394890181912053e-06,True,4.705335419035749e-06,True
6,14,cpu_reference_eigen_corrected,3.723405107027097e-08,3.314540562619731e-08,6.605627247106358e-08,3.09910635892824e-08,8.009969550656644e-10,False,1.921577038129365e-06,True,1.4738107848815992e-06,True
6,14,cpu_rjd_corrected,2.5317923328097177e-08,2.402542266317841e-08,5.0360131485766216e-08,2.362703765828878e-08,5.446514396464948e-10,False,2.0745537974604907e-06,True,3.7270975761339968e-06,True
6,14,gpu_cholesky,5.210119892451705e-16,2.856510385587478e-16,5.256100758776917e-16,2.4659604115307446e-16,1.1208262532619708e-17,False,6.228604807166e-14,True,3.8657339372283494e-14,True
6,14,gpu_pcg,4.38039832828258e-08,3.6225277335157e-08,7.344313433808128e-08,3.445669519824541e-08,9.423325282624038e-10,False,1.8995255758281931e-06,True,3.614213916107413e-06,True
6,14,gpu_rjd_corrected,2.531792328234532e-08,2.402542263799423e-08,5.036013143862542e-08,2.362703763617213e-08,5.446514386622587e-10,False,2.0745537951472963e-06,True,3.7270975860772018e-06,True
6,15,cpu_cholesky,3.9294796902409335e-16,0.0,0.0,0.0,9.32236444110281e-18,False,0.0,True,0.0,True
6,15,cpu_banded,4.719440741111765e-16,4.3066853082706467e-16,8.314119879102574e-16,3.948072816989719e-16,1.1196481472114344e-17,False,1.3774845309483755e-13,True,7.304182831782379e-14,True
6,15,cpu_information_smoother,4.686270873449155e-16,3.319402975067897e-16,6.114598589010736e-16,2.9036002399670406e-16,1.1117788713991182e-17,False,1.9108269374365094e-13,True,1.4201097388302632e-13,True
6,15,cpu_pcg,6.711079107329292e-08,5.499912914982818e-08,1.0806761412165013e-07,5.1317375250147913e-08,1.5921478183356985e-09,False,1.4683802498827172e-06,True,2.2785666456512808e-06,True
6,15,cpu_identity_corrected,6.879432217733683e-08,5.559142019831884e-08,1.0841149343071014e-07,5.148067101351999e-08,1.6320881974628505e-09,False,3.7856667691491744e-06,True,4.0733320666481095e-06,True
6,15,cpu_reference_eigen_corrected,3.1648892439935234e-08,2.9179743162509794e-08,5.8119191459333113e-08,2.7598687928803583e-08,7.508437007229009e-10,False,4.996896432038133e-06,True,4.630333694383294e-06,True
6,15,cpu_rjd_corrected,7.97638366650356e-08,7.612370003839019e-08,1.5830173026614613e-07,7.517172800419992e-08,1.8923308248344734e-09,False,1.3098318157299243e-06,True,2.3041129225708313e-06,True
6,15,gpu_cholesky,3.709350398729637e-16,3.254987961802703e-16,6.170291296668621e-16,2.930046679085788e-16,8.800125966445052e-18,False,2.3277789359938446e-13,True,1.6310691573585504e-13,True
6,15,gpu_pcg,6.71107911023247e-08,5.4999129179144934e-08,1.0806761419176932e-07,5.131737528344496e-08,1.5921478190244531e-09,False,1.4683803476382082e-06,True,2.2785666735939113e-06,True
6,15,gpu_rjd_corrected,7.97638366462202e-08,7.61237000281855e-08,1.5830173025714288e-07,7.51717279999246e-08,1.892330824388094e-09,False,1.3098317939305042e-06,True,2.304112910612487e-06,True
7,0,cpu_cholesky,3.628811166963236e-16,0.0,0.0,0.0,1.1159038479110087e-17,False,0.0,True,0.0,True
7,0,cpu_banded,4.837422109649007e-16,4.117989522105507e-16,7.018169101052455e-16,3.901340926671194e-16,1.487566505325904e-17,False,7.452010997708567e-14,True,8.850904992605012e-14,True
7,0,cpu_information_smoother,4.3081340831641643e-16,2.064053311202989e-16,3.1891717816058165e-16,1.7728336571283003e-16,1.3248039590725174e-17,False,4.152024972709524e-15,True,8.061050216135917e-15,True
7,0,cpu_pcg,8.125902241820006e-08,6.95992501796297e-08,1.1743785481378273e-07,6.528271159165617e-08,2.4988143896650203e-09,False,5.256120944194348e-06,True,2.8473783028401215e-06,True
7,0,cpu_identity_corrected,8.937392882045082e-08,7.273420157933199e-08,1.1799475204998521e-07,6.559228606161601e-08,2.748357700179773e-09,False,3.1918201840235687e-06,True,5.624332683205537e-06,True
7,0,cpu_reference_eigen_corrected,2.1994066255775513e-09,2.2287029559935634e-09,4.07917240198293e-09,2.2675774849051617e-09,6.763444560985805e-11,False,1.6348386819433922e-07,True,2.4877843049698176e-07,True
7,0,cpu_rjd_corrected,2.708372397787764e-08,2.55489144459756e-08,4.496570599990482e-08,2.499605617764125e-08,8.32857658410844e-10,False,2.570979381591418e-07,True,6.093116670403123e-08,True
7,0,gpu_cholesky,3.5283670501999327e-16,2.7166118151427353e-16,4.524674028019127e-16,2.5152280760390997e-16,1.0850160526416859e-17,False,7.23349802045469e-14,True,4.991905087224415e-14,True
7,0,gpu_pcg,8.125902243531114e-08,6.959925021172476e-08,1.1743785491358778e-07,6.528271164713696e-08,2.4988143901912064e-09,False,5.256120945513817e-06,True,2.8473783057774454e-06,True
7,0,gpu_rjd_corrected,2.7083724023629064e-08,2.554891448159373e-08,4.4965706064808224e-08,2.4996056213720503e-08,8.328576598177564e-10,False,2.570979391329764e-07,True,6.093115358918781e-08,True
7,1,cpu_cholesky,4.970375435937934e-14,0.0,0.0,0.0,6.613104866636203e-18,False,0.0,True,0.0,True
7,1,cpu_banded,5.761142421237033e-14,2.1717596275414397e-14,2.3704236446798927e-14,1.5389524591818574e-14,7.665223578040814e-18,False,2.7019145648244833e-12,True,2.8561727389435593e-12,True
7,1,cpu_information_smoother,5.2546495095313526e-14,7.671730759898798e-14,1.6590999076854673e-13,1.0771390543169098e-13,6.991332685394117e-18,False,1.90267473855724e-11,True,1.7225384007874642e-11,True
7,1,cpu_pcg,7.088286406221772e-08,2.340040280005489e-08,9.848957005493372e-09,6.394247980945723e-09,9.430994085855215e-12,False,5.169030527711889e-07,True,7.275807146837047e-07,True
7,1,cpu_identity_corrected,7.131699697284241e-08,2.3548653586080122e-08,9.855157278893263e-09,6.398273390503958e-09,9.488755647362173e-12,False,5.074147745238403e-07,True,7.314967795797646e-07,True
7,1,cpu_reference_eigen_corrected,7.717598565487884e-08,2.9091650705449062e-08,1.3104818786321737e-08,8.508054306497575e-09,1.0268296507132081e-11,False,3.372437139963969e-07,True,5.366084400857871e-07,True
7,1,cpu_rjd_corrected,6.726975458136519e-08,3.250543030879773e-08,7.831280627374584e-09,5.08430997433325e-09,8.950268376254332e-12,False,1.9540186504252148e-07,True,4.3345844216312714e-07,True
7,1,gpu_cholesky,5.301636552566506e-14,2.602671278783919e-14,4.9984957152769114e-14,3.2451782576924914e-14,7.053849138520221e-18,False,7.090574084589418e-12,True,6.439542019376358e-12,True
7,1,gpu_pcg,9.359488984673516e-08,2.639919856449452e-08,9.982476096540425e-09,6.4809327108992745e-09,1.245283841567402e-11,False,5.111333278713659e-07,True,7.692359195926346e-07,True
7,1,gpu_rjd_corrected,6.658367717662384e-08,3.0381015167119674e-08,7.754572979597559e-09,5.034508993209283e-09,8.858985498537236e-12,False,1.533849094307255e-07,True,4.996876809829804e-07,True
7,2,cpu_cholesky,5.392034126046365e-16,0.0,0.0,0.0,1.0310468825967815e-17,False,0.0,True,0.0,True
7,2,cpu_banded,6.280449635165724e-16,4.4172158369871923e-16,6.695598641456911e-16,3.6700019924639364e-16,1.200926749770358e-17,False,1.4320314769430017e-13,True,1.228734512803915e-13,True
7,2,cpu_information_smoother,5.162705949102082e-16,2.997772164164588e-16,4.514913622724163e-16,2.474721511621969e-16,9.871955091813507e-18,False,8.338074839603e-15,True,1.0486376485911374e-14,True
7,2,cpu_pcg,6.913156441579194e-08,5.524700374722438e-08,9.540716890424534e-08,5.229472653960258e-08,1.321910849077066e-09,False,3.4569510421337797e-06,True,1.8472359577081676e-07,True
7,2,cpu_identity_corrected,7.154944890342403e-08,5.593327134666656e-08,9.560440989268861e-08,5.2402838578472473e-08,1.3681448337024815e-09,False,1.3002085336504042e-06,True,1.6990420202766534e-06,True
7,2,cpu_reference_eigen_corrected,9.976163719600122e-08,8.12517416198763e-08,1.28374605964648e-07,7.036488966870266e-08,1.90760897103766e-09,False,2.408877569370374e-06,True,4.874930015672428e-07,True
7,2,cpu_rjd_corrected,2.0142169856944682e-08,1.833351255178762e-08,3.180138719939423e-08,1.743102605676772e-08,3.851518902315974e-10,False,2.310482256841422e-06,True,3.0161980248375128e-06,True
7,2,gpu_cholesky,5.020569281084952e-16,3.135128196151336e-16,4.608997504751837e-16,2.5262909160905097e-16,9.600166069274046e-18,False,2.263673234208712e-14,True,2.1880302978636536e-15,True
7,2,gpu_pcg,6.913156440164347e-08,5.5247003743718555e-08,9.54071689106469e-08,5.2294726543111416e-08,1.3219108488065239e-09,False,3.4569510896355975e-06,True,1.8472357787929154e-07,True
7,2,gpu_rjd_corrected,2.014216984363505e-08,1.833351254026377e-08,3.180138718483636e-08,1.7431026048788238e-08,3.8515188997709496e-10,False,2.310482191903713e-06,True,3.016197991215237e-06,True
7,3,cpu_cholesky,5.060998858507906e-16,0.0,0.0,0.0,1.0641254504872954e-17,False,0.0,True,0.0,True
7,3,cpu_banded,6.211596918396464e-16,5.031466706305191e-16,7.908943502102388e-16,4.4236175137976736e-16,1.3060501600237234e-17,False,1.3653158702081116e-13,True,6.472192564969402e-14,True
7,3,cpu_information_smoother,5.002223995620072e-16,2.449024436101745e-16,3.7496330990674124e-16,2.0972387327006247e-16,1.0517674497849826e-17,False,2.3058469960169652e-14,True,1.396421848984391e-14,True
7,3,cpu_pcg,5.265952065931544e-08,4.2282697503175874e-08,7.053622763975401e-08,3.9452208991187197e-08,1.1072189054830975e-09,False,6.042323246240761e-07,True,1.235326929446565e-06,True
7,3,cpu_identity_corrected,5.365425966855278e-08,4.2533385434893835e-08,7.049142499012772e-08,3.9427150045514026e-08,1.1281342842108084e-09,False,1.6361146908861155e-06,True,2.1265142456603136e-06,True
7,3,cpu_reference_eigen_corrected,5.771430360983768e-08,4.884320320776153e-08,7.707331231193564e-08,4.310852063854617e-08,1.2135007417461474e-09,False,1.5319967589337355e-08,True,1.965225657478974e-06,True
7,3,cpu_rjd_corrected,6.252990911552322e-08,5.824013195494845e-08,9.99939642483239e-08,5.5928462683462175e-08,1.3147536659713943e-09,False,1.4046699908529783e-06,True,5.008497552996557e-06,True
7,3,gpu_cholesky,4.917216153304804e-16,3.1254299328039593e-16,4.596013135906089e-16,2.570634648766156e-16,1.0338937037068503e-17,False,5.385055133835959e-14,True,1.6760269756635573e-14,True
7,3,gpu_pcg,5.265952063327927e-08,4.228269749131366e-08,7.053622763454442e-08,3.945220898827338e-08,1.107218904935661e-09,False,6.042322025390363e-07,True,1.2353268416965047e-06,True
7,3,gpu_rjd_corrected,6.252990905862592e-08,5.824013189429702e-08,9.999396410623724e-08,5.59284626039905e-08,1.3147536647750721e-09,False,1.4046702000198642e-06,True,5.008497682116737e-06,True
7,4,cpu_cholesky,4.880641583180104e-16,0.0,0.0,0.0,1.1704543737096101e-17,False,0.0,True,0.0,True
7,4,cpu_banded,5.654671399168354e-16,4.803860614834727e-16,8.009658482326992e-16,4.3173711767422217e-16,1.3560788593565946e-17,False,1.050783764096863e-13,True,1.0421714268980899e-13,True
7,4,cpu_information_smoother,5.021494989040252e-16,2.700411158331569e-16,4.48743199664859e-16,2.41881843060715e-16,1.2042332288316624e-17,False,1.8234819144279788e-13,True,1.5659836599678992e-13,True
7,4,cpu_pcg,9.815005727515365e-08,8.303819571658715e-08,1.4914902485359517e-07,8.039440162934935e-08,2.353792259794693e-09,False,7.336720335086661e-08,True,1.263136623078391e-06,True
7,4,cpu_identity_corrected,9.845036155070276e-08,8.306457378860306e-08,1.4899948753749126e-07,8.031379793072489e-08,2.3609940275832637e-09,False,4.598097660843292e-07,True,1.7121378527555006e-06,True
7,4,cpu_reference_eigen_corrected,6.743560736343216e-08,6.484509707519317e-08,1.1926527092003012e-07,6.428644169943389e-08,1.6172115687592384e-09,False,9.401608914181232e-06,True,8.923552574289683e-07,True
7,4,cpu_rjd_corrected,9.86145350079044e-08,9.750154962657854e-08,1.8400159758276595e-07,9.918065740645192e-08,2.364931170248343e-09,False,3.4128382253488054e-06,True,3.0097005448753794e-06,True
7,4,gpu_cholesky,4.207051634873307e-16,3.025059615337131e-16,5.054662834146111e-16,2.724567555089131e-16,1.0089169430981173e-17,False,1.455010789382065e-13,True,1.173442047774686e-13,True
7,4,gpu_pcg,9.815005727675115e-08,8.30381956973147e-08,1.4914902479082626e-07,8.039440159551563e-08,2.353792259833003e-09,False,7.336721133805145e-08,True,1.2631365769006827e-06,True
7,4,gpu_rjd_corrected,9.861453501528085e-08,9.750154964726888e-08,1.840015976407313e-07,9.918065743769643e-08,2.3649311704252416e-09,False,3.4128381373387915e-06,True,3.009700603278922e-06,True
7,5,cpu_cholesky,3.6067201274157823e-16,0.0,0.0,0.0,9.360882924705504e-18,False,0.0,True,0.0,True
7,5,cpu_banded,4.623573999629826e-16,4.06078325603651e-16,6.547669105155045e-16,3.682972969200728e-16,1.2000025889244099e-17,False,7.632971856759028e-14,True,3.722551058764505e-14,True
7,5,cpu_information_smoother,4.3066332103890834e-16,2.9437046492096866e-16,4.520004461231808e-16,2.5424397574210126e-16,1.1177437632507889e-17,False,1.432507258404239e-13,True,1.0451865876478234e-13,True
7,5,cpu_pcg,4.080123492658082e-08,3.6073685551368876e-08,6.345762099907967e-08,3.569403081859934e-08,1.0589554203272216e-09,False,3.99980818631963e-06,True,3.6905869157741914e-06,True
7,5,cpu_identity_corrected,4.2518587714039354e-08,3.663906206473438e-08,6.348823707464372e-08,3.5711251936055725e-08,1.1035276024654706e-09,False,2.1981942292829366e-06,True,5.295072922529779e-06,True
7,5,cpu_reference_eigen_corrected,5.630632681285182e-08,5.013311843351077e-08,8.32691426119277e-08,4.683773667896559e-08,1.4613746425353504e-09,False,5.443407646867833e-07,True,2.1050662539091394e-06,True
7,5,cpu_rjd_corrected,2.695181036716644e-08,2.7280450790565242e-08,5.029120044195865e-08,2.8288102046965536e-08,6.995073953152838e-10,False,1.3548965550030432e-06,True,4.188474594996928e-06,True
7,5,gpu_cholesky,3.6154031473600695e-16,2.8478047273041447e-16,4.548825001067055e-16,2.5586509109576838e-16,9.38341883829456e-18,False,5.6285980022826155e-14,True,5.132817496798487e-14,True
7,5,gpu_pcg,4.080123492047195e-08,3.6073685539199e-08,6.34576209770199e-08,3.569403080619103e-08,1.058955420168672e-09,False,3.9998081430107935e-06,True,3.690586967242519e-06,True
7,5,gpu_rjd_corrected,2.695181037887408e-08,2.728045080742855e-08,5.029120046414311e-08,2.828810205944399e-08,6.99507395619144e-10,False,1.3548964207844115e-06,True,4.188474515968492e-06,True
7,6,cpu_cholesky,5.160094447409761e-16,0.0,0.0,0.0,1.000413569675501e-17,False,0.0,True,0.0,True
7,6,cpu_banded,6.003985385913972e-16,4.291915018804944e-16,5.904318363241554e-16,3.387715156994729e-16,1.1640229676836309e-17,False,9.527824036592883e-14,True,4.6263880512570835e-14,True
7,6,cpu_information_smoother,5.114274974372305e-16,2.3912770765365706e-16,3.234637414454081e-16,1.8559348466962102e-16,9.915303170433594e-18,False,9.773429242322471e-15,True,1.1883294052660175e-15,True
7,6,cpu_pcg,8.050383495718722e-08,6.428655147213144e-08,1.0500337537884533e-07,6.024768727261268e-08,1.5607685042506571e-09,False,1.1997196299619445e-06,True,2.6837371851995846e-06,True
7,6,cpu_identity_corrected,8.334183066786283e-08,6.495770811588766e-08,1.0493063700341841e-07,6.020595224381358e-08,1.6157901594244797e-09,False,6.439094473295704e-07,True,1.1966786675359585e-06,True
7,6,cpu_reference_eigen_corrected,2.3255327519200092e-08,1.9712667656332226e-08,3.149637462978249e-08,1.8071645050169378e-08,4.5086277990526756e-10,False,2.070220747771693e-06,True,8.804094220253529e-07,True
7,6,cpu_rjd_corrected,3.115069130239552e-08,2.7575501513513736e-08,4.500526901752463e-08,2.5822630592634238e-08,6.039341814746126e-10,False,4.1917485340392353e-07,True,4.85275437245459e-07,True
7,6,gpu_cholesky,4.79318451662346e-16,3.101794815004668e-16,4.617391158379065e-16,2.6493161531395313e-16,9.292788884505149e-18,False,4.901535446293305e-14,True,3.609773216850161e-14,True
7,6,gpu_pcg,8.050383495561923e-08,6.428655147054827e-08,1.0500337538155422e-07,6.024768727416696e-08,1.5607685042202576e-09,False,1.1997196539699312e-06,True,2.6837372576088365e-06,True
7,6,gpu_rjd_corrected,3.115069131039389e-08,2.757550151926704e-08,4.500526902336975e-08,2.582263059598799e-08,6.03934181629681e-10,False,4.1917490144645725e-07,True,4.85275499648331e-07,True
7,7,cpu_cholesky,6.155594448098177e-16,0.0,0.0,0.0,1.003253514245323e-17,False,0.0,True,0.0,True
7,7,cpu_banded,7.980726069695287e-16,5.826502557284225e-16,8.533981678117687e-16,4.703842257682892e-16,1.300717833697572e-17,False,6.246451611482194e-14,True,5.0014729475493244e-14,True
7,7,cpu_information_smoother,6.654000702231916e-16,3.635862822967422e-16,5.445310529721543e-16,3.0013987306285586e-16,1.0844849582914801e-17,False,3.8479918855929606e-14,True,1.684243280655437e-14,True
7,7,cpu_pcg,5.91237477283724e-08,4.5398077534610074e-08,7.675921753838343e-08,4.2308885200625397e-08,9.636129896735712e-10,False,2.045443672379806e-06,True,7.555040467910349e-07,True
7,7,cpu_identity_corrected,6.185548691746097e-08,4.615605323323186e-08,7.723462256448266e-08,4.257092352407462e-08,1.0081355283665199e-09,False,1.2375318742164275e-06,True,1.8383885676955445e-06,True
7,7,cpu_reference_eigen_corrected,6.311583587841787e-08,5.1687499406653704e-08,8.41714276020727e-08,4.6394418570096405e-08,1.0286770065286426e-09,False,7.977202322468293e-06,True,1.3383397672864033e-06,True
7,7,cpu_rjd_corrected,3.4478971744010085e-08,3.1553488016930205e-08,5.473631412566883e-08,3.0170089077448726e-08,5.619465297355427e-10,False,4.41422645860964e-06,True,9.824480216821408e-07,True
7,7,gpu_cholesky,5.938514807549375e-16,3.5400861367963027e-16,4.949321503995488e-16,2.728014719910624e-16,9.678733549304118e-18,False,1.0749700116110179e-13,True,3.895478772314083e-14,True
7,7,gpu_pcg,5.9123747761407316e-08,4.5398077554508215e-08,7.675921756825676e-08,4.230888521709127e-08,9.63612990211982e-10,False,2.0454437271651446e-06,True,7.555039838993349e-07,True
7,7,gpu_rjd_corrected,3.44789717710057e-08,3.15534880265423e-08,5.473631417455501e-08,3.0170089104394286e-08,5.619465301755238e-10,False,4.414226384732172e-06,True,9.824479918642699e-07,True
7,8,cpu_cholesky,5.787612810835626e-16,0.0,0.0,0.0,9.449263436543891e-18,False,0.0,True,0.0,True
7,8,cpu_banded,6.177063882404214e-16,4.090212537739581e-16,6.243071402781829e-16,3.278945651482066e-16,1.008510862715618e-17,False,3.4528940749351415e-15,True,3.841067521528402e-15,True
7,8,cpu_information_smoother,5.891442951201301e-16,3.809093385521241e-16,5.798088487450408e-16,3.0452345978875753e-16,9.618783821033284e-18,False,2.061187159043681e-15,True,1.165092181277237e-14,True
7,8,cpu_pcg,9.281905403803833e-08,7.341489889747424e-08,1.351161381952331e-07,7.096482567585202e-08,1.5154291153974422e-09,False,8.957363791438186e-06,True,7.244947487633409e-06,True
7,8,cpu_identity_corrected,9.454739827539756e-08,7.368274733020594e-08,1.3482522853278917e-07,7.081203598130847e-08,1.543647277736505e-09,False,7.843781989275914e-06,True,8.505768485298716e-06,True
7,8,cpu_reference_eigen_corrected,7.271887088892903e-08,5.84459409501125e-08,9.834727100190485e-08,5.165331866028851e-08,1.1872594113250012e-09,False,6.634571112040453e-06,True,9.6551935484118e-07,True
7,8,cpu_rjd_corrected,8.589905962789645e-08,8.714221047866882e-08,1.7521657978288707e-07,9.202612068326771e-08,1.402448402765381e-09,False,1.4113349562436995e-05,True,8.222788756324115e-06,True
7,8,gpu_cholesky,5.535172087060398e-16,3.8020115022504864e-16,6.156056399097697e-16,3.2332441930914657e-16,9.03711096901911e-18,False,7.674896091847308e-15,True,6.519221726677362e-15,True
7,8,gpu_pcg,9.281905408306155e-08,7.341489891247101e-08,1.351161382479949e-07,7.096482570356324e-08,1.5154291161325229e-09,False,8.957363877953145e-06,True,7.244947356839379e-06,True
7,8,gpu_rjd_corrected,8.589905969119405e-08,8.714221052736068e-08,1.752165798634276e-07,9.202612072556868e-08,1.402448403798822e-09,False,1.4113349603534207e-05,True,8.22278875864459e-06,True
7,9,cpu_cholesky,5.149637070176225e-16,0.0,0.0,0.0,9.43584243275349e-18,False,0.0,True,0.0,True
7,9,cpu_banded,6.080508157076005e-16,4.496094656752536e-16,6.45313067315543e-16,3.6742339259600185e-16,1.1141506886674264e-17,False,6.692835102540136e-14,True,2.599954253606136e-14,True
7,9,cpu_information_smoother,4.938301638649153e-16,2.9916070196140614e-16,4.322731737394998e-16,2.4612437600917994e-16,9.048605855656382e-18,False,3.085507472236282e-14,True,2.7425512698644573e-14,True
7,9,cpu_pcg,9.783482001023806e-08,7.684703030216384e-08,1.259861774091964e-07,7.173304101287298e-08,1.7926582689702489e-09,False,6.909518218065112e-07,True,7.678141328999e-06,True
7,9,cpu_identity_corrected,9.844866145656844e-08,7.825735469340449e-08,1.2895443931911382e-07,7.342308715682014e-08,1.8039058809358222e-09,False,3.4171931217417764e-06,True,4.754620637936383e-06,True
7,9,cpu_reference_eigen_corrected,6.251263582295844e-08,4.994093438933192e-08,7.585539923108714e-08,4.3189963978494634e-08,1.1454387412241385e-09,False,6.046557024566068e-06,True,7.19983699946213e-06,True
7,9,cpu_rjd_corrected,4.762304922091498e-08,4.324881373394896e-08,7.15722917114822e-08,4.075128115086613e-08,8.726121534008668e-10,False,3.5261362785426115e-06,True,1.2688700069948898e-07,True
7,9,gpu_cholesky,5.115145959849598e-16,3.507437090444406e-16,5.187830667929219e-16,2.9538071376014505e-16,9.372643283388652e-18,False,1.5201432852269405e-14,True,1.998217438769948e-14,True
7,9,gpu_pcg,9.78348200376997e-08,7.684703030962881e-08,1.2598617740865555e-07,7.173304101256503e-08,1.7926582694734367e-09,False,6.909517893449327e-07,True,7.678141366643926e-06,True
7,9,gpu_rjd_corrected,4.762304922059931e-08,4.324881372487755e-08,7.157229169525184e-08,4.075128114162501e-08,8.726121533950826e-10,False,3.526136349088669e-06,True,1.2688705515407588e-07,True
7,10,cpu_cholesky,5.205551919504487e-16,0.0,0.0,0.0,9.60812565939818e-18,False,0.0,True,0.0,True
7,10,cpu_banded,6.638721312007736e-16,4.975496419135465e-16,8.629623180974981e-16,4.401478263973564e-16,1.2253392064825817e-17,False,1.590617025744574e-14,True,7.263367219610118e-14,True
7,10,cpu_information_smoother,6.432415489154681e-16,3.4863280596782253e-16,5.942580254442324e-16,3.030971025422137e-16,1.1872603956112382e-17,False,2.0929112681257357e-14,True,8.278489624004677e-15,True
7,10,cpu_pcg,5.815929150226126e-08,4.77584974773298e-08,9.328393277186754e-08,4.7578810089707504e-08,1.0734726885689806e-09,False,2.949059640678094e-06,True,6.4103755764059795e-06,True
7,10,cpu_identity_corrected,5.8806049738154104e-08,4.9003519405376345e-08,9.630122245634884e-08,4.9117757351232735e-08,1.0854102010177535e-09,False,4.884882743770766e-06,True,8.197469684721476e-06,True
7,10,cpu_reference_eigen_corrected,8.255457406664429e-08,7.632912594981217e-08,1.4718907015473905e-07,7.507274412732463e-08,1.523747609058407e-09,False,9.897955643683478e-07,True,1.2907412438896272e-05,True
7,10,cpu_rjd_corrected,3.6553012425804985e-08,3.367207261002793e-08,6.492931835544401e-08,3.3116739565888945e-08,6.74675692943535e-10,False,9.642754256934603e-07,True,3.013086934844887e-06,True
7,10,gpu_cholesky,5.287439116842982e-16,3.755915636886766e-16,6.857774972596183e-16,3.497759618015413e-16,9.759268611018012e-18,False,2.006252183721472e-15,True,6.533971669332246e-14,True
7,10,gpu_pcg,5.815929146250609e-08,4.7758497445959624e-08,9.328393274097068e-08,4.757881007394878e-08,1.0734726878352013e-09,False,2.9490595984742733e-06,True,6.4103755014853385e-06,True
7,10,gpu_rjd_corrected,3.655301248514934e-08,3.3672072676049515e-08,6.492931847875303e-08,3.3116739628781836e-08,6.746756940388808e-10,False,9.642755438896359e-07,True,3.0130870496537145e-06,True
7,11,cpu_cholesky,5.003692281038071e-16,0.0,0.0,0.0,9.36951121612336e-18,False,0.0,True,0.0,True
7,11,cpu_banded,5.914180939219855e-16,4.656362067500576e-16,7.074623640425052e-16,3.7805139465034504e-16,1.1074418955417335e-17,False,9.53274607327608e-14,True,3.114208240180651e-14,True
7,11,cpu_information_smoother,5.385958863325557e-16,2.7445232694163107e-16,3.8175078925804954e-16,2.0399872222630995e-16,1.0085312834033544e-17,False,3.1099890587352982e-15,True,8.053758008555429e-16,True
7,11,cpu_pcg,5.8671373725967514e-08,4.6739961587860285e-08,8.172816338120397e-08,4.3673625225693366e-08,1.0986328967283907e-09,False,2.4718498593020044e-06,True,1.23686311407642e-06,True
7,11,cpu_identity_corrected,5.83113553593427e-08,4.7078285345766606e-08,8.286618594697197e-08,4.428175795472475e-08,1.0918914830776523e-09,False,3.779897686983358e-06,True,2.4932401382386628e-06,True
7,11,cpu_reference_eigen_corrected,1.4073027404530457e-08,1.1560561067787624e-08,1.890013581935797e-08,1.009979197304682e-08,2.635201780634511e-10,False,1.2356668432744183e-06,True,3.234006092449143e-07,True
7,11,cpu_rjd_corrected,2.38579206884392e-08,2.0435951615437843e-08,3.603944069950408e-08,1.9258636941494363e-08,4.467442084159748e-10,False,4.9343910662001345e-06,True,4.58919884256286e-06,True
7,11,gpu_cholesky,4.803252554386096e-16,3.1932172153750585e-16,4.731638275686244e-16,2.5284771883591886e-16,8.994183925486542e-18,False,6.36065868903416e-15,True,7.663131001472295e-15,True
7,11,gpu_pcg,5.867137375489813e-08,4.673996161474875e-08,8.172816343631208e-08,4.3673625255141856e-08,1.098632897270122e-09,False,2.4718499320437764e-06,True,1.23686315378937e-06,True
7,11,gpu_rjd_corrected,2.3857920709323014e-08,2.0435951630215786e-08,3.6039440733448956e-08,1.9258636959633713e-08,4.467442088070283e-10,False,4.934391093644159e-06,True,4.58919886031894e-06,True
7,12,cpu_cholesky,5.692934731159611e-16,0.0,0.0,0.0,9.223718447744346e-18,False,0.0,True,0.0,True
7,12,cpu_banded,7.085778177791515e-16,5.526181596194621e-16,9.2567930395913e-16,4.847530916800351e-16,1.1480409662418016e-17,False,2.567550674190987e-13,True,1.2034651749344767e-13,True
7,12,cpu_information_smoother,6.878456903113947e-16,4.033006519330919e-16,6.872036247368563e-16,3.59869860199041e-16,1.1144506801036737e-17,False,4.421189767773785e-14,True,5.759537357248876e-14,True
7,12,cpu_pcg,8.576329840811483e-08,6.631682891049036e-08,1.2048679349494232e-07,6.309565894309542e-08,1.3895408199391597e-09,False,1.8094102818099087e-06,True,6.159761012806257e-06,True
7,12,cpu_identity_corrected,8.665991423483712e-08,6.816679904057144e-08,1.2464082173493536e-07,6.527101062661077e-08,1.4040678290271913e-09,False,4.7975412303793785e-06,True,9.450683470110048e-06,True
7,12,cpu_reference_eigen_corrected,1.8546767159542056e-08,1.5190130839215506e-08,2.5720329741495207e-08,1.3469037611507666e-08,3.004955554148975e-10,False,2.0411341780612629e-07,True,2.1308204897462454e-06,True
7,12,cpu_rjd_corrected,6.853909314360365e-08,6.690082638783227e-08,1.3031269840082258e-07,6.824121827590922e-08,1.1104734599313123e-09,False,5.2024597930136515e-06,True,1.6406171420524167e-07,True
7,12,gpu_cholesky,6.018364975717768e-16,3.5930623740847675e-16,5.355900779082576e-16,2.8047396655488116e-16,9.750981993162437e-18,False,5.885467513071437e-14,True,4.376150694841637e-14,True
7,12,gpu_pcg,8.576329846301376e-08,6.631682889866671e-08,1.2048679342567355e-07,6.309565890682125e-08,1.3895408208286349e-09,False,1.8094103522095698e-06,True,6.159761044569868e-06,True
7,12,gpu_rjd_corrected,6.85390931523941e-08,6.690082638942157e-08,1.303126983967734e-07,6.824121827378877e-08,1.1104734600737354e-09,False,5.2024598682645846e-06,True,1.6406169318217402e-07,True
7,13,cpu_cholesky,4.4148938980600373e-16,0.0,0.0,0.0,9.501009365736595e-18,False,0.0,True,0.0,True
7,13,cpu_banded,6.62085688692359e-16,4.786648591723868e-16,7.63373291316526e-16,3.9970449293745586e-16,1.4248320513320574e-17,False,1.2748771562579804e-13,True,3.6712188481474746e-14,True
7,13,cpu_information_smoother,5.255762746107356e-16,2.553389616365003e-16,3.9789696920507593e-16,2.0834001939363153e-16,1.1310589162017596e-17,False,2.510987508263137e-15,True,5.245571631974779e-14,True
7,13,cpu_pcg,4.6310946820236246e-08,3.7664238645150316e-08,6.858154585560966e-08,3.5909498436613556e-08,9.966281184558244e-10,False,5.679418540946484e-08,True,7.359150601890349e-07,True
7,13,cpu_identity_corrected,4.722261605235608e-08,3.792739447116836e-08,6.85960285462102e-08,3.5917081615863745e-08,1.0162475656635698e-09,False,1.0318316807913454e-06,True,1.6980950522376609e-06,True
7,13,cpu_reference_eigen_corrected,2.728203444490218e-08,2.414786928404581e-08,4.277314078258033e-08,2.2396141890632016e-08,5.871191268394163e-10,False,1.1484152565759701e-07,True,1.9626280243753407e-06,True
7,13,cpu_rjd_corrected,8.106388462445625e-08,7.230894310275394e-08,1.301180859303996e-07,6.8130211196029e-08,1.7445237587466705e-09,False,7.50996650275611e-07,True,2.0193999872415117e-06,True
7,13,gpu_cholesky,4.862708748865955e-16,2.79047799923772e-16,4.16169065559014e-16,2.17907342603826e-16,1.0464722920323382e-17,False,7.587890661764873e-14,True,1.261638972425835e-14,True
7,13,gpu_pcg,4.631094682693635e-08,3.766423863627654e-08,6.858154581246235e-08,3.59094984140215e-08,9.96628118600013e-10,False,5.679426605684267e-08,True,7.359150154340688e-07,True
7,13,gpu_rjd_corrected,8.106388460785934e-08,7.230894309568753e-08,1.3011808594316768e-07,6.81302112027144e-08,1.744523758389499e-09,False,7.509966125289268e-07,True,2.019400013036508e-06,True
7,14,cpu_cholesky,4.516397267413451e-16,0.0,0.0,0.0,1.0546644418570631e-17,False,0.0,True,0.0,True
7,14,cpu_banded,5.306278105692579e-16,4.379900820922237e-16,7.068899450800511e-16,3.761879031723868e-16,1.2391166023097996e-17,False,4.60514020806061e-14,True,1.04590360157329e-13,True
7,14,cpu_information_smoother,4.872543197520067e-16,2.482567835357973e-16,3.6970057467490625e-16,1.967447478303426e-16,1.137831272929626e-17,False,6.085831534358457e-15,True,2.8934175517359666e-14,True
7,14,cpu_pcg,4.584939172660064e-08,3.846362140437124e-08,7.014007651028182e-08,3.732667085505886e-08,1.0706702783260352e-09,False,8.523645821054515e-07,True,4.2366190157839115e-06,True
7,14,cpu_identity_corrected,4.674876672273167e-08,3.873431365436462e-08,7.024473243212485e-08,3.7382365934705586e-08,1.09167239030449e-09,False,2.5865059723134714e-07,True,5.15651308404126e-06,True
7,14,cpu_reference_eigen_corrected,4.462201014350396e-08,4.217037934163856e-08,7.804973567988878e-08,4.1535979699430275e-08,1.0420085796820379e-09,False,3.67660112843341e-07,True,8.150981994049516e-07,True
7,14,cpu_rjd_corrected,2.1594074553013903e-08,2.114254231668029e-08,4.0729011806860425e-08,2.167488964377773e-08,5.042626047384998e-10,False,1.1628121035572408e-06,True,8.277143470855022e-07,True
7,14,gpu_cholesky,4.2816372575875537e-16,2.5810554948413785e-16,4.382348450288103e-16,2.3321685164130434e-16,9.998435259646962e-18,False,3.6860974466428224e-14,True,2.6149346799957422e-14,True
7,14,gpu_pcg,4.5849391701628735e-08,3.846362136764174e-08,7.014007641141272e-08,3.732667080244337e-08,1.070670277742894e-09,False,8.523647323459474e-07,True,4.2366189232972505e-06,True
7,14,gpu_rjd_corrected,2.1594074540975993e-08,2.1142542314900353e-08,4.072901183780662e-08,2.1674889660246467e-08,5.042626044573916e-10,False,1.162812145091347e-06,True,8.277143955901402e-07,True
7,15,cpu_cholesky,3.8554680534522945e-16,0.0,0.0,0.0,9.717460527576017e-18,False,0.0,True,0.0,True
7,15,cpu_banded,6.07137733663827e-16,4.1745264016323325e-16,6.695986545980563e-16,3.5501993679169053e-16,1.5302518085702515e-17,False,1.2104696147865635e-13,True,9.441637036618603e-14,True
7,15,cpu_information_smoother,4.183527271668335e-16,2.2772847893341093e-16,3.880402499470898e-16,2.057382046138411e-16,1.0544312795452361e-17,False,3.222291513863484e-14,True,1.3355506158384199e-14,True
7,15,cpu_pcg,6.527388481809222e-08,5.318120656381227e-08,9.514026049556909e-08,5.044318568375444e-08,1.6451865015215897e-09,False,2.9373009360652036e-06,True,2.44903132936683e-06,True
7,15,cpu_identity_corrected,6.632549616159154e-08,5.343177760447321e-08,9.499070448697902e-08,5.036389137162902e-08,1.6716916934222796e-09,False,4.177268178978707e-06,True,3.490715299669919e-06,True
7,15,cpu_reference_eigen_corrected,3.186091160078921e-08,3.011912788028217e-08,5.5284113831736465e-08,2.931153230872199e-08,8.03033882598619e-10,False,2.0919432320388724e-06,True,3.049737885926893e-06,True
7,15,cpu_rjd_corrected,6.58369853184405e-08,6.585384386736818e-08,1.2774086866372877e-07,6.772796630831862e-08,1.6593790887412373e-09,False,1.4483370305261915e-06,True,3.6497853142979346e-06,True
7,15,gpu_cholesky,4.003769446330321e-16,2.6177513105068825e-16,4.268977604746001e-16,2.263403830032826e-16,1.0091244698913232e-17,False,6.355828551783901e-15,True,3.256392823554471e-14,True
7,15,gpu_pcg,6.527388481440284e-08,5.318120654595586e-08,9.514026043102039e-08,5.0443185649530844e-08,1.6451865014286012e-09,False,2.9373008866383052e-06,True,2.4490312889777028e-06,True
7,15,gpu_rjd_corrected,6.583698530086818e-08,6.58538438617091e-08,1.2774086867118174e-07,6.772796631227016e-08,1.6593790882983383e-09,False,1.448337075188085e-06,True,3.649785289814087e-06,True
8,0,cpu_cholesky,3.561942056429713e-16,0.0,0.0,0.0,1.0615677707633087e-17,False,0.0,True,0.0,True
8,0,cpu_banded,4.722030373714404e-16,4.552851916079714e-16,7.618628897382807e-16,4.457162443602363e-16,1.4073096018650938e-17,False,4.13961898941717e-14,True,3.5682773535964385e-14,True
8,0,cpu_information_smoother,4.119959061198087e-16,1.8930291815706442e-16,2.8584612588025484e-16,1.6722990896175275e-16,1.2278739201659023e-17,False,8.957781788800669e-15,True,2.458781106621633e-14,True
8,0,cpu_pcg,7.082445226474643e-08,5.79615117202459e-08,8.97022688459804e-08,5.247894197124809e-08,2.110785484911017e-09,False,4.481025846205703e-06,True,1.896610039020821e-06,True
8,0,cpu_identity_corrected,7.291167958395759e-08,5.836540194605716e-08,8.877545350274831e-08,5.193672281401527e-08,2.1729912500579973e-09,False,3.7659379775125306e-06,True,1.1194482969257347e-06,True
8,0,cpu_reference_eigen_corrected,2.0377173682215337e-08,2.055034638688946e-08,3.5467872814479124e-08,2.0749937133368997e-08,6.07302157605719e-10,False,1.109402877478169e-07,True,1.892845799624932e-06,True
8,0,cpu_rjd_corrected,8.912602603207972e-08,8.149987870039773e-08,1.3311710843442817e-07,7.78781306067682e-08,2.656228444438057e-09,False,6.031426213635329e-06,True,3.986726314344518e-06,True
8,0,gpu_cholesky,3.3099822160954365e-16,2.182082701871412e-16,3.27401303646965e-16,1.9154113085925555e-16,9.864760253648346e-18,False,1.070590504076451e-14,True,8.681126932544523e-15,True
8,0,gpu_pcg,7.082445229374916e-08,5.796151172368271e-08,8.970226883392989e-08,5.2478941964198125e-08,2.110785485775387e-09,False,4.4810259058356745e-06,True,1.8966101086199642e-06,True
8,0,gpu_rjd_corrected,8.91260260336618e-08,8.14998787015939e-08,1.3311710843453945e-07,7.78781306068333e-08,2.656228444485208e-09,False,6.031426204450721e-06,True,3.986726315719916e-06,True
8,1,cpu_cholesky,6.927944018949385e-14,0.0,0.0,0.0,5.358936295368916e-18,False,0.0,True,0.0,True
8,1,cpu_banded,8.869154387398485e-14,2.3081716900329426e-14,5.734650713642708e-16,1.5976836757344066e-14,6.860510596774022e-18,False,5.334136392638551e-14,True,5.692354022933976e-14,True
8,1,cpu_information_smoother,9.095099906072794e-14,1.092456975728265e-13,4.3587683613254164e-15,1.214360456275055e-13,7.035285051864079e-18,False,4.946492164456954e-13,True,4.4443433968837844e-13,True
8,1,cpu_pcg,7.595495709361303e-08,6.831879798017306e-08,5.88753491422715e-10,1.640277480265583e-08,5.8753040652134615e-12,False,1.0518106005731502e-08,True,3.262626282283929e-08,True
8,1,cpu_identity_corrected,7.487295884925105e-08,6.835206167949522e-08,5.890577434741295e-10,1.6411251317793836e-08,5.7916088209910586e-12,False,1.0713878815283095e-08,True,3.261308000172993e-08,True
8,1,cpu_reference_eigen_corrected,9.474533721414583e-08,2.1751059803836252e-08,1.165213338795289e-10,3.246304654113248e-09,7.328786508513307e-12,False,4.922953417799216e-10,True,1.617093041861652e-09,True
8,1,cpu_rjd_corrected,5.981784537242249e-08,3.00275387741068e-08,1.6583231900393382e-10,4.6201172872038504e-09,4.627058498200465e-12,False,3.2068022831487246e-09,True,5.683503280854374e-09,True
8,1,gpu_cholesky,1.0057314171309704e-13,3.221984477371212e-14,1.1898742066530913e-15,3.31501026143493e-14,7.779581618895833e-18,False,1.5813166825101979e-13,True,1.447490782622823e-13,True
8,1,gpu_pcg,7.502126647329363e-08,6.851528015417372e-08,5.906141682488893e-10,1.6454613583070544e-08,5.803080783065978e-12,False,1.0525043918295883e-08,True,3.258925451057813e-08,True
8,1,gpu_rjd_corrected,5.521170616500921e-08,2.432568090295518e-08,1.381543044551905e-10,3.849002981740298e-09,4.270762222323196e-12,False,2.78061809800335e-10,True,7.236414577968932e-09,True
8,2,cpu_cholesky,5.897404043879226e-16,0.0,0.0,0.0,1.1065981435854085e-17,False,0.0,True,0.0,True
8,2,cpu_banded,6.385145602466073e-16,4.477323822266358e-16,6.576659944738129e-16,3.773913668231293e-16,1.1981187345548934e-17,False,2.4987971155000246e-14,True,8.930765065662786e-14,True
8,2,cpu_information_smoother,6.033360508422575e-16,3.2919595408763655e-16,4.640943513922426e-16,2.663133004876475e-16,1.1321092278103825e-17,False,1.9235176697006865e-14,True,1.4018203025882897e-14,True
8,2,cpu_pcg,6.779654949490446e-08,5.290716883979991e-08,8.45414237325839e-08,4.851277658219196e-08,1.2721450882448289e-09,False,3.530195374740958e-06,True,4.692901493503744e-07,True
8,2,cpu_identity_corrected,6.880460606984403e-08,5.309878996434893e-08,8.435284952854236e-08,4.8404566218255234e-08,1.29106041963986e-09,False,2.9207478916484774e-06,True,7.654711322997078e-07,True
8,2,cpu_reference_eigen_corrected,1.769086226872197e-08,1.5120997905849707e-08,2.377069531583851e-08,1.3640442520915007e-08,3.3195411404542205e-10,False,1.5086840468135387e-06,True,2.138633357793746e-06,True
8,2,cpu_rjd_corrected,1.9347142311551513e-08,1.6275121046892522e-08,2.5995461183158295e-08,1.4917089692251598e-08,3.6303281131477106e-10,False,1.2430694858233543e-06,True,1.2594945575910425e-06,True
8,2,gpu_cholesky,4.775204554546401e-16,3.003510356611027e-16,4.075038769782204e-16,2.3383973994516526e-16,8.960268714818704e-18,False,1.0047378385733268e-14,True,2.3639271419176482e-14,True
8,2,gpu_pcg,6.779654948957055e-08,5.29071688348765e-08,8.454142372103018e-08,4.851277657556204e-08,1.2721450881447427e-09,False,3.530195430988006e-06,True,4.692901000239892e-07,True
8,2,gpu_rjd_corrected,1.9347142342630482e-08,1.6275121041139987e-08,2.5995461166832662e-08,1.4917089682883387e-08,3.6303281189794176e-10,False,1.2430694514894258e-06,True,1.2594945516227064e-06,True
8,3,cpu_cholesky,5.282218465805884e-16,0.0,0.0,0.0,1.0803271483695445e-17,False,0.0,True,0.0,True
8,3,cpu_banded,5.709947306444472e-16,5.151793137528178e-16,6.659406103051909e-16,3.9454290841357845e-16,1.1678068847102105e-17,False,4.202392461740837e-14,True,5.767140415865522e-14,True
8,3,cpu_information_smoother,5.339529272719274e-16,2.578450089356934e-16,3.517177122664643e-16,2.0837853554926727e-16,1.0920484395286092e-17,False,6.989675418859112e-15,True,3.2103777947991623e-14,True
8,3,cpu_pcg,4.430696225112251e-08,3.496324774923318e-08,5.470667210253428e-08,3.241149313760901e-08,9.061725583417315e-10,False,2.0972083212250973e-06,True,8.094657660519091e-07,True
8,3,cpu_identity_corrected,4.503971701901222e-08,3.512833189737363e-08,5.462072351332321e-08,3.236057207072012e-08,9.211589672686209e-10,False,1.6909620705169269e-06,True,5.180057290559789e-07,True
8,3,cpu_reference_eigen_corrected,1.056641975578649e-08,9.263739269464926e-09,1.432593569919601e-08,8.487538151362155e-09,2.161059827371228e-10,False,5.659899768220661e-07,True,7.315878562408094e-07,True
8,3,cpu_rjd_corrected,5.89535569748367e-08,5.535387176405565e-08,8.988226615704366e-08,5.325161156360693e-08,1.2057268877916345e-09,False,5.4242271457435876e-08,True,1.213035914783434e-06,True
8,3,gpu_cholesky,4.517635226497133e-16,3.872894125055481e-16,5.28956853704861e-16,3.1338556660536015e-16,9.23953451226832e-18,False,3.2983305497986414e-14,True,3.696713216874426e-14,True
8,3,gpu_pcg,4.4306962215814726e-08,3.4963247717844994e-08,5.470667205915193e-08,3.2411493111906724e-08,9.061725576196114e-10,False,2.0972082406170167e-06,True,8.09465730246303e-07,True
8,3,gpu_rjd_corrected,5.8953557054257146e-08,5.535387181510092e-08,8.988226623495255e-08,5.32516116097648e-08,1.2057268894159531e-09,False,5.424225076135895e-08,True,1.213035918984388e-06,True
8,4,cpu_cholesky,4.602798045940891e-16,0.0,0.0,0.0,1.0773704983266945e-17,False,0.0,True,0.0,True
8,4,cpu_banded,5.730413414047217e-16,4.230557794746025e-16,6.130088215721546e-16,3.6968627830759534e-16,1.341309849767262e-17,False,5.380574987646189e-14,True,3.377567603451166e-14,True
8,4,cpu_information_smoother,4.673803172865371e-16,2.732387879872797e-16,3.977631949956784e-16,2.398784324645846e-16,1.0939905690347366e-17,False,1.153067792596684e-13,True,9.576659719714102e-14,True
8,4,cpu_pcg,8.88135655391221e-08,7.36008823351636e-08,1.1505442822122311e-07,6.938569540129504e-08,2.0788466994650092e-09,False,5.544481170401562e-06,True,8.945096177169923e-06,True
8,4,cpu_identity_corrected,9.018982261402626e-08,7.397851135277579e-08,1.1502366878800956e-07,6.936714535766206e-08,2.1110605574298414e-09,False,4.435888090481867e-06,True,9.801902656930218e-06,True
8,4,cpu_reference_eigen_corrected,1.0233920825099026e-08,8.9382606043198e-09,1.3530740470262032e-08,8.159962648446739e-09,2.3954395286879947e-10,False,1.0174933917173345e-07,True,9.364950968934343e-07,True
8,4,cpu_rjd_corrected,9.489365875073832e-08,9.275428578526382e-08,1.5361058129796883e-07,9.263769477749378e-08,2.2211625961192758e-09,False,7.454974748032259e-06,True,6.54259911762178e-06,True
8,4,gpu_cholesky,4.2313116303874326e-16,3.0791251822732246e-16,4.536133224954627e-16,2.735598821465769e-16,9.904171928260587e-18,False,5.095332160594422e-14,True,4.950212276887097e-14,True
8,4,gpu_pcg,8.881356554164029e-08,7.360088234248566e-08,1.1505442821974765e-07,6.938569540040523e-08,2.0788466995239525e-09,False,5.544481164495961e-06,True,8.945096210322334e-06,True
8,4,gpu_rjd_corrected,9.489365877732876e-08,9.275428581128932e-08,1.5361058134748698e-07,9.263769480735661e-08,2.2211625967416746e-09,False,7.454974750248062e-06,True,6.5425991172378756e-06,True
8,5,cpu_cholesky,4.22657364322514e-16,0.0,0.0,0.0,1.0563541612420441e-17,False,0.0,True,0.0,True
8,5,cpu_banded,5.430290920391245e-16,4.823005671310167e-16,7.517088923019611e-16,4.3823302641877706e-16,1.3572011030033817e-17,False,1.1356530086585508e-13,True,1.0959682595103387e-13,True
8,5,cpu_information_smoother,4.361959029273919e-16,2.3867818792215817e-16,3.438617911153309e-16,2.00465359573956e-16,1.0901912425273138e-17,False,8.198159142276563e-15,True,4.92431786989666e-15,True
8,5,cpu_pcg,4.178486368812935e-08,3.569816595273979e-08,5.9191418060077934e-08,3.450755277758118e-08,1.0443356336515517e-09,False,4.613730299744608e-06,True,4.130834016723346e-06,True
8,5,cpu_identity_corrected,4.4615698897712745e-08,3.671965170204455e-08,5.9499598313419245e-08,3.468721642994358e-08,1.1150871416905067e-09,False,2.671791151620711e-06,True,2.3998832268889387e-06,True
8,5,cpu_reference_eigen_corrected,9.621289964188863e-08,8.778319327542089e-08,1.4013772323345947e-07,8.169782105406616e-08,2.4046640932633082e-09,False,4.082227330147607e-06,True,1.3225202994236996e-05,True
8,5,cpu_rjd_corrected,2.5077331890174707e-08,2.4706491416598647e-08,4.27403407545158e-08,2.4916864853977718e-08,6.267616748392888e-10,False,2.61776887567464e-06,True,3.6399452669224707e-06,True
8,5,gpu_cholesky,3.934762740632132e-16,3.024707243818994e-16,4.466672551286795e-16,2.603991319269625e-16,9.834214059488693e-18,False,2.7403253794493148e-14,True,1.9095218670823173e-14,True
8,5,gpu_pcg,4.1784863726995884e-08,3.5698165970074114e-08,5.9191418090673896e-08,3.4507552795418085e-08,1.0443356346229494e-09,False,4.613730289648476e-06,True,4.130833995941257e-06,True
8,5,gpu_rjd_corrected,2.507733186873478e-08,2.470649141550755e-08,4.2740340743499257e-08,2.4916864847555266e-08,6.267616743034373e-10,False,2.617768921378328e-06,True,3.6399453070987867e-06,True
8,6,cpu_cholesky,5.248257739788941e-16,0.0,0.0,0.0,1.0005148928204892e-17,False,0.0,True,0.0,True
8,6,cpu_banded,7.343249651261354e-16,5.324875952137793e-16,7.396391084508604e-16,4.382237347586015e-16,1.3998989763946522e-17,False,6.453122879975606e-14,True,1.2114262942867138e-13,True
8,6,cpu_information_smoother,6.230436215459106e-16,3.1009942540580223e-16,4.176433740112757e-16,2.474466764470231e-16,1.187754971535687e-17,False,4.611289295780041e-15,True,3.344146122253507e-15,True
8,6,cpu_pcg,8.41974580104802e-08,6.821307533824541e-08,1.0925807775103621e-07,6.47335738977974e-08,1.6051195458051653e-09,False,4.465259443904781e-06,True,3.5785837224174487e-06,True
8,6,cpu_identity_corrected,8.708520512284619e-08,6.878113283525367e-08,1.088689098598401e-07,6.450299846610439e-08,1.6601708428262988e-09,False,3.491615626610633e-06,True,4.290372670165179e-06,True
8,6,cpu_reference_eigen_corrected,1.7599437968049207e-08,1.4825183164189873e-08,2.233062297044955e-08,1.3230518621564694e-08,3.35511339164665e-10,False,6.170183151773692e-07,True,2.3637934890159142e-08,True
8,6,cpu_rjd_corrected,2.4658077295103026e-08,2.097993689621875e-08,3.1921889689589925e-08,1.8913182875934387e-08,4.700754939140469e-10,False,1.8539781421380607e-06,True,2.3443586594600503e-06,True
8,6,gpu_cholesky,5.495266217947634e-16,3.9036522037879833e-16,5.346587987932427e-16,3.1677634802120356e-16,1.0476039790094301e-17,False,3.9232393957450924e-14,True,5.393999234305932e-14,True
8,6,gpu_pcg,8.419745804216659e-08,6.821307536202214e-08,1.0925807778694274e-07,6.473357391907141e-08,1.605119546409227e-09,False,4.465259353043249e-06,True,3.578583786780458e-06,True
8,6,gpu_rjd_corrected,2.4658077280735574e-08,2.0979936884056588e-08,3.192188965313954e-08,1.891318285433815e-08,4.700754936401493e-10,False,1.853978107114192e-06,True,2.344358712452519e-06,True
8,7,cpu_cholesky,5.432738789462325e-16,0.0,0.0,0.0,8.748052339455683e-18,False,0.0,True,0.0,True
8,7,cpu_banded,8.151267718849578e-16,5.642967537735328e-16,8.369959675470881e-16,4.789521500496282e-16,1.3125555893783163e-17,False,4.625059025532185e-14,True,9.382301834574828e-14,True
8,7,cpu_information_smoother,6.298729518530257e-16,3.6810618834851464e-16,5.51981875287751e-16,3.1585923494024577e-16,1.0142511472676665e-17,False,1.0810926593105753e-15,True,8.732481625850523e-15,True
8,7,cpu_pcg,5.916963086202651e-08,4.338982095260658e-08,6.907231896790769e-08,3.9525083705653495e-08,9.527773160058796e-10,False,2.612872363749866e-06,True,8.432152859087897e-06,True
8,7,cpu_identity_corrected,6.058498995746076e-08,4.373754022890736e-08,6.918070258303847e-08,3.958710379596429e-08,9.755680958152105e-10,False,2.959465997162529e-06,True,9.048155941368178e-06,True
8,7,cpu_reference_eigen_corrected,6.049118336898338e-08,4.890714123208103e-08,7.36244323757358e-08,4.212992839844033e-08,9.740575848553498e-10,False,2.9265592435732843e-06,True,6.776059069407259e-07,True
8,7,cpu_rjd_corrected,2.529364022163159e-08,2.3640806597784523e-08,3.984094328360355e-08,2.2798085278246807e-08,4.072901282416867e-10,False,1.3891057790404143e-06,True,2.2667461326154566e-06,True
8,7,gpu_cholesky,5.714912939413636e-16,4.353052960738516e-16,6.562901531597949e-16,3.7554730500490696e-16,9.202422469932685e-18,False,3.476146983284097e-14,True,2.6843698980865073e-14,True
8,7,gpu_pcg,5.9169630817151585e-08,4.338982096091341e-08,6.907231898178696e-08,3.95250837135956e-08,9.527773152832823e-10,False,2.612872399926136e-06,True,8.432152868975184e-06,True
8,7,gpu_rjd_corrected,2.529364019975348e-08,2.3640806571680907e-08,3.984094322682068e-08,2.2798085245754084e-08,4.0729012788939496e-10,False,1.389105765087324e-06,True,2.2667461102073075e-06,True
8,8,cpu_cholesky,5.219799326559151e-16,0.0,0.0,0.0,8.37485991055375e-18,False,0.0,True,0.0,True
8,8,cpu_banded,9.359904797633328e-16,6.769281115884155e-16,1.0045584805442083e-15,5.706340206948197e-16,1.5017414761032916e-17,False,1.7283295218203208e-14,True,4.141231260658124e-15,True
8,8,cpu_information_smoother,5.368243108106185e-16,3.4536430019933496e-16,4.888650042643176e-16,2.7769712601421937e-16,8.61302919586012e-18,False,7.35674091719556e-14,True,7.20276950962875e-14,True
8,8,cpu_pcg,8.857361763071689e-08,6.833081145361393e-08,1.1430546640662129e-07,6.493060299254173e-08,1.4211114132242658e-09,False,1.721670783132595e-08,True,2.199765594953217e-06,True
8,8,cpu_identity_corrected,9.141003216424785e-08,6.90075800637709e-08,1.144297899783381e-07,6.500122432616232e-08,1.4666200096574257e-09,False,3.420072244555091e-07,True,3.256130919341484e-06,True
8,8,cpu_reference_eigen_corrected,7.000343569348415e-08,5.630935810297181e-08,8.698395073874697e-08,4.9410763541692034e-08,1.1231638175791636e-09,False,4.910702064712328e-06,True,3.6594644769351563e-07,True
8,8,cpu_rjd_corrected,6.046441657480601e-08,5.8680372076237484e-08,1.0548177217438448e-07,5.991835112802582e-08,9.701158651938711e-10,False,3.4893595065393184e-06,True,3.8471352201708815e-06,True
8,8,gpu_cholesky,5.571148250023403e-16,3.910951037366781e-16,5.797992844889079e-16,3.293518528902858e-16,8.938578519191652e-18,False,7.089804296665252e-15,True,8.556203050290978e-15,True
8,8,gpu_pcg,8.857361763761686e-08,6.833081146898553e-08,1.1430546643838266e-07,6.493060301058361e-08,1.4211114133349717e-09,False,1.7216676082581322e-08,True,2.1997655858495847e-06,True
8,8,gpu_rjd_corrected,6.046441657153351e-08,5.868037205679832e-08,1.0548177207443923e-07,5.991835107125246e-08,9.70115865141366e-10,False,3.489359534780085e-06,True,3.8471352311149995e-06,True
8,9,cpu_cholesky,5.404148804022801e-16,0.0,0.0,0.0,9.704849653993848e-18,False,0.0,True,0.0,True
8,9,cpu_banded,7.297210718391713e-16,5.568896517867531e-16,8.206757750105866e-16,4.842489761816195e-16,1.3104437994525141e-17,False,7.09972574911487e-14,True,2.1975729026719953e-14,True
8,9,cpu_information_smoother,6.291602449027595e-16,3.5311258190040538e-16,4.827877769603509e-16,2.8487436064873987e-16,1.1298551920898344e-17,False,4.106630004853249e-15,True,1.972822100377156e-14,True
8,9,cpu_pcg,4.6191511504517275e-08,3.534437351481638e-08,5.44868447475077e-08,3.215057588851954e-08,8.295139361225442e-10,False,3.4140806796563416e-06,True,1.4948075874939504e-06,True
8,9,cpu_identity_corrected,4.735281210049055e-08,3.57077149033185e-08,5.466665840713986e-08,3.225667696184441e-08,8.503687426792712e-10,False,3.800588861116127e-06,True,1.1028671089008176e-06,True
8,9,cpu_reference_eigen_corrected,7.401324645268077e-08,5.969846560154225e-08,8.710918966952412e-08,5.139975761186981e-08,1.3291407271902943e-09,False,3.852241215695427e-06,True,2.356196001088564e-06,True
8,9,cpu_rjd_corrected,4.269189973182828e-08,3.8503108369812095e-08,6.116497318312179e-08,3.609108072151984e-08,7.666673943034574e-10,False,2.3497628896700703e-06,True,3.3897323032011406e-06,True
8,9,gpu_cholesky,6.061320282676138e-16,3.568703722485732e-16,4.758141525200431e-16,2.807594950729275e-16,1.0885007830333461e-17,False,9.922162597652623e-15,True,3.398884863001112e-15,True
8,9,gpu_pcg,4.619151154732964e-08,3.5344373514000575e-08,5.448684474628652e-08,3.2150575887798964e-08,8.295139368913752e-10,False,3.4140807905454355e-06,True,1.4948074862761312e-06,True
8,9,gpu_rjd_corrected,4.269189973696645e-08,3.8503108396240364e-08,6.116497322124969e-08,3.6091080744017635e-08,7.666673943957293e-10,False,2.3497629124913135e-06,True,3.38973232392283e-06,True
8,10,cpu_cholesky,5.87642358957281e-16,0.0,0.0,0.0,1.0441921895493625e-17,False,0.0,True,0.0,True
8,10,cpu_banded,7.86638478704688e-16,5.318530164164607e-16,8.765874938160627e-16,4.714132061456122e-16,1.3977919442702058e-17,False,5.2465676928967245e-14,True,8.472822341561145e-15,True
8,10,cpu_information_smoother,6.825203642849657e-16,2.7219766597325097e-16,4.039766911172632e-16,2.1725149915000425e-16,1.2127826095779383e-17,False,2.667236465326867e-15,True,6.452598661076383e-15,True
8,10,cpu_pcg,6.46444448978726e-08,5.055845621433651e-08,9.113172988587638e-08,4.900902792951718e-08,1.1486786718795993e-09,False,1.1681452224958872e-06,True,4.5026049721795216e-06,True
8,10,cpu_identity_corrected,6.466307338297637e-08,5.156600169711885e-08,9.373104779325994e-08,5.040689499601734e-08,1.1490096841972771e-09,False,2.111489034578826e-06,True,5.331304568763891e-06,True
8,10,cpu_reference_eigen_corrected,9.439907666957771e-08,8.317414689337309e-08,1.4682070498790456e-07,7.895757098427234e-08,1.6773940549998312e-09,False,1.6612120371306368e-06,True,7.5923265318932e-06,True
8,10,cpu_rjd_corrected,3.1068281001561205e-08,2.6419637966896518e-08,4.500893689992126e-08,2.420500794145443e-08,5.520578248186103e-10,False,1.0441926719364054e-07,True,3.329877471110549e-06,True
8,10,gpu_cholesky,5.400082787058076e-16,3.296059160629921e-16,5.197838816646479e-16,2.795305521547393e-16,9.595503426899671e-18,False,3.5653377389199354e-14,True,4.9072406238769196e-15,True
8,10,gpu_pcg,6.464444486163806e-08,5.055845620758613e-08,9.113172991508231e-08,4.900902794522362e-08,1.1486786712357415e-09,False,1.1681452217040639e-06,True,4.502604973822211e-06,True
8,10,gpu_rjd_corrected,3.1068280945735116e-08,2.6419637922328794e-08,4.500893683989181e-08,2.420500790917165e-08,5.520578238266266e-10,False,1.0441936884694694e-07,True,3.329877415247839e-06,True
8,11,cpu_cholesky,5.243890710665634e-16,0.0,0.0,0.0,9.597642363231044e-18,False,0.0,True,0.0,True
8,11,cpu_banded,7.856340346263525e-16,5.025552538100988e-16,7.309544383844606e-16,4.3341079848396344e-16,1.4379083983176462e-17,False,3.824770600370639e-15,True,2.950499224996215e-14,True
8,11,cpu_information_smoother,5.352924232972025e-16,2.6766935165013913e-16,3.5802844520091997e-16,2.1228873670630348e-16,9.797201204259461e-18,False,4.353399711401851e-14,True,4.183103434546152e-14,True
8,11,cpu_pcg,5.973361931308165e-08,4.7610677744055434e-08,7.516906145884533e-08,4.45706069179549e-08,1.0932758649529742e-09,False,1.0014970081894002e-06,True,2.4887354094139653e-06,True
8,11,cpu_identity_corrected,5.934452395065847e-08,4.81703063881386e-08,7.677983864486021e-08,4.552569822010699e-08,1.0861544390269134e-09,False,2.143498778393227e-06,True,3.363264806808383e-06,True
8,11,cpu_reference_eigen_corrected,1.6116027811334905e-08,1.341294904771316e-08,1.9935101459436238e-08,1.1820282889983154e-08,2.949639491491364e-10,False,8.175799213039359e-07,True,3.2805840748615893e-07,True
8,11,cpu_rjd_corrected,2.0520032903189764e-08,1.670074099487976e-08,2.5584898621684885e-08,1.5170263368622347e-08,3.755683470022906e-10,False,1.7842020177726419e-06,True,2.362404095314409e-06,True
8,11,gpu_cholesky,5.740837236769857e-16,3.2519803601272617e-16,4.44312624765929e-16,2.6344992158734363e-16,1.0507179822030021e-17,False,3.412602580958197e-14,True,2.5986115659309785e-15,True
8,11,gpu_pcg,5.973361929647817e-08,4.761067772267603e-08,7.516906142443986e-08,4.457060689755458e-08,1.093275864649089e-09,False,1.0014971033820875e-06,True,2.4887354496198644e-06,True
8,11,gpu_rjd_corrected,2.0520032890077178e-08,1.6700740989098125e-08,2.5584898615284582e-08,1.517026336482736e-08,3.7556834676229733e-10,False,1.7842019795788796e-06,True,2.362404050792801e-06,True
8,12,cpu_cholesky,6.268861108430124e-16,0.0,0.0,0.0,9.863471869974992e-18,False,0.0,True,0.0,True
8,12,cpu_banded,7.322698704772346e-16,6.707597019761185e-16,1.0345486124460881e-15,5.768292321738696e-16,1.1521587643678361e-17,False,1.8649955537194766e-14,True,2.2364270988627538e-14,True
8,12,cpu_information_smoother,6.277163788457343e-16,3.683656172624738e-16,5.829540436487205e-16,3.250354109464984e-16,9.876535367391411e-18,False,1.775564889682065e-14,True,3.2073000098403145e-14,True
8,12,cpu_pcg,6.643465142541673e-08,4.963106057138572e-08,8.194153740905648e-08,4.568782320925067e-08,1.045287659160002e-09,False,2.35855067420024e-06,True,3.497627881634735e-06,True
8,12,cpu_identity_corrected,6.805920308328407e-08,5.111237111454075e-08,8.44685124240749e-08,4.7096778806019774e-08,1.0708484731834132e-09,False,2.7133487826860476e-06,True,4.7004924299675595e-06,True
8,12,cpu_reference_eigen_corrected,2.129310907100763e-08,1.6204050200417266e-08,2.456489882991267e-08,1.369655476796236e-08,3.3502733424505443e-10,False,3.890301499630915e-08,True,5.12384193458898e-07,True
8,12,cpu_rjd_corrected,5.5913899496615805e-08,5.036950254627188e-08,8.593860174237239e-08,4.7916450769713737e-08,8.797533750345155e-10,False,3.948473992375795e-06,True,4.075515736332764e-06,True
8,12,gpu_cholesky,6.681554141403896e-16,4.2601506480963945e-16,6.084598558335214e-16,3.392565871015206e-16,1.0512806103301282e-17,False,3.610517659921751e-14,True,5.718203879361071e-14,True
8,12,gpu_pcg,6.643465147222208e-08,4.963106057952054e-08,8.194153739988491e-08,4.568782320413691e-08,1.0452876598964408e-09,False,2.3585507576241186e-06,True,3.497628005184283e-06,True
8,12,gpu_rjd_corrected,5.591389949098915e-08,5.036950253101373e-08,8.593860168590998e-08,4.791645073823221e-08,8.797533749459852e-10,False,3.948474021881643e-06,True,4.075515674335407e-06,True
8,13,cpu_cholesky,5.399557399540318e-16,0.0,0.0,0.0,1.134294511670615e-17,False,0.0,True,0.0,True
8,13,cpu_banded,6.119028333292781e-16,4.744402966636934e-16,7.239002025140634e-16,4.1172239353439576e-16,1.2854350350645193e-17,False,2.7650732963054442e-14,True,3.014439865342037e-14,True
8,13,cpu_information_smoother,5.338245508402515e-16,2.5785683645238324e-16,3.658032929940253e-16,2.0805272167517875e-16,1.1214146149546958e-17,False,6.706055135286996e-15,True,4.272557299571539e-15,True
8,13,cpu_pcg,8.87074119233918e-08,7.13384231964207e-08,1.1770018890624246e-07,6.694265774153757e-08,1.8634921944158944e-09,False,4.476741990574806e-06,True,1.2376483726913677e-06,True
8,13,cpu_identity_corrected,9.051250936060783e-08,7.346882330308672e-08,1.220288370542909e-07,6.9404601211222e-08,1.9014121916693584e-09,False,7.606911919856196e-06,True,2.7956984748197555e-06,True
8,13,cpu_reference_eigen_corrected,3.602093273927287e-08,3.172075228737654e-08,5.126262075700069e-08,2.9155909673209813e-08,7.566980650943327e-10,False,5.966113694900892e-07,True,4.7134847107545444e-07,True
8,13,cpu_rjd_corrected,6.565513562983966e-08,5.800838449922228e-08,9.433738719465281e-08,5.365493022473487e-08,1.3792289728464048e-09,False,3.4796193482993906e-07,True,7.724820092017411e-07,True
8,13,gpu_cholesky,4.794531394939445e-16,3.2780374868330195e-16,4.857791873201521e-16,2.762896999310634e-16,1.0071956356599264e-17,False,9.740621586814934e-16,True,4.2176270108873766e-14,True
8,13,gpu_pcg,8.870741193067017e-08,7.13384231962812e-08,1.1770018890332045e-07,6.694265773987566e-08,1.863492194568792e-09,False,4.476741885750751e-06,True,1.237648305719235e-06,True
8,13,gpu_rjd_corrected,6.56551356117743e-08,5.800838449867354e-08,9.433738718403763e-08,5.3654930218697426e-08,1.3792289724669026e-09,False,3.4796192982255175e-07,True,7.724820165031355e-07,True
8,14,cpu_cholesky,5.779952045130435e-16,0.0,0.0,0.0,1.3114992612626215e-17,False,0.0,True,0.0,True
8,14,cpu_banded,6.135363534189636e-16,4.161285376102558e-16,6.524042971994035e-16,3.66439539386824e-16,1.392143858606313e-17,False,6.605488138470724e-14,True,5.856312034029767e-14,True
8,14,cpu_information_smoother,5.192877915549093e-16,3.5551288967355896e-16,5.364037435029965e-16,3.012848651340641e-16,1.1782892828336482e-17,False,3.2628179836975354e-15,True,1.0626015207415301e-16,True
8,14,cpu_pcg,6.963046465007918e-08,5.839219241248307e-08,9.977546287819594e-08,5.6041437519867255e-08,1.5799491466833975e-09,False,5.6281655692819465e-06,True,1.041622463705481e-05,True
8,14,cpu_identity_corrected,6.948486663482016e-08,5.927516189311265e-08,1.0223601152185367e-07,5.742346752103574e-08,1.5766454557271226e-09,False,7.529551259844456e-06,True,1.1858482695315522e-05,True
8,14,cpu_reference_eigen_corrected,4.636523313487312e-08,4.294023511332064e-08,7.511566090880271e-08,4.21906298016697e-08,1.0520497081476064e-09,False,2.2160491950789067e-07,True,6.37013739517706e-06,True
8,14,cpu_rjd_corrected,2.3100650480178664e-08,2.129257456893887e-08,3.703602920275904e-08,2.08022318982794e-08,5.241650050739705e-10,False,3.382970212448951e-07,True,4.1587352153857096e-07,True
8,14,gpu_cholesky,6.053329893512156e-16,3.4329456450024347e-16,5.464225271188376e-16,3.069121708847541e-16,1.3735300261199625e-17,False,1.0389350302909279e-13,True,9.802493169337366e-14,True
8,14,gpu_pcg,6.963046465167644e-08,5.839219244637584e-08,9.977546297025361e-08,5.60414375715738e-08,1.5799491467196404e-09,False,5.628165587593536e-06,True,1.0416224657623867e-05,True
8,14,gpu_rjd_corrected,2.3100650402442605e-08,2.129257451088815e-08,3.703602910244632e-08,2.08022318419362e-08,5.241650033101014e-10,False,3.382969337054268e-07,True,4.158734244299762e-07,True
8,15,cpu_cholesky,5.128367478407411e-16,0.0,0.0,0.0,1.2551909217436688e-17,False,0.0,True,0.0,True
8,15,cpu_banded,6.368845728568222e-16,4.4253007964050026e-16,7.067035540267309e-16,4.011101915526931e-16,1.5588035323411158e-17,False,4.414881679531204e-14,True,6.344056620090914e-14,True
8,15,cpu_information_smoother,5.270588069432252e-16,2.7356389923779923e-16,4.1308450654000793e-16,2.3445814670325685e-16,1.2900000487204345e-17,False,6.992821077193254e-15,True,2.3596681593628187e-14,True
8,15,cpu_pcg,5.668899337104679e-08,4.605143090214621e-08,7.701588277374142e-08,4.371260808857727e-08,1.3874885165411852e-09,False,7.098630843220163e-07,True,3.4318220581031433e-06,True
8,15,cpu_identity_corrected,5.825104310449553e-08,4.647004423878869e-08,7.692058924112895e-08,4.365852146781227e-08,1.4257203844245845e-09,False,1.8591639809239574e-06,True,4.117102158716961e-06,True
8,15,cpu_reference_eigen_corrected,6.301645464459883e-08,5.8834948060108714e-08,1.0003726603326252e-07,5.677906487433894e-08,1.542355936058986e-09,False,7.226234201305722e-07,True,5.9952526394938065e-06,True
8,15,cpu_rjd_corrected,6.652329285008305e-08,6.446729407498457e-08,1.129583981601633e-07,6.41128298638706e-08,1.6281874055045608e-09,False,4.211040374319473e-06,True,5.1047954898023095e-06,True
8,15,gpu_cholesky,5.064464085799438e-16,2.919755534995435e-16,4.342483519868514e-16,2.464703037849713e-16,1.2395502800369519e-17,False,2.5081158345934763e-14,True,4.279319244873859e-14,True
8,15,gpu_pcg,5.6688993347536546e-08,4.605143087399313e-08,7.701588272677779e-08,4.371260806192169e-08,1.3874885159657613e-09,False,7.098630598833983e-07,True,3.431822020177725e-06,True
8,15,gpu_rjd_corrected,6.652329278380122e-08,6.446729401717043e-08,1.129583980629763e-07,6.411282980870929e-08,1.6281874038822828e-09,False,4.2110403621207374e-06,True,5.104795490756222e-06,True
9,0,cpu_cholesky,5.332366723648893e-16,0.0,0.0,0.0,1.5944673788395207e-17,False,0.0,True,0.0,True
9,0,cpu_banded,5.651961414050556e-16,4.665333333526634e-16,8.157499991751139e-16,4.112726791880507e-16,1.6900315691334444e-17,False,8.809119242403842e-15,True,2.3735409478782596e-14,True
9,0,cpu_information_smoother,4.951210328546694e-16,2.0641649682050578e-16,3.739587292850738e-16,1.885369398153267e-16,1.4804952029328622e-17,False,3.082599822870085e-14,True,1.479733994255057e-14,True
9,0,cpu_pcg,3.919758121161381e-08,3.52649226601683e-08,6.678831151013476e-08,3.367233569230167e-08,1.1720736370488367e-09,False,6.790585465605291e-07,True,4.4361169227357707e-07,True
9,0,cpu_identity_corrected,3.874114821004713e-08,3.601781506601097e-08,6.96715344482584e-08,3.512595607067449e-08,1.158425521262217e-09,False,9.76123229120049e-07,True,1.4111411743596786e-07,True
9,0,cpu_reference_eigen_corrected,1.9014920321755374e-08,1.857408912663285e-08,3.587688304878666e-08,1.8087872298266974e-08,5.685781169527727e-10,False,6.24936841498112e-07,True,5.359528120909055e-07,True
9,0,cpu_rjd_corrected,2.543068851284513e-08,2.3434441688964153e-08,4.392251818651258e-08,2.2144200734930255e-08,7.604203783335253e-10,False,1.4566883548012147e-06,True,2.4812277915590076e-06,True
9,0,gpu_cholesky,4.0935446364239293e-16,2.7405832672767714e-16,4.831475210744675e-16,2.435861178501897e-16,1.224038728929554e-17,False,3.3211391724909744e-14,True,1.0029771547038472e-14,True
9,0,gpu_pcg,3.919758120856914e-08,3.5264922657384904e-08,6.678831150034352e-08,3.367233568736527e-08,1.172073636957796e-09,False,6.790586235104106e-07,True,4.4361164287975644e-07,True
9,0,gpu_rjd_corrected,2.5430688549275297e-08,2.343444171547877e-08,4.392251822593604e-08,2.2144200754806187e-08,7.604203794228488e-10,False,1.4566883249055296e-06,True,2.4812277829344207e-06,True
9,1,cpu_cholesky,4.9865484120072605e-14,0.0,0.0,0.0,6.750792644692143e-18,False,0.0,True,0.0,True
9,1,cpu_banded,6.803015537221749e-14,1.8564846643218748e-14,2.36325451583089e-14,1.6231845190497918e-14,9.209927078982378e-18,False,2.5721232491460645e-12,True,2.6060207461605263e-12,True
9,1,cpu_information_smoother,4.935144832534068e-14,7.954519070837645e-14,1.6441800952236808e-13,1.1292933787787866e-13,6.6812024437067686e-18,False,1.8346092823266542e-11,True,1.6917703970182046e-11,True
9,1,cpu_pcg,7.416129181839371e-08,4.322083959192374e-08,1.4833755878556003e-08,1.0188459490987352e-08,1.0039960751194612e-11,False,8.560644165840819e-07,True,3.056965111328849e-07,True
9,1,cpu_identity_corrected,9.836018063488556e-08,4.694444431383839e-08,1.612724073573876e-08,1.1076880345254163e-08,1.3316007972266602e-11,False,1.043986818720527e-06,True,4.3008536073928756e-07,True
9,1,cpu_reference_eigen_corrected,9.734911050992137e-08,4.283720891163482e-08,1.563205080988429e-08,1.0736762674367669e-08,1.3179129228788005e-11,False,6.395249109565028e-07,True,1.1666884042238798e-06,True
9,1,cpu_rjd_corrected,6.306046951267187e-08,3.569687902200166e-08,8.512431703064625e-09,5.846703039103339e-09,8.53713065473747e-12,False,2.242318713460168e-07,True,5.946351297301866e-07,True
9,1,gpu_cholesky,4.8588438173570725e-14,2.556460441849353e-14,4.5695653697940726e-14,3.1385734026315684e-14,6.577906077265473e-18,False,6.131509879361556e-12,True,5.625817248388468e-12,True
9,1,gpu_pcg,9.664166111633214e-08,4.689855604473528e-08,1.6113262412022565e-08,1.1067279433246421e-08,1.3083354682456996e-11,False,9.94004915635391e-07,True,4.0199468628246454e-07,True
9,1,gpu_rjd_corrected,6.013531444775466e-08,2.6491201950049915e-08,7.740306860818847e-09,5.31637459487038e-09,8.14112296866305e-12,False,1.4353175668581333e-07,True,5.269854585689251e-07,True
9,2,cpu_cholesky,4.995225430923408e-16,0.0,0.0,0.0,9.354670166389928e-18,False,0.0,True,0.0,True
9,2,cpu_banded,5.938771378366956e-16,4.4306531893208273e-16,7.322772281519084e-16,3.749619570959047e-16,1.1121669723712528e-17,False,4.3676486105629786e-14,True,9.407912349794675e-15,True
9,2,cpu_information_smoother,5.130942485307992e-16,2.444289440185927e-16,3.7886092355418963e-16,1.9399542673416487e-16,9.608830523570662e-18,False,3.4511571011642196e-14,True,3.451017524795378e-14,True
9,2,cpu_pcg,9.251143112718797e-08,6.974216033952437e-08,1.2187717310481214e-07,6.240710702971164e-08,1.7324822225797337e-09,False,1.6311780325078696e-06,True,4.396596423851059e-06,True
9,2,cpu_identity_corrected,9.732177086355243e-08,7.158118737474385e-08,1.2368557623248813e-07,6.333309837547978e-08,1.822566527015926e-09,False,6.443375502071323e-07,True,7.675423889963668e-06,True
9,2,cpu_reference_eigen_corrected,2.204154903286994e-08,1.8723915717413364e-08,3.1891333444453965e-08,1.6329931265116282e-08,4.127770083120893e-10,False,2.3067195002790714e-06,True,1.0448749202688184e-06,True
9,2,cpu_rjd_corrected,9.778304590139927e-08,7.865430393141664e-08,1.3498417568518317e-07,6.911853700494156e-08,1.8312049256150052e-09,False,9.082054708740014e-07,True,9.190906266258706e-07,True
9,2,gpu_cholesky,5.029178792104332e-16,2.8384683415071816e-16,4.585731795491822e-16,2.348120223667301e-16,9.418255383770026e-18,False,1.385902019881384e-14,True,3.576965373399537e-15,True
9,2,gpu_pcg,9.251143112719113e-08,6.974216032763092e-08,1.218771730678512e-07,6.240710701078582e-08,1.732482222579793e-09,False,1.631178065408159e-06,True,4.3965963866902164e-06,True
9,2,gpu_rjd_corrected,9.778304586224614e-08,7.865430390587468e-08,1.3498417566108768e-07,6.911853699260348e-08,1.8312049248817758e-09,False,9.082054998631403e-07,True,9.190906510614343e-07,True
9,3,cpu_cholesky,4.3268053930534483e-16,0.0,0.0,0.0,8.89477432629305e-18,False,0.0,True,0.0,True
9,3,cpu_banded,5.962878713915336e-16,4.4302475951227253e-16,7.390183677615259e-16,3.7795549838991557e-16,1.2258110933411763e-17,False,7.560621299082617e-14,True,6.562538968959224e-14,True
9,3,cpu_information_smoother,4.910407781275419e-16,2.659973721908062e-16,4.3691573112802395e-16,2.234514189587423e-16,1.0094507401382144e-17,False,2.0547923525985065e-14,True,1.5195556413252143e-14,True
9,3,cpu_pcg,6.966338999692461e-08,5.4952743688513414e-08,9.801356360318152e-08,5.012698857921505e-08,1.432096146853805e-09,False,2.1404868466159107e-06,True,4.419042184409643e-06,True
9,3,cpu_identity_corrected,7.335924756521442e-08,5.639705647523663e-08,9.939467298122937e-08,5.083332810483765e-08,1.5080732605654966e-09,False,3.765367290292786e-06,True,6.204746656229476e-06,True
9,3,cpu_reference_eigen_corrected,1.0905428222602869e-08,9.157055942516516e-09,1.5465023021449846e-08,7.909262798688313e-09,2.2418693293300456e-10,False,1.1691883901512858e-06,True,1.4377415477531515e-06,True
9,3,cpu_rjd_corrected,6.364896999331896e-08,5.7165459555525076e-08,1.0296999201906171e-07,5.266185030103147e-08,1.3084554872225341e-09,False,7.0940608020109025e-06,True,1.125507348384243e-05,True
9,3,gpu_cholesky,4.594931333273573e-16,3.090085593825679e-16,5.005035252443971e-16,2.5597206724731707e-16,9.445970766306752e-18,False,3.295118437884977e-14,True,2.1378982983071414e-14,True
9,3,gpu_pcg,6.966338998349107e-08,5.495274369365879e-08,9.801356361591594e-08,5.012698858572781e-08,1.4320961465776466e-09,False,2.140486813479547e-06,True,4.419042169267814e-06,True
9,3,gpu_rjd_corrected,6.36489700105507e-08,5.71654595908543e-08,1.0296999209076727e-07,5.2661850337703775e-08,1.3084554875767734e-09,False,7.094060804787973e-06,True,1.1255073477693637e-05,True
9,4,cpu_cholesky,4.2207920776398894e-16,0.0,0.0,0.0,9.92562090536069e-18,False,0.0,True,0.0,True
9,4,cpu_banded,4.857018662162352e-16,3.868895807316741e-16,6.448976066602286e-16,3.286230424983189e-16,1.1421772284467113e-17,False,4.095418409224656e-15,True,1.6348403062440122e-14,True
9,4,cpu_information_smoother,4.687097050354513e-16,2.431301235557693e-16,4.0230283296572265e-16,2.0500305724431529e-16,1.1022184370301122e-17,False,2.8940298250768858e-15,True,3.905639168223412e-15,True
9,4,cpu_pcg,5.012989662355442e-08,4.1193440764347184e-08,7.505397481513038e-08,3.8245552938352105e-08,1.1788553923961958e-09,False,3.959713307144505e-06,True,5.193483305576001e-06,True
9,4,cpu_identity_corrected,5.044873528363217e-08,4.223801331938367e-08,7.767217969915436e-08,3.9579722031222116e-08,1.1863532061016305e-09,False,4.954951859669229e-06,True,6.173188031974658e-06,True
9,4,cpu_reference_eigen_corrected,6.487262264300405e-08,5.934954227059969e-08,1.0847702573001742e-07,5.527707014014136e-08,1.5255455321859264e-09,False,9.138743875372067e-07,True,7.74396228041876e-06,True
9,4,cpu_rjd_corrected,2.4414361926046343e-08,2.3282758076752534e-08,4.457844426203822e-08,2.2716015429331525e-08,5.741284950737276e-10,False,4.487311923682864e-07,True,3.066094561297479e-06,True
9,4,gpu_cholesky,4.3757658966746897e-16,3.2358541312132907e-16,5.260637651664973e-16,2.6806840849111333e-16,1.0290057567887672e-17,False,2.1448326854431325e-14,True,4.558310668310829e-14,True
9,4,gpu_pcg,5.012989663085312e-08,4.119344078410882e-08,7.505397486821281e-08,3.8245552965401533e-08,1.178855392567832e-09,False,3.959713407987196e-06,True,5.1934833745605795e-06,True
9,4,gpu_rjd_corrected,2.4414361923487023e-08,2.328275809383929e-08,4.457844430611092e-08,2.2716015451789826e-08,5.741284950135426e-10,False,4.487312754136141e-07,True,3.066094536641086e-06,True
9,5,cpu_cholesky,4.0311350552796953e-16,0.0,0.0,0.0,1.0204907472822695e-17,False,0.0,True,0.0,True
9,5,cpu_banded,4.795073987108633e-16,4.396222875243075e-16,7.774784070671047e-16,3.9942589611800095e-16,1.2138835760338333e-17,False,1.5052840264205703e-13,True,1.0288105943760223e-13,True
9,5,cpu_information_smoother,4.192222190569477e-16,3.102800604756466e-16,5.380577696911712e-16,2.7642466320431154e-16,1.0612703115526666e-17,False,2.2765430869935305e-14,True,3.0124034009074584e-14,True
9,5,cpu_pcg,6.005523707373492e-08,5.101665715428877e-08,9.422514356538612e-08,4.840772690707442e-08,1.5203115984599295e-09,False,4.584019773390488e-06,True,5.4972755536333964e-06,True
9,5,cpu_identity_corrected,6.360075117871539e-08,5.3136894099032234e-08,9.705196474876317e-08,4.985999307173238e-08,1.6100670747230123e-09,False,2.7637066442439936e-06,True,3.501610595271575e-06,True
9,5,cpu_reference_eigen_corrected,8.352106052982343e-08,7.55282428644597e-08,1.3467121436981912e-07,6.918670665579225e-08,2.1143541218978112e-09,False,3.4658424690425356e-06,True,4.572243444457467e-08,True
9,5,cpu_rjd_corrected,2.771766996177542e-08,2.586933552401556e-08,4.8193513079439476e-08,2.4759191990226238e-08,7.016789373110124e-10,False,1.0732257301141017e-07,True,2.6840069500135204e-06,True
9,5,gpu_cholesky,3.7236421022645483e-16,2.923711150887494e-16,4.917396704762306e-16,2.5262895631747923e-16,9.426482267258138e-18,False,3.487265070021486e-14,True,6.502088001001707e-14,True
9,5,gpu_pcg,6.005523706669802e-08,5.101665714316875e-08,9.422514355129934e-08,4.84077268998374e-08,1.5203115982817887e-09,False,4.5840197474979955e-06,True,5.497275539932631e-06,True
9,5,gpu_rjd_corrected,2.7717669948991052e-08,2.5869335525198642e-08,4.819351309869794e-08,2.4759192000120185e-08,7.016789369873732e-10,False,1.0732261932081061e-07,True,2.684006921717209e-06,True
9,6,cpu_cholesky,4.443155226655151e-16,0.0,0.0,0.0,8.479895957906129e-18,False,0.0,True,0.0,True
9,6,cpu_banded,7.011470350622295e-16,4.631160005038081e-16,7.270521565599871e-16,3.7096921103738304e-16,1.338160294930324e-17,False,5.697819946086438e-14,True,4.644828149442769e-14,True
9,6,cpu_information_smoother,4.8840144515816e-16,2.4530704827841907e-16,3.8997780905440676e-16,1.9898126818232494e-16,9.321289105062448e-18,False,8.716366288036884e-15,True,3.8028082376723524e-14,True
9,6,cpu_pcg,6.751772300861963e-08,5.4447528193597626e-08,9.925072026595491e-08,5.0641430686569273e-08,1.2885961379884161e-09,False,1.614554350902203e-06,True,2.8432521012323074e-06,True
9,6,cpu_identity_corrected,6.755700880266375e-08,5.589015587114363e-08,1.0310216954035027e-07,5.260658419829682e-08,1.2893459201281077e-09,False,1.3490140254992447e-07,True,1.4899054029959668e-06,True
9,6,cpu_reference_eigen_corrected,1.7493330629611427e-08,1.480589726155752e-08,2.6290878400072406e-08,1.3414589764372611e-08,3.3386549998050637e-10,False,1.7845087676477993e-06,True,9.053383102652082e-07,True
9,6,cpu_rjd_corrected,2.6605488327369674e-08,2.3674845754296765e-08,4.3549771256268686e-08,2.222072259607353e-08,5.077737795739993e-10,False,1.480050225242551e-06,True,2.968332500040761e-06,True
9,6,gpu_cholesky,4.512159785941627e-16,2.921610965289038e-16,4.724952012301875e-16,2.4108472884345295e-16,8.611593243623285e-18,False,4.8282329549425825e-14,True,6.705893702296338e-14,True
9,6,gpu_pcg,6.751772305531517e-08,5.44475282302397e-08,9.92507203534337e-08,5.064143073120423e-08,1.2885961388796147e-09,False,1.6145543636265023e-06,True,2.843252083466364e-06,True
9,6,gpu_rjd_corrected,2.6605488334138863e-08,2.3674845758977426e-08,4.3549771247923466e-08,2.222072259181549e-08,5.077737797031913e-10,False,1.4800502209534058e-06,True,2.9683325104050486e-06,True
9,7,cpu_cholesky,5.312582547805889e-16,0.0,0.0,0.0,8.667566286924328e-18,False,0.0,True,0.0,True
9,7,cpu_banded,6.92370057057487e-16,5.686990918715663e-16,1.0358303773632307e-15,5.242799672318874e-16,1.1296131985950686e-17,False,3.4554521161701474e-14,True,3.2226353927378234e-14,True
9,7,cpu_information_smoother,5.181565945348467e-16,2.689189158594391e-16,4.19270466455175e-16,2.1221148869370876e-16,8.453810533245485e-18,False,7.220769378740386e-15,True,1.1578989993332508e-14,True
9,7,cpu_pcg,7.73486193245813e-08,5.98269366494339e-08,1.0953384929409486e-07,5.543996794617373e-08,1.2619555160564187e-09,False,1.424321228278523e-06,True,7.987138112320734e-06,True
9,7,cpu_identity_corrected,7.895202366778912e-08,6.019192270290272e-08,1.0960734829712023e-07,5.547716907073991e-08,1.2881153227455815e-09,False,8.66618256834902e-07,True,8.507320724109443e-06,True
9,7,cpu_reference_eigen_corrected,6.925383494799033e-08,5.484968690800093e-08,9.18032587069027e-08,4.646572500524153e-08,1.129887779904605e-09,False,7.870768113867285e-06,True,3.330121501315318e-06,True
9,7,cpu_rjd_corrected,3.498358800766575e-08,2.9403118815546314e-08,5.225292325614249e-08,2.644753570776401e-08,5.707630223792663e-10,False,1.9010342729989224e-06,True,2.6337552571026743e-06,True
9,7,gpu_cholesky,5.602293018315704e-16,4.1670155646164183e-16,7.636478397239592e-16,3.865162415938536e-16,9.14023371083042e-18,False,2.970434740290723e-16,True,1.0163058307858608e-14,True
9,7,gpu_pcg,7.734861934463038e-08,5.982693665525107e-08,1.0953384928653812e-07,5.543996794234893e-08,1.2619555163835227e-09,False,1.4243211588117061e-06,True,7.987138155537676e-06,True
9,7,gpu_rjd_corrected,3.498358799664056e-08,2.9403118792711348e-08,5.225292322074205e-08,2.6447535689846268e-08,5.707630221993886e-10,False,1.9010341739878584e-06,True,2.6337552130767142e-06,True
9,8,cpu_cholesky,4.802678174475687e-16,0.0,0.0,0.0,7.74952859515693e-18,False,0.0,True,0.0,True
9,8,cpu_banded,6.436149389308649e-16,5.12551107608432e-16,8.35429414380177e-16,4.3145358901249557e-16,1.0385272950460468e-17,False,4.313120249649025e-14,True,2.6775056516772323e-15,True
9,8,cpu_information_smoother,4.963254355872112e-16,3.322518290373266e-16,4.918364298694906e-16,2.540066093216546e-16,8.008631883827435e-18,False,1.3877351151895436e-13,True,1.314616243526576e-13,True
9,8,cpu_pcg,5.676651016215616e-08,4.6938903189979385e-08,8.799027975213363e-08,4.544216584166799e-08,9.159757908139877e-10,False,7.707429940107207e-06,True,1.5337718710730797e-05,True
9,8,cpu_identity_corrected,5.631195118119181e-08,4.756817347867916e-08,8.982938094998573e-08,4.639196099935845e-08,9.086410963683833e-10,False,8.110560315956051e-06,True,1.6003870562492607e-05,True
9,8,cpu_reference_eigen_corrected,8.467653721963449e-08,7.070337803292003e-08,1.1995268098692954e-07,6.19489975246791e-08,1.366327777961104e-09,False,2.905673972478556e-06,True,1.0390685972365962e-05,True
9,8,cpu_rjd_corrected,8.839956907302791e-08,8.631296204642475e-08,1.6706040862268488e-07,8.627756174425373e-08,1.4264020087715082e-09,False,1.2233455997596063e-05,True,1.1952992912829112e-05,True
9,8,gpu_cholesky,5.805612065775596e-16,3.982433279006714e-16,6.819725373874625e-16,3.5220150715196163e-16,9.36784749709526e-18,False,7.355913359357496e-14,True,7.11375777179801e-14,True
9,8,gpu_pcg,5.67665101881205e-08,4.693890321341217e-08,8.799027980268007e-08,4.5442165867772463e-08,9.159757912329444e-10,False,7.707429892312831e-06,True,1.5337718680962495e-05,True
9,8,gpu_rjd_corrected,8.839956907213328e-08,8.63129620486647e-08,1.6706040861687367e-07,8.627756174125256e-08,1.4264020087570726e-09,False,1.2233456068459226e-05,True,1.195299297811404e-05,True
9,9,cpu_cholesky,5.025822645799561e-16,0.0,0.0,0.0,9.079025705734476e-18,False,0.0,True,0.0,True
9,9,cpu_banded,6.979927300110561e-16,4.776765617521452e-16,8.040812346806479e-16,4.0966404529036905e-16,1.2609067977125148e-17,False,7.05391462469813e-14,True,5.241251871515064e-14,True
9,9,cpu_information_smoother,5.014875473373315e-16,2.7524077032815955e-16,4.508500124947779e-16,2.2969947807721087e-16,9.059249906453922e-18,False,6.201129090204992e-14,True,4.5684577332539635e-14,True
9,9,cpu_pcg,4.4831874039560694e-08,3.715292390180226e-08,6.861768225375601e-08,3.495939971996388e-08,8.098768409594917e-10,False,6.585833961478147e-07,True,5.703537233311558e-06,True
9,9,cpu_identity_corrected,4.685987286056582e-08,3.782309709216909e-08,6.899432926455537e-08,3.515129418464676e-08,8.465121439978519e-10,False,3.0774555137805324e-07,True,4.762073967699005e-06,True
9,9,cpu_reference_eigen_corrected,9.769005479282388e-08,7.561849432619502e-08,1.2117876846883902e-07,6.173827015620612e-08,1.764746948409889e-09,False,4.101940133869489e-06,True,1.221932063954178e-05,True
9,9,cpu_rjd_corrected,3.924143384654947e-08,3.3871274464921906e-08,6.061480984437856e-08,3.088208894119618e-08,7.088869068924792e-10,False,3.6290267814470894e-06,True,8.628248011000845e-06,True
9,9,gpu_cholesky,6.181904934696995e-16,3.0927737321313765e-16,4.959496107685075e-16,2.5267686279024236e-16,1.1167460089231177e-17,False,5.914407060707283e-14,True,4.706871697047578e-14,True
9,9,gpu_pcg,4.4831873989692986e-08,3.715292386519837e-08,6.861768217681359e-08,3.4959399680763186e-08,8.098768400586437e-10,False,6.585833110686457e-07,True,5.703537180749033e-06,True
9,9,gpu_rjd_corrected,3.9241433875722214e-08,3.387127448484816e-08,6.061480985642777e-08,3.088208894733502e-08,7.088869074194777e-10,False,3.6290267455123586e-06,True,8.628247997575164e-06,True
9,10,cpu_cholesky,4.60859192426386e-16,0.0,0.0,0.0,8.39843691950249e-18,False,0.0,True,0.0,True
9,10,cpu_banded,7.628340974219187e-16,5.849097247193238e-16,1.0709753285543277e-15,5.413986246464417e-16,1.390145656748931e-17,False,6.999672174399045e-14,True,4.173051289346132e-14,True
9,10,cpu_information_smoother,5.927532499593774e-16,3.888950289719965e-16,6.49127525371622e-16,3.2814644752903557e-16,1.0801999527022784e-17,False,1.2697887512062806e-14,True,3.875879609597965e-15,True
9,10,cpu_pcg,9.303838491507913e-08,7.393077520822495e-08,1.3688353136567007e-07,6.919725752988016e-08,1.6954788359544588e-09,False,3.923181017806535e-06,True,1.7516471199133957e-06,True
9,10,cpu_identity_corrected,9.298329318362744e-08,7.704512805530225e-08,1.455299944115302e-07,7.356821088078875e-08,1.6944748734991405e-09,False,7.0579315111521765e-06,True,5.471403624125817e-06,True
9,10,cpu_reference_eigen_corrected,7.151061537582435e-08,6.488700080447389e-08,1.2148921569986674e-07,6.141513491078166e-08,1.3031689666959893e-09,False,1.0570968275826594e-06,True,7.919014151786949e-06,True
9,10,cpu_rjd_corrected,4.228075528680063e-08,4.294689807059475e-08,8.738984175981618e-08,4.417724561470569e-08,7.705005344941964e-10,False,4.115881278404841e-06,True,1.499826270432187e-06,True
9,10,gpu_cholesky,5.712150257255986e-16,3.7215417231135124e-16,6.28209375775489e-16,3.175719206286053e-16,1.0409499126557442e-17,False,1.9543156587884508e-14,True,7.202263991898029e-15,True
9,10,gpu_pcg,9.303838493411979e-08,7.393077521090242e-08,1.3688353135284337e-07,6.919725752339602e-08,1.6954788363014451e-09,False,3.923181051147144e-06,True,1.751647157715927e-06,True
9,10,gpu_rjd_corrected,4.2280755271668485e-08,4.294689803909826e-08,8.738984169676346e-08,4.417724558283132e-08,7.705005342184368e-10,False,4.115881327243707e-06,True,1.4998263047659132e-06,True
9,11,cpu_cholesky,5.307452550311504e-16,0.0,0.0,0.0,9.609156385840832e-18,False,0.0,True,0.0,True
9,11,cpu_banded,7.491062482478435e-16,5.026489574757346e-16,8.69980235472096e-16,4.358981056915505e-16,1.3562587740142024e-17,False,6.774179264421201e-14,True,6.083103745707363e-14,True
9,11,cpu_information_smoother,5.042774838359018e-16,2.765701504949133e-16,4.388623346691036e-16,2.1988920269875408e-16,9.12995671294904e-18,False,2.624288197041691e-14,True,3.531002954750769e-14,True
9,11,cpu_pcg,5.006394799738614e-08,4.041622117117798e-08,7.429751976802486e-08,3.7226303315831275e-08,9.06409056669347e-10,False,1.3988485060496775e-06,True,4.646711437265501e-06,True
9,11,cpu_identity_corrected,4.992855081208918e-08,4.0778222565616806e-08,7.532799564620818e-08,3.774261675025913e-08,9.039576874378315e-10,False,7.084955475720577e-07,True,5.443131611980117e-06,True
9,11,cpu_reference_eigen_corrected,1.9675367474336267e-08,1.6452241150129024e-08,2.857953444288272e-08,1.4319595339357078e-08,3.562230300048414e-10,False,2.232218031961116e-06,True,8.771699445993436e-07,True
9,11,cpu_rjd_corrected,9.913159095705513e-08,8.146857794374373e-08,1.4587640458047556e-07,7.309045174712251e-08,1.7947799850327465e-09,False,8.744538404979969e-07,True,1.558736695770336e-06,True
9,11,gpu_cholesky,5.552417737317836e-16,4.081108323200817e-16,6.329726575149e-16,3.171469547415266e-16,1.0052666482015394e-17,False,7.09926794066117e-15,True,6.2527795076975484e-15,True
9,11,gpu_pcg,5.0063948042870085e-08,4.0416221189008484e-08,7.42975197984384e-08,3.722630333106979e-08,9.064090574928351e-10,False,1.398848678102308e-06,True,4.646711329301781e-06,True
9,11,gpu_rjd_corrected,9.913159099299794e-08,8.146857799945927e-08,1.458764047183018e-07,7.309045181617948e-08,1.7947799856834918e-09,False,8.744538545254608e-07,True,1.5587367046923276e-06,True
9,12,cpu_cholesky,5.323181473198151e-16,0.0,0.0,0.0,8.334424962367937e-18,False,0.0,True,0.0,True
9,12,cpu_banded,7.234611005296973e-16,4.695174145926551e-16,7.063141571658914e-16,3.622139191264618e-16,1.1327121357623575e-17,False,4.779423188942955e-14,True,7.183212930886681e-15,True
9,12,cpu_information_smoother,5.540365156199354e-16,2.888552874506404e-16,4.190499772489494e-16,2.1489833246192009e-16,8.674466179849997e-18,False,2.009331062640636e-14,True,4.683656280358245e-15,True
9,12,cpu_pcg,5.500982292993224e-08,4.199557143062433e-08,7.493223824274081e-08,3.8426951247483186e-08,8.612805024624577e-10,False,1.5184621820719554e-06,True,5.260921129372949e-06,True
9,12,cpu_identity_corrected,5.7233477025494425e-08,4.2676963215887235e-08,7.543269530135618e-08,3.8683596977597016e-08,8.960959190473296e-10,False,2.5256503179784754e-06,True,6.82819717719707e-06,True
9,12,cpu_reference_eigen_corrected,3.8657899383612016e-08,3.1357603806949275e-08,5.365212639661159e-08,2.751402725603394e-08,6.052609004817207e-10,False,5.719444612264507e-06,True,2.3607647440540114e-07,True
9,12,cpu_rjd_corrected,5.9210942999855685e-08,5.231610814978013e-08,9.492392463999521e-08,4.867914144702911e-08,9.270567992954429e-10,False,1.0843311629487926e-06,True,1.5268710958382562e-06,True
9,12,gpu_cholesky,5.550287821736167e-16,4.219584921665684e-16,7.088624537698626e-16,3.6352074342080233e-16,8.690001947653447e-18,False,1.5513072829046373e-14,True,1.3500322330726094e-14,True
9,12,gpu_pcg,5.5009823020742355e-08,4.19955714733349e-08,7.493223831377765e-08,3.842695128391249e-08,8.612805038842583e-10,False,1.518462068545749e-06,True,5.2609210832861e-06,True
9,12,gpu_rjd_corrected,5.9210942971791856e-08,5.231610812257967e-08,9.492392458929841e-08,4.867914142103064e-08,9.270567988560518e-10,False,1.0843311960947995e-06,True,1.5268711183335804e-06,True
9,13,cpu_cholesky,4.707414926958543e-16,0.0,0.0,0.0,9.741394574526392e-18,False,0.0,True,0.0,True
9,13,cpu_banded,5.693261530654134e-16,5.087236837136828e-16,8.90762543428225e-16,4.549187117396246e-16,1.1781478337178763e-17,False,8.574183442602247e-14,True,5.0471297640444146e-14,True
9,13,cpu_information_smoother,4.926415509842647e-16,2.2491715983759137e-16,3.6169186989580264e-16,1.847185882630825e-16,1.019458833862564e-17,False,3.751528955800664e-14,True,1.2638181710116972e-14,True
9,13,cpu_pcg,6.273408513110354e-08,4.843652468714253e-08,8.591732282896571e-08,4.387858257605317e-08,1.2982018501473216e-09,False,2.0049788080043593e-07,True,9.98105941971527e-07,True
9,13,cpu_identity_corrected,6.55315115522856e-08,4.9607844742903885e-08,8.716041062867245e-08,4.451343628043707e-08,1.3560910198016134e-09,False,1.6859391488532472e-06,True,2.7203094971400307e-06,True
9,13,cpu_reference_eigen_corrected,5.0742937645551605e-08,4.33406312180169e-08,7.626503393008358e-08,3.8949090576626774e-08,1.0500603584474758e-09,False,2.9031350449360754e-06,True,2.6269198271314746e-06,True
9,13,cpu_rjd_corrected,6.231331366621583e-08,5.348178173171246e-08,9.417869582194221e-08,4.8097724014916584e-08,1.2894945221079874e-09,False,4.803864812390959e-06,True,4.703701924786302e-06,True
9,13,gpu_cholesky,4.694516381675532e-16,3.393839584656727e-16,5.796459339042792e-16,2.960292655571162e-16,9.714702680782412e-18,False,2.0902981125828127e-14,True,2.2838024336108943e-14,True
9,13,gpu_pcg,6.273408514042408e-08,4.843652467729648e-08,8.591732280650171e-08,4.3878582564580644e-08,1.298201850340198e-09,False,2.0049791613737846e-07,True,9.98105971498993e-07,True
9,13,gpu_rjd_corrected,6.231331367135258e-08,5.348178174641768e-08,9.41786958726767e-08,4.8097724040827044e-08,1.289494522214286e-09,False,4.803864898939341e-06,True,4.70370198482655e-06,True
9,14,cpu_cholesky,4.0368542860947887e-16,0.0,0.0,0.0,9.344932567152839e-18,False,0.0,True,0.0,True
9,14,cpu_banded,5.054478666276686e-16,4.157135627799698e-16,7.108329932985998e-16,3.629141433322321e-16,1.1700635928616015e-17,False,6.729087547808248e-14,True,1.729505009445734e-14,True
9,14,cpu_information_smoother,4.779862233500992e-16,3.0595022675440154e-16,5.274875554900823e-16,2.6930755342511407e-16,1.1064925084417202e-17,False,1.1983817764354888e-13,True,6.105170127606448e-14,True
9,14,cpu_pcg,7.300194775140696e-08,6.072241940946097e-08,1.09986862962339e-07,5.615353891291513e-08,1.6899254473922742e-09,False,2.280096123006054e-06,True,1.7561050813417254e-06,True
9,14,cpu_identity_corrected,7.436736558183164e-08,6.144002903037365e-08,1.1099530028030717e-07,5.666839425700428e-08,1.7215335660899842e-09,False,3.349871595881227e-06,True,3.147517683883954e-06,True
9,14,cpu_reference_eigen_corrected,4.715578551152892e-08,4.287041702279046e-08,7.877037460125909e-08,4.0216032862681786e-08,1.091611437645475e-09,False,2.722153987565468e-06,True,1.4340802027716465e-06,True
9,14,cpu_rjd_corrected,2.4956946872339406e-08,2.3215412148681604e-08,4.402382492597989e-08,2.2476262159807697e-08,5.777295094340966e-10,False,2.744392907380339e-06,True,3.1339608906018544e-06,True
9,14,gpu_cholesky,4.866547818464449e-16,3.257969326840847e-16,5.937576456752299e-16,3.0314159494376624e-16,1.1265593944033475e-17,False,3.1890157179876626e-14,True,5.2759233593897776e-14,True
9,14,gpu_pcg,7.300194772119693e-08,6.07224193885294e-08,1.0998686293765009e-07,5.615353890031026e-08,1.6899254466929412e-09,False,2.280096057323414e-06,True,1.7561050505257503e-06,True
9,14,gpu_rjd_corrected,2.4956946866148822e-08,2.3215412175245583e-08,4.402382498797236e-08,2.247626219145781e-08,5.777295092907903e-10,False,2.7443929611667115e-06,True,3.133960855993345e-06,True
9,15,cpu_cholesky,3.5563137241844664e-16,0.0,0.0,0.0,8.718945883895518e-18,False,0.0,True,0.0,True
9,15,cpu_banded,5.674735827467116e-16,4.1575259365874933e-16,7.050619250553975e-16,3.569627239630138e-16,1.3912640566162384e-17,False,4.32588162500689e-14,True,4.2030053440434765e-14,True
9,15,cpu_information_smoother,4.297420739876523e-16,2.495249118484558e-16,4.0407083300363954e-16,2.0457525799829607e-16,1.0535903684905083e-17,False,1.514062356328102e-14,True,8.398571563360405e-15,True
9,15,cpu_pcg,6.052622403056185e-08,4.955300795364867e-08,9.148930489268218e-08,4.631972076127714e-08,1.483909781360223e-09,False,2.1150644663483176e-07,True,2.7717961997182278e-06,True
9,15,cpu_identity_corrected,6.292951264277112e-08,5.06372638875572e-08,9.274001375228652e-08,4.6952936689614153e-08,1.542830747245354e-09,False,1.6342735072739807e-06,True,4.542013487379125e-06,True
9,15,cpu_reference_eigen_corrected,6.257995254624053e-08,5.805506537150265e-08,1.0734738785856546e-07,5.4348440354791416e-08,1.5342606226255167e-09,False,9.512596779059737e-06,True,2.744200653893216e-06,True
9,15,cpu_rjd_corrected,6.538442916769634e-08,6.118850657220106e-08,1.1663731686683385e-07,5.90517979555496e-08,1.6030174614518531e-09,False,3.048444045179449e-06,True,9.124016419917622e-06,True
9,15,gpu_cholesky,3.7810903543261085e-16,2.692939329591081e-16,4.320783604489663e-16,2.187550667967462e-16,9.270026420137803e-18,False,1.4942236066225414e-14,True,2.153046583036577e-14,True
9,15,gpu_pcg,6.05262239910491e-08,4.955300793203888e-08,9.148930485081276e-08,4.631972074007925e-08,1.4839097803914965e-09,False,2.1150647406008263e-07,True,2.771796164489356e-06,True
9,15,gpu_rjd_corrected,6.538442919500768e-08,6.118850660082634e-08,1.1663731693704335e-07,5.905179799109566e-08,1.6030174621214397e-09,False,3.0484441065589384e-06,True,9.124016506326068e-06,True
10,0,cpu_cholesky,4.235393782172709e-16,0.0,0.0,0.0,1.2122998963912795e-17,False,0.0,True,0.0,True
10,0,cpu_banded,6.188468752158069e-16,4.444126199267242e-16,7.268145999427179e-16,3.9046760716956e-16,1.771329990292736e-17,False,7.66324282420653e-15,True,6.4110282318547555e-15,True
10,0,cpu_information_smoother,4.2931406369612413e-16,2.7253550538479033e-16,4.758071671568356e-16,2.556185388247551e-16,1.2288288213691002e-17,False,8.61562109437581e-15,True,3.889511783015339e-15,True
10,0,cpu_pcg,4.265919195488961e-08,3.7050122057837676e-08,6.440983637057851e-08,3.46029849810183e-08,1.2210372082610663e-09,False,2.111571039339052e-06,True,1.4427272280005608e-06,True
10,0,cpu_identity_corrected,4.347419100230338e-08,3.921887033590215e-08,6.978231009358177e-08,3.748924642839119e-08,1.2443649846692649e-09,False,2.693847215461782e-06,True,2.5842875351403065e-06,True
10,0,cpu_reference_eigen_corrected,2.465256178752215e-08,2.2790196946026956e-08,3.939659513928274e-08,2.1165086991752823e-08,7.056321033522048e-10,False,1.4382245538903613e-06,True,2.4425066410862616e-06,True
10,0,cpu_rjd_corrected,3.177076465623294e-08,2.9681279168253165e-08,5.250207800548186e-08,2.8205763576909123e-08,9.093769454075283e-10,False,9.147326872919133e-07,True,2.20726347835611e-06,True
10,0,gpu_cholesky,5.046004305704878e-16,2.6100258869625306e-16,4.229365125718719e-16,2.2721476434512005e-16,1.4443215463800117e-17,False,4.936119084411091e-15,True,1.0787496885949283e-14,True
10,0,gpu_pcg,4.265919195978239e-08,3.705012206304916e-08,6.440983637150148e-08,3.460298498151415e-08,1.2210372084011125e-09,False,2.1115710532276377e-06,True,1.4427272446006212e-06,True
10,0,gpu_rjd_corrected,3.1770764685323185e-08,2.9681279180131803e-08,5.250207800622112e-08,2.820576357730628e-08,9.093769462401807e-10,False,9.147327084571866e-07,True,2.2072634896705736e-06,True
10,1,cpu_cholesky,4.91276199491529e-14,0.0,0.0,0.0,5.74235855287688e-18,False,0.0,True,0.0,True
10,1,cpu_banded,5.499724638796639e-14,1.976700061203003e-14,1.9572856928053306e-14,1.4826849289360104e-14,6.428439002489411e-18,False,1.686886593050737e-12,True,1.8735876391238454e-12,True
10,1,cpu_information_smoother,4.8561991409422166e-14,9.235894602111259e-14,1.5963434498108157e-13,1.2092636160068336e-13,5.676244177985467e-18,False,1.7891399090814006e-11,True,1.6248198174703908e-11,True
10,1,cpu_pcg,8.14823720935132e-08,5.744153087973246e-08,1.6711188814418655e-08,1.2659075724520155e-08,9.52419426639217e-12,False,1.0140374266540852e-06,True,4.987066838407232e-08,True
10,1,cpu_identity_corrected,7.566964608977972e-08,5.7136564421628315e-08,1.6648528264758982e-08,1.2611609045046255e-08,8.844764713073904e-12,False,1.0316253577668676e-06,True,4.2411993989545285e-08,True
10,1,cpu_reference_eigen_corrected,7.676145644001884e-08,2.5461603004655176e-08,5.213300759048884e-09,3.9491845742629804e-09,8.972382673224192e-12,False,5.689855918067047e-07,True,2.201452976697821e-07,True
10,1,cpu_rjd_corrected,6.22339938081478e-08,3.6423020012966845e-08,8.988114387793262e-09,6.808685002562591e-09,7.274317519832965e-12,False,2.2891506893308484e-07,True,1.784861970363846e-07,True
10,1,gpu_cholesky,4.8957407518090427e-14,2.7931070109002718e-14,4.177286191438094e-14,3.164381828705155e-14,5.722463007146435e-18,False,5.145840069767484e-12,True,4.863780244470892e-12,True
10,1,gpu_pcg,7.206827431142297e-08,5.697908710642659e-08,1.6620194536530447e-08,1.2590145652155047e-08,8.423812750541308e-12,False,1.0320941698642073e-06,True,3.414928055952811e-08,True
10,1,gpu_rjd_corrected,6.051273304405272e-08,3.2670827831035754e-08,8.047781838695647e-09,6.096363391128995e-09,7.073125267041863e-12,False,1.6509553737785917e-07,True,2.130839369544302e-07,True
10,2,cpu_cholesky,4.992112002278939e-16,0.0,0.0,0.0,9.060748084544594e-18,False,0.0,True,0.0,True
10,2,cpu_banded,6.278869962896347e-16,4.149230931894866e-16,6.188332084413033e-16,3.312847521610151e-16,1.1396230485903833e-17,False,7.528703736825845e-15,True,1.2029552026381956e-14,True
10,2,cpu_information_smoother,5.125439397226948e-16,2.1373525941760454e-16,3.016947451341635e-16,1.6150857372666677e-16,9.302739037039452e-18,False,4.854480207981709e-15,True,3.6959025255092384e-15,True
10,2,cpu_pcg,8.634530640188895e-08,6.719903705093964e-08,1.1551307719464965e-07,6.183850612376345e-08,1.567178519911802e-09,False,3.54994875890661e-06,True,6.818167270296976e-06,True
10,2,cpu_identity_corrected,9.08524160924256e-08,6.858759986923888e-08,1.1624477947832097e-07,6.223021394809345e-08,1.6489831448283686e-09,False,3.2755820003458316e-06,True,5.864830796170031e-06,True
10,2,cpu_reference_eigen_corrected,2.1897131414245393e-08,1.8853619354464027e-08,3.135168056153264e-08,1.6783736850224007e-08,3.974357768311232e-10,False,2.05817557685474e-06,True,3.776848050171259e-06,True
10,2,cpu_rjd_corrected,2.3956862564665978e-08,2.036873546932586e-08,3.446991196635866e-08,1.8453043707123986e-08,4.348201639539887e-10,False,4.7364259123853696e-06,True,2.153506173698739e-06,True
10,2,gpu_cholesky,5.14273915834456e-16,3.443692436607168e-16,5.195962686065776e-16,2.781594761255372e-16,9.334138328028502e-18,False,1.2123254031224828e-15,True,1.004805507774116e-14,True
10,2,gpu_pcg,8.634530640599038e-08,6.719903704530227e-08,1.1551307718915222e-07,6.183850612082046e-08,1.5671785199862433e-09,False,3.5499487610649236e-06,True,6.8181672669245295e-06,True
10,2,gpu_rjd_corrected,2.395686256201281e-08,2.036873546200934e-08,3.446991194348513e-08,1.845304369487892e-08,4.3482016390583347e-10,False,4.73642592751355e-06,True,2.1535061871089576e-06,True
10,3,cpu_cholesky,4.930874826425194e-16,0.0,0.0,0.0,9.665885074917136e-18,False,0.0,True,0.0,True
10,3,cpu_banded,5.155495763517437e-16,4.58107935530902e-16,7.263752237996125e-16,3.9462735913663177e-16,1.0106204539471026e-17,False,2.0109918097435768e-14,True,7.481520636323437e-15,True
10,3,cpu_information_smoother,4.879056281908542e-16,2.1457332099183952e-16,3.09959592302491e-16,1.6839579784888629e-16,9.56430632597725e-18,False,3.918239814349345e-15,True,8.117588051467917e-15,True
10,3,cpu_pcg,7.873105184528477e-08,6.081854234315364e-08,9.906488526803263e-08,5.38202746674108e-08,1.543347428531364e-09,False,6.681873569104381e-07,True,4.96138845143182e-07,True
10,3,cpu_identity_corrected,8.397905938923553e-08,6.335296709010513e-08,1.0171813838318132e-07,5.5261742156452e-08,1.64622296038793e-09,False,1.9996431402624825e-06,True,2.6433774232880513e-06,True
10,3,cpu_reference_eigen_corrected,7.883764694537703e-08,6.274384503146602e-08,9.486389003078914e-08,5.1537945091868565e-08,1.5454369729573261e-09,False,8.688212534734031e-07,True,2.560454356793244e-06,True
10,3,cpu_rjd_corrected,8.608378428874023e-08,7.563652737154015e-08,1.2569034584333469e-07,6.82854365401767e-08,1.6874814192789373e-09,False,1.6341800712138573e-05,True,9.875877692980504e-06,True
10,3,gpu_cholesky,4.739070912887518e-16,3.277615690903922e-16,4.850267184430889e-16,2.635068030110927e-16,9.289896097213026e-18,False,1.6303707231440486e-14,True,8.121121923397896e-15,True
10,3,gpu_pcg,7.873105189372433e-08,6.081854238050297e-08,9.906488532130926e-08,5.382027469635509e-08,1.543347429480914e-09,False,6.68187374245288e-07,True,4.961388574706861e-07,True
10,3,gpu_rjd_corrected,8.608378430095254e-08,7.56365273953746e-08,1.2569034588655737e-07,6.828543656365885e-08,1.6874814195183327e-09,False,1.6341800701223378e-05,True,9.87587770743871e-06,True
10,4,cpu_cholesky,5.627719574193717e-16,0.0,0.0,0.0,1.2396097874007181e-17,False,0.0,True,0.0,True
10,4,cpu_banded,5.621882459893046e-16,3.9112106471056224e-16,6.035326161856214e-16,3.276867845688078e-16,1.2383240545346973e-17,False,1.3343509446525513e-14,True,1.6767055981947597e-14,True
10,4,cpu_information_smoother,5.601114901229929e-16,2.778685229688359e-16,4.2667529530363283e-16,2.3166246831305044e-16,1.2337496139216172e-17,False,3.1404973823843815e-15,True,1.9927043742152015e-14,True
10,4,cpu_pcg,6.30107934127867e-08,5.1591413149443966e-08,8.694146314677852e-08,4.72046874356715e-08,1.3879297854084733e-09,False,7.458288806181945e-06,True,3.967157610361001e-06,True
10,4,cpu_identity_corrected,6.243216317817032e-08,5.1877966588192826e-08,8.809296244788007e-08,4.782989159745477e-08,1.3751843790806713e-09,False,7.09486171142884e-06,True,3.446418843317107e-06,True
10,4,cpu_reference_eigen_corrected,1.0705466687086798e-08,9.707185109649813e-09,1.6374451594075888e-08,8.890474595808844e-09,2.358077925141141e-10,False,1.496541558271652e-07,True,9.266510341381277e-07,True
10,4,cpu_rjd_corrected,2.5433948629631964e-08,2.2683099548725986e-08,3.82918590812963e-08,2.0790485619177748e-08,5.602299675281059e-10,False,6.501903193151478e-07,True,1.9730743572141205e-06,True
10,4,gpu_cholesky,5.075984912846307e-16,2.8463473210590386e-16,4.655850730215505e-16,2.527884515768117e-16,1.1180799781702256e-17,False,1.7679612050207245e-14,True,5.172208530222279e-15,True
10,4,gpu_pcg,6.301079338143992e-08,5.159141312734623e-08,8.694146311306e-08,4.72046874173641e-08,1.3879297847180027e-09,False,7.458288848012502e-06,True,3.967157628442052e-06,True
10,4,gpu_rjd_corrected,2.5433948576166714e-08,2.2683099534014546e-08,3.8291859072881555e-08,2.079048561460898e-08,5.602299663504344e-10,False,6.501903201665169e-07,True,1.9730743706335482e-06,True
10,5,cpu_cholesky,4.031448925815312e-16,0.0,0.0,0.0,9.69944655045313e-18,False,0.0,True,0.0,True
10,5,cpu_banded,6.082366808511225e-16,4.295316040394025e-16,6.501638821932795e-16,3.551711845520954e-16,1.463384327694879e-17,False,4.039677046554823e-15,True,1.07513134078117e-14,True
10,5,cpu_information_smoother,4.592272187936386e-16,2.0473721359349417e-16,3.0070742563869327e-16,1.6427029475617005e-16,1.1048756774963547e-17,False,1.737393376421511e-15,True,1.0546054198619995e-15,True
10,5,cpu_pcg,8.074634402927443e-08,6.637276414776925e-08,1.1035881475206587e-07,6.028675543930677e-08,1.9427130605838557e-09,False,1.4002648299101767e-06,True,5.406916990971246e-06,True
10,5,cpu_identity_corrected,8.633743806300211e-08,6.890580956462621e-08,1.125599713479099e-07,6.148920210997276e-08,2.077231741326569e-09,False,6.153848082583875e-07,True,3.7376829201920017e-06,True
10,5,cpu_reference_eigen_corrected,8.895022625852414e-08,8.107669726240074e-08,1.3512822071824248e-07,7.381777353889941e-08,2.1400940303205215e-09,False,7.7939875339865e-06,True,1.3228813460111155e-05,True
10,5,cpu_rjd_corrected,3.383882906923106e-08,3.051663642331944e-08,5.208238666858326e-08,2.845153887198225e-08,8.141437931714246e-10,False,8.119079129448748e-07,True,6.388876554810355e-07,True
10,5,gpu_cholesky,3.645527965207401e-16,2.38236683255927e-16,3.788456724738729e-16,2.0695561525360206e-16,8.77094173766825e-18,False,9.348461806824638e-16,True,1.5376204850660642e-15,True
10,5,gpu_pcg,8.07463440176484e-08,6.637276414162298e-08,1.1035881474726001e-07,6.028675543668143e-08,1.9427130603041396e-09,False,1.4002648410234419e-06,True,5.406917001640253e-06,True
10,5,gpu_rjd_corrected,3.383882909266472e-08,3.051663642831233e-08,5.2082386656019646e-08,2.8451538865119004e-08,8.141437937352259e-10,False,8.119079333333646e-07,True,6.388876566725931e-07,True
10,6,cpu_cholesky,4.298116887080674e-16,0.0,0.0,0.0,7.879231120429941e-18,False,0.0,True,0.0,True
10,6,cpu_banded,5.971018348664379e-16,4.2119140225871115e-16,6.7480563805951075e-16,3.644972791148347e-16,1.0945964204665783e-17,False,3.6187099197335954e-14,True,1.1011023679377731e-14,True
10,6,cpu_information_smoother,4.3714407872872713e-16,2.7895723125478514e-16,4.0869313772637263e-16,2.2075621229624325e-16,8.013647184850079e-18,False,9.712668559277523e-15,True,1.2038958936288018e-14,True
10,6,cpu_pcg,6.435702738710464e-08,5.0998858010557346e-08,8.657683188001922e-08,4.6764605798783335e-08,1.179781533622924e-09,False,1.0571477774451582e-06,True,2.5717657784064545e-06,True
10,6,cpu_identity_corrected,6.37841877674362e-08,5.169864865502172e-08,8.865434154885385e-08,4.788677576731315e-08,1.1692803404528886e-09,False,1.3779427488354676e-06,True,1.9416503670165697e-06,True
10,6,cpu_reference_eigen_corrected,1.5008879868218806e-08,1.2562440101904059e-08,2.0609418799973074e-08,1.1132208525006162e-08,2.7514010618153894e-10,False,1.0910645342435325e-06,True,1.1495649587827973e-06,True
10,6,cpu_rjd_corrected,2.3861746578944618e-08,1.9990572648201726e-08,3.312946608961543e-08,1.789493087656607e-08,4.374292761366784e-10,False,3.578599027801186e-06,True,3.7203523784161996e-06,True
10,6,gpu_cholesky,4.3942160365492797e-16,3.1701187746684625e-16,4.759933692612802e-16,2.5710853346062104e-16,8.05539836507046e-18,False,1.053962010550428e-14,True,1.540339971825165e-14,True
10,6,gpu_pcg,6.435702739155983e-08,5.0998858014779454e-08,8.657683187161424e-08,4.676460579424338e-08,1.179781533704596e-09,False,1.0571477820879901e-06,True,2.5717657673270484e-06,True
10,6,gpu_rjd_corrected,2.3861746598959073e-08,1.9990572649229204e-08,3.312946606911335e-08,1.7894930865491843e-08,4.3742927650357994e-10,False,3.5785990122486424e-06,True,3.7203523652232193e-06,True
10,7,cpu_cholesky,5.997432417985128e-16,0.0,0.0,0.0,9.194205895222858e-18,False,0.0,True,0.0,True
10,7,cpu_banded,6.570766628889883e-16,5.098539551509714e-16,7.301783811974843e-16,3.9974326036377923e-16,1.0073140815110524e-17,False,6.714888085238392e-15,True,2.9585491856687593e-15,True
10,7,cpu_information_smoother,5.795460763976739e-16,2.9623428383919335e-16,3.916582367734346e-16,2.1441711306130517e-16,8.884578567637951e-18,False,9.465015438141502e-16,True,2.7545148491392247e-15,True
10,7,cpu_pcg,8.055555382869479e-08,6.088386087996287e-08,1.0024353557423924e-07,5.4879299048982774e-08,1.2349357131211832e-09,False,8.560295088290157e-06,True,2.1163699880172724e-07,True
10,7,cpu_identity_corrected,8.32883563082568e-08,6.206722892580463e-08,1.0164533850966758e-07,5.564672970733321e-08,1.2768302217367194e-09,False,7.0496741058079365e-06,True,9.869918999866235e-07,True
10,7,cpu_reference_eigen_corrected,6.23662817934176e-08,5.0271780293271755e-08,7.747804373305578e-08,4.24161090029351e-08,9.560898750044073e-10,False,4.018213487125023e-06,True,3.300526456843785e-06,True
10,7,cpu_rjd_corrected,3.5591084223150656e-08,3.0967356339170676e-08,5.0722267008804906e-08,2.776839866703477e-08,5.456197458915671e-10,False,4.605124032382898e-06,True,6.365133271684525e-07,True
10,7,gpu_cholesky,5.623215031110956e-16,3.209366081846844e-16,4.4243111981694465e-16,2.4221322196909854e-16,8.62052178097163e-18,False,2.1974626346269062e-14,True,7.400976691433384e-15,True
10,7,gpu_pcg,8.055555382208897e-08,6.088386085992689e-08,1.0024353553214996e-07,5.4879299025940586e-08,1.2349357130199146e-09,False,8.560295097691843e-06,True,2.116369842770752e-07,True
10,7,gpu_rjd_corrected,3.559108423057768e-08,3.096735634274704e-08,5.072226700551144e-08,2.7768398665231733e-08,5.456197460054252e-10,False,4.605124042036966e-06,True,6.365133402073931e-07,True
10,8,cpu_cholesky,5.235481881241876e-16,0.0,0.0,0.0,7.972889235005446e-18,False,0.0,True,0.0,True
10,8,cpu_banded,8.45748786540602e-16,5.527282822717896e-16,8.007347723077748e-16,4.284918922424932e-16,1.2879542988942605e-17,False,8.735261181575883e-15,True,4.446666940081671e-15,True
10,8,cpu_information_smoother,5.676068121256834e-16,3.1087172909470564e-16,4.698276401335527e-16,2.5141575152086903e-16,8.643838990880361e-18,False,1.1607752581521373e-14,True,6.924411902938328e-15,True
10,8,cpu_pcg,9.651188697780087e-08,7.625195407339648e-08,1.341232037250998e-07,7.177246117607551e-08,1.4697378383755956e-09,False,7.106721073262674e-06,True,4.719066864284849e-06,True
10,8,cpu_identity_corrected,9.901132572303319e-08,7.702906480856235e-08,1.3474613988269603e-07,7.210580887389733e-08,1.507800710844993e-09,False,5.435937298503933e-06,True,3.4511678382708258e-06,True
10,8,cpu_reference_eigen_corrected,7.670516779973874e-08,5.553452536714509e-08,8.32990434290947e-08,4.4575265088154883e-08,1.1681098927465607e-09,False,4.799517989149243e-06,True,4.596205658896964e-06,True
10,8,cpu_rjd_corrected,8.527038128377498e-08,8.004824313796729e-08,1.444922390620333e-07,7.732117434041921e-08,1.2985457958002272e-09,False,3.262353949835428e-06,True,1.3671192837742585e-05,True
10,8,gpu_cholesky,5.705704367970721e-16,3.6388517996775153e-16,5.081670983795642e-16,2.719320917367915e-16,8.688970751003093e-18,False,1.3551145242100827e-14,True,9.914499381933927e-15,True
10,8,gpu_pcg,9.651188702954697e-08,7.625195407068345e-08,1.3412320368402417e-07,7.177246115409497e-08,1.4697378391636148e-09,False,7.106721104920999e-06,True,4.71906683525351e-06,True
10,8,gpu_rjd_corrected,8.527038132208176e-08,8.004824316079729e-08,1.444922391026453e-07,7.732117436215164e-08,1.2985457963835847e-09,False,3.262353937414553e-06,True,1.3671192833117211e-05,True
10,9,cpu_cholesky,4.787139847142744e-16,0.0,0.0,0.0,8.330179999579837e-18,False,0.0,True,0.0,True
10,9,cpu_banded,6.667158845115985e-16,4.923344170203694e-16,6.947249023468469e-16,3.68168509295223e-16,1.1601631671311177e-17,False,1.1976514821879909e-14,True,2.8111407867098305e-14,True
10,9,cpu_information_smoother,4.915039234702304e-16,3.404394324259575e-16,5.260164009631499e-16,2.787616703435133e-16,8.552739806526581e-18,False,1.813675411051537e-15,True,2.284361680510786e-15,True
10,9,cpu_pcg,5.908770669159684e-08,4.695655160537575e-08,8.165169275004421e-08,4.32712026007193e-08,1.0281948045294388e-09,False,6.943611550224572e-06,True,9.72894346995524e-06,True
10,9,cpu_identity_corrected,6.090369720751031e-08,4.769365993121577e-08,8.243665551792964e-08,4.3687192543109976e-08,1.0597951514780377e-09,False,6.356936558863487e-06,True,9.177875297807224e-06,True
10,9,cpu_reference_eigen_corrected,6.839389083409823e-08,5.161793236229784e-08,7.785207138251657e-08,4.1257598467567734e-08,1.1901332227120717e-09,False,8.390185469640227e-06,True,4.299157400036959e-06,True
10,9,cpu_rjd_corrected,5.359644663369478e-08,4.569690217179655e-08,7.64624425791334e-08,4.052116658886727e-08,9.326404952725223e-10,False,1.3473568914554548e-05,True,4.403339601725328e-06,True
10,9,gpu_cholesky,5.27432545771172e-16,3.7087416325663504e-16,5.405650068486482e-16,2.8647168408145967e-16,9.177939613635616e-18,False,1.532220102027447e-14,True,3.6758772935243645e-15,True
10,9,gpu_pcg,5.908770670069734e-08,4.6956551611991714e-08,8.165169275990843e-08,4.3271202605946826e-08,1.0281948046877978e-09,False,6.943611556444784e-06,True,9.728943479532902e-06,True
10,9,gpu_rjd_corrected,5.359644665234696e-08,4.569690219241141e-08,7.64624426088381e-08,4.0521166604609235e-08,9.32640495597092e-10,False,1.3473568920724866e-05,True,4.403339594936019e-06,True
10,10,cpu_cholesky,5.534907416845606e-16,0.0,0.0,0.0,9.600427086661477e-18,False,0.0,True,0.0,True
10,10,cpu_banded,7.272450217278298e-16,5.216246197213517e-16,7.867637821980857e-16,4.2612413694346396e-16,1.2614235938231103e-17,False,3.164342559792031e-17,True,2.1828834818202102e-14,True
10,10,cpu_information_smoother,4.2718372957064883e-16,3.2513897808340487e-16,4.697737821565399e-16,2.544371665417131e-16,7.409602256162777e-18,False,2.6549622491685655e-15,True,2.0916259801680222e-14,True
10,10,cpu_pcg,6.387860022526577e-08,5.2860468313895007e-08,9.324581892644114e-08,5.050346115654347e-08,1.107989343305795e-09,False,3.9480527848784614e-06,True,8.681551738024331e-06,True
10,10,cpu_identity_corrected,6.32246704956216e-08,5.2965620019797705e-08,9.389612764238151e-08,5.085567899701485e-08,1.0966467782143427e-09,False,3.7342773210617815e-06,True,8.308256916491397e-06,True
10,10,cpu_reference_eigen_corrected,7.408575314855672e-08,6.30606680305402e-08,1.0153224124726574e-07,5.499152306242492e-08,1.285034828544896e-09,False,8.45884141233881e-07,True,1.314393346187942e-06,True
10,10,cpu_rjd_corrected,4.8611815766290414e-08,4.720867034742256e-08,8.63688804147856e-08,4.6778798742743286e-08,8.431833713148819e-10,False,8.791296029014325e-06,True,1.1247613855379352e-05,True
10,10,gpu_cholesky,4.306302589893507e-16,3.906385487548762e-16,5.936857511308691e-16,3.2154991630331466e-16,7.469383119498588e-18,False,2.1776730234733143e-15,True,3.4833750004993365e-14,True
10,10,gpu_pcg,6.387860021950655e-08,5.2860468297559116e-08,9.324581888992561e-08,5.0503461136766066e-08,1.1079893432059e-09,False,3.948052803169173e-06,True,8.681551731949023e-06,True
10,10,gpu_rjd_corrected,4.861181573847968e-08,4.720867030821846e-08,8.636888031579422e-08,4.677879868912794e-08,8.431833708324981e-10,False,8.791296031977963e-06,True,1.1247613865658695e-05,True
10,11,cpu_cholesky,5.524553442420067e-16,0.0,0.0,0.0,9.58768456449861e-18,False,0.0,True,0.0,True
10,11,cpu_banded,6.10745279590156e-16,4.770185092586916e-16,7.755969334323762e-16,4.12214789497722e-16,1.0599287618442932e-17,False,2.4799158379699705e-14,True,3.0575327712440077e-15,True
10,11,cpu_information_smoother,5.096747768447382e-16,2.910144679101469e-16,4.435790062441008e-16,2.357536741092121e-16,8.845241596084485e-18,False,7.276940978351096e-15,True,1.8837288263445745e-14,True
10,11,cpu_pcg,7.901386748528392e-08,6.228588072863896e-08,1.0597840470704334e-07,5.632547513344082e-08,1.3712602219166098e-09,False,3.0739678603548556e-06,True,2.5125843355509627e-06,True
10,11,cpu_identity_corrected,7.80320351736619e-08,6.2714401560103e-08,1.0765141883842353e-07,5.721464983007302e-08,1.354220838752497e-09,False,3.1728182563730317e-06,True,2.805489679178158e-06,True
10,11,cpu_reference_eigen_corrected,7.763998188253303e-08,6.559999533025181e-08,1.0813615386780431e-07,5.7472277135552554e-08,1.3474168996721862e-09,False,4.5450711908121096e-06,True,7.53086057201704e-06,True
10,11,cpu_rjd_corrected,2.777527142278623e-08,2.2992625412816458e-08,3.797158886937938e-08,2.0181166064460713e-08,4.820308882371255e-10,False,7.421874706232939e-07,True,7.905672095880279e-08,True
10,11,gpu_cholesky,5.043034951198758e-16,3.2454189875352714e-16,4.646388738701976e-16,2.469465869820404e-16,8.752024731731954e-18,False,3.651776711153707e-15,True,1.4127648282373518e-14,True
10,11,gpu_pcg,7.901386749577282e-08,6.228588073353647e-08,1.0597840471127298e-07,5.632547513568879e-08,1.3712602220986412e-09,False,3.0739679040681186e-06,True,2.512584359148116e-06,True
10,11,gpu_rjd_corrected,2.7775271422220665e-08,2.2992625396471207e-08,3.797158884687697e-08,2.0181166052501118e-08,4.820308882273104e-10,False,7.421874738606902e-07,True,7.905670912325859e-08,True
10,12,cpu_cholesky,4.780916240143974e-16,0.0,0.0,0.0,7.237337372529772e-18,False,0.0,True,0.0,True
10,12,cpu_banded,8.986928354697082e-16,5.86770472233852e-16,8.859918382686892e-16,4.704016329673372e-16,1.3604386518961063e-17,False,1.0254169569105563e-14,True,2.313180775616271e-15,True
10,12,cpu_information_smoother,5.798520474765162e-16,3.344241147332483e-16,4.680360746301907e-16,2.484954423777617e-16,8.77778376140997e-18,False,3.480625395487985e-17,True,2.737358651763499e-15,True
10,12,cpu_pcg,9.609777686622554e-08,7.267798545132917e-08,1.2423350611731171e-07,6.595957391778871e-08,1.45472540776351e-09,False,7.521334498596678e-06,True,2.3959514838004443e-06,True
10,12,cpu_identity_corrected,9.659687554451672e-08,7.469337729268955e-08,1.2863167491055665e-07,6.829470353529314e-08,1.462280748714477e-09,False,5.832929166199819e-06,True,1.2282354379891785e-06,True
10,12,cpu_reference_eigen_corrected,2.5005555555091663e-08,1.9756849807575146e-08,3.211361208009844e-08,1.7050152056114903e-08,3.7853338689457537e-10,False,9.44285790710687e-07,True,6.203520737179834e-07,True
10,12,cpu_rjd_corrected,9.348259353967813e-08,8.335771913847619e-08,1.473465071498264e-07,7.823101137224239e-08,1.4151368255087493e-09,False,2.2226381093176215e-05,True,3.909275385199986e-06,True
10,12,gpu_cholesky,5.178431240754444e-16,3.0356757001509526e-16,4.376501057230584e-16,2.323625517846149e-16,7.83909444702157e-18,False,1.392938591509563e-14,True,8.897226497760253e-15,True
10,12,gpu_pcg,9.609777689047457e-08,7.267798547491512e-08,1.2423350614601848e-07,6.595957393303006e-08,1.4547254081305913e-09,False,7.521334471590472e-06,True,2.395951473038159e-06,True
10,12,gpu_rjd_corrected,9.348259354005194e-08,8.335771915215032e-08,1.4734650719216156e-07,7.823101139471949e-08,1.415136825514408e-09,False,2.2226381071037878e-05,True,3.909275360485122e-06,True
10,13,cpu_cholesky,5.113909585805248e-16,0.0,0.0,0.0,1.0174478701109338e-17,False,0.0,True,0.0,True
10,13,cpu_banded,5.795220585663755e-16,4.842054072312754e-16,7.633204147378524e-16,4.097002303259231e-16,1.1529994308216098e-17,False,9.369931888467852e-15,True,1.0561702451068554e-14,True
10,13,cpu_information_smoother,5.994891110719141e-16,2.6363326619493047e-16,3.9772831860761284e-16,2.1347442121883103e-16,1.192725270129648e-17,False,4.41475140221465e-15,True,8.417439963994426e-15,True
10,13,cpu_pcg,5.397201715913206e-08,4.288197327924216e-08,7.291338749128366e-08,3.913511426165822e-08,1.0738108089385276e-09,False,2.00879035083083e-06,True,6.482320252509348e-06,True
10,13,cpu_identity_corrected,5.6901093148970445e-08,4.4186366581993685e-08,7.431823698804331e-08,3.988914513949522e-08,1.1320868117229674e-09,False,1.3191139060310614e-06,True,5.067186504411618e-06,True
10,13,cpu_reference_eigen_corrected,3.184126362223949e-08,2.5052540270378973e-08,3.785009775611054e-08,2.0315444823865788e-08,6.335040782462696e-10,False,1.7970758307909885e-06,True,1.2589663046844355e-06,True
10,13,cpu_rjd_corrected,8.286421711659653e-08,7.232840690970396e-08,1.2270234313631276e-07,6.585855333338942e-08,1.64864121594876e-09,False,1.129766975308301e-05,True,2.632182635255255e-06,True
10,13,gpu_cholesky,5.127412777723418e-16,3.087495833020476e-16,4.916939728140584e-16,2.639090086185773e-16,1.0201344240333918e-17,False,2.421635186830266e-15,True,1.2630918334311036e-14,True
10,13,gpu_pcg,5.397201722052726e-08,4.28819733004297e-08,7.29133875079412e-08,3.913511427059889e-08,1.0738108101600277e-09,False,2.0087903606983227e-06,True,6.482320246305103e-06,True
10,13,gpu_rjd_corrected,8.286421716066226e-08,7.232840691476603e-08,1.2270234311311867e-07,6.585855332094036e-08,1.6486412168254786e-09,False,1.1297669741817991e-05,True,2.6321826537620286e-06,True
10,14,cpu_cholesky,4.200049939929313e-16,0.0,0.0,0.0,9.253041252720587e-18,False,0.0,True,0.0,True
10,14,cpu_banded,5.555802363478152e-16,4.707271828425207e-16,7.275843240427236e-16,3.9147359383122154e-16,1.2239870762605998e-17,False,2.4549764624967326e-14,True,4.391007676474706e-15,True
10,14,cpu_information_smoother,5.069412712612751e-16,2.398652430870516e-16,3.744726525005825e-16,2.0148338855264438e-16,1.1168316002847673e-17,False,2.327569341200936e-15,True,1.4445454835233272e-14,True
10,14,cpu_pcg,6.531694714851272e-08,5.5243529661585175e-08,9.64113147970486e-08,5.187369029596852e-08,1.4389838569888332e-09,False,2.455598141324328e-06,True,1.6738084131831597e-06,True
10,14,cpu_identity_corrected,6.992879367689133e-08,5.741975016385843e-08,9.893167056977503e-08,5.3229756801910095e-08,1.5405864717659396e-09,False,3.2769253258588344e-06,True,1.633240096623776e-07,True
10,14,cpu_reference_eigen_corrected,5.1892143542425224e-08,4.853297543493934e-08,8.464600807807813e-08,4.554341798030008e-08,1.1432248379781375e-09,False,1.067863834995671e-06,True,8.634013720740785e-07,True
10,14,cpu_rjd_corrected,3.380281956256795e-08,3.106515413447273e-08,5.5473050882966354e-08,2.9847034731690956e-08,7.447027690443572e-10,False,2.482433204417203e-06,True,1.6970825730454465e-06,True
10,14,gpu_cholesky,4.625920394519486e-16,2.932053101246276e-16,4.452026278502423e-16,2.3953934540431943e-16,1.019126745026529e-17,False,1.0254927162010601e-14,True,1.8722132988463255e-15,True
10,14,gpu_pcg,6.531694713249691e-08,5.524352966192604e-08,9.641131480250976e-08,5.187369029890687e-08,1.4389838566359919e-09,False,2.4555981393005145e-06,True,1.6738083894317513e-06,True
10,14,gpu_rjd_corrected,3.380281960506292e-08,3.1065154164535644e-08,5.547305093457146e-08,2.9847034759456854e-08,7.447027699805548e-10,False,2.482433217127328e-06,True,1.6970825762900166e-06,True
10,15,cpu_cholesky,3.414609693579502e-16,0.0,0.0,0.0,8.058725964434241e-18,False,0.0,True,0.0,True
10,15,cpu_banded,4.611005432050373e-16,3.891386899522761e-16,6.251123312751126e-16,3.3451110109224343e-16,1.0882306480673763e-17,False,4.3637400678709245e-15,True,1.2574696682170004e-14,True
10,15,cpu_information_smoother,4.211564319776533e-16,2.146889227279334e-16,3.28812879040639e-16,1.759548687782763e-16,9.93959655139653e-18,False,9.172625206240484e-15,True,5.94318327856933e-15,True
10,15,cpu_pcg,8.771905628915472e-08,7.27970804363711e-08,1.2770693885383878e-07,6.833873944860091e-08,2.0702332017874053e-09,False,2.908580490604623e-06,True,3.161090316011177e-06,True
10,15,cpu_identity_corrected,9.296657292176265e-08,7.627429204517381e-08,1.333241959027666e-07,7.134465494017686e-08,2.1940783950919853e-09,False,2.4343060618165232e-06,True,2.3751915573090102e-06,True
10,15,cpu_reference_eigen_corrected,3.756201855858483e-08,3.3395824901132287e-08,5.6120902799338354e-08,3.003150641966043e-08,8.864908110330668e-10,False,1.7861128387293114e-06,True,3.7287474820150963e-06,True
10,15,cpu_rjd_corrected,8.262942704415708e-08,7.432735948478133e-08,1.285282073911616e-07,6.877821796944833e-08,1.950114271212783e-09,False,6.966931760566126e-06,True,7.924192909829967e-06,True
10,15,gpu_cholesky,4.226540301477715e-16,2.402913831293399e-16,3.6946754273678105e-16,1.9771005682550455e-16,9.974940951901554e-18,False,1.471120493919556e-14,True,1.0424863894531285e-15,True
10,15,gpu_pcg,8.771905630779809e-08,7.279708043768494e-08,1.2770693883453496e-07,6.833873943827101e-08,2.0702332022274026e-09,False,2.908580487786568e-06,True,3.1610903168039377e-06,True
10,15,gpu_rjd_corrected,8.262942705930461e-08,7.432735949177176e-08,1.2852820739447614e-07,6.877821797122202e-08,1.950114271570276e-09,False,6.966931770920449e-06,True,7.924192922377732e-06,True
11,0,cpu_cholesky,4.371904618989186e-16,0.0,0.0,0.0,1.2310262088149398e-17,False,0.0,True,0.0,True
11,0,cpu_banded,4.967886237747852e-16,3.953806854502095e-16,6.792847406656279e-16,3.4334811994539933e-16,1.398840709954148e-17,False,1.6053675543042535e-14,True,3.726035438385138e-14,True
11,0,cpu_information_smoother,4.4073563651046776e-16,2.2518608953227198e-16,3.7260849146334164e-16,1.8833696292701553e-16,1.241008592334211e-17,False,3.2682430744008204e-16,True,1.2250734152196388e-15,True
11,0,cpu_pcg,3.696906805012287e-08,3.2262023361007347e-08,5.998691280193599e-08,3.032070720695274e-08,1.0409625936446052e-09,False,1.8804936045404847e-06,True,1.8014729364798428e-06,True
11,0,cpu_identity_corrected,3.964381334246833e-08,3.549923141321344e-08,6.683568311269816e-08,3.3782454938594446e-08,1.1162771710954611e-09,False,4.924661675408425e-07,True,2.1133577276729592e-06,True
11,0,cpu_reference_eigen_corrected,1.8178878653159266e-08,1.697027687526848e-08,3.1421116506514404e-08,1.588197207039509e-08,5.118747565835105e-10,False,1.7673758081465523e-06,True,3.965438181815011e-06,True
11,0,cpu_rjd_corrected,3.655634183897138e-08,3.322404625006654e-08,6.142709259518272e-08,3.104865381725062e-08,1.0293411835995765e-09,False,4.336660887360719e-06,True,3.5347736498823365e-06,True
11,0,gpu_cholesky,3.49271466320059e-16,2.495413519823411e-16,4.153979522219766e-16,2.0996512564793643e-16,9.83466855986962e-18,False,4.569281315623754e-15,True,3.5323472804098468e-15,True
11,0,gpu_pcg,3.6969068082641094e-08,3.226202338088586e-08,5.998691282975523e-08,3.032070722101412e-08,1.0409625945602424e-09,False,1.8804936300586276e-06,True,1.8014729067396745e-06,True
11,0,gpu_rjd_corrected,3.655634181002115e-08,3.322404621755816e-08,6.142709251424984e-08,3.104865377634266e-08,1.0293411827844055e-09,False,4.336660842958196e-06,True,3.534773626505865e-06,True
11,1,cpu_cholesky,3.955125137390658e-14,0.0,0.0,0.0,4.788544053620206e-18,False,0.0,True,0.0,True
11,1,cpu_banded,6.096324343109026e-14,1.889922606606318e-14,1.0512828626432717e-14,1.2011061891909604e-14,7.380934020558927e-18,False,4.933855795918857e-13,True,5.975277357491289e-13,True
11,1,cpu_information_smoother,4.885599437551285e-14,1.0706990252541894e-13,1.1223718760253886e-13,1.2823264363678736e-13,5.915086709618975e-18,False,1.2628647271349448e-11,True,1.1339541731892185e-11,True
11,1,cpu_pcg,9.36710278248629e-08,9.341008617632318e-08,3.003687205764278e-08,3.4317569718259364e-08,1.1340926710116643e-11,False,1.7185625014173524e-06,True,2.1150932367592222e-06,True
11,1,cpu_identity_corrected,9.721798933897773e-08,9.444889832065561e-08,3.023490948746322e-08,3.454383040517928e-08,1.1770363981288149e-11,False,1.7234647151762075e-06,True,2.0822650662991145e-06,True
11,1,cpu_reference_eigen_corrected,6.723638871433544e-08,2.12932244787912e-08,2.4175795184248254e-09,2.7621202871511906e-09,8.140435460127334e-12,False,3.240102841997807e-09,True,2.8838789379692696e-08,True
11,1,cpu_rjd_corrected,8.117595575955503e-08,5.603266941699656e-08,1.257006020880501e-08,1.4361479342807342e-08,9.828124918545011e-12,False,1.4397743718374025e-06,True,8.545869051852354e-07,True
11,1,gpu_cholesky,5.872791117861929e-14,2.6658223645463753e-14,2.405872054813876e-14,2.7487443371547426e-14,7.110298159654119e-18,False,2.9312183019782476e-12,True,2.679210186051687e-12,True
11,1,gpu_pcg,9.301135333212503e-08,9.288695777629685e-08,2.993265587893513e-08,3.419850119568795e-08,1.1261058684249989e-11,False,1.709795035763075e-06,True,2.11777022304743e-06,True
11,1,gpu_rjd_corrected,8.00183815530287e-08,5.413318258085503e-08,1.1592881384029407e-08,1.3245038110774634e-08,9.687975252453179e-12,False,1.3395045006998685e-06,True,7.965491392089192e-07,True
11,2,cpu_cholesky,4.665613794280197e-16,0.0,0.0,0.0,8.375463851037894e-18,False,0.0,True,0.0,True
11,2,cpu_banded,6.036808070698669e-16,4.177681190067706e-16,6.626933260993863e-16,3.460159041976111e-16,1.0836959508687965e-17,False,1.4053108788585302e-14,True,1.6456929530249194e-14,True
11,2,cpu_information_smoother,5.163690135430204e-16,3.3574739345705414e-16,5.173714395323354e-16,2.701381459648995e-16,9.269584233542182e-18,False,2.2693300366157708e-14,True,1.0252320916158056e-14,True
11,2,cpu_pcg,8.729818112369002e-08,6.815604896226355e-08,1.1918942179051469e-07,6.223306305856819e-08,1.5671309129326713e-09,False,5.967909707391579e-06,True,3.4304852308766006e-07,True
11,2,cpu_identity_corrected,9.398109382425994e-08,7.047001712024847e-08,1.2091289580207094e-07,6.313295052533933e-08,1.687099036774729e-09,False,4.940464243294191e-06,True,2.770370503489345e-06,True
11,2,cpu_reference_eigen_corrected,2.3149629962128558e-08,1.93068462261174e-08,3.190310458887371e-08,1.665775275873918e-08,4.15569949186476e-10,False,1.7612420384880888e-07,True,1.051811299691817e-06,True
11,2,cpu_rjd_corrected,2.4600353315007105e-08,2.035633976286811e-08,3.433075118246934e-08,1.792531393382979e-08,4.4161256854575466e-10,False,4.808134926697533e-06,True,1.1337527769902453e-06,True
11,2,gpu_cholesky,4.942844105821829e-16,2.90475501380925e-16,4.458830686594657e-16,2.3281150887201223e-16,8.873133087093284e-18,False,9.616878849473148e-16,True,5.76938081890403e-15,True
11,2,gpu_pcg,8.729818111162993e-08,6.815604897855613e-08,1.1918942183073652e-07,6.223306307956944e-08,1.5671309127161748e-09,False,5.967909734487609e-06,True,3.4304849796747457e-07,True
11,2,gpu_rjd_corrected,2.4600353343608052e-08,2.0356339800170194e-08,3.433075124471321e-08,1.792531396632954e-08,4.4161256905918386e-10,False,4.808134930061608e-06,True,1.1337527974752247e-06,True
11,3,cpu_cholesky,5.16713030991277e-16,0.0,0.0,0.0,9.989165698526738e-18,False,0.0,True,0.0,True
11,3,cpu_banded,6.422244485616711e-16,5.520679827881567e-16,9.351790781230036e-16,4.793108829782581e-16,1.2415569276470975e-17,False,2.1483925644618715e-14,True,2.54644673877764e-14,True
11,3,cpu_information_smoother,5.283132440625472e-16,2.1435024927762207e-16,3.2270503671813035e-16,1.6539723750166468e-16,1.0213422575278681e-17,False,5.3852941590691706e-15,True,4.067944053604705e-15,True
11,3,cpu_pcg,8.172707243831407e-08,6.233354353115127e-08,1.0709964516682515e-07,5.489218770227573e-08,1.5799587393398592e-09,False,1.095037170668008e-06,True,2.0810281018451426e-07,True
11,3,cpu_identity_corrected,8.416887500368074e-08,6.317090749957058e-08,1.0765371361305199e-07,5.517616650634009e-08,1.6271639939317381e-09,False,1.4345435171192747e-08,True,2.0957815129538664e-06,True
11,3,cpu_reference_eigen_corrected,9.28862966091376e-08,7.232108991581269e-08,1.1297516755319459e-07,5.790359149524942e-08,1.7956903332592997e-09,False,1.5725809481399923e-05,True,9.87315119451426e-06,True
11,3,cpu_rjd_corrected,8.917672501813374e-08,7.914056408986961e-08,1.4144002688238034e-07,7.249279390374194e-08,1.7239764191436524e-09,False,5.156275559085996e-06,True,8.380100542592053e-06,True
11,3,gpu_cholesky,5.191342914501746e-16,2.9118661514158793e-16,4.738693568768218e-16,2.428740603530636e-16,1.0035973830841148e-17,False,2.1282043676441158e-14,True,2.608275304735409e-14,True
11,3,gpu_pcg,8.172707244622922e-08,6.233354353289548e-08,1.0709964517041683e-07,5.489218770411659e-08,1.5799587394928764e-09,False,1.0950371657417293e-06,True,2.0810282305367112e-07,True
11,3,gpu_rjd_corrected,8.917672500985128e-08,7.914056406084487e-08,1.4144002681483168e-07,7.249279386912096e-08,1.7239764189835347e-09,False,5.156275578333213e-06,True,8.380100526238615e-06,True
11,4,cpu_cholesky,4.59002761579083e-16,0.0,0.0,0.0,9.820483306073049e-18,False,0.0,True,0.0,True
11,4,cpu_banded,5.442850435967908e-16,5.243335453312619e-16,8.867901642496078e-16,4.4245173724509183e-16,1.164511988119399e-17,False,3.4161072264355026e-14,True,2.5039512052527502e-14,True
11,4,cpu_information_smoother,4.948040712693736e-16,2.716718169732611e-16,4.1574565522436333e-16,2.0743056793122285e-16,1.0586461625984471e-17,False,1.4205885194426125e-15,True,3.839748183064354e-15,True
11,4,cpu_pcg,6.458618265460159e-08,5.1585005554384176e-08,9.423308569142737e-08,4.701630007975822e-08,1.3818381538833025e-09,False,3.0054275348773523e-06,True,3.4423891185364115e-06,True
11,4,cpu_identity_corrected,6.377898113807156e-08,5.2069289119662916e-08,9.617387426497503e-08,4.7984629804883456e-08,1.364567867379076e-09,False,2.530655481598964e-06,True,4.679510339783215e-06,True
11,4,cpu_reference_eigen_corrected,9.793760539355535e-08,8.707882815385147e-08,1.5401347245829486e-07,7.68429006043205e-08,2.095400467524854e-09,False,9.556298871959353e-06,True,5.034140439753925e-06,True
11,4,cpu_rjd_corrected,2.947982647814416e-08,2.6179319452590342e-08,4.8208268375331836e-08,2.4052851454765808e-08,6.307285415554543e-10,False,8.780854787718216e-07,True,3.4431286079613564e-06,True
11,4,gpu_cholesky,3.747837863617644e-16,2.7667257903619883e-16,4.632632901842026e-16,2.3113883735654905e-16,8.018596456131387e-18,False,1.58255724702924e-14,True,5.686525899973932e-15,True
11,4,gpu_pcg,6.458618267050631e-08,5.1585005560686266e-08,9.42330857118981e-08,4.701630008997181e-08,1.3818381542235882e-09,False,3.0054275613603583e-06,True,3.4423890574231305e-06,True
11,4,gpu_rjd_corrected,2.94798265495498e-08,2.6179319439568957e-08,4.820826830593785e-08,2.4052851420142635e-08,6.307285430831964e-10,False,8.780855558245748e-07,True,3.443128665510452e-06,True
11,5,cpu_cholesky,4.443407659237319e-16,0.0,0.0,0.0,1.0427736843802314e-17,False,0.0,True,0.0,True
11,5,cpu_banded,5.338057391970733e-16,4.1837508920481026e-16,7.075947984582244e-16,3.6258474984812727e-16,1.252729031622069e-17,False,1.9975390550749038e-14,True,1.6064715135848253e-14,True
11,5,cpu_information_smoother,4.2420081161706435e-16,2.7373116808338423e-16,4.501135252051435e-16,2.306465512400189e-16,9.955094764429882e-18,False,7.119424871849939e-15,True,2.413664441297513e-14,True
11,5,cpu_pcg,7.610313496603718e-08,6.092451991818105e-08,1.0612969650913225e-07,5.4382832581680233e-08,1.7859794230686252e-09,False,6.0826635709457995e-06,True,1.6420920274558828e-06,True
11,5,cpu_identity_corrected,8.342558345628255e-08,6.400882179261996e-08,1.087446585472782e-07,5.572278781952173e-08,1.9578217855219176e-09,False,5.439461589680112e-06,True,2.957398609739134e-06,True
11,5,cpu_reference_eigen_corrected,8.936496516821688e-08,8.017281226375343e-08,1.391199040267097e-07,7.128762917750319e-08,2.09720652233354e-09,False,5.121981357936518e-06,True,1.1251848094351299e-05,True
11,5,cpu_rjd_corrected,3.254790184891944e-08,2.907269370008966e-08,5.2527528007975405e-08,2.691608339180958e-08,7.638303285018369e-10,False,1.076171595725667e-06,True,1.3455572540701458e-06,True
11,5,gpu_cholesky,4.217579986620489e-16,2.7691193099710416e-16,4.511867251323366e-16,2.3119647886524477e-16,9.89776711725671e-18,False,6.4596566164381506e-15,True,2.8341457378038373e-14,True
11,5,gpu_pcg,7.610313499298592e-08,6.092451993647259e-08,1.0612969653828853e-07,5.438283259662045e-08,1.7859794237010548e-09,False,6.082663556502888e-06,True,1.6420919965282164e-06,True
11,5,gpu_rjd_corrected,3.254790191263676e-08,2.9072693745463105e-08,5.2527528043292774e-08,2.691608340990686e-08,7.638303299971475e-10,False,1.076171582231998e-06,True,1.3455572709712686e-06,True
11,6,cpu_cholesky,5.272551863938058e-16,0.0,0.0,0.0,9.723329247168216e-18,False,0.0,True,0.0,True
11,6,cpu_banded,6.605082628333257e-16,3.9096335639937938e-16,6.271190114072922e-16,3.2480629548661883e-16,1.2180703909106192e-17,False,6.352615774691357e-14,True,5.025041855336043e-14,True
11,6,cpu_information_smoother,6.074603991700095e-16,3.142078007990314e-16,4.62036659538755e-16,2.3930452280026367e-16,1.1202426487531317e-17,False,1.4418065756337382e-15,True,2.7595857276963427e-14,True
11,6,cpu_pcg,6.812956113812909e-08,5.271304938117694e-08,9.228874561585968e-08,4.7799484680469946e-08,1.2564051945290271e-09,False,4.4526862513077744e-06,True,4.35485721050226e-06,True
11,6,cpu_identity_corrected,6.871116219073944e-08,5.427238568665613e-08,9.569218421317298e-08,4.956224145008022e-08,1.2671307387671242e-09,False,2.705404722895537e-06,True,2.7592932659108188e-06,True
11,6,cpu_reference_eigen_corrected,1.6078484723149375e-08,1.3345420552152146e-08,2.3039387510241176e-08,1.1932883505937824e-08,2.9650993535753937e-10,False,1.5523923220909293e-06,True,1.3243303675909456e-06,True
11,6,cpu_rjd_corrected,2.9036750311637768e-08,2.525205408248457e-08,4.477419619744877e-08,2.319008120587697e-08,5.354786262439854e-10,False,6.219371444158387e-07,True,5.179508136710417e-06,True
11,6,gpu_cholesky,5.465633747889262e-16,3.321218622178107e-16,5.272331462035766e-16,2.730720038160644e-16,1.0079399472320794e-17,False,3.774403363991191e-14,True,3.5085699013038744e-14,True
11,6,gpu_pcg,6.812956111368708e-08,5.2713049370387076e-08,9.228874559730003e-08,4.7799484670857266e-08,1.256405194078282e-09,False,4.452686247926153e-06,True,4.354857205017938e-06,True
11,6,gpu_rjd_corrected,2.90367502744293e-08,2.5252054051352445e-08,4.4774196136938974e-08,2.3190081174536883e-08,5.354786255578087e-10,False,6.219371256476971e-07,True,5.1795080920242635e-06,True
11,7,cpu_cholesky,5.352450837967898e-16,0.0,0.0,0.0,8.169657524785559e-18,False,0.0,True,0.0,True
11,7,cpu_banded,7.343995012490605e-16,5.972029151138901e-16,9.544037280092995e-16,4.848426191186031e-16,1.1209430209089075e-17,False,1.877454899063544e-14,True,6.971541982189732e-15,True
11,7,cpu_information_smoother,7.065241667717625e-16,3.412564053860541e-16,4.922129618891818e-16,2.500470341877696e-16,1.078395794794668e-17,False,7.61267041035684e-16,True,1.0471829381580359e-14,True
11,7,cpu_pcg,8.169568553972168e-08,6.350749551181321e-08,1.1583064165684751e-07,5.884263653520339e-08,1.2469535788247134e-09,False,5.70861134200748e-07,True,9.683415820109491e-07,True
11,7,cpu_identity_corrected,8.371143599543687e-08,6.395258714280708e-08,1.1594903420637927e-07,5.890278063577059e-08,1.2777207755748968e-09,False,5.975562389539349e-07,True,2.094598094754677e-06,True
11,7,cpu_reference_eigen_corrected,5.7847057657529446e-08,4.662585860425517e-08,7.857466866565716e-08,3.9916386571220996e-08,8.829425417855154e-10,False,7.454947142071976e-06,True,1.1969925953609462e-07,True
11,7,cpu_rjd_corrected,2.940467199805022e-08,2.5910789742855225e-08,4.610212453285896e-08,2.342014615980791e-08,4.4881514361696005e-10,False,1.236522963573089e-06,True,1.6157264897773538e-08,True
11,7,gpu_cholesky,6.077254647597598e-16,3.826277116731394e-16,6.058301945364019e-16,3.077652461320854e-16,9.275954261848656e-18,False,4.940328660794594e-14,True,2.948078497645679e-14,True
11,7,gpu_pcg,8.169568554800133e-08,6.350749550435326e-08,1.1583064163968142e-07,5.884263652648291e-08,1.2469535789510892e-09,False,5.708611196992896e-07,True,9.683415734184707e-07,True
11,7,gpu_rjd_corrected,2.940467194467774e-08,2.5910789705020295e-08,4.610212447024627e-08,2.3420146128000298e-08,4.488151428023148e-10,False,1.2365229510325793e-06,True,1.6157267907703845e-08,True
11,8,cpu_cholesky,5.193869804683364e-16,0.0,0.0,0.0,7.881792194554978e-18,False,0.0,True,0.0,True
11,8,cpu_banded,7.222148494368223e-16,5.088651661012161e-16,8.18771348387864e-16,4.102455845580089e-16,1.0959742113577817e-17,False,1.4391894022997506e-14,True,1.6347585546618004e-15,True
11,8,cpu_information_smoother,5.769555001975573e-16,2.918549629810536e-16,4.935686254415073e-16,2.473026806109296e-16,8.75540498524279e-18,False,2.400047908420041e-15,True,1.016255790831655e-14,True
11,8,cpu_pcg,6.314114950578921e-08,5.0357540068304094e-08,9.633552409635949e-08,4.826893793295191e-08,9.581784631224751e-10,False,2.7700244621705126e-06,True,5.365968156964409e-06,True
11,8,cpu_identity_corrected,6.316970662609672e-08,5.110025995565177e-08,9.819381892701974e-08,4.9200037012794405e-08,9.586118227914673e-10,False,1.6930738805833404e-06,True,4.0343651850438645e-06,True
11,8,cpu_reference_eigen_corrected,7.579072022310607e-08,5.4759874554426635e-08,8.773956825524084e-08,4.396193215433248e-08,1.1501380243740697e-09,False,1.6679511875152544e-06,True,1.7739466359033485e-06,True
11,8,cpu_rjd_corrected,9.380766671677967e-08,8.691846548632536e-08,1.665693292237363e-07,8.345960318637843e-08,1.423548442446811e-09,False,8.08833712708254e-06,True,2.573865745017521e-05,True
11,8,gpu_cholesky,5.606793163378957e-16,3.725894463499777e-16,5.466309868601566e-16,2.738895897902552e-16,8.508410925463803e-18,False,1.9449919104500973e-14,True,3.289541935077505e-15,True
11,8,gpu_pcg,6.314114950557915e-08,5.035754006090514e-08,9.633552407358547e-08,4.826893792154098e-08,9.581784631192872e-10,False,2.770024427344312e-06,True,5.365968047666864e-06,True
11,8,gpu_rjd_corrected,9.380766668583089e-08,8.691846547841299e-08,1.6656932923395115e-07,8.345960319149657e-08,1.4235484419771575e-09,False,8.088337163503925e-06,True,2.573865747214482e-05,True
11,9,cpu_cholesky,5.142942064069286e-16,0.0,0.0,0.0,8.903597807985715e-18,False,0.0,True,0.0,True
11,9,cpu_banded,6.28523217243889e-16,5.592979441161329e-16,9.157200906089056e-16,4.714289548157015e-16,1.0881160762859079e-17,False,2.2239511851140427e-14,True,2.786212682044403e-14,True
11,9,cpu_information_smoother,5.960142382378025e-16,4.338014786151261e-16,7.521733389420947e-16,3.872321844352244e-16,1.0318356689601787e-17,False,2.2436102376274533e-14,True,2.4453126791658406e-14,True
11,9,cpu_pcg,5.5116463625874154e-08,4.294993600745615e-08,7.591653239547824e-08,3.908317824132775e-08,9.54190847514608e-10,False,2.7352789594012657e-06,True,1.55852500706366e-06,True
11,9,cpu_identity_corrected,5.638950009554559e-08,4.317521205569012e-08,7.572666822644857e-08,3.8985432797408205e-08,9.762299928749582e-10,False,1.9894914964532154e-06,True,9.226888628795809e-07,True
11,9,cpu_reference_eigen_corrected,8.702730794540798e-08,6.546492511973297e-08,9.984663032782093e-08,5.140281736749369e-08,1.5066398459681106e-09,False,3.8375219219891815e-06,True,1.3153870122593072e-05,True
11,9,cpu_rjd_corrected,5.427969172336503e-08,4.558970663515863e-08,7.805998690062426e-08,4.018666666253742e-08,9.39704429572968e-10,False,2.6326190805437123e-07,True,6.478248925122305e-06,True
11,9,gpu_cholesky,5.304924238685829e-16,3.6820341350671907e-16,5.954620159133536e-16,3.065544140325896e-16,9.184025648097815e-18,False,1.7300741088180515e-15,True,7.768994112300446e-15,True
11,9,gpu_pcg,5.511646361798827e-08,4.294993598950633e-08,7.591653236129886e-08,3.90831782237316e-08,9.541908473780855e-10,False,2.7352788958315857e-06,True,1.5585249974418115e-06,True
11,9,gpu_rjd_corrected,5.427969172378697e-08,4.558970663148802e-08,7.805998689217305e-08,4.018666665818659e-08,9.39704429580273e-10,False,2.6326190644623567e-07,True,6.478248921831799e-06,True
11,10,cpu_cholesky,5.552821588032661e-16,0.0,0.0,0.0,9.535277491469762e-18,False,0.0,True,0.0,True
11,10,cpu_banded,7.170021328456275e-16,7.628965511548435e-16,1.3305390035860638e-15,6.798313665461469e-16,1.2312324806893314e-17,False,3.518374664727176e-16,True,5.132118391223672e-14,True
11,10,cpu_information_smoother,5.236087957626609e-16,2.4477053991872493e-16,3.688970060352299e-16,1.8848583547854688e-16,8.991384083600998e-18,False,2.3349040884005042e-15,True,1.8354591538316472e-14,True
11,10,cpu_pcg,8.51648379722496e-08,6.793946070547484e-08,1.249523292527535e-07,6.384368479246078e-08,1.4624463426831496e-09,False,6.58114666994687e-06,True,3.924109971002483e-06,True
11,10,cpu_identity_corrected,8.448595295246096e-08,6.840519395881392e-08,1.2656804820805648e-07,6.466922723982811e-08,1.4507885627221285e-09,False,7.407555635464174e-06,True,5.27694585026704e-06,True
11,10,cpu_reference_eigen_corrected,8.767243971270494e-08,7.363368688893798e-08,1.2671899023931828e-07,6.47463502156337e-08,1.5055067752103761e-09,False,3.7074606921080994e-06,True,7.167769216513091e-07,True
11,10,cpu_rjd_corrected,4.8966537183685784e-08,4.635920930502496e-08,8.750503707216798e-08,4.471020298699216e-08,8.408509245624693e-10,False,8.03751279518333e-07,True,5.999235316062764e-07,True
11,10,gpu_cholesky,5.204314463328361e-16,3.809202613986331e-16,5.837882457743482e-16,2.9828329709139686e-16,8.936822797918711e-18,False,5.188492585337274e-15,True,2.1502955716638835e-14,True
11,10,gpu_pcg,8.516483798798695e-08,6.793946070298893e-08,1.2495232923403785e-07,6.384368478289812e-08,1.4624463429533904e-09,False,6.5811466218601865e-06,True,3.924109952387719e-06,True
11,10,gpu_rjd_corrected,4.896653718838863e-08,4.635920930984329e-08,8.750503709976522e-08,4.4710203001092815e-08,8.408509246432266e-10,False,8.037512564934666e-07,True,5.999235477455524e-07,True
11,11,cpu_cholesky,5.76650375050411e-16,0.0,0.0,0.0,9.9900274200774e-18,False,0.0,True,0.0,True
11,11,cpu_banded,5.994059057531428e-16,3.968971467804223e-16,5.991189615265608e-16,3.115193131821141e-16,1.0384249613479825e-17,False,4.5840937645181344e-14,True,6.271866636029153e-14,True
11,11,cpu_information_smoother,5.439697872564603e-16,2.3309208078066225e-16,3.555152033879797e-16,1.8485452655851745e-16,9.42386119129922e-18,False,5.779135910180621e-16,True,1.3226203079024426e-15,True
11,11,cpu_pcg,6.721708951102975e-08,5.3217348743862916e-08,9.420005967106822e-08,4.898048597172362e-08,1.1644847498411037e-09,False,2.5379415206281695e-06,True,3.675665462681989e-06,True
11,11,cpu_identity_corrected,6.60980622530135e-08,5.374836699449812e-08,9.617510793128057e-08,5.000743673948963e-08,1.145098457276703e-09,False,2.239546349556914e-06,True,3.3778169940115087e-06,True
11,11,cpu_reference_eigen_corrected,1.9761340831625894e-08,1.5622531094801734e-08,2.472736256957689e-08,1.2857297964418053e-08,3.4235014032261834e-10,False,1.1966717631453453e-07,True,3.128210651586324e-07,True
11,11,cpu_rjd_corrected,3.1736462042724205e-08,2.6010223656414533e-08,4.427611323797794e-08,2.3021912628376922e-08,5.498099691796944e-10,False,2.732415315053365e-06,True,1.1156228020958067e-06,True
11,11,gpu_cholesky,5.848800545712477e-16,3.081713471636934e-16,4.609584800382238e-16,2.3968106224027863e-16,1.0132600333629084e-17,False,6.081322192375105e-14,True,7.164449417674779e-14,True
11,11,gpu_pcg,6.721708949406054e-08,5.321734873926315e-08,9.420005966624141e-08,4.898048596921386e-08,1.164484749547125e-09,False,2.5379415434534005e-06,True,3.6756654728444193e-06,True
11,11,gpu_rjd_corrected,3.1736462062493894e-08,2.6010223653451165e-08,4.4276113208922435e-08,2.3021912613269153e-08,5.498099695221891e-10,False,2.732415309722874e-06,True,1.1156227821820242e-06,True
11,12,cpu_cholesky,5.195052052243832e-16,0.0,0.0,0.0,7.90752121245798e-18,False,0.0,True,0.0,True
11,12,cpu_banded,6.552611433701397e-16,6.2506157583456135e-16,1.0554476063047543e-15,5.478941746901023e-16,9.973896967328508e-18,False,1.0930345754786078e-13,True,5.891522691739046e-14,True
11,12,cpu_information_smoother,6.336252978070744e-16,2.7631966025442843e-16,4.069026978511872e-16,2.1122755548130897e-16,9.644572244459736e-18,False,1.234734984311372e-14,True,5.325793933644112e-15,True
11,12,cpu_pcg,5.872593782218942e-08,4.504414928950937e-08,8.048066352322529e-08,4.1778375786886e-08,8.938824759030061e-10,False,1.6953465174150893e-06,True,4.9050861606245585e-06,True
11,12,cpu_identity_corrected,6.059624967535599e-08,4.538206188760426e-08,8.037915374278762e-08,4.172568097092011e-08,9.223509695000196e-10,False,2.1209607773630485e-06,True,5.3967090469910424e-06,True
11,12,cpu_reference_eigen_corrected,3.265643609551617e-08,2.5434518279919307e-08,4.168926869360356e-08,2.1641346598232318e-08,4.970719405132654e-10,False,3.6338466698972845e-06,True,1.651363845905665e-06,True
11,12,cpu_rjd_corrected,8.464917734502107e-08,7.78741389463805e-08,1.4122460221948326e-07,7.331120599144157e-08,1.2884667049677277e-09,False,5.962613306519012e-06,True,4.925390645650152e-07,True
11,12,gpu_cholesky,5.611066203127895e-16,3.416485301989677e-16,4.682577030207876e-16,2.4307759684735924e-16,8.540746960673066e-18,False,3.148981631219459e-15,True,1.3254014318945202e-14,True
11,12,gpu_pcg,5.872593785826242e-08,4.504414931937428e-08,8.048066357571325e-08,4.1778375814133065e-08,8.938824764520826e-10,False,1.6953464764654466e-06,True,4.90508612965688e-06,True
11,12,gpu_rjd_corrected,8.46491773692293e-08,7.787413897931932e-08,1.4122460229019614e-07,7.331120602814939e-08,1.2884667053362073e-09,False,5.962613292065775e-06,True,4.925390606908737e-07,True
11,13,cpu_cholesky,5.278348709392057e-16,0.0,0.0,0.0,1.0320580900201047e-17,False,0.0,True,0.0,True
11,13,cpu_banded,7.150819147904987e-16,3.8858096210328996e-16,6.062158512341789e-16,3.0596555470867577e-16,1.3981760505391136e-17,False,2.354277806174691e-14,True,1.494576442664794e-15,True
11,13,cpu_information_smoother,5.67281550528316e-16,3.3326791885789963e-16,5.477658997522521e-16,2.764650528800713e-16,1.1091868797909137e-17,False,7.270387507729079e-15,True,2.861653673887768e-14,True
11,13,cpu_pcg,6.417577925700292e-08,4.956550475814369e-08,8.810178659889173e-08,4.4466194595004486e-08,1.2548078158296057e-09,False,2.6673645647127074e-06,True,2.4434897446256783e-06,True
11,13,cpu_identity_corrected,6.589345340634812e-08,4.99450961828708e-08,8.798683392796333e-08,4.440817638638416e-08,1.288392930926736e-09,False,1.9184426213402104e-06,True,3.431610034023602e-06,True
11,13,cpu_reference_eigen_corrected,4.6734068897348374e-08,3.797860739241784e-08,6.406015372166179e-08,3.233204877151886e-08,9.137758180475886e-10,False,9.695601678996826e-07,True,3.365738235667368e-06,True
11,13,cpu_rjd_corrected,7.562879795373389e-08,6.3261451386786e-08,1.1076185799520652e-07,5.590304716228152e-08,1.4787449064127745e-09,False,4.122758348039906e-07,True,1.9429159130249346e-06,True
11,13,gpu_cholesky,4.994384883575099e-16,3.0916480847012497e-16,5.113477604697411e-16,2.5808431248150506e-16,9.76535581022929e-18,False,3.151403807582129e-14,True,4.376276343431791e-14,True
11,13,gpu_pcg,6.417577925447748e-08,4.956550478225949e-08,8.810178663312913e-08,4.4466194612284574e-08,1.2548078157802266e-09,False,2.6673645661935073e-06,True,2.4434897797531125e-06,True
11,13,gpu_rjd_corrected,7.562879796140516e-08,6.32614514118416e-08,1.1076185802856339e-07,5.590304717911719e-08,1.4787449065627684e-09,False,4.122758514638463e-07,True,1.942915932005376e-06,True
11,14,cpu_cholesky,5.29965342807331e-16,0.0,0.0,0.0,1.1382656024232023e-17,False,0.0,True,0.0,True
11,14,cpu_banded,5.734292502721313e-16,4.725117663115501e-16,8.138413449151703e-16,4.0619516553267764e-16,1.231617878162624e-17,False,3.819712758275952e-14,True,9.887470236421241e-15,True
11,14,cpu_information_smoother,6.168408508157371e-16,3.013759601236317e-16,5.283364919472182e-16,2.636972551767124e-16,1.3248578085006487e-17,False,7.855588960673076e-16,True,2.2973203961485373e-15,True
11,14,cpu_pcg,6.786408342235424e-08,5.586526778038411e-08,1.0325781888446099e-07,5.153685923721255e-08,1.4575925157903598e-09,False,9.699779871526695e-08,True,5.403761458956293e-07,True
11,14,cpu_identity_corrected,7.288849191320228e-08,5.846912936629592e-08,1.0666908433890195e-07,5.3239450958068136e-08,1.5655073326234678e-09,False,3.6044246694632624e-07,True,3.0534768914252133e-06,True
11,14,cpu_reference_eigen_corrected,5.432424116811552e-08,5.086384178286242e-08,9.632854065334084e-08,4.8078397295339576e-08,1.166782232205347e-09,False,2.4775759623874617e-06,True,5.071865409792568e-07,True
11,14,cpu_rjd_corrected,2.80385953878783e-08,2.5910465561747315e-08,4.998745083685111e-08,2.494916361044271e-08,6.022161440403805e-10,False,2.3480173510991725e-08,True,1.6496242103879157e-06,True
11,14,gpu_cholesky,4.2027858823397724e-16,3.619918758154226e-16,6.165761443830919e-16,3.0773841928280936e-16,9.026791410313774e-18,False,2.918818818584676e-14,True,2.4681231373971756e-14,True
11,14,gpu_pcg,6.786408341147545e-08,5.586526776773236e-08,1.0325781884984922e-07,5.1536859219937516e-08,1.457592515556704e-09,False,9.69977658195835e-08,True,5.403762239683715e-07,True
11,14,gpu_rjd_corrected,2.8038595418262947e-08,2.591046559330185e-08,4.99874508913858e-08,2.4949163637661437e-08,6.022161446929852e-10,False,2.3480131449229953e-08,True,1.6496241517813677e-06,True
11,15,cpu_cholesky,5.351458818298355e-16,0.0,0.0,0.0,1.2368581823987619e-17,False,0.0,True,0.0,True
11,15,cpu_banded,5.084351577561103e-16,4.396982324961197e-16,7.550154715967106e-16,3.776616674796858e-16,1.1751229084293215e-17,False,3.012490013106332e-14,True,1.1008374759306965e-14,True
11,15,cpu_information_smoother,4.996266437777488e-16,2.567334443371625e-16,4.2595653564042983e-16,2.1306511134617097e-16,1.1547641932474777e-17,False,1.7099656057946387e-14,True,1.7176724481519178e-14,True
11,15,cpu_pcg,7.233774581294285e-08,6.030812358826736e-08,1.1468757305819892e-07,5.73671688988822e-08,1.671909209481799e-09,False,2.2331598776197318e-06,True,3.045184968496979e-07,True
11,15,cpu_identity_corrected,7.733010617487591e-08,6.231843776791307e-08,1.1639106836703194e-07,5.821926385995254e-08,1.7872953509767524e-09,False,3.3625405861222582e-06,True,2.8619484142420872e-06,True
11,15,cpu_reference_eigen_corrected,4.724820667661671e-08,4.241479100484846e-08,7.610102716397056e-08,3.8066028971408433e-08,1.0920261633393112e-09,False,7.672959345354769e-06,True,3.6002354588337383e-06,True
11,15,cpu_rjd_corrected,9.466915169511694e-08,8.523156356604961e-08,1.5854567663424028e-07,7.930516242634716e-08,2.1880447756064802e-09,False,8.87135043679029e-06,True,6.5358970856444005e-06,True
11,15,gpu_cholesky,4.894110118944491e-16,3.16890623462617e-16,5.086323992544641e-16,2.5441989901266427e-16,1.1311532708574391e-17,False,2.401339691177462e-14,True,3.549839096124525e-14,True
11,15,gpu_pcg,7.233774578115858e-08,6.030812358505523e-08,1.1468757307628339e-07,5.736716890792812e-08,1.6719092087471837e-09,False,2.2331598780825523e-06,True,3.045184855623037e-07,True
11,15,gpu_rjd_corrected,9.4669151623034e-08,8.523156351020873e-08,1.585456765285957e-07,7.930516237350333e-08,2.18804477394046e-09,False,8.871350396148669e-06,True,6.535897042177266e-06,True
12,0,cpu_cholesky,3.84940622511664e-16,0.0,0.0,0.0,1.0534518321527597e-17,False,0.0,True,0.0,True
12,0,cpu_banded,4.908009815557868e-16,3.928779973803478e-16,5.919048800957191e-16,3.4298127032956303e-16,1.3431557050766963e-17,False,9.07695313243646e-15,True,1.2468492236392821e-14,True
12,0,cpu_information_smoother,3.7646571009497754e-16,1.958261899848296e-16,2.792963220762679e-16,1.6183919167654444e-16,1.030258873315525e-17,False,2.5586139595751677e-15,True,2.367151944775582e-14,True
12,0,cpu_pcg,9.359976216855478e-08,7.515885292574102e-08,1.1444372329481932e-07,6.631479975389718e-08,2.5615078045583912e-09,False,1.076689054104939e-06,True,4.032434385867659e-06,True
12,0,cpu_identity_corrected,3.210129395770208e-08,2.8360237153431138e-08,4.630804440758182e-08,2.6833351829810503e-08,8.785034608243218e-10,False,2.1750776978072538e-06,True,5.930560428211499e-06,True
12,0,cpu_reference_eigen_corrected,1.6419223333172156e-08,1.55234925257736e-08,2.5355477258133374e-08,1.4692316438412529e-08,4.493384153587716e-10,False,4.500579842754162e-07,True,1.2214510639013543e-07,True
12,0,cpu_rjd_corrected,3.2972429858344794e-08,2.959238222914113e-08,4.715787848375896e-08,2.7325791038910198e-08,9.023434923600058e-10,False,2.7697990165297195e-06,True,7.100681951262493e-07,True
12,0,gpu_cholesky,3.819748405560757e-16,2.7545049131652403e-16,4.092860122643665e-16,2.3716215414857296e-16,1.0453354935483937e-17,False,1.0893578784553062e-15,True,2.7952029834996458e-14,True
12,0,gpu_pcg,9.359976222215817e-08,7.515885296948905e-08,1.144437233632775e-07,6.631479979356551e-08,2.5615078060253344e-09,False,1.0766890510586185e-06,True,4.032434371311644e-06,True
12,0,gpu_rjd_corrected,3.297242981756676e-08,2.9592382205985648e-08,4.7157878454331074e-08,2.732579102185811e-08,9.023434912440497e-10,False,2.7697990913505877e-06,True,7.100682409198933e-07,True
12,1,cpu_cholesky,4.297807349308067e-14,0.0,0.0,0.0,6.231855110472424e-18,False,0.0,True,0.0,True
12,1,cpu_banded,5.358547701477846e-14,2.0122192944650714e-14,1.2594933690586482e-14,1.2177332176455412e-14,7.769937124692411e-18,False,5.220769787052777e-13,True,7.203057933631374e-13,True
12,1,cpu_information_smoother,5.581891966871214e-14,1.0120814363976393e-13,1.3248393283814634e-13,1.28091254614473e-13,8.09378809998455e-18,False,1.515945579574001e-11,True,1.3512314835015682e-11,True
12,1,cpu_pcg,6.616042067634462e-08,3.298559953082731e-08,5.215702092763911e-09,5.042768662171679e-09,9.593314036041735e-12,False,3.750307772876108e-07,True,2.497820802730083e-07,True
12,1,cpu_identity_corrected,7.936586144445949e-08,3.55733270281498e-08,5.570007205251555e-09,5.3853263248454505e-09,1.1508113533682223e-11,False,4.086267478149004e-07,True,2.5953091000660835e-07,True
12,1,cpu_reference_eigen_corrected,7.587773848627369e-08,2.919790635407737e-08,5.758563732762046e-09,5.5676310138530895e-09,1.1002332915458368e-11,False,2.4638500935945664e-08,True,2.0412642936445484e-08,True
12,1,cpu_rjd_corrected,5.5614183395020644e-08,3.6983585751516495e-08,5.116741860485165e-09,4.947089585939769e-09,8.064101176889667e-12,False,3.19689387862224e-07,True,2.3875374790216386e-10,True
12,1,gpu_cholesky,5.845085889546396e-14,2.8373825303549693e-14,3.188792197697256e-14,3.0830636180380403e-14,8.475421397793292e-18,False,3.838247161866148e-12,True,3.5022399818296428e-12,True
12,1,gpu_pcg,6.582686780499166e-08,3.2917135244436863e-08,5.20631744769442e-09,5.033695177294602e-09,9.54494860230593e-12,False,3.6687969173452236e-07,True,2.440898963398247e-07,True
12,1,gpu_rjd_corrected,5.018569744251893e-08,3.356387237275896e-08,5.5246498023724945e-09,5.341472806034751e-09,7.27696635565443e-12,False,3.059765324151947e-07,True,7.599712981798134e-08,True
12,2,cpu_cholesky,5.327944664107742e-16,0.0,0.0,0.0,9.609161914754809e-18,False,0.0,True,0.0,True
12,2,cpu_banded,7.812613085031287e-16,4.677318462094145e-16,5.843043599316876e-16,3.5010551132465745e-16,1.4090361076219993e-17,False,1.0813499937721313e-13,True,9.569467989730462e-14,True
12,2,cpu_information_smoother,5.957428856815315e-16,3.14714557995543e-16,4.0557033273069073e-16,2.4301103749318354e-16,1.0744461905998014e-17,False,1.8895008484506037e-15,True,1.0199273177889646e-15,True
12,2,cpu_pcg,8.946620401450574e-08,6.932421758965873e-08,1.0354280326186876e-07,6.20411356920615e-08,1.61355887960399e-09,False,3.249916753498163e-06,True,9.440552016021513e-08,True
12,2,cpu_identity_corrected,9.151108064273958e-08,6.991245445382107e-08,1.0365202065014349e-07,6.210657694526717e-08,1.6504390491934628e-09,False,1.4486981758755746e-06,True,2.107048023296642e-06,True
12,2,cpu_reference_eigen_corrected,8.979387625011584e-08,7.678674128316789e-08,1.1437689678906183e-07,6.853274539786714e-08,1.6194686018680494e-09,False,2.7527344374806245e-06,True,6.402879367242048e-06,True
12,2,cpu_rjd_corrected,2.4189352738392755e-08,2.0424201202062035e-08,3.085966905286852e-08,1.849060344907811e-08,4.36264678082737e-10,False,2.737575967695832e-06,True,3.623753706783069e-07,True
12,2,gpu_cholesky,4.583858182670312e-16,3.0361581651059306e-16,4.0895827139547636e-16,2.4504103432344853e-16,8.267172098892136e-18,False,3.120786198230412e-14,True,3.1855062244242956e-14,True
12,2,gpu_pcg,8.946620397511464e-08,6.932421757815899e-08,1.035428032557919e-07,6.204113568842034e-08,1.6135588788935555e-09,False,3.2499166808732337e-06,True,9.440558946840196e-08,True
12,2,gpu_rjd_corrected,2.4189352688679194e-08,2.0424201156651616e-08,3.085966897156208e-08,1.849060340036064e-08,4.36264677186133e-10,False,2.7375759026873332e-06,True,3.6237530091067465e-07,True
12,3,cpu_cholesky,5.421468353191692e-16,0.0,0.0,0.0,1.0163930960289177e-17,False,0.0,True,0.0,True
12,3,cpu_banded,6.353915835812023e-16,4.593183106718069e-16,6.664639280384673e-16,3.908040327953745e-16,1.1912042582460513e-17,False,5.298335283978998e-14,True,5.993819998646331e-14,True
12,3,cpu_information_smoother,6.528906617937109e-16,3.427709337080897e-16,4.413708411532415e-16,2.588129640994127e-16,1.2240107621733368e-17,False,2.375535055454698e-15,True,2.502228756603556e-15,True
12,3,cpu_pcg,7.266233549910218e-08,5.4881822618138034e-08,8.178765900236814e-08,4.795900517090481e-08,1.3622415792065765e-09,False,1.107227374627491e-06,True,2.8155909994281623e-06,True
12,3,cpu_identity_corrected,7.420188817649555e-08,5.5432722234901667e-08,8.21166601324093e-08,4.815192629237157e-08,1.3911044366351085e-09,False,6.887483840979873e-07,True,1.2143745317990161e-06,True
12,3,cpu_reference_eigen_corrected,7.471872509720879e-08,5.942263626882547e-08,8.668538721428554e-08,5.083095645923099e-08,1.4007938484710413e-09,False,4.109455266906715e-06,True,1.0530705211563925e-05,True
12,3,cpu_rjd_corrected,9.035557925184943e-08,7.874424035545068e-08,1.2268223736787715e-07,7.193894687869511e-08,1.693946750690793e-09,False,6.169887065276737e-06,True,1.470298099692096e-05,True
12,3,gpu_cholesky,5.39685760498137e-16,2.794382961544481e-16,3.7585621710810194e-16,2.2039621233421357e-16,1.0117791809528754e-17,False,2.3881026491157932e-14,True,8.73601600751178e-15,True
12,3,gpu_pcg,7.266233547714765e-08,5.4881822611978304e-08,8.178765900546484e-08,4.795900517272067e-08,1.3622415787949826e-09,False,1.107227352987381e-06,True,2.815591008997096e-06,True
12,3,gpu_rjd_corrected,9.035557926080306e-08,7.874424036409434e-08,1.2268223738527275e-07,7.193894688889561e-08,1.6939467508586514e-09,False,6.169887093049373e-06,True,1.4702981028602142e-05,True
12,4,cpu_cholesky,4.144874730306139e-16,0.0,0.0,0.0,8.71564618140489e-18,False,0.0,True,0.0,True
12,4,cpu_banded,6.133202216141045e-16,5.393078644475452e-16,8.370538425954742e-16,4.894057866410395e-16,1.2896607003354613e-17,False,1.4711380987603004e-13,True,7.969628177013972e-14,True
12,4,cpu_information_smoother,4.82156741734503e-16,2.4181791315675716e-16,3.3888563055479776e-16,1.9813849499663262e-16,1.0138563499183399e-17,False,2.371020705552615e-15,True,5.56605493396109e-15,True
12,4,cpu_pcg,5.4706706189113175e-08,4.465584997650731e-08,7.028930807994523e-08,4.109651298733069e-08,1.1503466945988434e-09,False,5.81085738339999e-07,True,1.673594010044028e-06,True
12,4,cpu_identity_corrected,5.4545822183754004e-08,4.510727523546422e-08,7.142867600780528e-08,4.176267474256368e-08,1.1469637015676118e-09,False,1.8601731204803652e-06,True,4.052547593399849e-07,True
12,4,cpu_reference_eigen_corrected,8.834423368352407e-08,7.739223244152168e-08,1.1929274801105272e-07,6.97476771624299e-08,1.8576606536486831e-09,False,5.1664584963796035e-06,True,1.4739961976325878e-06,True
12,4,cpu_rjd_corrected,2.1225691315353114e-08,1.8610068015027037e-08,2.9225768402311178e-08,1.7087622620274286e-08,4.463237784094419e-10,False,2.2695989996085408e-06,True,3.864516816710893e-06,True
12,4,gpu_cholesky,4.437551931766353e-16,2.7739673393026707e-16,3.919843702970065e-16,2.291840851018109e-16,9.33107393236676e-18,False,4.265198730281352e-15,True,6.872101614132928e-16,True
12,4,gpu_pcg,5.470670623021148e-08,4.465584998775936e-08,7.028930809673215e-08,4.109651299714561e-08,1.1503466954630387e-09,False,5.810856182610221e-07,True,1.6735940480527923e-06,True
12,4,gpu_rjd_corrected,2.1225691332534377e-08,1.861006799777784e-08,2.9225768352667516e-08,1.70876225912488e-08,4.4632377877072136e-10,False,2.2695989928677776e-06,True,3.864516799643716e-06,True
12,5,cpu_cholesky,5.070220039149435e-16,0.0,0.0,0.0,1.1225202421974198e-17,False,0.0,True,0.0,True
12,5,cpu_banded,5.682693253156939e-16,4.932399594572313e-16,7.293673766825698e-16,4.280891906778193e-16,1.2581186137115822e-17,False,2.7359166841240883e-13,True,2.0773637190888937e-13,True
12,5,cpu_information_smoother,5.535696464024975e-16,2.5637331888070095e-16,3.640814036197621e-16,2.1369109504915575e-16,1.2255742921506709e-17,False,2.852892245421522e-14,True,1.4788326545560016e-14,True
12,5,cpu_pcg,5.90311017938961e-08,4.7267461906076286e-08,7.262333112489131e-08,4.262497067936788e-08,1.3069177684181162e-09,False,5.313575827463168e-06,True,2.3290887588788174e-06,True
12,5,cpu_identity_corrected,6.179618256581684e-08,4.816541743790148e-08,7.28018254745204e-08,4.272973475864549e-08,1.3681352135853533e-09,False,3.477243067717873e-06,True,3.73660327992284e-06,True
12,5,cpu_reference_eigen_corrected,7.603597889722064e-08,6.097099763045624e-08,8.667730669763367e-08,5.0873701320578767e-08,1.6833968739421585e-09,False,3.905948900675371e-06,True,1.712372489356126e-06,True
12,5,cpu_rjd_corrected,2.856987889071963e-08,2.6758103557102857e-08,4.348903235210669e-08,2.5525112937807325e-08,6.325221972048053e-10,False,3.422783159561205e-07,True,6.348337877751255e-07,True
12,5,gpu_cholesky,4.2075711209198673e-16,2.6934900556536247e-16,3.8342392694192652e-16,2.250438445953641e-16,9.315342760765406e-18,False,3.898084097030296e-14,True,3.068479813652914e-14,True
12,5,gpu_pcg,5.903110179659688e-08,4.7267461900498e-08,7.26233311187406e-08,4.2624970675757826e-08,1.3069177684779096e-09,False,5.3135757673385e-06,True,2.3290888295372098e-06,True
12,5,gpu_rjd_corrected,2.8569878921719344e-08,2.6758103599765455e-08,4.3489032425058044e-08,2.5525112980624824e-08,6.325221978911228e-10,False,3.4227829022745207e-07,True,6.348337950541844e-07,True
12,6,cpu_cholesky,5.167989943167701e-16,0.0,0.0,0.0,9.535477695796123e-18,False,0.0,True,0.0,True
12,6,cpu_banded,6.808004559629246e-16,5.114571296865862e-16,7.491943177079964e-16,4.363892792780628e-16,1.2561474837435924e-17,False,8.471258083474072e-14,True,8.516510364746412e-14,True
12,6,cpu_information_smoother,5.4435345856443e-16,3.1861858743853787e-16,4.318473655894467e-16,2.5154163102069844e-16,1.0043886152744715e-17,False,3.763684273577717e-14,True,2.5129357870978272e-14,True
12,6,cpu_pcg,5.801251417604395e-08,4.4684982894236585e-08,6.980326698594613e-08,4.065887400806978e-08,1.0703910843717733e-09,False,8.776248564184972e-07,True,3.5993168500498656e-06,True
12,6,cpu_identity_corrected,5.743890601416569e-08,4.565906857377391e-08,7.232537541633961e-08,4.212794692304818e-08,1.05980741910698e-09,False,1.4374106916879207e-06,True,1.6377388130127575e-06,True
12,6,cpu_reference_eigen_corrected,8.186778055948043e-08,6.754598289298577e-08,1.0070305120396523e-07,5.865732146827146e-08,1.5105454927660331e-09,False,3.7295423239137994e-06,True,2.3962238766315963e-06,True
12,6,cpu_rjd_corrected,3.067637313807779e-08,2.4693449582062555e-08,3.706669126253644e-08,2.1590535730124506e-08,5.660109142554689e-10,False,1.558750663143887e-06,True,5.937219635808538e-07,True
12,6,gpu_cholesky,5.107856254419584e-16,2.946241321387483e-16,4.224962952283586e-16,2.4609483736663314e-16,9.424524800351412e-18,False,5.739431392305862e-15,True,1.2967799233499669e-14,True
12,6,gpu_pcg,5.801251415807112e-08,4.468498286871729e-08,6.980326693572404e-08,4.065887397881651e-08,1.070391084040156e-09,False,8.776248162434723e-07,True,3.599316832290175e-06,True
12,6,gpu_rjd_corrected,3.0676373190236916e-08,2.4693449622993622e-08,3.7066691327322635e-08,2.1590535767861044e-08,5.66010915217859e-10,False,1.5587506923792015e-06,True,5.93721940240517e-07,True
12,7,cpu_cholesky,5.929429309731681e-16,0.0,0.0,0.0,8.757428472282947e-18,False,0.0,True,0.0,True
12,7,cpu_banded,7.504444516958336e-16,4.816169678901314e-16,6.405833934721422e-16,3.7328643588877906e-16,1.108363598729749e-17,False,2.3114428162514216e-14,True,3.699725290178142e-15,True
12,7,cpu_information_smoother,6.201670668803619e-16,2.952665320311711e-16,3.5654373771193487e-16,2.0776832875349867e-16,9.159513412456973e-18,False,3.407828586116854e-14,True,3.71743348074961e-14,True
12,7,cpu_pcg,7.629656104540596e-08,5.519466913760727e-08,8.3266454373281e-08,4.8521766718964154e-08,1.1268566360373198e-09,False,1.9227068204429754e-06,True,6.860054554251306e-06,True
12,7,cpu_identity_corrected,7.938778495435064e-08,5.658754031318647e-08,8.483548431452714e-08,4.9436085760854866e-08,1.172512247478099e-09,False,2.3135519876014783e-07,True,9.289404833597985e-06,True
12,7,cpu_reference_eigen_corrected,4.4108696065556046e-08,3.476787937761213e-08,4.950552240614051e-08,2.8848297043160762e-08,6.514602555648571e-10,False,1.7704794898926874e-06,True,4.5618323808302585e-06,True
12,7,cpu_rjd_corrected,3.3656922724571296e-08,2.8047285765065398e-08,4.1959994241204945e-08,2.4451299955365216e-08,4.970935264068834e-10,False,2.342232215059698e-06,True,2.480344428291774e-06,True
12,7,gpu_cholesky,6.10107689942731e-16,3.815918797658601e-16,4.913496739375695e-16,2.863236394017532e-16,9.010942159802945e-18,False,7.742728151967072e-14,True,8.873534665604167e-14,True
12,7,gpu_pcg,7.629656102076865e-08,5.5194669125196415e-08,8.326645436501793e-08,4.852176671414902e-08,1.1268566356734408e-09,False,1.9227067381964247e-06,True,6.860054592874406e-06,True
12,7,gpu_rjd_corrected,3.365692273718923e-08,2.8047285760922762e-08,4.195999423062687e-08,2.4451299949201066e-08,4.97093526593243e-10,False,2.342232139336614e-06,True,2.480344365760378e-06,True
12,8,cpu_cholesky,5.7885804714152135e-16,0.0,0.0,0.0,8.443456504654109e-18,False,0.0,True,0.0,True
12,8,cpu_banded,6.570846343241082e-16,4.705549731695378e-16,6.808688258814745e-16,3.7715660522370934e-16,9.584500996728385e-18,False,7.398701527079865e-15,True,1.8491483975303435e-15,True
12,8,cpu_information_smoother,6.388989594888554e-16,3.0664951767648973e-16,4.700335141410282e-16,2.6036769168465467e-16,9.319237422631955e-18,False,3.5319482205998728e-15,True,4.235262148317149e-15,True
12,8,cpu_pcg,5.0583623009407545e-08,3.819869904055572e-08,6.412321573258795e-08,3.552004944626508e-08,7.378330893116152e-10,False,2.594351095772473e-06,True,3.4792450198664e-06,True
12,8,cpu_identity_corrected,5.1069421152903334e-08,3.869552341462568e-08,6.507332722010062e-08,3.6046348800256515e-08,7.449191367784334e-10,False,3.468131128138681e-06,True,2.7485577544902975e-06,True
12,8,cpu_reference_eigen_corrected,7.667320397169541e-08,6.190342667936136e-08,9.72270925249243e-08,5.385742269077746e-08,1.1183862394046931e-09,False,4.1612956205532574e-06,True,1.3039484043592332e-06,True
12,8,cpu_rjd_corrected,8.335749718227323e-08,7.813383217838373e-08,1.3489262490314782e-07,7.472165348783768e-08,1.2158859974442636e-09,False,4.5161621439358063e-07,True,1.7697941266028474e-06,True
12,8,gpu_cholesky,6.079538563690387e-16,4.178887745675212e-16,6.21693610355763e-16,3.443774228721533e-16,8.867859691054304e-18,False,8.403422509331439e-14,True,8.678242893246978e-14,True
12,8,gpu_pcg,5.058362300357399e-08,3.819869907285976e-08,6.412321581187336e-08,3.5520049490183984e-08,7.378330892265245e-10,False,2.5943511021581347e-06,True,3.479244980297802e-06,True
12,8,gpu_rjd_corrected,8.335749725242752e-08,7.813383217768148e-08,1.348926248793947e-07,7.472165347468e-08,1.2158859984675623e-09,False,4.516161194603198e-07,True,1.7697941599358495e-06,True
12,9,cpu_cholesky,4.82291882070296e-16,0.0,0.0,0.0,8.138497734836817e-18,False,0.0,True,0.0,True
12,9,cpu_banded,5.814877551136867e-16,4.182436082493746e-16,6.208212230260523e-16,3.5391076748945054e-16,9.812391528369773e-18,False,3.618478915961764e-14,True,3.729759770912013e-14,True
12,9,cpu_information_smoother,5.044126418091567e-16,3.0849886259106994e-16,4.554338196124623e-16,2.596285801153009e-16,8.511777401612024e-18,False,4.5475726333049424e-15,True,4.968808214575867e-16,True
12,9,cpu_pcg,6.053029115955093e-08,4.595226295186299e-08,7.22265509144419e-08,4.117409830587143e-08,1.021426351488524e-09,False,3.4478280203341476e-06,True,9.465519390754649e-07,True
12,9,cpu_identity_corrected,6.146880462962199e-08,4.613597213918522e-08,7.21687712418514e-08,4.114115992117492e-08,1.03726342053023e-09,False,4.281363875500144e-06,True,1.8655525536410734e-06,True
12,9,cpu_reference_eigen_corrected,6.957658873678922e-08,5.40093015260556e-08,8.031799445412569e-08,4.578677726563514e-08,1.174079278824491e-09,False,2.4220260612315727e-06,True,8.321497963669359e-06,True
12,9,cpu_rjd_corrected,5.796427710252782e-08,4.862944789091682e-08,7.554453930824542e-08,4.306557974274688e-08,9.781258093411216e-10,False,2.6547002038564614e-06,True,8.568258918821916e-06,True
12,9,gpu_cholesky,5.793950006250184e-16,2.985076318311369e-16,3.9739092586367013e-16,2.265401412668087e-16,9.777077067772827e-18,False,6.561861138102781e-14,True,5.666601958129919e-14,True
12,9,gpu_pcg,6.053029115046988e-08,4.5952262944853094e-08,7.222655089713641e-08,4.117409829600611e-08,1.0214263513352847e-09,False,3.4478279460592192e-06,True,9.46551889874119e-07,True
12,9,gpu_rjd_corrected,5.796427712033273e-08,4.86294478996806e-08,7.554453932580258e-08,4.306557975275567e-08,9.781258096415729e-10,False,2.654700228663895e-06,True,8.568258918759864e-06,True
12,10,cpu_cholesky,6.3552174908604035e-16,0.0,0.0,0.0,9.9477206158126e-18,False,0.0,True,0.0,True
12,10,cpu_banded,7.935068108638902e-16,6.512448332555864e-16,1.0068141439140017e-15,5.754327985945908e-16,1.2420635599915169e-17,False,1.7292622084646164e-13,True,1.1888261278723664e-13,True
12,10,cpu_information_smoother,6.553929727840901e-16,3.2110680605024857e-16,4.4225476695191593e-16,2.5276551762534327e-16,1.0258761712245243e-17,False,8.249100588595077e-16,True,2.0671658046581014e-15,True
12,10,cpu_pcg,8.954780978150562e-08,6.823107163297888e-08,1.1074607790127537e-07,6.329562007578308e-08,1.4016775907259441e-09,False,1.226200203934414e-06,True,7.344242036088485e-07,True
12,10,cpu_identity_corrected,9.091875354732795e-08,7.036657578702865e-08,1.1476711204582456e-07,6.559379491274683e-08,1.4231367542517097e-09,False,1.299447738726952e-06,True,3.5038724659745495e-06,True
12,10,cpu_reference_eigen_corrected,7.170245802725401e-08,5.602442390706496e-08,8.434719502989349e-08,4.8207648634106934e-08,1.1223471546760792e-09,False,6.297477332450841e-06,True,7.855756952429457e-06,True
12,10,cpu_rjd_corrected,3.460441361702635e-08,2.6879647111888446e-08,4.0335001137211285e-08,2.3052996152270987e-08,5.416573676271825e-10,False,2.6861633259964212e-06,True,9.448201958104872e-08,True
12,10,gpu_cholesky,5.795145847615187e-16,3.6093113987940557e-16,4.900303766449664e-16,2.800711062053376e-16,9.071049401986338e-18,False,3.9841105182709854e-14,True,3.763596350561303e-14,True
12,10,gpu_pcg,8.954780978728176e-08,6.823107164552893e-08,1.1074607792555947e-07,6.329562008966238e-08,1.401677590816357e-09,False,1.226200327584709e-06,True,7.344241581918062e-07,True
12,10,gpu_rjd_corrected,3.460441362494447e-08,2.6879647147125358e-08,4.0335001214315946e-08,2.3052996196339253e-08,5.416573677511234e-10,False,2.6861634232025165e-06,True,9.448195782181274e-08,True
12,11,cpu_cholesky,5.60427359210413e-16,0.0,0.0,0.0,9.890678928820432e-18,False,0.0,True,0.0,True
12,11,cpu_banded,7.13162870066252e-16,6.563783265765974e-16,1.0107833025885053e-15,5.969848553103417e-16,1.258622523661104e-17,False,1.9749423236469097e-14,True,1.2475403244998672e-14,True
12,11,cpu_information_smoother,5.11937673829949e-16,2.8648654062811687e-16,3.5683506784876674e-16,2.1075252312124466e-16,9.034910734110254e-18,False,4.9702166209751815e-15,True,5.151549966128322e-15,True
12,11,cpu_pcg,4.9311100034660234e-08,3.970858938753822e-08,6.301126095925758e-08,3.721546290916377e-08,8.702648967139788e-10,False,2.629788453701335e-06,True,3.902475082400657e-06,True
12,11,cpu_identity_corrected,4.912065358211102e-08,4.006450841056098e-08,6.389905858726627e-08,3.773981044947666e-08,8.669038106223082e-10,False,3.512447033362466e-06,True,4.927709542485976e-06,True
12,11,cpu_reference_eigen_corrected,4.899221721811807e-08,4.062800555985826e-08,6.075617573774357e-08,3.588357335258875e-08,8.646371133956232e-10,False,3.0663453822627706e-06,True,1.2575350355942516e-07,True
12,11,cpu_rjd_corrected,2.4648706930147142e-08,2.0885884630363986e-08,3.218340090288648e-08,1.9008033553979384e-08,4.3501167733939415e-10,False,1.6465785944001853e-06,True,5.165802964863197e-06,True
12,11,gpu_cholesky,4.3375932034987534e-16,3.6458804786031185e-16,5.307097399824246e-16,3.1344569753362666e-16,7.655183315833148e-18,False,4.4966619833101644e-14,True,4.895209969194416e-14,True
12,11,gpu_pcg,4.931110000299693e-08,3.9708589402305074e-08,6.301126099959943e-08,3.7215462932990315e-08,8.702648961551702e-10,False,2.6297885848751924e-06,True,3.902475199620421e-06,True
12,11,gpu_rjd_corrected,2.4648706936792073e-08,2.0885884642580074e-08,3.2183400935915866e-08,1.9008033573487073e-08,4.3501167745666707e-10,False,1.646578524891526e-06,True,5.16580292047336e-06,True
12,12,cpu_cholesky,5.521866011011348e-16,0.0,0.0,0.0,8.238179049532743e-18,False,0.0,True,0.0,True
12,12,cpu_banded,6.47394024279911e-16,4.929823649765336e-16,6.913734144757569e-16,3.937563628770944e-16,9.658597070229589e-18,False,4.341707104680296e-14,True,3.8070000897063366e-14,True
12,12,cpu_information_smoother,6.242075324937779e-16,2.704939658552566e-16,3.460577386317103e-16,1.9708949412296573e-16,9.312673300105911e-18,False,3.7434163381282384e-15,True,2.0301972057862955e-14,True
12,12,cpu_pcg,7.996021484134907e-08,6.088749035662574e-08,9.763142562619897e-08,5.560380866861589e-08,1.1929419594934047e-09,False,1.6337444560139423e-07,True,8.221076562024044e-07,True
12,12,cpu_identity_corrected,8.306223344600592e-08,6.304176190143516e-08,1.0088878191672745e-07,5.745896355119967e-08,1.2392215762612201e-09,False,2.0325674010278357e-06,True,2.8882234725939837e-06,True
12,12,cpu_reference_eigen_corrected,3.050209472773822e-08,2.4180895184838312e-08,3.782165260457654e-08,2.15404816785897e-08,4.5506666972115903e-10,False,1.1604936580583714e-06,True,3.4806462405855947e-06,True
12,12,cpu_rjd_corrected,7.543541768132258e-08,6.424893404827428e-08,1.0281747637527928e-07,5.855740861605139e-08,1.1254356298562844e-09,False,3.1597387364678175e-06,True,5.376589495732629e-06,True
12,12,gpu_cholesky,6.755697430166846e-16,3.4626868061485855e-16,4.842596042887117e-16,2.7579929525871344e-16,1.0078956085352272e-17,False,9.336028278193687e-16,True,4.244216519364448e-15,True
12,12,gpu_pcg,7.996021479880999e-08,6.088749031492155e-08,9.76314255373187e-08,5.560380861799611e-08,1.1929419588587557e-09,False,1.63374475420677e-07,True,8.221075985521477e-07,True
12,12,gpu_rjd_corrected,7.543541768414591e-08,6.424893401342952e-08,1.0281747628418501e-07,5.855740856417067e-08,1.1254356298984063e-09,False,3.1597386615945137e-06,True,5.3765895265557364e-06,True
12,13,cpu_cholesky,4.653770915316966e-16,0.0,0.0,0.0,9.032641438680025e-18,False,0.0,True,0.0,True
12,13,cpu_banded,6.691223876464512e-16,5.807727552037612e-16,8.876262603380956e-16,5.129174887639712e-16,1.2987194075908233e-17,False,2.135579741683482e-13,True,1.577357534092731e-13,True
12,13,cpu_information_smoother,5.383364126648121e-16,3.2794565117866664e-16,4.591594352403854e-16,2.653266526568017e-16,1.0448730454226372e-17,False,1.2020511614165316e-15,True,4.3104041004268156e-15,True
12,13,cpu_pcg,6.413048248090871e-08,4.8024211356358234e-08,7.175407994408105e-08,4.1463309658581664e-08,1.244727479219136e-09,False,2.1235764243001304e-06,True,6.144194298577073e-07,True
12,13,cpu_identity_corrected,6.559684899622016e-08,4.859426570987317e-08,7.210740658198682e-08,4.166748051283176e-08,1.2731886195884492e-09,False,4.084553638462458e-07,True,1.201633955892805e-06,True
12,13,cpu_reference_eigen_corrected,3.0156850091615304e-08,2.5000681324990052e-08,3.700002120936576e-08,2.1380572895277886e-08,5.853232115835905e-10,False,4.455333171112807e-08,True,1.4039845047199294e-06,True
12,13,cpu_rjd_corrected,7.342889733447159e-08,6.428890688697651e-08,1.0186778181383709e-07,5.8864602331625016e-08,1.425203154236345e-09,False,3.0072450282896167e-06,True,4.764125893964557e-06,True
12,13,gpu_cholesky,4.609005656269499e-16,3.3882972491298684e-16,4.650809748034716e-16,2.687484320002359e-16,8.945755225060321e-18,False,4.403656258266067e-14,True,4.877090722197209e-14,True
12,13,gpu_pcg,6.413048247754796e-08,4.8024211328089905e-08,7.175407985701387e-08,4.146330960826964e-08,1.2447274791539064e-09,False,2.123576158495907e-06,True,6.144192095624471e-07,True
12,13,gpu_rjd_corrected,7.342889738001413e-08,6.428890690276833e-08,1.0186778182135458e-07,5.8864602335969024e-08,1.4252031551202939e-09,False,3.0072451090617976e-06,True,4.7641258426380405e-06,True
12,14,cpu_cholesky,6.411457057342012e-16,0.0,0.0,0.0,1.2756296204378614e-17,False,0.0,True,0.0,True
12,14,cpu_banded,6.213989859377636e-16,4.2978645620373767e-16,6.358989758705109e-16,3.5491047421606365e-16,1.2363413581075738e-17,False,3.985857821458611e-14,True,3.4980065972051574e-14,True
12,14,cpu_information_smoother,6.175105553970581e-16,2.608118448518629e-16,3.689682158847614e-16,2.0593001316136937e-16,1.2286048995609804e-17,False,5.095297099996619e-15,True,1.6657186982823087e-14,True
12,14,cpu_pcg,6.286160888517842e-08,4.796551189465541e-08,7.58217635013411e-08,4.2317945241728004e-08,1.2507005767609315e-09,False,1.5642597998571897e-06,True,4.200591743968394e-06,True
12,14,cpu_identity_corrected,6.433418095556466e-08,4.856708175738439e-08,7.633371885006156e-08,4.260367980411363e-08,1.2799990108804085e-09,False,1.8950810062148692e-07,True,5.707126809488833e-06,True
12,14,cpu_reference_eigen_corrected,5.2701128139325436e-08,4.587047724486923e-08,7.435804557564522e-08,4.150100915150058e-08,1.048546671774102e-09,False,3.1131328179775605e-07,True,1.5331492642911328e-06,True
12,14,cpu_rjd_corrected,2.3839294875158263e-08,2.1220952129323683e-08,3.5678636044363464e-08,1.9913102738611596e-08,4.743088862093953e-10,False,5.635924958417698e-07,True,1.3598314641093277e-06,True
12,14,gpu_cholesky,6.666502135396332e-16,2.7999013013965014e-16,3.961595741336556e-16,2.2110616254497691e-16,1.3263736327900014e-17,False,3.042337457654844e-14,True,1.9819478471577487e-14,True
12,14,gpu_pcg,6.286160895842786e-08,4.79655119147499e-08,7.582176351655415e-08,4.2317945250218775e-08,1.2507005782183096e-09,False,1.5642597050048571e-06,True,4.200591838720973e-06,True
12,14,gpu_rjd_corrected,2.3839294896438947e-08,2.1220952155675712e-08,3.5678636099298454e-08,1.991310276927213e-08,4.743088866327979e-10,False,5.635924285670368e-07,True,1.3598314296596073e-06,True
12,15,cpu_cholesky,3.481270583681864e-16,0.0,0.0,0.0,7.777060536945351e-18,False,0.0,True,0.0,True
12,15,cpu_banded,5.603301526907057e-16,4.608145421287794e-16,7.030121743841691e-16,3.9355298342678186e-16,1.2517617959884735e-17,False,3.917120634131664e-15,True,2.388520271045827e-15,True
12,15,cpu_information_smoother,4.156567166538605e-16,2.2762279398823617e-16,3.382008493221983e-16,1.8932809145846831e-16,9.285654103296281e-18,False,7.045288747608251e-14,True,4.4190099371462584e-14,True
12,15,cpu_pcg,8.250404657142297e-08,6.58017366322413e-08,1.0628140740197286e-07,5.9497355081345475e-08,1.8431171877024902e-09,False,1.757816015548845e-06,True,3.3426347301732673e-06,True
12,15,cpu_identity_corrected,8.530127307641762e-08,6.687448667221444e-08,1.0714076209761545e-07,5.997843011335074e-08,1.9056064421957926e-09,False,4.148797860379349e-06,True,6.192147939347668e-06,True
12,15,cpu_reference_eigen_corrected,5.204187577121396e-08,4.59748052898014e-08,7.509767544685336e-08,4.204040171340575e-08,1.1626008478595673e-09,False,2.6644413889151874e-06,True,5.540397622199734e-06,True
12,15,cpu_rjd_corrected,8.398722523468176e-08,7.780403657403216e-08,1.3394216769956424e-07,7.498211499820774e-08,1.876250984911225e-09,False,1.1297995184419648e-05,True,1.6462903627301016e-05,True
12,15,gpu_cholesky,4.1564464780845195e-16,2.4085376728082153e-16,3.3195838324745766e-16,1.8583349885086983e-16,9.285384488685475e-18,False,7.319722920974546e-14,True,5.2981745592242676e-14,True
12,15,gpu_pcg,8.250404652823233e-08,6.580173662565504e-08,1.0628140742012182e-07,5.9497355091505436e-08,1.8431171867376233e-09,False,1.7578159968974155e-06,True,3.3426346977767012e-06,True
12,15,gpu_rjd_corrected,8.398722524268087e-08,7.780403657964108e-08,1.3394216770267836e-07,7.498211499995105e-08,1.876250985089923e-09,False,1.1297995093740844e-05,True,1.6462903552406695e-05,True
13,0,cpu_cholesky,4.749995884245981e-16,0.0,0.0,0.0,1.3043892009521555e-17,False,0.0,True,0.0,True
13,0,cpu_banded,5.386099000686613e-16,4.795237889796786e-16,7.758703466406023e-16,4.564986790056751e-16,1.4790685177341074e-17,False,1.6920058134171856e-13,True,1.4932188607038173e-13,True
13,0,cpu_information_smoother,5.219988191358177e-16,2.9594125248448893e-16,4.441686534420239e-16,2.6133542083409045e-16,1.4334530790832948e-17,False,5.1838321232117155e-15,True,1.1035934203909477e-14,True
13,0,cpu_pcg,8.797781455351167e-08,7.072230200785432e-08,1.071734296766619e-07,6.305760915304904e-08,2.4159454855351707e-09,False,1.6273372054676569e-06,True,2.4276624146952843e-06,True
13,0,cpu_identity_corrected,9.114010575130018e-08,7.126520380986118e-08,1.0579734197172453e-07,6.224796070828015e-08,2.5027846887961233e-09,False,3.05384339250234e-06,True,6.648369168392475e-07,True
13,0,cpu_reference_eigen_corrected,1.2389645020826823e-08,1.1580046194578602e-08,1.8455941840237686e-08,1.085891876955151e-08,3.4023017295105954e-10,False,1.4700344875069184e-07,True,1.7284495728791201e-06,True
13,0,cpu_rjd_corrected,3.327153398622124e-08,2.986780394533088e-08,4.7130098946437396e-08,2.772992678945817e-08,9.136645701870695e-10,False,7.449657728301731e-06,True,8.574833877599281e-07,True
13,0,gpu_cholesky,4.002698185192306e-16,3.19988974125132e-16,4.901645815338931e-16,2.883980357471264e-16,1.099174907656669e-17,False,3.337280270239004e-14,True,3.269725954172592e-14,True
13,0,gpu_pcg,8.797781459410238e-08,7.072230206591876e-08,1.0717342978573662e-07,6.305760921722532e-08,2.4159454866498264e-09,False,1.6273372883398464e-06,True,2.427662372294042e-06,True
13,0,gpu_rjd_corrected,3.3271533909295634e-08,2.986780386462798e-08,4.7130098810078545e-08,2.7729926709228737e-08,9.136645680746269e-10,False,7.449657586934476e-06,True,8.574834895637652e-07,True
13,1,cpu_cholesky,3.683497739671676e-14,0.0,0.0,0.0,6.306736554783247e-18,False,0.0,True,0.0,True
13,1,cpu_banded,4.7620423816789266e-14,2.3255855296527676e-14,1.487947302039212e-14,1.3539060488425835e-14,8.153377275219446e-18,False,1.2236874446517892e-12,True,1.4528795687107894e-12,True
13,1,cpu_information_smoother,3.466738708058556e-14,7.933112360344203e-14,1.2947802766177786e-13,1.1781404126560167e-13,5.935610466248372e-18,False,1.5037108274731828e-11,True,1.3341941636872468e-11,True
13,1,cpu_pcg,9.962057492577699e-08,4.877379665743727e-08,9.131155228155801e-09,8.308578052043757e-09,1.7056633825663388e-11,False,6.544039666004556e-08,True,6.231069552886827e-08,True
13,1,cpu_identity_corrected,9.520368685506757e-08,5.0882851427916236e-08,9.404705188149342e-09,8.557485352045798e-09,1.63003920300335e-11,False,4.8412613263071384e-08,True,4.521269683900403e-08,True
13,1,cpu_reference_eigen_corrected,7.334661671563691e-08,3.165002284103341e-08,8.504949682628892e-09,7.738784031283936e-09,1.2558112494170407e-11,False,1.6466721392265203e-07,True,7.962612403483977e-07,True
13,1,cpu_rjd_corrected,7.511356918946564e-08,4.8768849780442075e-08,1.2568127874244047e-08,1.143593212491182e-08,1.2860642964078791e-11,False,2.988192955151389e-07,True,8.657081888680604e-07,True
13,1,gpu_cholesky,4.327056437730937e-14,2.6903044376183272e-14,3.533887040985696e-14,3.215537965732919e-14,7.408611851864326e-18,False,4.8948807723433135e-12,True,4.382711046519568e-12,True
13,1,gpu_pcg,9.928055577610016e-08,4.891014170633819e-08,9.147691159197598e-09,8.323624349066542e-09,1.6998417115560204e-11,False,5.548839745703546e-08,True,5.757053331956312e-08,True
13,1,gpu_rjd_corrected,7.510384938255026e-08,4.8773777637947035e-08,1.2591344305563009e-08,1.1457057111497167e-08,1.2858978778315063e-11,False,2.9407978952028355e-07,True,8.739055829546073e-07,True
13,2,cpu_cholesky,4.687905354364552e-16,0.0,0.0,0.0,8.5754108053356e-18,False,0.0,True,0.0,True
13,2,cpu_banded,7.163760225839402e-16,5.306851295519194e-16,7.549997271371413e-16,4.3481566446908756e-16,1.310439998331062e-17,False,1.8758330186794107e-14,True,9.767242164703848e-15,True
13,2,cpu_information_smoother,5.856325288664648e-16,3.611441157698524e-16,4.686061922148376e-16,2.698773330883764e-16,1.0712757908650728e-17,False,6.965294622686584e-14,True,5.077800786281958e-14,True
13,2,cpu_pcg,6.568714688191506e-08,4.9974956556695836e-08,7.730046553065949e-08,4.451849725950719e-08,1.2015905332723535e-09,False,3.1759471420414725e-07,True,1.6286649471557772e-06,True
13,2,cpu_identity_corrected,6.76821536322877e-08,5.0621183229163694e-08,7.75993150910272e-08,4.469060920272645e-08,1.2380844488368338e-09,False,1.6425367377103817e-06,True,3.224134524065788e-06,True
13,2,cpu_reference_eigen_corrected,7.795371945375835e-08,6.590417229701207e-08,1.0023763385230127e-07,5.772835645062497e-08,1.4259784003971652e-09,False,2.4235228686160192e-06,True,5.5458296119413885e-06,True
13,2,cpu_rjd_corrected,2.472439083069179e-08,2.0710670736842616e-08,3.236647433977522e-08,1.8640337924274075e-08,4.522740786307991e-10,False,1.306906188272159e-06,True,2.1092626522965843e-07,True
13,2,gpu_cholesky,5.231920716841246e-16,3.6873810544561406e-16,5.130672335840166e-16,2.9548311352916263e-16,9.570557862497887e-18,False,6.773756588874428e-15,True,2.393544207365743e-14,True
13,2,gpu_pcg,6.568714685015789e-08,4.997495653467775e-08,7.730046548231596e-08,4.451849723166543e-08,1.2015905326914315e-09,False,3.1759475939260065e-07,True,1.6286649785377505e-06,True
13,2,gpu_rjd_corrected,2.4724390929428923e-08,2.0710670787690626e-08,3.2366474420789615e-08,1.8640337970931482e-08,4.5227408043696075e-10,False,1.3069062406491583e-06,True,2.109263084288152e-07,True
13,3,cpu_cholesky,5.341754684261892e-16,0.0,0.0,0.0,1.0055791516541313e-17,False,0.0,True,0.0,True
13,3,cpu_banded,6.819695619849489e-16,5.076961137696557e-16,7.286862694896255e-16,4.341784907223821e-16,1.2837998263290196e-17,False,1.6550601726764122e-13,True,1.4083960654813814e-13,True
13,3,cpu_information_smoother,5.425943318033836e-16,2.351809063963557e-16,3.032700718090468e-16,1.806996338102334e-16,1.0214275647564281e-17,False,6.887493447588779e-15,True,2.678565611487018e-14,True
13,3,cpu_pcg,5.943186856276713e-08,4.4622823771730734e-08,6.53790740606931e-08,3.895529377873465e-08,1.1187980633220967e-09,False,1.7939490369138313e-06,True,1.8278796673643537e-07,True
13,3,cpu_identity_corrected,6.120738910470935e-08,4.506461831795192e-08,6.534481715672e-08,3.893488223609054e-08,1.1522220321591665e-09,False,2.9627757735159946e-06,True,1.5270334992421155e-06,True
13,3,cpu_reference_eigen_corrected,7.509265487966498e-08,5.905486082385359e-08,8.372373783264816e-08,4.988572949957734e-08,1.4136105348744624e-09,False,4.11091530175347e-06,True,1.8246982147155016e-06,True
13,3,cpu_rjd_corrected,2.021555068173289e-08,1.7882164936840952e-08,2.7638342726724307e-08,1.6467956696318583e-08,3.8055540668419497e-10,False,2.683782165543293e-06,True,3.658633122626271e-07,True
13,3,gpu_cholesky,5.391701785192136e-16,3.5735668218829434e-16,4.869617816141663e-16,2.9015001411897893e-16,1.0149816357346893e-17,False,2.775079797461398e-15,True,1.0192216354868151e-14,True
13,3,gpu_pcg,5.943186857817617e-08,4.462282377857665e-08,6.537907407259796e-08,3.895529378582801e-08,1.1187980636121699e-09,False,1.7939488959510597e-06,True,1.8278788053535388e-07,True
13,3,gpu_rjd_corrected,2.0215550707786682e-08,1.788216498508156e-08,2.7638342825737605e-08,1.64679567553144e-08,3.8055540717465466e-10,False,2.6837821558888105e-06,True,3.658633458471658e-07,True
13,4,cpu_cholesky,4.548183780194348e-16,0.0,0.0,0.0,9.573621460472805e-18,False,0.0,True,0.0,True
13,4,cpu_banded,6.368772366085571e-16,4.0352431140392004e-16,5.310208883855512e-16,3.1984965467978417e-16,1.3405838186736064e-17,False,4.9779019180807724e-14,True,4.437117595238561e-14,True
13,4,cpu_information_smoother,5.452830660555814e-16,2.6379209979322187e-16,3.5572860498596214e-16,2.1426590545317843e-16,1.1477842399321544e-17,False,3.427893960573904e-14,True,2.616028317388357e-14,True
13,4,cpu_pcg,4.367755872690785e-08,3.4977619681667464e-08,5.251662791697562e-08,3.1632324964202696e-08,9.193832824683371e-10,False,2.1877673635022443e-06,True,1.0013887462021987e-06,True
13,4,cpu_identity_corrected,4.494191358473204e-08,3.6162359508637404e-08,5.437395373229404e-08,3.2751047473337064e-08,9.459971026498635e-10,False,4.172391581457198e-06,True,2.673239277863933e-06,True
13,4,cpu_reference_eigen_corrected,5.981170089807161e-08,5.439685196127145e-08,8.388171171197342e-08,5.052444661187065e-08,1.2589961233592826e-09,False,4.7545432614333896e-06,True,4.579650753982811e-06,True
13,4,cpu_rjd_corrected,2.6292412568886178e-08,2.2155454340537246e-08,3.248909446338585e-08,1.9569146661191118e-08,5.534376285870077e-10,False,3.797600814868016e-06,True,7.433803891611737e-07,True
13,4,gpu_cholesky,5.18579773612182e-16,2.7119398799511365e-16,3.6693351121080144e-16,2.210149533063245e-16,1.0915756023844244e-17,False,4.4581831244175885e-14,True,2.984803230238078e-14,True
13,4,gpu_pcg,4.367755877835842e-08,3.497761969751624e-08,5.2516627910391994e-08,3.163232496023718e-08,9.193832835513372e-10,False,2.1877674005128267e-06,True,1.0013887683000343e-06,True
13,4,gpu_rjd_corrected,2.6292412538417036e-08,2.21554542881995e-08,3.248909438132131e-08,1.956914661176121e-08,5.534376279456527e-10,False,3.797600806840826e-06,True,7.433803983056453e-07,True
13,5,cpu_cholesky,4.751642700223917e-16,0.0,0.0,0.0,1.0478386899982253e-17,False,0.0,True,0.0,True
13,5,cpu_banded,5.620888258796721e-16,4.540598104386016e-16,6.369515396303313e-16,3.776834624483926e-16,1.239525899000447e-17,False,1.3517969226372737e-14,True,2.2213120096514914e-14,True
13,5,cpu_information_smoother,4.660062616026248e-16,2.5187492404813843e-16,3.4264278737708396e-16,2.0317167989679663e-16,1.0276433256769371e-17,False,3.066540969998909e-14,True,4.176196916880409e-14,True
13,5,cpu_pcg,6.186517375415098e-08,4.816501250728331e-08,7.16955218308889e-08,4.2512202643940336e-08,1.3642591969712988e-09,False,3.3173003704906873e-06,True,2.0362998855430445e-06,True
13,5,cpu_identity_corrected,6.270580136033339e-08,4.831022490381545e-08,7.147046300684402e-08,4.237875293759506e-08,1.3827968312658758e-09,False,2.459328541406339e-06,True,1.1545897333319364e-06,True
13,5,cpu_reference_eigen_corrected,7.580037996723014e-08,6.414744290932706e-08,9.389091068148709e-08,5.5673064640360864e-08,1.6715602688957095e-09,False,2.3947471474551474e-06,True,2.1884608026008405e-06,True
13,5,cpu_rjd_corrected,3.064328346905985e-08,2.8169191482605413e-08,4.4769332594428593e-08,2.6546189927699623e-08,6.757498371880795e-10,False,5.8876541407024136e-06,True,1.0309579621936552e-06,True
13,5,gpu_cholesky,4.0984342219728064e-16,3.036350006090687e-16,4.2497921877456286e-16,2.519934607718256e-16,9.037922708274146e-18,False,3.9568873508245483e-14,True,3.457210800339579e-14,True
13,5,gpu_pcg,6.186517371744478e-08,4.816501250926795e-08,7.169552186980864e-08,4.251220266701798e-08,1.3642591961618488e-09,False,3.3173003271030615e-06,True,2.0362998412454736e-06,True
13,5,gpu_rjd_corrected,3.0643283490288285e-08,2.8169191485868756e-08,4.4769332576255634e-08,2.654618991692388e-08,6.757498376562117e-10,False,5.887654134940817e-06,True,1.0309579689273663e-06,True
13,6,cpu_cholesky,5.227214745147253e-16,0.0,0.0,0.0,9.652687782202546e-18,False,0.0,True,0.0,True
13,6,cpu_banded,6.839062529895297e-16,4.997986967812487e-16,7.621353001755419e-16,4.385287133437251e-16,1.2629160756275736e-17,False,2.2361165204207963e-13,True,1.5263073970004976e-13,True
13,6,cpu_information_smoother,5.552274017103768e-16,2.800730191324758e-16,3.9169234888383364e-16,2.253777534553849e-16,1.0252949262911602e-17,False,1.1928341672979867e-15,True,6.439926969301316e-15,True
13,6,cpu_pcg,4.558702172205407e-08,3.509803557663295e-08,5.5592116700802095e-08,3.198741667423333e-08,8.418198014079185e-10,False,1.964696073266682e-06,True,2.359022150333724e-06,True
13,6,cpu_identity_corrected,4.557378670271629e-08,3.596348921546627e-08,5.7643826575483224e-08,3.3167959933798e-08,8.415754009977854e-10,False,3.1632523531929466e-06,True,3.912180268812793e-06,True
13,6,cpu_reference_eigen_corrected,8.826422292695293e-08,7.259070029121316e-08,1.0849833681824665e-07,6.242938233392527e-08,1.6299062391710951e-09,False,1.7933565132964676e-07,True,3.7416548657645075e-06,True
13,6,cpu_rjd_corrected,3.0868152477018685e-08,2.4617863479972436e-08,3.715442221157014e-08,2.1378462542958657e-08,5.700179771556959e-10,False,2.4109104650297353e-06,True,5.212775861872463e-07,True
13,6,gpu_cholesky,5.105279456456328e-16,2.867037026782477e-16,4.018674915266827e-16,2.3123247795145495e-16,9.427519441365023e-18,False,2.6343287457817673e-14,True,3.385199177306164e-14,True
13,6,gpu_pcg,4.5587021737974014e-08,3.509803559402277e-08,5.559211673504475e-08,3.1987416693936375e-08,8.418198017019e-10,False,1.9646961735266508e-06,True,2.359022237686553e-06,True
13,6,gpu_rjd_corrected,3.0868152380094406e-08,2.4617863431505535e-08,3.715442212766994e-08,2.1378462494682914e-08,5.700179753658712e-10,False,2.4109104741497645e-06,True,5.212776135811423e-07,True
13,7,cpu_cholesky,4.74768290925236e-16,0.0,0.0,0.0,7.032817715617977e-18,False,0.0,True,0.0,True
13,7,cpu_banded,6.439161548534618e-16,4.3464819645665237e-16,6.183765329389966e-16,3.5127949608827025e-16,9.53843175246758e-18,False,5.755650250409958e-14,True,2.0442269160583127e-14,True
13,7,cpu_information_smoother,6.100435313293843e-16,3.670750500281522e-16,4.898507036207882e-16,2.782681734518059e-16,9.036671227706451e-18,False,3.559267851458489e-14,True,2.7184307493082215e-14,True
13,7,cpu_pcg,6.211769692015766e-08,4.3213465242646336e-08,6.463896143948844e-08,3.671928120269181e-08,9.201592610535451e-10,False,1.518841975931368e-06,True,1.0540761528655862e-06,True
13,7,cpu_identity_corrected,6.48511362395055e-08,4.419916235661542e-08,6.561381651786577e-08,3.727306450857489e-08,9.606501293712436e-10,False,4.664032010219599e-07,True,3.085246729155482e-08,True
13,7,cpu_reference_eigen_corrected,5.618992292786496e-08,4.341997814663351e-08,6.345796256495532e-08,3.604839434423508e-08,8.323502144127321e-10,False,1.741815915856285e-06,True,2.579398143757737e-06,True
13,7,cpu_rjd_corrected,3.26983443823361e-08,2.8038029991774303e-08,4.4802322521722046e-08,2.545073501449846e-08,4.843657413530341e-10,False,5.219267772651476e-07,True,3.8973965605979377e-07,True
13,7,gpu_cholesky,5.619652745319516e-16,3.4350809755115515e-16,4.69467444874885e-16,2.6668911040608056e-16,8.32448041251517e-18,False,9.323720681467121e-15,True,6.598164621576738e-16,True
13,7,gpu_pcg,6.21176969715546e-08,4.321346527356012e-08,6.463896147521492e-08,3.6719281222986856e-08,9.201592618148961e-10,False,1.5188419877719737e-06,True,1.0540761689675845e-06,True
13,7,gpu_rjd_corrected,3.269834435701535e-08,2.8038029972078746e-08,4.480232248921475e-08,2.5450734996032126e-08,4.84365740977954e-10,False,5.219268128575375e-07,True,3.897396720725118e-07,True
13,8,cpu_cholesky,6.989700111580068e-16,0.0,0.0,0.0,1.0176213456328248e-17,False,0.0,True,0.0,True
13,8,cpu_banded,8.611547428927058e-16,5.543844008955617e-16,7.942310045694985e-16,4.621469264276284e-16,1.2537439865391653e-17,False,9.639517244544632e-14,True,7.330681037842679e-14,True
13,8,cpu_information_smoother,7.418691134815755e-16,3.1102905129301227e-16,4.2360400479993397e-16,2.4648658603656082e-16,1.080077590587634e-17,False,1.2935062968410835e-14,True,1.9268048969373875e-15,True
13,8,cpu_pcg,6.271851403810299e-08,4.585485297804334e-08,7.082902921282274e-08,4.121397674509245e-08,9.131106871751895e-10,False,5.432586701377755e-06,True,2.70616296516266e-07,True
13,8,cpu_identity_corrected,6.251071385972948e-08,4.6550700721576947e-08,7.244482221222589e-08,4.215417394731853e-08,9.100853517136135e-10,False,6.627727065572491e-06,True,9.218978713134254e-07,True
13,8,cpu_reference_eigen_corrected,6.930707339294422e-08,5.224383813527813e-08,7.227773371239565e-08,4.205694853532419e-08,1.0090326766219819e-09,False,3.4609960618680093e-06,True,2.6983778504614362e-06,True
13,8,cpu_rjd_corrected,8.423198741886858e-08,7.979248301924411e-08,1.3391469701940754e-07,7.792224840750447e-08,1.2263225343411053e-09,False,2.9847129357685956e-06,True,1.635570673894127e-05,True
13,8,gpu_cholesky,6.667694268227133e-16,3.9423334504035427e-16,5.385827956015214e-16,3.133904143530103e-16,9.707409338292385e-18,False,6.526379387355616e-14,True,7.162276832873275e-14,True
13,8,gpu_pcg,6.271851403752165e-08,4.585485299320944e-08,7.082902923779863e-08,4.121397675962542e-08,9.131106871667258e-10,False,5.432586738427729e-06,True,2.706162949714821e-07,True
13,8,gpu_rjd_corrected,8.423198737887683e-08,7.979248300574374e-08,1.3391469701685654e-07,7.79222484060201e-08,1.2263225337588707e-09,False,2.984712914642142e-06,True,1.63557067656848e-05,True
13,9,cpu_cholesky,5.55469254895743e-16,0.0,0.0,0.0,9.434944214110524e-18,False,0.0,True,0.0,True
13,9,cpu_banded,7.35844283310948e-16,5.116064418352675e-16,7.375393179766163e-16,4.347023469145429e-16,1.2498711138592203e-17,False,8.24660737939945e-14,True,5.940126642114804e-14,True
13,9,cpu_information_smoother,6.402537428623078e-16,3.158144087958144e-16,4.103894882243343e-16,2.4188171305849265e-16,1.0875054368067836e-17,False,1.2575775409323309e-14,True,6.637842951149889e-15,True
13,9,cpu_pcg,4.601455198467966e-08,3.450651964785542e-08,5.187284138404818e-08,3.057361870907945e-08,7.81581928114758e-10,False,1.0275638330657045e-06,True,1.8172147722456293e-06,True
13,9,cpu_identity_corrected,4.717594398198525e-08,3.490657181058221e-08,5.212597038943828e-08,3.0722811802970484e-08,8.013087963564033e-10,False,1.6108174133330992e-06,True,2.524308798609587e-06,True
13,9,cpu_reference_eigen_corrected,6.765384511074307e-08,5.373536438580818e-08,7.801806493280218e-08,4.5983495525448813e-08,1.149136962831284e-09,False,1.2747745980897402e-06,True,5.809797661779435e-06,True
13,9,cpu_rjd_corrected,6.1362625403814e-08,5.286475195062775e-08,8.16101393940623e-08,4.8100648008770486e-08,1.0422772143881564e-09,False,4.502556773452472e-06,True,8.822955860995811e-06,True
13,9,gpu_cholesky,5.650305636128937e-16,3.4706387200084255e-16,4.812839572458266e-16,2.836665932889459e-16,9.597348187985078e-18,False,7.622761147843623e-14,True,5.699729557170375e-14,True
13,9,gpu_pcg,4.601455194387026e-08,3.4506519630979553e-08,5.1872841363023084e-08,3.057361869668735e-08,7.815819274215884e-10,False,1.0275638018885793e-06,True,1.817214765125869e-06,True
13,9,gpu_rjd_corrected,6.136262533778502e-08,5.286475190094166e-08,8.161013932314091e-08,4.810064796696974e-08,1.0422772132666184e-09,False,4.5025567086261504e-06,True,8.822955819553498e-06,True
13,10,cpu_cholesky,5.422241406556237e-16,0.0,0.0,0.0,8.529677034578273e-18,False,0.0,True,0.0,True
13,10,cpu_banded,8.528825857011703e-16,5.236405187797142e-16,6.535872630439838e-16,3.764767784027658e-16,1.3416615858620305e-17,False,2.106962840221825e-13,True,1.5653326681099243e-13,True
13,10,cpu_information_smoother,5.265312185387474e-16,3.430255131167783e-16,4.469657612583105e-16,2.574594692545966e-16,8.282813150532284e-18,False,3.794246793089387e-14,True,3.308496843301094e-14,True
13,10,cpu_pcg,7.9875957923284e-08,6.210263362843321e-08,1.0023663843633236e-07,5.7737916342922556e-08,1.2565211944755927e-09,False,1.723613182207158e-06,True,3.164829673451726e-06,True
13,10,cpu_identity_corrected,7.92202711634188e-08,6.29900416715129e-08,1.0253185689996573e-07,5.905999910337116e-08,1.246206647215853e-09,False,5.92249087779144e-07,True,1.6070872462080113e-06,True
13,10,cpu_reference_eigen_corrected,8.589791402009297e-08,6.790716063527344e-08,9.967813421310502e-08,5.741620892514685e-08,1.3512520330503704e-09,False,3.905263843908373e-06,True,4.521234050256323e-06,True
13,10,cpu_rjd_corrected,4.116905216704623e-08,3.4441054365600346e-08,5.369331497149105e-08,3.092821323978525e-08,6.476264896956294e-10,False,5.8969707790293535e-06,True,2.0342218875753097e-06,True
13,10,gpu_cholesky,6.54152876455314e-16,4.564634734308239e-16,6.163107792190232e-16,3.550049240167975e-16,1.0290417465842758e-17,False,8.43782649387193e-14,True,7.85186790291976e-14,True
13,10,gpu_pcg,7.987595786606616e-08,6.21026335892798e-08,1.0023663837577689e-07,5.773791630804163e-08,1.2565211935755042e-09,False,1.723613212201416e-06,True,3.1648296839330237e-06,True
13,10,gpu_rjd_corrected,4.1169052164577184e-08,3.4441054342511445e-08,5.369331491903889e-08,3.092821320957196e-08,6.476264896567891e-10,False,5.8969706372677155e-06,True,2.034221771075106e-06,True
13,11,cpu_cholesky,5.097618239700579e-16,0.0,0.0,0.0,8.992413516136786e-18,False,0.0,True,0.0,True
13,11,cpu_banded,7.327930711120713e-16,4.832633526968633e-16,6.113615246914745e-16,3.748358488100511e-16,1.2926778756948716e-17,False,8.315242939553889e-14,True,3.9416023517997594e-14,True
13,11,cpu_information_smoother,5.255730038701723e-16,2.8907727821230304e-16,3.7857390657097394e-16,2.321099151250642e-16,9.271329396366002e-18,False,3.414344198687595e-15,True,9.559209291314382e-15,True
13,11,cpu_pcg,4.899317364406201e-08,3.8612149716227396e-08,5.697328428022134e-08,3.493126163516798e-08,8.642602414706611e-10,False,3.0857440669769038e-06,True,5.625332666101948e-06,True
13,11,cpu_identity_corrected,4.864908453807286e-08,3.909309590954553e-08,5.822491226598742e-08,3.569865542671514e-08,8.581903647970028e-10,False,3.988760156290394e-06,True,6.519428213391439e-06,True
13,11,cpu_reference_eigen_corrected,5.288691802538955e-08,4.387707693294334e-08,6.282731715688128e-08,3.8520465884473884e-08,9.329475421488982e-10,False,8.728875225677616e-07,True,5.036233431054217e-06,True
13,11,cpu_rjd_corrected,3.051991744943236e-08,2.5607397525155643e-08,3.816633306423924e-08,2.34004092052094e-08,5.38384210616422e-10,False,8.465107165521998e-07,True,7.638147787212297e-07,True
13,11,gpu_cholesky,5.245478698995073e-16,3.2972795888095023e-16,4.2838139504616647e-16,2.6264770899280444e-16,9.253245600875269e-18,False,5.5144500153924105e-15,True,8.317941113342293e-15,True
13,11,gpu_pcg,4.899317367709555e-08,3.8612149717101924e-08,5.697328428193784e-08,3.49312616362204e-08,8.642602420533867e-10,False,3.085744067494752e-06,True,5.625332665984574e-06,True
13,11,gpu_rjd_corrected,3.05199173861056e-08,2.5607397464553734e-08,3.81663329765062e-08,2.3400409151418825e-08,5.383842094993111e-10,False,8.465107649449158e-07,True,7.63814748922981e-07,True
13,12,cpu_cholesky,6.647762488794277e-16,0.0,0.0,0.0,9.975754070806563e-18,False,0.0,True,0.0,True
13,12,cpu_banded,9.389975413198244e-16,5.341614139093334e-16,6.768232605874026e-16,3.8801291905823964e-16,1.4090768978416898e-17,False,4.3711540553258967e-14,True,3.220086568142346e-14,True
13,12,cpu_information_smoother,6.657697455645143e-16,3.0337787944247896e-16,3.9154896080716816e-16,2.2446931730028857e-16,9.990662663911825e-18,False,8.107462821184524e-14,True,6.505265692435228e-14,True
13,12,cpu_pcg,5.327160558758811e-08,3.8149220919972705e-08,6.017383360623156e-08,3.44967825251975e-08,7.994034649851825e-10,False,3.30402201063514e-07,True,3.209097867138895e-06,True
13,12,cpu_identity_corrected,5.621775753731316e-08,3.9032625366367874e-08,6.089542137396926e-08,3.491045828432202e-08,8.436139602200711e-10,False,3.1418202239486463e-07,True,4.284960622475793e-06,True
13,12,cpu_reference_eigen_corrected,2.444922623723859e-08,1.8072987715462735e-08,2.6441625156513715e-08,1.5158598646149467e-08,3.66889564034693e-10,False,3.570681474792211e-07,True,1.0659986508129598e-06,True
13,12,cpu_rjd_corrected,8.45509954158136e-08,7.37111776973676e-08,1.1864241197263927e-07,6.801596705417785e-08,1.2687877103236547e-09,False,9.305799460571824e-06,True,8.40300636191681e-07,True
13,12,gpu_cholesky,6.575878534953569e-16,3.43364901547527e-16,4.4042179617197267e-16,2.524874021044259e-16,9.867883693914958e-18,False,7.859074678884066e-14,True,5.469635759740514e-14,True
13,12,gpu_pcg,5.3271605559087087e-08,3.8149220905600025e-08,6.017383359931813e-08,3.4496782521234136e-08,7.99403464557491e-10,False,3.304024380146052e-07,True,3.2090977137383374e-06,True
13,12,gpu_rjd_corrected,8.455099547154886e-08,7.371117772936891e-08,1.1864241203741917e-07,6.801596709131523e-08,1.2687877111600282e-09,False,9.305799457457391e-06,True,8.403006279293257e-07,True
13,13,cpu_cholesky,4.670305581180984e-16,0.0,0.0,0.0,9.09044205358157e-18,False,0.0,True,0.0,True
13,13,cpu_banded,6.462483664209031e-16,5.406311091897702e-16,8.022845318671799e-16,4.671151263369617e-16,1.2578798592629636e-17,False,1.2486321539168198e-15,True,1.7821258195471444e-14,True
13,13,cpu_information_smoother,4.184052341641704e-16,2.7862503641562407e-16,4.0716448615674695e-16,2.3706388798048e-16,8.143982165558482e-18,False,3.890244457140495e-14,True,2.973861488712833e-14,True
13,13,cpu_pcg,5.803990919100042e-08,4.467632992598194e-08,6.839246068904765e-08,3.982022791952458e-08,1.1297085875434646e-09,False,1.3384081648147112e-06,True,1.330206281469491e-06,True
13,13,cpu_identity_corrected,6.056252092915916e-08,4.547667366922675e-08,6.866658372897613e-08,3.997983091988413e-08,1.1788095622986676e-09,False,2.221614095383994e-07,True,5.381440636122984e-07,True
13,13,cpu_reference_eigen_corrected,3.0265602169457656e-08,2.5258469280694077e-08,3.763795277380875e-08,2.191399231402967e-08,5.891000016871525e-10,False,8.573341213539631e-07,True,1.1891524711538757e-07,True
13,13,cpu_rjd_corrected,7.716593316761448e-08,7.044040100300366e-08,1.1527233343781492e-07,6.7115154858645e-08,1.5019840321537074e-09,False,2.975774989966673e-06,True,1.708511099484882e-06,True
13,13,gpu_cholesky,4.642621111380821e-16,3.7011367964203833e-16,5.592412159430059e-16,3.256077125531576e-16,9.036556057445346e-18,False,2.3417073703473124e-14,True,1.5369766479964958e-16,True
13,13,gpu_pcg,5.8039909189976384e-08,4.4676329915131496e-08,6.83924606676561e-08,3.982022790706975e-08,1.1297085875235324e-09,False,1.338408090638639e-06,True,1.3302062216088274e-06,True
13,13,gpu_rjd_corrected,7.716593319766577e-08,7.04404010105747e-08,1.1527233345090674e-07,6.711515486626748e-08,1.501984032738636e-09,False,2.975774882470773e-06,True,1.708511191965855e-06,True
13,14,cpu_cholesky,5.967867243104407e-16,0.0,0.0,0.0,1.1975397715960024e-17,False,0.0,True,0.0,True
13,14,cpu_banded,6.923566683092881e-16,4.588484991507087e-16,6.739285454377272e-16,3.8920029907066297e-16,1.389314829997415e-17,False,5.840410495907058e-14,True,4.658691991293369e-14,True
13,14,cpu_information_smoother,4.834094658205633e-16,3.0358271831617827e-16,4.214610871707127e-16,2.4339788288229615e-16,9.70031734460912e-18,False,3.219338434740536e-14,True,1.0907298122156678e-14,True
13,14,cpu_pcg,6.065103389774418e-08,4.751938721391648e-08,7.376749558747672e-08,4.2601447198963704e-08,1.2170516272247446e-09,False,1.7031369251465552e-07,True,2.796650782639378e-07,True
13,14,cpu_identity_corrected,6.208968368563198e-08,4.78709417118059e-08,7.373262814546732e-08,4.258131091159355e-08,1.2459202372006603e-09,False,1.4272073819250246e-06,True,1.5833470272365557e-06,True
13,14,cpu_reference_eigen_corrected,4.355605420725274e-08,3.805369126724944e-08,6.0466899072121e-08,3.4920223163213176e-08,8.740158705780725e-10,False,7.62896274563236e-07,True,1.6041910710277445e-06,True
13,14,cpu_rjd_corrected,2.383678988637707e-08,2.1354521869218204e-08,3.434343325298837e-08,1.98336672094735e-08,4.783200202474599e-10,False,3.096480179682204e-06,True,1.2723252338938002e-06,True
13,14,gpu_cholesky,4.934456364633153e-16,3.23770037484187e-16,4.472560586869504e-16,2.5829473017657156e-16,9.901707774550518e-18,False,2.2099070713118885e-14,True,9.104473744533293e-15,True
13,14,gpu_pcg,6.065103390527115e-08,4.75193872283336e-08,7.376749560035346e-08,4.260144720640015e-08,1.217051627375784e-09,False,1.7031375184929929e-07,True,2.796650968478127e-07,True
13,14,gpu_rjd_corrected,2.3836789966763313e-08,2.1354521947706977e-08,3.4343433386111155e-08,1.983366728635321e-08,4.783200218605274e-10,False,3.0964802009215897e-06,True,1.2723252306973842e-06,True
13,15,cpu_cholesky,4.697303437992307e-16,0.0,0.0,0.0,1.0487058055205374e-17,False,0.0,True,0.0,True
13,15,cpu_banded,6.540706688820792e-16,5.245555982518034e-16,8.217318183926e-16,4.654567812106682e-16,1.4602584583518253e-17,False,2.4118093596385113e-14,True,4.4755012028254226e-14,True
13,15,cpu_information_smoother,5.596943527716359e-16,2.7530801479997465e-16,3.9349126461571e-16,2.2288680243733525e-16,1.2495567399826035e-17,False,1.3356209271273173e-15,True,1.45082140652384e-14,True
13,15,cpu_pcg,6.417269077887348e-08,4.8806002166242645e-08,7.649099036077485e-08,4.332709208533081e-08,1.432700150295367e-09,False,4.915605209645283e-08,True,5.983848167385874e-09,True
13,15,cpu_identity_corrected,6.544864809966461e-08,4.908666494601474e-08,7.630143422295542e-08,4.321972105771167e-08,1.461186789309754e-09,False,1.2362980955371507e-06,True,1.0857271073328871e-06,True
13,15,cpu_reference_eigen_corrected,5.689768437677822e-08,4.841929529643644e-08,7.543484419706386e-08,4.272885506584857e-08,1.2702805343687531e-09,False,9.201261375117266e-06,True,8.911963475950052e-06,True
13,15,cpu_rjd_corrected,9.979495982659665e-08,9.00887407150285e-08,1.4903951630827167e-07,8.44210385691787e-08,2.22799218506233e-09,False,9.968103740984241e-06,True,1.5336463833216373e-05,True
13,15,gpu_cholesky,4.841473744812285e-16,2.9690018080669944e-16,4.2783311489149053e-16,2.423391915652764e-16,1.0808928336190265e-17,False,3.769701517298727e-15,True,5.9005423771588305e-15,True
13,15,gpu_pcg,6.417269077879463e-08,4.880600216776759e-08,7.649099034822849e-08,4.3327092078224126e-08,1.4327001502936064e-09,False,4.915606983433855e-08,True,5.983826309727351e-09,True
13,15,gpu_rjd_corrected,9.979495983288131e-08,9.00887407183148e-08,1.490395163220339e-07,8.442103857697409e-08,2.22799218520264e-09,False,9.968103681665684e-06,True,1.5336463798990367e-05,True
14,0,cpu_cholesky,4.1277125519521115e-16,0.0,0.0,0.0,1.1937649080574175e-17,False,0.0,True,0.0,True
14,0,cpu_banded,5.500985484065274e-16,5.386755371178299e-16,8.103156986198387e-16,5.201744621804878e-16,1.5909255666324692e-17,False,7.880010775523018e-14,True,5.127567125393564e-14,True
14,0,cpu_information_smoother,4.08959500424759e-16,2.2374374967458707e-16,3.0189535999086507e-16,1.9379885739040557e-16,1.1827410321798828e-17,False,6.2654409024884335e-15,True,2.47647704502087e-14,True
14,0,cpu_pcg,8.382363926153381e-08,6.96316602504202e-08,9.939799393042113e-08,6.380759760996977e-08,2.424241455368238e-09,False,4.70011324821718e-06,True,3.04531081051825e-06,True
14,0,cpu_identity_corrected,9.007347847137877e-08,7.128043878798213e-08,9.788525392163178e-08,6.283650853711685e-08,2.604991417158246e-09,False,4.518252403235673e-06,True,1.837870566105032e-06,True
14,0,cpu_reference_eigen_corrected,1.741465495301465e-08,1.7299789374391205e-08,2.6759428024870524e-08,1.7177960521810022e-08,5.036446648455289e-10,False,2.8659068033765434e-08,True,7.672883269748244e-07,True
14,0,cpu_rjd_corrected,3.2164494861149335e-08,3.009956906500978e-08,4.512190064696551e-08,2.896557532030276e-08,9.302209081190965e-10,False,4.822520921991209e-07,True,1.1759579408566721e-06,True
14,0,gpu_cholesky,4.1474609647872637e-16,2.391328936374928e-16,3.2005164498703196e-16,2.0545411200186492e-16,1.199476294675482e-17,False,4.257363434112701e-15,True,9.819117061499584e-15,True
14,0,gpu_pcg,8.382363925158661e-08,6.963166022946723e-08,9.93979938776217e-08,6.380759757607568e-08,2.4242414550805577e-09,False,4.700113181763877e-06,True,3.0453107988603812e-06,True
14,0,gpu_rjd_corrected,3.2164494828671365e-08,3.009956904739071e-08,4.51219006271483e-08,2.896557530758129e-08,9.302209071798098e-10,False,4.822520983871124e-07,True,1.1759579205250737e-06,True
14,1,cpu_cholesky,3.265598757886891e-14,0.0,0.0,0.0,6.099038858443673e-18,False,0.0,True,0.0,True
14,1,cpu_banded,4.5277777654155724e-14,2.151804814121565e-14,1.6392384924120596e-14,1.3973247041937764e-14,8.456364232431216e-18,False,1.8952443505896853e-12,True,2.0447284609326493e-12,True
14,1,cpu_information_smoother,4.2567563710395926e-14,6.386921111007793e-14,1.2535754157325542e-13,1.0685766013190742e-13,7.950187528458136e-18,False,1.4247118359001693e-11,True,1.2642338647349366e-11,True
14,1,cpu_pcg,9.867068241239019e-08,1.2117568467741843e-07,6.267088499656275e-08,5.3422108036596265e-08,1.8428360987424598e-11,False,3.6961695612331063e-06,True,3.273470292923059e-06,True
14,1,cpu_identity_corrected,9.892304413131829e-08,1.211311173138342e-07,6.264266512402098e-08,5.3398052766277544e-08,1.847549365886177e-11,False,3.707521356220261e-06,True,3.2686435354424235e-06,True
14,1,cpu_reference_eigen_corrected,7.811949290565657e-08,3.1198648065533815e-08,8.737715397226644e-09,7.448230162527206e-09,1.4590090781947654e-11,False,8.596391953859024e-07,True,6.813899060629762e-08,True
14,1,cpu_rjd_corrected,7.1515265072011e-08,7.58886239138282e-08,4.879117815269391e-08,4.159072575166262e-08,1.3356643452836962e-11,False,3.693136543361029e-06,True,7.862847985099522e-06,True
14,1,gpu_cholesky,4.708581940003931e-14,2.275227573978902e-14,3.485374044641924e-14,2.971013234790309e-14,8.794045548581737e-18,False,5.4412310882498066e-12,True,4.893265803472526e-12,True
14,1,gpu_pcg,8.062352370568182e-08,4.4046758816270656e-08,1.3565397054888346e-08,1.1563457370441097e-08,1.505775940663173e-11,False,5.433740229418464e-07,True,2.5374628094923124e-07,True
14,1,gpu_rjd_corrected,7.073152647258945e-08,7.537066344922202e-08,4.9086706346825694e-08,4.184264080146022e-08,1.3210267468975455e-11,False,3.6879045032008245e-06,True,7.845754051142043e-06,True
14,2,cpu_cholesky,5.72954885005861e-16,0.0,0.0,0.0,1.076309818487433e-17,False,0.0,True,0.0,True
14,2,cpu_banded,7.075609345726299e-16,4.411170389779134e-16,5.402004473200913e-16,3.5427534856978695e-16,1.3291705874030126e-17,False,1.0397380698662662e-13,True,3.886479360446683e-14,True
14,2,cpu_information_smoother,5.564641178350343e-16,2.791851621624137e-16,3.26398631858195e-16,2.1405941007254486e-16,1.0453315074810271e-17,False,3.438025274294178e-14,True,2.8197216615945102e-14,True
14,2,cpu_pcg,5.562032021207197e-08,4.4670141109636237e-08,6.401706466443247e-08,4.1983800663104146e-08,1.0448413721301268e-09,False,1.4934284894570809e-06,True,5.046005735183732e-06,True
14,2,cpu_identity_corrected,5.9081962707747174e-08,4.560466465168419e-08,6.412924989064998e-08,4.2057374204776975e-08,1.1098691760365727e-09,False,2.5143119766233773e-06,True,6.45491705806364e-06,True
14,2,cpu_reference_eigen_corrected,1.430557455301614e-08,1.21760315349506e-08,1.6613059215586816e-08,1.0895210053250971e-08,2.6873373035613256e-10,False,6.222394979047405e-07,True,4.414745265823874e-07,True
14,2,cpu_rjd_corrected,9.425135195001792e-08,8.242024992510826e-08,1.1748966995916176e-07,7.705231268249484e-08,1.7705347865866042e-09,False,1.689292007858072e-05,True,1.4129152245467704e-05,True
14,2,gpu_cholesky,5.389629766585181e-16,3.540748681966267e-16,4.774969060926388e-16,3.131529855004487e-16,1.0124551840985564e-17,False,3.598796959528787e-14,True,1.4670457188544056e-14,True
14,2,gpu_pcg,5.5620320205512613e-08,4.467014111496799e-08,6.401706467032365e-08,4.1983800666967715e-08,1.0448413720069077e-09,False,1.4934284871424325e-06,True,5.046005722079084e-06,True
14,2,gpu_rjd_corrected,9.42513520122653e-08,8.242024995169534e-08,1.1748966997907819e-07,7.705231269555647e-08,1.7705347877559365e-09,False,1.6892920114120593e-05,True,1.412915227543076e-05,True
14,3,cpu_cholesky,5.756710551881889e-16,0.0,0.0,0.0,1.1360208676242082e-17,False,0.0,True,0.0,True
14,3,cpu_banded,6.90733978771269e-16,4.877581234089814e-16,6.59064072500793e-16,4.26176308876364e-16,1.3630843635255226e-17,False,3.6934235381081287e-14,True,6.71134293590029e-14,True
14,3,cpu_information_smoother,5.127882436470794e-16,2.7036287724996235e-16,3.4064490066828993e-16,2.202741621971706e-16,1.0119288440948541e-17,False,3.811358815331198e-14,True,3.584453071899035e-14,True
14,3,cpu_pcg,5.713996566581092e-08,4.280008949924953e-08,5.81442285151337e-08,3.759830602966709e-08,1.1275917508382369e-09,False,8.024821615709642e-07,True,4.030954527285619e-06,True
14,3,cpu_identity_corrected,5.879756136274863e-08,4.3157116269438756e-08,5.794946306155139e-08,3.747236315769505e-08,1.1603025023539546e-09,False,1.6393426592837437e-06,True,4.960386221852654e-06,True
14,3,cpu_reference_eigen_corrected,8.454285331892843e-08,6.807078152040476e-08,9.007430734175412e-08,5.82455294245428e-08,1.6683563140482959e-09,False,4.853336914767201e-07,True,3.945594629813305e-06,True
14,3,cpu_rjd_corrected,8.251023684874954e-08,7.33766311561733e-08,1.056846400245192e-07,6.833977403695093e-08,1.6282449881026204e-09,False,5.070724635208483e-07,True,4.493537253598596e-06,True
14,3,gpu_cholesky,5.214319196711118e-16,3.1778098248863866e-16,3.9287163446285013e-16,2.5404598736855003e-16,1.0289861483448896e-17,False,4.0274215305790905e-14,True,1.945400218825691e-14,True
14,3,gpu_pcg,5.713996566131786e-08,4.2800089515332805e-08,5.814422856394596e-08,3.759830606123098e-08,1.1275917507495714e-09,False,8.024820925230329e-07,True,4.030954475583132e-06,True
14,3,gpu_rjd_corrected,8.251023679045028e-08,7.33766311319048e-08,1.0568463999525057e-07,6.83397740180247e-08,1.6282449869521513e-09,False,5.070725238489165e-07,True,4.493537278210697e-06,True
14,4,cpu_cholesky,5.331983816309798e-16,0.0,0.0,0.0,1.1843288524559353e-17,False,0.0,True,0.0,True
14,4,cpu_banded,5.666768645439745e-16,4.354770608727759e-16,5.892539859231335e-16,3.7835796422971487e-16,1.2586905433692314e-17,False,6.568564636320682e-14,True,5.684576973333334e-14,True
14,4,cpu_information_smoother,4.882620157900431e-16,3.167622739301348e-16,4.253807509501927e-16,2.73135521858001e-16,1.0845171568030983e-17,False,1.3562721275928664e-13,True,1.1093094222725551e-13,True
14,4,cpu_pcg,4.094995345482901e-08,3.207075696966227e-08,4.5049846739934313e-08,2.8926352147927042e-08,9.095716157187484e-10,False,1.2032965353479935e-06,True,2.452773279146123e-06,True
14,4,cpu_identity_corrected,4.1989001094642224e-08,3.337031007781578e-08,4.722884885422401e-08,3.032548193526876e-08,9.326507193276062e-10,False,2.852163570452581e-06,True,4.41714942348248e-06,True
14,4,cpu_reference_eigen_corrected,8.357963718844948e-08,7.71863779776136e-08,1.1432994185405178e-07,7.341086370868188e-08,1.8564530162248206e-09,False,2.5225756060219826e-06,True,2.452389034222105e-06,True
14,4,cpu_rjd_corrected,2.3352822082567574e-08,2.046392483313802e-08,2.9730753180208487e-08,1.909001469146988e-08,5.187078927071271e-10,False,3.88829027723324e-07,True,2.0795754909950843e-06,True
14,4,gpu_cholesky,4.875281883557101e-16,3.8476610686286643e-16,5.502833809451253e-16,3.5333507237573763e-16,1.0828871949856114e-17,False,1.7276738551433942e-13,True,1.31545537905599e-13,True
14,4,gpu_pcg,4.0949953404480613e-08,3.207075695359981e-08,4.50498467606482e-08,2.8926352161227355e-08,9.095716146004203e-10,False,1.203296526391148e-06,True,2.4527732603249803e-06,True
14,4,gpu_rjd_corrected,2.335282203342315e-08,2.0463924797785995e-08,2.9730753141706766e-08,1.9090014666748055e-08,5.187078916155417e-10,False,3.888289977167792e-07,True,2.079575493071584e-06,True
14,5,cpu_cholesky,4.3670064306232723e-16,0.0,0.0,0.0,1.0413001590586714e-17,False,0.0,True,0.0,True
14,5,cpu_banded,6.024947787510506e-16,5.084279772402434e-16,7.223685275895019e-16,4.623276626975482e-16,1.4366315207279114e-17,False,8.193568794391475e-14,True,8.525135299996903e-14,True
14,5,cpu_information_smoother,5.41860773460934e-16,3.0852485018055266e-16,4.2224479980719013e-16,2.7024357225594254e-16,1.2920514740620506e-17,False,2.3025801191495153e-15,True,8.546915516549573e-15,True
14,5,cpu_pcg,5.440874409345703e-08,4.529428518751694e-08,6.603851452067685e-08,4.226572850321163e-08,1.2973608970270356e-09,False,3.0813711448211173e-06,True,6.776553676585853e-06,True
14,5,cpu_identity_corrected,5.648136564180728e-08,4.5928855700473137e-08,6.606005082946713e-08,4.2279512092786565e-08,1.3467819640135345e-09,False,1.5049742191921134e-06,True,5.153788360826823e-06,True
14,5,cpu_reference_eigen_corrected,8.171958770754816e-08,7.039360527670519e-08,9.725949395392643e-08,6.224766555779085e-08,1.9485801565446025e-09,False,2.286252276769259e-06,True,1.0940504302807437e-05,True
14,5,cpu_rjd_corrected,2.8232802533302705e-08,2.703485047346789e-08,4.1589157317762395e-08,2.661774033877657e-08,6.732030752718685e-10,False,2.2485801587988556e-06,True,1.8679055204364156e-06,True
14,5,gpu_cholesky,4.1187875480896405e-16,2.638114349213297e-16,3.470008924050376e-16,2.220862418728608e-16,9.821130783960156e-18,False,8.802727754116408e-15,True,3.175908748975284e-14,True
14,5,gpu_pcg,5.440874407979265e-08,4.5294285156687434e-08,6.60385144673668e-08,4.226572846909232e-08,1.2973608967012124e-09,False,3.081371043902287e-06,True,6.776553635523858e-06,True
14,5,gpu_rjd_corrected,2.8232802504868438e-08,2.7034850487414706e-08,4.158915736824171e-08,2.6617740371084155e-08,6.732030745938615e-10,False,2.248580109747325e-06,True,1.8679054629048333e-06,True
14,6,cpu_cholesky,5.831732453143054e-16,0.0,0.0,0.0,1.1012309411718184e-17,False,0.0,True,0.0,True
14,6,cpu_banded,7.642899192463616e-16,5.160811877698124e-16,6.106587622272928e-16,3.964134933027479e-16,1.443241290409654e-17,False,1.3829976138456801e-14,True,3.1253701384150833e-14,True
14,6,cpu_information_smoother,6.272929642002054e-16,2.8009583980169064e-16,3.3233267511353955e-16,2.1573612765318862e-16,1.184544090297461e-17,False,3.064502208240041e-14,True,5.9986934397840665e-15,True
14,6,cpu_pcg,8.563914669488798e-08,6.790545421413163e-08,9.839585659829816e-08,6.387437248649423e-08,1.6171605765511649e-09,False,3.2363555988601507e-06,True,2.072640156599718e-06,True
14,6,cpu_identity_corrected,8.818304825284568e-08,6.833933559677631e-08,9.797484031100962e-08,6.360106675913076e-08,1.6651981554195081e-09,False,2.0023818587262928e-06,True,3.430631877526427e-06,True
14,6,cpu_reference_eigen_corrected,1.9511787446112233e-08,1.6293221940815208e-08,2.233727259039412e-08,1.4500399906024794e-08,3.684494147299127e-10,False,1.0948074153145258e-06,True,1.5990673696797011e-07,True
14,6,cpu_rjd_corrected,2.5165492731419176e-08,2.1912945977104714e-08,3.1477541050460156e-08,2.0433870403957435e-08,4.75210744390193e-10,False,1.886814804631172e-06,True,4.403773605380735e-06,True
14,6,gpu_cholesky,6.389586252362772e-16,2.9312484681748645e-16,3.652992466241104e-16,2.3713661280639448e-16,1.2065728561665483e-17,False,2.1638318044638716e-14,True,4.34786608511007e-15,True
14,6,gpu_pcg,8.563914668952563e-08,6.790545419847091e-08,9.839585657918645e-08,6.387437247408772e-08,1.6171605764499053e-09,False,3.2363555197024573e-06,True,2.072640238858129e-06,True
14,6,gpu_rjd_corrected,2.5165492703648903e-08,2.1912945956896364e-08,3.1477541023997676e-08,2.0433870386779127e-08,4.75210743865795e-10,False,1.8868147016107423e-06,True,4.403773525023636e-06,True
14,7,cpu_cholesky,6.575901911140988e-16,0.0,0.0,0.0,1.0195770698347792e-17,False,0.0,True,0.0,True
14,7,cpu_banded,7.709476675139445e-16,4.960766876639818e-16,6.107118313144922e-16,3.793076510722946e-16,1.1953349889664624e-17,False,5.837119726720333e-14,True,5.3909624153450686e-14,True
14,7,cpu_information_smoother,6.999515492018271e-16,4.0542397618446756e-16,5.144803747743398e-16,3.1953915492093367e-16,1.085257291250694e-17,False,1.8658357292394244e-15,True,6.97726228293254e-15,True
14,7,cpu_pcg,7.189513009216792e-08,5.50639596504864e-08,8.160771619559894e-08,5.068582194142361e-08,1.1147159297019862e-09,False,8.489742618486886e-08,True,3.0821933427419857e-06,True
14,7,cpu_identity_corrected,7.107912333821158e-08,5.5594431419464026e-08,8.305474757551428e-08,5.158456017703664e-08,1.1020639497530134e-09,False,9.122574029665944e-07,True,2.0544784292372416e-06,True
14,7,cpu_reference_eigen_corrected,6.43188720139695e-08,5.0746811149231635e-08,6.917452384647629e-08,4.296367748071284e-08,9.972479584387781e-10,False,4.903200252671488e-06,True,2.2899292444828288e-06,True
14,7,cpu_rjd_corrected,3.353717803670883e-08,3.04703380805184e-08,4.619047685615435e-08,2.8688491658179103e-08,5.199855174086251e-10,False,1.7794321279236128e-06,True,3.5464011870991315e-06,True
14,7,gpu_cholesky,6.17845575436881e-16,3.589479669864295e-16,4.3223880559130106e-16,2.68459652563538e-16,9.579540417825618e-18,False,6.575333419487556e-14,True,4.2084615550722173e-14,True
14,7,gpu_pcg,7.18951301057825e-08,5.50639596737042e-08,8.160771623006965e-08,5.0685821962833065e-08,1.1147159299130765e-09,False,8.489735591690201e-08,True,3.082193274250001e-06,True
14,7,gpu_rjd_corrected,3.353717808615703e-08,3.0470338116552444e-08,4.619047690645042e-08,2.8688491689417542e-08,5.199855181753071e-10,False,1.7794321134432392e-06,True,3.5464011396320395e-06,True
14,8,cpu_cholesky,6.548233635998284e-16,0.0,0.0,0.0,1.0149351476990296e-17,False,0.0,True,0.0,True
14,8,cpu_banded,8.382616257196727e-16,5.078929732910368e-16,6.797847241259559e-16,4.265719114084553e-16,1.2992529500369943e-17,False,1.2148462227937186e-13,True,9.761318909494294e-14,True
14,8,cpu_information_smoother,7.093452313641378e-16,2.9141001373113965e-16,3.475550385005356e-16,2.1809436404067009e-16,1.0994406235085532e-17,False,3.346427890928143e-14,True,1.7154008437327537e-14,True
14,8,cpu_pcg,8.276649246213488e-08,6.031194222933971e-08,8.618525957701663e-08,5.408213748885286e-08,1.2828287299500595e-09,False,3.7265169914752686e-06,True,6.244222643296257e-06,True
14,8,cpu_identity_corrected,8.410208935489906e-08,6.05661753125678e-08,8.610791692818395e-08,5.4033604180623005e-08,1.303529643996327e-09,False,2.8509414458125295e-06,True,7.238419855869598e-06,True
14,8,cpu_reference_eigen_corrected,5.3358921391125146e-08,4.311320785469687e-08,6.039246872857207e-08,3.789689574643783e-08,8.270298262839987e-10,False,8.148384223810209e-07,True,1.9354473672827736e-06,True
14,8,cpu_rjd_corrected,7.142473940051644e-08,7.03031438585986e-08,1.1496141982490133e-07,7.213947423721697e-08,1.107038658693431e-09,False,2.597261594740505e-06,True,1.58301585472529e-05,True
14,8,gpu_cholesky,7.219743411858853e-16,3.3012740135545125e-16,4.0960940331509e-16,2.5703411668694666e-16,1.1190149517239951e-17,False,7.260932903250907e-15,True,6.706517910870045e-15,True
14,8,gpu_pcg,8.276649253351293e-08,6.031194223209937e-08,8.618525954230268e-08,5.408213746706949e-08,1.2828287310563743e-09,False,3.7265169233990824e-06,True,6.244222687410696e-06,True
14,8,gpu_rjd_corrected,7.142473939407972e-08,7.03031438801902e-08,1.1496141985705829e-07,7.21394742573958e-08,1.107038658593666e-09,False,2.597261657064263e-06,True,1.583015859014368e-05,True
14,9,cpu_cholesky,5.237613992478225e-16,0.0,0.0,0.0,9.127116616637525e-18,False,0.0,True,0.0,True
14,9,cpu_banded,7.602841133501316e-16,5.540326023134891e-16,7.395027733249986e-16,4.753585647364689e-16,1.324878422558239e-17,False,5.990521514585551e-14,True,2.2246631704807025e-14,True
14,9,cpu_information_smoother,5.851939104644234e-16,2.754763961488534e-16,3.4427403829032393e-16,2.2130222985085903e-16,1.0197645477168361e-17,False,6.722709410798946e-17,True,3.0754257267732385e-14,True
14,9,cpu_pcg,9.949918491950433e-08,7.323364151560181e-08,1.0027166526862978e-07,6.445546467867479e-08,1.733882384478154e-09,False,2.8676554459724782e-06,True,4.499483323925991e-06,True
14,9,cpu_identity_corrected,4.4783390971442324e-08,3.1211853368929897e-08,4.1548903826228305e-08,2.6707982717097144e-08,7.803996868674741e-10,False,7.73281483521521e-07,True,7.277107961007857e-07,True
14,9,cpu_reference_eigen_corrected,8.679398246310448e-08,6.8494730914233e-08,9.067571319889281e-08,5.8287106468684133e-08,1.5124802925237917e-09,False,7.391300927552395e-07,True,2.500961315674403e-06,True
14,9,cpu_rjd_corrected,5.3454226348873365e-08,4.554836904877994e-08,6.430948002960902e-08,4.133867137289091e-08,9.314984987626936e-10,False,9.451900281971318e-07,True,1.3491595177584572e-06,True
14,9,gpu_cholesky,5.142897562064567e-16,3.584943182164192e-16,4.707686985089811e-16,3.0261405490055625e-16,8.962062852244313e-18,False,2.859715336345894e-14,True,3.559900003863717e-14,True
14,9,gpu_pcg,9.94991849341655e-08,7.323364153683713e-08,1.0027166529486705e-07,6.445546469554032e-08,1.7338823847336406e-09,False,2.8676554819573195e-06,True,4.499483333079027e-06,True
14,9,gpu_rjd_corrected,5.345422638158371e-08,4.554836904089706e-08,6.430948000798878e-08,4.1338671358993244e-08,9.31498499332707e-10,False,9.451900623542675e-07,True,1.3491594884978624e-06,True
14,10,cpu_cholesky,6.348097433051375e-16,0.0,0.0,0.0,1.0770806589880253e-17,False,0.0,True,0.0,True
14,10,cpu_banded,7.09098512805354e-16,5.448885727103472e-16,7.722699393303912e-16,4.701987898977135e-16,1.2031262933730685e-17,False,1.9591366448532706e-14,True,4.1553126841638504e-15,True
14,10,cpu_information_smoother,6.308282929264785e-16,3.743382993790999e-16,5.147196688265255e-16,3.133885615548261e-16,1.0703253386061309e-17,False,4.9675940524902886e-14,True,2.5928472663227132e-14,True
14,10,cpu_pcg,6.394958595081701e-08,4.976146736894095e-08,7.69797481861882e-08,4.68693427005077e-08,1.0850315850066132e-09,False,6.09469818749811e-07,True,3.543191885387036e-06,True
14,10,cpu_identity_corrected,6.360037442233034e-08,5.034631389944524e-08,7.850709771664834e-08,4.7799273886999166e-08,1.079106518425337e-09,False,1.5728045878936524e-06,True,2.449186568973892e-06,True
14,10,cpu_reference_eigen_corrected,6.773715377780249e-08,5.925185151655593e-08,9.01711245393035e-08,5.490095040972161e-08,1.1492952021209125e-09,False,3.262493068777928e-06,True,2.03186021343123e-06,True
14,10,cpu_rjd_corrected,3.425322406425291e-08,3.09931971221742e-08,4.927597380298488e-08,3.0001819406934836e-08,5.811738927130457e-10,False,2.580723633780218e-06,True,4.2315314943633093e-07,True
14,10,gpu_cholesky,6.227950908934401e-16,4.1065134846571305e-16,5.689310997825387e-16,3.463953483478515e-16,1.0566954177821685e-17,False,2.117148306121082e-14,True,1.4167339344524935e-14,True
14,10,gpu_pcg,6.394958593125963e-08,4.976146734416709e-08,7.697974813907821e-08,4.686934267182465e-08,1.0850315846747835e-09,False,6.094697599683684e-07,True,3.5431919549419714e-06,True
14,10,gpu_rjd_corrected,3.42532241144181e-08,3.099319715734354e-08,4.927597389187424e-08,3.0001819461055384e-08,5.811738935641976e-10,False,2.5807236308515435e-06,True,4.2315314125858056e-07,True
14,11,cpu_cholesky,5.492362630998225e-16,0.0,0.0,0.0,9.970736467622758e-18,False,0.0,True,0.0,True
14,11,cpu_banded,7.396725552880003e-16,5.229458935735001e-16,6.735160878145195e-16,4.343625494297584e-16,1.3427882710230608e-17,False,9.609137954315222e-15,True,9.210255995785346e-15,True
14,11,cpu_information_smoother,5.88689412806894e-16,3.098166712029832e-16,4.092098374475943e-16,2.6390672986333126e-16,1.0686961860911078e-17,False,5.500270118353154e-15,True,9.223986853931172e-15,True
14,11,cpu_pcg,5.725296247592001e-08,4.5453943067691885e-08,6.524749098870306e-08,4.207927181325643e-08,1.0393599965141834e-09,False,4.314409143660185e-06,True,3.7369627946570556e-06,True
14,11,cpu_identity_corrected,5.721115584258621e-08,4.618865826423479e-08,6.683600821414746e-08,4.310373493201586e-08,1.0386010466730153e-09,False,5.595963486764573e-06,True,5.112004998945348e-06,True
14,11,cpu_reference_eigen_corrected,1.5368740231752863e-08,1.2580010890391401e-08,1.6928977782211337e-08,1.0917800007690526e-08,2.790013498024723e-10,False,7.081055009114673e-07,True,4.0666219840125824e-07,True
14,11,cpu_rjd_corrected,8.194640078961991e-08,7.036002818535843e-08,1.0052183858166737e-07,6.482832833493366e-08,1.487640248290171e-09,False,1.0357610296057986e-05,True,1.4738696504124063e-05,True
14,11,gpu_cholesky,5.412860294448583e-16,3.4507798896029833e-16,4.441298204933259e-16,2.864272503619671e-16,9.826409353855206e-18,False,4.286332106249456e-15,True,1.1844148478643797e-15,True
14,11,gpu_pcg,5.7252962445317174e-08,4.5453943015830016e-08,6.524749091124766e-08,4.207927176330405e-08,1.0393599959586249e-09,False,4.314409032949161e-06,True,3.7369626855242588e-06,True
14,11,gpu_rjd_corrected,8.19464007920382e-08,7.03600281826548e-08,1.0052183857459184e-07,6.482832833037054e-08,1.4876402483340722e-09,False,1.0357610360915009e-05,True,1.4738696528191708e-05,True
14,12,cpu_cholesky,6.750940409879211e-16,0.0,0.0,0.0,1.0488158259992119e-17,False,0.0,True,0.0,True
14,12,cpu_banded,7.790747883542469e-16,5.248118653711389e-16,7.03775757703345e-16,4.4066652703458923e-16,1.2103587323436921e-17,False,1.69043717508747e-14,True,9.483145417787065e-15,True
14,12,cpu_information_smoother,6.476126579276997e-16,3.0397280911007553e-16,3.928349127262881e-16,2.459720938015006e-16,1.0061211675902472e-17,False,4.995550801992091e-15,True,6.650016001486592e-15,True
14,12,cpu_pcg,9.187227854604443e-08,7.040985187532476e-08,1.0660933517903135e-07,6.675303172720653e-08,1.427313735474894e-09,False,4.125791921369474e-06,True,6.234065117889664e-06,True
14,12,cpu_identity_corrected,9.666493879736046e-08,7.279128675152455e-08,1.097599689087092e-07,6.872578911252187e-08,1.5017717749201026e-09,False,1.7897560746436113e-06,True,3.662809619019039e-06,True
14,12,cpu_reference_eigen_corrected,2.7132404856634146e-08,2.2198069691595417e-08,3.192704651458573e-08,1.9990999337582625e-08,4.2152491197861175e-10,False,2.407573350578534e-07,True,3.7696251810846314e-06,True
14,12,cpu_rjd_corrected,6.766496957625482e-08,5.781729203786834e-08,8.563369320089492e-08,5.361921289123216e-08,1.0512326634494041e-09,False,2.8463245478194328e-06,True,5.788864620116347e-06,True
14,12,gpu_cholesky,5.990695382159929e-16,3.535406930261478e-16,4.420520378895813e-16,2.767892104454603e-16,9.307053157149922e-18,False,6.246497054757018e-15,True,1.0162949357245678e-14,True
14,12,gpu_pcg,9.187227856698499e-08,7.040985188194064e-08,1.0660933519257601e-07,6.675303173568746e-08,1.4273137358002233e-09,False,4.125791966518199e-06,True,6.234065188968968e-06,True
14,12,gpu_rjd_corrected,6.766496955868216e-08,5.781729205118527e-08,8.56336932500747e-08,5.3619212922025896e-08,1.0512326631763981e-09,False,2.8463245014553696e-06,True,5.788864648103815e-06,True
14,13,cpu_cholesky,5.95610210285163e-16,0.0,0.0,0.0,1.2182577320063574e-17,False,0.0,True,0.0,True
14,13,cpu_banded,7.185850190788101e-16,5.090876463050975e-16,6.647738037936061e-16,4.295499150565249e-16,1.4697897055484775e-17,False,3.5030599670806024e-14,True,2.6521368147792586e-14,True
14,13,cpu_information_smoother,5.329521915369899e-16,3.3887646851380897e-16,4.612385945258859e-16,2.9803370404905057e-16,1.0900973773079136e-17,False,3.563826813940638e-15,True,1.688291888967794e-14,True
14,13,cpu_pcg,5.0735087845705874e-08,3.9043123607189186e-08,5.443281096728419e-08,3.517227844095997e-08,1.0377325975657306e-09,False,8.692284993424639e-07,True,3.5876762566226537e-06,True
14,13,cpu_identity_corrected,5.2301387174215785e-08,3.9421120891697634e-08,5.431501399631417e-08,3.50961628079652e-08,1.069769594573161e-09,False,1.8887835046953276e-06,True,4.823598846950549e-06,True
14,13,cpu_reference_eigen_corrected,3.773573440675214e-08,3.23297992885162e-08,4.470336758471515e-08,2.888550607616421e-08,7.718445636472369e-10,False,1.1122462353932435e-06,True,1.0911853378789226e-06,True
14,13,cpu_rjd_corrected,7.63110281104753e-08,6.792985275201076e-08,9.766126936166631e-08,6.31047579179889e-08,1.560861426379156e-09,False,5.320835507051803e-06,True,3.4497940884232875e-06,True
14,13,gpu_cholesky,4.980703460646262e-16,3.07445242391945e-16,4.0100568456957744e-16,2.59113636489691e-16,1.0187502492373382e-17,False,3.3909225784613146e-14,True,2.5890212351203942e-14,True
14,13,gpu_pcg,5.073508780301344e-08,3.904312357326225e-08,5.443281091513803e-08,3.517227840726523e-08,1.037732596692502e-09,False,8.692285569349451e-07,True,3.5876762749258075e-06,True
14,13,gpu_rjd_corrected,7.631102810195546e-08,6.792985274424082e-08,9.76612693452047e-08,6.310475790735207e-08,1.5608614262048913e-09,False,5.320835332140203e-06,True,3.4497939614841962e-06,True
14,14,cpu_cholesky,4.622731147852284e-16,0.0,0.0,0.0,9.91104924238717e-18,False,0.0,True,0.0,True
14,14,cpu_banded,6.59497384881905e-16,5.166829387033245e-16,7.774540871451289e-16,4.855069608259811e-16,1.413950075774337e-17,False,6.922881927307604e-14,True,4.821655030387226e-14,True
14,14,cpu_information_smoother,5.166959048548372e-16,2.4918459067931648e-16,3.0601975199403717e-16,1.9110417219481504e-16,1.1077863696951741e-17,False,3.689636381333376e-14,True,2.22804165871008e-14,True
14,14,cpu_pcg,5.360970176639115e-08,4.3145834668146486e-08,6.491801008055287e-08,4.0540202049508384e-08,1.1493819943609733e-09,False,1.5909866132845164e-06,True,6.006368723604885e-06,True
14,14,cpu_identity_corrected,5.521016488576657e-08,4.3621024655216346e-08,6.50830168145821e-08,4.0643245971045325e-08,1.183695624401605e-09,False,2.7933911113529974e-06,True,7.531675639323622e-06,True
14,14,cpu_reference_eigen_corrected,5.8871952999380535e-08,5.457734625269281e-08,8.427430804349663e-08,5.2627883563074964e-08,1.2622036634731199e-09,False,1.0299450391389866e-06,True,3.10405003806535e-06,True
14,14,cpu_rjd_corrected,2.4866164637737586e-08,2.265446222854431e-08,3.496488555121759e-08,2.183498112658455e-08,5.331259234008477e-10,False,1.6743590389340936e-06,True,3.6427134669381557e-07,True
14,14,gpu_cholesky,5.220360009114889e-16,3.2486691584335863e-16,4.468884942592753e-16,2.790743251124203e-16,1.1192354359038247e-17,False,4.1224675720434893e-14,True,3.965536686085017e-14,True
14,14,gpu_pcg,5.360970177369845e-08,4.3145834656347475e-08,6.491801003513785e-08,4.054020202114747e-08,1.1493819945176405e-09,False,1.5909866268828735e-06,True,6.006368749927738e-06,True
14,14,gpu_rjd_corrected,2.4866164603062185e-08,2.2654462203999426e-08,3.496488552134445e-08,2.1834981107929276e-08,5.331259226574137e-10,False,1.6743591063628822e-06,True,3.642714038844612e-07,True
14,15,cpu_cholesky,5.003105848766591e-16,0.0,0.0,0.0,1.1832650397086065e-17,False,0.0,True,0.0,True
14,15,cpu_banded,5.484706258262463e-16,4.777105499521021e-16,6.497539766718882e-16,4.1004670401334606e-16,1.2971664731164769e-17,False,1.9417604192442312e-14,True,1.441252647056781e-14,True
14,15,cpu_information_smoother,5.517692304342046e-16,2.876989931568856e-16,3.837146043097016e-16,2.4215459147306177e-16,1.3049678741469606e-17,False,2.7121210610863238e-14,True,1.8936059134998605e-14,True
14,15,cpu_pcg,5.8223396651439956e-08,4.8138130308730254e-08,7.193650557936444e-08,4.5397686001314906e-08,1.3770188320533595e-09,False,1.239184648649366e-06,True,4.325011681936119e-07,True
14,15,cpu_identity_corrected,5.979352003901084e-08,4.8658640824090163e-08,7.21285626235877e-08,4.5518889350265024e-08,1.414153208203538e-09,False,2.676456331064372e-06,True,2.1371526579881505e-06,True
14,15,cpu_reference_eigen_corrected,5.8780608909773355e-08,5.3354837213719463e-08,7.922562366516955e-08,4.999770224370533e-08,1.3901972234628759e-09,False,3.299075836869065e-06,True,5.910530091810871e-06,True
14,15,cpu_rjd_corrected,8.608619996690113e-08,8.066093418716467e-08,1.2511646007471905e-07,7.895848877176348e-08,2.0359911169199683e-09,False,4.48178243121938e-06,True,5.551710751106585e-06,True
14,15,gpu_cholesky,4.645972227848419e-16,3.385830602426166e-16,4.54978969752746e-16,2.871281033139586e-16,1.098800760736536e-17,False,2.858389854046309e-14,True,1.5698886113583785e-15,True
14,15,gpu_pcg,5.822339665850104e-08,4.813813030840309e-08,7.19365055875803e-08,4.5397686006499767e-08,1.3770188322203581e-09,False,1.239184607364658e-06,True,4.325011386364652e-07,True
14,15,gpu_rjd_corrected,8.608619992615157e-08,8.066093414390364e-08,1.251164600255468e-07,7.895848874073186e-08,2.035991115956216e-09,False,4.481782402438762e-06,True,5.551710732766235e-06,True
15,0,cpu_cholesky,4.480931219420448e-16,0.0,0.0,0.0,1.3696611151715032e-17,False,0.0,True,0.0,True
15,0,cpu_banded,5.935037623680357e-16,3.5023167299769e-16,5.727941848555909e-16,3.291836321290183e-16,1.8141296646116e-17,False,1.5445906266314893e-14,True,6.320099457451302e-14,True
15,0,cpu_information_smoother,4.2350868734653277e-16,2.3939223365920696e-16,3.63923792894477e-16,2.0914625031218704e-16,1.294515252726632e-17,False,8.017946889352079e-15,True,2.9623678916474603e-15,True
15,0,cpu_pcg,7.828078096861878e-08,6.619378481300478e-08,1.0749873361970534e-07,6.177929964691576e-08,2.3927647254329854e-09,False,5.444252917862183e-07,True,4.309557920649631e-06,True
15,0,cpu_identity_corrected,8.388855785357923e-08,6.796381600470568e-08,1.0673446646567941e-07,6.134007689582832e-08,2.5641745008327505e-09,False,8.105790964696604e-07,True,5.924450034672249e-06,True
15,0,cpu_reference_eigen_corrected,1.8288635762454774e-08,1.89571917120504e-08,3.4088722844236626e-08,1.9590718441623718e-08,5.59018475460534e-10,False,4.2973611679169224e-07,True,1.0178654879810622e-06,True
15,0,cpu_rjd_corrected,2.582582565380291e-08,2.3373364501348674e-08,3.806313524032949e-08,2.187480501707365e-08,7.894035284514859e-10,False,9.06158468684394e-07,True,7.174798377574964e-07,True
15,0,gpu_cholesky,4.059391099959428e-16,2.5693434727431604e-16,3.8670409904528297e-16,2.222380450929317e-16,1.2408113110039705e-17,False,3.7039505835103736e-14,True,3.18482608337347e-14,True
15,0,gpu_pcg,7.828078096867955e-08,6.619378479764709e-08,1.0749873357928783e-07,6.177929962368791e-08,2.3927647254348432e-09,False,5.444252943331403e-07,True,4.3095579174724656e-06,True
15,0,gpu_rjd_corrected,2.5825825645254432e-08,2.3373364490011386e-08,3.806313521590651e-08,2.1874805003037817e-08,7.894035281901896e-10,False,9.06158542990516e-07,True,7.174798817944043e-07,True
15,1,cpu_cholesky,3.9389655087648255e-14,0.0,0.0,0.0,5.3416919558338094e-18,False,0.0,True,0.0,True
15,1,cpu_banded,5.32807068894066e-14,1.97914185884411e-14,1.9175449799215732e-14,1.4974745288224048e-14,7.225478942605046e-18,False,2.1403028516792907e-12,True,2.3009991682389895e-12,True
15,1,cpu_information_smoother,5.711651355340327e-14,7.902906553871092e-14,1.4265415963966875e-13,1.1140336874898552e-13,7.745658607942264e-18,False,1.5978294986018102e-11,True,1.459650206767494e-11,True
15,1,cpu_pcg,4.860969975783776e-08,1.9126546717403055e-08,2.544283157783357e-09,1.9869151768467197e-09,6.592036452299272e-12,False,6.561821460008362e-09,True,8.600097490144162e-08,True
15,1,cpu_identity_corrected,9.160255694735154e-08,2.3256870121687677e-08,3.0732411571023576e-09,2.399996037578059e-09,1.2422364209935297e-11,False,3.5482106736081035e-09,True,1.0415797280376603e-07,True
15,1,cpu_reference_eigen_corrected,8.933658862862266e-08,2.8363858031441925e-08,8.368871188876144e-09,6.535529320856015e-09,1.2115072753787676e-11,False,1.187978992151153e-07,True,2.89701782140104e-07,True
15,1,cpu_rjd_corrected,7.609411810094473e-08,4.791748841899525e-08,1.3309157594023082e-08,1.0393562970266272e-08,1.0319240855480837e-11,False,1.8991805711670578e-07,True,9.401401197147517e-07,True
15,1,gpu_cholesky,5.413392341080709e-14,2.5854452669911316e-14,4.007434839974251e-14,3.129538895625995e-14,7.341184952693317e-18,False,5.344224124689451e-12,True,4.96135188336099e-12,True
15,1,gpu_pcg,8.843955932769356e-08,2.2998609526948865e-08,3.039248054096219e-09,2.3734496950200814e-09,1.1993425218102715e-11,False,1.2747353396248364e-09,True,1.0405666605211752e-07,True
15,1,gpu_rjd_corrected,7.325470462165515e-08,3.759467692702185e-08,1.0507864741838452e-08,8.205940391477889e-09,9.934183601526448e-12,False,4.160017812206855e-08,True,1.0269664330924153e-06,True
15,2,cpu_cholesky,5.361032057232143e-16,0.0,0.0,0.0,1.0295948032434063e-17,False,0.0,True,0.0,True
15,2,cpu_banded,6.239264491992655e-16,4.0459290963691582e-16,6.228321046562262e-16,3.462471499234017e-16,1.1982607506237078e-17,False,3.261214273119421e-14,True,1.735068998934228e-14,True
15,2,cpu_information_smoother,5.631999874882928e-16,2.3917791558594404e-16,3.336328958333606e-16,1.8547444558394033e-16,1.0816346071321174e-17,False,1.2745317358180414e-15,True,9.735188710038609e-16,True
15,2,cpu_pcg,7.252690195095723e-08,5.6453745634276064e-08,9.393052507952598e-08,5.2218208336491784e-08,1.3928907837108541e-09,False,1.5214341193422233e-06,True,1.6506075742033219e-06,True
15,2,cpu_identity_corrected,7.445095972097073e-08,5.694325730198525e-08,9.390173849237586e-08,5.2202205189444235e-08,1.4298426212102624e-09,False,6.170307122066897e-07,True,2.2661866663303828e-06,True
15,2,cpu_reference_eigen_corrected,1.8720804337215317e-08,1.638519178847562e-08,2.7109825621765514e-08,1.5070995515938814e-08,3.5953604953279057e-10,False,1.4069565156070092e-06,True,2.000907472406279e-06,True
15,2,cpu_rjd_corrected,2.3156882083202987e-08,1.985523768929342e-08,3.3009999868048145e-08,1.8351042420319907e-08,4.447316320546574e-10,False,5.413377240047424e-06,True,4.381438330760515e-06,True
15,2,gpu_cholesky,5.411499675544841e-16,3.191646655705571e-16,4.806525700474478e-16,2.6720617199742047e-16,1.0392871902674177e-17,False,4.646505476898566e-14,True,1.8287472188374775e-14,True
15,2,gpu_pcg,7.25269019097921e-08,5.645374561078446e-08,9.39305250497635e-08,5.2218208319946114e-08,1.3928907829202713e-09,False,1.5214341534023462e-06,True,1.6506075287011647e-06,True
15,2,gpu_rjd_corrected,2.3156882153396647e-08,1.985523778253522e-08,3.3010000048528644e-08,1.8351042520653302e-08,4.447316334027378e-10,False,5.4133774230940915e-06,True,4.38143846428034e-06,True
15,3,cpu_cholesky,5.189515359332245e-16,0.0,0.0,0.0,1.0821664706207658e-17,False,0.0,True,0.0,True
15,3,cpu_banded,6.635078595450078e-16,5.243804347941363e-16,8.97678614278127e-16,5.192606509233962e-16,1.3836088899934405e-17,False,2.335352782842988e-13,True,2.008728663950897e-13,True
15,3,cpu_information_smoother,5.273998122224804e-16,2.787174437957934e-16,3.98135611049181e-16,2.3030085964054045e-16,1.0997836096052999e-17,False,3.0452210903697954e-14,True,1.558330540563696e-14,True
15,3,cpu_pcg,5.8053151196989055e-08,4.520841072923608e-08,7.182488780703807e-08,4.1546982853294475e-08,1.210578818956209e-09,False,3.7123203478429723e-07,True,1.1052948608983918e-06,True
15,3,cpu_identity_corrected,5.8904160161179233e-08,4.535229275865069e-08,7.161550661983692e-08,4.142586666557665e-08,1.2283248566892078e-09,False,8.418366374160202e-09,True,1.5197730105874148e-06,True
15,3,cpu_reference_eigen_corrected,1.0880581423097391e-08,9.471874550427119e-09,1.4867149359913272e-08,8.599876984049504e-09,2.268921002917004e-10,False,1.1390695578796346e-06,True,4.569813793649477e-07,True
15,3,cpu_rjd_corrected,6.487791538710232e-08,6.103424536843664e-08,1.018888938518122e-07,5.8937455456596984e-08,1.3528952187544107e-09,False,4.245401847833233e-06,True,2.744726718567082e-06,True
15,3,gpu_cholesky,4.761495543703125e-16,3.2540544105165136e-16,5.073383108637711e-16,2.9346897358064547e-16,9.929117596963306e-18,False,7.707521732389769e-14,True,3.2892343552790663e-14,True
15,3,gpu_pcg,5.8053151188670596e-08,4.5208410722587716e-08,7.182488779161641e-08,4.154698284437384e-08,1.2105788187827443e-09,False,3.712320564425423e-07,True,1.105294843760001e-06,True
15,3,gpu_rjd_corrected,6.48779153934841e-08,6.103424536520148e-08,1.0188889385023908e-07,5.893745545568701e-08,1.3528952188874902e-09,False,4.245401833734245e-06,True,2.744726686450776e-06,True
15,4,cpu_cholesky,4.850330364206745e-16,0.0,0.0,0.0,1.1586082448197682e-17,False,0.0,True,0.0,True
15,4,cpu_banded,5.381473073153698e-16,4.214713381816028e-16,6.759253995815603e-16,3.8287353391092467e-16,1.2854833802338674e-17,False,5.2485809524256374e-14,True,3.373764215280953e-14,True
15,4,cpu_information_smoother,4.968704700431768e-16,2.0748434906640247e-16,3.0150793502614504e-16,1.707872032285068e-16,1.1868845624367041e-17,False,9.69220583513397e-15,True,4.447601397251046e-15,True
15,4,cpu_pcg,9.270010226087645e-08,7.739905752578237e-08,1.31491523788643e-07,7.448251600466058e-08,2.2143461306154e-09,False,3.1540684970432304e-06,True,2.451275849411374e-06,True
15,4,cpu_identity_corrected,9.257757094160758e-08,7.74042130605537e-08,1.3159083516770208e-07,7.45387702875762e-08,2.211419199998296e-09,False,3.258158993560406e-06,True,2.3464130475127913e-06,True
15,4,cpu_reference_eigen_corrected,9.709437153319634e-09,8.83807717679465e-09,1.4768667495203763e-08,8.36561537492832e-09,2.3193129333001325e-10,False,2.9298174680655663e-07,True,8.52894785945414e-07,True
15,4,cpu_rjd_corrected,2.268845192581622e-08,2.162309105846471e-08,3.790210527971545e-08,2.146940032153285e-08,5.41963647901689e-10,False,2.9863491989295306e-06,True,3.897368619585568e-06,True
15,4,gpu_cholesky,4.92915252117388e-16,2.8203383326290484e-16,4.652278675064688e-16,2.6352529112874673e-16,1.1774366532124274e-17,False,8.713391702938675e-14,True,4.373337768521481e-14,True
15,4,gpu_pcg,9.270010223684873e-08,7.739905751406555e-08,1.3149152376871886e-07,7.448251599337468e-08,2.2143461300414445e-09,False,3.154068542790394e-06,True,2.4512758550553256e-06,True
15,4,gpu_rjd_corrected,2.2688451924517992e-08,2.1623091055274995e-08,3.790210528335193e-08,2.146940032359271e-08,5.41963647870678e-10,False,2.9863491304178297e-06,True,3.897368577344455e-06,True
15,5,cpu_cholesky,4.039534990809915e-16,0.0,0.0,0.0,1.0294336188050544e-17,False,0.0,True,0.0,True
15,5,cpu_banded,5.21491739555525e-16,4.567629569752509e-16,7.26355781539427e-16,4.233180143244217e-16,1.3289676407034959e-17,False,1.3322179564726481e-14,True,3.627160587100808e-14,True
15,5,cpu_information_smoother,4.492064664671438e-16,2.265936122169452e-16,3.577805443068752e-16,2.0851344950942082e-16,1.1447561152903585e-17,False,7.653940714666378e-14,True,5.254934447390496e-14,True
15,5,cpu_pcg,4.533214866020979e-08,3.863885952982548e-08,6.391641384697596e-08,3.725029810473281e-08,1.1552428162582534e-09,False,2.7004874834907195e-06,True,2.0817995773115427e-06,True
15,5,cpu_identity_corrected,4.686875393922562e-08,3.913285360824579e-08,6.392060722437638e-08,3.725274199275515e-08,1.1944016096323479e-09,False,1.3259059915466506e-06,True,3.5209995228099846e-06,True
15,5,cpu_reference_eigen_corrected,8.752044085634684e-08,8.095309583186163e-08,1.3116667765108206e-07,7.644355416447335e-08,2.230367747349486e-09,False,3.859301778749372e-06,True,5.216631870965121e-06,True
15,5,cpu_rjd_corrected,2.401495438530232e-08,2.4502285803903907e-08,4.3839121679654004e-08,2.5549311247755942e-08,6.119962154232086e-10,False,2.0661876305955277e-06,True,3.82171386937939e-06,True
15,5,gpu_cholesky,3.8692253368563425e-16,3.250779401169609e-16,5.368838119594299e-16,3.128943074149064e-16,9.860319689157163e-18,False,1.0745291039578674e-13,True,9.093234511634233e-14,True
15,5,gpu_pcg,4.533214867852467e-08,3.863885954971782e-08,6.391641387115502e-08,3.72502981188243e-08,1.1552428167249893e-09,False,2.7004876778225536e-06,True,2.0817994222742446e-06,True
15,5,gpu_rjd_corrected,2.401495437586971e-08,2.450228581015419e-08,4.383912171000811e-08,2.5549311265446228e-08,6.119962151828283e-10,False,2.0661877592425157e-06,True,3.821713905414233e-06,True
15,6,cpu_cholesky,5.734728119930291e-16,0.0,0.0,0.0,1.1218617121271313e-17,False,0.0,True,0.0,True
15,6,cpu_banded,6.271330290332606e-16,5.043872738072846e-16,7.74750989568454e-16,4.509959887044646e-16,1.2268350285650156e-17,False,2.4681814092054868e-14,True,8.020486084628832e-14,True
15,6,cpu_information_smoother,5.100451998597869e-16,2.747609284540816e-16,3.902960255411009e-16,2.27198085960985e-16,9.977808349594103e-18,False,5.661568839555783e-16,True,4.850102837115322e-15,True
15,6,cpu_pcg,8.883553580674726e-08,7.282714867187622e-08,1.2056255102072883e-07,7.018155204759743e-08,1.7378537257465809e-09,False,7.048438088142176e-07,True,1.4425739226813362e-06,True
15,6,cpu_identity_corrected,9.109518434952972e-08,7.319994476093736e-08,1.2008158013965738e-07,6.990157055552124e-08,1.78205831727702e-09,False,1.5207515185938163e-06,True,2.6222776353166736e-06,True
15,6,cpu_reference_eigen_corrected,1.849335035182999e-08,1.6087231201462433e-08,2.547133351381141e-08,1.482730502620101e-08,3.6177794839864816e-10,False,1.7983556506462532e-06,True,7.12754063605524e-07,True
15,6,cpu_rjd_corrected,2.816718851969933e-08,2.537998564256343e-08,4.1477911059600385e-08,2.4145011441856963e-08,5.510233370249837e-10,False,4.835006880185697e-06,True,2.068339476958215e-06,True
15,6,gpu_cholesky,4.690703072754417e-16,3.2443049531873795e-16,4.509398253226221e-16,2.624998936508301e-16,9.176233066728597e-18,False,5.877112199671547e-14,True,4.141073264657849e-14,True
15,6,gpu_pcg,8.883553581656922e-08,7.282714867466104e-08,1.205625510301817e-07,7.01815520531001e-08,1.737853725938724e-09,False,7.048438489014081e-07,True,1.4425738959383743e-06,True
15,6,gpu_rjd_corrected,2.816718853704219e-08,2.5379985659676355e-08,4.147791107769633e-08,2.4145011452390926e-08,5.510233373642552e-10,False,4.835006908238518e-06,True,2.0683394901287457e-06,True
15,7,cpu_cholesky,5.60959015034158e-16,0.0,0.0,0.0,9.313330362385188e-18,False,0.0,True,0.0,True
15,7,cpu_banded,7.306124268355088e-16,4.960217570126592e-16,6.791981082644601e-16,3.9162090465007474e-16,1.213000364664562e-17,False,5.1855918496251035e-14,True,8.404849569878871e-14,True
15,7,cpu_information_smoother,6.2884448204258005e-16,3.4123129626625866e-16,5.0184864374849e-16,2.893624370721479e-16,1.044039983468119e-17,False,1.3603379848659758e-15,True,3.3421404733484552e-15,True
15,7,cpu_pcg,9.285220155664825e-08,7.38593501984118e-08,1.2294121565491119e-07,7.08870497542809e-08,1.5415800556985295e-09,False,6.299903812441984e-07,True,7.345008687549554e-06,True
15,7,cpu_identity_corrected,9.234724442565242e-08,7.5332661470627e-08,1.264569768980364e-07,7.291421323105294e-08,1.533196496573563e-09,False,5.4895128365768524e-08,True,8.343421433279748e-06,True
15,7,cpu_reference_eigen_corrected,5.734461049787804e-08,4.8083970529557136e-08,7.43463919721114e-08,4.286761244960734e-08,9.52064752402793e-10,False,5.880652565038273e-06,True,2.16700577358236e-06,True
15,7,cpu_rjd_corrected,3.749647699782514e-08,3.4508296785324065e-08,5.7736625868050156e-08,3.329053685332806e-08,6.225358117194907e-10,False,8.244016871821924e-06,True,4.094961791849524e-06,True
15,7,gpu_cholesky,5.223511757049787e-16,3.4223726858629935e-16,4.720668134203383e-16,2.7219044087055584e-16,8.672343137625749e-18,False,2.0567807865678373e-14,True,4.983715135922533e-14,True
15,7,gpu_pcg,9.285220152511309e-08,7.385935018209902e-08,1.22941215647699e-07,7.088704975012241e-08,1.5415800551749666e-09,False,6.299904627712915e-07,True,7.345008614194448e-06,True
15,7,gpu_rjd_corrected,3.749647706367544e-08,3.450829682848765e-08,5.773662592123042e-08,3.329053688399143e-08,6.225358128127713e-10,False,8.24401694042983e-06,True,4.0949618271319545e-06,True
15,8,cpu_cholesky,4.8593237939909305e-16,0.0,0.0,0.0,7.877768653495329e-18,False,0.0,True,0.0,True
15,8,cpu_banded,7.390422186013278e-16,5.755200087929366e-16,8.66708340354817e-16,4.986013674450047e-16,1.1981098338222922e-17,False,1.2155460440157314e-13,True,1.0659969821819643e-13,True
15,8,cpu_information_smoother,5.478059322356199e-16,2.890666263427113e-16,4.1166766505383016e-16,2.368248361896488e-16,8.8808414176909e-18,False,1.4351896350393513e-14,True,6.994759261226711e-15,True
15,8,cpu_pcg,8.163026151797677e-08,6.384441113528909e-08,1.0773945899687431e-07,6.198052918428683e-08,1.3233617355119897e-09,False,3.3621445191978307e-06,True,1.1990231086683154e-05,True
15,8,cpu_identity_corrected,8.324387727822502e-08,6.405948007218311e-08,1.0743280061294749e-07,6.18041142561672e-08,1.349521119172632e-09,False,2.939036533974977e-06,True,1.2389101424365603e-05,True
15,8,cpu_reference_eigen_corrected,7.049785182806553e-08,5.778300286810191e-08,9.002330128923535e-08,5.178874949599639e-08,1.1428869481837242e-09,False,5.609837535351612e-06,True,5.505611927338086e-06,True
15,8,cpu_rjd_corrected,7.733587602899764e-08,7.761005725107215e-08,1.4131916086614373e-07,8.129831406167597e-08,1.2537426165725496e-09,False,1.1929362099702436e-05,True,4.0270690963965856e-06,True
15,8,gpu_cholesky,5.011424004056739e-16,3.222403482642493e-16,4.757147151157805e-16,2.7366992611763287e-16,8.124348284292562e-18,False,1.2446109188090706e-14,True,1.5363894079208996e-14,True
15,8,gpu_pcg,8.163026158105088e-08,6.384441118984051e-08,1.0773945906226131e-07,6.198052922190277e-08,1.3233617365345255e-09,False,3.362144471147783e-06,True,1.1990231121798478e-05,True
15,8,gpu_rjd_corrected,7.733587596731035e-08,7.761005725956198e-08,1.413191608949495e-07,8.129831407824739e-08,1.2537426155724965e-09,False,1.192936220145354e-05,True,4.027069163685088e-06,True
15,9,cpu_cholesky,5.594967866455613e-16,0.0,0.0,0.0,1.0237240365518006e-17,False,0.0,True,0.0,True
15,9,cpu_banded,6.520143818404963e-16,4.70265875140062e-16,7.122826697838057e-16,4.099113818840997e-16,1.1930055914519976e-17,False,1.1209021164942993e-13,True,1.1464718232656964e-13,True
15,9,cpu_information_smoother,6.211042433653645e-16,2.672142590780435e-16,3.764028860822604e-16,2.1661600615100443e-16,1.1364486058080694e-17,False,1.2937885629782725e-15,True,2.44078104809149e-15,True
15,9,cpu_pcg,4.468393224161291e-08,3.568202439187593e-08,5.780685813921045e-08,3.326725485180492e-08,8.175921042888658e-10,False,8.031300500731319e-07,True,5.092940726258256e-06,True
15,9,cpu_identity_corrected,4.5810806134894004e-08,3.5989382708194045e-08,5.786938606736517e-08,3.330323903410158e-08,8.382107732336134e-10,False,1.1742882157154121e-06,True,4.6256292186205915e-06,True
15,9,cpu_reference_eigen_corrected,7.955872002244498e-08,6.324637409376127e-08,9.493001612372967e-08,5.46312520889619e-08,1.455704041485731e-09,False,2.4598673462054934e-06,True,4.808293163120069e-06,True
15,9,cpu_rjd_corrected,4.658533368492456e-08,4.1377105547038856e-08,6.67299224163726e-08,3.840238696108727e-08,8.523824812488291e-10,False,4.34433629906253e-07,True,4.258480086892565e-06,True
15,9,gpu_cholesky,5.152221377915433e-16,3.0730327499484986e-16,4.215701349103498e-16,2.426092952880892e-16,9.427137013298719e-18,False,1.2349078948328955e-13,True,8.138584777441048e-14,True
15,9,gpu_pcg,4.4683932242359085e-08,3.568202440337616e-08,5.7806858149759876e-08,3.3267254857876006e-08,8.175921043025187e-10,False,8.031299074366147e-07,True,5.092940825104525e-06,True
15,9,gpu_rjd_corrected,4.658533367230698e-08,4.137710554252668e-08,6.672992242690799e-08,3.8402386967150285e-08,8.523824810179625e-10,False,4.3443358901720134e-07,True,4.258480102516537e-06,True
15,10,cpu_cholesky,4.765914343959051e-16,0.0,0.0,0.0,8.570595017160873e-18,False,0.0,True,0.0,True
15,10,cpu_banded,7.045069163187849e-16,5.354057387538958e-16,9.15428430612161e-16,5.011442410220964e-16,1.2669223638504047e-17,False,3.811462685002014e-14,True,6.086907668788975e-14,True
15,10,cpu_information_smoother,5.408244769930033e-16,3.0262889829826334e-16,4.2417483726064216e-16,2.322112464187999e-16,9.725704729775764e-18,False,1.1281022315397432e-15,True,1.0746646799887965e-15,True
15,10,cpu_pcg,6.823489981793613e-08,5.5185932636617264e-08,9.955276802297207e-08,5.449939580657197e-08,1.2270755415715448e-09,False,3.3543680819940865e-06,True,7.586475456774266e-06,True
15,10,cpu_identity_corrected,6.904923841231104e-08,5.7131980904647505e-08,1.0402751262580971e-07,5.694906026177925e-08,1.2417198792383178e-09,False,5.3318736971440756e-06,True,9.321747925920315e-06,True
15,10,cpu_reference_eigen_corrected,9.242400499054192e-08,8.174801740305091e-08,1.4144380165389824e-07,7.743231940013239e-08,1.6620708397168144e-09,False,1.347078386379516e-06,True,7.697859083226578e-06,True
15,10,cpu_rjd_corrected,3.472257554807348e-08,3.085825221750268e-08,5.387006386851518e-08,2.949075139947949e-08,6.244198070692849e-10,False,1.4571509485743522e-06,True,3.121637928501471e-06,True
15,10,gpu_cholesky,5.271469848974033e-16,3.030034127000168e-16,4.477122109942788e-16,2.450966003153452e-16,9.479740918549505e-18,False,6.528102000470838e-15,True,3.9979799829354e-14,True
15,10,gpu_pcg,6.82348998712783e-08,5.518593264347788e-08,9.955276801579682e-08,5.4499395802643935e-08,1.2270755425308026e-09,False,3.3543680901172155e-06,True,7.586475473014105e-06,True
15,10,gpu_rjd_corrected,3.4722575493332045e-08,3.085825212718057e-08,5.387006364937362e-08,2.9490751279512133e-08,6.244198060848638e-10,False,1.4571508337753245e-06,True,3.121637877999433e-06,True
15,11,cpu_cholesky,6.074482314071048e-16,0.0,0.0,0.0,1.1338190644305712e-17,False,0.0,True,0.0,True
15,11,cpu_banded,6.70986603475405e-16,5.82021975052036e-16,9.969133411158399e-16,5.453911453992369e-16,1.2524152078534348e-17,False,1.529617892250446e-13,True,7.036107377491063e-14,True
15,11,cpu_information_smoother,5.883185292226622e-16,2.733988882776041e-16,4.1437627060893196e-16,2.26696884807171e-16,1.0981129418143972e-17,False,3.7381840185366394e-14,True,2.9483431337261013e-14,True
15,11,cpu_pcg,5.708403523843707e-08,4.722500962918081e-08,8.237117873509106e-08,4.5063607502666994e-08,1.0654894375791172e-09,False,3.6395759529196235e-06,True,1.8454873570482323e-06,True
15,11,cpu_identity_corrected,5.689328266956868e-08,4.7937941454929326e-08,8.439739601718427e-08,4.6172110036168684e-08,1.0619289881556432e-09,False,4.480378216631122e-06,True,2.8240556779301847e-06,True
15,11,cpu_reference_eigen_corrected,1.3505239039156992e-08,1.0861277271222806e-08,1.7130531331026685e-08,9.37176755350547e-09,2.520790531229808e-10,False,4.510024485664431e-07,True,1.0413569464075033e-08,True
15,11,cpu_rjd_corrected,2.197358417932682e-08,1.8986807512641394e-08,3.2724642886587125e-08,1.790299089258839e-08,4.101430757246746e-10,False,5.285303120258947e-06,True,4.740848985693641e-06,True
15,11,gpu_cholesky,4.925845991960755e-16,3.3959600536054973e-16,5.444033827264959e-16,2.9783209053265335e-16,9.194228915930463e-18,False,1.0256134672866571e-13,True,7.523667804705877e-14,True
15,11,gpu_pcg,5.708403519537062e-08,4.722500961246503e-08,8.237117872514856e-08,4.506360749722765e-08,1.0654894367752699e-09,False,3.6395759028629736e-06,True,1.8454873193751871e-06,True
15,11,gpu_rjd_corrected,2.197358413537206e-08,1.8986807492295888e-08,3.272464284862465e-08,1.7902990871819886e-08,4.1014307490424675e-10,False,5.285303189174207e-06,True,4.740849035301964e-06,True
15,12,cpu_cholesky,5.829860773382109e-16,0.0,0.0,0.0,9.205618088727426e-18,False,0.0,True,0.0,True
15,12,cpu_banded,8.452104312703172e-16,4.571674411983192e-16,6.45161225052312e-16,3.654671886791691e-16,1.3346261149851254e-17,False,7.666660630280324e-14,True,1.040253954990435e-13,True
15,12,cpu_information_smoother,6.526574411837025e-16,3.1124381888352325e-16,4.509258923661493e-16,2.554378840302123e-16,1.0305760943271593e-17,False,1.3903102440814676e-15,True,1.7242367649317592e-16,True
15,12,cpu_pcg,9.970013899430712e-08,7.651861022204975e-08,1.2921638216874531e-07,7.319774668521863e-08,1.5743110169239452e-09,False,2.9583951459889804e-06,True,9.084521100842723e-06,True
15,12,cpu_identity_corrected,5.174319094133645e-08,3.9374849501584365e-08,6.632379400310385e-08,3.757071813310742e-08,8.170487655379696e-10,False,1.0345209215142955e-06,True,7.171377358003402e-06,True
15,12,cpu_reference_eigen_corrected,2.5127845019500672e-08,2.0836338079679692e-08,3.309101278950299e-08,1.874520498925751e-08,3.9678022143230934e-10,False,2.9349394272593336e-07,True,2.7903577945018988e-06,True
15,12,cpu_rjd_corrected,5.98032627292572e-08,5.482164585452759e-08,9.402389794571027e-08,5.326211234732773e-08,9.443209985099801e-10,False,3.534471407446476e-07,True,8.436063037978851e-07,True
15,12,gpu_cholesky,6.184839589419645e-16,3.165260863399515e-16,4.728100106742553e-16,2.678346724363e-16,9.76614595329501e-18,False,5.85318099133619e-14,True,4.07968736070155e-14,True
15,12,gpu_pcg,9.970013898761687e-08,7.651861023284633e-08,1.2921638219293388e-07,7.319774669892083e-08,1.5743110168183028e-09,False,2.958395080878038e-06,True,9.08452105090675e-06,True
15,12,gpu_rjd_corrected,5.980326273633753e-08,5.482164584743543e-08,9.40238979339695e-08,5.326211234067689e-08,9.443209986217819e-10,False,3.534471933629704e-07,True,8.436062572163341e-07,True
15,13,cpu_cholesky,4.756129564756797e-16,0.0,0.0,0.0,1.0141660262748128e-17,False,0.0,True,0.0,True
15,13,cpu_banded,5.548429351357847e-16,3.996475554623517e-16,6.431744168127589e-16,3.555216700208542e-16,1.1831108616194438e-17,False,3.8480008505924136e-14,True,3.26234440207439e-14,True
15,13,cpu_information_smoother,4.709244483049298e-16,2.8348757429086275e-16,4.530184323349786e-16,2.504108767448817e-16,1.0041685574591591e-17,False,4.5598086810800396e-14,True,1.0776792763251157e-14,True
15,13,cpu_pcg,4.7885571646279946e-08,3.8197348049589577e-08,6.468843955949488e-08,3.575724012345151e-08,1.0210806768977456e-09,False,9.696077731966594e-07,True,6.430512980555348e-07,True
15,13,cpu_identity_corrected,4.8990782157319544e-08,3.847466310926143e-08,6.458527579286986e-08,3.570021522688003e-08,1.0446474642237912e-09,False,3.679970763753542e-07,True,1.4588466098651944e-07,True
15,13,cpu_reference_eigen_corrected,3.158075319030714e-08,2.7709603429845888e-08,4.5897117837633606e-08,2.537013220090464e-08,6.734073690211556e-10,False,4.3317052433381976e-07,True,1.4156333597163267e-06,True
15,13,cpu_rjd_corrected,6.81060709475532e-08,6.038551052426894e-08,1.0104950399762468e-07,5.585621485699281e-08,1.4522494107611982e-09,False,6.654567252357447e-06,True,4.955437252005615e-06,True
15,13,gpu_cholesky,4.583271549712645e-16,3.0682580678132184e-16,4.867894606206663e-16,2.690781807616465e-16,9.773069113494935e-18,False,6.02413365488249e-14,True,1.1391895578360396e-14,True
15,13,gpu_pcg,4.7885571647263597e-08,3.819734806053223e-08,6.468843958847171e-08,3.575724013946877e-08,1.0210806769187203e-09,False,9.696076594417755e-07,True,6.430512123717334e-07,True
15,13,gpu_rjd_corrected,6.810607098382034e-08,6.038551054904471e-08,1.0104950405389691e-07,5.5856214888097895e-08,1.4522494115345355e-09,False,6.6545674026528124e-06,True,4.955437384818375e-06,True
15,14,cpu_cholesky,4.37518736404186e-16,0.0,0.0,0.0,1.0118863899282232e-17,False,0.0,True,0.0,True
15,14,cpu_banded,5.999301568758467e-16,3.8344232666519337e-16,6.169771118937036e-16,3.513359390378295e-16,1.3875089456497272e-17,False,1.097237482905033e-13,True,7.597464181500331e-14,True
15,14,cpu_information_smoother,4.850155345769165e-16,2.9821900524307696e-16,4.536208026768578e-16,2.58313132859012e-16,1.121736230945669e-17,False,1.0557386816946823e-13,True,9.533898755245095e-14,True
15,14,cpu_pcg,4.6483917568131955e-08,3.863313118187001e-08,6.46122188301158e-08,3.679325235634908e-08,1.0750726694009974e-09,False,6.520691366594549e-07,True,5.2951699207058324e-06,True
15,14,cpu_identity_corrected,4.727243850667817e-08,3.8868115279166086e-08,6.466735020405502e-08,3.6824646767357184e-08,1.0933094562176926e-09,False,1.4864970254896102e-07,True,5.79356567486335e-06,True
15,14,cpu_reference_eigen_corrected,4.682395223052564e-08,4.426624753554257e-08,7.775959010451666e-08,4.42799871857708e-08,1.0829369283338779e-09,False,6.820051268961826e-07,True,3.5961608848427974e-07,True
15,14,cpu_rjd_corrected,9.41714204545367e-08,9.161902905314608e-08,1.6197166343624257e-07,9.223432340338701e-08,2.177981673303932e-09,False,1.4262971368803501e-06,True,1.2168522689179564e-05,True
15,14,gpu_cholesky,4.617079359717367e-16,3.0058018658217455e-16,4.555817891625414e-16,2.5942981128209564e-16,1.0678307867941217e-17,False,5.08690799955103e-14,True,2.0993724790923492e-14,True
15,14,gpu_pcg,4.648391760132708e-08,3.863313119419107e-08,6.461221883520035e-08,3.6793252359244465e-08,1.0750726701687287e-09,False,6.520691445039939e-07,True,5.2951698912071045e-06,True
15,14,gpu_rjd_corrected,9.417142047815485e-08,9.161902908248613e-08,1.619716635059641e-07,9.223432344308975e-08,2.1779816738501686e-09,False,1.4262971035019614e-06,True,1.216852271754071e-05,True
15,15,cpu_cholesky,4.1451969896790363e-16,0.0,0.0,0.0,1.0311552015903133e-17,False,0.0,True,0.0,True
15,15,cpu_banded,5.953423639490624e-16,6.005670293968608e-16,1.0950081361789104e-15,6.173408028152113e-16,1.480967917427448e-17,False,2.392866480912147e-14,True,1.7985896277900618e-14,True
15,15,cpu_information_smoother,4.221677515868995e-16,2.4246259355542497e-16,3.6232548310145974e-16,2.0427090651472407e-16,1.050180423454919e-17,False,5.848779331418689e-14,True,4.6809498616720645e-14,True
15,15,cpu_pcg,6.019869627078184e-08,4.9041974703592254e-08,8.323776453057682e-08,4.6927567642706524e-08,1.4974969582517804e-09,False,2.4450635977380466e-06,True,2.370766946433238e-06,True
15,15,cpu_identity_corrected,6.124645305233539e-08,4.927519911735316e-08,8.308171237559323e-08,4.683958896980389e-08,1.5235608554509653e-09,False,3.205533549740532e-06,True,2.99553745895326e-06,True
15,15,cpu_reference_eigen_corrected,6.216012774474805e-08,5.766195927946771e-08,9.799884675826748e-08,5.524953170104026e-08,1.5462893118891865e-09,False,3.3418814574332833e-06,True,4.240413305929396e-06,True
15,15,cpu_rjd_corrected,7.058182244809612e-08,7.004889795309562e-08,1.2670812475440275e-07,7.143517283081853e-08,1.755786604434666e-09,False,1.924128705817191e-07,True,6.509095736608397e-06,True
15,15,gpu_cholesky,4.217631895214058e-16,2.952202791753452e-16,4.72633952601442e-16,2.6646032490212315e-16,1.0491740387662334e-17,False,6.14759737330684e-14,True,4.075206591632635e-14,True
15,15,gpu_pcg,6.019869631858422e-08,4.9041974718712295e-08,8.323776455700965e-08,4.692756765760876e-08,1.497496959440908e-09,False,2.4450636025235985e-06,True,2.370766960935854e-06,True
15,15,gpu_rjd_corrected,7.058182248521203e-08,7.004889798932812e-08,1.267081248217328e-07,7.14351728687777e-08,1.7557866053579577e-09,False,1.9241286663758005e-07,True,6.5090956994047376e-06,True
16,0,cpu_cholesky,3.648284521983857e-16,0.0,0.0,0.0,1.0972369202837517e-17,False,0.0,True,0.0,True
16,0,cpu_banded,5.153849830521876e-16,4.3248002758016717e-16,5.987662647131716e-16,3.9663482532158395e-16,1.5500420215503636e-17,False,5.4442938280708404e-14,True,1.0094370648997217e-14,True
16,0,cpu_information_smoother,3.847988771706417e-16,2.469178502573356e-16,3.2687900768786706e-16,2.1653123389921969e-16,1.157298813651105e-17,False,3.1040778418840816e-15,True,9.249138752869537e-15,True
16,0,cpu_pcg,6.818581295902243e-08,5.715627668460509e-08,8.062769410015544e-08,5.3409407393411843e-08,2.0507170130423507e-09,False,3.5070104142164884e-06,True,1.8280331271662375e-06,True
16,0,cpu_identity_corrected,6.997244588671659e-08,5.749262760174693e-08,7.988995770856454e-08,5.292071595894667e-08,2.1044507515621065e-09,False,2.9682569232563915e-06,True,1.437971262374239e-06,True
16,0,cpu_reference_eigen_corrected,3.807565508378728e-08,3.911129229040943e-08,6.04839463682275e-08,4.00657834556093e-08,1.1451413640276933e-09,False,1.0394201566580741e-07,True,2.646160187473815e-06,True
16,0,cpu_rjd_corrected,2.8578379387997806e-08,2.527487225357183e-08,3.545123779096006e-08,2.3483613452049016e-08,8.595067824144947e-10,False,1.4378991883101573e-07,True,7.602336075510449e-08,True
16,0,gpu_cholesky,3.878885366505303e-16,2.890474764969039e-16,3.7618844257146453e-16,2.491947960341548e-16,1.166591094535478e-17,False,3.855241538862428e-14,True,1.3063543869848724e-14,True
16,0,gpu_pcg,6.818581294668664e-08,5.715627666340899e-08,8.06276940685589e-08,5.340940737248166e-08,2.0507170126713465e-09,False,3.5070104531082006e-06,True,1.8280331723843426e-06,True
16,0,gpu_rjd_corrected,2.8578379389049116e-08,2.5274872277188278e-08,3.5451237843776314e-08,2.3483613487035566e-08,8.595067824461134e-10,False,1.4378992304642723e-07,True,7.602332970358709e-08,True
16,1,cpu_cholesky,7.828853797274498e-14,0.0,0.0,0.0,6.0559863327854894e-18,False,0.0,True,0.0,True
16,1,cpu_banded,9.02718480498027e-14,2.1619095058123757e-14,4.618807457829748e-16,1.4340183715759434e-14,6.982951683364002e-18,False,4.4630154527686464e-14,True,4.7556279964659015e-14,True
16,1,cpu_information_smoother,6.393737026340814e-14,1.0808155124145202e-13,3.876370443976059e-15,1.2035111838819944e-13,4.9458560664945686e-18,False,4.407578882134109e-13,True,3.967310855096125e-13,True
16,1,cpu_pcg,7.689328141235172e-08,6.89250576976176e-08,5.330773526319349e-10,1.6550651312589097e-08,5.948056683696378e-12,False,9.299378698278706e-09,True,2.9204332964034652e-08,True
16,1,cpu_identity_corrected,9.85865898023499e-08,6.985307514317508e-08,5.393835674159101e-10,1.6746442714111894e-08,7.626136037253015e-12,False,9.355797786158667e-09,True,2.973450969884541e-08,True
16,1,cpu_reference_eigen_corrected,9.708889734493379e-08,2.2930958607371273e-08,1.0718529495800352e-10,3.327821814091933e-09,7.510282485022257e-12,False,6.38376571420983e-10,True,1.9349113023381007e-09,True
16,1,cpu_rjd_corrected,5.471725927346601e-08,2.5120092483465606e-08,1.2689636048642e-10,3.939798614362537e-09,4.2326371487763365e-12,False,1.0373861575389333e-09,True,5.931655727256693e-09,True
16,1,gpu_cholesky,1.1062024963583553e-13,3.2151124834161413e-14,1.0286786824412522e-15,3.193777057254562e-14,8.556996174294875e-18,False,1.3808398954992383e-13,True,1.2607400278130633e-13,True
16,1,gpu_pcg,7.56129287532395e-08,6.888318110986979e-08,5.327637757601594e-10,1.654091557454128e-08,5.84901538838948e-12,False,9.401088592401626e-09,True,2.936027152453027e-08,True
16,1,gpu_rjd_corrected,5.516896904737784e-08,2.458299865546671e-08,1.2459491986572623e-10,3.868344929373539e-09,4.267579022624729e-12,False,7.116625725287121e-11,True,6.3764312366348934e-09,True
16,2,cpu_cholesky,5.639765059634352e-16,0.0,0.0,0.0,1.0478347791958062e-17,False,0.0,True,0.0,True
16,2,cpu_banded,6.749878279618672e-16,5.14043951925099e-16,6.874820115225582e-16,4.410848499029534e-16,1.2540872078776544e-17,False,3.202320119550752e-14,True,3.5713049042252034e-14,True
16,2,cpu_information_smoother,5.673859389181662e-16,2.820167591083101e-16,3.5497783382581535e-16,2.2775191485398984e-16,1.0541693026901855e-17,False,2.043794992009686e-14,True,9.58556576818258e-15,True
16,2,cpu_pcg,8.592157113067564e-08,6.521760950921471e-08,9.242525328863116e-08,5.929955735681186e-08,1.5963716517694196e-09,False,3.0340566963374977e-06,True,4.6575852510422475e-06,True
16,2,cpu_identity_corrected,8.755946812839382e-08,6.548439290388348e-08,9.208250079999734e-08,5.90796491592605e-08,1.6268028027306562e-09,False,2.3920540175576813e-06,True,5.019111822827126e-06,True
16,2,cpu_reference_eigen_corrected,1.3283956011379422e-08,1.0742361603423211e-08,1.4405146113007487e-08,9.242266131464491e-09,2.4680799591924226e-10,False,4.947465919849335e-07,True,5.087358045529454e-07,True
16,2,cpu_rjd_corrected,9.016673713805623e-08,7.498173152550634e-08,1.027655018155502e-07,6.593380653426203e-08,1.6752443030567864e-09,False,6.212325788694414e-06,True,1.0406663116640684e-05,True
16,2,gpu_cholesky,5.184082229981073e-16,3.2948732813518084e-16,4.1051660738923637e-16,2.633853004414349e-16,9.631716217514387e-18,False,3.392170582643376e-14,True,1.791634774079793e-14,True
16,2,gpu_pcg,8.592157114963802e-08,6.521760952710044e-08,9.242525330786373e-08,5.9299557369151374e-08,1.5963716521217293e-09,False,3.034056681864337e-06,True,4.657585238774857e-06,True
16,2,gpu_rjd_corrected,9.016673713839866e-08,7.498173154761763e-08,1.027655018578336e-07,6.593380656139083e-08,1.6752443030631487e-09,False,6.2123257779831855e-06,True,1.0406663123471263e-05,True
16,3,cpu_cholesky,5.471566493999698e-16,0.0,0.0,0.0,1.1253169580902245e-17,False,0.0,True,0.0,True
16,3,cpu_banded,5.918261136618166e-16,4.456397995832044e-16,5.661880590498498e-16,3.7901991065625527e-16,1.2171870024327105e-17,False,6.625540416722157e-14,True,3.889150782141891e-15,True
16,3,cpu_information_smoother,4.814197965426008e-16,2.8269589419624435e-16,3.5665065814437917e-16,2.3875053248601905e-16,9.901183904167758e-18,False,1.4695624264029516e-14,True,2.4307614946896588e-14,True
16,3,cpu_pcg,6.057678080331065e-08,4.702946906733895e-08,6.449735132610926e-08,4.317607894841654e-08,1.245860372920355e-09,False,2.2001937105826384e-06,True,2.523572953233756e-06,True
16,3,cpu_identity_corrected,6.167949726612241e-08,4.720482963537605e-08,6.424527433435255e-08,4.300733254451947e-08,1.2685395366192651e-09,False,1.741934909901867e-06,True,2.134700215942089e-06,True
16,3,cpu_reference_eigen_corrected,1.1335414250187953e-08,1.0065607882545478e-08,1.3877945223003182e-08,9.290230471024389e-09,2.331312961093469e-10,False,7.190637919821538e-07,True,7.044711957424164e-07,True
16,3,cpu_rjd_corrected,5.478699615102245e-08,5.201116990458067e-08,7.607268547522327e-08,5.0924886159886215e-08,1.1267840059262877e-09,False,8.224851934826899e-08,True,1.736303720824388e-06,True
16,3,gpu_cholesky,4.818965535046368e-16,2.958361229372791e-16,3.7333441226082747e-16,2.4991903894523144e-16,9.910989189269472e-18,False,9.93550260113576e-15,True,6.482565781464372e-15,True
16,3,gpu_pcg,6.057678076598371e-08,4.702946904634284e-08,6.449735129905056e-08,4.317607893030279e-08,1.2458603721526654e-09,False,2.2001937057853275e-06,True,2.523572932409496e-06,True
16,3,gpu_rjd_corrected,5.478699614033889e-08,5.20111698688683e-08,7.607268539957358e-08,5.092488610924449e-08,1.1267840057065627e-09,False,8.224854208722146e-08,True,1.73630369106038e-06,True
16,4,cpu_cholesky,5.270508804049863e-16,0.0,0.0,0.0,1.2451019072000484e-17,False,0.0,True,0.0,True
16,4,cpu_banded,5.716286930696838e-16,4.704386963671778e-16,6.065973916378061e-16,4.2026095680014846e-16,1.350412270262097e-17,False,1.5257506545651797e-14,True,1.4229564601421e-14,True
16,4,cpu_information_smoother,5.139499485394184e-16,2.43335012115926e-16,2.9785146067050597e-16,2.0635654154024076e-16,1.2141523426354617e-17,False,9.05467952545851e-15,True,1.0619654608313097e-14,True
16,4,cpu_pcg,9.840981916578179e-08,8.01462844689153e-08,1.094107474237159e-07,7.580162069665658e-08,2.3248277938330847e-09,False,5.687079832689921e-06,True,9.196449570620228e-06,True
16,4,cpu_identity_corrected,9.904389610486328e-08,8.022293663943233e-08,1.0919755922552886e-07,7.565392029869298e-08,2.3398071907738797e-09,False,5.293618348255425e-06,True,9.744147825251057e-06,True
16,4,cpu_reference_eigen_corrected,1.106801778929916e-08,9.948728470146595e-09,1.3446360047119722e-08,9.31586620183816e-09,2.614702029979194e-10,False,5.072300682911952e-07,True,1.060349346409675e-06,True
16,4,cpu_rjd_corrected,9.139124330339388e-08,8.86708382222261e-08,1.2757225419908884e-07,8.838422048948251e-08,2.159021376491629e-09,False,3.1587123127065272e-06,True,2.4173992485320597e-06,True
16,4,gpu_cholesky,5.184181323212707e-16,3.3726305768025124e-16,4.625392843581576e-16,3.204550578055932e-16,1.2247079537829655e-17,False,2.0398666649190564e-14,True,2.1174579526430203e-14,True
16,4,gpu_pcg,9.84098191382808e-08,8.014628445775728e-08,1.094107474253903e-07,7.580162069781664e-08,2.3248277931834034e-09,False,5.6870797966069534e-06,True,9.196449592231401e-06,True
16,4,gpu_rjd_corrected,9.139124329518746e-08,8.8670838190764e-08,1.2757225415097883e-07,8.838422045615107e-08,2.1590213762977606e-09,False,3.1587122768955696e-06,True,2.4173992501744667e-06,True
16,5,cpu_cholesky,4.328157534692569e-16,0.0,0.0,0.0,1.0943751099518628e-17,False,0.0,True,0.0,True
16,5,cpu_banded,5.679721455424922e-16,3.7486437061125804e-16,5.107503170161077e-16,3.3227569561584737e-16,1.4361181963581438e-17,False,6.157953918741278e-15,True,1.5401178234995517e-15,True
16,5,cpu_information_smoother,4.589696286131291e-16,2.415699082714914e-16,3.2046589761396083e-16,2.0848353002094674e-16,1.1605052120953733e-17,False,3.243600933703587e-16,True,7.347459835925575e-16,True
16,5,cpu_pcg,5.0507768138187136e-08,4.206978132064228e-08,6.11810539901778e-08,3.980218238896545e-08,1.2770894739244863e-09,False,3.7589949270992314e-06,True,1.254961324178509e-06,True
16,5,cpu_identity_corrected,5.3034999877275684e-08,4.2897231706085237e-08,6.124120353615138e-08,3.9841313509521793e-08,1.3409905572164886e-09,False,2.153962600242612e-06,True,3.001632057736285e-06,True
16,5,cpu_reference_eigen_corrected,8.026675045003723e-09,7.748016959129183e-09,1.1765370343419166e-08,7.65412469614654e-09,2.0295456660601322e-10,False,9.950565904568488e-08,True,4.987380017948325e-07,True
16,5,cpu_rjd_corrected,9.758164448850564e-08,9.149940799997024e-08,1.3580519567891185e-07,8.834995174566596e-08,2.4673529777749133e-09,False,4.08111388234936e-06,True,1.1517505359784893e-05,True
16,5,gpu_cholesky,4.2857154797416393e-16,2.764615955477704e-16,3.6183520355787885e-16,2.353969052097607e-16,1.0836436316770532e-17,False,4.0830541693479403e-14,True,8.378327339583883e-15,True
16,5,gpu_pcg,5.050776814748625e-08,4.2069781317756276e-08,6.118105396923171e-08,3.980218237533868e-08,1.2770894741596145e-09,False,3.758994910040271e-06,True,1.254961310650682e-06,True
16,5,gpu_rjd_corrected,9.758164449931475e-08,9.149940800406527e-08,1.3580519566396907e-07,8.834995173594472e-08,2.4673529780482216e-09,False,4.081113887818482e-06,True,1.1517505343701582e-05,True
16,6,cpu_cholesky,5.295931500641252e-16,0.0,0.0,0.0,1.01534235008996e-17,False,0.0,True,0.0,True
16,6,cpu_banded,6.956452495726839e-16,4.934431355122998e-16,6.516873478661027e-16,4.2628399489755105e-16,1.3336994302976195e-17,False,7.008082152222564e-14,True,1.0405603796765083e-15,True
16,6,cpu_information_smoother,6.220812642422629e-16,3.369095773345389e-16,4.486960342628966e-16,2.9350261073286205e-16,1.1926616737890073e-17,False,2.901883411607677e-14,True,1.0957722898476118e-14,True
16,6,cpu_pcg,4.9603544303679767e-08,3.813360851631447e-08,5.342586163658043e-08,3.494711045696816e-08,9.510051117132858e-10,False,9.343565816398349e-07,True,1.0052159007756514e-06,True
16,6,cpu_identity_corrected,4.992515719877861e-08,3.972248397290765e-08,5.670627444413512e-08,3.7092905493647036e-08,9.571711133013356e-10,False,1.1158237103533095e-06,True,7.442376710857663e-07,True
16,6,cpu_reference_eigen_corrected,1.4434707592348152e-08,1.2304279228922316e-08,1.700111272513012e-08,1.1120826994574564e-08,2.7674394879730285e-10,False,6.537957442232292e-07,True,3.574963085670204e-07,True
16,6,cpu_rjd_corrected,2.4338641624142727e-08,2.1305478734845437e-08,3.0120668542356734e-08,1.9702636482454705e-08,4.666233600376543e-10,False,2.9420153329564667e-06,True,3.632207333633061e-06,True
16,6,gpu_cholesky,5.578409650109189e-16,2.9340372077457504e-16,3.55543274066707e-16,2.325692031990333e-16,1.0694994002887985e-17,False,7.065433268572309e-15,True,5.775301022085824e-14,True
16,6,gpu_pcg,4.960354427884885e-08,3.813360851307641e-08,5.342586161813416e-08,3.494711044490202e-08,9.510051112372245e-10,False,9.343565967031902e-07,True,1.0052158641313194e-06,True
16,6,gpu_rjd_corrected,2.433864161000637e-08,2.1305478724300766e-08,3.0120668528606034e-08,1.970263647346005e-08,4.666233597666304e-10,False,2.9420152865832204e-06,True,3.632207323240776e-06,True
16,7,cpu_cholesky,6.008166590045233e-16,0.0,0.0,0.0,9.760988411275046e-18,False,0.0,True,0.0,True
16,7,cpu_banded,7.426205020076328e-16,5.745529484166379e-16,7.054861528653137e-16,4.586921043527107e-16,1.2064762195645425e-17,False,2.6225432138738026e-14,True,1.1752292145947545e-14,True
16,7,cpu_information_smoother,5.760865956170932e-16,3.496012146049173e-16,4.506924990145453e-16,2.9303068522229516e-16,9.35921882230467e-18,False,2.7158601894168293e-15,True,4.4470754970621405e-15,True
16,7,cpu_pcg,9.644126183460825e-08,7.569482037726727e-08,1.0979124785241807e-07,7.138393618698015e-08,1.5668041587933525e-09,False,1.4844206525582943e-06,True,1.9136410578994134e-07,True
16,7,cpu_identity_corrected,9.631817031208345e-08,7.739355647487824e-08,1.1310940188401692e-07,7.354132942445035e-08,1.5648043882953997e-09,False,1.164220421403106e-06,True,4.6050971636815457e-07,True
16,7,cpu_reference_eigen_corrected,5.554300032178626e-08,4.4683479506003e-08,5.9022759619547345e-08,3.837534401580665e-08,9.023627732494803e-10,False,1.7887978863854064e-06,True,1.5337033109834984e-06,True
16,7,cpu_rjd_corrected,3.52055336931821e-08,3.189571569079973e-08,4.654050471115212e-08,3.025964713395469e-08,5.719561860521342e-10,False,4.110188909004267e-06,True,3.490589386894858e-06,True
16,7,gpu_cholesky,5.161860387350272e-16,3.7740485363312626e-16,4.823188759765602e-16,3.13593483432919e-16,8.386062314754557e-18,False,1.8070014171382827e-14,True,2.2645531086579864e-14,True
16,7,gpu_pcg,9.644126185795232e-08,7.569482039174046e-08,1.0979124787466612e-07,7.138393620144535e-08,1.5668041591726049e-09,False,1.4844206842578307e-06,True,1.9136410877722156e-07,True
16,7,gpu_rjd_corrected,3.520553368100164e-08,3.189571568347778e-08,4.6540504691525534e-08,3.02596471211939e-08,5.719561858542478e-10,False,4.110188900862001e-06,True,3.4905893914657074e-06,True
16,8,cpu_cholesky,5.680685694366646e-16,0.0,0.0,0.0,9.272120753420637e-18,False,0.0,True,0.0,True
16,8,cpu_banded,8.318586420786515e-16,5.793712564748218e-16,7.366704941275759e-16,4.821792312875362e-16,1.357775133867836e-17,False,2.788919194659727e-14,True,4.475906390321116e-14,True
16,8,cpu_information_smoother,7.207564769560353e-16,3.5980455429528814e-16,4.587776367062019e-16,3.0028764551088365e-16,1.1764321153648152e-17,False,3.2676815269625985e-14,True,3.2313988720758447e-15,True
16,8,cpu_pcg,9.103048093615971e-08,7.245949769627328e-08,1.0956416603752936e-07,7.171396951251712e-08,1.4858164266316498e-09,False,3.9675820078340195e-06,True,8.307229640514358e-06,True
16,8,cpu_identity_corrected,9.644644144521279e-08,7.392580942493039e-08,1.1023361799795653e-07,7.215215162274944e-08,1.5742167398525171e-09,False,2.888204023543434e-06,True,9.707098971812957e-06,True
16,8,cpu_reference_eigen_corrected,7.1700775996834e-08,5.910290647518917e-08,8.11154253028842e-08,5.309317222542765e-08,1.1703134033797333e-09,False,1.9865090459240283e-06,True,1.6515836219073537e-07,True
16,8,cpu_rjd_corrected,8.456018080809565e-08,8.19259553263104e-08,1.2665796947429175e-07,8.290252269419367e-08,1.3802069677007494e-09,False,1.1205741438877994e-05,True,7.1207685070440515e-06,True
16,8,gpu_cholesky,6.585961162300144e-16,4.542179062533752e-16,6.008791609459325e-16,3.9329857002720423e-16,1.0749728194739321e-17,False,1.825288938405495e-14,True,1.4016954748577596e-14,True
16,8,gpu_pcg,9.103048094679124e-08,7.245949769238649e-08,1.0956416603836666e-07,7.171396951306515e-08,1.4858164268051795e-09,False,3.967581987885558e-06,True,8.30722966008337e-06,True
16,8,gpu_rjd_corrected,8.45601808054889e-08,8.192595531242057e-08,1.2665796945172298e-07,8.290252267942154e-08,1.3802069676582015e-09,False,1.1205741450407471e-05,True,7.1207685501623755e-06,True
16,9,cpu_cholesky,5.270623283909764e-16,0.0,0.0,0.0,9.513675475279015e-18,False,0.0,True,0.0,True
16,9,cpu_banded,6.611566204363123e-16,4.734636561332867e-16,5.724507552311257e-16,3.914696117386879e-16,1.1934128444287786e-17,False,2.3944769434663065e-14,True,3.3539884766671457e-14,True
16,9,cpu_information_smoother,5.539539295343663e-16,3.7144126563830024e-16,4.4350132750287147e-16,3.0328773417906343e-16,9.99907910310019e-18,False,6.5001229655203215e-15,True,1.1477038786450036e-14,True
16,9,cpu_pcg,5.284969796836354e-08,3.9442893630912365e-08,5.2411790943126736e-08,3.584172658266676e-08,9.539571481068826e-10,False,2.728711081551698e-06,True,1.230066670969885e-06,True
16,9,cpu_identity_corrected,5.394145922076192e-08,3.968761978924491e-08,5.2389518526222626e-08,3.582649562294095e-08,9.736638540986542e-10,False,2.8705486296590242e-06,True,1.514711729413264e-06,True
16,9,cpu_reference_eigen_corrected,9.016079573878626e-08,7.268321776426481e-08,9.242877503019997e-08,6.320728262459202e-08,1.6274366417735903e-09,False,2.0748224199171937e-06,True,1.366722787069548e-07,True
16,9,cpu_rjd_corrected,3.4663468606024705e-08,3.174684099357035e-08,4.418302722747262e-08,3.0214498550526386e-08,6.256887915590873e-10,False,2.3836058924682937e-06,True,1.8554755674497595e-07,True
16,9,gpu_cholesky,4.860156966823361e-16,3.725355943290161e-16,4.464605432677002e-16,3.0531138955190114e-16,8.77276816243532e-18,False,1.0694573128940143e-14,True,9.042412810808858e-16,True
16,9,gpu_pcg,5.2849698068613033e-08,3.944289364646743e-08,5.241179093443701e-08,3.58417265767243e-08,9.53957149916424e-10,False,2.728711026420799e-06,True,1.2300666252910852e-06,True
16,9,gpu_rjd_corrected,3.4663468666608346e-08,3.174684104207795e-08,4.418302730454414e-08,3.0214498603231634e-08,6.25688792652645e-10,False,2.383605857028079e-06,True,1.8554751598470106e-07,True
16,10,cpu_cholesky,5.601006035763053e-16,0.0,0.0,0.0,1.0094044103043859e-17,False,0.0,True,0.0,True
16,10,cpu_banded,7.406966605416055e-16,5.472786697152184e-16,7.972965451206336e-16,4.993275070295607e-16,1.334871755314167e-17,False,3.951032085216862e-15,True,2.1485139157827243e-14,True
16,10,cpu_information_smoother,6.7847483200212925e-16,3.046345397488678e-16,3.6299439791336233e-16,2.2733459574737195e-16,1.2227365643432576e-17,False,5.006236325739758e-15,True,2.8355670704148817e-14,True
16,10,cpu_pcg,9.033071197761197e-08,7.551170302896114e-08,1.2204235918020624e-07,7.643217236346898e-08,1.627925741429734e-09,False,5.98495348498975e-06,True,7.455313699278912e-06,True
16,10,cpu_identity_corrected,9.28254752519321e-08,7.594431681457172e-08,1.2169497055180465e-07,7.621461128302565e-08,1.672885969415994e-09,False,4.7258922085881175e-06,True,6.535811417035348e-06,True
16,10,cpu_reference_eigen_corrected,9.428374248859521e-08,8.562190029415875e-08,1.3231907133036405e-07,8.286822816955841e-08,1.6991666550943196e-09,False,2.7734614475994565e-08,True,3.591564835277808e-07,True
16,10,cpu_rjd_corrected,2.7985516958084298e-08,2.406110662896697e-08,3.5755836413631037e-08,2.239301395125677e-08,5.043505394095634e-10,False,5.716331678162364e-07,True,2.5745003140291275e-06,True
16,10,gpu_cholesky,5.423139034339925e-16,3.58595195082972e-16,4.84868024444219e-16,3.036610949410902e-16,9.773495018579852e-18,False,1.0613175639083889e-13,True,4.6621793789687423e-14,True
16,10,gpu_pcg,9.033071196065565e-08,7.551170301196064e-08,1.2204235916635418e-07,7.643217235479377e-08,1.6279257411241499e-09,False,5.984953534685921e-06,True,7.4553137422744095e-06,True
16,10,gpu_rjd_corrected,2.798551695685317e-08,2.4061106675699715e-08,3.575583655280592e-08,2.2393014038418627e-08,5.043505393873761e-10,False,5.716331200608306e-07,True,2.5745003993510697e-06,True
16,11,cpu_cholesky,5.514726250233266e-16,0.0,0.0,0.0,1.0139459740206062e-17,False,0.0,True,0.0,True
16,11,cpu_banded,7.5372300440176605e-16,4.783351885321602e-16,5.781447495198006e-16,4.002318090141351e-16,1.3858066042853174e-17,False,1.7242447159325056e-14,True,3.668513437093545e-15,True
16,11,cpu_information_smoother,5.406509417835326e-16,3.126097129757528e-16,3.5755975098549827e-16,2.4752760634154725e-16,9.94049062269726e-18,False,4.159085495128581e-15,True,1.0617145955332336e-14,True
16,11,cpu_pcg,6.555699286173457e-08,5.280630791535199e-08,7.196630747414146e-08,4.9820058821543685e-08,1.2053408636141055e-09,False,1.3048179243974264e-06,True,1.9950465834842535e-06,True
16,11,cpu_identity_corrected,6.547740180317497e-08,5.364164237071674e-08,7.373559147216956e-08,5.104487965711939e-08,1.2038774907854417e-09,False,2.62969179176491e-06,True,3.5726793886594337e-06,True
16,11,cpu_reference_eigen_corrected,1.546923484237624e-08,1.268366882559272e-08,1.610453490905104e-08,1.114867365886203e-08,2.844197097365927e-10,False,1.472841050492762e-07,True,1.593444391388819e-06,True
16,11,cpu_rjd_corrected,2.220331676497829e-08,1.8909286580632174e-08,2.5190455230397255e-08,1.7438576541818408e-08,4.0823356536539045e-10,False,3.0229909247504384e-06,True,2.856226282173424e-06,True
16,11,gpu_cholesky,5.197399032417718e-16,3.458407510326853e-16,4.263956942368402e-16,2.951806103955698e-16,9.556017080767391e-18,False,7.179518103103433e-15,True,1.5624402138604988e-14,True
16,11,gpu_pcg,6.555699285959767e-08,5.280630791154172e-08,7.196630745747589e-08,4.9820058810006627e-08,1.2053408635748161e-09,False,1.3048179555588247e-06,True,1.9950465730254155e-06,True
16,11,gpu_rjd_corrected,2.2203316779663118e-08,1.8909286599304516e-08,2.519045525842365e-08,1.7438576561220217e-08,4.082335656353878e-10,False,3.0229909644736485e-06,True,2.856226294341172e-06,True
16,12,cpu_cholesky,6.391857855733508e-16,0.0,0.0,0.0,1.0117610340130532e-17,False,0.0,True,0.0,True
16,12,cpu_banded,7.463426011068297e-16,5.592256176639957e-16,7.670787220700978e-16,4.707362050821173e-16,1.1813785269747408e-17,False,1.0712350735780075e-13,True,3.7369447474071875e-14,True
16,12,cpu_information_smoother,6.483144094510918e-16,3.90798407147027e-16,5.077960787479323e-16,3.1162120938551813e-16,1.0262106449745592e-17,False,2.7404295219524312e-14,True,1.9639818070301757e-14,True
16,12,cpu_pcg,5.2732030560624157e-08,4.020653020809052e-08,6.228634805043006e-08,3.8223507269967e-08,8.346902412205544e-10,False,7.320198166544938e-07,True,3.46411056319396e-06,True
16,12,cpu_identity_corrected,5.418618671919803e-08,4.068153674260823e-08,6.253879853853263e-08,3.8378429550198975e-08,8.577079390821965e-10,False,1.2243880160377512e-06,True,4.012529139862592e-06,True
16,12,cpu_reference_eigen_corrected,2.1554610612594237e-08,1.7344881440709108e-08,2.492519111544494e-08,1.5295939698297152e-08,3.4118585905451147e-10,False,8.094731264074539e-07,True,2.453308617656726e-06,True
16,12,cpu_rjd_corrected,5.1514609071577705e-08,4.685535872236945e-08,7.323827164321807e-08,4.494441713500066e-08,8.154197890169705e-10,False,6.140125649588743e-06,True,7.69011703991505e-06,True
16,12,gpu_cholesky,5.225165083343275e-16,4.1526061005477407e-16,5.26665444400612e-16,3.2320084694302767e-16,8.270863568829502e-18,False,4.868591149079592e-14,True,2.6405006825429964e-14,True
16,12,gpu_pcg,5.273203060105083e-08,4.020653023443036e-08,6.228634808412014e-08,3.8223507290641724e-08,8.346902418604642e-10,False,7.320198181867404e-07,True,3.464110565204135e-06,True
16,12,gpu_rjd_corrected,5.1514609098261724e-08,4.685535871910176e-08,7.323827159712733e-08,4.494441710671597e-08,8.154197894393493e-10,False,6.14012561681945e-06,True,7.690116992432944e-06,True
16,13,cpu_cholesky,5.4351575900288e-16,0.0,0.0,0.0,1.1437506048450568e-17,False,0.0,True,0.0,True
16,13,cpu_banded,5.947903724759373e-16,4.788521530921165e-16,6.289812274792958e-16,4.150337015453221e-16,1.2516506412314809e-17,False,1.4571986983305728e-14,True,2.3149531704618123e-15,True
16,13,cpu_information_smoother,5.735021249871711e-16,2.731281806859824e-16,3.3327685245062573e-16,2.1991296348587837e-16,1.2068525916109206e-17,False,2.409532691448936e-14,True,1.8440678705928062e-14,True
16,13,cpu_pcg,4.701813565415759e-08,3.699227427752848e-08,5.2094023398645535e-08,3.437427766513138e-08,9.89428921454537e-10,False,3.138183155320663e-07,True,1.4617873361956357e-06,True
16,13,cpu_identity_corrected,4.846209117388415e-08,3.7304681633119173e-08,5.189061876657663e-08,3.42400609768252e-08,1.01981488469493e-09,False,3.380686352339555e-07,True,9.712612942082015e-07,True
16,13,cpu_reference_eigen_corrected,3.499649417322517e-08,3.038610289551326e-08,4.19812180220415e-08,2.770133598564768e-08,7.364507973939117e-10,False,8.459904325827871e-07,True,7.705994918270544e-07,True
16,13,cpu_rjd_corrected,5.554960769970323e-08,5.0276328948555204e-08,7.223080983189466e-08,4.766155023463602e-08,1.1689614580070497e-09,False,2.020645657300669e-06,True,3.8142439482363578e-06,True
16,13,gpu_cholesky,5.751908979896695e-16,3.3965088411396153e-16,4.367118035139409e-16,2.8816458807093808e-16,1.210406371075562e-17,False,1.115290888624414e-14,True,4.116328806145344e-15,True
16,13,gpu_pcg,4.701813565031976e-08,3.699227426252793e-08,5.2094023370317055e-08,3.437427764643881e-08,9.894289213737757e-10,False,3.1381829594927697e-07,True,1.4617873014159056e-06,True
16,13,gpu_rjd_corrected,5.5549607679208716e-08,5.027632892316984e-08,7.223080978579641e-08,4.766155020421806e-08,1.1689614575757726e-09,False,2.0206456465302845e-06,True,3.8142439475421605e-06,True
16,14,cpu_cholesky,4.762303924390272e-16,0.0,0.0,0.0,1.0918997069818355e-17,False,0.0,True,0.0,True
16,14,cpu_banded,6.691764855365633e-16,4.572334541990258e-16,6.228752167246952e-16,4.074897421615942e-16,1.5342859676265992e-17,False,4.99656781537956e-14,True,1.2989067635418918e-14,True
16,14,cpu_information_smoother,5.416104933732504e-16,2.541492675268268e-16,3.4117801891672646e-16,2.2320127567545966e-16,1.2418030188786317e-17,False,1.7491399667647196e-14,True,1.3614115833195542e-14,True
16,14,cpu_pcg,5.071058677851012e-08,4.2493357376878264e-08,6.358690867208129e-08,4.1599043153280026e-08,1.1626909111089669e-09,False,2.8263087115646854e-06,True,2.6262658906608952e-06,True
16,14,cpu_identity_corrected,5.2181986832046935e-08,4.2935464153304105e-08,6.369213056570342e-08,4.166788012278942e-08,1.1964271298239212e-09,False,1.953454137336639e-06,True,3.411943707536662e-06,True
16,14,cpu_reference_eigen_corrected,6.574370753253489e-08,6.392582267956216e-08,9.761703527672049e-08,6.386181287587099e-08,1.5073698658144963e-09,False,1.079995212463254e-06,True,4.72564369592916e-06,True
16,14,cpu_rjd_corrected,8.674869233290657e-08,8.254852572868765e-08,1.2463931459017252e-07,8.153999517369716e-08,1.9889715823895184e-09,False,8.066040688220618e-07,True,9.922517580600037e-06,True
16,14,gpu_cholesky,5.4195791495669875e-16,3.495470551074144e-16,4.888338464736763e-16,3.1979885009208965e-16,1.2425995861099323e-17,False,1.1506616892079972e-14,True,1.2654909235755425e-14,True
16,14,gpu_pcg,5.071058679626076e-08,4.2493357391145144e-08,6.358690867595424e-08,4.159904315581374e-08,1.162690911515953e-09,False,2.8263087978743417e-06,True,2.6262658179012657e-06,True
16,14,gpu_rjd_corrected,8.674869232398108e-08,8.254852575531945e-08,1.246393146699688e-07,8.153999522590051e-08,1.988971582184875e-09,False,8.066040926084511e-07,True,9.922517567231758e-06,True
16,15,cpu_cholesky,4.650002616698415e-16,0.0,0.0,0.0,1.1511662968646087e-17,False,0.0,True,0.0,True
16,15,cpu_banded,5.602262047608018e-16,4.448209896496315e-16,6.267951606399723e-16,4.093138255799956e-16,1.3869100271580199e-17,False,2.7435196133875907e-14,True,4.638483402945078e-14,True
16,15,cpu_information_smoother,4.453221181861759e-16,2.4557983656374745e-16,3.249157015740248e-16,2.1217855075090865e-16,1.1024505918843274e-17,False,8.170556364964982e-16,True,7.635330539422135e-15,True
16,15,cpu_pcg,5.570038767023539e-08,4.6359440664843234e-08,6.8523700155613e-08,4.474778941329597e-08,1.3789327516965706e-09,False,8.189293919016778e-07,True,5.258514419382018e-06,True
16,15,cpu_identity_corrected,5.694302482518341e-08,4.6655474059100985e-08,6.835511300297388e-08,4.4637697541623093e-08,1.4096957889406166e-09,False,1.4894176225652165e-07,True,6.07860673731437e-06,True
16,15,cpu_reference_eigen_corrected,8.337393861189389e-08,7.59112133212985e-08,1.091497805941526e-07,7.127769494996422e-08,2.0640260670263234e-09,False,2.7144804124561477e-06,True,9.040487352278081e-06,True
16,15,cpu_rjd_corrected,6.267214671408874e-08,5.969147732476095e-08,8.966317437440308e-08,5.855242545165988e-08,1.5515273708500995e-09,False,1.5837646290209402e-06,True,3.695063110206716e-06,True
16,15,gpu_cholesky,4.769929644593308e-16,3.140969045719206e-16,4.364933650556017e-16,2.850417174707844e-16,1.1808557323285754e-17,False,2.1839105670783282e-14,True,3.094718986228144e-14,True
16,15,gpu_pcg,5.570038768165475e-08,4.635944068675462e-08,6.852370019970028e-08,4.474778944208613e-08,1.3789327519792711e-09,False,8.189293588801309e-07,True,5.2585144275531545e-06,True
16,15,gpu_rjd_corrected,6.267214669577283e-08,5.969147730495133e-08,8.966317435191202e-08,5.8552425436972625e-08,1.5515273703966662e-09,False,1.5837646106207828e-06,True,3.695063078420913e-06,True
17,0,cpu_cholesky,4.314774932079492e-16,0.0,0.0,0.0,1.3217312563115605e-17,False,0.0,True,0.0,True
17,0,cpu_banded,4.511605114332506e-16,4.127824724864642e-16,7.477938604830949e-16,3.8602630634088586e-16,1.3820256188599052e-17,False,7.691065297645907e-14,True,2.354689571947068e-14,True
17,0,cpu_information_smoother,4.975837785144883e-16,2.743183802730684e-16,4.877111747318036e-16,2.5176636676485343e-16,1.524232533675273e-17,False,5.7978230675742396e-15,True,5.4633046395737245e-14,True
17,0,cpu_pcg,3.6920134736681963e-08,3.3325046623478225e-08,6.260320236867429e-08,3.2317038494911064e-08,1.1309627236732164e-09,False,3.382689558743569e-07,True,1.054909671666514e-06,True
17,0,cpu_identity_corrected,3.669371530469026e-08,3.4326985433850374e-08,6.594887439962273e-08,3.404414202515492e-08,1.1240268882835625e-09,False,2.197682229392972e-07,True,2.3687628492905513e-07,True
17,0,cpu_reference_eigen_corrected,3.177297622936517e-08,3.157509892674027e-08,6.087734531988913e-08,3.142611620065136e-08,9.732914657264644e-10,False,1.7765651833634344e-06,True,1.7940341782215489e-06,True
17,0,cpu_rjd_corrected,8.334112752966515e-08,7.762380820710474e-08,1.442661365644285e-07,7.447309582357172e-08,2.5529622387528696e-09,False,1.506023433401837e-06,True,3.803528236524585e-06,True
17,0,gpu_cholesky,4.2258884248221907e-16,3.3276855302892403e-16,6.115049184627482e-16,3.156711995882931e-16,1.2945029357720881e-17,False,6.023065548856465e-15,True,4.795541816221252e-14,True
17,0,gpu_pcg,3.692013474036038e-08,3.3325046616334204e-08,6.260320235505951e-08,3.2317038487882835e-08,1.1309627237858966e-09,False,3.382688831592673e-07,True,1.054909600575475e-06,True
17,0,gpu_rjd_corrected,8.33411275157723e-08,7.762380821281682e-08,1.4426613658235566e-07,7.447309583282608e-08,2.5529622383272943e-09,False,1.506023437548164e-06,True,3.80352821930771e-06,True
17,1,cpu_cholesky,5.763004335928544e-14,0.0,0.0,0.0,6.7983028287433946e-18,False,0.0,True,0.0,True
17,1,cpu_banded,6.109763396952484e-14,1.927552050186411e-14,1.9886844925690885e-14,1.7547556441478786e-14,7.207355636625925e-18,False,2.503362504665239e-12,True,2.4102715059827527e-12,True
17,1,cpu_information_smoother,4.947037844640919e-14,8.017702286601782e-14,1.2622477822793983e-13,1.1137696444781666e-13,5.835751530405155e-18,False,1.389851824847922e-11,True,1.2821101156429471e-11,True
17,1,cpu_pcg,7.753518295958094e-08,3.986825293552614e-08,7.2165839936307746e-09,6.367697611968433e-09,9.146403905989415e-12,False,1.191025123062133e-07,True,6.039732262969956e-08,True
17,1,cpu_identity_corrected,7.886355399933894e-08,3.9928252074048454e-08,7.219200807486037e-09,6.370006610152591e-09,9.303104614003583e-12,False,1.1336880132767036e-07,True,6.01388624574728e-08,True
17,1,cpu_reference_eigen_corrected,9.849200609583229e-08,3.551994162634153e-08,8.8442464567834e-09,7.80389822833417e-09,1.1618566379310305e-11,False,3.734422117026003e-07,True,6.051954410259554e-07,True
17,1,cpu_rjd_corrected,6.015183934808022e-08,3.12310484898674e-08,7.000716035037795e-09,6.177222189573821e-09,7.095785390714096e-12,False,5.472156909348979e-07,True,4.829735723974078e-07,True
17,1,gpu_cholesky,5.803161532721774e-14,2.6857232992687532e-14,3.78274898171275e-14,3.3377844252609546e-14,6.8456740900923805e-18,False,5.013938418865753e-12,True,4.5234337249186455e-12,True
17,1,gpu_pcg,7.706761073327538e-08,3.985125684794902e-08,7.215507811816806e-09,6.36674802136256e-09,9.091246953052916e-12,False,1.1778773245714461e-07,True,6.076738260516277e-08,True
17,1,gpu_rjd_corrected,4.981465220592259e-08,2.5093639968126584e-08,5.837532563810131e-09,5.150863926640188e-09,5.876363635456395e-12,False,4.119618007593247e-07,True,3.87088738851949e-07,True
17,2,cpu_cholesky,5.348935195711771e-16,0.0,0.0,0.0,1.0131901697014254e-17,False,0.0,True,0.0,True
17,2,cpu_banded,7.114132837776107e-16,4.762142894276156e-16,7.99718737724344e-16,4.0932122338625785e-16,1.3475522124409861e-17,False,3.5202465863507015e-14,True,4.848418997613065e-14,True
17,2,cpu_information_smoother,5.512048972219628e-16,2.611977414624561e-16,4.226100499851305e-16,2.1630512643417267e-16,1.044087024655497e-17,False,1.5049418163194647e-14,True,4.2522855291030316e-14,True
17,2,cpu_pcg,8.823918531592822e-08,6.37831819052039e-08,1.1061462517759034e-07,5.66160470754284e-08,1.6714181786716087e-09,False,2.1412160987767424e-06,True,2.4648897617621835e-06,True
17,2,cpu_identity_corrected,9.31214778114761e-08,6.580854626591168e-08,1.1292279299254938e-07,5.779744001926296e-08,1.763898092874379e-09,False,4.635106314582396e-06,True,6.0047431244667105e-06,True
17,2,cpu_reference_eigen_corrected,2.280572118125548e-08,1.9496372979127984e-08,3.37946008959229e-08,1.729714051959296e-08,4.319837811343415e-10,False,2.0168492476845012e-06,True,1.2993923886375097e-06,True
17,2,cpu_rjd_corrected,7.451985079239654e-08,6.392882603232706e-08,1.1433533845200028e-07,5.852042524929072e-08,1.4115478624341456e-09,False,4.8738896264152006e-08,True,2.309716053717612e-06,True
17,2,gpu_cholesky,5.156542873688253e-16,3.0529027371861934e-16,4.95710857483234e-16,2.5372042076726705e-16,9.767474007636867e-18,False,1.0692711074361188e-14,True,3.617878815736471e-15,True
17,2,gpu_pcg,8.823918532238011e-08,6.37831818930826e-08,1.1061462516184942e-07,5.6616047067371704e-08,1.6714181787938195e-09,False,2.1412160581157034e-06,True,2.4648897535277747e-06,True
17,2,gpu_rjd_corrected,7.451985078526345e-08,6.392882603199857e-08,1.1433533845444707e-07,5.8520425250543065e-08,1.4115478622990312e-09,False,4.873886865311367e-08,True,2.3097160632056545e-06,True
17,3,cpu_cholesky,5.298299983211474e-16,0.0,0.0,0.0,1.1118560235832001e-17,False,0.0,True,0.0,True
17,3,cpu_banded,6.014957786633289e-16,4.604676020847684e-16,7.311580919800785e-16,3.8201292838369444e-16,1.2622477149006614e-17,False,4.33933877504818e-14,True,3.83510727056108e-14,True
17,3,cpu_information_smoother,4.783964701324637e-16,2.6693278229133044e-16,4.127266888038183e-16,2.1564000007859896e-16,1.0039220101979074e-17,False,1.3169167936415994e-14,True,2.8100399060450792e-14,True
17,3,cpu_pcg,6.609630306970879e-08,5.3008439752555195e-08,9.387793516941927e-08,4.904901596255821e-08,1.3870406167850768e-09,False,1.0614524145579307e-06,True,5.022721894817739e-06,True
17,3,cpu_identity_corrected,7.006812735123517e-08,5.475346909107326e-08,9.579107012642555e-08,5.0048584038649604e-08,1.4703899309085864e-09,False,3.0332833218825217e-06,True,7.239935729653899e-06,True
17,3,cpu_reference_eigen_corrected,1.214043800597798e-08,1.039197631347228e-08,1.7509009107491748e-08,9.148045977492842e-09,2.5476887259109976e-10,False,9.051743891135614e-07,True,1.5826899620207522e-06,True
17,3,cpu_rjd_corrected,6.926198696049557e-08,6.271406118364001e-08,1.1237424912083296e-07,5.871290552951693e-08,1.453472964990619e-09,False,7.439263015292913e-06,True,1.1509927075973651e-05,True
17,3,gpu_cholesky,4.84735873482995e-16,2.951857527157853e-16,4.612012279332228e-16,2.4096680812188373e-16,1.0172253411220644e-17,False,7.974882917323475e-14,True,6.108449362978895e-14,True
17,3,gpu_pcg,6.609630312465936e-08,5.300843976032779e-08,9.387793515088393e-08,4.904901595287393e-08,1.3870406179382224e-09,False,1.0614524461007618e-06,True,5.022721870441959e-06,True
17,3,gpu_rjd_corrected,6.926198695255675e-08,6.271406118205238e-08,1.1237424910828164e-07,5.871290552295916e-08,1.4534729648240219e-09,False,7.43926304305539e-06,True,1.1509927115595495e-05,True
17,4,cpu_cholesky,4.883655040362996e-16,0.0,0.0,0.0,1.1636304887253363e-17,False,0.0,True,0.0,True
17,4,cpu_banded,5.628778937914752e-16,4.739586446187079e-16,8.454049046296851e-16,4.443591890327674e-16,1.3411714652896089e-17,False,8.193482958342039e-14,True,4.323528029648185e-15,True
17,4,cpu_information_smoother,5.060132535353774e-16,2.5731325680758763e-16,3.924380228238763e-16,2.0627209590654785e-16,1.2056798538110975e-17,False,3.813407673488168e-14,True,1.1987781693475959e-14,True
17,4,cpu_pcg,4.394270820632271e-08,3.6655167068053906e-08,6.570789090068787e-08,3.453718443527703e-08,1.047024710676609e-09,False,3.010001113813615e-06,True,3.5446152008724117e-06,True
17,4,cpu_identity_corrected,4.4225250554718675e-08,3.7690602408980735e-08,6.831191106796372e-08,3.590590170131007e-08,1.0537568581349478e-09,False,4.350273026123118e-06,True,4.806806372796452e-06,True
17,4,cpu_reference_eigen_corrected,9.239286656277854e-08,8.695511256637678e-08,1.5790810686107908e-07,8.29991852687731e-08,2.201448582101336e-09,False,1.92792109095652e-06,True,3.6256519512644756e-06,True
17,4,cpu_rjd_corrected,9.58218186984993e-08,9.232813585045332e-08,1.7382133025025862e-07,9.136344599329597e-08,2.2831503942745983e-09,False,7.56137276345993e-06,True,2.906380311960586e-06,True
17,4,gpu_cholesky,4.244089690955144e-16,2.959116469467633e-16,4.82649278481038e-16,2.536886653940446e-16,1.0112409907054407e-17,False,2.077894720713579e-14,True,1.9343950628892023e-14,True
17,4,gpu_pcg,4.394270821029237e-08,3.665516706482495e-08,6.570789087842049e-08,3.453718442357291e-08,1.0470247107711944e-09,False,3.010001104617907e-06,True,3.54461518318598e-06,True
17,4,gpu_rjd_corrected,9.582181866123357e-08,9.232813582807741e-08,1.738213302300555e-07,9.136344598267686e-08,2.2831503933866666e-09,False,7.561372825673948e-06,True,2.906380347600249e-06,True
17,5,cpu_cholesky,4.2323665932373855e-16,0.0,0.0,0.0,1.0962769534401126e-17,False,0.0,True,0.0,True
17,5,cpu_banded,5.105078338667659e-16,4.139083286179981e-16,7.363433877065684e-16,3.7530068247753583e-16,1.3223286794508992e-17,False,4.5432431668084975e-14,True,2.9446979290435706e-14,True
17,5,cpu_information_smoother,4.261520309235509e-16,3.283912909265117e-16,5.947735522845326e-16,3.0314514100169493e-16,1.1038284134216153e-17,False,9.28505943034921e-14,True,9.352925205717466e-14,True
17,5,cpu_pcg,5.751095777397184e-08,4.9031367623453597e-08,9.157254511293936e-08,4.667284211532346e-08,1.4896615461186873e-09,False,3.508934985574825e-06,True,4.209188573799667e-06,True
17,5,cpu_identity_corrected,6.133133174205348e-08,5.1353509060873416e-08,9.477323012055698e-08,4.830417239927679e-08,1.5886177202303512e-09,False,8.009342434625349e-07,True,1.2165368220425296e-06,True
17,5,cpu_reference_eigen_corrected,6.458821895842055e-09,5.940848549847701e-09,1.0993714363902654e-08,5.6032940237115814e-09,1.6729783265869676e-10,False,5.335293966586716e-07,True,9.870694708705667e-07,True
17,5,cpu_rjd_corrected,2.746101987063063e-08,2.6080608747831755e-08,5.024861563541247e-08,2.561079525716702e-08,7.113014055713235e-10,False,3.2601049502271413e-07,True,7.170057401110263e-07,True
17,5,gpu_cholesky,4.092260708859366e-16,2.6537061433086826e-16,4.529920248915918e-16,2.308817040215526e-16,1.0599864174713272e-17,False,2.2873562890158636e-14,True,3.2988164036176274e-14,True
17,5,gpu_pcg,5.751095780945867e-08,4.9031367649058324e-08,9.157254515646895e-08,4.66728421375097e-08,1.4896615470378748e-09,False,3.508934958774341e-06,True,4.209188553007177e-06,True
17,5,gpu_rjd_corrected,2.746101988437043e-08,2.6080608762788018e-08,5.0248615664657935e-08,2.5610795272072893e-08,7.113014059272148e-10,False,3.2601069238186507e-07,True,7.170056019886449e-07,True
17,6,cpu_cholesky,4.033645587432701e-16,0.0,0.0,0.0,7.866378757714342e-18,False,0.0,True,0.0,True
17,6,cpu_banded,7.635745867264559e-16,5.127586732591004e-16,8.115109659124977e-16,4.270478221862861e-16,1.4891161800802902e-17,False,7.075741014623225e-14,True,2.250541241075585e-14,True
17,6,cpu_information_smoother,5.003302168948166e-16,3.3579909536667435e-16,5.417399761127822e-16,2.850841044767346e-16,9.757394160474595e-18,False,1.4419707614940927e-14,True,4.2362834873100715e-15,True
17,6,cpu_pcg,7.049550478877202e-08,5.731171508771739e-08,1.0324884645481123e-07,5.433345558330716e-08,1.3747968916620197e-09,False,1.8739859649578313e-06,True,2.4039378196981195e-06,True
17,6,cpu_identity_corrected,7.009982022483977e-08,5.843729318576627e-08,1.0652731294478202e-07,5.6058708886666346e-08,1.3670802883173753e-09,False,3.623251439972454e-07,True,8.519977825560533e-07,True
17,6,cpu_reference_eigen_corrected,1.9214268720996412e-08,1.6408437129262142e-08,2.8492047184129832e-08,1.4993594924413534e-08,3.7471491359330163e-10,False,1.7706329332009092e-06,True,9.190177968103275e-07,True
17,6,cpu_rjd_corrected,2.0706525319287192e-08,1.9102118303127074e-08,3.5653681087056554e-08,1.876231807173586e-08,4.0381676353472505e-10,False,2.0568502557280704e-06,True,6.109390731727599e-07,True
17,6,gpu_cholesky,5.227329004254987e-16,3.0507862784332367e-16,4.998303599351375e-16,2.6302967629386744e-16,1.0194289247119324e-17,False,1.1473865329720532e-14,True,1.7288388746594345e-14,True
17,6,gpu_pcg,7.049550476892454e-08,5.731171508917764e-08,1.0324884646401474e-07,5.4333455588150393e-08,1.3747968912749563e-09,False,1.873985913016405e-06,True,2.403937794420337e-06,True
17,6,gpu_rjd_corrected,2.0706525344846484e-08,1.9102118326116783e-08,3.565368113632944e-08,1.876231809766512e-08,4.0381676403318005e-10,False,2.056850227290765e-06,True,6.10939098249604e-07,True
17,7,cpu_cholesky,6.305650108228772e-16,0.0,0.0,0.0,1.0589177803237346e-17,False,0.0,True,0.0,True
17,7,cpu_banded,7.049862076835991e-16,5.35659144483795e-16,8.618298893077133e-16,4.54495595767704e-16,1.183894471443895e-17,False,4.075230491279828e-14,True,1.1196396917080057e-13,True
17,7,cpu_information_smoother,5.57942842061965e-16,2.873212102770635e-16,4.463033310534219e-16,2.353630349292881e-16,9.369622255011695e-18,False,6.606720507735557e-15,True,1.9403219700263444e-14,True
17,7,cpu_pcg,7.481126601031189e-08,5.847590702314269e-08,1.06106001168207e-07,5.595618208856816e-08,1.2563174037161323e-09,False,5.255544814311438e-07,True,8.083787265300594e-06,True
17,7,cpu_identity_corrected,7.684491309118066e-08,5.920529478637525e-08,1.0686292285546449e-07,5.635535317495961e-08,1.2904687597939196e-09,False,1.1838027200740122e-06,True,9.02643144504217e-06,True
17,7,cpu_reference_eigen_corrected,7.089278116876507e-08,5.7442223275941147e-08,9.414256119279864e-08,4.964712870516547e-08,1.1905136777409399e-09,False,7.686443585214586e-06,True,5.261087127162264e-06,True
17,7,cpu_rjd_corrected,2.8196215188301634e-08,2.4765432849497207e-08,4.394434742468426e-08,2.3174541300079848e-08,4.735034932302013e-10,False,1.1102783249716756e-07,True,1.4880745831359268e-07,True
17,7,gpu_cholesky,5.215140378843501e-16,4.188611833927192e-16,6.799031196925127e-16,3.585544865439648e-16,8.757867593755308e-18,False,2.7721003413976864e-14,True,7.379642477394277e-14,True
17,7,gpu_pcg,7.481126603961486e-08,5.84759070468652e-08,1.0610600121567226e-07,5.5956182113599486e-08,1.2563174042082225e-09,False,5.255543943423178e-07,True,8.083787188105587e-06,True
17,7,gpu_rjd_corrected,2.8196215186064454e-08,2.4765432853799747e-08,4.394434743223029e-08,2.317454130405933e-08,4.735034931926321e-10,False,1.1102780913673605e-07,True,1.4880742478383232e-07,True
17,8,cpu_cholesky,5.643742773352748e-16,0.0,0.0,0.0,9.371031342793555e-18,False,0.0,True,0.0,True
17,8,cpu_banded,7.183746582068836e-16,5.2346359689247985e-16,8.507756644974069e-16,4.3755539007873354e-16,1.1928097555598062e-17,False,2.3532968763700714e-14,True,3.915875705730355e-14,True
17,8,cpu_information_smoother,5.662448587050196e-16,3.876640833046636e-16,6.259345637724862e-16,3.2191922459021733e-16,9.402091008956747e-18,False,1.2634260859754308e-13,True,8.127251638309141e-14,True
17,8,cpu_pcg,7.908806804345973e-08,6.330145597196177e-08,1.200594465837497e-07,6.174678023215789e-08,1.3132008222429754e-09,False,1.5937838175161215e-06,True,2.7956543174804858e-06,True
17,8,cpu_identity_corrected,8.232959786340685e-08,6.443683177074856e-08,1.2125936239553646e-07,6.236389900153189e-08,1.3670241066557235e-09,False,2.0580595971840345e-06,True,3.955063142956062e-06,True
17,8,cpu_reference_eigen_corrected,8.406821232978378e-08,7.13089187022247e-08,1.2277299200825204e-07,6.31423613192308e-08,1.3958925835794015e-09,False,1.7095947271133772e-07,True,6.700251635029086e-06,True
17,8,cpu_rjd_corrected,7.975972335390476e-08,7.98645965744596e-08,1.5923593075235223e-07,8.189531353844694e-08,1.3243531623209576e-09,False,8.514214528055014e-06,True,8.314446001062685e-06,True
17,8,gpu_cholesky,5.078694922248121e-16,3.228127045790748e-16,4.969280543882018e-16,2.555709545445731e-16,8.432809787431283e-18,False,6.8915399719197356e-15,True,3.4266975435754646e-15,True
17,8,gpu_pcg,7.908806798750617e-08,6.330145597295832e-08,1.2005944660299072e-07,6.174678024205357e-08,1.3132008213139068e-09,False,1.593783827075855e-06,True,2.7956543427898527e-06,True
17,8,gpu_rjd_corrected,7.975972336753379e-08,7.986459659238224e-08,1.5923593078238858e-07,8.189531355389469e-08,1.3243531625472577e-09,False,8.514214596387813e-06,True,8.314446037950542e-06,True
17,9,cpu_cholesky,5.087462585074049e-16,0.0,0.0,0.0,9.293941770764799e-18,False,0.0,True,0.0,True
17,9,cpu_banded,8.774301386484898e-16,5.595333275262072e-16,8.250295157757895e-16,4.436141892959787e-16,1.6029178554429516e-17,False,3.684346048454011e-14,True,6.275888443267998e-14,True
17,9,cpu_information_smoother,5.555097243603839e-16,3.25487152156583e-16,5.15855726858047e-16,2.773730099203024e-16,1.0148231942670621e-17,False,3.56537780465953e-14,True,1.1974635295034682e-14,True
17,9,cpu_pcg,5.010741621132374e-08,4.2146132140307376e-08,7.495677741438016e-08,4.0303879326853e-08,9.153785423155204e-10,False,1.0108228551808177e-06,True,8.497051946192743e-06,True
17,9,cpu_identity_corrected,5.2479731447993967e-08,4.322124055794106e-08,7.610279727346171e-08,4.0920088396931544e-08,9.587167674438544e-10,False,1.2342894840696707e-07,True,6.962969447516158e-06,True
17,9,cpu_reference_eigen_corrected,1.8296095221220016e-08,1.478795320618215e-08,2.3321951981978474e-08,1.2540095382595676e-08,3.3423900656246067e-10,False,5.702063572264445e-07,True,2.0397550826132678e-06,True
17,9,cpu_rjd_corrected,4.065243786408156e-08,3.574555026437413e-08,6.117401576913596e-08,3.2892958242695905e-08,7.426519298636238e-10,False,8.51249108097187e-06,True,1.0386132484488215e-05,True
17,9,gpu_cholesky,5.270075484788946e-16,3.335558454304795e-16,5.211789995031496e-16,2.802353066426664e-16,9.627544942908044e-18,False,3.5310734729764826e-14,True,1.490994858201106e-14,True
17,9,gpu_pcg,5.010741627825419e-08,4.214613218500921e-08,7.495677749124015e-08,4.030387936818022e-08,9.153785435382274e-10,False,1.010822766981094e-06,True,8.497051901313945e-06,True
17,9,gpu_rjd_corrected,4.06524378710714e-08,3.574555027165594e-08,6.117401579806308e-08,3.2892958258249866e-08,7.426519299913165e-10,False,8.512491088057326e-06,True,1.038613249194621e-05,True
17,10,cpu_cholesky,5.120815811664027e-16,0.0,0.0,0.0,9.512361498288195e-18,False,0.0,True,0.0,True
17,10,cpu_banded,6.055715659839236e-16,4.519819133499137e-16,7.737831315443162e-16,3.8919792494308667e-16,1.1249019415232002e-17,False,4.611762333550734e-14,True,2.9630784681236435e-14,True
17,10,cpu_information_smoother,5.401936453696102e-16,3.111213522962018e-16,5.222630393459317e-16,2.6268819117603745e-16,1.003456758223852e-17,False,2.869168934821115e-14,True,3.296638976293053e-14,True
17,10,cpu_pcg,7.217064897168098e-08,5.9028305599551776e-08,1.1428040811591236e-07,5.7480831368853433e-08,1.3406326812040645e-09,False,2.464686435202882e-06,True,2.532338866260839e-06,True
17,10,cpu_identity_corrected,7.150530465573896e-08,6.081462766888597e-08,1.1972766416217875e-07,6.022069563238338e-08,1.3282733299871226e-09,False,4.270265707499072e-06,True,1.8113975778001185e-07,True
17,10,cpu_reference_eigen_corrected,8.903987867520222e-08,7.877435300974531e-08,1.4813471724550856e-07,7.450889301362453e-08,1.6539933354001727e-09,False,1.1866880300970335e-06,True,1.457460480531243e-05,True
17,10,cpu_rjd_corrected,3.401293270504214e-08,3.496371226266033e-08,7.323708106617167e-08,3.683683298052119e-08,6.318198553600956e-10,False,2.885599628634706e-06,True,1.279741329178736e-06,True
17,10,gpu_cholesky,4.696483454595522e-16,3.1385657001591015e-16,5.402233359891371e-16,2.717218724491701e-16,8.724127176979012e-18,False,1.9108805649903454e-15,True,2.7926929381290628e-14,True
17,10,gpu_pcg,7.217064896145403e-08,5.902830561146891e-08,1.1428040814994986e-07,5.748083138597364e-08,1.3406326810140902e-09,False,2.464686488637791e-06,True,2.5323388009293692e-06,True
17,10,gpu_rjd_corrected,3.401293267433078e-08,3.4963712251076794e-08,7.323708106327524e-08,3.683683297906435e-08,6.318198547896052e-10,False,2.885599635433815e-06,True,1.2797413200465076e-06,True
17,11,cpu_cholesky,4.941102963921586e-16,0.0,0.0,0.0,9.005761767068662e-18,False,0.0,True,0.0,True
17,11,cpu_banded,6.263704250534302e-16,5.331869259664232e-16,8.42770950511609e-16,4.449415432629401e-16,1.1416363648272782e-17,False,5.098977959931846e-14,True,1.5184523938453326e-14,True
17,11,cpu_information_smoother,4.948719872464353e-16,2.879132195932051e-16,4.531683970810622e-16,2.3925058858855763e-16,9.019644510302023e-18,False,5.557287736179862e-16,True,2.7142461709348917e-14,True
17,11,cpu_pcg,6.11169029920297e-08,4.935453513273858e-08,8.76666505971529e-08,4.62836726701496e-08,1.1139299723867537e-09,False,6.752191969459488e-07,True,1.858576111400295e-07,True
17,11,cpu_identity_corrected,6.07581469062276e-08,4.978039833084132e-08,8.89447892909699e-08,4.695846693374611e-08,1.1073912062862077e-09,False,2.497024011117631e-07,True,1.3173583254466201e-06,True
17,11,cpu_reference_eigen_corrected,2.226742547325726e-08,1.8487637531787428e-08,3.036660749150764e-08,1.6032072762746764e-08,4.058509413754297e-10,False,2.784232571669848e-06,True,1.5982287497648807e-07,True
17,11,cpu_rjd_corrected,8.963926078781352e-08,7.373895499914706e-08,1.244765876166557e-07,6.57175059968995e-08,1.6337846731647577e-09,False,4.496609081467087e-06,True,3.61420404861618e-06,True
17,11,gpu_cholesky,5.101904864976503e-16,3.275108444868319e-16,5.075978855984437e-16,2.6798667708951337e-16,9.298842810545439e-18,False,5.980168232188546e-17,True,3.811113846450278e-14,True
17,11,gpu_pcg,6.111690297013938e-08,4.935453512597339e-08,8.766665059395099e-08,4.6283672668459146e-08,1.1139299719877762e-09,False,6.752192794062397e-07,True,1.8585759106175214e-07,True
17,11,gpu_rjd_corrected,8.963926075772035e-08,7.373895498141365e-08,1.244765875911873e-07,6.571750598345345e-08,1.6337846726162733e-09,False,4.496609100008413e-06,True,3.6142040485401228e-06,True
17,12,cpu_cholesky,5.839060113613074e-16,0.0,0.0,0.0,9.328739855844157e-18,False,0.0,True,0.0,True
17,12,cpu_banded,6.564707275005709e-16,5.088497820459017e-16,8.630664640918787e-16,4.305895690078964e-16,1.0488065751459047e-17,False,2.795066700871935e-14,True,4.739385001708115e-14,True
17,12,cpu_information_smoother,6.096528234361889e-16,3.1139878368576583e-16,5.112085713924338e-16,2.5504533843824254e-16,9.740082276183202e-18,False,7.959395317982488e-15,True,2.5960190172654905e-14,True
17,12,cpu_pcg,9.885802652885455e-08,7.523117423591393e-08,1.4234367497037466e-07,7.101620119255247e-08,1.5793994151666404e-09,False,6.657242947372588e-07,True,2.591204125238678e-06,True
17,12,cpu_identity_corrected,9.779645762875307e-08,7.641537894076763e-08,1.4602920422016842e-07,7.28549361188417e-08,1.562439321610453e-09,False,1.5666441023281982e-06,True,1.904098193360841e-07,True
17,12,cpu_reference_eigen_corrected,3.681484943632118e-08,3.076545050289536e-08,5.56901717956786e-08,2.778419515663649e-08,5.881702635769332e-10,False,5.32588436210573e-06,True,1.2713256149993002e-06,True
17,12,cpu_rjd_corrected,5.423151981411216e-08,5.0285703731349574e-08,9.725607970058768e-08,4.852170161163342e-08,8.664266630154104e-10,False,6.9781176826320735e-06,True,4.810600463303823e-06,True
17,12,gpu_cholesky,5.608738898756122e-16,4.30522171383695e-16,7.136195142122032e-16,3.5602949696762344e-16,8.960768529144972e-18,False,4.701653212718083e-14,True,2.2297879957746408e-14,True
17,12,gpu_pcg,9.88580265441394e-08,7.523117424662756e-08,1.4234367497401595e-07,7.101620119436913e-08,1.579399415410838e-09,False,6.657242208216501e-07,True,2.5912041823130397e-06,True
17,12,gpu_rjd_corrected,5.42315198498646e-08,5.028570376845702e-08,9.725607979813501e-08,4.8521701660300434e-08,8.664266635866071e-10,False,6.9781178018838906e-06,True,4.810600534287199e-06,True
17,13,cpu_cholesky,5.485730315126562e-16,0.0,0.0,0.0,1.165591750396974e-17,False,0.0,True,0.0,True
17,13,cpu_banded,6.962271558490495e-16,4.591616568114829e-16,7.884673930149878e-16,4.059271907466426e-16,1.4793228661319598e-17,False,8.372570769187313e-14,True,2.6191387001485188e-14,True
17,13,cpu_information_smoother,5.361742641833486e-16,2.6099027885628907e-16,4.3528205884759454e-16,2.240965509743788e-16,1.1392472163350603e-17,False,6.251972082113437e-15,True,4.029434290289303e-15,True
17,13,cpu_pcg,5.2426553246123604e-08,4.0328100962436e-08,7.163935146550192e-08,3.688213481613156e-08,1.113943895825698e-09,False,7.939880904862754e-07,True,3.6511712449773826e-06,True
17,13,cpu_identity_corrected,5.540670323903517e-08,4.163879123382241e-08,7.313206738288101e-08,3.7650630741635194e-08,1.1772652406475599e-09,False,9.94192365494955e-07,True,5.990105971306576e-06,True
17,13,cpu_reference_eigen_corrected,5.746765761308975e-08,4.9262794849805375e-08,8.672441487989844e-08,4.46483880160588e-08,1.2210557964151126e-09,False,2.5828676708286715e-06,True,3.0666092812425493e-06,True
17,13,cpu_rjd_corrected,6.152323259210543e-08,5.391635714565969e-08,9.632700799909889e-08,4.959209739870664e-08,1.3072274513564832e-09,False,8.999853256820801e-06,True,4.5316124643711015e-06,True
17,13,gpu_cholesky,4.572354121696685e-16,2.9392347292861285e-16,4.767732332113677e-16,2.454574797831944e-16,9.715202786122198e-18,False,2.3519792197443027e-14,True,1.300239992893079e-14,True
17,13,gpu_pcg,5.242655322253255e-08,4.0328100944569884e-08,7.163935143280007e-08,3.688213479929565e-08,1.1139438953244422e-09,False,7.939881599972262e-07,True,3.6511712326376935e-06,True
17,13,gpu_rjd_corrected,6.152323255509361e-08,5.391635712332836e-08,9.632700795461714e-08,4.959209737580607e-08,1.307227450570067e-09,False,8.999853244988174e-06,True,4.531612464952105e-06,True
17,14,cpu_cholesky,4.1228042233928743e-16,0.0,0.0,0.0,9.77070254929315e-18,False,0.0,True,0.0,True
17,14,cpu_banded,4.951006352861397e-16,4.1496488259618206e-16,7.118993778865107e-16,3.651486072654175e-16,1.1733472600757945e-17,False,5.6363116012629404e-14,True,1.493608114849662e-14,True
17,14,cpu_information_smoother,4.386773223538797e-16,2.5149222846788393e-16,3.8635699965067285e-16,1.981708717719639e-16,1.039628708906487e-17,False,1.1907322286546226e-14,True,1.655549009890606e-14,True
17,14,cpu_pcg,9.95110755229078e-08,9.141840692099987e-08,1.8289916406628402e-07,9.381294197374544e-08,2.3583295936151996e-09,False,8.98959982221869e-06,True,2.0513844891366998e-05,True
17,14,cpu_identity_corrected,9.904133663232879e-08,9.168987053129125e-08,1.8409552410825396e-07,9.442658094672817e-08,2.3471971718474876e-09,False,1.0081557172990851e-05,True,2.1974568691003356e-05,True
17,14,cpu_reference_eigen_corrected,4.697155878320347e-08,4.3732912595556816e-08,8.190307816819558e-08,4.200986242276912e-08,1.1131868030915234e-09,False,3.5174514827523564e-06,True,7.627789335689582e-07,True
17,14,cpu_rjd_corrected,9.844659489948036e-08,9.609124321952643e-08,1.8924286925094174e-07,9.706676573737492e-08,2.333102275528771e-09,False,1.1297701433535574e-05,True,1.63974114630452e-05,True
17,14,gpu_cholesky,4.210125481210121e-16,2.667044050173152e-16,4.406346490839559e-16,2.2601105356148e-16,9.977646655812068e-18,False,1.4924328315748208e-14,True,1.9421800167524533e-14,True
17,14,gpu_pcg,9.951107549773693e-08,9.141840690732414e-08,1.8289916402829888e-07,9.381294195426204e-08,2.3583295930186717e-09,False,8.989599780838303e-06,True,2.0513844850779625e-05,True
17,14,gpu_rjd_corrected,9.844659490290037e-08,9.609124322978383e-08,1.8924286929041456e-07,9.706676575762139e-08,2.333102275609823e-09,False,1.129770133682927e-05,True,1.6397411380668163e-05,True
17,15,cpu_cholesky,4.3707183523202715e-16,0.0,0.0,0.0,1.0986974613488643e-17,False,0.0,True,0.0,True
17,15,cpu_banded,5.017246359713523e-16,3.7649239516023544e-16,6.637482611785761e-16,3.4563851937683775e-16,1.2612196426367089e-17,False,2.706797265288875e-14,True,3.1206169439671767e-14,True
17,15,cpu_information_smoother,4.726524868113726e-16,2.440464452273567e-16,3.72930451926894e-16,1.9419882020582399e-16,1.1881389865448598e-17,False,1.7916327075144805e-15,True,5.724737548027961e-15,True
17,15,cpu_pcg,7.483167372938792e-08,6.337494816190683e-08,1.1696735470134777e-07,6.09092718715572e-08,1.8810951276620973e-09,False,5.84623067435883e-07,True,7.261271415806782e-07,True
17,15,cpu_identity_corrected,7.844853050867324e-08,6.522014758422201e-08,1.1944190149756666e-07,6.21978608454177e-08,1.972014541023364e-09,False,2.348746136562583e-06,True,2.3295726360575317e-06,True
17,15,cpu_reference_eigen_corrected,7.08210146733696e-08,6.596367329883878e-08,1.1962143335094641e-07,6.229134978936306e-08,1.7802764091748988e-09,False,9.29461229455447e-06,True,1.3653180323017018e-06,True
17,15,cpu_rjd_corrected,6.78004910123962e-08,6.377638538543855e-08,1.1946618047799206e-07,6.221050381766642e-08,1.704347467436309e-09,False,8.453795331706042e-06,True,1.4136132910069997e-05,True
17,15,gpu_cholesky,4.4197563332972936e-16,2.420384871447968e-16,3.962372860000295e-16,2.0633555952638524e-16,1.1110244750949057e-17,False,3.955115734776562e-14,True,4.7644286487175514e-14,True
17,15,gpu_pcg,7.483167373052111e-08,6.337494815797353e-08,1.1696735468108578e-07,6.090927186100602e-08,1.8810951276905838e-09,False,5.846230085605388e-07,True,7.261271406088271e-07,True
17,15,gpu_rjd_corrected,6.78004909998709e-08,6.377638539026687e-08,1.1946618051406044e-07,6.221050383644857e-08,1.7043474671214517e-09,False,8.453795291790148e-06,True,1.4136132883738066e-05,True
18,0,cpu_cholesky,3.7230560840016753e-16,0.0,0.0,0.0,1.1024451272521128e-17,False,0.0,True,0.0,True
18,0,cpu_banded,4.032465237472249e-16,3.454821456052931e-16,6.197600274729374e-16,3.0688371044559157e-16,1.1940651850418952e-17,False,1.0926402007290897e-14,True,1.524569474358866e-14,True
18,0,cpu_information_smoother,3.925267337085463e-16,2.298116509473418e-16,4.223801790589902e-16,2.091480425041713e-16,1.1623224983171642e-17,False,4.040304523329055e-16,True,5.47711200248574e-16,True
18,0,cpu_pcg,9.437952271161153e-08,8.05020172037505e-08,1.505586708594367e-07,7.455144169509714e-08,2.7946999097975443e-09,False,8.37065497744507e-06,True,1.2279479793354805e-05,True
18,0,cpu_identity_corrected,3.4700954011949245e-08,3.23537783795305e-08,6.480415112623236e-08,3.2088772215570895e-08,1.0275401920609964e-09,False,2.739784665866224e-06,True,4.030008686514824e-06,True
18,0,cpu_reference_eigen_corrected,3.367738514434866e-08,3.2839654076699386e-08,6.452715817454493e-08,3.1951614894974215e-08,9.972310017643574e-10,False,2.6195931053939675e-06,True,4.5672456592993506e-06,True
18,0,cpu_rjd_corrected,2.7502587108040405e-08,2.5163526594875124e-08,4.791107092281671e-08,2.3723903711840977e-08,8.143872238998634e-10,False,2.087067253725047e-07,True,2.4605389546816024e-06,True
18,0,gpu_cholesky,3.476867227767825e-16,2.3108736816793297e-16,3.9908167194085037e-16,1.9761142833850539e-16,1.029545418299284e-17,False,7.779038662985948e-15,True,2.039865053739339e-14,True
18,0,gpu_pcg,9.4379522711081e-08,8.050201719790285e-08,1.5055867084583046e-07,7.455144168835982e-08,2.7946999097818353e-09,False,8.370655001176725e-06,True,1.2279479819812428e-05,True
18,0,gpu_rjd_corrected,2.7502587105245087e-08,2.516352660098624e-08,4.791107097090634e-08,2.37239037356533e-08,8.143872238170902e-10,False,2.0870674881484636e-07,True,2.460538931550337e-06,True
18,1,cpu_cholesky,5.533496643965356e-14,0.0,0.0,0.0,6.037954198302045e-18,False,0.0,True,0.0,True
18,1,cpu_banded,7.261242685691762e-14,2.143787698810488e-14,3.6045143854736204e-14,1.8508768078538887e-14,7.923209062894358e-18,False,3.495928359244889e-12,True,3.2483607654895965e-12,True
18,1,cpu_information_smoother,5.5496605159671205e-14,9.597414855924149e-14,2.374601355686645e-13,1.2193305691471983e-13,6.055591638983299e-18,False,2.6621178931215453e-11,True,2.4293570628184862e-11,True
18,1,cpu_pcg,5.747878179348915e-08,2.9489666596309273e-08,1.0345570380859041e-08,5.312331769050796e-09,6.271879685304501e-12,False,2.832536790078401e-07,True,5.13114858502463e-07,True
18,1,cpu_identity_corrected,5.8828528582577454e-08,2.951653086921966e-08,1.034847028735794e-08,5.313820837787873e-09,6.419159241391356e-12,False,2.836731960278412e-07,True,5.116312398864434e-07,True
18,1,cpu_reference_eigen_corrected,9.559885271935186e-08,3.208716748301274e-08,1.1956509318233997e-08,6.13953044248994e-09,1.0431405889503332e-11,False,1.307070927244264e-07,True,4.566917987477348e-07,True
18,1,cpu_rjd_corrected,6.73488161043858e-08,3.355139651465107e-08,1.0428920447331203e-08,5.35513107249875e-09,7.34886262537923e-12,False,6.947243784786757e-07,True,6.895523341650638e-07,True
18,1,gpu_cholesky,7.13888819142517e-14,3.157860380050681e-14,6.703527546349525e-14,3.442184532915307e-14,7.789700202245746e-18,False,8.155708260831313e-12,True,7.186873442704564e-12,True
18,1,gpu_pcg,7.650970564036303e-08,3.054739821714836e-08,1.048888291224531e-08,5.3859211107070985e-09,8.348466226351333e-12,False,2.3391287209213622e-07,True,4.897191230487993e-07,True
18,1,gpu_rjd_corrected,6.606878000924821e-08,3.20143211832446e-08,9.84406316054226e-09,5.054813561661637e-09,7.209189650341821e-12,False,6.972920591519061e-07,True,7.011631827227745e-07,True
18,2,cpu_cholesky,4.449938488660883e-16,0.0,0.0,0.0,8.204145027303159e-18,False,0.0,True,0.0,True
18,2,cpu_banded,6.084022786767333e-16,4.751037289377425e-16,8.048257929238556e-16,4.002530479715053e-16,1.1216830394227981e-17,False,2.300566048774402e-14,True,3.943472249235139e-14,True
18,2,cpu_information_smoother,5.060933751784216e-16,2.7593494909682553e-16,4.223101606538702e-16,2.1002175933871892e-16,9.330608631784923e-18,False,1.2658669209364186e-14,True,6.417851517714412e-15,True
18,2,cpu_pcg,8.766940245020046e-08,6.893807965489958e-08,1.2769982631540197e-07,6.3507215048968e-08,1.6163200785084213e-09,False,4.396871651665115e-06,True,6.05268848711713e-06,True
18,2,cpu_identity_corrected,9.104338982379043e-08,6.976327837968639e-08,1.276037747251343e-07,6.345944702002912e-08,1.6785247169889518e-09,False,3.993534014538602e-06,True,5.030756216219781e-06,True
18,2,cpu_reference_eigen_corrected,1.8829400155817648e-08,1.6300453285540374e-08,2.941057800884333e-08,1.4626362119779857e-08,3.4714890987800755e-10,False,1.8908433798902855e-06,True,3.754709869298696e-06,True
18,2,cpu_rjd_corrected,8.910420541130916e-08,7.53343440401782e-08,1.3509782948820546e-07,6.718636318866686e-08,1.6427728762192756e-09,False,7.146415345716322e-06,True,2.558604228268213e-06,True
18,2,gpu_cholesky,5.136851798337772e-16,3.2107827781247204e-16,5.158670284410931e-16,2.5654912193039707e-16,9.47057521013247e-18,False,1.8102231527200816e-14,True,2.1416994151358632e-14,True
18,2,gpu_pcg,8.766940247850546e-08,6.893807966475273e-08,1.2769982633435362e-07,6.350721505839296e-08,1.6163200790302674e-09,False,4.396871611140863e-06,True,6.052688442428311e-06,True
18,2,gpu_rjd_corrected,8.910420545879341e-08,7.533434409341862e-08,1.3509782958797086e-07,6.718636323828183e-08,1.6427728770947207e-09,False,7.146415376206134e-06,True,2.558604229436412e-06,True
18,3,cpu_cholesky,5.622755644852363e-16,0.0,0.0,0.0,1.1379788384800707e-17,False,0.0,True,0.0,True
18,3,cpu_banded,5.853152919108475e-16,4.576428865115282e-16,7.769903500527682e-16,3.8865795005575887e-16,1.1846085053387002e-17,False,1.0326537882716908e-14,True,1.3130258563399537e-14,True
18,3,cpu_information_smoother,5.171955545022721e-16,2.9469581050498867e-16,4.949285213547249e-16,2.4756794536868003e-16,1.0467422622542323e-17,False,1.6526026958259147e-14,True,2.7353673079583525e-14,True
18,3,cpu_pcg,6.727688774124536e-08,5.388876728164273e-08,9.873302660597218e-08,4.9387197306725596e-08,1.3616041557900499e-09,False,9.369471054787308e-07,True,5.439073793607088e-06,True
18,3,cpu_identity_corrected,7.087552987890831e-08,5.5430529405623115e-08,1.0012580279684569e-07,5.008387718079946e-08,1.4344363898841071e-09,False,2.4846688779369436e-06,True,7.983236115299177e-06,True
18,3,cpu_reference_eigen_corrected,9.730063864997865e-09,8.011935030503698e-09,1.372144075471691e-08,6.8635949406291084e-09,1.9692491508914412e-10,False,1.045585301921537e-07,True,2.9631160990125454e-07,True
18,3,cpu_rjd_corrected,7.618209392213026e-08,6.750614441433294e-08,1.230164668910617e-07,6.153400469096578e-08,1.5418349346097732e-09,False,1.2955472235568867e-05,True,9.220093706316334e-06,True
18,3,gpu_cholesky,5.371193654753192e-16,3.368541498036503e-16,5.753676197579005e-16,2.8780434610079787e-16,1.0870656849695011e-17,False,4.1996753328853066e-14,True,2.1421742026403506e-14,True
18,3,gpu_pcg,6.727688776025691e-08,5.388876729463976e-08,9.873302662181605e-08,4.938719731465085e-08,1.361604156174821e-09,False,9.36947088182045e-07,True,5.439073780354018e-06,True
18,3,gpu_rjd_corrected,7.618209390533751e-08,6.750614439696496e-08,1.23016466873916e-07,6.153400468238933e-08,1.5418349342699079e-09,False,1.2955472240189784e-05,True,9.220093701840954e-06,True
18,4,cpu_cholesky,5.535153379958402e-16,0.0,0.0,0.0,1.2712389030572345e-17,False,0.0,True,0.0,True
18,4,cpu_banded,7.242313550681171e-16,4.713112552897832e-16,8.311815760337265e-16,4.165737582964807e-16,1.663316280827916e-17,False,1.658803093862675e-14,True,1.831240255728128e-14,True
18,4,cpu_information_smoother,6.185262556529323e-16,2.66945291842965e-16,4.645303755160721e-16,2.328145497341409e-16,1.4205471551977868e-17,False,1.1493048356112328e-14,True,7.156858965155096e-15,True
18,4,cpu_pcg,4.983759919133972e-08,4.281515029385568e-08,8.149185353821787e-08,4.084230050063611e-08,1.14460233674567e-09,False,4.297434542361906e-06,True,5.005245667637792e-07,True
18,4,cpu_identity_corrected,4.95959405014286e-08,4.328971915471008e-08,8.30364577208782e-08,4.161642926865053e-08,1.1390522475817327e-09,False,3.4743622588711008e-06,True,1.933724686397152e-06,True
18,4,cpu_reference_eigen_corrected,9.944576684010047e-08,9.094357708486116e-08,1.6816253387445728e-07,8.428013897398928e-08,2.2839353397082503e-09,False,4.211815674936866e-06,True,3.9947908359734096e-07,True
18,4,cpu_rjd_corrected,9.959539450320152e-08,9.335009789057717e-08,1.7808671149307083e-07,8.925396429422223e-08,2.2873718212676902e-09,False,3.6259364755687807e-06,True,8.912011017845453e-07,True
18,4,gpu_cholesky,5.805567064379778e-16,2.8725737683891345e-16,4.904782249274182e-16,2.458191608331687e-16,1.333343847935578e-17,False,8.0348390607936e-15,True,9.136211373979918e-15,True
18,4,gpu_pcg,4.9837599188802354e-08,4.281515029154163e-08,8.149185350371379e-08,4.0842300483343263e-08,1.1446023366873952e-09,False,4.297434551724255e-06,True,5.005245245046188e-07,True
18,4,gpu_rjd_corrected,9.959539448869023e-08,9.335009788125305e-08,1.7808671146723643e-07,8.925396428127447e-08,2.2873718209344146e-09,False,3.62593655327878e-06,True,8.912010553855204e-07,True
18,5,cpu_cholesky,5.276496515680373e-16,0.0,0.0,0.0,1.3099235355190148e-17,False,0.0,True,0.0,True
18,5,cpu_banded,5.576788010316565e-16,4.176466619115227e-16,7.180974907285819e-16,3.583563933588403e-16,1.3844727928095614e-17,False,4.371097732115855e-14,True,1.2043049714438908e-14,True
18,5,cpu_information_smoother,4.957619258057161e-16,2.5894855241227823e-16,4.249703818256445e-16,2.1207545671946697e-16,1.2307602453583759e-17,False,2.7547679576393553e-14,True,2.9624795545046585e-15,True
18,5,cpu_pcg,6.631015613711597e-08,5.607333810511471e-08,1.0411706293459792e-07,5.195814724613803e-08,1.6461914453131549e-09,False,2.474069845045585e-06,True,8.399128621940762e-06,True
18,5,cpu_identity_corrected,7.192830469960447e-08,5.859986117082591e-08,1.0633787437245546e-07,5.306641177494627e-08,1.7856655284855362e-09,False,6.26500772339576e-07,True,5.043041134527017e-06,True
18,5,cpu_reference_eigen_corrected,5.82442908541834e-09,5.498773363931945e-09,1.058505632864573e-08,5.2823226071783735e-09,1.4459512497326288e-10,False,3.421765545097261e-07,True,4.069545456528837e-07,True
18,5,cpu_rjd_corrected,2.870321544416232e-08,2.6572878173409177e-08,5.111459349137235e-08,2.550801473068339e-08,7.125754207789948e-10,False,1.1319528646058687e-06,True,7.609274258455821e-07,True
18,5,gpu_cholesky,4.0651000301045796e-16,2.9056890046677896e-16,5.04918550988835e-16,2.51972459461943e-16,1.0091867184690864e-17,False,2.931482909477336e-14,True,1.0114463285251332e-15,True
18,5,gpu_pcg,6.631015612936104e-08,5.607333810252408e-08,1.0411706292502989e-07,5.195814724136324e-08,1.646191445120634e-09,False,2.47406987336123e-06,True,8.399128646891255e-06,True
18,5,gpu_rjd_corrected,2.8703215463890942e-08,2.657287818435027e-08,5.111459351847323e-08,2.55080147442077e-08,7.125754212687704e-10,False,1.131952852536545e-06,True,7.609273972150963e-07,True
18,6,cpu_cholesky,4.698655136729139e-16,0.0,0.0,0.0,8.934224108860842e-18,False,0.0,True,0.0,True
18,6,cpu_banded,7.502506168190313e-16,5.06372799195094e-16,8.10364180000098e-16,3.9979799710381805e-16,1.4265586542149128e-17,False,2.7728884481729007e-14,True,2.1264680228166385e-15,True
18,6,cpu_information_smoother,5.034064053419179e-16,2.7047189280351866e-16,4.173403195343432e-16,2.0589733354265197e-16,9.571984987797167e-18,False,8.80512037288699e-15,True,1.4898673631097806e-14,True
18,6,cpu_pcg,6.586706270889526e-08,5.283150432820458e-08,1.0142950569149865e-07,5.0040851043893095e-08,1.252424539274002e-09,False,2.8410210272830608e-06,True,9.324261900519512e-07,True
18,6,cpu_identity_corrected,6.566908208652048e-08,5.369266260147608e-08,1.0397945577013503e-07,5.1298884110154025e-08,1.2486600513916629e-09,False,3.7341507714692004e-06,True,4.553930182317315e-07,True
18,6,cpu_reference_eigen_corrected,9.988736084825565e-08,8.115337714471161e-08,1.411427197997962e-07,6.96336018723546e-08,1.899301055516785e-09,False,1.454826238402173e-06,True,6.9127186918700435e-06,True
18,6,cpu_rjd_corrected,9.978600304875514e-08,8.462621923062765e-08,1.5612226233988144e-07,7.702384844650204e-08,1.8973737931405667e-09,False,1.200872747977179e-05,True,7.0143705655888725e-06,True
18,6,gpu_cholesky,5.222475736346437e-16,2.8778396562742495e-16,4.783511400834814e-16,2.359973854195784e-16,9.930239030925675e-18,False,1.8963752638815158e-14,True,2.640199861031031e-14,True
18,6,gpu_pcg,6.586706269275892e-08,5.283150432644163e-08,1.014295057065709e-07,5.004085105132908e-08,1.2524245389671784e-09,False,2.841021008831968e-06,True,9.324261942526586e-07,True
18,6,gpu_rjd_corrected,9.978600303367717e-08,8.462621924282822e-08,1.561222623877667e-07,7.702384847012652e-08,1.8973737928538676e-09,False,1.2008727465552069e-05,True,7.014370571986643e-06,True
18,7,cpu_cholesky,5.276588187841675e-16,0.0,0.0,0.0,8.499812346591912e-18,False,0.0,True,0.0,True
18,7,cpu_banded,8.288021781072104e-16,5.914323240906408e-16,8.848908253187746e-16,4.359612950296914e-16,1.3350791715355507e-17,False,3.907435514506376e-14,True,3.2928743434375924e-14,True
18,7,cpu_information_smoother,6.0347223856787185e-16,3.1182174658605094e-16,4.4181533191336916e-16,2.176702241155429e-16,9.721055730715982e-18,False,6.505132660356494e-15,True,1.670333079781602e-14,True
18,7,cpu_pcg,7.443895087158972e-08,5.7889824352714625e-08,1.1057361751238376e-07,5.447657056388945e-08,1.1991026981037883e-09,False,8.220188323342205e-06,True,2.758318314803585e-06,True
18,7,cpu_identity_corrected,7.651999697929887e-08,5.864241875360722e-08,1.1141652641156367e-07,5.4891848522214014e-08,1.2326253089071196e-09,False,7.0034683621040785e-06,True,1.5151085046428712e-06,True
18,7,cpu_reference_eigen_corrected,6.614906218161325e-08,5.36973603525049e-08,9.379264442827925e-08,4.620904812125465e-08,1.0655647182005744e-09,False,4.988069461301515e-06,True,2.4275482215076272e-06,True
18,7,cpu_rjd_corrected,3.320079356849485e-08,2.9498834421144e-08,5.600706763443296e-08,2.7593136958931536e-08,5.348162561476483e-10,False,1.661920708610769e-06,True,1.7425219644566946e-06,True
18,7,gpu_cholesky,5.817084945028549e-16,3.595959614197136e-16,6.072686005565899e-16,2.991844846330585e-16,9.370473623629917e-18,False,7.818932923484334e-16,True,8.227288048389652e-16,True
18,7,gpu_pcg,7.443895082285382e-08,5.788982433749699e-08,1.1057361751698306e-07,5.447657056615539e-08,1.1991026973187244e-09,False,8.220188285978286e-06,True,2.758318289810858e-06,True
18,7,gpu_rjd_corrected,3.320079356106474e-08,2.9498834439709843e-08,5.600706768906633e-08,2.759313698584789e-08,5.348162560279602e-10,False,1.6619206978000693e-06,True,1.7425219548717956e-06,True
18,8,cpu_cholesky,6.205475242139347e-16,0.0,0.0,0.0,9.999493466427845e-18,False,0.0,True,0.0,True
18,8,cpu_banded,7.703123886058787e-16,5.712073723616695e-16,9.451863072546735e-16,4.649716476925945e-16,1.2412802237395408e-17,False,2.7841291755111723e-15,True,1.880990634246628e-14,True
18,8,cpu_information_smoother,7.033844739595015e-16,3.69219825542676e-16,6.266831982329453e-16,3.082883417026952e-16,1.133432682799652e-17,False,3.872311883298039e-14,True,8.605283385447436e-15,True
18,8,cpu_pcg,5.9613834539992e-08,4.709980431676028e-08,9.195556496024382e-08,4.523629915699519e-08,9.606164317763379e-10,False,3.025431923005933e-06,True,9.151207827806723e-06,True
18,8,cpu_identity_corrected,5.947091024288054e-08,4.767716002518408e-08,9.351371208822429e-08,4.600280860797198e-08,9.583133519973262e-10,False,1.3779925292450535e-06,True,1.0619626585151336e-05,True
18,8,cpu_reference_eigen_corrected,8.01864998218031e-08,6.11845024294821e-08,1.0489562686375509e-07,5.1601987972352346e-08,1.2921240737402922e-09,False,7.155263832434012e-06,True,1.994468260409302e-06,True
18,8,cpu_rjd_corrected,7.772926246262813e-08,7.560943228156466e-08,1.5306787202686483e-07,7.529967385144706e-08,1.2525281537338338e-09,False,2.5972739468593224e-06,True,1.8532148909407677e-05,True
18,8,gpu_cholesky,6.230330410525077e-16,3.144057001694455e-16,4.971520986719839e-16,2.445672654153875e-16,1.0039545047359521e-17,False,1.4452333839927782e-14,True,2.5159665129283076e-14,True
18,8,gpu_pcg,5.961383449533994e-08,4.7099804316713654e-08,9.195556496468913e-08,4.5236299159182e-08,9.606164310568154e-10,False,3.0254319357460617e-06,True,9.151207810982304e-06,True
18,8,gpu_rjd_corrected,7.772926243307547e-08,7.560943224760785e-08,1.5306787195956457e-07,7.52996738183396e-08,1.2525281532576224e-09,False,2.5972739652034895e-06,True,1.8532148917375977e-05,True
18,9,cpu_cholesky,5.8059601072444e-16,0.0,0.0,0.0,1.0290989835598414e-17,False,0.0,True,0.0,True
18,9,cpu_banded,6.394584978164119e-16,4.2040130808645527e-16,6.498407359882077e-16,3.3058656207097863e-16,1.1334319870893862e-17,False,2.888608638965985e-14,True,4.977999723252018e-15,True
18,9,cpu_information_smoother,5.758026265053837e-16,3.1644460405686056e-16,5.238169746152557e-16,2.664758350815681e-16,1.0206027715009818e-17,False,3.073679297051837e-14,True,1.849264492239179e-14,True
18,9,cpu_pcg,5.245119792089647e-08,4.233375800691332e-08,7.754547196228856e-08,3.944888271924158e-08,9.296907561014337e-10,False,5.241971088557283e-06,True,1.0466837183527792e-05,True
18,9,cpu_identity_corrected,5.334917284040821e-08,4.260949466010744e-08,7.769509438750302e-08,3.952499854335217e-08,9.456072465513303e-10,False,4.891051966323263e-06,True,1.002952154449228e-05,True
18,9,cpu_reference_eigen_corrected,8.201968640408119e-08,6.352686879792083e-08,1.0302986237851061e-07,5.2413285453031306e-08,1.453788412739975e-09,False,5.625478417262561e-06,True,7.827543923789258e-07,True
18,9,cpu_rjd_corrected,4.730702899974395e-08,4.1096205880475186e-08,7.335996952855186e-08,3.731963660787771e-08,8.385110216835289e-10,False,1.3631165091076244e-05,True,5.142559116704072e-06,True
18,9,gpu_cholesky,5.518863003714268e-16,3.2381533679441195e-16,5.040163729730348e-16,2.5640288572439274e-16,9.782113901268133e-18,False,1.4513360237618238e-15,True,7.813505901056383e-15,True
18,9,gpu_pcg,5.245119791547224e-08,4.2333757988955474e-08,7.75454719213928e-08,3.9448882698437124e-08,9.296907560052899e-10,False,5.241971069629366e-06,True,1.0466837189872017e-05,True
18,9,gpu_rjd_corrected,4.7307029071736604e-08,4.1096205953590144e-08,7.335996966975625e-08,3.731963667971112e-08,8.385110229595893e-10,False,1.3631165117183947e-05,True,5.142559113396909e-06,True
18,10,cpu_cholesky,4.969147544428198e-16,0.0,0.0,0.0,8.904833803068674e-18,False,0.0,True,0.0,True
18,10,cpu_banded,6.47510427898995e-16,4.974097466157958e-16,9.442094072086505e-16,4.613439120506811e-16,1.1603545064101986e-17,False,6.237629477897488e-15,True,1.3851128338663481e-16,True
18,10,cpu_information_smoother,5.319209247002965e-16,3.2563153274485355e-16,5.677614302322129e-16,2.774101564071127e-16,9.532152926595775e-18,False,3.315061947295376e-14,True,2.682945757451766e-14,True
18,10,cpu_pcg,8.962616809049561e-08,7.297097946998006e-08,1.4434524820747856e-07,7.052757681246985e-08,1.606122827231478e-09,False,1.827086212854282e-06,True,4.849742515867185e-06,True
18,10,cpu_identity_corrected,8.876024928613338e-08,7.325181853267149e-08,1.4571060697126536e-07,7.119469572552987e-08,1.5906053503619256e-09,False,1.261637204595773e-06,True,3.6299090445044953e-06,True
18,10,cpu_reference_eigen_corrected,7.713762325549278e-08,6.886600740467526e-08,1.328295742486542e-07,6.490097954124588e-08,1.3823250692518007e-09,False,1.4861571552280314e-06,True,2.8712207480190295e-06,True
18,10,cpu_rjd_corrected,3.6185534977990515e-08,3.494873968618728e-08,7.141546848590501e-08,3.4893839608758456e-08,6.484536244676561e-10,False,7.12807496016296e-06,True,7.103093136753185e-06,True
18,10,gpu_cholesky,4.681020877684302e-16,3.647685705189154e-16,6.308678478457783e-16,3.0824416563755955e-16,8.388503776912892e-18,False,3.201452831667936e-15,True,3.0820394833917226e-14,True
18,10,gpu_pcg,8.962616801561913e-08,7.297097943777049e-08,1.4434524816394176e-07,7.052757679119763e-08,1.6061228258896728e-09,False,1.8270862220848444e-06,True,4.849742419667688e-06,True
18,10,gpu_rjd_corrected,3.618553493683654e-08,3.4948739674705044e-08,7.141546845231253e-08,3.4893839592345055e-08,6.484536237301669e-10,False,7.1280748804924894e-06,True,7.103093048066152e-06,True
18,11,cpu_cholesky,4.427829299869051e-16,0.0,0.0,0.0,7.872343893152868e-18,False,0.0,True,0.0,True
18,11,cpu_banded,6.384746241652555e-16,5.980398888061498e-16,1.0238902163867012e-15,5.157006686958267e-16,1.1351593451511483e-17,False,2.0971341883334947e-14,True,2.4677291135849645e-14,True
18,11,cpu_information_smoother,5.392788020652727e-16,2.9206902956377713e-16,4.524280352892964e-16,2.2787349327235907e-16,9.587967142886236e-18,False,8.103427138904105e-15,True,2.4683134499687326e-15,True
18,11,cpu_pcg,7.013762310302259e-08,5.468583706555665e-08,9.886797436703538e-08,4.9796628269007294e-08,1.2469936200856773e-09,False,5.803820849579543e-06,True,4.7007170802438666e-06,True
18,11,cpu_identity_corrected,6.995044203844151e-08,5.5771569174974974e-08,1.0209954980951585e-07,5.142426919179034e-08,1.2436656834886496e-09,False,5.954502550252984e-06,True,5.657139910397842e-06,True
18,11,cpu_reference_eigen_corrected,1.748524376381117e-08,1.4158848472107401e-08,2.3941262208387734e-08,1.2058446044985612e-08,3.108743420289773e-10,False,1.9870530209248256e-06,True,3.198381793788737e-06,True
18,11,cpu_rjd_corrected,9.944528079822839e-08,8.814616267928127e-08,1.6509947719018566e-07,8.315531238180506e-08,1.768061483998053e-09,False,1.779742133783654e-05,True,9.834625349829553e-06,True
18,11,gpu_cholesky,4.597637792948788e-16,3.743804286485602e-16,5.732350262417962e-16,2.887201006725077e-16,8.174250485067168e-18,False,1.1409818618705609e-14,True,8.943428472116139e-15,True
18,11,gpu_pcg,7.013762311277992e-08,5.468583705716969e-08,9.88679743347314e-08,4.979662825273681e-08,1.2469936202591553e-09,False,5.803820873546819e-06,True,4.700717108434781e-06,True
18,11,gpu_rjd_corrected,9.944528078958201e-08,8.814616267078729e-08,1.6509947717522787e-07,8.315531237427131e-08,1.7680614838443268e-09,False,1.779742133029611e-05,True,9.834625348300206e-06,True
18,12,cpu_cholesky,5.179245375306264e-16,0.0,0.0,0.0,8.05582295852099e-18,False,0.0,True,0.0,True
18,12,cpu_banded,7.716679754873752e-16,5.783992270715995e-16,1.0216671951055963e-15,5.013572098257142e-16,1.2002560494479405e-17,False,1.4254268276955047e-16,True,1.6856164343515085e-14,True
18,12,cpu_information_smoother,6.4147472388321e-16,3.005709830393268e-16,4.80334886552201e-16,2.3571213762899784e-16,9.977528449622261e-18,False,4.717936412367785e-15,True,1.0730271117528119e-14,True
18,12,cpu_pcg,8.382850226619447e-08,6.44408730040783e-08,1.225319648340643e-07,6.012944753239294e-08,1.3038725219252745e-09,False,4.566223413515834e-06,True,1.900079265182618e-06,True
18,12,cpu_identity_corrected,8.426028652612866e-08,6.579036141994464e-08,1.2567001725299405e-07,6.166936700184292e-08,1.3105885144246357e-09,False,3.4836899354749854e-06,True,2.6821968483072467e-06,True
18,12,cpu_reference_eigen_corrected,2.2190100812469812e-08,1.706933479415894e-08,3.017212051769724e-08,1.4806201304833316e-08,3.451458860917481e-10,False,8.21092137710337e-07,True,1.3927815632226648e-06,True
18,12,cpu_rjd_corrected,7.875363708960282e-08,6.963083826166202e-08,1.3306530137974164e-07,6.52984147322747e-08,1.224937818709312e-09,False,2.080133266227891e-05,True,9.345674287963307e-06,True
18,12,gpu_cholesky,5.769697600600545e-16,3.9146423093573254e-16,6.813365412363027e-16,3.3434859110968073e-16,8.974215165832508e-18,False,1.9986273168223816e-14,True,3.1196004248746015e-14,True
18,12,gpu_pcg,8.382850226936627e-08,6.444087300326304e-08,1.2253196483066084e-07,6.012944753072278e-08,1.3038725219746086e-09,False,4.566223402159478e-06,True,1.9000792701207515e-06,True
18,12,gpu_rjd_corrected,7.875363710262353e-08,6.96308382404424e-08,1.3306530129589035e-07,6.52984146911268e-08,1.224937818911837e-09,False,2.0801332707589533e-05,True,9.34567432015575e-06,True
18,13,cpu_cholesky,5.48375467645054e-16,0.0,0.0,0.0,1.1236481948819382e-17,False,0.0,True,0.0,True
18,13,cpu_banded,6.690762715856764e-16,3.698599971965631e-16,6.008422989200218e-16,2.9804228955690934e-16,1.3709700545761887e-17,False,1.39798749072685e-14,True,1.3539980020745848e-14,True
18,13,cpu_information_smoother,6.114126697623965e-16,2.8949237211570736e-16,4.727548276265248e-16,2.3450567890801375e-16,1.2528145098408105e-17,False,2.044353310183062e-14,True,2.4470043639892905e-14,True
18,13,cpu_pcg,5.7783519291805536e-08,4.6642367074914694e-08,8.776076388266606e-08,4.353291878395997e-08,1.184012613921297e-09,False,2.373099952522985e-06,True,3.957910014631342e-06,True
18,13,cpu_identity_corrected,5.992291510040191e-08,4.723895845685498e-08,8.774630792720018e-08,4.352574804036797e-08,1.2278498815718822e-09,False,1.5170040285617584e-06,True,2.3245295718127063e-06,True
18,13,cpu_reference_eigen_corrected,3.937584135785982e-08,3.277450896222434e-08,5.7471271971748585e-08,2.850809524062454e-08,8.068302781882943e-10,False,3.1482228392515893e-06,True,3.3609064919342365e-06,True
18,13,cpu_rjd_corrected,6.235145568450471e-08,5.556002945396645e-08,1.0504255493522773e-07,5.2105392097186544e-08,1.2776118687340358e-09,False,7.288456412767572e-06,True,1.623097445250846e-06,True
18,13,gpu_cholesky,6.439190751436736e-16,2.771631571171507e-16,4.858481578442702e-16,2.4100050479333474e-16,1.3194217267639686e-17,False,8.096807259711279e-15,True,8.53741825898999e-15,True
18,13,gpu_pcg,5.7783519286989114e-08,4.664236708668859e-08,8.776076391556717e-08,4.353291880028026e-08,1.1840126138226063e-09,False,2.3730999636822518e-06,True,3.95791001915945e-06,True
18,13,gpu_rjd_corrected,6.235145570931203e-08,5.556002947829845e-08,1.0504255496749062e-07,5.210539211319026e-08,1.2776118692423499e-09,False,7.2884564107434245e-06,True,1.6230974609223412e-06,True
18,14,cpu_cholesky,5.294148052055375e-16,0.0,0.0,0.0,1.2098766626087351e-17,False,0.0,True,0.0,True
18,14,cpu_banded,5.970854466254126e-16,5.882416905734429e-16,1.098771036792546e-15,5.388043623523676e-16,1.3645250196109252e-17,False,1.9400064280520875e-15,True,2.2732006045679912e-15,True
18,14,cpu_information_smoother,4.610444832328835e-16,3.391588933657854e-16,6.263793298132967e-16,3.071576371142351e-16,1.0536293190202905e-17,False,1.5448413119069095e-14,True,4.474615522488243e-15,True
18,14,cpu_pcg,5.999310049473812e-08,5.237485152314264e-08,1.043650177775795e-07,5.117747462628032e-08,1.371028000066544e-09,False,3.795059923997443e-06,True,3.7380478833940243e-06,True
18,14,cpu_identity_corrected,6.400556197853314e-08,5.392554949640181e-08,1.054174143939838e-07,5.169353836372534e-08,1.4627251610708586e-09,False,5.091542468758561e-06,True,6.472162850163074e-06,True
18,14,cpu_reference_eigen_corrected,5.456042371638308e-08,5.1492198507156245e-08,1.0029677312205566e-07,4.9182529461078616e-08,1.2468745180440532e-09,False,1.7991978192414907e-06,True,2.666882591310993e-06,True
18,14,cpu_rjd_corrected,2.5169028416570642e-08,2.3694018334712285e-08,4.7741674140137604e-08,2.3411085140905553e-08,5.751901846674809e-10,False,1.638562047057142e-06,True,2.091244609177392e-06,True
18,14,gpu_cholesky,3.7957018833868476e-16,3.8307895552687827e-16,6.91716716349254e-16,3.391971318874518e-16,8.674353421504457e-18,False,6.671267326722623e-15,True,1.274460269111366e-15,True
18,14,gpu_pcg,5.999310051333006e-08,5.237485152594622e-08,1.0436501777657106e-07,5.1177474625785805e-08,1.3710280004914277e-09,False,3.7950599344352703e-06,True,3.7380478897952276e-06,True
18,14,gpu_rjd_corrected,2.516902838743088e-08,2.3694018313130908e-08,4.774167411732334e-08,2.3411085129718124e-08,5.751901840015473e-10,False,1.6385620666925296e-06,True,2.0912445753929966e-06,True
18,15,cpu_cholesky,5.004770285572408e-16,0.0,0.0,0.0,1.2116811935714135e-17,False,0.0,True,0.0,True
18,15,cpu_banded,6.637595080811157e-16,5.888072770660435e-16,1.0971019645320775e-15,5.496094752256765e-16,1.6069966593963558e-17,False,2.5314711713494834e-14,True,7.773375875209604e-15,True
18,15,cpu_information_smoother,4.457509282871712e-16,2.324082491260096e-16,3.769557623045005e-16,1.8884157115864302e-16,1.0791864281554963e-17,False,9.928585725660952e-15,True,1.469602232347095e-14,True
18,15,cpu_pcg,7.5294550153576e-08,6.283475808029748e-08,1.1862577728687675e-07,5.942733976480089e-08,1.8229206358237151e-09,False,4.5592912667238485e-07,True,7.563835535629139e-06,True
18,15,cpu_identity_corrected,7.933438285744899e-08,6.508096781740614e-08,1.2176178671693776e-07,6.099837012741056e-08,1.9207271109571886e-09,False,1.1988965314305433e-06,True,5.431514599142195e-06,True
18,15,cpu_reference_eigen_corrected,6.723809390497378e-08,6.068856859587596e-08,1.1047199613268857e-07,5.534258235287726e-08,1.627869575748578e-09,False,6.48853014302226e-06,True,7.421175045174657e-06,True
18,15,cpu_rjd_corrected,7.354050406811378e-08,6.740490119621411e-08,1.27965313443655e-07,6.410611870415629e-08,1.7804542620368369e-09,False,6.968224776888684e-06,True,9.986521321204696e-06,True
18,15,gpu_cholesky,3.9534993809069324e-16,2.704954896962566e-16,4.690022458787259e-16,2.3495362014688426e-16,9.571629815759402e-18,False,5.52099484332237e-15,True,1.706404320752386e-14,True
18,15,gpu_pcg,7.529455018865406e-08,6.283475807265227e-08,1.1862577724204933e-07,5.942733974234393e-08,1.8229206366729732e-09,False,4.5592911973322614e-07,True,7.563835520052518e-06,True
18,15,gpu_rjd_corrected,7.354050406593212e-08,6.740490121599721e-08,1.279653135018462e-07,6.410611873330804e-08,1.7804542619840175e-09,False,6.968224737845094e-06,True,9.986521267714776e-06,True
19,0,cpu_cholesky,3.97474694831918e-16,0.0,0.0,0.0,1.1261484124729716e-17,False,0.0,True,0.0,True
19,0,cpu_banded,5.352959795212166e-16,4.558676041712743e-16,8.660507248724845e-16,4.0432950963927264e-16,1.5166316884547854e-17,False,2.037101291030685e-14,True,8.074060769862248e-14,True
19,0,cpu_information_smoother,3.4471810501077047e-16,2.261442715619129e-16,3.9846270082023117e-16,1.8602862835303993e-16,9.766753752027705e-18,False,2.4678238781885667e-15,True,2.28485167369068e-15,True
19,0,cpu_pcg,6.31159404654783e-08,5.414144722315952e-08,1.1342952603731754e-07,5.295637232800246e-08,1.7882375136039522e-09,False,1.7748085700822044e-06,True,5.207026705880684e-06,True
19,0,cpu_identity_corrected,6.292374022317368e-08,5.41555784785201e-08,1.1373656847194474e-07,5.3099719955879036e-08,1.7827919849112595e-09,False,2.0032394151015703e-06,True,5.614148414370482e-06,True
19,0,cpu_reference_eigen_corrected,3.424001562766617e-08,4.829516752252617e-08,1.5654421359184948e-07,7.308514767166502e-08,9.701080283462269e-10,False,4.74212824096123e-07,True,9.387193654947234e-07,True
19,0,cpu_rjd_corrected,9.670410395625396e-08,1.1133226341686862e-07,3.2704760948359876e-07,1.5268736088255087e-07,2.7398768725510157e-09,False,2.0053700795277253e-05,True,1.2872308507171222e-05,True
19,0,gpu_cholesky,3.997589398490856e-16,2.1028846483218006e-16,3.9189389758271905e-16,1.8296187843220684e-16,1.132620268249527e-17,False,5.209069205446054e-14,True,3.0497362197900265e-14,True
19,0,gpu_pcg,6.31159404778625e-08,5.414144720567188e-08,1.1342952593477538e-07,5.295637228012902e-08,1.7882375139548286e-09,False,1.7748085483469583e-06,True,5.207026760029794e-06,True
19,0,gpu_rjd_corrected,9.670410393983902e-08,1.1133226338585381e-07,3.2704760936600465e-07,1.526873608276502e-07,2.739876872085938e-09,False,2.005370087364933e-05,True,1.2872308500638567e-05,True
19,1,cpu_cholesky,6.746893847132048e-14,0.0,0.0,0.0,7.546331538343301e-18,False,0.0,True,0.0,True
19,1,cpu_banded,6.95923186906332e-14,2.125753349469751e-14,1.689089752929733e-14,1.3869623654271901e-14,7.783829437079297e-18,False,1.3034830382847934e-12,True,1.2941552628897233e-12,True
19,1,cpu_information_smoother,4.593620491885993e-14,1.0454546861095546e-13,1.5198981254009149e-13,1.2480340346378863e-13,5.1379173851740554e-18,False,1.720293153151615e-11,True,1.5566994755883238e-11,True
19,1,cpu_pcg,7.306045927760829e-08,2.734413150602504e-08,4.6963480007161014e-09,3.856312502425933e-09,8.171737403001136e-12,False,1.4754839093174797e-07,True,1.8138919857587847e-07,True
19,1,cpu_identity_corrected,8.772866651642349e-08,2.912481868348947e-08,4.950537191224602e-09,4.065034886966003e-09,9.812361331668955e-12,False,1.2946543828536543e-07,True,1.9391232304718993e-07,True
19,1,cpu_reference_eigen_corrected,8.16115308834317e-08,2.4299751331358984e-08,4.0151761944866905e-09,3.2969818582185627e-09,9.128165991031892e-12,False,7.538899046331219e-08,True,1.5502786416213482e-07,True
19,1,cpu_rjd_corrected,7.76641598633707e-08,4.793480812178327e-08,9.594732135719244e-09,7.878522947354023e-09,8.686656594403448e-12,False,5.380536624250942e-07,True,3.1392814182973207e-09,True
19,1,gpu_cholesky,5.653266567023616e-14,2.97580865408352e-14,3.7977909726939285e-14,3.1184803186149735e-14,6.323120647218302e-18,False,4.561669144240076e-12,True,4.076409018430136e-12,True
19,1,gpu_pcg,7.292083625204918e-08,2.7341512068596908e-08,4.6959553144663245e-09,3.855990055943195e-09,8.156120710866249e-12,False,1.4782359576349255e-07,True,1.8096561274602843e-07,True
19,1,gpu_rjd_corrected,7.765334963723068e-08,4.762910593483736e-08,9.617487715304588e-09,7.897208237720395e-09,8.685447480748318e-12,False,5.408908203093777e-07,True,5.903533846045596e-09,True
19,2,cpu_cholesky,5.4410534287141e-16,0.0,0.0,0.0,9.866615162202476e-18,False,0.0,True,0.0,True
19,2,cpu_banded,6.259503855550565e-16,4.720322904707728e-16,8.49089444847082e-16,3.9496772273776317e-16,1.135076441688903e-17,False,7.980064257803256e-14,True,5.5489789449073307e-14,True
19,2,cpu_information_smoother,5.743287910072483e-16,2.879099745364635e-16,4.890477773800464e-16,2.274885032595695e-16,1.0414676554243571e-17,False,9.194395481605613e-15,True,2.309746834154945e-14,True
19,2,cpu_pcg,6.498431883011128e-08,4.898303260612599e-08,9.487721734167512e-08,4.4133676022655146e-08,1.1784028110989887e-09,False,4.344502772474406e-06,True,5.744518381707247e-06,True
19,2,cpu_identity_corrected,6.628288682398755e-08,4.925990804952736e-08,9.471655611122995e-08,4.405894184628978e-08,1.2019505871948522e-09,False,5.9843327190953795e-06,True,6.578055926539214e-06,True
19,2,cpu_reference_eigen_corrected,2.5306873609588296e-08,2.296661500863827e-08,4.9101996085164296e-08,2.28405896379134e-08,4.5890595704035673e-10,False,3.331246114238231e-07,True,5.928942581221066e-07,True
19,2,cpu_rjd_corrected,7.16027792519537e-08,7.036047731754054e-08,1.6679269475931128e-07,7.758632640904441e-08,1.298419657292109e-09,False,6.461164805617516e-06,True,3.9506255109971275e-06,True
19,2,gpu_cholesky,4.594800934371766e-16,2.5458154808131885e-16,4.410741843948993e-16,2.0517280861999669e-16,8.332050614891455e-18,False,2.58526000508054e-15,True,2.273867183435362e-15,True
19,2,gpu_pcg,6.498431882253589e-08,4.8983032586090584e-08,9.487721728456625e-08,4.413367599609003e-08,1.1784028109616189e-09,False,4.344502753584529e-06,True,5.744518407641835e-06,True
19,2,gpu_rjd_corrected,7.160277925761102e-08,7.036047734317018e-08,1.6679269484193217e-07,7.758632644747686e-08,1.2984196573946965e-09,False,6.461164779369811e-06,True,3.950625455215012e-06,True
19,3,cpu_cholesky,5.788315765176032e-16,0.0,0.0,0.0,1.1123803429401114e-17,False,0.0,True,0.0,True
19,3,cpu_banded,5.850046448574513e-16,4.620664403065467e-16,7.809917673392859e-16,3.673315755289958e-16,1.1242435517826307e-17,False,8.62128838156397e-15,True,4.904182914225412e-14,True
19,3,cpu_information_smoother,6.566948464625324e-16,3.51049830943236e-16,6.265168994927143e-16,2.946758844465781e-16,1.2620155294737623e-17,False,3.7921612845097106e-15,True,1.0292470248213522e-14,True
19,3,cpu_pcg,5.024114675501914e-08,3.9902611076539924e-08,7.704043576132022e-08,3.6235189448997174e-08,9.655185766811165e-10,False,1.913903384688703e-06,True,1.966694748716165e-06,True
19,3,cpu_identity_corrected,5.01999534393362e-08,3.9903273407330714e-08,7.707036428848368e-08,3.624926602892537e-08,9.64726936468518e-10,False,1.8412644267075952e-06,True,1.9216489937255884e-06,True
19,3,cpu_reference_eigen_corrected,3.908698822363149e-08,3.651885073585592e-08,8.225110117458779e-08,3.86859732035185e-08,7.511614671035657e-10,False,1.2852634460473425e-06,True,1.0601058318703432e-06,True
19,3,cpu_rjd_corrected,8.461571871970026e-08,8.707098994445463e-08,2.064014199471808e-07,9.707881945915872e-08,1.6261183157091014e-09,False,6.153134645414446e-06,True,7.61670928049749e-07,True
19,3,gpu_cholesky,4.718270141171731e-16,3.287865030954615e-16,5.375248124229209e-16,2.528193567339634e-16,9.067423358789553e-18,False,5.3570262059297566e-14,True,6.060741493029439e-14,True
19,3,gpu_pcg,5.024114669645591e-08,3.9902611031741417e-08,7.704043564550847e-08,3.6235189394526285e-08,9.655185755556664e-10,False,1.913903467435184e-06,True,1.966694760979474e-06,True
19,3,gpu_rjd_corrected,8.461571869302371e-08,8.707098991951678e-08,2.0640141986832458e-07,9.707881942206949e-08,1.6261183151964399e-09,False,6.153134714286923e-06,True,7.616708766514027e-07,True
19,4,cpu_cholesky,5.922508622099289e-16,0.0,0.0,0.0,1.2881025131094641e-17,False,0.0,True,0.0,True
19,4,cpu_banded,5.908349498064148e-16,3.8763394410807854e-16,6.792426822241866e-16,3.242271395730409e-16,1.2850230067014805e-17,False,3.1523528928819916e-14,True,3.290949004282579e-14,True
19,4,cpu_information_smoother,5.782393774268451e-16,2.358270661083964e-16,3.8802931658596096e-16,1.8522045018605602e-16,1.2576285536556273e-17,False,8.215634827237706e-15,True,4.424355726581365e-14,True
19,4,cpu_pcg,7.85126549921645e-08,6.65029897567247e-08,1.3104435566186406e-07,6.25522183828475e-08,1.7075930922155805e-09,False,2.836290258260788e-06,True,6.150230582125096e-07,True
19,4,cpu_identity_corrected,7.9442172293792e-08,6.666595746457248e-08,1.3083588590821845e-07,6.245270821706893e-08,1.7278094163194195e-09,False,4.409568883354838e-06,True,6.126129792302842e-07,True
19,4,cpu_reference_eigen_corrected,4.355644235550779e-08,4.51910135675371e-08,1.0834509574348072e-07,5.1717039283585143e-08,9.473209147299702e-10,False,8.174831099595533e-07,True,7.343413394375819e-07,True
19,4,cpu_rjd_corrected,6.94862346992384e-08,7.071354133922179e-08,1.7110141239691594e-07,8.16729027344152e-08,1.5112750237939992e-09,False,7.521188017750442e-06,True,3.0620954983479567e-06,True
19,4,gpu_cholesky,6.267388352747289e-16,3.176489314630853e-16,6.065046116330541e-16,2.8950662335253496e-16,1.3631113440144227e-17,False,1.0829015338585776e-14,True,2.8896942589933924e-14,True
19,4,gpu_pcg,7.851265499424723e-08,6.650298975096718e-08,1.3104435567797767e-07,6.255221839053911e-08,1.7075930922608784e-09,False,2.8362902936991415e-06,True,6.150230515182985e-07,True
19,4,gpu_rjd_corrected,6.948623472215845e-08,7.071354133463214e-08,1.711014123784652e-07,8.1672902725608e-08,1.5112750242924936e-09,False,7.5211880093480536e-06,True,3.062095430728356e-06,True
19,5,cpu_cholesky,5.052414902046993e-16,0.0,0.0,0.0,1.1608697526338421e-17,False,0.0,True,0.0,True
19,5,cpu_banded,5.355770322314841e-16,4.032099669858967e-16,7.745798713144217e-16,3.6317456120173183e-16,1.2305703094000324e-17,False,7.18085357352872e-14,True,2.7852548944462796e-16,True
19,5,cpu_information_smoother,4.646455774542175e-16,1.9916877166767388e-16,3.8179451108025253e-16,1.7901066005692214e-16,1.0675944217153473e-17,False,4.340790680433824e-15,True,3.7907273571460437e-14,True
19,5,cpu_pcg,4.5334411176238125e-08,3.98284472075207e-08,8.357149046419575e-08,3.918387309342918e-08,1.0416275716850126e-09,False,1.4457702963920238e-06,True,2.746941618515612e-06,True
19,5,cpu_identity_corrected,4.588049342213055e-08,3.997559493850278e-08,8.362276520533421e-08,3.9207914102372635e-08,1.0541746477674066e-09,False,2.470229817443547e-06,True,3.718056541547572e-06,True
19,5,cpu_reference_eigen_corrected,3.849111901573507e-08,4.278068364155155e-08,1.1206387938071661e-07,5.2543000054457776e-08,8.843924436671336e-10,False,1.364930151799891e-06,True,2.454458583180756e-06,True
19,5,cpu_rjd_corrected,4.1969887800116724e-08,4.229132024899164e-08,1.0192106542289923e-07,4.7787374269565856e-08,9.643224867136304e-10,False,1.669392482638272e-06,True,4.717581948894445e-06,True
19,5,gpu_cholesky,4.776235076173312e-16,2.8486218252944543e-16,5.020109746797777e-16,2.3537613382387337e-16,1.0974132051490855e-17,False,2.7604011610704373e-14,True,1.0611845630304443e-14,True
19,5,gpu_pcg,4.5334411187129076e-08,3.9828447222711496e-08,8.357149050516854e-08,3.918387311263995e-08,1.0416275719352484e-09,False,1.4457703494792166e-06,True,2.7469416816980257e-06,True
19,5,gpu_rjd_corrected,4.196988786618159e-08,4.2291320276883385e-08,1.019210654722633e-07,4.778737429271101e-08,9.643224882315716e-10,False,1.6693925011160984e-06,True,4.717581924793842e-06,True
19,6,cpu_cholesky,5.904537682447399e-16,0.0,0.0,0.0,1.0892829539122045e-17,False,0.0,True,0.0,True
19,6,cpu_banded,6.80253581740083e-16,4.664257533239748e-16,7.706972023145064e-16,3.616534599316016e-16,1.2549477550629489e-17,False,8.2094685513496e-14,True,4.3180198569485214e-14,True
19,6,cpu_information_smoother,5.362658978246936e-16,2.5825901067575433e-16,4.416093400657076e-16,2.0722735893324297e-16,9.89315900212424e-18,False,4.811108184516257e-16,True,5.027431321584961e-15,True
19,6,cpu_pcg,7.968936364865383e-08,6.435794620112848e-08,1.2903904815277728e-07,6.055220920821298e-08,1.4701280629968779e-09,False,4.513400574736893e-06,True,2.7951024363302858e-06,True
19,6,cpu_identity_corrected,8.202301086543403e-08,6.488448865357478e-08,1.2879248890287503e-07,6.043651006523245e-08,1.5131797345154176e-09,False,6.917112103402038e-06,True,4.3390699782908294e-06,True
19,6,cpu_reference_eigen_corrected,6.430789055333516e-08,5.835777043239971e-08,1.290261586977717e-07,6.054616076793658e-08,1.1863670472584414e-09,False,6.768683965724338e-07,True,1.8634637043706045e-06,True
19,6,cpu_rjd_corrected,7.106417828041673e-08,7.1459078474415e-08,1.7062848479403742e-07,8.006825729136139e-08,1.3110086224388952e-09,False,2.774264886704108e-06,True,1.7422087819533072e-06,True
19,6,gpu_cholesky,4.635184525394383e-16,3.454423336952341e-16,5.925901176726382e-16,2.780758328095343e-16,8.5510970770144e-18,False,1.7449053724632867e-14,True,1.5241495664275294e-14,True
19,6,gpu_pcg,7.968936370094569e-08,6.435794623928255e-08,1.290390481973463e-07,6.055220922912722e-08,1.4701280639615702e-09,False,4.5134004825485865e-06,True,2.795102290457432e-06,True
19,6,gpu_rjd_corrected,7.106417829828843e-08,7.14590784699097e-08,1.706284847221545e-07,8.006825725762997e-08,1.3110086227685965e-09,False,2.7742649095910023e-06,True,1.7422088109029545e-06,True
19,7,cpu_cholesky,6.18957543321709e-16,0.0,0.0,0.0,9.515265143660121e-18,False,0.0,True,0.0,True
19,7,cpu_banded,9.190188006523972e-16,7.140257377549739e-16,1.3623474756899843e-15,6.36688759258617e-16,1.412812179860766e-17,False,7.798611568606923e-15,True,1.82766698298166e-14,True
19,7,cpu_information_smoother,6.802045586141608e-16,2.878596647401e-16,4.724319916246876e-16,2.2078958852201667e-16,1.0456818560454943e-17,False,3.185200727516643e-14,True,2.5942132723245565e-14,True
19,7,cpu_pcg,9.470523314882117e-08,7.074323791569657e-08,1.3783498311813982e-07,6.441674091954722e-08,1.4559082646477474e-09,False,5.571923722814296e-06,True,5.468162707586747e-06,True
19,7,cpu_identity_corrected,9.573043974424066e-08,7.232192664290959e-08,1.4150255558997366e-07,6.613076924803976e-08,1.4716688173173694e-09,False,2.2368595226034932e-06,True,2.408251445061616e-06,True
19,7,cpu_reference_eigen_corrected,5.0589952266860036e-08,4.4863361862928767e-08,9.679976432036459e-08,4.523906194375648e-08,7.777218571985426e-10,False,2.9015606880501e-06,True,9.460239824281371e-06,True
19,7,cpu_rjd_corrected,3.379804186887264e-08,3.0877305364341184e-08,6.332308094330613e-08,2.9593840453814672e-08,5.195789823511131e-10,False,2.097822368331705e-06,True,5.020727051007262e-06,True
19,7,gpu_cholesky,6.012559916404352e-16,3.0999004553350966e-16,5.349926877329825e-16,2.500271308482666e-16,9.243138307952461e-18,False,6.048380673300338e-15,True,8.840121993811528e-15,True
19,7,gpu_pcg,9.470523313756028e-08,7.074323790777116e-08,1.3783498316999092e-07,6.441674094377966e-08,1.4559082644746334e-09,False,5.571923680481171e-06,True,5.468162778908259e-06,True
19,7,gpu_rjd_corrected,3.379804190588978e-08,3.087730541306856e-08,6.332308107174845e-08,2.9593840513841783e-08,5.195789829201794e-10,False,2.097822472815632e-06,True,5.020727180216549e-06,True
19,8,cpu_cholesky,6.356363780477388e-16,0.0,0.0,0.0,9.4859975965227e-18,False,0.0,True,0.0,True
19,8,cpu_banded,8.037124973542303e-16,5.520762432315143e-16,8.465134186577667e-16,3.9765185615019098e-16,1.1994302216643887e-17,False,6.542090138526915e-14,True,9.896769462952416e-14,True
19,8,cpu_information_smoother,6.367708940111685e-16,3.727353995957968e-16,5.988945113523033e-16,2.81332237420428e-16,9.502928684915351e-18,False,4.848232041436182e-15,True,6.3369738473007004e-15,True
19,8,cpu_pcg,8.554437444455948e-08,6.68581244522086e-08,1.415117790375307e-07,6.647552225529447e-08,1.2766319802853904e-09,False,1.3698003446717274e-06,True,1.781913709902231e-06,True
19,8,cpu_identity_corrected,8.50316523668135e-08,6.691070601779144e-08,1.4192504224256264e-07,6.666965370901684e-08,1.2689803092880831e-09,False,9.220443547302227e-07,True,2.240292793637062e-06,True
19,8,cpu_reference_eigen_corrected,4.265546784407728e-08,3.584205905065661e-08,7.348919202876722e-08,3.452173701339942e-08,6.365741134946674e-10,False,1.0472208838282957e-07,True,5.501449146973604e-06,True
19,8,cpu_rjd_corrected,5.248871398189884e-08,4.8029509244488986e-08,1.0120255354584587e-07,4.754015988128657e-08,7.83321774711423e-10,False,1.1299454352201487e-05,True,9.37076037781959e-06,True
19,8,gpu_cholesky,5.121474002774171e-16,3.498199987309235e-16,5.448926688603252e-16,2.559647329849822e-16,7.643094662105786e-18,False,2.2484301060226925e-14,True,5.967805444501432e-15,True
19,8,gpu_pcg,8.554437438895975e-08,6.685812444035429e-08,1.4151177903676e-07,6.647552225493242e-08,1.276631979455641e-09,False,1.3698002818896311e-06,True,1.7819137454933747e-06,True
19,8,gpu_rjd_corrected,5.2488713963981726e-08,4.802950921774945e-08,1.0120255344347281e-07,4.754015983319656e-08,7.833217744440345e-10,False,1.1299454309383324e-05,True,9.370760362355993e-06,True
19,9,cpu_cholesky,5.625943939699839e-16,0.0,0.0,0.0,9.521869299384777e-18,False,0.0,True,0.0,True
19,9,cpu_banded,6.444307402459842e-16,4.0455066067549717e-16,6.611846398896845e-16,3.1357793170036743e-16,1.0906943522539663e-17,False,3.0712804920386785e-15,True,4.4278533416888585e-14,True
19,9,cpu_information_smoother,5.707444733075459e-16,2.9952207805071223e-16,5.079287068268968e-16,2.408937288146847e-16,9.659808800850949e-18,False,1.5517381132736567e-14,True,4.091380862204043e-14,True
19,9,cpu_pcg,7.22165295226972e-08,5.618976632664577e-08,1.0831383498561301e-07,5.136965727907759e-08,1.222259520855987e-09,False,2.2688645048571463e-07,True,6.464825227139315e-07,True
19,9,cpu_identity_corrected,7.526192965409925e-08,5.800041572266333e-08,1.1156929866612415e-07,5.291361566236773e-08,1.27380269645343e-09,False,3.37324240599753e-06,True,3.821881347176092e-06,True
19,9,cpu_reference_eigen_corrected,5.928442303424425e-08,5.137671164158052e-08,1.0776057480889518e-07,5.110726433852727e-08,1.003384564203516e-09,False,9.52217105207641e-08,True,1.401207815081066e-06,True
19,9,cpu_rjd_corrected,3.59191432656513e-08,3.624383899042383e-08,8.365416597758576e-08,3.967439465887666e-08,6.079288951951767e-10,False,9.975599258125072e-07,True,3.944815747419209e-07,True
19,9,gpu_cholesky,5.520468379760472e-16,3.0568532490677153e-16,5.33867350720155e-16,2.5319556677709917e-16,9.343352679456345e-18,False,1.5836744561454547e-14,True,4.353046522873426e-14,True
19,9,gpu_pcg,7.221652955189631e-08,5.6189766349475e-08,1.0831383502768627e-07,5.1369657299031545e-08,1.2222595213501796e-09,False,2.2688648389674758e-07,True,6.464825476217789e-07,True
19,9,gpu_rjd_corrected,3.591914326155779e-08,3.624383899196124e-08,8.36541660043808e-08,3.9674394671584665e-08,6.079288951258943e-10,False,9.97559911209502e-07,True,3.9448159318621133e-07,True
19,10,cpu_cholesky,5.873994653895455e-16,0.0,0.0,0.0,9.668127813876427e-18,False,0.0,True,0.0,True
19,10,cpu_banded,7.4056364027237e-16,5.037684146829877e-16,8.918800635135713e-16,4.153762835414762e-16,1.2189088261622222e-17,False,1.640030179301959e-14,True,3.109637793808409e-14,True
19,10,cpu_information_smoother,4.910231889155694e-16,3.3335366435092605e-16,6.018257448431518e-16,2.802889664869443e-16,8.081850988517103e-18,False,6.100516216905604e-15,True,6.181071221884805e-14,True
19,10,cpu_pcg,5.167807841180901e-08,4.032637417092139e-08,8.034298748381921e-08,3.741822798255692e-08,8.505800502312758e-10,False,3.5680253397355224e-06,True,4.776887549337242e-06,True
19,10,cpu_identity_corrected,9.92105028279632e-08,7.987876483238366e-08,1.6307018581902353e-07,7.59468571088799e-08,1.6329259339132597e-09,False,2.6492257827757023e-06,True,4.930525572397342e-07,True
19,10,cpu_reference_eigen_corrected,7.305776488562298e-08,6.399747132091987e-08,1.3827846455553702e-07,6.440058148023253e-08,1.202472679354646e-09,False,1.0558618586808703e-06,True,2.867399590399654e-06,True
19,10,cpu_rjd_corrected,4.910352615999357e-08,4.537921763519138e-08,9.660244518894084e-08,4.4990763113958565e-08,8.082049722809968e-10,False,5.971290329472146e-06,True,6.707022588796385e-06,True
19,10,gpu_cholesky,4.752259647343869e-16,3.746915381630233e-16,6.889868518476361e-16,3.2088260477756265e-16,7.82184124814928e-18,False,2.010367174073894e-15,True,1.2786278091281674e-14,True
19,10,gpu_pcg,5.167807840842429e-08,4.032637415455327e-08,8.034298743709465e-08,3.7418227960795846e-08,8.50580050175566e-10,False,3.568025211643559e-06,True,4.77688740196778e-06,True
19,10,gpu_rjd_corrected,4.910352610666623e-08,4.537921757082071e-08,9.660244506993908e-08,4.4990763058535743e-08,8.082049714032715e-10,False,5.971290377792481e-06,True,6.707022659709626e-06,True
19,11,cpu_cholesky,6.037761170284948e-16,0.0,0.0,0.0,1.0680713437948962e-17,False,0.0,True,0.0,True
19,11,cpu_banded,5.1888306653153e-16,4.48776388446382e-16,7.554801035397676e-16,3.6235920302376945e-16,9.178967476724365e-18,False,1.6440761687530418e-14,True,5.789222653402486e-15,True
19,11,cpu_information_smoother,5.367633797376661e-16,2.8568464641098624e-16,4.746108415505829e-16,2.276428002337946e-16,9.49526766838382e-18,False,1.4881373408689416e-16,True,6.599574131610969e-15,True
19,11,cpu_pcg,4.714646170670976e-08,3.790246615570103e-08,7.284471074639718e-08,3.493930708020565e-08,8.340141858961138e-10,False,2.149881808882946e-06,True,8.153326583689029e-07,True
19,11,cpu_identity_corrected,4.779301273722372e-08,3.8738033750979523e-08,7.46334359181774e-08,3.5797252940907875e-08,8.454515811602076e-10,False,4.710025956462066e-06,True,2.501502204735878e-06,True
19,11,cpu_reference_eigen_corrected,3.208907297786839e-08,2.8719594022377566e-08,6.02263012907548e-08,2.8887001040178365e-08,5.676511271701636e-10,False,1.0897584975252238e-09,True,2.228771103029374e-06,True
19,11,cpu_rjd_corrected,6.319863494465061e-08,5.823508228042345e-08,1.3013634325002112e-07,6.241872076254238e-08,1.1179748423897648e-09,False,8.006256052535184e-06,True,6.713908636682557e-06,True
19,11,gpu_cholesky,5.313490690664771e-16,4.138869495345702e-16,7.116459744401878e-16,3.413345592094024e-16,9.399489284456337e-18,False,2.095088952875704e-14,True,9.550272534203878e-16,True
19,11,gpu_pcg,4.71464617375083e-08,3.790246613993445e-08,7.284471067934153e-08,3.493930704804301e-08,8.340141864409357e-10,False,2.1498817962774626e-06,True,8.153326894130983e-07,True
19,11,gpu_rjd_corrected,6.319863495296246e-08,5.823508230085437e-08,1.3013634330680793e-07,6.241872078977965e-08,1.1179748425368e-09,False,8.006256058958566e-06,True,6.713908662001229e-06,True
19,12,cpu_cholesky,5.236480020025168e-16,0.0,0.0,0.0,7.847727976055614e-18,False,0.0,True,0.0,True
19,12,cpu_banded,5.830277968183511e-16,4.9175975690735885e-16,9.090172230336524e-16,4.224232487930835e-16,8.737632024589395e-18,False,2.606794632966031e-14,True,1.422850275846293e-14,True
19,12,cpu_information_smoother,6.522544613184316e-16,3.97701383529418e-16,6.277048644161072e-16,2.9169648428108796e-16,9.775107637231352e-18,False,5.4458095934498397e-14,True,4.8870139806518255e-14,True
19,12,cpu_pcg,6.25690036461467e-08,4.616816879080428e-08,9.137165949340036e-08,4.246070621413151e-08,9.376995967428951e-10,False,5.5343970494767475e-08,True,1.3129873570326842e-06,True
19,12,cpu_identity_corrected,6.40053805805906e-08,4.768395351942729e-08,9.481845739203925e-08,4.406244436538138e-08,9.592260717008036e-10,False,2.77262680646246e-06,True,3.836999912965935e-06,True
19,12,cpu_reference_eigen_corrected,7.640883590017038e-08,6.741051492529575e-08,1.470281114798481e-07,6.832443978119193e-08,1.1451122827102374e-09,False,6.907639952973075e-07,True,9.195225699250417e-06,True
19,12,cpu_rjd_corrected,6.086527246576361e-08,5.6135504773411975e-08,1.1905295270271729e-07,5.5324292856912515e-08,9.121663786440375e-10,False,3.5243637068870255e-06,True,2.308804157816141e-06,True
19,12,gpu_cholesky,6.185131632025764e-16,3.9438656947323647e-16,6.606063246880969e-16,3.069858994714269e-16,9.269438699014039e-18,False,2.6534977064720143e-15,True,2.7803836146241697e-14,True
19,12,gpu_pcg,6.256900366788564e-08,4.616816882081037e-08,9.137165961032456e-08,4.246070626846656e-08,9.37699597068689e-10,False,5.534397360968995e-08,True,1.312987344723861e-06,True
19,12,gpu_rjd_corrected,6.086527248320852e-08,5.613550476688864e-08,1.1905295268817549e-07,5.53242928501549e-08,9.121663789054781e-10,False,3.5243636890682226e-06,True,2.3088042276606052e-06,True
19,13,cpu_cholesky,5.836143832183967e-16,0.0,0.0,0.0,1.155921286532052e-17,False,0.0,True,0.0,True
19,13,cpu_banded,6.114767218437431e-16,3.3976238422276295e-16,6.129853601132747e-16,2.818526246587808e-16,1.211106133300213e-17,False,6.4545437580948625e-15,True,7.121936284959689e-15,True
19,13,cpu_information_smoother,5.667089794933945e-16,3.300784954846541e-16,7.765239697796626e-16,3.5704819924640476e-16,1.1224380198665084e-17,False,1.4724578003685153e-14,True,9.211295841421073e-15,True
19,13,cpu_pcg,8.415844217927326e-08,7.20500215968006e-08,1.5328438905875544e-07,7.04806512303071e-08,1.6668632125646741e-09,False,3.3816095044386603e-06,True,9.67683265718406e-06,True
19,13,cpu_identity_corrected,8.583729294937356e-08,7.369693765330992e-08,1.5689516754022888e-07,7.214089869833257e-08,1.700114953243736e-09,False,8.932887973761736e-06,True,1.3978280979219308e-05,True
19,13,cpu_reference_eigen_corrected,5.9418934814634794e-08,5.4604694478843336e-08,1.203649007058516e-07,5.534416543727687e-08,1.1768663396886235e-09,False,4.492282210949919e-06,True,8.872837099429389e-07,True
19,13,cpu_rjd_corrected,6.74833970670886e-08,7.088187621595265e-08,1.7840451394037772e-07,8.203096481093361e-08,1.3365930966715385e-09,False,5.5029333270319346e-06,True,2.4762310112561682e-06,True
19,13,gpu_cholesky,5.752857984086207e-16,2.3872172076311613e-16,4.1813455459655565e-16,1.922596024997911e-16,1.1394254825472059e-17,False,3.792072034714944e-14,True,1.4305968194220235e-14,True
19,13,gpu_pcg,8.41584421651318e-08,7.20500215947483e-08,1.5328438904619886e-07,7.048065122453356e-08,1.6668632122845848e-09,False,3.3816094928837472e-06,True,9.676832709910947e-06,True
19,13,gpu_rjd_corrected,6.74833970833108e-08,7.088187622066888e-08,1.7840451392456716e-07,8.203096480366387e-08,1.3365930969928395e-09,False,5.502933283812169e-06,True,2.476230989862858e-06,True
19,14,cpu_cholesky,5.070389169754798e-16,0.0,0.0,0.0,1.0519478804255755e-17,False,0.0,True,0.0,True
19,14,cpu_banded,5.481301730601349e-16,5.810327875335031e-16,1.095837511073301e-15,5.007114808893324e-16,1.137199442574143e-17,False,1.8391712254874637e-14,True,4.007614248741187e-14,True
19,14,cpu_information_smoother,5.723254439025179e-16,2.3446340172203987e-16,4.600581616427114e-16,2.1021036520800142e-16,1.1873970961009991e-17,False,1.0901069066202415e-15,True,7.176077553132041e-15,True
19,14,cpu_pcg,9.553532062304492e-08,8.187538519407608e-08,1.7845892238655035e-07,8.154167967709491e-08,1.982060436266867e-09,False,5.185628586519479e-06,True,1.4171856488225224e-05,True
19,14,cpu_identity_corrected,9.833574642972012e-08,8.3821309704721e-08,1.8270432439659147e-07,8.348149420793373e-08,2.0401605544974197e-09,False,1.1678912560067157e-05,True,1.8648357850133154e-05,True
19,14,cpu_reference_eigen_corrected,3.5293761793580276e-08,3.5290387160133175e-08,8.503216501326008e-08,3.8853005885256264e-08,7.322356693650797e-10,False,2.3628561657352816e-07,True,9.797286127440074e-07,True
19,14,cpu_rjd_corrected,5.1276145328435164e-08,4.7390654138740006e-08,1.127394533883719e-07,5.151305562213922e-08,1.0638203628949292e-09,False,4.766012502614597e-06,True,2.4749336353587226e-06,True
19,14,gpu_cholesky,4.798279293093661e-16,2.597774182089506e-16,4.730363752720184e-16,2.1614038722309355e-16,9.954935534670019e-18,False,1.455957064304486e-14,True,3.0387823083520944e-15,True
19,14,gpu_pcg,9.553532060958571e-08,8.187538519158446e-08,1.784589224100149e-07,8.154167968781637e-08,1.98206043598763e-09,False,5.185628621240811e-06,True,1.4171856592154955e-05,True
19,14,gpu_rjd_corrected,5.1276145362982594e-08,4.739065411884574e-08,1.1273945331201996e-07,5.1513055587252396e-08,1.0638203636116808e-09,False,4.766012379063271e-06,True,2.474933554200252e-06,True
19,15,cpu_cholesky,4.15507107347644e-16,0.0,0.0,0.0,9.624245789800581e-18,False,0.0,True,0.0,True
19,15,cpu_banded,5.807407603479966e-16,4.518184235086661e-16,8.500950134627732e-16,4.0002620062245904e-16,1.3451495098177617e-17,False,6.153712786368404e-14,True,2.47687233123419e-14,True
19,15,cpu_information_smoother,4.778411994342712e-16,2.544129026413968e-16,4.550413908603004e-16,2.1412721616885072e-16,1.1068068561341833e-17,False,1.0893144664394046e-15,True,1.172816288569252e-15,True
19,15,cpu_pcg,4.7463991187240704e-08,4.234363745431844e-08,9.040009455386979e-08,4.253925242190493e-08,1.0993918248421911e-09,False,1.4797910494408462e-07,True,1.3627044662281314e-06,True
19,15,cpu_identity_corrected,4.8744993315649487e-08,4.273924647078727e-08,9.056228559222855e-08,4.261557408456871e-08,1.1290632285879106e-09,False,1.384059795657375e-06,True,3.4814109187983957e-07,True
19,15,cpu_reference_eigen_corrected,5.793433939238607e-08,5.979879789196861e-08,1.492826225380144e-07,7.024739513479531e-08,1.3419128476418438e-09,False,2.4742286025265095e-07,True,3.1287241848655252e-06,True
19,15,cpu_rjd_corrected,8.963442364965393e-08,9.461957353439807e-08,2.418693535669492e-07,1.1381560534072451e-07,2.076170812552879e-09,False,1.0144775230825446e-05,True,9.60876605205498e-07,True
19,15,gpu_cholesky,4.09169650014993e-16,3.1557399716701963e-16,5.644465618089e-16,2.656096201000855e-16,9.477453482344873e-18,False,1.621668624093816e-14,True,1.553141178355734e-14,True
19,15,gpu_pcg,4.7463991224401846e-08,4.23436374830529e-08,9.040009460734298e-08,4.253925244706762e-08,1.0993918257029414e-09,False,1.4797912253219818e-07,True,1.3627044767393177e-06,True
19,15,gpu_rjd_corrected,8.96344236402293e-08,9.461957353982655e-08,2.4186935359039395e-07,1.1381560535175682e-07,2.07617081233458e-09,False,1.0144775298805886e-05,True,9.60876708342946e-07,True
20,0,cpu_cholesky,3.2368529307645384e-16,0.0,0.0,0.0,9.143017593398125e-18,False,0.0,True,0.0,True
20,0,cpu_banded,5.331367073990789e-16,5.146224944131206e-16,1.2991609029303193e-15,4.905524124569507e-16,1.505931347422938e-17,False,1.2062837227026718e-13,True,8.389921110697356e-14,True
20,0,cpu_information_smoother,4.0303786515608784e-16,2.422699632600467e-16,5.781483559291011e-16,2.1830403772107043e-16,1.1384460062747882e-17,False,4.169971990476043e-15,True,6.3769866344367755e-15,True
20,0,cpu_pcg,9.713132116595008e-08,8.17476223450805e-08,1.9748048077724435e-07,7.456699631272046e-08,2.7436321610349854e-09,False,1.731468426565313e-06,True,9.01173386646038e-06,True
20,0,cpu_identity_corrected,3.510596467982066e-08,3.180394716108579e-08,8.093117865133114e-08,3.055894373117871e-08,9.916250739912318e-10,False,8.707216967818816e-07,True,5.8301705971656e-06,True
20,0,cpu_reference_eigen_corrected,2.630658375532303e-08,2.573374498351815e-08,6.60618065614312e-08,2.494439180464826e-08,7.430722513853456e-10,False,2.034259727284704e-06,True,4.207201851832224e-06,True
20,0,cpu_rjd_corrected,2.7876982822903996e-08,2.5057567120294173e-08,6.170186963067537e-08,2.329811567771255e-08,7.874307219965591e-10,False,2.7006706861429906e-06,True,3.1427928277966314e-07,True
20,0,gpu_cholesky,4.2668556831816447e-16,2.7712718389388733e-16,6.521227266364831e-16,2.462361483077122e-16,1.2052427902742562e-17,False,4.642949164342116e-15,True,9.50523457396414e-16,True
20,0,gpu_pcg,9.713132119042674e-08,8.174762235894263e-08,1.974804808122188e-07,7.456699632592652e-08,2.7436321617263678e-09,False,1.7314683592839894e-06,True,9.011733836724703e-06,True
20,0,gpu_rjd_corrected,2.7876982816099846e-08,2.5057567123458095e-08,6.170186962484347e-08,2.3298115675510474e-08,7.874307218043649e-10,False,2.7006706176052125e-06,True,3.1427922236044885e-07,True
20,1,cpu_cholesky,4.785971640587251e-14,0.0,0.0,0.0,6.394891002110704e-18,False,0.0,True,0.0,True
20,1,cpu_banded,5.226989943843187e-14,2.021105174483817e-14,1.8587151392050606e-14,1.1127916710711644e-14,6.984168204537075e-18,False,9.388144869138101e-13,True,1.2423243019418206e-12,True
20,1,cpu_information_smoother,3.34665778053869e-14,1.0348827332366522e-13,2.1294316873228187e-13,1.2748665977839351e-13,4.471717205011967e-18,False,2.4231235690060345e-11,True,2.1707524569376224e-11,True
20,1,cpu_pcg,7.725126715239809e-08,3.715518229921616e-08,8.385849475709977e-09,5.020512963281483e-09,1.032211367559866e-11,False,3.881866023635004e-07,True,6.679923559740863e-07,True
20,1,cpu_identity_corrected,7.89147040585264e-08,3.720515946600907e-08,8.388009182051203e-09,5.021805954971164e-09,1.0544377794624965e-11,False,3.903058181151761e-07,True,6.704278651226085e-07,True
20,1,cpu_reference_eigen_corrected,7.819412036329973e-08,3.758456157368076e-08,1.274780224610344e-08,7.631964610775775e-09,1.0448095292945171e-11,False,4.04853620554282e-07,True,7.620629249016636e-07,True
20,1,cpu_rjd_corrected,9.210265647139783e-08,6.580924687935429e-08,1.6862452830067887e-08,1.009535924431924e-08,1.2306517733505499e-11,False,2.1016874192965995e-06,True,1.5866169746661962e-06,True
20,1,gpu_cholesky,5.455334391231952e-14,2.874729843884734e-14,5.090657871592214e-14,3.0477191261289394e-14,7.289276124442854e-18,False,6.293970996421626e-12,True,5.746181407177017e-12,True
20,1,gpu_pcg,7.357853074876654e-08,3.674917981788362e-08,8.329617244255808e-09,4.986847364132866e-09,9.831372176381732e-12,False,3.90112731098164e-07,True,6.569768683521264e-07,True
20,1,gpu_rjd_corrected,9.027616136878059e-08,6.113283815780736e-08,1.528750669278301e-08,9.152456856002832e-09,1.2062466211141401e-11,False,1.831638355413497e-06,True,1.4025584975994745e-06,True
20,2,cpu_cholesky,5.942595143488615e-16,0.0,0.0,0.0,1.0935250041572138e-17,False,0.0,True,0.0,True
20,2,cpu_banded,6.262792817044826e-16,4.2107127401770367e-16,9.887445554811422e-16,3.62053182811829e-16,1.1524460906273808e-17,False,1.074527780986993e-13,True,1.334899449061315e-13,True
20,2,cpu_information_smoother,5.907399422845047e-16,2.436137210842169e-16,5.065930684520511e-16,1.8550153505950104e-16,1.0870484733430214e-17,False,1.3966897333715173e-13,True,1.125606511812452e-13,True
20,2,cpu_pcg,7.730318935421314e-08,5.8981665367418965e-08,1.4401792723169706e-07,5.27357128260746e-08,1.4224925047663862e-09,False,2.162853764830882e-06,True,7.326947053773472e-07,True
20,2,cpu_identity_corrected,7.811388030382251e-08,5.9112959416053655e-08,1.437715083954158e-07,5.264548049712185e-08,1.4374104116402812e-09,False,7.918357868775424e-07,True,1.729675844768911e-07,True
20,2,cpu_reference_eigen_corrected,5.904849779338155e-08,5.158167018455834e-08,1.2651914115743553e-07,4.6328101114426063e-08,1.0865793118489776e-09,False,1.8764765761010302e-06,True,2.277422520132681e-06,True
20,2,cpu_rjd_corrected,9.57698027226981e-08,7.968658833946627e-08,1.9198205222529547e-07,7.029895908462546e-08,1.7623053771032743e-09,False,3.063360730188152e-05,True,3.200210468479414e-05,True
20,2,gpu_cholesky,5.374588998142813e-16,3.3495830767262015e-16,6.881901646304547e-16,2.5199778659009244e-16,9.890035101881738e-18,False,8.019960505590645e-14,True,6.025043740272416e-14,True
20,2,gpu_pcg,7.730318936682707e-08,5.898166538658891e-08,1.440179273012024e-07,5.2735712851525693e-08,1.4224925049985014e-09,False,2.1628539114717756e-06,True,7.326948188933284e-07,True
20,2,gpu_rjd_corrected,9.576980271192023e-08,7.968658833100087e-08,1.919820522206823e-07,7.029895908293623e-08,1.7623053769049453e-09,False,3.0633607221858925e-05,True,3.200210463549676e-05,True
20,3,cpu_cholesky,5.489515625711998e-16,0.0,0.0,0.0,1.052984267595866e-17,False,0.0,True,0.0,True
20,3,cpu_banded,6.965500202568907e-16,4.836379694554205e-16,1.0630461591800092e-15,4.0314404882469077e-16,1.3361036982729368e-17,False,2.535427822390807e-13,True,2.0676768326912625e-13,True
20,3,cpu_information_smoother,5.521457464423854e-16,2.6239037362623886e-16,5.879615692281222e-16,2.2297546115474584e-16,1.0591112660297773e-17,False,1.0197926597518017e-14,True,1.6484634389827001e-15,True
20,3,cpu_pcg,6.646412769724059e-08,5.040511734350776e-08,1.1673389438954011e-07,4.42695497395651e-08,1.2748971979101292e-09,False,2.498533854516902e-06,True,1.936359103260141e-06,True
20,3,cpu_identity_corrected,6.723821909111406e-08,5.055874945023012e-08,1.1655538964508605e-07,4.42018545366878e-08,1.2897456126492723e-09,False,1.062869174132909e-06,True,8.800851758489254e-07,True
20,3,cpu_reference_eigen_corrected,7.6300125826901e-08,5.989299604353869e-08,1.334929860066878e-07,5.0625179728739243e-08,1.4635686763613018e-09,False,4.416776226339928e-06,True,9.108385790839306e-06,True
20,3,cpu_rjd_corrected,6.655334624823214e-08,6.237298864114022e-08,1.5774603059635867e-07,5.982277713104548e-08,1.2766085660414834e-09,False,1.6216603832580568e-05,True,1.7539556022137494e-05,True
20,3,gpu_cholesky,5.1345177191764e-16,2.9431383839598047e-16,6.112276024032841e-16,2.317987495259294e-16,9.848895145978782e-18,False,2.7691807623906612e-14,True,2.8101244736430292e-14,True
20,3,gpu_pcg,6.646412766786822e-08,5.040511730598085e-08,1.167338942807409e-07,4.426954969830466e-08,1.2748971973467166e-09,False,2.498533910583492e-06,True,1.93635918363474e-06,True
20,3,gpu_rjd_corrected,6.655334627667092e-08,6.237298866526667e-08,1.5774603068512423e-07,5.982277716470847e-08,1.2766085665869885e-09,False,1.6216603958630888e-05,True,1.7539556083457946e-05,True
20,4,cpu_cholesky,3.684335168203722e-16,0.0,0.0,0.0,7.986217012973302e-18,False,0.0,True,0.0,True
20,4,cpu_banded,6.091552870166939e-16,4.994881005932449e-16,1.1379606177570917e-15,4.361178986768212e-16,1.320413614564602e-17,False,8.135185934908558e-14,True,9.220998203271227e-14,True
20,4,cpu_information_smoother,4.1771071073486363e-16,2.1234560441544282e-16,4.541063319511747e-16,1.7403405370629412e-16,9.054356436844894e-18,False,6.1265448586061785e-15,True,2.153782456600065e-14,True
20,4,cpu_pcg,4.938339621960224e-08,3.884165886596929e-08,9.212880124521122e-08,3.530791714555855e-08,1.0704414808434554e-09,False,1.6105618944425691e-06,True,7.588717687355292e-07,True
20,4,cpu_identity_corrected,4.9469999339020684e-08,3.9661874354443624e-08,9.502209472447063e-08,3.641675786705645e-08,1.0723187018294171e-09,False,4.520235224540807e-06,True,2.595054387021195e-06,True
20,4,cpu_reference_eigen_corrected,9.156533403549089e-08,8.467016442795203e-08,2.0803738425148682e-07,7.972932054960426e-08,1.9847830857409593e-09,False,3.4264330625726068e-06,True,2.023519603371982e-06,True
20,4,cpu_rjd_corrected,1.9385825573999847e-08,1.783920076380818e-08,4.405159616461999e-08,1.6882561006847516e-08,4.202098955891638e-10,False,2.240725373861404e-06,True,5.128481226250351e-06,True
20,4,gpu_cholesky,3.975564535213835e-16,2.1583351368632616e-16,4.649870307511855e-16,1.7820402885547722e-16,8.617489907352118e-18,False,7.189074802289497e-14,True,1.0010971750924754e-13,True
20,4,gpu_pcg,4.9383396230595336e-08,3.884165887716153e-08,9.212880129450336e-08,3.5307917164449525e-08,1.0704414810817432e-09,False,1.6105618176952959e-06,True,7.588717446923521e-07,True
20,4,gpu_rjd_corrected,1.9385825551735533e-08,1.7839200761167212e-08,4.405159616613792e-08,1.6882561007429255e-08,4.202098951065595e-10,False,2.2407252165651446e-06,True,5.128481095014442e-06,True
20,5,cpu_cholesky,4.795321822600008e-16,0.0,0.0,0.0,1.0716896290469552e-17,False,0.0,True,0.0,True
20,5,cpu_banded,5.300663573482796e-16,3.382174447717003e-16,7.412195488928753e-16,2.8052023386837837e-16,1.184626681778877e-17,False,6.112875040198073e-14,True,3.8412480161464585e-14,True
20,5,cpu_information_smoother,4.550467881832807e-16,2.242702405441723e-16,4.820444384745093e-16,1.8243342180841968e-16,1.0169680819518716e-17,False,1.808352212979802e-15,True,4.593812304256624e-15,True
20,5,cpu_pcg,5.962674073589488e-08,4.8718501935481865e-08,1.1703044833003181e-07,4.429107244175823e-08,1.3325770839274068e-09,False,8.508476770062107e-06,True,2.770505183530162e-06,True
20,5,cpu_identity_corrected,6.102251497428441e-08,4.903535694816865e-08,1.1663227282503231e-07,4.414037986227897e-08,1.3637707525583726e-09,False,6.330339711026324e-06,True,1.1772470496963575e-06,True
20,5,cpu_reference_eigen_corrected,8.915605552716628e-08,7.945997939517977e-08,1.9133675186253165e-07,7.241286398916937e-08,1.9925173708798457e-09,False,9.854729693685308e-06,True,2.5733318332829303e-06,True
20,5,cpu_rjd_corrected,2.4329685293355732e-08,2.2731605335998758e-08,5.687150325122469e-08,2.1523457410572808e-08,5.437355879318247e-10,False,8.353666767796378e-07,True,1.7312044100794116e-06,True
20,5,gpu_cholesky,4.863786011192854e-16,2.5077118283012297e-16,5.552431604695591e-16,2.101360406122384e-16,1.0869904500534348e-17,False,1.8944763258063056e-14,True,2.858602457372654e-14,True
20,5,gpu_pcg,5.962674073525907e-08,4.8718501924192286e-08,1.1703044830674165e-07,4.429107243294388e-08,1.3325770839131973e-09,False,8.508476725659447e-06,True,2.7705051405948526e-06,True
20,5,gpu_rjd_corrected,2.432968527888892e-08,2.2731605330342774e-08,5.6871503227166764e-08,2.1523457401467902e-08,5.437355876085112e-10,False,8.353666224166511e-07,True,1.7312044125685882e-06,True
20,6,cpu_cholesky,5.304709261830158e-16,0.0,0.0,0.0,9.935601738481817e-18,False,0.0,True,0.0,True
20,6,cpu_banded,6.416385017758651e-16,5.842954249002433e-16,1.379346285943666e-15,5.132315948481e-16,1.2017745552226016e-17,False,2.1829386664779452e-13,True,2.089341182667838e-13,True
20,6,cpu_information_smoother,5.56886741531826e-16,2.3555254334809e-16,5.164253238013452e-16,1.9215319260687492e-16,1.0430364048626795e-17,False,7.45464955825917e-14,True,5.2846876851440355e-14,True
20,6,cpu_pcg,5.2340933050163806e-08,4.0718390996806246e-08,9.969153757113229e-08,3.7093547386824316e-08,9.803339637153174e-10,False,1.1030969237532503e-06,True,1.3099340092781279e-06,True
20,6,cpu_identity_corrected,5.204758584589372e-08,4.1248263533151046e-08,1.0190050749003022e-07,3.791546800675903e-08,9.748396365336312e-10,False,3.39064566713296e-06,True,2.9324148815971847e-06,True
20,6,cpu_reference_eigen_corrected,9.288356942439148e-08,7.659273853734856e-08,1.794808986564407e-07,6.678182904534049e-08,1.7396884757430596e-09,False,1.2801587752314828e-07,True,1.0316540806449754e-05,True
20,6,cpu_rjd_corrected,2.5721971121064938e-08,2.1116262711709636e-08,5.025875709757212e-08,1.870043971055697e-08,4.817667622704138e-10,False,2.3808779291160196e-06,True,2.2488607851696862e-06,True
20,6,gpu_cholesky,4.709699335701821e-16,2.952980086268085e-16,6.38522417002549e-16,2.3758347107179275e-16,8.821161461991518e-18,False,9.034422097041061e-14,True,8.626684128028676e-14,True
20,6,gpu_pcg,5.23409330634756e-08,4.071839101185876e-08,9.969153761386213e-08,3.709354740272337e-08,9.803339639646443e-10,False,1.1030969390972429e-06,True,1.3099340538010737e-06,True
20,6,gpu_rjd_corrected,2.5721971128899966e-08,2.111626273796593e-08,5.0258757179055346e-08,1.870043974087551e-08,4.817667624171622e-10,False,2.3808779364988405e-06,True,2.2488607865522287e-06,True
20,7,cpu_cholesky,5.314325209595704e-16,0.0,0.0,0.0,8.210958161449137e-18,False,0.0,True,0.0,True
20,7,cpu_banded,7.401672454060551e-16,5.165163933974324e-16,1.1410063988419635e-15,4.227327567642094e-16,1.1436037586729717e-17,False,1.719504290048992e-14,True,6.98184579438452e-14,True
20,7,cpu_information_smoother,5.118291336045199e-16,2.954731054099723e-16,5.600491632436982e-16,2.074932506441524e-16,7.908073811984859e-18,False,1.1184122154960446e-14,True,1.798475353571667e-14,True
20,7,cpu_pcg,6.750541913211782e-08,5.348819862764862e-08,1.366591081040284e-07,5.063098819111494e-08,1.043000099691117e-09,False,5.032723982139061e-06,True,1.5131176484113118e-06,True
20,7,cpu_identity_corrected,6.904823538744989e-08,5.372355162135807e-08,1.36353206193777e-07,5.0517654244915115e-08,1.0668375562608902e-09,False,3.7227247159936814e-06,True,4.987713907132304e-07,True
20,7,cpu_reference_eigen_corrected,5.656836651044698e-08,4.526317387366846e-08,1.0342204760719383e-07,3.831695189401285e-08,8.74015938476474e-10,False,5.76429616293072e-06,True,6.905264261836063e-06,True
20,7,cpu_rjd_corrected,2.7106519712514568e-08,2.346758984397892e-08,5.703857247044881e-08,2.1132285504095266e-08,4.188123418865723e-10,False,3.551499824970932e-07,True,9.53832260531131e-07,True
20,7,gpu_cholesky,5.065675745292227e-16,3.584867939408265e-16,7.718382418692698e-16,2.8595922695314265e-16,7.826779499485408e-18,False,8.091232778018175e-15,True,2.4874876996782733e-14,True
20,7,gpu_pcg,6.750541915523073e-08,5.3488198644597756e-08,1.3665910816825648e-07,5.063098821491087e-08,1.0430001000482255e-09,False,5.032724054632906e-06,True,1.513117702653166e-06,True
20,7,gpu_rjd_corrected,2.710651969941631e-08,2.3467589810893714e-08,5.7038572372961525e-08,2.113228546797709e-08,4.188123416841962e-10,False,3.551499870953804e-07,True,9.538322509511955e-07,True
20,8,cpu_cholesky,7.628725040373716e-16,0.0,0.0,0.0,1.1308709461691414e-17,False,0.0,True,0.0,True
20,8,cpu_banded,8.385466888518066e-16,5.682735905648792e-16,1.285227818946537e-15,4.641003848884985e-16,1.243049241400354e-17,False,1.2826775647227337e-13,True,1.2378180346358938e-13,True
20,8,cpu_information_smoother,6.469443919044974e-16,3.163612901614779e-16,6.81723380482371e-16,2.4617276299597264e-16,9.59020822902825e-18,False,1.5158058489410594e-15,True,3.050804717344189e-15,True
20,8,cpu_pcg,4.9091922964284795e-08,3.717896919463633e-08,9.643685660741823e-08,3.482369554187304e-08,7.277314237748827e-10,False,5.023391744172726e-06,True,2.2365030405732966e-06,True
20,8,cpu_identity_corrected,4.9560439813610827e-08,3.7804326045482735e-08,9.836141163186859e-08,3.551865927858909e-08,7.34676648601157e-10,False,7.3819833477164015e-06,True,5.037625713296707e-07,True
20,8,cpu_reference_eigen_corrected,7.02036556514283e-08,5.5982656430833146e-08,1.3180774256311476e-07,4.759624959329512e-08,1.0406886500430397e-09,False,2.1286952518117535e-06,True,1.602598432231813e-06,True
20,8,cpu_rjd_corrected,7.783479095472592e-08,7.530371634596677e-08,2.0735989566047022e-07,7.487840363224066e-08,1.1538114505728877e-09,False,4.166968848442561e-06,True,4.8301344208731695e-06,True
20,8,gpu_cholesky,7.647732354149061e-16,3.228747645600642e-16,6.742323860076803e-16,2.4346773796644034e-16,1.1336885623238071e-17,False,7.866846065222127e-14,True,8.59775758660033e-14,True
20,8,gpu_pcg,4.909192295438199e-08,3.717896920736306e-08,9.6436856656684e-08,3.482369555966309e-08,7.27731423628085e-10,False,5.023391816846408e-06,True,2.2365029709782075e-06,True
20,8,gpu_rjd_corrected,7.783479101321462e-08,7.530371636622265e-08,2.0735989568388976e-07,7.487840364069753e-08,1.1538114514399155e-09,False,4.166969097846307e-06,True,4.830134214325146e-06,True
20,9,cpu_cholesky,4.877827337676607e-16,0.0,0.0,0.0,8.258541404521131e-18,False,0.0,True,0.0,True
20,9,cpu_banded,6.517400926728979e-16,3.568263956976094e-16,7.47685130671538e-16,2.86716151116746e-16,1.1034467125868597e-17,False,6.865126543772277e-14,True,7.590912594805556e-14,True
20,9,cpu_information_smoother,4.590683969147164e-16,2.265300937105499e-16,4.472624237460524e-16,1.7151251966243877e-16,7.772385328491673e-18,False,8.629484797278122e-14,True,8.335466987245654e-14,True
20,9,cpu_pcg,5.438171236344039e-08,4.1462291141746075e-08,9.767052488354049e-08,3.7453890445847694e-08,9.207247244739359e-10,False,5.868882291747289e-07,True,1.2253935509602716e-06,True
20,9,cpu_identity_corrected,5.4974822796453404e-08,4.152637487985985e-08,9.743422508498246e-08,3.7363276140476434e-08,9.307665459052763e-10,False,1.204174432577772e-06,True,7.506126897301374e-07,True
20,9,cpu_reference_eigen_corrected,8.320166303266096e-08,6.496982918544855e-08,1.4416869113781982e-07,5.52846252237876e-08,1.408668910759951e-09,False,6.6190091122188865e-06,True,7.456529662372247e-06,True
20,9,cpu_rjd_corrected,4.440727271960508e-08,3.899156673961053e-08,9.486743602813952e-08,3.637898496105228e-08,7.518496957005823e-10,False,6.81196554211916e-06,True,1.0097531717531616e-05,True
20,9,gpu_cholesky,4.732802403488394e-16,2.938765484563842e-16,5.742063693029755e-16,2.2019194096504602e-16,8.013002901255497e-18,False,7.148254423088705e-14,True,4.9511481176993724e-14,True
20,9,gpu_pcg,5.4381712373509936e-08,4.146229116162451e-08,9.767052493929054e-08,3.745389046722626e-08,9.207247246444211e-10,False,5.868880195015785e-07,True,1.225393708735692e-06,True
20,9,gpu_rjd_corrected,4.440727272246205e-08,3.899156673527207e-08,9.486743600498884e-08,3.637898495217465e-08,7.518496957489529e-10,False,6.811965618692746e-06,True,1.0097531756013834e-05,True
20,10,cpu_cholesky,6.525149988023972e-16,0.0,0.0,0.0,1.032225721651368e-17,False,0.0,True,0.0,True
20,10,cpu_banded,6.631684632424606e-16,4.7712346321488845e-16,1.1165966519740507e-15,4.1820610317698703e-16,1.0490786369711911e-17,False,4.4336590753816774e-14,True,3.1779100797964344e-14,True
20,10,cpu_information_smoother,6.732193901248122e-16,3.683394685012906e-16,7.964165934903846e-16,2.9828701302325297e-16,1.0649783868212979e-17,False,4.8270634830011205e-15,True,6.5396916776778365e-15,True
20,10,cpu_pcg,8.243184800127654e-08,6.407829941590476e-08,1.6114059350901882e-07,6.035301964759945e-08,1.3040048717208351e-09,False,2.7192987810669373e-06,True,4.789923684408201e-06,True
20,10,cpu_identity_corrected,8.440398340322543e-08,6.657636974438902e-08,1.6806935589310504e-07,6.294809344740458e-08,1.3352024509256172e-09,False,2.9145134945573844e-06,True,7.810431913678294e-08,True
20,10,cpu_reference_eigen_corrected,7.421737694744547e-08,6.02084809538811e-08,1.4242088430061052e-07,5.334180693545823e-08,1.1740586243001148e-09,False,1.0270780195081138e-05,True,1.9873901340842916e-05,True
20,10,cpu_rjd_corrected,3.227961540155775e-08,2.5826123680529433e-08,6.008389719857227e-08,2.250360724857838e-08,5.106372922737144e-10,False,1.6054160761377049e-06,True,4.253215007672547e-06,True
20,10,gpu_cholesky,5.095686076760531e-16,3.390713339257383e-16,7.2139107412122875e-16,2.7018722422419663e-16,8.060961430077158e-18,False,1.6461717485468608e-14,True,3.502704037326437e-14,True
20,10,gpu_pcg,8.243184806354407e-08,6.407829945247372e-08,1.6114059359532785e-07,6.035301967992532e-08,1.304004872705857e-09,False,2.7192989264450625e-06,True,4.7899237834497974e-06,True
20,10,gpu_rjd_corrected,3.2279615381581303e-08,2.582612367475679e-08,6.008389720648225e-08,2.2503607251540954e-08,5.106372919577034e-10,False,1.6054160679918538e-06,True,4.253215027653611e-06,True
20,11,cpu_cholesky,5.203741338744229e-16,0.0,0.0,0.0,9.332560076131672e-18,False,0.0,True,0.0,True
20,11,cpu_banded,7.374635101553218e-16,5.641318381394213e-16,1.2361356468804849e-15,4.745326043335401e-16,1.3225912020716142e-17,False,1.2659526259124592e-13,True,6.857749213837498e-14,True
20,11,cpu_information_smoother,6.059270707914853e-16,2.5162898030230747e-16,5.577021580185002e-16,2.140928935710417e-16,1.0866894454981997e-17,False,7.194146601859143e-14,True,4.073707065811996e-14,True
20,11,cpu_pcg,5.686154979410828e-08,4.730978059472576e-08,1.1735938909283602e-07,4.505238295631902e-08,1.0197736501653338e-09,False,5.420275108074475e-06,True,5.993284039145006e-06,True
20,11,cpu_identity_corrected,5.685136378481659e-08,4.790978484046643e-08,1.1956189062947668e-07,4.589788789169426e-08,1.019590971295013e-09,False,7.75165421066319e-06,True,7.752596701419335e-06,True
20,11,cpu_reference_eigen_corrected,9.127566406386749e-08,8.12900514930565e-08,1.977414762314599e-07,7.590977409127808e-08,1.636967678251403e-09,False,1.2673618829039802e-07,True,1.1605524747392855e-05,True
20,11,cpu_rjd_corrected,1.85317489900594e-08,1.5529768853147466e-08,3.70975790798348e-08,1.4241164276468355e-08,3.323544523783282e-10,False,2.5205754917869345e-06,True,3.0203201982294023e-06,True
20,11,gpu_cholesky,4.575131099654553e-16,2.9202543063201985e-16,6.457464291424914e-16,2.4789167397071033e-16,8.205189894009668e-18,False,5.404446786878011e-14,True,6.896931700467423e-15,True
20,11,gpu_pcg,5.686154978708601e-08,4.730978058469295e-08,1.1735938905225365e-07,4.50523829407401e-08,1.019773650039394e-09,False,5.420275050848252e-06,True,5.993283985982196e-06,True
20,11,gpu_rjd_corrected,1.8531749069619282e-08,1.552976888656872e-08,3.7097579142433593e-08,1.4241164300499026e-08,3.323544538051813e-10,False,2.5205753691031034e-06,True,3.020320180927222e-06,True
20,12,cpu_cholesky,8.1474595339694e-16,0.0,0.0,0.0,1.22710027354477e-17,False,0.0,True,0.0,True
20,12,cpu_banded,6.886754316971481e-16,5.599728899375216e-16,1.3416077447104207e-15,4.880873507560648e-16,1.0372236978849006e-17,False,1.5506244706863554e-13,True,1.4048141827008594e-13,True
20,12,cpu_information_smoother,9.419248072148552e-16,3.8677370145531387e-16,9.049994819584821e-16,3.292458629031464e-16,1.418646123706289e-17,False,6.872366261260757e-14,True,5.0819428665833775e-14,True
20,12,cpu_pcg,8.92001037668883e-08,6.630198677442962e-08,1.650658362110948e-07,6.0052237335584e-08,1.343455233604324e-09,False,7.220632856374994e-07,True,4.918638636981664e-06,True
20,12,cpu_identity_corrected,9.206329314491315e-08,6.845893023814152e-08,1.7005502013123242e-07,6.186734131930493e-08,1.3865781283525543e-09,False,4.05714927025496e-06,True,9.412405487236713e-06,True
20,12,cpu_reference_eigen_corrected,2.4791443490004013e-08,2.0179872594227816e-08,5.109857962245427e-08,1.859006140479969e-08,3.73387396735135e-10,False,7.489478188950387e-07,True,3.873151824424543e-06,True
20,12,cpu_rjd_corrected,6.182401174113019e-08,5.2447773162572276e-08,1.3179898555708502e-07,4.794949786666568e-08,9.311400819236258e-10,False,2.8323545885238566e-06,True,8.616332344047604e-06,True
20,12,gpu_cholesky,7.30963889294581e-16,3.127520745654637e-16,6.591145397880882e-16,2.3979100511186256e-16,1.1009149352199755e-17,False,1.438048638964639e-13,True,9.277817763999432e-14,True
20,12,gpu_pcg,8.92001037968457e-08,6.630198679290893e-08,1.6506583622019693e-07,6.005223733889542e-08,1.343455234055517e-09,False,7.220633648693551e-07,True,4.918638584683018e-06,True
20,12,gpu_rjd_corrected,6.182401178982795e-08,5.2447773198493924e-08,1.3179898571792189e-07,4.794949792517939e-08,9.311400826570695e-10,False,2.8323546580478818e-06,True,8.616332409816893e-06,True
20,13,cpu_cholesky,4.764868066369092e-16,0.0,0.0,0.0,9.47946356751403e-18,False,0.0,True,0.0,True
20,13,cpu_banded,6.947945314708818e-16,4.672886461805286e-16,1.0103922665291584e-15,3.822503587662419e-16,1.3822585129844023e-17,False,2.3849094229710177e-14,True,8.678957665832667e-14,True
20,13,cpu_information_smoother,5.669116712232315e-16,2.0542762023735057e-16,4.3105485827018224e-16,1.630761434741778e-16,1.1278420427397489e-17,False,3.533044225160021e-16,True,2.7571676729321307e-15,True
20,13,cpu_pcg,5.958853127371991e-08,4.538964306815651e-08,1.064011661483124e-07,4.0253558227491836e-08,1.1854836335097972e-09,False,3.917986446512973e-06,True,2.565919169875244e-06,True
20,13,cpu_identity_corrected,6.055680363384285e-08,4.562453439783283e-08,1.0626514195324221e-07,4.020209772142019e-08,1.2047469211745215e-09,False,2.2126536600562134e-06,True,1.1720154538151754e-06,True
20,13,cpu_reference_eigen_corrected,3.145264982030413e-08,2.676479115715138e-08,6.229292691748384e-08,2.3566583446450322e-08,6.257345312961013e-10,False,3.304803686554857e-06,True,2.8141588002313058e-06,True
20,13,cpu_rjd_corrected,6.131776509555166e-08,5.694980619312497e-08,1.4538622796357195e-07,5.500233883385749e-08,1.219885861192943e-09,False,9.972929184258635e-06,True,1.2099842242778266e-06,True
20,13,gpu_cholesky,5.075090328982773e-16,2.24821927310475e-16,4.896880166964905e-16,1.8525816780918633e-16,1.009663503906729e-17,False,6.296456183708364e-14,True,6.124185639365294e-15,True
20,13,gpu_pcg,5.958853125646929e-08,4.53896430306812e-08,1.0640116604907395e-07,4.025355818994807e-08,1.185483633166605e-09,False,3.9179865286950395e-06,True,2.5659192010928047e-06,True
20,13,gpu_rjd_corrected,6.131776505017895e-08,5.694980617780216e-08,1.4538622796105746e-07,5.5002338832906205e-08,1.2198858602902763e-09,False,9.9729292319103e-06,True,1.209984273036095e-06,True
20,14,cpu_cholesky,5.632784147735881e-16,0.0,0.0,0.0,1.1420214840962171e-17,False,0.0,True,0.0,True
20,14,cpu_banded,6.553630402232715e-16,4.1359533602858795e-16,9.576876360017883e-16,3.5637838990339094e-16,1.3287188931577065e-17,False,1.4187260620153377e-13,True,1.4474224539263833e-13,True
20,14,cpu_information_smoother,5.738204481169976e-16,3.40381049101384e-16,7.349600447608997e-16,2.734961458714337e-16,1.1633949794201446e-17,False,7.712182739962835e-15,True,4.303897215568018e-14,True
20,14,cpu_pcg,6.418076942291444e-08,5.011248721551053e-08,1.2191629316267974e-07,4.53679578047977e-08,1.3012360423460131e-09,False,4.584504759125738e-06,True,8.949531189855172e-07,True
20,14,cpu_identity_corrected,6.489998059010893e-08,5.025659040265827e-08,1.2174383435385806e-07,4.5303781772548694e-08,1.3158177228868797e-09,False,3.103238488492126e-06,True,1.8494869650222633e-07,True
20,14,cpu_reference_eigen_corrected,5.111463991650441e-08,4.436693111618259e-08,1.0783273541252809e-07,4.012713037168558e-08,1.0363261759980218e-09,False,1.964011869066941e-06,True,2.4460740821033825e-06,True
20,14,cpu_rjd_corrected,9.988940378965518e-08,8.90180919240455e-08,2.2269058164217348e-07,8.286847187838104e-08,2.0252124321648704e-09,False,2.4261170322932235e-05,True,6.328699294053259e-06,True
20,14,gpu_cholesky,4.631189197336421e-16,3.5126825278530126e-16,7.852310188628668e-16,2.9220317323176253e-16,9.389526425219774e-18,False,8.835004344321008e-15,True,3.2873962024747005e-14,True
20,14,gpu_pcg,6.418076939018229e-08,5.0112487189678925e-08,1.2191629312362784e-07,4.536795779026556e-08,1.3012360416823837e-09,False,4.5845049350252176e-06,True,8.949531906659004e-07,True
20,14,gpu_rjd_corrected,9.988940378142386e-08,8.901809192049808e-08,2.2269058166891082e-07,8.286847188833065e-08,2.0252124319979838e-09,False,2.426117032520171e-05,True,6.328699316793514e-06,True
20,15,cpu_cholesky,4.3507378931870378e-16,0.0,0.0,0.0,1.013778272942634e-17,False,0.0,True,0.0,True
20,15,cpu_banded,5.340986095963532e-16,4.1176288750852175e-16,8.830509336260861e-16,3.319807284857955e-16,1.2445189283076306e-17,False,5.837045780275669e-14,True,6.418270820726404e-14,True
20,15,cpu_information_smoother,4.612551074112939e-16,2.105099448463149e-16,4.77562936004145e-16,1.7953855814573357e-16,1.0747841346858358e-17,False,7.169783318370794e-15,True,3.1471072062293357e-15,True
20,15,cpu_pcg,7.500903847561206e-08,6.076512705306075e-08,1.4979090188562523e-07,5.631350450458907e-08,1.7478077364840893e-09,False,2.396828801440627e-06,True,3.0546303161214194e-07,True
20,15,cpu_identity_corrected,7.76888263782398e-08,6.167661090521939e-08,1.5048754306551114e-07,5.6575404965349644e-08,1.8102502663097622e-09,False,4.7150456060591187e-07,True,1.8929726774208924e-06,True
20,15,cpu_reference_eigen_corrected,4.572999498616277e-08,4.202279212360983e-08,1.0413571394358912e-07,3.914955396108521e-08,1.065568096164844e-09,False,6.788501397063387e-07,True,6.136818539265716e-06,True
20,15,cpu_rjd_corrected,6.803966301626164e-08,6.67092367895094e-08,1.7773202972395408e-07,6.681789968867353e-08,1.585412267589517e-09,False,1.982474291125992e-05,True,1.801378754198971e-05,True
20,15,gpu_cholesky,4.796904346590117e-16,2.2516275082394756e-16,4.807741211697972e-16,1.8074579495394176e-16,1.1177408346230807e-17,False,7.401479293047031e-14,True,9.107128777173944e-14,True
20,15,gpu_pcg,7.500903850439512e-08,6.076512706844886e-08,1.4979090191879867e-07,5.631350451706054e-08,1.747807737154772e-09,False,2.396828599214864e-06,True,3.054629329492659e-07,True
20,15,gpu_rjd_corrected,6.803966300292425e-08,6.67092367492774e-08,1.7773202963757932e-07,6.681789965620116e-08,1.5854122672787387e-09,False,1.98247427026515e-05,True,1.801378741581103e-05,True
21,0,cpu_cholesky,3.925854202433434e-16,0.0,0.0,0.0,1.1142507808364382e-17,False,0.0,True,0.0,True
21,0,cpu_banded,5.360938335963041e-16,4.685307276569078e-16,1.1209220444912911e-15,4.33031939489082e-16,1.5215617847346936e-17,False,2.13557548220393e-13,True,1.45340694179952e-13,True
21,0,cpu_information_smoother,3.7818767024417e-16,1.8275625855194416e-16,3.9704505257972526e-16,1.533855008277329e-16,1.0733865425034844e-17,False,4.6482669229275534e-15,True,2.3274964750781533e-14,True
21,0,cpu_pcg,6.886441275166867e-08,5.767965848526222e-08,1.3734948199100437e-07,5.306052536541712e-08,1.954535798701036e-09,False,5.852287091086131e-07,True,1.3432925940050322e-06,True
21,0,cpu_identity_corrected,7.24741701514771e-08,5.852232398942932e-08,1.358473333240242e-07,5.248021886340825e-08,2.056989299767095e-09,False,1.5899930576893291e-06,True,1.388355926811304e-06,True
21,0,cpu_reference_eigen_corrected,1.8770564450350696e-08,1.8067238534754044e-08,4.465750649893612e-08,1.7251981747541445e-08,5.327532577586657e-10,False,7.715959819470922e-07,True,3.94481442979437e-06,True
21,0,cpu_rjd_corrected,2.792198676544098e-08,2.545751766712942e-08,6.197615251589233e-08,2.3942479905645676e-08,7.924923825272965e-10,False,6.357201108404227e-06,True,1.0309997194695098e-06,True
21,0,gpu_cholesky,4.1927812429663936e-16,2.479349231808266e-16,5.559333146064334e-16,2.1476683649296205e-16,1.190011022558062e-17,False,4.952386818837971e-15,True,2.3340519676675254e-14,True
21,0,gpu_pcg,6.886441278002643e-08,5.767965850931682e-08,1.3734948205889483e-07,5.3060525391644396e-08,1.9545357995058965e-09,False,5.852284431836989e-07,True,1.3432924198654388e-06,True
21,0,gpu_rjd_corrected,2.7921986757128072e-08,2.5457517673128203e-08,6.197615253996834e-08,2.3942479914946663e-08,7.924923822913563e-10,False,6.357201312280743e-06,True,1.030999886637146e-06,True
21,1,cpu_cholesky,3.8484139440064267e-14,0.0,0.0,0.0,6.907024535971466e-18,False,0.0,True,0.0,True
21,1,cpu_banded,3.9377003538911036e-14,2.2697468699329492e-14,2.7117663478040533e-14,1.4203235931274755e-14,7.067273259932787e-18,False,2.4216408651175854e-12,True,2.536286973954815e-12,True
21,1,cpu_information_smoother,4.44097962395027e-14,7.798669938228126e-14,2.2628036044098206e-13,1.1851734012997606e-13,7.970544664029554e-18,False,2.6247073095624896e-11,True,2.3720660459317338e-11,True
21,1,cpu_pcg,9.949023274285199e-08,4.68438698708808e-08,1.3300268250944502e-08,6.9661919092100855e-09,1.7856225672682385e-11,False,9.733058801544112e-07,True,8.841371804509605e-07,True
21,1,cpu_identity_corrected,9.04674761316949e-08,4.1690538113081086e-08,1.2090605001791028e-08,6.332614737672715e-09,1.6236846827292917e-11,False,9.350832662804043e-07,True,8.530113607468527e-07,True
21,1,cpu_reference_eigen_corrected,6.224478381234196e-08,2.7300256577359543e-08,9.888317086998464e-09,5.17913723148109e-09,1.1171517817644445e-11,False,1.415468532851738e-06,True,9.654530360582179e-07,True
21,1,cpu_rjd_corrected,6.760468012890897e-08,4.39126820222303e-08,1.872759871269388e-08,9.808828225854533e-09,1.213349683009786e-11,False,8.92371215749952e-07,True,2.5073026262579843e-06,True
21,1,gpu_cholesky,3.683788688859872e-14,2.512258530149766e-14,6.028695038668311e-14,3.157608990215954e-14,6.611559782677595e-18,False,7.96991718996956e-12,True,6.963172068269009e-12,True
21,1,gpu_pcg,9.734529813435456e-08,3.554405930302904e-08,1.0796311243209762e-08,5.6547112142960606e-09,1.747125887388414e-11,False,8.238664146099824e-07,True,8.62716926065867e-07,True
21,1,gpu_rjd_corrected,6.759374371200145e-08,4.391216784648435e-08,1.87326343154559e-08,9.811465689592626e-09,1.2131533992911467e-11,False,8.975399306926732e-07,True,2.511160050898615e-06,True
21,2,cpu_cholesky,4.854694727193128e-16,0.0,0.0,0.0,8.949841616715164e-18,False,0.0,True,0.0,True
21,2,cpu_banded,7.33869382164676e-16,5.576404488159949e-16,1.1502801293043511e-15,4.4268543391958955e-16,1.3529202363519027e-17,False,2.0189837432228477e-13,True,1.0884073220764717e-13,True
21,2,cpu_information_smoother,5.866593184247191e-16,2.736638757483143e-16,5.542114241789701e-16,2.1328832737833597e-16,1.0815320587432748e-17,False,6.439653073896368e-14,True,4.751518976100013e-14,True
21,2,cpu_pcg,7.825076455520626e-08,5.9491267599977996e-08,1.3912836181564597e-07,5.35435653036347e-08,1.4425870020780948e-09,False,1.4892173019543176e-06,True,3.4989812024574906e-06,True
21,2,cpu_identity_corrected,8.120791563791617e-08,6.050408192851644e-08,1.3995844030249428e-07,5.3863021100337016e-08,1.4971033723480891e-09,False,3.0892374955600016e-06,True,1.672343037703429e-07,True
21,2,cpu_reference_eigen_corrected,8.630880171979739e-08,7.209009545889803e-08,1.6411338408945102e-07,6.315905386593736e-08,1.5911404554205692e-09,False,3.3341668164858273e-06,True,4.183497964782423e-06,True
21,2,cpu_rjd_corrected,1.9689660586592137e-08,1.7003875317984928e-08,4.088446726399192e-08,1.573439171054544e-08,3.6298748555394633e-10,False,4.025786588281107e-06,True,2.0217054540398353e-06,True
21,2,gpu_cholesky,4.581084999844921e-16,3.110353517357194e-16,6.348034644124966e-16,2.4430418290112924e-16,8.445430142427698e-18,False,1.2905663446962742e-13,True,6.43936729542478e-14,True
21,2,gpu_pcg,7.825076454154393e-08,5.9491267606955476e-08,1.3912836185643915e-07,5.3543565319333965e-08,1.4425870018262237e-09,False,1.4892171609915707e-06,True,3.498981115152819e-06,True
21,2,gpu_rjd_corrected,1.9689660543476724e-08,1.700387526516826e-08,4.088446712169765e-08,1.5734391655783472e-08,3.6298748475909494e-10,False,4.02578636973379e-06,True,2.021705280136232e-06,True
21,3,cpu_cholesky,5.584264640031857e-16,0.0,0.0,0.0,1.0772542800487171e-17,False,0.0,True,0.0,True
21,3,cpu_banded,5.934091272819521e-16,4.671474544671391e-16,1.0095008422101283e-15,3.9193390427019936e-16,1.144738946649939e-17,False,1.5211800187311207e-14,True,8.782628146329321e-14,True
21,3,cpu_information_smoother,5.146413183084055e-16,2.6629620003721447e-16,5.568876359534247e-16,2.1620897801449832e-16,9.927888425332244e-18,False,1.4694071697341235e-13,True,1.1565468951425007e-13,True
21,3,cpu_pcg,4.960642955981882e-08,3.8162911548070025e-08,8.741137703343416e-08,3.3937051705021906e-08,9.569521157259204e-10,False,2.211835559540194e-06,True,1.2207067549711243e-06,True
21,3,cpu_identity_corrected,5.026986431803465e-08,3.828211579598587e-08,8.722050861615685e-08,3.386294794912846e-08,9.697503617285143e-10,False,3.4309655420728804e-06,True,2.36035813745372e-06,True
21,3,cpu_reference_eigen_corrected,7.579866530636961e-08,6.124786343709307e-08,1.3606918703079448e-07,5.2828215187115766e-08,1.462223601495536e-09,False,6.799338980516126e-06,True,2.263825433904177e-06,True
21,3,cpu_rjd_corrected,8.192810491402367e-08,7.268081459518783e-08,1.7345391850616503e-07,6.734265950908008e-08,1.5804659619676917e-09,False,1.3986809152321882e-05,True,1.8560641890571557e-05,True
21,3,gpu_cholesky,5.05864488136955e-16,2.8664831371441063e-16,5.83824097381077e-16,2.2666693114651353e-16,9.758575570785976e-18,False,1.4725182330128853e-13,True,1.2113178635410528e-13,True
21,3,gpu_pcg,4.960642955880579e-08,3.816291153344434e-08,8.741137697572012e-08,3.393705168261471e-08,9.56952115706378e-10,False,2.211835632933913e-06,True,1.220706767633091e-06,True
21,3,gpu_rjd_corrected,8.19281049012588e-08,7.2680814579876e-08,1.7345391848668338e-07,6.734265950151642e-08,1.5804659617214462e-09,False,1.3986809167943981e-05,True,1.8560641923445635e-05,True
21,4,cpu_cholesky,4.986620180674298e-16,0.0,0.0,0.0,1.0866654277764857e-17,False,0.0,True,0.0,True
21,4,cpu_banded,6.949206267125708e-16,4.163005180790821e-16,9.094047144320228e-16,3.624960557625973e-16,1.5143447720841003e-17,False,2.1439136254782672e-13,True,1.6587764122326469e-13,True
21,4,cpu_information_smoother,5.426612472322803e-16,2.5735560221416696e-16,5.272319049244963e-16,2.101588907274316e-16,1.1825468854570918e-17,False,6.577991220618556e-14,True,3.261929904401423e-14,True
21,4,cpu_pcg,7.796650455429231e-08,6.154916776218647e-08,1.4182241144018623e-07,5.6531557347287784e-08,1.6990166105528689e-09,False,1.551289328120819e-06,True,5.5397162288507596e-06,True
21,4,cpu_identity_corrected,7.796347161133034e-08,6.154917027674579e-08,1.4182526861631537e-07,5.653269624074302e-08,1.6989505178041037e-09,False,1.5588544772251201e-06,True,5.54668823239958e-06,True
21,4,cpu_reference_eigen_corrected,4.932952830543251e-08,4.6339016779037424e-08,1.0982617389211221e-07,4.377759893212396e-08,1.0749704331020205e-09,False,6.249979381449963e-06,True,4.469946910707455e-06,True
21,4,cpu_rjd_corrected,2.2140038142275685e-08,1.9827997536443988e-08,4.6560619481368635e-08,1.8559438551405153e-08,4.824673442426592e-10,False,5.9100177489669675e-06,True,3.363601402688908e-06,True
21,4,gpu_cholesky,5.390913797451618e-16,2.8498417655763365e-16,6.328119694184586e-16,2.5224395619811737e-16,1.1747675651169762e-17,False,6.47044145547865e-14,True,5.807098472341997e-14,True
21,4,gpu_pcg,7.796650451706692e-08,6.154916776016889e-08,1.4182241145368233e-07,5.6531557352667436e-08,1.6990166097416673e-09,False,1.5512892471797177e-06,True,5.539716122616463e-06,True
21,4,gpu_rjd_corrected,2.2140038124861597e-08,1.9827997533325487e-08,4.65606194736685e-08,1.8559438548335816e-08,4.82467343863178e-10,False,5.910017751625363e-06,True,3.3636014075542336e-06,True
21,5,cpu_cholesky,4.46925707556392e-16,0.0,0.0,0.0,1.0202328602598273e-17,False,0.0,True,0.0,True
21,5,cpu_banded,5.273608871487821e-16,4.905142430519489e-16,1.0897612674333929e-15,4.196827710247758e-16,1.2038486423765951e-17,False,9.983833609641485e-14,True,1.1722330963325215e-13,True
21,5,cpu_information_smoother,5.068239057798213e-16,2.4890100497799534e-16,5.246791616625469e-16,2.0206150745668042e-16,1.1569672415332263e-17,False,6.816838465210372e-14,True,5.636839031725734e-14,True
21,5,cpu_pcg,4.760691039378646e-08,3.876029332375399e-08,9.247362674865025e-08,3.5612926500855325e-08,1.0867608102319023e-09,False,4.418156805548731e-06,True,7.980059328333722e-06,True
21,5,cpu_identity_corrected,4.835927734890538e-08,3.890889553305045e-08,9.217722730429908e-08,3.549877880277419e-08,1.1039356893860728e-09,False,2.7945912884621052e-06,True,6.507749357154852e-06,True
21,5,cpu_reference_eigen_corrected,8.503800763954836e-08,7.489576634521191e-08,1.7610124241607278e-07,6.781912663509162e-08,1.941230249858735e-09,False,2.8003396811810947e-06,True,1.0263511334343866e-05,True
21,5,cpu_rjd_corrected,2.6240012258173713e-08,2.480935795755233e-08,6.18975611650732e-08,2.3837642945977824e-08,5.99001627928183e-10,False,6.967664093824658e-06,True,1.7097613512535998e-06,True
21,5,gpu_cholesky,4.632637497064751e-16,3.2678220778719473e-16,7.3699177596341e-16,2.838261553259871e-16,1.0575290085726238e-17,False,1.4785505475666468e-13,True,1.0514737236662567e-13,True
21,5,gpu_pcg,4.760691034419695e-08,3.876029330303192e-08,9.247362675129004e-08,3.561292650187195e-08,1.0867608090998835e-09,False,4.418156805219851e-06,True,7.980059315627075e-06,True
21,5,gpu_rjd_corrected,2.6240012205824542e-08,2.480935793033776e-08,6.18975611280079e-08,2.3837642931703446e-08,5.990016267331666e-10,False,6.9676640825121485e-06,True,1.7097613866937535e-06,True
21,6,cpu_cholesky,5.444222385819539e-16,0.0,0.0,0.0,1.0147355238475076e-17,False,0.0,True,0.0,True
21,6,cpu_banded,6.181427374157617e-16,3.8366044373743224e-16,7.883561460595901e-16,3.059586741427549e-16,1.1521413895543742e-17,False,6.916417005434985e-14,True,1.0782109677065689e-13,True
21,6,cpu_information_smoother,5.308140630089952e-16,2.518930152094403e-16,5.380080912648014e-16,2.087993391111465e-16,9.893715725059857e-18,False,1.212791364533378e-13,True,8.384434288849993e-14,True
21,6,cpu_pcg,9.672633306913227e-08,7.438412925638281e-08,1.7425616483256084e-07,6.762829898625753e-08,1.8028588745011484e-09,False,1.2019773997461856e-06,True,1.0231140259493287e-05,True
21,6,cpu_identity_corrected,9.938796060788834e-08,7.481842489022516e-08,1.7343972993000403e-07,6.73114430302804e-08,1.852468309812106e-09,False,4.513872311208847e-06,True,6.690491419387554e-06,True
21,6,cpu_reference_eigen_corrected,8.559132527384688e-08,7.182487624482715e-08,1.6398290566366209e-07,6.364127767596311e-08,1.5953161496985353e-09,False,7.316368514037225e-06,True,1.0973135163208105e-05,True
21,6,cpu_rjd_corrected,2.317451988909513e-08,1.933077657068355e-08,4.443364078108825e-08,1.7244563752902612e-08,4.319443048516366e-10,False,2.715929834197049e-06,True,4.570056376424488e-06,True
21,6,gpu_cholesky,5.86288592258366e-16,3.493218014735082e-16,7.405393694856685e-16,2.8740112545684467e-16,1.0927692140951257e-17,False,1.8443995386878266e-13,True,7.455735383058841e-14,True
21,6,gpu_pcg,9.672633304121859e-08,7.438412922898258e-08,1.7425616477023695e-07,6.762829896206981e-08,1.802858873980872e-09,False,1.2019775436733972e-06,True,1.0231140098358376e-05,True
21,6,gpu_rjd_corrected,2.3174519915839015e-08,1.9330776589525297e-08,4.443364083909173e-08,1.724456377541359e-08,4.319443053501094e-10,False,2.715929896148672e-06,True,4.570056414794155e-06,True
21,7,cpu_cholesky,6.08773150628415e-16,0.0,0.0,0.0,9.109298246718161e-18,False,0.0,True,0.0,True
21,7,cpu_banded,8.829465109738931e-16,6.251744360379042e-16,1.3062519622430241e-15,5.042701318368417e-16,1.3211855838349427e-17,False,9.599003567975705e-14,True,6.42841502242103e-14,True
21,7,cpu_information_smoother,6.034775212794467e-16,3.0704806370946077e-16,6.093969512700698e-16,2.35253756427089e-16,9.030057782361233e-18,False,4.791841803533913e-15,True,5.437912515327669e-15,True
21,7,cpu_pcg,5.3414064611764495e-08,3.819827446642214e-08,8.735055357171044e-08,3.372111693519698e-08,7.992544432761544e-10,False,2.989341863395009e-06,True,5.805587571730712e-06,True
21,7,cpu_identity_corrected,5.562496686745807e-08,3.9036570141745335e-08,8.857512622133649e-08,3.419385529603386e-08,8.323369928720991e-10,False,7.135178984284215e-07,True,3.4595611771322536e-06,True
21,7,cpu_reference_eigen_corrected,5.237899573014451e-08,4.0333735643606564e-08,8.668809267328508e-08,3.3465378184755545e-08,7.837663283529599e-10,False,3.5423062210196833e-06,True,2.4773671328989433e-07,True
21,7,cpu_rjd_corrected,2.977061265421752e-08,2.5369803789075123e-08,5.943869269477713e-08,2.2945923349991778e-08,4.454687084178155e-10,False,2.662877493375778e-06,True,4.414954247385416e-07,True
21,7,gpu_cholesky,6.654199082624302e-16,4.3064622376593375e-16,9.295392848134354e-16,3.5884263622119425e-16,9.956924672859231e-18,False,3.0516691958307884e-15,True,2.444063017240619e-14,True
21,7,gpu_pcg,5.3414064590387376e-08,3.819827444318323e-08,8.735055350284006e-08,3.372111690861002e-08,7.992544429562807e-10,False,2.9893418496804944e-06,True,5.8055875621170815e-06,True
21,7,gpu_rjd_corrected,2.9770612649789028e-08,2.5369803788058902e-08,5.9438692678371934e-08,2.294592334365866e-08,4.454687083515503e-10,False,2.6628774999965607e-06,True,4.4149546039971005e-07,True
21,8,cpu_cholesky,6.379640687722542e-16,0.0,0.0,0.0,9.487845990576436e-18,False,0.0,True,0.0,True
21,8,cpu_banded,7.194442965272287e-16,5.879532328561074e-16,1.2817077059442376e-15,4.861404794824995e-16,1.0699625603343728e-17,False,8.665816695517185e-14,True,1.0546217927900115e-13,True
21,8,cpu_information_smoother,6.488295337886434e-16,2.850881447577365e-16,5.748964083723638e-16,2.1805316011033404e-16,9.649437941812639e-18,False,7.335476251345207e-14,True,4.668212037226569e-14,True
21,8,cpu_pcg,6.247749828454529e-08,4.5503428461571736e-08,1.0902407231337787e-07,4.135187339808824e-08,9.291697000993491e-10,False,3.5782171031545977e-06,True,4.4337338026907876e-06,True
21,8,cpu_identity_corrected,6.319422000691963e-08,4.558188171856323e-08,1.0880031248222807e-07,4.126700325874243e-08,9.398288353214644e-10,False,2.822146344709906e-06,True,5.315677398175231e-06,True
21,8,cpu_reference_eigen_corrected,6.221301385526211e-08,4.843161067883374e-08,1.0669315573835333e-07,4.046777720660803e-08,9.25236277932842e-10,False,5.770481824712692e-06,True,4.224652364374757e-06,True
21,8,cpu_rjd_corrected,8.504986194528116e-08,8.281600731105266e-08,2.1890604317238088e-07,8.302914018219057e-08,1.2648674463691439e-09,False,2.187012225244178e-06,True,1.1325251267293702e-05,True
21,8,gpu_cholesky,4.879054737400066e-16,3.718255672720739e-16,7.598954044811519e-16,2.8822165504487265e-16,7.256164131176137e-18,False,7.79214050364628e-14,True,4.5923296498790636e-14,True
21,8,gpu_pcg,6.247749821577443e-08,4.55034284059491e-08,1.0902407217727322e-07,4.135187334646494e-08,9.29169699076584e-10,False,3.578216704564068e-06,True,4.43373404888438e-06,True
21,8,gpu_rjd_corrected,8.504986199617652e-08,8.28160073495784e-08,2.1890604325121294e-07,8.302914021209087e-08,1.2648674471260633e-09,False,2.1870120886599736e-06,True,1.1325251141930537e-05,True
21,9,cpu_cholesky,5.223682716981726e-16,0.0,0.0,0.0,8.923643014698543e-18,False,0.0,True,0.0,True
21,9,cpu_banded,7.273660673038912e-16,5.308190341334611e-16,1.1248852000868231e-15,4.33015187136121e-16,1.242563049345293e-17,False,5.5519315391753226e-14,True,1.4786857854753684e-14,True
21,9,cpu_information_smoother,6.228748776656758e-16,2.9501498212157625e-16,6.052868313127312e-16,2.330001234896523e-16,1.0640602334140503e-17,False,1.4365215177271154e-13,True,1.0049250560641773e-13,True
21,9,cpu_pcg,8.953024891298622e-08,6.639320202949493e-08,1.5282283265347458e-07,5.8827876369080845e-08,1.5294496716062891e-09,False,3.050762911087304e-06,True,2.1533226883842628e-07,True
21,9,cpu_identity_corrected,9.134305664252001e-08,6.837226113180246e-08,1.5808626346194319e-07,6.085399021281454e-08,1.5604179568318355e-09,False,1.7783134581119378e-06,True,4.525258089840941e-06,True
21,9,cpu_reference_eigen_corrected,8.386379828627143e-08,6.698022730653283e-08,1.5054316423365559e-07,5.795033700120576e-08,1.4326494040722358e-09,False,1.1715092096988864e-06,True,8.805328286141931e-06,True
21,9,cpu_rjd_corrected,4.8164783955975686e-08,4.230822358523914e-08,1.0334576184332058e-07,3.9782090119824186e-08,8.228013841831483e-10,False,1.1803348631862917e-05,True,1.1059771388677437e-05,True
21,9,gpu_cholesky,5.998247860205307e-16,3.3600833309299174e-16,6.806523792948905e-16,2.6201146336735017e-16,1.0246836478820316e-17,False,8.87129550904071e-15,True,3.107962136592062e-14,True
21,9,gpu_pcg,8.953024891650425e-08,6.639320203085712e-08,1.52822832662398e-07,5.882787637251584e-08,1.5294496716663877e-09,False,3.0507630046066354e-06,True,2.1533214783692712e-07,True
21,9,gpu_rjd_corrected,4.8164783912858923e-08,4.230822358379036e-08,1.0334576187053619e-07,3.978209013030061e-08,8.228013834465825e-10,False,1.1803348557393569e-05,True,1.1059771315620327e-05,True
21,10,cpu_cholesky,6.52486591721546e-16,0.0,0.0,0.0,1.0615657188949804e-17,False,0.0,True,0.0,True
21,10,cpu_banded,8.313532562680491e-16,5.750698513410464e-16,1.0973372084030762e-15,4.1331446221710155e-16,1.3525735675538662e-17,False,4.393342121014603e-14,True,1.9969647983921512e-14,True
21,10,cpu_information_smoother,6.607420170311984e-16,3.0312578793711145e-16,6.783763948014225e-16,2.5551195443938256e-16,1.0749969167384527e-17,False,6.8637571707711445e-15,True,8.59330131980778e-15,True
21,10,cpu_pcg,6.996351502972197e-08,5.454528164875982e-08,1.3820194727767302e-07,5.205406604188153e-08,1.1382742586587113e-09,False,3.4568364279572283e-06,True,1.5119083349778e-06,True
21,10,cpu_identity_corrected,7.032703171636718e-08,5.5880464910143066e-08,1.4261010046260834e-07,5.371440659084877e-08,1.1441885077299978e-09,False,1.026768016796064e-06,True,4.8861356516185614e-06,True
21,10,cpu_reference_eigen_corrected,7.075871613365274e-08,5.6621603374974774e-08,1.3217530493417527e-07,4.978411800758265e-08,1.151211825040385e-09,False,5.759514475597361e-06,True,6.695722015371377e-06,True
21,10,cpu_rjd_corrected,3.191773547307122e-08,2.7286663606982612e-08,6.58068766116994e-08,2.4786304163087236e-08,5.192868957113106e-10,False,8.493277471886654e-06,True,9.670943182453126e-07,True
21,10,gpu_cholesky,6.3878389374653955e-16,3.5997454198005693e-16,7.871217956347491e-16,2.964711477664896e-16,1.039272058594224e-17,False,1.4067130207795935e-13,True,1.365801121554061e-13,True
21,10,gpu_pcg,6.996351498052238e-08,5.454528160689123e-08,1.3820194715750183e-07,5.205406599661879e-08,1.1382742578582565e-09,False,3.456836707231542e-06,True,1.5119081395130007e-06,True
21,10,gpu_rjd_corrected,3.1917735526274256e-08,2.7286663640582586e-08,6.580687667454814e-08,2.478630418675935e-08,5.192868965768995e-10,False,8.493277398181694e-06,True,9.670942442447395e-07,True
21,11,cpu_cholesky,4.428574482480226e-16,0.0,0.0,0.0,8.1399550459683e-18,False,0.0,True,0.0,True
21,11,cpu_banded,6.351625340536938e-16,4.1140501087960316e-16,8.898154520469731e-16,3.531222667606219e-16,1.1674624632675943e-17,False,1.1289950583305246e-14,True,5.3705256872921035e-14,True
21,11,cpu_information_smoother,4.495980083033957e-16,2.3386208072784083e-16,4.759671431584232e-16,1.8888702832596711e-16,8.263850118869178e-18,False,8.003663524458535e-14,True,6.720777976387071e-14,True
21,11,cpu_pcg,9.563063741725021e-08,7.390224789177176e-08,1.686363936745589e-07,6.692316418613199e-08,1.757741896230125e-09,False,3.3265980571696693e-06,True,1.367511020838398e-06,True
21,11,cpu_identity_corrected,9.741195021874731e-08,7.425684396500154e-08,1.682862459898838e-07,6.678420846915831e-08,1.7904833708165089e-09,False,5.81760753337419e-06,True,8.813486914299182e-07,True
21,11,cpu_reference_eigen_corrected,8.451144877770564e-08,7.396930182352189e-08,1.7354263467495122e-07,6.88702004388144e-08,1.5533653331364756e-09,False,9.832019392582512e-06,True,1.769846684820968e-06,True
21,11,cpu_rjd_corrected,2.412809660716911e-08,2.068227309749931e-08,4.8859249092858856e-08,1.9389738346532315e-08,4.4348722590504295e-10,False,1.4376718265119546e-06,True,1.2540294894317358e-06,True
21,11,gpu_cholesky,4.597044607555772e-16,2.6355899988637693e-16,5.546642661675751e-16,2.2011789355830544e-16,8.44961208123523e-18,False,6.421229039343501e-14,True,6.788788024363861e-14,True
21,11,gpu_pcg,9.56306373813155e-08,7.390224784992047e-08,1.6863639357411766e-07,6.6923164146272e-08,1.7577418955696258e-09,False,3.3265983357347427e-06,True,1.367510826267284e-06,True
21,11,gpu_rjd_corrected,2.412809659882431e-08,2.0682273077746875e-08,4.885924904548268e-08,1.9389738327731132e-08,4.434872257516611e-10,False,1.437671838175483e-06,True,1.2540294178889052e-06,True
21,12,cpu_cholesky,6.626895095548767e-16,0.0,0.0,0.0,1.0142571508057474e-17,False,0.0,True,0.0,True
21,12,cpu_banded,9.57857568298526e-16,6.49359307875844e-16,1.43797752225039e-15,5.367386199619357e-16,1.4660167002684898e-17,False,1.503038500647425e-13,True,7.2204931812629e-14,True
21,12,cpu_information_smoother,6.20545869832563e-16,4.1259826389677004e-16,8.077993664772847e-16,3.0151870280323227e-16,9.497556197975851e-18,False,1.4082813563010825e-13,True,8.743037131158379e-14,True
21,12,cpu_pcg,9.341019502437613e-08,7.216220315288338e-08,1.8275880988262815e-07,6.821644280556904e-08,1.4296583393092242e-09,False,6.7136909780537145e-06,True,1.8978580463777058e-05,True
21,12,cpu_identity_corrected,9.481547926850421e-08,7.382841355731416e-08,1.8737260539925395e-07,6.993858532870444e-08,1.451166444172827e-09,False,1.1312392863977037e-05,True,2.279189114284738e-05,True
21,12,cpu_reference_eigen_corrected,2.3628838952877358e-08,1.861276537616395e-08,4.422069581883438e-08,1.6505790167299166e-08,3.616432507226026e-10,False,3.549971241383782e-07,True,5.168743382218801e-06,True
21,12,cpu_rjd_corrected,7.486372281275624e-08,6.383064143733662e-08,1.5579769025303168e-07,5.8152951604419046e-08,1.1458015365848115e-09,False,5.889688978442205e-06,True,2.4238478705028875e-07,True
21,12,gpu_cholesky,6.927768141245645e-16,3.9436685085716685e-16,8.214727051602376e-16,3.066224049275012e-16,1.0603062633513404e-17,False,5.958378256028838e-14,True,5.52057714665142e-14,True
21,12,gpu_pcg,9.341019504820231e-08,7.216220314650708e-08,1.8275880984685938e-07,6.8216442792218e-08,1.4296583396738876e-09,False,6.713691062379367e-06,True,1.8978580548470164e-05,True
21,12,gpu_rjd_corrected,7.486372280275156e-08,6.383064143858209e-08,1.55797690288074e-07,5.8152951617498916e-08,1.1458015364316886e-09,False,5.889688919732487e-06,True,2.423847555234014e-07,True
21,13,cpu_cholesky,5.752292866777702e-16,0.0,0.0,0.0,1.1656832171894291e-17,False,0.0,True,0.0,True
21,13,cpu_banded,6.430490065251748e-16,5.044758149978552e-16,1.144477407069594e-15,4.468764787722185e-16,1.3031176473402253e-17,False,5.501715252244087e-14,True,1.4524106108267982e-15,True
21,13,cpu_information_smoother,5.672163847829372e-16,2.836934967377348e-16,6.021779901719512e-16,2.351284334491101e-16,1.1494453352245901e-17,False,8.933041171573657e-15,True,2.4930654621767644e-15,True
21,13,cpu_pcg,4.662460607745934e-08,3.608420661375253e-08,8.322929561294178e-08,3.249798932198738e-08,9.44832296889482e-10,False,1.19723702294816e-06,True,3.878102006153938e-06,True
21,13,cpu_identity_corrected,4.7608660138363756e-08,3.631583242955979e-08,8.305431087852097e-08,3.2429664196935695e-08,9.647738283644e-10,False,5.289895596389798e-07,True,2.3961140457321328e-06,True
21,13,cpu_reference_eigen_corrected,3.16307676487803e-08,2.7088214483253707e-08,6.151149912242139e-08,2.401798581783325e-08,6.409870967738473e-10,False,1.2929357385077789e-06,True,9.455199074437772e-07,True
21,13,cpu_rjd_corrected,6.60684810911117e-08,6.12729367571058e-08,1.5159978038585948e-07,5.9194157632991144e-08,1.3388560209378499e-09,False,5.246949937051643e-06,True,5.6428893488509265e-06,True
21,13,gpu_cholesky,5.060873701320176e-16,3.076918786581982e-16,6.385196992792833e-16,2.4931853881784045e-16,1.0255693989462964e-17,False,2.332533031710998e-15,True,2.1078619242372445e-14,True
21,13,gpu_pcg,4.662460605329471e-08,3.6084206597415647e-08,8.322929559251296e-08,3.2497989314010675e-08,9.448322963997936e-10,False,1.1972368924894166e-06,True,3.878101891355309e-06,True
21,13,gpu_rjd_corrected,6.606848110485945e-08,6.127293678712603e-08,1.5159978047697908e-07,5.919415766857e-08,1.3388560212164437e-09,False,5.246950028997871e-06,True,5.6428894346950255e-06,True
21,14,cpu_cholesky,5.425727054416109e-16,0.0,0.0,0.0,1.1020765514191355e-17,False,0.0,True,0.0,True
21,14,cpu_banded,5.118651914102442e-16,4.699784431484506e-16,1.0673487965067962e-15,4.037334192780776e-16,1.0397032863674065e-17,False,2.057398522011223e-13,True,1.0366200288864959e-13,True
21,14,cpu_information_smoother,5.143776308406797e-16,2.4736499397131456e-16,5.397139683907925e-16,2.0415122648163076e-16,1.0448065666381864e-17,False,1.9590517248529418e-13,True,1.4118180563380352e-13,True
21,14,cpu_pcg,4.420616651978076e-08,3.4495296605293953e-08,8.317734230835677e-08,3.146251059308911e-08,8.979179941044244e-10,False,8.42839982408434e-07,True,2.2905180156980375e-07,True
21,14,cpu_identity_corrected,4.482469850476052e-08,3.462305564022341e-08,8.305965203026115e-08,3.1417993282021875e-08,9.104816483841714e-10,False,2.155645382945267e-06,True,1.418802073162071e-06,True
21,14,cpu_reference_eigen_corrected,5.799118485639529e-08,5.1197318958055945e-08,1.2438898350491164e-07,4.705115122190762e-08,1.1779200081442466e-09,False,8.146673385856774e-07,True,4.5757851951226166e-06,True
21,14,cpu_rjd_corrected,9.603720160403348e-08,8.460171547962925e-08,2.0757422037089549e-07,7.851664799604168e-08,1.9507127132651384e-09,False,2.8794742615447996e-06,True,8.459274495071175e-06,True
21,14,gpu_cholesky,4.774586639939171e-16,2.8852947571758375e-16,6.537484496410877e-16,2.4728570246685794e-16,9.698165657472989e-18,False,2.06008337431558e-13,True,1.1679854029015057e-13,True
21,14,gpu_pcg,4.420616651887811e-08,3.449529662891836e-08,8.317734239773328e-08,3.146251062689651e-08,8.979179940860898e-10,False,8.428398500594699e-07,True,2.2905177495012684e-07,True
21,14,gpu_rjd_corrected,9.603720157669296e-08,8.460171547421689e-08,2.075742203969606e-07,7.851664800590101e-08,1.9507127127097954e-09,False,2.879474271299355e-06,True,8.459274554566793e-06,True
21,15,cpu_cholesky,4.591143224417178e-16,0.0,0.0,0.0,1.0669139006522602e-17,False,0.0,True,0.0,True
21,15,cpu_banded,5.311628554635158e-16,4.121752886059507e-16,9.43057005231033e-16,3.5969336389101744e-16,1.2343440539825735e-17,False,6.037582711453411e-14,True,7.886889795748377e-14,True
21,15,cpu_information_smoother,5.041716219934582e-16,2.562200086328437e-16,5.574100479115321e-16,2.1260294349951187e-16,1.1716204124464054e-17,False,3.770356170081901e-15,True,7.51543547556899e-15,True
21,15,cpu_pcg,4.730132231672454e-08,3.689177736142157e-08,8.835147793961473e-08,3.3698323779544607e-08,1.0992128946342639e-09,False,3.510585875819519e-06,True,4.494280883397431e-06,True
21,15,cpu_identity_corrected,4.7819977146167774e-08,3.698306879909597e-08,8.811603042805355e-08,3.3608521246947476e-08,1.111265667295331e-09,False,4.664499608936951e-06,True,5.330565585329655e-06,True
21,15,cpu_reference_eigen_corrected,5.17913553389509e-08,4.5168004188169116e-08,1.0532773394018962e-07,4.017327343078645e-08,1.2035546205453916e-09,False,1.4216659364080216e-05,True,1.8578307202185657e-05,True
21,15,cpu_rjd_corrected,7.352137897667364e-08,6.971436652451786e-08,1.7992216725503658e-07,6.862449376819151e-08,1.7085282944177218e-09,False,1.764631345920747e-05,True,2.018609876905095e-05,True
21,15,gpu_cholesky,4.368144791846967e-16,2.24751753284327e-16,4.895866384880818e-16,1.8673427368341516e-16,1.0150923573234684e-17,False,6.754030930168977e-14,True,4.063415813312043e-14,True
21,15,gpu_pcg,4.730132231584816e-08,3.689177736926471e-08,8.835147800457532e-08,3.3698323804321366e-08,1.099212894613898e-09,False,3.5105860877077595e-06,True,4.494280998232532e-06,True
21,15,gpu_rjd_corrected,7.35213789475668e-08,6.971436647655585e-08,1.7992216712065432e-07,6.862449371693649e-08,1.7085282937413225e-09,False,1.7646313395673863e-05,True,2.018609874548472e-05,True
22,0,cpu_cholesky,4.462966830034902e-16,0.0,0.0,0.0,1.3229775738437183e-17,False,0.0,True,0.0,True
22,0,cpu_banded,5.171230427090041e-16,4.304722270641873e-16,8.69546957068583e-16,3.7927876058528913e-16,1.5329313760920104e-17,False,7.336795318656011e-15,True,2.288301095683121e-14,True
22,0,cpu_information_smoother,3.8392199986326794e-16,2.124349447052925e-16,4.23206214844058e-16,1.845939742911272e-16,1.1380774611770138e-17,False,7.744276367079966e-14,True,5.729814746089037e-14,True
22,0,cpu_pcg,7.835147667740734e-08,6.64613655629647e-08,1.4045995078283e-07,6.126578399443548e-08,2.3226084931924202e-09,False,5.3612997369915034e-06,True,1.7381212161968873e-06,True
22,0,cpu_identity_corrected,8.602236493282286e-08,6.908087052423029e-08,1.3992327026144824e-07,6.103169482728325e-08,2.5500001306644515e-09,False,3.921785243883209e-06,True,3.4930868665555304e-07,True
22,0,cpu_reference_eigen_corrected,2.9692120023359872e-08,3.043967530467805e-08,7.084889616801163e-08,3.0902852697027933e-08,8.801770358850277e-10,False,2.6134888985641907e-07,True,1.962723500795516e-06,True
22,0,cpu_rjd_corrected,3.204518862231476e-08,2.928444417354148e-08,6.374994811131963e-08,2.7806435420750664e-08,9.499301130785767e-10,False,1.910972606484403e-06,True,7.67289556949914e-07,True
22,0,gpu_cholesky,3.8918408697892784e-16,2.8939368403482383e-16,6.024656430467746e-16,2.627833040326279e-16,1.1536761055558598e-17,False,7.881244509190274e-14,True,5.495587093800096e-14,True
22,0,gpu_pcg,7.835147666330306e-08,6.646136555100517e-08,1.40459950763645e-07,6.126578398606738e-08,2.32260849277432e-09,False,5.361299595130517e-06,True,1.7381211129922966e-06,True
22,0,gpu_rjd_corrected,3.204518860668706e-08,2.9284444153900955e-08,6.374994806799897e-08,2.780643540185507e-08,9.499301126153173e-10,False,1.9109725526775154e-06,True,7.672895600906536e-07,True
22,1,cpu_cholesky,4.610880744331437e-14,0.0,0.0,0.0,7.216473430887842e-18,False,0.0,True,0.0,True
22,1,cpu_banded,4.3320362814259244e-14,2.3123005709338443e-14,3.2676939791125316e-14,1.6810191790213893e-14,6.780054930933757e-18,False,3.994453356179101e-12,True,3.951253664379389e-12,True
22,1,cpu_information_smoother,5.684724157701989e-14,7.445017493662333e-14,2.174638258599138e-13,1.1187120469376536e-13,8.897142025722752e-18,False,2.5055106611780465e-11,True,2.2647497176189096e-11,True
22,1,cpu_pcg,5.439054757644479e-08,3.442079796605082e-08,1.2087146902204069e-08,6.2180626130028085e-09,8.512645702159475e-12,False,5.069370039002159e-07,True,1.2111347711814245e-06,True
22,1,cpu_identity_corrected,6.821121038310189e-08,3.5421166463536646e-08,1.222789275590196e-08,6.2904673366232715e-09,1.0675712835777822e-11,False,5.168043957019659e-07,True,1.2467350367948825e-06,True
22,1,cpu_reference_eigen_corrected,9.282888732238694e-08,3.6916743849542765e-08,1.6236686801776266e-08,8.352735014972899e-09,1.4528616881743473e-11,False,6.59429981142631e-07,True,1.5550110607270192e-07,True
22,1,cpu_rjd_corrected,7.165138881780381e-08,4.506304209606557e-08,1.8743556751692662e-08,9.642358979780753e-09,1.1214133997888695e-11,False,1.5876977179402065e-06,True,3.0586917563111086e-06,True
22,1,gpu_cholesky,4.5074391718783894e-14,2.6510754227608e-14,6.61302331911978e-14,3.401976776838565e-14,7.054577385284094e-18,False,9.411187844882838e-12,True,8.28550784199782e-12,True
22,1,gpu_pcg,5.4343397131094736e-08,3.442258148153245e-08,1.2087539752382108e-08,6.218264709248046e-09,8.505266202340041e-12,False,5.078931120187487e-07,True,1.2130402752824128e-06,True
22,1,gpu_rjd_corrected,7.158885854373984e-08,4.264251067725968e-08,1.7267203736924597e-08,8.882869949077459e-09,1.1204347408126909e-11,False,1.4541484294112504e-06,True,2.8345989466370257e-06,True
22,2,cpu_cholesky,4.956868721799864e-16,0.0,0.0,0.0,9.358210594770155e-18,False,0.0,True,0.0,True
22,2,cpu_banded,6.293141463570312e-16,4.920774580814776e-16,1.0333602585796134e-15,4.337654653387965e-16,1.1880997142362662e-17,False,7.317070848782433e-14,True,5.775382712550092e-14,True
22,2,cpu_information_smoother,5.328527368887275e-16,2.522113220612916e-16,5.235645210924996e-16,2.1977253938402297e-16,1.005987531175472e-17,False,6.755629646820042e-14,True,5.4471049873106354e-14,True
22,2,cpu_pcg,8.119044654666783e-08,6.196010479601705e-08,1.3456922533947168e-07,5.648705973064105e-08,1.5328170688926137e-09,False,1.3834573665392986e-06,True,4.897704030246812e-06,True
22,2,cpu_identity_corrected,8.326451452481106e-08,6.246618947439513e-08,1.3445744804854654e-07,5.6440139861011945e-08,1.5719739756805344e-09,False,1.5020898528446608e-06,True,6.905142171641604e-06,True
22,2,cpu_reference_eigen_corrected,1.4259541901284616e-08,1.2034454745726408e-08,2.5323461691034147e-08,1.0629829290608757e-08,2.692098655091393e-10,False,9.968403386884804e-07,True,2.8029972584178944e-07,True
22,2,cpu_rjd_corrected,7.523221774495517e-08,6.65417275618961e-08,1.496336815160256e-07,6.281054739067611e-08,1.4203300017998226e-09,False,3.9281764797312036e-06,True,5.85629534051092e-06,True
22,2,gpu_cholesky,5.194584963972437e-16,2.6316103099879896e-16,5.003168518782045e-16,2.1001404908883592e-16,9.807001712893725e-18,False,6.554024981672842e-15,True,1.4697152964160974e-14,True
22,2,gpu_pcg,8.119044648544131e-08,6.1960104783966e-08,1.3456922536589996e-07,5.648705974173464e-08,1.5328170677367014e-09,False,1.383457163140967e-06,True,4.897704178552664e-06,True
22,2,gpu_rjd_corrected,7.5232217777175e-08,6.654172760119863e-08,1.4963368160921276e-07,6.281054742979254e-08,1.4203300024081097e-09,False,3.928176548461919e-06,True,5.856295403683903e-06,True
22,3,cpu_cholesky,5.192913950602867e-16,0.0,0.0,0.0,1.0463667701374095e-17,False,0.0,True,0.0,True
22,3,cpu_banded,7.511324391483035e-16,4.873076893220355e-16,8.841461609444712e-16,3.8748098621115423e-16,1.5135240671681055e-17,False,1.3409024779219262e-13,True,9.46176152299101e-14,True
22,3,cpu_information_smoother,6.336025209440462e-16,3.297297468315769e-16,6.094844822511213e-16,2.671092842961419e-16,1.2767025020974476e-17,False,5.5746742069255625e-15,True,5.4372538494087115e-15,True
22,3,cpu_pcg,5.4982032404665874e-08,4.2650789994225335e-08,8.787077072842785e-08,3.850975597135896e-08,1.1078822457058986e-09,False,6.548926808211101e-07,True,7.6109417353002305e-06,True
22,3,cpu_identity_corrected,5.6333272480139944e-08,4.301224450643198e-08,8.78481947646234e-08,3.8499861954842195e-08,1.1351095926482244e-09,False,2.064062505732655e-06,True,8.738438480283609e-06,True
22,3,cpu_reference_eigen_corrected,9.792823587833445e-08,8.088127859232074e-08,1.5989211293891227e-07,7.007342942344809e-08,1.973243753946704e-09,False,3.157541734665084e-06,True,5.876974379261567e-06,True
22,3,cpu_rjd_corrected,7.6387924577999e-08,7.054390371129256e-08,1.5488522124536078e-07,6.787913687661701e-08,1.5392087541977449e-09,False,4.8107955854981995e-06,True,2.557734724186733e-06,True
22,3,gpu_cholesky,5.341652074704388e-16,3.0293477022952993e-16,5.539759205801786e-16,2.427824103362488e-16,1.0763373477346636e-17,False,1.1779862803496882e-14,True,7.94692102325571e-15,True
22,3,gpu_pcg,5.498203242626107e-08,4.2650789989831126e-08,8.78707706898333e-08,3.850975595444472e-08,1.1078822461410397e-09,False,6.548924707123309e-07,True,7.610941596503385e-06,True
22,3,gpu_rjd_corrected,7.638792462215052e-08,7.054390372466836e-08,1.54885221239758e-07,6.787913687416157e-08,1.5392087550873925e-09,False,4.81079559024675e-06,True,2.557734728793097e-06,True
22,4,cpu_cholesky,4.563154810760889e-16,0.0,0.0,0.0,1.0424167857194939e-17,False,0.0,True,0.0,True
22,4,cpu_banded,7.405600616312814e-16,5.504338841675158e-16,1.2403907688181805e-15,5.482370404270201e-16,1.691751148256982e-17,False,2.7481435253237675e-13,True,1.905724902372615e-13,True
22,4,cpu_information_smoother,4.913471746035598e-16,2.4493556796091654e-16,4.4006583950216204e-16,1.9450353832572086e-16,1.122443931147697e-17,False,6.925427948933075e-14,True,4.8933223808998504e-14,True
22,4,cpu_pcg,9.21323219592732e-08,7.673289097768572e-08,1.6353569405897757e-07,7.228070957065831e-08,2.1046903487545247e-09,False,1.4996018740520093e-06,True,6.998191976722051e-07,True
22,4,cpu_identity_corrected,9.310063160788863e-08,7.697287365796115e-08,1.634523504568558e-07,7.224387275204082e-08,2.1268106210788407e-09,False,3.2490922698689247e-06,True,2.173859969198383e-06,True
22,4,cpu_reference_eigen_corrected,1.1899371214198973e-08,1.0261119696590793e-08,2.1079672602479893e-08,9.316948828767138e-09,2.718317658715182e-10,False,4.905708239084806e-07,True,1.1984185604250609e-06,True
22,4,cpu_rjd_corrected,2.3595606994682998e-08,2.1654721541382347e-08,4.738988143318171e-08,2.094572855284065e-08,5.390230606950155e-10,False,2.76734810837225e-06,True,3.2755582651052686e-06,True
22,4,gpu_cholesky,4.849040784680194e-16,2.806579265636443e-16,5.135641641760188e-16,2.269888687622987e-16,1.1077251853627565e-17,False,4.4163258680172475e-16,True,2.022881367654964e-14,True
22,4,gpu_pcg,9.213232204476905e-08,7.673289102493288e-08,1.6353569413524773e-07,7.228070960436875e-08,2.1046903507076106e-09,False,1.4996019381258717e-06,True,6.998192562655504e-07,True
22,4,gpu_rjd_corrected,2.3595606955667823e-08,2.165472151946865e-08,4.738988140675018e-08,2.094572854115825e-08,5.390230598037446e-10,False,2.7673481149698184e-06,True,3.2755582825706017e-06,True
22,5,cpu_cholesky,4.327349265744512e-16,0.0,0.0,0.0,1.0567856453881974e-17,False,0.0,True,0.0,True
22,5,cpu_banded,5.44919565383587e-16,4.787027177883762e-16,9.77757918050652e-16,4.2990822648954707e-16,1.330752706159192e-17,False,2.677440286433325e-13,True,1.839431169563569e-13,True
22,5,cpu_information_smoother,4.859313137876997e-16,1.9218189082418282e-16,3.768604835077987e-16,1.6570095634903141e-16,1.1866969951340823e-17,False,2.8340778258443345e-15,True,8.594926291992318e-15,True
22,5,cpu_pcg,4.15529945960917e-08,3.5332155647837825e-08,7.62182737571809e-08,3.3512244996564644e-08,1.0147692155043956e-09,False,2.5180066777360613e-06,True,7.263588285314271e-06,True
22,5,cpu_identity_corrected,4.2993877957091735e-08,3.5854075062909374e-08,7.649027000995762e-08,3.363183843015828e-08,1.0499571510822933e-09,False,3.846744002603585e-07,True,5.365221422605277e-06,True
22,5,cpu_reference_eigen_corrected,9.800514245936644e-08,8.891307925582659e-08,1.8860720747332394e-07,8.292828784210599e-08,2.393391959838841e-09,False,5.320280340462994e-06,True,1.2624747062224727e-05,True
22,5,cpu_rjd_corrected,2.4712715322934282e-08,2.441072657341872e-08,5.6036198304235855e-08,2.4638432670757074e-08,6.035113203450789e-10,False,3.7760860885921545e-06,True,2.320383461582757e-06,True
22,5,gpu_cholesky,5.296929021331186e-16,2.686649306235692e-16,4.980757821201022e-16,2.1899784414484744e-16,1.293567542304648e-17,False,6.587937308674656e-14,True,4.202480337279547e-14,True
22,5,gpu_pcg,4.155299454436602e-08,3.533215563403833e-08,7.621827375725914e-08,3.351224499659905e-08,1.0147692142411984e-09,False,2.518006678769798e-06,True,7.2635882655694165e-06,True
22,5,gpu_rjd_corrected,2.4712715318530945e-08,2.441072658851063e-08,5.6036198348504794e-08,2.4638432690221586e-08,6.035113202375447e-10,False,3.7760860914659645e-06,True,2.3203835185861726e-06,True
22,6,cpu_cholesky,4.740068002529184e-16,0.0,0.0,0.0,9.16572760243357e-18,False,0.0,True,0.0,True
22,6,cpu_banded,5.810133819996571e-16,4.495434898266425e-16,8.590243166073098e-16,3.6939928730345854e-16,1.1234881841222594e-17,False,4.873818525907605e-15,True,1.6419447209764927e-14,True
22,6,cpu_information_smoother,4.543149083249173e-16,2.507679296874341e-16,4.629647109289202e-16,1.990849746130918e-16,8.784951382994709e-18,False,5.216501212653718e-16,True,2.8297842054337106e-15,True
22,6,cpu_pcg,5.932484060893685e-08,4.6063314867899784e-08,9.891659335139035e-08,4.2536303548195374e-08,1.147146684516459e-09,False,1.8518447729340412e-07,True,4.301313123958753e-06,True
22,6,cpu_identity_corrected,5.945131579186567e-08,4.765961677339936e-08,1.0399384267791282e-07,4.471963205988026e-08,1.149592297953986e-09,False,3.7539361488528783e-06,True,7.720237689399486e-06,True
22,6,cpu_reference_eigen_corrected,1.9007961531260654e-08,1.6431053644170125e-08,3.487822292529475e-08,1.4998400443307536e-08,3.6755126299987913e-10,False,2.0060139658426823e-06,True,9.44254973331742e-07,True
22,6,cpu_rjd_corrected,1.9896872550613663e-08,1.7844838921008497e-08,3.958052109273116e-08,1.7020491737067064e-08,3.847398682920024e-10,False,4.099806635892149e-06,True,5.847032801059657e-06,True
22,6,gpu_cholesky,5.108463021833753e-16,3.162995515701453e-16,5.830195931493605e-16,2.5071120575947324e-16,9.878082023348475e-18,False,7.372062327790134e-14,True,6.998030098406142e-14,True
22,6,gpu_pcg,5.932484061692273e-08,4.606331487612258e-08,9.891659335959098e-08,4.2536303551721824e-08,1.1471466846708799e-09,False,1.8518454268290844e-07,True,4.3013131621050125e-06,True
22,6,gpu_rjd_corrected,1.9896872513318736e-08,1.7844838873315635e-08,3.958052099138153e-08,1.7020491693484503e-08,3.847398675708417e-10,False,4.09980644706042e-06,True,5.847032673018039e-06,True
22,7,cpu_cholesky,6.411522019230412e-16,0.0,0.0,0.0,1.041494220514095e-17,False,0.0,True,0.0,True
22,7,cpu_banded,6.876487110020214e-16,4.754965462682128e-16,9.462093281042923e-16,3.9752902976206915e-16,1.1170236273142164e-17,False,2.072830464806542e-14,True,1.899734026009967e-14,True
22,7,cpu_information_smoother,6.598461996581153e-16,2.8047682700660656e-16,5.021349704312053e-16,2.1096095935245392e-16,1.0718609423954e-17,False,5.4497674517980955e-15,True,3.1303463228525533e-16,True
22,7,cpu_pcg,6.188791271894371e-08,4.985033911165812e-08,1.1384590024672552e-07,4.782985003766717e-08,1.0053136096700383e-09,False,1.7998710520492723e-06,True,3.7267808787070497e-06,True
22,7,cpu_identity_corrected,6.463710043196909e-08,5.078601184380946e-08,1.149959705359941e-07,4.8313026764710304e-08,1.0499716968404335e-09,False,1.0407452502656275e-07,True,1.9766319490573115e-06,True
22,7,cpu_reference_eigen_corrected,6.77687413563151e-08,5.461316215763528e-08,1.1295540000299497e-07,4.745572595393791e-08,1.1008424019750443e-09,False,1.104227342302654e-05,True,4.936157328468831e-06,True
22,7,cpu_rjd_corrected,3.013975831532456e-08,2.742340777401247e-08,6.242660207155027e-08,2.6227163288027598e-08,4.895933270229908e-10,False,6.282625868389385e-06,True,4.472276100436526e-06,True
22,7,gpu_cholesky,5.734149035030806e-16,3.608150053636296e-16,7.027011589864235e-16,2.9522443041669613e-16,9.314610573961502e-18,False,6.768735667431828e-15,True,3.017618014603558e-14,True
22,7,gpu_pcg,6.188791270229158e-08,4.98503390950041e-08,1.1384590021822269e-07,4.7829850025692326e-08,1.0053136093995393e-09,False,1.79987097776251e-06,True,3.7267808400100886e-06,True
22,7,gpu_rjd_corrected,3.0139758417661616e-08,2.7423407834192322e-08,6.242660220901789e-08,2.6227163345781596e-08,4.895933286853644e-10,False,6.282626146824014e-06,True,4.4722762922525585e-06,True
22,8,cpu_cholesky,6.356266328445934e-16,0.0,0.0,0.0,1.014005915474608e-17,False,0.0,True,0.0,True
22,8,cpu_banded,8.39925113139248e-16,6.093315497135041e-16,1.3081824328058458e-15,5.406315471537392e-16,1.3399203074096323e-17,False,6.389221468221856e-14,True,3.12575192734662e-14,True
22,8,cpu_information_smoother,6.481911853749182e-16,3.6784278883995925e-16,7.679327455069674e-16,3.1736297469075385e-16,1.0340499632421218e-17,False,1.455836975465582e-13,True,8.379298477406327e-14,True
22,8,cpu_pcg,8.331562294805258e-08,6.278135827060181e-08,1.425999493178486e-07,5.8932171301520005e-08,1.3291220087451752e-09,False,2.353984022275109e-06,True,1.081587962116298e-05,True
22,8,cpu_identity_corrected,8.569303531340854e-08,6.342307188746426e-08,1.4308583415244861e-07,5.913297255315043e-08,1.3670485217602198e-09,False,2.8099067750426486e-07,True,1.3136982968082707e-05,True
22,8,cpu_reference_eigen_corrected,6.479983863850963e-08,5.207418403596656e-08,1.088740545894256e-07,4.499429674447987e-08,1.033742405177443e-09,False,2.1924749565466916e-06,True,2.788583371713035e-06,True
22,8,cpu_rjd_corrected,7.452755528294826e-08,7.56765696300398e-08,1.925967743124429e-07,7.95943206866233e-08,1.1889272308346794e-09,False,1.254766138731134e-05,True,2.83973358053409e-05,True
22,8,gpu_cholesky,5.957445320068451e-16,3.7834224326365753e-16,7.564910426327946e-16,3.126344709501326e-16,9.50382580514509e-18,False,8.323712951993726e-15,True,1.4807136283841286e-14,True
22,8,gpu_pcg,8.331562296863294e-08,6.278135829384417e-08,1.4259994941951278e-07,5.8932171343534686e-08,1.3291220090734908e-09,False,2.353984005170265e-06,True,1.0815879584872481e-05,True
22,8,gpu_rjd_corrected,7.45275552926464e-08,7.567656962965255e-08,1.9259677433662917e-07,7.959432069661876e-08,1.1889272309893922e-09,False,1.2547661463980366e-05,True,2.8397335883855654e-05,True
22,9,cpu_cholesky,6.298912283983323e-16,0.0,0.0,0.0,1.1107285321348123e-17,False,0.0,True,0.0,True
22,9,cpu_banded,7.496401651224922e-16,5.124450029644309e-16,8.677859270414816e-16,3.868984978004328e-16,1.3218896893564182e-17,False,6.432229662184312e-14,True,5.299221650996585e-14,True
22,9,cpu_information_smoother,6.547998826288705e-16,3.694008204757144e-16,7.027269705565186e-16,3.1330769582665693e-16,1.1546515964729033e-17,False,7.28501062016058e-16,True,2.1223428550739194e-14,True
22,9,cpu_pcg,9.803043843272645e-08,7.374797586563245e-08,1.4902599473992532e-07,6.644257725481202e-08,1.7286350441096332e-09,False,3.3631394253162014e-07,True,5.661098028205472e-06,True
22,9,cpu_identity_corrected,9.920658021397302e-08,7.514504109400809e-08,1.5245351630102425e-07,6.797072250566762e-08,1.7493747250048675e-09,False,2.3886933249719233e-06,True,3.3869637729919868e-06,True
22,9,cpu_reference_eigen_corrected,9.9988514092592e-08,8.220749828055523e-08,1.6240466596758178e-07,7.240739834633766e-08,1.7631630617945792e-09,False,5.935344797239503e-07,True,6.829373926587846e-06,True
22,9,cpu_rjd_corrected,5.2354680009428124e-08,4.467965643081103e-08,9.059332972882226e-08,4.039063332395474e-08,9.232044241733955e-10,False,4.3617342281606925e-06,True,2.3645960128337745e-06,True
22,9,gpu_cholesky,6.775074542363278e-16,3.213965956875875e-16,5.897484287407069e-16,2.6293671520791794e-16,1.1946933474019182e-17,False,6.037178882496365e-14,True,5.428779901038587e-14,True
22,9,gpu_pcg,9.803043845454361e-08,7.374797584860584e-08,1.490259946625672e-07,6.644257722032225e-08,1.728635044494349e-09,False,3.3631395162900175e-07,True,5.661098049484838e-06,True
22,9,gpu_rjd_corrected,5.235468000530221e-08,4.4679656426701155e-08,9.059332971784969e-08,4.0390633319062666e-08,9.232044241006404e-10,False,4.36173451246946e-06,True,2.3645962257609125e-06,True
22,10,cpu_cholesky,5.522949725751223e-16,0.0,0.0,0.0,9.583448827194354e-18,False,0.0,True,0.0,True
22,10,cpu_banded,6.871607717248138e-16,5.53009898964718e-16,1.174295589166391e-15,5.043463924001913e-16,1.1923646636099704e-17,False,1.901785729098549e-14,True,4.576055573759156e-14,True
22,10,cpu_information_smoother,5.860324227771657e-16,2.9703026370654073e-16,5.711455410199024e-16,2.4530041312113585e-16,1.0168862679621418e-17,False,5.974746241829685e-14,True,3.313436351435455e-14,True
22,10,cpu_pcg,6.122824497557606e-08,4.8291070584102824e-08,1.0841555226358332e-07,4.6563227494559676e-08,1.0624354397865972e-09,False,2.5925133753053893e-06,True,8.355503492639603e-07,True
22,10,cpu_identity_corrected,6.139054091531668e-08,4.938327892085808e-08,1.1182711497799449e-07,4.8028454276754864e-08,1.0652516062674366e-09,False,4.7514259604652075e-06,True,3.1817738761158778e-06,True
22,10,cpu_reference_eigen_corrected,6.573766667227018e-08,5.855884121375054e-08,1.3006650748392756e-07,5.586206269256148e-08,1.1406831553024831e-09,False,1.5299342719007203e-06,True,6.4747588477044796e-06,True
22,10,cpu_rjd_corrected,2.9443614577408353e-08,2.6934014387448635e-08,6.132013166533924e-08,2.6336288301033942e-08,5.109070091937639e-10,False,3.3380403532866887e-06,True,2.992745341165054e-06,True
22,10,gpu_cholesky,5.011954320367803e-16,3.3720302955236496e-16,6.913595702081251e-16,2.969309501820909e-16,8.696767151351769e-18,False,1.3091139761182478e-13,True,7.268415999269604e-14,True
22,10,gpu_pcg,6.122824500607657e-08,4.829107057222406e-08,1.0841555219279012e-07,4.656322746415481e-08,1.0624354403158433e-09,False,2.592513252712197e-06,True,8.355502842143836e-07,True
22,10,gpu_rjd_corrected,2.9443614584064612e-08,2.6934014378974064e-08,6.132013162558978e-08,2.633628828396201e-08,5.109070093092637e-10,False,3.3380401993989986e-06,True,2.992745442913422e-06,True
22,11,cpu_cholesky,4.563977369307628e-16,0.0,0.0,0.0,8.512531001542026e-18,False,0.0,True,0.0,True
22,11,cpu_banded,5.275786502080596e-16,3.8816790194843396e-16,7.386451765997273e-16,3.274234436412448e-16,9.840166267803186e-18,False,1.401029349424598e-13,True,9.469573797205838e-14,True
22,11,cpu_information_smoother,4.759013131125649e-16,2.348610436658262e-16,4.050693274430756e-16,1.7955738195624435e-16,8.876303175359167e-18,False,9.460036621924591e-16,True,1.0987336064892415e-14,True
22,11,cpu_pcg,8.674887251017404e-08,6.525453102250018e-08,1.3371825254718084e-07,5.927404945394152e-08,1.6180020341396853e-09,False,2.7460819667327083e-06,True,1.0290478211037617e-05,True
22,11,cpu_identity_corrected,8.82665814119639e-08,6.56077569116706e-08,1.336265748558273e-07,5.9233410962878404e-08,1.6463096763634137e-09,False,4.400668027846486e-06,True,1.1666327529568562e-05,True
22,11,cpu_reference_eigen_corrected,1.8298938929667514e-08,1.51386880848667e-08,3.004485734615487e-08,1.3318154599307526e-08,3.413038066724249e-10,False,7.094894310074979e-07,True,7.441582445898142e-07,True
22,11,cpu_rjd_corrected,2.2285690116469428e-08,1.8936476230716688e-08,3.977608152641174e-08,1.7631769624334997e-08,4.15662945183247e-10,False,6.218306275116973e-06,True,4.785227282618423e-06,True
22,11,gpu_cholesky,4.728273374092775e-16,3.027957718677349e-16,5.731828603342974e-16,2.540780227263229e-16,8.818968724824433e-18,False,6.645591644669892e-14,True,5.838482946659e-14,True
22,11,gpu_pcg,8.674887248489984e-08,6.525453101461134e-08,1.3371825256294574e-07,5.927404946092971e-08,1.6180020336682823e-09,False,2.7460818886049994e-06,True,1.0290478123971409e-05,True
22,11,gpu_rjd_corrected,2.228569003108746e-08,1.893647616786431e-08,3.977608141655205e-08,1.763176957563687e-08,4.1566294359073997e-10,False,6.218306061312423e-06,True,4.785227115915481e-06,True
22,12,cpu_cholesky,6.404391706569897e-16,0.0,0.0,0.0,1.0088543012357299e-17,False,0.0,True,0.0,True
22,12,cpu_banded,7.836838479335676e-16,5.76173880666835e-16,1.145342081801475e-15,4.842158136305648e-16,1.23450103775772e-17,False,6.905835911089553e-14,True,1.36995250565185e-14,True
22,12,cpu_information_smoother,5.852968068727196e-16,3.277722514658415e-16,5.884625323690882e-16,2.4878406934461217e-16,9.219910776340286e-18,False,6.115582757571596e-15,True,7.37702507597205e-15,True
22,12,cpu_pcg,9.058181221459552e-08,6.896907785776578e-08,1.5416294646011454e-07,6.517540718879175e-08,1.4268935285166172e-09,False,4.53980446087057e-06,True,9.298101228685404e-06,True
22,12,cpu_identity_corrected,9.356138139377752e-08,7.105122611613578e-08,1.5843878393823808e-07,6.698310128850136e-08,1.473829307236745e-09,False,9.181128409591048e-06,True,1.2982781285302383e-05,True
22,12,cpu_reference_eigen_corrected,2.7402614529081432e-08,2.3140406490594592e-08,5.053876379731203e-08,2.1366252948208805e-08,4.316607539396932e-10,False,4.853724479637276e-07,True,6.223242066375995e-06,True
22,12,cpu_rjd_corrected,6.945630058105587e-08,6.177741266207929e-08,1.399099714634171e-07,5.914968265256695e-08,1.0941130807746767e-09,False,9.434256639673695e-06,True,6.016651342644525e-06,True
22,12,gpu_cholesky,5.603920107504214e-16,3.1303374668905666e-16,5.96965447657434e-16,2.523788434387433e-16,8.827597004157914e-18,False,1.5431485164711018e-15,True,2.3609694800829918e-14,True
22,12,gpu_pcg,9.058181227876653e-08,6.89690778760863e-08,1.5416294645971188e-07,6.517540718862151e-08,1.4268935295274735e-09,False,4.53980445805734e-06,True,9.298101262256777e-06,True
22,12,gpu_rjd_corrected,6.945630053208679e-08,6.177741264871071e-08,1.3990997149654084e-07,5.9149682666570654e-08,1.0941130800032896e-09,False,9.434256621107429e-06,True,6.0166513474209095e-06,True
22,13,cpu_cholesky,4.879682785425835e-16,0.0,0.0,0.0,1.0244840093922615e-17,False,0.0,True,0.0,True
22,13,cpu_banded,6.465998983284775e-16,5.883047455144988e-16,1.1923716021880254e-15,5.193630324876594e-16,1.3575293424619177e-17,False,2.426158818221158e-13,True,2.1349798009134308e-13,True
22,13,cpu_information_smoother,5.486110112596158e-16,2.8538620441088985e-16,5.463168622005276e-16,2.379600300199587e-16,1.1518027567092077e-17,False,7.190962488272713e-14,True,6.223189457338474e-14,True
22,13,cpu_pcg,4.5767902955542704e-08,3.582952933287123e-08,7.504461355164603e-08,3.26872914404593e-08,9.608920653599946e-10,False,2.1884812077740413e-08,True,2.2651454436235407e-06,True
22,13,cpu_identity_corrected,4.687589282904025e-08,3.611994883211712e-08,7.493385033584544e-08,3.263904614550199e-08,9.84154190083481e-10,False,1.3727342954219611e-06,True,3.250213784874309e-06,True
22,13,cpu_reference_eigen_corrected,4.642514517905665e-08,3.9751376210715894e-08,8.213089928441732e-08,3.5773875220627e-08,9.746907966606736e-10,False,5.119513875954177e-06,True,2.5790251575731125e-06,True
22,13,cpu_rjd_corrected,6.387780502373213e-08,5.718090122332739e-08,1.2212292284254e-07,5.319325907072076e-08,1.3411074629062031e-09,False,6.981096820170798e-06,True,4.983849967703707e-06,True
22,13,gpu_cholesky,4.346337069199921e-16,2.6856260852440076e-16,5.103572262225772e-16,2.222970390913005e-16,9.125086655475222e-18,False,9.302559717895445e-14,True,7.344098703805174e-14,True
22,13,gpu_pcg,4.5767902951170306e-08,3.5829529333373675e-08,7.50446135541797e-08,3.26872914415629e-08,9.608920652681965e-10,False,2.1884733026458475e-08,True,2.2651455246985397e-06,True
22,13,gpu_rjd_corrected,6.387780503431267e-08,5.7180901204167616e-08,1.2212292282160652e-07,5.319325906160273e-08,1.3411074631283404e-09,False,6.9810967451678865e-06,True,4.983850029164517e-06,True
22,14,cpu_cholesky,4.38954177920291e-16,0.0,0.0,0.0,9.628524521141248e-18,False,0.0,True,0.0,True
22,14,cpu_banded,5.039676893622692e-16,3.8001642744162904e-16,7.591875536120668e-16,3.236281930406805e-16,1.1054605466743402e-17,False,7.590310522727514e-14,True,5.6176856332375534e-14,True
22,14,cpu_information_smoother,4.317482124422412e-16,1.8851281765708993e-16,3.456777673620394e-16,1.4735630305509188e-16,9.470460607425638e-18,False,3.038621021337072e-15,True,9.601268489015342e-15,True
22,14,cpu_pcg,4.623111971155058e-08,3.781928706861857e-08,8.425669470114366e-08,3.5917135005673245e-08,1.0140864178621678e-09,False,1.2087004207438485e-06,True,5.67641410131371e-06,True
22,14,cpu_identity_corrected,4.745834495537933e-08,3.819737305781897e-08,8.442345291299577e-08,3.59882210746158e-08,1.0410057839706069e-09,False,2.845972903503631e-06,True,6.965831968345225e-06,True
22,14,cpu_reference_eigen_corrected,6.683174309432808e-08,6.250265784112014e-08,1.4342964923110704e-07,6.114151633318349e-08,1.4659641040722482e-09,False,3.949580793065165e-06,True,4.292954321934761e-06,True
22,14,cpu_rjd_corrected,9.309380905686682e-08,8.728727028316916e-08,1.9952275258691843e-07,8.50530117136273e-08,2.0420264077485676e-09,False,5.619159223354882e-06,True,5.739180507806135e-07,True
22,14,gpu_cholesky,4.981335915362342e-16,2.9468797792316356e-16,5.873907014782533e-16,2.503942410855712e-16,1.0926633671958672e-17,False,1.1310846407937255e-14,True,1.126985466748038e-14,True
22,14,gpu_pcg,4.6231119775473096e-08,3.7819287097808646e-08,8.425669474978139e-08,3.591713502640665e-08,1.014086419264318e-09,False,1.2087005623108184e-06,True,5.676414170357786e-06,True
22,14,gpu_rjd_corrected,9.30938090486864e-08,8.728727027178945e-08,1.995227525418883e-07,8.505301169443176e-08,2.0420264075691298e-09,False,5.619159285630712e-06,True,5.739180808464189e-07,True
22,15,cpu_cholesky,4.480460615592411e-16,0.0,0.0,0.0,1.0848696705018562e-17,False,0.0,True,0.0,True
22,15,cpu_banded,6.362261329791415e-16,4.1211643218917833e-16,8.416132270454017e-16,3.6365459109693334e-16,1.5405166889487084e-17,False,1.430323948327425e-13,True,1.1024715262164283e-13,True
22,15,cpu_information_smoother,4.205718172854564e-16,1.999441369682771e-16,4.01889663017484e-16,1.7365342698306154e-16,1.018345317561757e-17,False,1.0285832040304533e-15,True,3.244245047596908e-15,True
22,15,cpu_pcg,4.5167554489651676e-08,3.7477386335630654e-08,8.192552576056064e-08,3.539938847616372e-08,1.0936578660250877e-09,False,1.2315885562055827e-06,True,6.667386655386082e-07,True
22,15,cpu_identity_corrected,4.614974242386696e-08,3.7822050160970686e-08,8.215766228310352e-08,3.549969287903101e-08,1.1174399279546265e-09,False,1.4155318274181859e-07,True,1.8436201764990847e-06,True
22,15,cpu_reference_eigen_corrected,7.052841939486337e-08,6.402088247643594e-08,1.3893111984192579e-07,6.003106647232986e-08,1.7077293747941283e-09,False,8.51887592493829e-06,True,1.5029119610013413e-05,True
22,15,cpu_rjd_corrected,7.578016341001314e-08,7.291122799848552e-08,1.687109145375738e-07,7.289868631834292e-08,1.8348917210940308e-09,False,3.462946702779231e-06,True,2.4885931561562106e-06,True
22,15,gpu_cholesky,4.2785195203406516e-16,2.4862559611318584e-16,4.780262288473736e-16,2.0655145047491385e-16,1.0359729636087875e-17,False,2.1984680920144285e-15,True,1.4871354637799204e-14,True
22,15,gpu_pcg,4.516755451013201e-08,3.7477386351286655e-08,8.192552579309902e-08,3.5399388490223305e-08,1.0936578665209852e-09,False,1.2315883482331484e-06,True,6.667388232852454e-07,True
22,15,gpu_rjd_corrected,7.578016339689578e-08,7.29112279864074e-08,1.6871091449171627e-07,7.289868629852823e-08,1.8348917207764158e-09,False,3.4629467664342932e-06,True,2.488593208997821e-06,True
23,0,cpu_cholesky,3.219756628382686e-16,0.0,0.0,0.0,9.93857243638446e-18,False,0.0,True,0.0,True
23,0,cpu_banded,4.905795815012005e-16,4.601152817882772e-16,9.657001216644475e-16,4.358157371064446e-16,1.5142947959423705e-17,False,1.994659828326298e-14,True,7.61264846645907e-14,True
23,0,cpu_information_smoother,3.420504052413273e-16,2.489730019455358e-16,5.271697469188212e-16,2.379091259071778e-16,1.0558228840709576e-17,False,1.8315789340199915e-14,True,6.253994430603064e-15,True
23,0,cpu_pcg,8.184106416205656e-08,6.950564005057661e-08,1.4286947418310547e-07,6.447629424940204e-08,2.5262261664836233e-09,False,4.752062045609613e-07,True,3.3497818967754587e-06,True
23,0,cpu_identity_corrected,8.582143089183449e-08,7.055809019406017e-08,1.414233334952833e-07,6.382365803689276e-08,2.6490900002420963e-09,False,1.8417522611723693e-06,True,5.1109474484814965e-06,True
23,0,cpu_reference_eigen_corrected,2.717821793002485e-08,2.7973821094289923e-08,6.359194171035165e-08,2.869873196532215e-08,8.389226915362024e-10,False,3.391767098297097e-07,True,2.604003448050543e-06,True
23,0,cpu_rjd_corrected,9.205210166223685e-08,8.928839306114347e-08,1.982731732827358e-07,8.947971241187694e-08,2.841415052004978e-09,False,4.268504126524672e-06,True,1.0499104004083336e-05,True
23,0,gpu_cholesky,3.614740693664968e-16,2.2751021272564536e-16,4.595051870561022e-16,2.0737244130810437e-16,1.115778810921543e-17,False,2.221342725256393e-14,True,4.286899887569284e-14,True
23,0,gpu_pcg,8.184106414135795e-08,6.950564004429203e-08,1.428694741909133e-07,6.447629425292567e-08,2.52622616584471e-09,False,4.7520626808608374e-07,True,3.349781942144351e-06,True
23,0,gpu_rjd_corrected,9.205210169897654e-08,8.928839310282168e-08,1.98273173400585e-07,8.94797124650617e-08,2.8414150531390396e-09,False,4.268504057170013e-06,True,1.0499103968830716e-05,True
23,1,cpu_cholesky,5.3074231905400094e-14,0.0,0.0,0.0,6.204208689050077e-18,False,0.0,True,0.0,True
23,1,cpu_banded,5.047297829326276e-14,2.3024457460945514e-14,2.8549856258478647e-14,1.6938038444942108e-14,5.900130425767508e-18,False,3.570363102218634e-12,True,3.481096103649956e-12,True
23,1,cpu_information_smoother,5.4835068830522254e-14,8.365630889825775e-14,1.8866395795381764e-13,1.119304189858289e-13,6.410044918019945e-18,False,2.155091042509707e-11,True,1.966441630797276e-11,True
23,1,cpu_pcg,6.203372798642829e-08,2.6676777884252977e-08,6.213612519453604e-09,3.6864076226381346e-09,7.251545248735999e-12,False,2.3691786812637184e-07,True,4.898143015744805e-07,True
23,1,cpu_identity_corrected,6.556182736734081e-08,2.7373607984642705e-08,6.30217158231258e-09,3.738947880556523e-09,7.663968830762997e-12,False,2.225481511998214e-07,True,5.105746681765266e-07,True
23,1,cpu_reference_eigen_corrected,8.115828392712376e-08,2.968960078633424e-08,9.314773373121593e-09,5.526262131459993e-09,9.487144928589022e-12,False,1.554238165202523e-07,True,5.462263279883303e-08,True
23,1,cpu_rjd_corrected,7.688527855566679e-08,3.501873070425692e-08,9.562044603097896e-09,5.6729630311684785e-09,8.987644211336352e-12,False,4.1758643482234014e-08,True,1.992222179524489e-07,True
23,1,gpu_cholesky,5.548374528458632e-14,2.8444581534877164e-14,5.704045321062701e-14,3.3840919570710506e-14,6.485873129718081e-18,False,8.128612424682679e-12,True,7.219714401264963e-12,True
23,1,gpu_pcg,9.561625749858033e-08,3.032016203957818e-08,6.638476646357656e-09,3.938470710109562e-09,1.1177236001588771e-11,False,2.390141480717144e-07,True,6.010242566511359e-07,True
23,1,gpu_rjd_corrected,7.679895876608377e-08,3.5241004180538104e-08,9.519057509183195e-09,5.647459678620168e-09,8.977553701882861e-12,False,6.84014294779631e-08,True,1.7927186023103873e-07,True
23,2,cpu_cholesky,6.140345269411643e-16,0.0,0.0,0.0,1.1694456154412458e-17,False,0.0,True,0.0,True
23,2,cpu_banded,6.250634736234407e-16,5.116428771599705e-16,9.920165674714635e-16,4.3342784537126596e-16,1.1904505472074999e-17,False,1.0262094207111607e-13,True,1.604712896194281e-14,True
23,2,cpu_information_smoother,5.992897415015039e-16,3.1050028532236556e-16,6.018599284056448e-16,2.6296219290880644e-16,1.1413637667397883e-17,False,1.3533398633391767e-13,True,9.612196749664357e-14,True
23,2,cpu_pcg,7.798451052443372e-08,5.926621553032652e-08,1.2463802880411157e-07,5.4456340798402904e-08,1.485236416985849e-09,False,1.0265812079053416e-06,True,6.881937344347174e-06,True
23,2,cpu_identity_corrected,8.000884951516503e-08,5.968966463962265e-08,1.2435592679902032e-07,5.433308593729381e-08,1.5237905083240193e-09,False,7.372152957545645e-07,True,8.45378454707943e-06,True
23,2,cpu_reference_eigen_corrected,1.9852634299470214e-08,1.731908823585727e-08,3.619051601261758e-08,1.5812213114751598e-08,3.7809887100726946e-10,False,1.5068844832304422e-06,True,3.035841997779905e-06,True
23,2,cpu_rjd_corrected,8.611036534234956e-08,7.798332806548393e-08,1.7004783457814135e-07,7.429660851241119e-08,1.6399955442877506e-09,False,7.767592131904861e-06,True,2.3525345632657036e-05,True
23,2,gpu_cholesky,5.167861524071326e-16,3.222360704990394e-16,6.361064248777355e-16,2.7792503290980266e-16,9.842334160977572e-18,False,6.038550341814855e-14,True,8.336966287042126e-14,True
23,2,gpu_pcg,7.798451051874015e-08,5.926621553653281e-08,1.246380288331714e-07,5.44563408110996e-08,1.4852364168774138e-09,False,1.0265813276098565e-06,True,6.881937261154425e-06,True
23,2,gpu_rjd_corrected,8.61103653488803e-08,7.798332808920001e-08,1.70047834624056e-07,7.429660853247203e-08,1.6399955444121304e-09,False,7.767592126497821e-06,True,2.3525345622927873e-05,True
23,3,cpu_cholesky,4.486396282469209e-16,0.0,0.0,0.0,9.41806674721098e-18,False,0.0,True,0.0,True
23,3,cpu_banded,4.843126886250197e-16,3.9525572345447714e-16,7.151941110042431e-16,3.24329638009376e-16,1.0166933415612618e-17,False,7.926686031714524e-14,True,5.3235175458871e-14,True
23,3,cpu_information_smoother,4.0891387735281134e-16,2.7817721674569364e-16,4.985275272214129e-16,2.26074641770185e-16,8.584123979012443e-18,False,1.201773576951974e-15,True,2.5405399150461256e-15,True
23,3,cpu_pcg,4.6575687262335986e-08,3.604358473374639e-08,7.331921917396643e-08,3.324914935391792e-08,9.777400480261407e-10,False,1.6886262517617726e-06,True,2.805144219611639e-06,True
23,3,cpu_identity_corrected,4.686857773971066e-08,3.6075026836639005e-08,7.31742842040573e-08,3.318342355220582e-08,9.838885508630924e-10,False,2.0316927375996627e-06,True,3.1293250976563757e-06,True
23,3,cpu_reference_eigen_corrected,1.2648001352993575e-08,1.095454661832099e-08,2.190658621822065e-08,9.934303245590533e-09,2.655131500016734e-10,False,2.0329483621875135e-06,True,9.662105815341393e-07,True
23,3,cpu_rjd_corrected,6.115463765435112e-08,5.9557128622867825e-08,1.304004447345642e-07,5.913461588440279e-08,1.2837886481713871e-09,False,2.851602632073743e-06,True,6.564503939053664e-06,True
23,3,gpu_cholesky,4.921866835808925e-16,3.2554315459033456e-16,6.102264147240493e-16,2.767283862465082e-16,1.0332228243337464e-17,False,6.922260072581317e-14,True,6.280806565281648e-14,True
23,3,gpu_pcg,4.65756872879708e-08,3.604358477004709e-08,7.331921925419865e-08,3.324914939030201e-08,9.777400485642798e-10,False,1.688626179310591e-06,True,2.805144157167806e-06,True
23,3,gpu_rjd_corrected,6.115463766767706e-08,5.9557128642883657e-08,1.304004447996498e-07,5.913461591391811e-08,1.2837886484511316e-09,False,2.8516027664894737e-06,True,6.5645040180810835e-06,True
23,4,cpu_cholesky,4.530737367813925e-16,0.0,0.0,0.0,1.095473456105119e-17,False,0.0,True,0.0,True
23,4,cpu_banded,5.075215103356522e-16,4.292588035968245e-16,7.954568897062148e-16,3.6110557426987464e-16,1.2271211015776549e-17,False,1.3345006501708858e-13,True,1.1170314396779826e-13,True
23,4,cpu_information_smoother,5.340881514798843e-16,2.498641194795518e-16,4.749513821311205e-16,2.1560890830686204e-16,1.2913557897282475e-17,False,3.363635498598703e-15,True,7.063240573817297e-16,True
23,4,cpu_pcg,8.359854695968006e-08,6.95467955384798e-08,1.4629970884675497e-07,6.641420932080231e-08,2.021304298132502e-09,False,1.999965069041152e-06,True,7.194423821647467e-06,True
23,4,cpu_identity_corrected,8.363066143291451e-08,6.954719510882793e-08,1.4627091226385476e-07,6.640113682530979e-08,2.022080784427546e-09,False,1.937199991730285e-06,True,7.248666129645504e-06,True
23,4,cpu_reference_eigen_corrected,1.2125019587959771e-08,1.0758896568232862e-08,2.1924394746809334e-08,9.95279726408554e-09,2.931672272730187e-10,False,2.526455077240254e-07,True,1.71541013411511e-06,True
23,4,cpu_rjd_corrected,2.250426781416461e-08,2.182726780061556e-08,4.828759772330345e-08,2.1920635714684854e-08,5.441239681808688e-10,False,2.531327540350399e-06,True,3.4862944748014084e-06,True
23,4,gpu_cholesky,4.135114130208609e-16,2.444964038878247e-16,4.726567681639775e-16,2.1456724545240003e-16,9.998168951016495e-18,False,7.189433496743742e-14,True,4.660400224164555e-14,True
23,4,gpu_pcg,8.359854700300942e-08,6.954679556377498e-08,1.4629970888675073e-07,6.64142093389588e-08,2.021304299180149e-09,False,1.999965138581034e-06,True,7.194423783568006e-06,True
23,4,gpu_rjd_corrected,2.250426786263894e-08,2.1827267827663163e-08,4.828759776069412e-08,2.1920635731658723e-08,5.441239693529151e-10,False,2.531327409889351e-06,True,3.4862943963207193e-06,True
23,5,cpu_cholesky,4.043423737573483e-16,0.0,0.0,0.0,1.0503327809250515e-17,False,0.0,True,0.0,True
23,5,cpu_banded,4.861186025317631e-16,3.7579671229473106e-16,7.667596826596716e-16,3.480116537667417e-16,1.262757348214503e-17,False,6.824253793581679e-14,True,3.8195468647952664e-14,True
23,5,cpu_information_smoother,4.983751407201542e-16,2.7424140411808845e-16,5.6023929066601045e-16,2.542775871750191e-16,1.2945953268074972e-17,False,2.1159345094043906e-13,True,1.4181891679640248e-13,True
23,5,cpu_pcg,9.966415937968111e-08,8.31487175181334e-08,1.757924409713859e-07,7.978747381439757e-08,2.588908320815919e-09,False,1.0586258994495292e-06,True,1.48345080265543e-05,True
23,5,cpu_identity_corrected,3.885763543064503e-08,3.340395127255983e-08,7.097421938378163e-08,3.221329449258025e-08,1.009378460288932e-09,False,5.344538035021785e-06,True,6.00707528542437e-07,True
23,5,cpu_reference_eigen_corrected,7.037003578938603e-09,7.0088992926030336e-09,1.57813178916873e-08,7.1627169011472955e-09,1.8279547249889458e-10,False,8.23374933986767e-08,True,9.104584691296559e-07,True
23,5,cpu_rjd_corrected,2.171852288996323e-08,2.2134715062100506e-08,5.0935539889294825e-08,2.3118275351787292e-08,5.641673474627658e-10,False,1.736836978020813e-06,True,3.830269116651214e-06,True
23,5,gpu_cholesky,3.9654733462125017e-16,3.0838187291990465e-16,6.273772434362343e-16,2.8474970314887043e-16,1.0300841360522511e-17,False,1.9040849976062175e-13,True,1.464477680719628e-13,True
23,5,gpu_pcg,9.966415934429533e-08,8.314871749118206e-08,1.757924409013676e-07,7.978747378261814e-08,2.5889083198967264e-09,False,1.058625898646107e-06,True,1.4834508029139343e-05,True
23,5,gpu_rjd_corrected,2.1718522905433448e-08,2.213471508313246e-08,5.0935539926515616e-08,2.3118275368680812e-08,5.641673478646252e-10,False,1.7368368353064397e-06,True,3.830269051284309e-06,True
23,6,cpu_cholesky,5.507944299227212e-16,0.0,0.0,0.0,1.0843663991628714e-17,False,0.0,True,0.0,True
23,6,cpu_banded,6.544254990792832e-16,4.434194819667574e-16,8.843577250563602e-16,3.8980028712348807e-16,1.2883881597287259e-17,False,7.164785407383275e-14,True,7.891429343931143e-14,True
23,6,cpu_information_smoother,4.842891692720843e-16,2.7470803472050894e-16,5.135304254735395e-16,2.2634992789086064e-16,9.534353909694196e-18,False,1.2151546561458828e-14,True,8.450430823682901e-16,True
23,6,cpu_pcg,9.041166440924377e-08,7.282235328630226e-08,1.5659135674407998e-07,6.902111452241669e-08,1.779963009335718e-09,False,5.222625516362913e-06,True,9.163211268079667e-06,True
23,6,cpu_identity_corrected,9.057111853045473e-08,7.282533248921798e-08,1.5646796655425395e-07,6.896672755879363e-08,1.7831022329448515e-09,False,5.422777912718013e-06,True,9.314694984099144e-06,True
23,6,cpu_reference_eigen_corrected,1.7546143030237656e-08,1.532747404808587e-08,3.2168701599933295e-08,1.417906890477456e-08,3.454364632949307e-10,False,2.0385803186731547e-06,True,4.5495983229350763e-07,True
23,6,cpu_rjd_corrected,2.098004050165665e-08,1.9293414746337028e-08,4.2383727662332086e-08,1.868156826592754e-08,4.130406862766267e-10,False,3.4877781665369593e-06,True,2.6401205936206918e-06,True
23,6,gpu_cholesky,4.907314291844274e-16,3.014390978235394e-16,5.877815711131945e-16,2.5907776762080805e-16,9.661184716327429e-18,False,1.378457765161683e-13,True,1.1025470998541465e-13,True
23,6,gpu_pcg,9.041166434127926e-08,7.282235324623113e-08,1.5659135669795607e-07,6.902111450208654e-08,1.7799630079976793e-09,False,5.22262550625428e-06,True,9.163211267195012e-06,True
23,6,gpu_rjd_corrected,2.098004046709742e-08,1.9293414708025787e-08,4.238372756571846e-08,1.868156822334294e-08,4.1304068559624823e-10,False,3.4877781900095805e-06,True,2.6401206732693097e-06,True
23,7,cpu_cholesky,5.143973402743538e-16,0.0,0.0,0.0,8.555644193680842e-18,False,0.0,True,0.0,True
23,7,cpu_banded,8.611672613627706e-16,6.352286094281753e-16,1.2878053593897455e-15,5.573409365214058e-16,1.4323248008119137e-17,False,5.845568739974656e-15,True,3.7059687841123784e-15,True
23,7,cpu_information_smoother,5.743963520544264e-16,3.5195750060057e-16,6.555036806950182e-16,2.8369119030915815e-16,9.553569642690712e-18,False,7.29430425646037e-14,True,1.0715864255633712e-14,True
23,7,cpu_pcg,5.69042173918448e-08,4.533519092426372e-08,1.0165007989225476e-07,4.3992479384828474e-08,9.464517004630523e-10,False,1.8916607902190778e-06,True,6.970647784712086e-06,True
23,7,cpu_identity_corrected,5.834062979956012e-08,4.564327049248058e-08,1.0165318919228344e-07,4.399382503863964e-08,9.703426353767736e-10,False,1.3628353725284883e-06,True,7.766173458100408e-06,True
23,7,cpu_reference_eigen_corrected,6.268088247738148e-08,5.2671867816533426e-08,1.0985656622961698e-07,4.754411142880675e-08,1.042531308239733e-09,False,9.780457663016054e-06,True,8.361215587407215e-06,True
23,7,cpu_rjd_corrected,3.544158351403997e-08,3.276997913509725e-08,7.380926423668525e-08,3.1943433185527115e-08,5.89477341978111e-10,False,9.987882511038832e-06,True,5.9353170530073544e-06,True
23,7,gpu_cholesky,5.814688279746209e-16,3.8995062716832436e-16,6.989457065835679e-16,3.0249218318946794e-16,9.671201641933333e-18,False,6.904939493376726e-14,True,4.620810066834162e-14,True
23,7,gpu_pcg,5.690421740643797e-08,4.5335190934959344e-08,1.016500799323275e-07,4.3992479402171295e-08,9.464517007057713e-10,False,1.891660720917672e-06,True,6.970647819714202e-06,True
23,7,gpu_rjd_corrected,3.544158356215845e-08,3.2769979146023555e-08,7.380926423636436e-08,3.194343318538824e-08,5.894773427784354e-10,False,9.987882430115811e-06,True,5.935316998856233e-06,True
23,8,cpu_cholesky,5.737227473760981e-16,0.0,0.0,0.0,9.505841401089845e-18,False,0.0,True,0.0,True
23,8,cpu_banded,6.680857055188905e-16,5.198328000911887e-16,9.962186014918321e-16,4.2135600110236457e-16,1.10693131622244e-17,False,7.84692266645801e-14,True,3.614425948515581e-14,True
23,8,cpu_information_smoother,6.130414175516343e-16,3.1780243205052694e-16,6.417143809031114e-16,2.714165394847142e-16,1.0157300741859883e-17,False,6.5173510493456e-15,True,8.522626802403183e-15,True
23,8,cpu_pcg,7.491806968412504e-08,5.981808805970198e-08,1.3851901503586274e-07,5.858736040939903e-08,1.241295195604784e-09,False,8.169079405243966e-06,True,8.906208524241628e-06,True
23,8,cpu_identity_corrected,7.714832354116153e-08,6.02850267545154e-08,1.3850299719381315e-07,5.8580585577186306e-08,1.2782476074685863e-09,False,6.93697228912245e-06,True,1.0791658769788244e-05,True
23,8,cpu_reference_eigen_corrected,7.668142062479441e-08,6.501722350784561e-08,1.4247578174221035e-07,6.026089611148789e-08,1.2705116488550322e-09,False,6.724802009542648e-06,True,5.414000458322791e-06,True
23,8,cpu_rjd_corrected,7.453430182201131e-08,7.47990991333009e-08,1.834846405567423e-07,7.760581291387136e-08,1.2349366450900081e-09,False,1.7886515324888675e-05,True,1.323881584601934e-05,True
23,8,gpu_cholesky,5.976319697562818e-16,3.6788943639134746e-16,6.932718014136254e-16,2.932230270376786e-16,9.901986188809799e-18,False,8.258809137270018e-14,True,2.2544340272629634e-15,True
23,8,gpu_pcg,7.491806966038964e-08,5.981808801457663e-08,1.3851901491982068e-07,5.858736036031842e-08,1.241295195211519e-09,False,8.169079468668763e-06,True,8.906208517685627e-06,True
23,8,gpu_rjd_corrected,7.453430180640289e-08,7.479909911781951e-08,1.8348464054184274e-07,7.76058129075695e-08,1.2349366448313967e-09,False,1.7886515459017237e-05,True,1.323881589881016e-05,True
23,9,cpu_cholesky,5.544074020243757e-16,0.0,0.0,0.0,1.0129446847494927e-17,False,0.0,True,0.0,True
23,9,cpu_banded,7.331912264911149e-16,4.982158528414666e-16,8.89593230119947e-16,4.1684479601505554e-16,1.3395963925937675e-17,False,1.591017538618842e-14,True,5.087439637815636e-14,True
23,9,cpu_information_smoother,5.149846528863423e-16,2.824039434420188e-16,4.852169818138855e-16,2.273625371227011e-16,9.409163098544768e-18,False,1.991462563852981e-14,True,1.4402326381482167e-14,True
23,9,cpu_pcg,6.834482599382968e-08,5.269164156696063e-08,1.0438860552045855e-07,4.891431892821904e-08,1.2487121910722612e-09,False,3.3304601604423776e-07,True,3.0849108245301547e-06,True
23,9,cpu_identity_corrected,6.928389031213124e-08,5.390474537851963e-08,1.0723935250350994e-07,5.0250119386682926e-08,1.2658696143117216e-09,False,2.2187286486277545e-06,True,5.100082010190493e-06,True
23,9,cpu_reference_eigen_corrected,9.591686167630718e-08,7.686443381745354e-08,1.4243552015892262e-07,6.674230798489652e-08,1.7524743355410835e-09,False,7.867793834459045e-07,True,2.263962532916576e-06,True
23,9,cpu_rjd_corrected,3.860995763319102e-08,3.6926352177120084e-08,7.754892380625502e-08,3.633780499976022e-08,7.054334276275921e-10,False,1.1924336791199794e-06,True,4.31762739140014e-06,True
23,9,gpu_cholesky,5.077362715809605e-16,2.7674888600825477e-16,4.77713961702305e-16,2.238467787041181e-16,9.276729633740462e-18,False,1.5477264614101306e-14,True,3.216492911483764e-14,True
23,9,gpu_pcg,6.834482601857036e-08,5.26916415941395e-08,1.0438860555396707e-07,4.891431894392043e-08,1.2487121915242924e-09,False,3.3304594557507633e-07,True,3.0849107619956456e-06,True
23,9,gpu_rjd_corrected,3.860995760149076e-08,3.692635216193409e-08,7.754892377293059e-08,3.633780498414509e-08,7.054334270484042e-10,False,1.1924335345107277e-06,True,4.317627484346917e-06,True
23,10,cpu_cholesky,6.195018375538137e-16,0.0,0.0,0.0,1.1458168629989029e-17,False,0.0,True,0.0,True
23,10,cpu_banded,7.379609256656498e-16,4.0652693279033807e-16,8.020177155210102e-16,3.5753081346914783e-16,1.3649161658677572e-17,False,7.502802238512491e-14,True,5.423070329058055e-14,True
23,10,cpu_information_smoother,6.178972960675402e-16,2.940315782535406e-16,5.750459636635638e-16,2.5634926410225667e-16,1.1428491386421632e-17,False,6.900990259488311e-15,True,5.70571300421935e-15,True
23,10,cpu_pcg,5.382393349817915e-08,4.3570305603691e-08,9.646191316212043e-08,4.3001676414639925e-08,9.955155397731204e-10,False,5.436661923984906e-06,True,1.2127040097075424e-05,True
23,10,cpu_identity_corrected,5.515494201302952e-08,4.51809629000263e-08,1.0041165410601904e-07,4.4762428160313146e-08,1.0201335775586046e-09,False,6.785471839528464e-06,True,1.3930231608020052e-05,True
23,10,cpu_reference_eigen_corrected,9.837349930289326e-08,8.963874785271762e-08,1.9660169770605852e-07,8.764290806793432e-08,1.8194944563642925e-09,False,5.757831710394091e-06,True,1.869910291289376e-05,True
23,10,cpu_rjd_corrected,2.755004859453243e-08,2.5648319731289467e-08,5.716182671946076e-08,2.5482123413090483e-08,5.095595888153182e-10,False,3.1485047909402985e-07,True,2.461296659886559e-06,True
23,10,gpu_cholesky,7.103025937122039e-16,3.187687972863832e-16,6.325502459702906e-16,2.8198405050810004e-16,1.313759928333713e-17,False,5.430702757919368e-14,True,5.487146270199645e-14,True
23,10,gpu_pcg,5.382393349384089e-08,4.357030560794727e-08,9.646191317713392e-08,4.3001676421332776e-08,9.95515539692881e-10,False,5.436661976118849e-06,True,1.2127040102293965e-05,True
23,10,gpu_rjd_corrected,2.755004860200314e-08,2.564831972455514e-08,5.716182669460092e-08,2.5482123402008235e-08,5.095595889534948e-10,False,3.148505653431618e-07,True,2.4612967306633363e-06,True
23,11,cpu_cholesky,5.32155699246862e-16,0.0,0.0,0.0,1.0099337017388196e-17,False,0.0,True,0.0,True
23,11,cpu_banded,5.909490549593917e-16,4.469549002086843e-16,8.101969948177923e-16,3.7247426398039554e-16,1.1215126840863483e-17,False,2.6416721141281924e-13,True,1.7621752950366357e-13,True
23,11,cpu_information_smoother,5.370827589466751e-16,2.41307555543035e-16,4.468357855897042e-16,2.0542513909849415e-16,1.0192843554072153e-17,False,6.197407957986244e-15,True,1.933947868794826e-14,True
23,11,cpu_pcg,5.5503931660259436e-08,4.5422192054082124e-08,9.481917527939373e-08,4.3591500276254426e-08,1.0533626013409534e-09,False,2.391085681577307e-06,True,1.7120628423055449e-06,True
23,11,cpu_identity_corrected,5.563504660812878e-08,4.6052149411547507e-08,9.66767266686343e-08,4.444547787792245e-08,1.0558509224841747e-09,False,3.9501905879273365e-06,True,3.327221268694091e-06,True
23,11,cpu_reference_eigen_corrected,1.8251005141478564e-08,1.5082760751714688e-08,2.883443624119415e-08,1.3256140771842537e-08,3.4637053058384966e-10,False,1.8900882068568004e-06,True,1.3872874410702947e-06,True
23,11,cpu_rjd_corrected,8.919520705455628e-08,7.954610667827421e-08,1.662078344598426e-07,7.641121999240198e-08,1.69276108142075e-09,False,7.711487528810699e-06,True,1.0820308876096373e-05,True
23,11,gpu_cholesky,4.585698223589277e-16,2.924062063378648e-16,5.211882912558827e-16,2.3960743673752243e-16,8.702812332107062e-18,False,1.3217417985016473e-13,True,1.0742313686978988e-13,True
23,11,gpu_pcg,5.550393167253021e-08,4.5422192079170545e-08,9.481917534595728e-08,4.359150030685588e-08,1.0533626015738304e-09,False,2.3910859564234675e-06,True,1.7120630529999877e-06,True
23,11,gpu_rjd_corrected,8.919520707001984e-08,7.95461066661006e-08,1.6620783442652798e-07,7.641121997708616e-08,1.6927610817142198e-09,False,7.711487455095493e-06,True,1.0820308832957845e-05,True
23,12,cpu_cholesky,5.873681201152431e-16,0.0,0.0,0.0,9.46426664730613e-18,False,0.0,True,0.0,True
23,12,cpu_banded,7.658582259751921e-16,6.251633599868032e-16,1.330481950065264e-15,5.791180445247499e-16,1.2340278977415248e-17,False,3.977639546198555e-14,True,4.4130623227969983e-14,True
23,12,cpu_information_smoother,6.086500577294156e-16,3.3836448361351777e-16,6.591021192325171e-16,2.868869663457896e-16,9.807182657647898e-18,False,1.4276153516028732e-15,True,2.8820221180670846e-14,True
23,12,cpu_pcg,8.039068874744861e-08,6.212035796673152e-08,1.3632250456820243e-07,5.933701112321074e-08,1.2953357340198951e-09,False,6.76522589240317e-06,True,7.893102802983239e-06,True
23,12,cpu_identity_corrected,8.29967788999126e-08,6.435233748050472e-08,1.4128746096689757e-07,6.149810458308213e-08,1.3373276821373478e-09,False,9.946575642375697e-06,True,1.196411472433703e-05,True
23,12,cpu_reference_eigen_corrected,2.7402569576560844e-08,2.3164544859446096e-08,4.8719035633466906e-08,2.120590410550176e-08,4.4153779659462065e-10,False,1.3522048586006272e-07,True,4.81135119853756e-06,True
23,12,cpu_rjd_corrected,6.442426383309487e-08,6.060038252246409e-08,1.384605739899847e-07,6.026764726039394e-08,1.0380686099204338e-09,False,6.917788205374617e-06,True,5.495547236384578e-06,True
23,12,gpu_cholesky,5.871278641920676e-16,3.5456501876258916e-16,6.755256883611209e-16,2.940356429869177e-16,9.46039540192754e-18,False,1.6259917377669216e-16,True,3.2358315242861307e-14,True
23,12,gpu_pcg,8.03906887767349e-08,6.212035798195e-08,1.3632250462003134e-07,5.933701114577028e-08,1.2953357344917853e-09,False,6.765226000012057e-06,True,7.8931029828471e-06,True
23,12,gpu_rjd_corrected,6.442426386814692e-08,6.060038251826686e-08,1.3846057398240448e-07,6.026764725709451e-08,1.038068610485228e-09,False,6.917788148489506e-06,True,5.495547221095843e-06,True
23,13,cpu_cholesky,5.002541607560285e-16,0.0,0.0,0.0,1.0784765670912023e-17,False,0.0,True,0.0,True
23,13,cpu_banded,6.148819682738703e-16,5.145374402813986e-16,1.0522689753860796e-15,4.654616212885503e-16,1.3255977587634563e-17,False,4.3371828776833083e-16,True,1.1631378296210288e-14,True
23,13,cpu_information_smoother,4.506404848653628e-16,4.0237794709416633e-16,7.600174197691227e-16,3.3618680079727877e-16,9.715165634513008e-18,False,6.765371326631813e-14,True,1.896364847524847e-14,True
23,13,cpu_pcg,8.333434904004396e-08,6.696212696824226e-08,1.4487617841733588e-07,6.408466130770476e-08,1.7965696196303513e-09,False,6.189416161916856e-06,True,3.444617811246227e-07,True
23,13,cpu_identity_corrected,8.503804458317492e-08,6.886232668643192e-08,1.498850169130767e-07,6.630027551047514e-08,1.8332988618730431e-09,False,1.0351097862941187e-05,True,3.984612505735693e-06,True
23,13,cpu_reference_eigen_corrected,4.494507939474712e-08,4.035195801572612e-08,8.603861451480023e-08,3.805839946082791e-08,9.689517624818301e-10,False,2.6006037734214338e-06,True,3.365760209175422e-06,True
23,13,cpu_rjd_corrected,5.2438620849168504e-08,4.753268238999758e-08,1.0199278580818486e-07,4.511558218714503e-08,1.1305018196111794e-09,False,6.346024749874132e-06,True,1.7832022735731375e-06,True
23,13,gpu_cholesky,5.318137024590174e-16,3.515145027367071e-16,6.949010817030325e-16,3.073831802424722e-16,1.1465144343692524e-17,False,1.6581931651217548e-15,True,3.516485706834797e-14,True
23,13,gpu_pcg,8.333434906822733e-08,6.696212698692463e-08,1.448761784448284e-07,6.408466131986583e-08,1.796569620237945e-09,False,6.1894161166528955e-06,True,3.4446179678729463e-07,True
23,13,gpu_rjd_corrected,5.243862084765743e-08,4.753268238955567e-08,1.0199278580317989e-07,4.5115582184931126e-08,1.1305018195786028e-09,False,6.346024728811144e-06,True,1.783202250568208e-06,True
23,14,cpu_cholesky,4.473756271925023e-16,0.0,0.0,0.0,1.0376210071462863e-17,False,0.0,True,0.0,True
23,14,cpu_banded,5.4587367379127e-16,4.531853309072503e-16,9.347327800869388e-16,4.1087743023996114e-16,1.2660725277513145e-17,False,1.229654653352771e-13,True,7.980794632965002e-14,True
23,14,cpu_information_smoother,4.840002407113148e-16,2.5377786679835146e-16,4.858755142699205e-16,2.1357471030509553e-16,1.1225663328543888e-17,False,7.27829527511772e-14,True,1.2464567829669567e-13,True
23,14,cpu_pcg,7.272533727468777e-08,6.064869310905164e-08,1.3567759922143623e-07,5.963935843145043e-08,1.6867556713781625e-09,False,1.0341330883841683e-05,True,1.2386324000551445e-05,True
23,14,cpu_identity_corrected,7.256931853757965e-08,6.163100987725315e-08,1.391213089898674e-07,6.115309866854113e-08,1.6831370482572325e-09,False,1.3383794336392548e-05,True,1.5811618148669883e-05,True
23,14,cpu_reference_eigen_corrected,7.072028441759067e-08,6.984841421446117e-08,1.621218275323393e-07,7.126336135991529e-08,1.640251438896059e-09,False,1.473111975083691e-06,True,1.8117574836570072e-08,True
23,14,cpu_rjd_corrected,8.751791405289183e-08,8.476371771229009e-08,1.9412892796364017e-07,8.533261778785622e-08,2.029847421159048e-09,False,7.529120274897853e-06,True,5.276058264592075e-06,True
23,14,gpu_cholesky,4.1650897650433884e-16,2.7123728781185135e-16,5.580000898105759e-16,2.452782740257732e-16,9.660304169854518e-18,False,7.159792574731086e-14,True,2.1646772861960378e-14,True
23,14,gpu_pcg,7.272533724063399e-08,6.064869310051589e-08,1.3567759924272336e-07,5.963935844080754e-08,1.6867556705883357e-09,False,1.034133086663846e-05,True,1.2386323961481413e-05,True
23,14,gpu_rjd_corrected,8.751791400553779e-08,8.47637176660167e-08,1.9412892780013864e-07,8.533261771598639e-08,2.0298474200607416e-09,False,7.529120202206311e-06,True,5.2760583573755335e-06,True
23,15,cpu_cholesky,4.2552004300059866e-16,0.0,0.0,0.0,1.0759583491310175e-17,False,0.0,True,0.0,True
23,15,cpu_banded,4.458851835556475e-16,4.791501466416368e-16,1.0008199610076877e-15,4.501993499583234e-16,1.1274530868569223e-17,False,1.8149297646767228e-14,True,3.127802295746023e-16,True
23,15,cpu_information_smoother,4.295614367933813e-16,2.2779636952300543e-16,4.484407178841548e-16,2.017223152534021e-16,1.0861773070038545e-17,False,7.387444059215376e-14,True,7.272099853956738e-14,True
23,15,cpu_pcg,8.58400180861916e-08,7.643778647731313e-08,1.6908327784261718e-07,7.605881650973998e-08,2.170527230446423e-09,False,1.1579990465644533e-06,True,1.8888201429419937e-05,True
23,15,cpu_identity_corrected,8.857771160982026e-08,7.920753240663803e-08,1.75781044236438e-07,7.90716761589768e-08,2.2397518043951808e-09,False,7.15821715684205e-06,True,2.504595473510917e-05,True
23,15,cpu_reference_eigen_corrected,6.66294730787169e-08,6.233711976238922e-08,1.3394381700484937e-07,6.025201504354949e-08,1.6847746171466753e-09,False,2.6313987327078247e-06,True,6.171042704478868e-06,True
23,15,cpu_rjd_corrected,6.679859942043268e-08,6.867952312969855e-08,1.6040700870790934e-07,7.215596597049207e-08,1.6890511257811772e-09,False,1.8554052902527391e-06,True,1.433205846851412e-05,True
23,15,gpu_cholesky,4.4122129888749827e-16,2.700709404167255e-16,5.078096937168924e-16,2.284282917216158e-16,1.1156601155724362e-17,False,2.941288061488854e-15,True,4.905652113069584e-15,True
23,15,gpu_pcg,8.584001809767603e-08,7.64377864918851e-08,1.690832778772496e-07,7.60588165253187e-08,2.170527230736816e-09,False,1.1579991184624128e-06,True,1.888820148640559e-05,True
23,15,gpu_rjd_corrected,6.679859941687362e-08,6.867952311347874e-08,1.6040700864541776e-07,7.215596594238144e-08,1.6890511256911837e-09,False,1.8554052328570141e-06,True,1.4332058432946054e-05,True
24,0,cpu_cholesky,3.968937213268818e-16,0.0,0.0,0.0,1.2178777033309235e-17,False,0.0,True,0.0,True
24,0,cpu_banded,5.152544938435049e-16,4.923172999357381e-16,9.459268119663403e-16,4.785415376392459e-16,1.581070513020895e-17,False,8.487241878726311e-15,True,1.1704849449032736e-14,True
24,0,cpu_information_smoother,4.286941457541869e-16,2.1952094584056622e-16,3.921810001591383e-16,1.9840319195406163e-16,1.3154580523901058e-17,False,3.646651940844588e-14,True,2.140444971962752e-14,True
24,0,cpu_pcg,8.172518307646815e-08,6.823484494871072e-08,1.2430541275885784e-07,6.288573556219451e-08,2.5077564318514784e-09,False,5.030465438469797e-06,True,3.2562593558576523e-06,True
24,0,cpu_identity_corrected,8.885813352995018e-08,7.068227275647863e-08,1.238758596987287e-07,6.266842595716859e-08,2.726632697265089e-09,False,2.7821574661498625e-06,True,1.069855312409699e-06,True
24,0,cpu_reference_eigen_corrected,2.9724891377936557e-08,2.958177917594049e-08,5.8163363613045174e-08,2.9424671238357528e-08,9.121152777499057e-10,False,2.1944155980173707e-07,True,1.387020572129661e-06,True
24,0,cpu_rjd_corrected,2.6313505192297686e-08,2.3774810074834307e-08,4.47504606994863e-08,2.2639123875430274e-08,8.074360844051346e-10,False,7.837424749729618e-07,True,8.326063563763395e-07,True
24,0,gpu_cholesky,3.4671694804317116e-16,2.88526935571926e-16,5.237827943757932e-16,2.649801450162216e-16,1.0639090963118359e-17,False,6.065035451168523e-14,True,1.4667445625200785e-14,True
24,0,gpu_pcg,8.172518306426022e-08,6.823484493694823e-08,1.243054127416415e-07,6.288573555348481e-08,2.5077564314768756e-09,False,5.030465407342508e-06,True,3.2562593214935566e-06,True
24,0,gpu_rjd_corrected,2.6313505164443153e-08,2.3774810064130524e-08,4.475046072250956e-08,2.2639123887077672e-08,8.074360835504118e-10,False,7.8374254438898e-07,True,8.326063640511778e-07,True
24,1,cpu_cholesky,6.732417665061556e-14,0.0,0.0,0.0,5.207774855218746e-18,False,0.0,True,0.0,True
24,1,cpu_banded,7.281933362264142e-14,2.2002983880806503e-14,5.327850332878233e-16,1.297027252283691e-14,5.6328456355552756e-18,False,5.072724459820561e-14,True,5.5651216939176385e-14,True
24,1,cpu_information_smoother,6.274589199593228e-14,1.0749220278668351e-13,4.907857262232382e-15,1.1947829277694746e-13,4.85362755047875e-18,False,5.592478945559357e-13,True,5.033453884349816e-13,True
24,1,cpu_pcg,7.570907779957747e-08,6.872774062956988e-08,6.779549037761697e-10,1.650432972170272e-08,5.856378072269706e-12,False,1.2109460006141608e-08,True,3.7492055032864213e-08,True
24,1,cpu_identity_corrected,7.451088225741104e-08,6.861136121973598e-08,6.767425800069661e-10,1.6474816562191743e-08,5.763693201393789e-12,False,1.21335319182897e-08,True,3.753771028252627e-08,True
24,1,cpu_reference_eigen_corrected,9.613682540164959e-08,2.3014393238578205e-08,1.4147532193426743e-10,3.4441160432377198e-09,7.436540142280604e-12,False,2.563188194497252e-09,True,5.853107054812681e-10,True
24,1,cpu_rjd_corrected,6.12438724487944e-08,3.1021809547278496e-08,2.101728980308727e-10,5.116509650341812e-09,4.7374407659257355e-12,False,5.256564702140309e-09,True,6.595223178918649e-09,True
24,1,gpu_cholesky,8.240895372714958e-14,3.0861791944040984e-14,1.2285332906148667e-15,2.9907768775562174e-14,6.3746383307785765e-18,False,1.6420337319200886e-13,True,1.5036415285879103e-13,True
24,1,gpu_pcg,9.339922931318614e-08,6.946950835051952e-08,6.845681337085856e-10,1.6665324098647384e-08,7.224776927911765e-12,False,1.1825212979406341e-08,True,3.7804682410324364e-08,True
24,1,gpu_rjd_corrected,6.000624736887768e-08,3.003855307331973e-08,1.8978916636619688e-10,4.620282207367828e-09,4.641705870851444e-12,False,3.4911001493866395e-09,True,6.500251898371092e-09,True
24,2,cpu_cholesky,5.54268512472731e-16,0.0,0.0,0.0,1.0404208623167942e-17,False,0.0,True,0.0,True
24,2,cpu_banded,7.046306135297201e-16,5.172200203019519e-16,8.8352922851235e-16,4.447698158811578e-16,1.3226664947514424e-17,False,1.6754370924850198e-14,True,1.451995045918429e-14,True
24,2,cpu_information_smoother,6.005833838012491e-16,3.238458988891586e-16,5.403986768552984e-16,2.7203742926767557e-16,1.1273587945307931e-17,False,9.95933965558094e-15,True,1.870471845734552e-14,True
24,2,cpu_pcg,8.918416743048832e-08,6.827951166816046e-08,1.2356445555952984e-07,6.220251506699237e-08,1.674081539971145e-09,False,3.715352953929208e-06,True,1.157571519106524e-06,True
24,2,cpu_identity_corrected,9.126918912080527e-08,6.88018177261715e-08,1.2350079146190835e-07,6.217046647361983e-08,1.7132196107311562e-09,False,1.4751502840718548e-06,True,6.38853446821117e-07,True
24,2,cpu_reference_eigen_corrected,1.589386024655092e-08,1.3678819409368689e-08,2.4562745938266798e-08,1.236491972868091e-08,2.9834463642913503e-10,False,6.794026386050796e-07,True,1.274703719012979e-06,True
24,2,cpu_rjd_corrected,2.1122827167530254e-08,1.7651941621018222e-08,3.16646628740251e-08,1.5940034377959707e-08,3.964978975587023e-10,False,1.365725960300485e-07,True,2.3690380718612913e-06,True
24,2,gpu_cholesky,5.154214325103303e-16,3.039890962046395e-16,4.764112808262687e-16,2.3982608703685267e-16,9.675007675911195e-18,False,2.284085339673872e-14,True,1.983091825047731e-14,True
24,2,gpu_pcg,8.918416742940561e-08,6.827951166359796e-08,1.2356445554147128e-07,6.220251505790167e-08,1.6740815399508215e-09,False,3.715352902544309e-06,True,1.1575714852993736e-06,True
24,2,gpu_rjd_corrected,2.1122827172925132e-08,1.7651941626100668e-08,3.166466288299421e-08,1.5940034382474773e-08,3.9649789765996987e-10,False,1.365725248066144e-07,True,2.3690379712695893e-06,True
24,3,cpu_cholesky,5.370531907208484e-16,0.0,0.0,0.0,1.1220575440189856e-17,False,0.0,True,0.0,True
24,3,cpu_banded,6.67197675084472e-16,4.3726923667005856e-16,7.333503727066609e-16,3.737897169964712e-16,1.3939665523178836e-17,False,1.0333868912921702e-14,True,7.592708376222111e-15,True
24,3,cpu_information_smoother,5.434561114282491e-16,2.8941544030412384e-16,4.695756727441201e-16,2.3934338122121747e-16,1.1354350746018524e-17,False,3.503955288312449e-14,True,2.4005803870407087e-14,True
24,3,cpu_pcg,6.22735394748426e-08,4.7834246840140715e-08,8.560234136296969e-08,4.3631633859002114e-08,1.3010721474380794e-09,False,3.643517752586313e-07,True,8.662876206109882e-07,True
24,3,cpu_identity_corrected,6.345045088289904e-08,4.811655444925607e-08,8.548127883354158e-08,4.356992811738396e-08,1.3256611886289242e-09,False,1.7935127444891814e-06,True,2.1542517530507153e-06,True
24,3,cpu_reference_eigen_corrected,1.3208677464804506e-08,1.1594311402299246e-08,2.0887263060437036e-08,1.0646267376091692e-08,2.7596700763825625e-10,False,1.3724727670993557e-06,True,1.1513849000956922e-06,True
24,3,cpu_rjd_corrected,6.801009427466882e-08,6.785100228915167e-08,1.3446052157277468e-07,6.853471706898452e-08,1.420925167372794e-09,False,1.5345256270834806e-06,True,6.402648769689969e-07,True
24,3,gpu_cholesky,4.768097581947951e-16,3.037459013171188e-16,5.096185488743107e-16,2.5975329153623643e-16,9.961918027639589e-18,False,2.1850579875214252e-14,True,8.156327757825792e-15,True
24,3,gpu_pcg,6.227353948582182e-08,4.7834246848084065e-08,8.560234137980786e-08,4.363163386758455e-08,1.3010721476674669e-09,False,3.643518075713189e-07,True,8.662876141238247e-07,True
24,3,gpu_rjd_corrected,6.801009422931623e-08,6.785100223558558e-08,1.344605214690154e-07,6.853471701609828e-08,1.4209251664252488e-09,False,1.5345256032763484e-06,True,6.402648591409125e-07,True
24,4,cpu_cholesky,4.551349569540928e-16,0.0,0.0,0.0,1.107571072142365e-17,False,0.0,True,0.0,True
24,4,cpu_banded,5.55710862855824e-16,3.974751162106107e-16,7.237480595912671e-16,3.743881201538472e-16,1.3523225732724043e-17,False,2.409960538048667e-14,True,7.605505215611141e-15,True
24,4,cpu_information_smoother,4.569942402041022e-16,2.5143723343812316e-16,3.910876149645726e-16,2.023059751824786e-16,1.112095638561984e-17,False,6.24665790400302e-15,True,7.799567718742394e-15,True
24,4,cpu_pcg,8.343049398295873e-08,7.13809892185293e-08,1.346728304532247e-07,6.966499897444278e-08,2.0302813518288667e-09,False,7.658441252242947e-06,True,1.2393883669275979e-05,True
24,4,cpu_identity_corrected,8.45528617135827e-08,7.166817912227694e-08,1.3456483022214954e-07,6.960913146232642e-08,2.057594175394793e-09,False,5.848528617983969e-06,True,1.4373492032931167e-05,True
24,4,cpu_reference_eigen_corrected,1.3285073387262571e-08,1.2078503408891934e-08,2.2103269045311034e-08,1.143381489934784e-08,3.232923059728441e-10,False,4.936408714962079e-07,True,1.0054537119439113e-06,True
24,4,cpu_rjd_corrected,2.2495718701085297e-08,2.1688885954947813e-08,4.1897423973584746e-08,2.1673146605211835e-08,5.474333892014915e-10,False,3.4716786093619913e-06,True,3.690852331791603e-06,True
24,4,gpu_cholesky,4.2979083187124495e-16,3.1037134101421126e-16,5.283399069794737e-16,2.7330530556173444e-16,1.0458961351558146e-17,False,9.64830854868213e-16,True,1.0167879742763112e-14,True
24,4,gpu_pcg,8.343049394868568e-08,7.138098918922844e-08,1.346728304139289e-07,6.966499895411544e-08,2.0302813509948317e-09,False,7.658441349080387e-06,True,1.2393883606107766e-05,True
24,4,gpu_rjd_corrected,2.2495718680413934e-08,2.1688885956823237e-08,4.1897423978786395e-08,2.1673146607902598e-08,5.474333886984539e-10,False,3.4716786561668268e-06,True,3.6908523147370556e-06,True
24,5,cpu_cholesky,4.4335963410311814e-16,0.0,0.0,0.0,1.1406190316567853e-17,False,0.0,True,0.0,True
24,5,cpu_banded,5.985048827643051e-16,5.398264173834123e-16,1.054135412427449e-15,5.295409003455951e-16,1.5397569090868173e-17,False,2.4439794558910576e-13,True,1.396169301668876e-13,True
24,5,cpu_information_smoother,5.253382733562713e-16,3.22500883213509e-16,5.775859275295906e-16,2.901480858010882e-16,1.3515232027381884e-17,False,1.4891425017623499e-15,True,6.298475150839216e-15,True
24,5,cpu_pcg,5.293493038575955e-08,4.539617170757359e-08,8.802553788484552e-08,4.421929292519098e-08,1.3618422695355272e-09,False,6.0245412725672845e-06,True,1.428080274731029e-06,True
24,5,cpu_identity_corrected,5.44311282063935e-08,4.576250182481173e-08,8.764076210221257e-08,4.402600227963964e-08,1.4003345365095102e-09,False,3.862815723534054e-06,True,5.60661398202707e-07,True
24,5,cpu_reference_eigen_corrected,9.153706883723678e-09,8.846871743193231e-09,1.735989178332157e-08,8.720675367193297e-09,2.354948771265898e-10,False,4.937295438495507e-07,True,1.0402264758267328e-06,True
24,5,cpu_rjd_corrected,2.549509040014227e-08,2.534767606217623e-08,5.1413853400657816e-08,2.5827552987073742e-08,6.559051151984441e-10,False,3.0145838446650616e-06,True,2.2116446452921444e-06,True
24,5,gpu_cholesky,4.536605457216401e-16,2.728501752952541e-16,4.620804694310102e-16,2.3212435985917814e-16,1.1671199012257272e-17,False,2.859220924181365e-15,True,2.3468567431472602e-14,True
24,5,gpu_pcg,5.293493043306487e-08,4.5396171734045684e-08,8.802553791656874e-08,4.4219292941127026e-08,1.361842270752538e-09,False,6.024541384240385e-06,True,1.4280803757869387e-06,True
24,5,gpu_rjd_corrected,2.5495090421575617e-08,2.5347676085272113e-08,5.141385343386539e-08,2.582755300375544e-08,6.559051157498538e-10,False,3.0145837974959144e-06,True,2.211644566159887e-06,True
24,6,cpu_cholesky,4.533447397565173e-16,0.0,0.0,0.0,8.874910671905289e-18,False,0.0,True,0.0,True
24,6,cpu_banded,6.641239459471001e-16,5.287745835223698e-16,9.03281364588426e-16,4.45499809654733e-16,1.300123323040948e-17,False,3.728824537521063e-14,True,4.982387079050269e-14,True
24,6,cpu_information_smoother,5.500943332677335e-16,3.161266498836009e-16,5.28504321265513e-16,2.606591741575123e-16,1.0768930662997173e-17,False,3.330440629944158e-14,True,1.5532186343363547e-14,True
24,6,cpu_pcg,5.288111416414668e-08,4.052722746909892e-08,7.444628982023758e-08,3.6717028873421636e-08,1.0352279922147907e-09,False,1.609498397438027e-06,True,2.3872382579443595e-06,True
24,6,cpu_identity_corrected,5.267530504380394e-08,4.163100227677372e-08,7.797155583656097e-08,3.8455695695104554e-08,1.03119896718991e-09,False,4.23337516048426e-06,True,3.7894690089740215e-07,True
24,6,cpu_reference_eigen_corrected,1.5147402557181743e-08,1.3050448638746248e-08,2.38207205090718e-08,1.1748417346643065e-08,2.965333731122643e-10,False,1.0685565134567468e-06,True,2.5427649204608447e-07,True
24,6,cpu_rjd_corrected,2.333380949967921e-08,2.1069064737916216e-08,4.0373488139351925e-08,1.9912268741838016e-08,4.5679470001236085e-10,False,7.465915239828149e-07,True,3.4141975605045486e-06,True
24,6,gpu_cholesky,4.944141064331961e-16,3.3374396285224873e-16,5.3701579532494e-16,2.6485704673853655e-16,9.678905796681651e-18,False,7.347522714536014e-15,True,2.052112909934842e-14,True
24,6,gpu_pcg,5.288111420231391e-08,4.052722746953646e-08,7.444628980442312e-08,3.671702886562192e-08,1.0352279929619717e-09,False,1.6094984304626725e-06,True,2.387238274968912e-06,True
24,6,gpu_rjd_corrected,2.3333809485400368e-08,2.1069064732212498e-08,4.0373488147661974e-08,1.9912268745936547e-08,4.5679469973283093e-10,False,7.465914571107265e-07,True,3.4141976131995012e-06,True
24,7,cpu_cholesky,5.475380441599399e-16,0.0,0.0,0.0,9.146416356092188e-18,False,0.0,True,0.0,True
24,7,cpu_banded,7.12219737772236e-16,5.218477660267289e-16,9.019269231993617e-16,4.345832400095545e-16,1.1897361887768306e-17,False,1.1941734180198273e-13,True,1.5581939393818267e-13,True
24,7,cpu_information_smoother,5.4489442775554415e-16,3.810773730691941e-16,7.160638171130954e-16,3.4502721416802954e-16,9.102255741906017e-18,False,6.1874661434103374e-15,True,1.5823850954361714e-14,True
24,7,cpu_pcg,8.735794117535115e-08,6.805074589965759e-08,1.3053569679954546e-07,6.28971423214872e-08,1.459281435390538e-09,False,2.720532044478174e-06,True,1.4580039281912712e-06,True
24,7,cpu_identity_corrected,8.672253732627586e-08,6.919977781728112e-08,1.3409533873561783e-07,6.461231534278337e-08,1.4486672532046384e-09,False,3.660561625210381e-07,True,4.1125910421264355e-06,True
24,7,cpu_reference_eigen_corrected,5.444465668368675e-08,4.487719533445097e-08,8.13041327490109e-08,3.917547256588769e-08,9.094774453571325e-10,False,4.1071168557476005e-06,True,3.5565529041608954e-06,True
24,7,cpu_rjd_corrected,2.9488006895682597e-08,2.8440056280644796e-08,5.880479501582408e-08,2.8334422322622842e-08,4.925860227038688e-10,False,1.329690182563535e-06,True,4.64175268699968e-06,True
24,7,gpu_cholesky,5.624559684850097e-16,3.5678992978888084e-16,6.231272735546896e-16,3.002467966241865e-16,9.395614651080266e-18,False,1.1101131421789743e-13,True,7.963561321590308e-14,True
24,7,gpu_pcg,8.73579411676538e-08,6.805074590023153e-08,1.3053569679813162e-07,6.289714232080596e-08,1.4592814352619566e-09,False,2.720531912367065e-06,True,1.4580041050478614e-06,True
24,7,gpu_rjd_corrected,2.9488006903532594e-08,2.844005631202028e-08,5.880479511296356e-08,2.8334422369428397e-08,4.92586022835e-10,False,1.3296900835675562e-06,True,4.6417525931257705e-06,True
24,8,cpu_cholesky,5.826916849011715e-16,0.0,0.0,0.0,9.763528806636332e-18,False,0.0,True,0.0,True
24,8,cpu_banded,7.46691227659805e-16,5.042134349819719e-16,9.00162428632024e-16,4.17061636790531e-16,1.2511490209707804e-17,False,8.261516709656512e-14,True,1.0128416145879176e-13,True
24,8,cpu_information_smoother,6.226130450107659e-16,3.32357285627697e-16,6.308293161558211e-16,2.922747037234412e-16,1.0432447481005669e-17,False,9.794369978831325e-14,True,3.5976105053779036e-14,True
24,8,cpu_pcg,8.398635865160607e-08,6.533184015505808e-08,1.369308581445487e-07,6.34425588187294e-08,1.4072677778999604e-09,False,6.149075190513606e-06,True,1.9537050404787033e-06,True
24,8,cpu_identity_corrected,8.537753912602476e-08,6.559913083633714e-08,1.3680957170313086e-07,6.338636460291982e-08,1.4305782708682853e-09,False,4.977043553521877e-06,True,3.5669542339142054e-06,True
24,8,cpu_reference_eigen_corrected,8.540863923920925e-08,7.304865724246721e-08,1.468122604120233e-07,6.802079233789719e-08,1.4310994022049775e-09,False,5.440976022903307e-06,True,6.781608372087784e-06,True
24,8,cpu_rjd_corrected,7.221456764107385e-08,7.322735528924708e-08,1.683294396812856e-07,7.79900931215253e-08,1.210020708594472e-09,False,1.0674150320555787e-05,True,6.305336328872833e-06,True
24,8,gpu_cholesky,5.862837387026278e-16,3.749636536200347e-16,6.404507616037454e-16,2.9673249451670973e-16,9.823716933006204e-18,False,9.791566677438538e-14,True,6.636658138661087e-14,True
24,8,gpu_pcg,8.398635867841754e-08,6.533184014910331e-08,1.3693085810766573e-07,6.344255880164085e-08,1.407267778349211e-09,False,6.14907516920001e-06,True,1.953704999253714e-06,True
24,8,gpu_rjd_corrected,7.221456761619179e-08,7.322735525259581e-08,1.683294395918858e-07,7.799009308010475e-08,1.2100207081775505e-09,False,1.0674150175811761e-05,True,6.3053363350507404e-06,True
24,9,cpu_cholesky,5.462007607834865e-16,0.0,0.0,0.0,9.962485953173603e-18,False,0.0,True,0.0,True
24,9,cpu_banded,7.108752756676884e-16,4.72795273310329e-16,7.998089679382472e-16,4.1757103652734107e-16,1.2966084005703334e-17,False,4.599932802522194e-14,True,5.680080310924939e-15,True
24,9,cpu_information_smoother,5.6289678062396415e-16,2.584342495951582e-16,4.0898261736392323e-16,2.135251069946794e-16,1.0267014754810701e-17,False,6.495703404261708e-14,True,3.396412851726451e-14,True
24,9,cpu_pcg,8.704844476044882e-08,6.916049004960765e-08,1.2621779239104392e-07,6.589685351088769e-08,1.5877292221053367e-09,False,7.086728174566872e-07,True,6.483485437652661e-06,True
24,9,cpu_identity_corrected,8.736934847343629e-08,7.029752882718366e-08,1.2908542579315244e-07,6.73940118325625e-08,1.593582380003324e-09,False,2.0122165907113537e-06,True,3.834552617333325e-06,True
24,9,cpu_reference_eigen_corrected,9.094773643513326e-08,7.399130856592698e-08,1.2595838837623832e-07,6.576142166693007e-08,1.6588507517110363e-09,False,4.119438219070444e-06,True,2.829372243379611e-06,True
24,9,cpu_rjd_corrected,4.409401868412862e-08,4.119066622253132e-08,7.644767572809092e-08,3.9912449689298413e-08,8.042574705388119e-10,False,5.259843478005059e-06,True,1.417901355041632e-06,True
24,9,gpu_cholesky,6.24229763024932e-16,3.053533230137009e-16,4.874255666463049e-16,2.5447926599159976e-16,1.1385704107713484e-17,False,1.0777613714642404e-13,True,7.219148404351304e-14,True
24,9,gpu_pcg,8.704844481295613e-08,6.916049009386186e-08,1.2621779246859314e-07,6.589685355137526e-08,1.5877292230630493e-09,False,7.086727341975104e-07,True,6.483485421636537e-06,True
24,9,gpu_rjd_corrected,4.4094018688804476e-08,4.1190666213959134e-08,7.644767568753619e-08,3.9912449668125257e-08,8.042574706240976e-10,False,5.2598434311527816e-06,True,1.417901359890911e-06,True
24,10,cpu_cholesky,5.999968133954223e-16,0.0,0.0,0.0,1.0731359913215424e-17,False,0.0,True,0.0,True
24,10,cpu_banded,7.481913397812879e-16,4.942890340610469e-16,8.699872391679557e-16,4.340876485853149e-16,1.3381921990062876e-17,False,5.141841973001379e-14,True,1.0937363973277744e-13,True
24,10,cpu_information_smoother,5.824414832141352e-16,2.864604689845408e-16,4.701272344095435e-16,2.3457404492039663e-16,1.041737063466476e-17,False,1.683334578969326e-14,True,3.17991604588665e-14,True
24,10,cpu_pcg,5.8885911060704353e-08,4.858057480557127e-08,9.72219990800649e-08,4.8509756317565394e-08,1.0532154355633074e-09,False,2.27222501074953e-06,True,5.022107103490006e-06,True
24,10,cpu_identity_corrected,5.978424364277129e-08,5.0040901620183544e-08,1.0076147469610521e-07,5.027580825283451e-08,1.0692827374117778e-09,False,4.17981568491829e-06,True,7.615123963526143e-06,True
24,10,cpu_reference_eigen_corrected,9.868492051613963e-08,8.640644356010458e-08,1.6385504477036483e-07,8.175689009097939e-08,1.7650483985939951e-09,False,4.483108349110774e-06,True,9.518243606147986e-06,True
24,10,cpu_rjd_corrected,3.4102678501876664e-08,3.052598187563104e-08,5.917055530236795e-08,2.952365972776478e-08,6.099500988987638e-10,False,8.425530671213649e-07,True,3.321524564746863e-06,True
24,10,gpu_cholesky,6.380850617189036e-16,3.1642031573838063e-16,5.444232942577508e-16,2.716447058067638e-16,1.1412594699963911e-17,False,4.617986287613146e-14,True,8.791968497204809e-14,True
24,10,gpu_pcg,5.888591098816188e-08,4.8580574776581955e-08,9.722199904868164e-08,4.850975630190645e-08,1.0532154342658346e-09,False,2.2722250263568524e-06,True,5.022107126842731e-06,True
24,10,gpu_rjd_corrected,3.4102678514677085e-08,3.05259818745812e-08,5.917055527705244e-08,2.9523659715133384e-08,6.099500991277082e-10,False,8.425530542990036e-07,True,3.3215245855554584e-06,True
24,11,cpu_cholesky,4.667239852557081e-16,0.0,0.0,0.0,8.829152197737583e-18,False,0.0,True,0.0,True
24,11,cpu_banded,6.351978090809577e-16,5.224744332638315e-16,8.784206603663389e-16,4.548406200122546e-16,1.2016220098421962e-17,False,5.840029223495055e-14,True,6.312605374442262e-14,True
24,11,cpu_information_smoother,5.88644806393885e-16,2.820068228699511e-16,4.585159566753614e-16,2.374166403745086e-16,1.113556352415e-17,False,1.123370768811213e-13,True,8.880341392924517e-14,True
24,11,cpu_pcg,4.624790546980368e-08,3.951179533218453e-08,7.52281815835206e-08,3.895267301610723e-08,8.748849625253118e-10,False,7.092662873063301e-07,True,2.552935158828459e-06,True
24,11,cpu_identity_corrected,4.60258209920495e-08,3.976925369376543e-08,7.609033748854043e-08,3.939909184945173e-08,8.706837266423616e-10,False,2.4042256400980394e-07,True,3.5061709857336225e-06,True
24,11,cpu_reference_eigen_corrected,1.3563811033320988e-08,1.0978131199981482e-08,1.8361556325174612e-08,9.507496852190827e-09,2.565905243899441e-10,False,6.517986295453811e-07,True,1.7053400422824302e-06,True
24,11,cpu_rjd_corrected,6.869128828340313e-08,5.887657480051807e-08,1.0714537973984587e-07,5.547919482221168e-08,1.2994529163079243e-09,False,3.7509406944872417e-07,True,8.250133580910927e-06,True
24,11,gpu_cholesky,5.413938409381342e-16,3.2325489809705015e-16,5.394097910064423e-16,2.793029522777064e-16,1.024170338694214e-17,False,1.5158657298916019e-13,True,1.0299451600907172e-13,True
24,11,gpu_pcg,4.6247905522487626e-08,3.9511795335435834e-08,7.522818156940068e-08,3.8952673008796023e-08,8.748849635219494e-10,False,7.092662614662231e-07,True,2.552935141681284e-06,True
24,11,gpu_rjd_corrected,6.869128829274635e-08,5.887657479072822e-08,1.0714537971275882e-07,5.5479194808186176e-08,1.299452916484673e-09,False,3.750941690939003e-07,True,8.250133503131878e-06,True
24,12,cpu_cholesky,6.047546238225051e-16,0.0,0.0,0.0,9.603215258839474e-18,False,0.0,True,0.0,True
24,12,cpu_banded,8.052101718808232e-16,6.278167484129112e-16,1.1187330831727335e-15,5.357157699329269e-16,1.2786353844312547e-17,False,7.044924781148589e-15,True,9.985365716114522e-15,True
24,12,cpu_information_smoother,5.550481604284108e-16,3.3200090788868533e-16,5.174439080946133e-16,2.477828409577909e-16,8.813900305425886e-18,False,7.070605449782909e-14,True,5.204802800353823e-14,True
24,12,cpu_pcg,5.57652792194195e-08,4.29422940978637e-08,8.531532239871901e-08,4.085403776232904e-08,8.855260615290355e-10,False,1.5408590689797178e-06,True,4.73957678723024e-06,True
24,12,cpu_identity_corrected,5.6525475519209386e-08,4.302759947801961e-08,8.509660487856197e-08,4.074930283809094e-08,8.975976164478347e-10,False,1.9647721017813076e-06,True,5.348203958121653e-06,True
24,12,cpu_reference_eigen_corrected,2.5971879225378504e-08,2.1089334274953514e-08,3.927728942842074e-08,1.8808296334055948e-08,4.124210666689738e-10,False,1.224521239900845e-06,True,4.09109699053281e-06,True
24,12,cpu_rjd_corrected,4.608423873843806e-08,4.365297706549912e-08,8.995139170731646e-08,4.3074062785701143e-08,7.31795748767148e-10,False,4.879018950241009e-06,True,2.3443463712690235e-06,True
24,12,gpu_cholesky,5.423380702907231e-16,3.7364244077815256e-16,6.359177123260165e-16,3.0451512697432006e-16,8.612070130436944e-18,False,8.253459681436216e-16,True,1.0061144870096229e-14,True
24,12,gpu_pcg,5.576527922682778e-08,4.294229410212187e-08,8.531532242301646e-08,4.08540377739641e-08,8.855260616466755e-10,False,1.5408592042212596e-06,True,4.739576841383499e-06,True
24,12,gpu_rjd_corrected,4.6084238806181786e-08,4.365297713771682e-08,8.995139188400424e-08,4.3074062870309736e-08,7.317957498428861e-10,False,4.879018933517357e-06,True,2.3443463771164015e-06,True
24,13,cpu_cholesky,3.838328698640095e-16,0.0,0.0,0.0,8.296601446019952e-18,False,0.0,True,0.0,True
24,13,cpu_banded,6.74447927093432e-16,4.78876321911542e-16,8.005366667396588e-16,4.066055553925431e-16,1.457828676624552e-17,False,1.5873925750513057e-14,True,4.479160520914738e-14,True
24,13,cpu_information_smoother,4.311694729428048e-16,2.496183603867085e-16,4.2061138399087236e-16,2.136353430112814e-16,9.3197887767255e-18,False,6.109058638550731e-15,True,8.238303306619456e-15,True
24,13,cpu_pcg,4.698013938490057e-08,3.726998714689817e-08,6.936904672646981e-08,3.523366379474072e-08,1.0154823182402106e-09,False,8.505894236852313e-07,True,1.6348070138225017e-06,True
24,13,cpu_identity_corrected,4.778870331663104e-08,3.7459049886782474e-08,6.926228002598469e-08,3.517943525612176e-08,1.0329595410672207e-09,False,1.819769208606042e-06,True,6.114469557727094e-07,True
24,13,cpu_reference_eigen_corrected,3.792593043386767e-08,3.330063165367527e-08,6.023542029438312e-08,3.05945468092668e-08,8.197743186556445e-10,False,1.3125832576947655e-06,True,6.540309616984722e-07,True
24,13,cpu_rjd_corrected,5.3319793294483737e-08,4.824975605298701e-08,9.036079936320195e-08,4.58957153835621e-08,1.1525148308795008e-09,False,2.531939737710825e-06,True,1.7114327279580962e-06,True
24,13,gpu_cholesky,4.499814682940392e-16,2.71162528682544e-16,4.450792110019001e-16,2.260629491465329e-16,9.726412701062332e-18,False,4.387648120158523e-14,True,3.9986733012007817e-14,True
24,13,gpu_pcg,4.6980139357476e-08,3.7269987145563725e-08,6.936904673773359e-08,3.523366380046177e-08,1.0154823176474248e-09,False,8.505893485517273e-07,True,1.6348070943251873e-06,True
24,13,gpu_rjd_corrected,5.3319793323702416e-08,4.8249756054537236e-08,9.036079934528893e-08,4.5895715374463784e-08,1.1525148315110667e-09,False,2.531939905532215e-06,True,1.711432804636493e-06,True
24,14,cpu_cholesky,5.324148056919809e-16,0.0,0.0,0.0,1.2330647841409844e-17,False,0.0,True,0.0,True
24,14,cpu_banded,5.274944718839725e-16,4.3601743076035473e-16,7.815821292524651e-16,3.8288893060644746e-16,1.2216693641038047e-17,False,3.04365273363167e-14,True,1.2035482727992613e-14,True
24,14,cpu_information_smoother,5.987020685571066e-16,2.674652113363717e-16,4.527086771672416e-16,2.2177725767938273e-16,1.386585100635282e-17,False,3.089879856998284e-14,True,2.871548193412982e-14,True
24,14,cpu_pcg,4.925220020026258e-08,4.117543947435226e-08,8.17101986025017e-08,4.002897378484762e-08,1.1406736427063057e-09,False,5.91832496640933e-07,True,2.714182258189919e-07,True
24,14,cpu_identity_corrected,5.028137124553462e-08,4.1476000516313e-08,8.176091000526441e-08,4.005381677197162e-08,1.1645090908980012e-09,False,8.136097026334055e-07,True,1.7329357670132275e-06,True
24,14,cpu_reference_eigen_corrected,8.910886199330779e-08,8.604788279626739e-08,1.774617615396125e-07,8.693666545885177e-08,2.0637479654574433e-09,False,5.938339727176094e-06,True,3.8714125529139355e-06,True
24,14,cpu_rjd_corrected,9.575671021877914e-08,9.167427279690572e-08,1.8502240574674325e-07,9.06405461731318e-08,2.21771119385615e-09,False,6.4567468607805795e-06,True,6.495410024008449e-06,True
24,14,gpu_cholesky,5.225981966294695e-16,2.904221891767845e-16,5.220729660328004e-16,2.557580990932114e-16,1.2103296633192977e-17,False,8.591146095821306e-15,True,1.2223649993577164e-14,True
24,14,gpu_pcg,4.92522001904327e-08,4.117543947247179e-08,8.171019860882551e-08,4.002897378794559e-08,1.1406736424786474e-09,False,5.918323826895451e-07,True,2.714182956068734e-07,True
24,14,gpu_rjd_corrected,9.575671020216765e-08,9.167427278518014e-08,1.8502240573039827e-07,9.064054616512458e-08,2.217711193471431e-09,False,6.456746823889865e-06,True,6.495410079846014e-06,True
24,15,cpu_cholesky,4.166746590957253e-16,0.0,0.0,0.0,1.0524612202084506e-17,False,0.0,True,0.0,True
24,15,cpu_banded,5.235686263711002e-16,4.011270048810196e-16,7.157833112456587e-16,3.628972824408687e-16,1.322460253688712e-17,False,5.6162697257824846e-14,True,3.6329899440386946e-14,True
24,15,cpu_information_smoother,4.33555670437638e-16,2.2878459059315837e-16,3.829141282900875e-16,1.9413486509326562e-16,1.0951002658221665e-17,False,9.5284673224839e-15,True,3.598830985860838e-14,True
24,15,cpu_pcg,5.663383614797875e-08,4.754249649965493e-08,9.049510114844612e-08,4.5880402301963864e-08,1.4304905526997947e-09,False,2.8522675294905892e-06,True,2.061347105595416e-06,True
24,15,cpu_identity_corrected,5.838666174974835e-08,4.81686971684551e-08,9.079579403231668e-08,4.6032851553981254e-08,1.4747644477358869e-09,False,5.852244918256531e-07,True,4.405184008513151e-06,True
24,15,cpu_reference_eigen_corrected,7.552910002461261e-08,7.042092180734563e-08,1.3251235668203396e-07,6.718286578386173e-08,1.907758141503015e-09,False,1.0074928864656153e-05,True,1.6535696389963907e-05,True
24,15,cpu_rjd_corrected,7.464312102464129e-08,7.685746312944773e-08,1.588410002172598e-07,8.053130942480133e-08,1.885379597967799e-09,False,6.938041439298888e-07,True,7.093707455984737e-06,True
24,15,gpu_cholesky,4.1163545022413353e-16,2.871496856640434e-16,5.158691422741002e-16,2.6154215512594244e-16,1.039732891758166e-17,False,2.5770524988686577e-14,True,9.04781009575303e-15,True
24,15,gpu_pcg,5.663383616233081e-08,4.754249650526686e-08,9.049510117034169e-08,4.588040231306477e-08,1.4304905530623075e-09,False,2.8522676286325787e-06,True,2.0613470312718176e-06,True
24,15,gpu_rjd_corrected,7.464312107017698e-08,7.685746317504667e-08,1.5884100030131875e-07,8.053130946741865e-08,1.885379599117966e-09,False,6.938041307138779e-07,True,7.093707488053493e-06,True
25,0,cpu_cholesky,4.365557766638343e-16,0.0,0.0,0.0,1.3659826601469345e-17,False,0.0,True,0.0,True
25,0,cpu_banded,4.68049897529127e-16,3.966060046042453e-16,1.0063863936787714e-15,3.554503210811865e-16,1.4645277380000428e-17,False,2.3335798785150085e-13,True,1.7528669212196554e-13,True
25,0,cpu_information_smoother,4.547808955951231e-16,2.269307903098459e-16,5.68956763311747e-16,2.0095250240935274e-16,1.4230090420436665e-17,False,4.162262388971691e-14,True,3.989311657730826e-14,True
25,0,cpu_pcg,3.846113603095504e-08,3.4906429681050696e-08,9.620504642972036e-08,3.397911066551007e-08,1.2034486252841601e-09,False,1.5919573336222711e-06,True,6.284058921890764e-07,True
25,0,cpu_identity_corrected,3.783643873557724e-08,3.60755944958159e-08,1.0267215375429316e-07,3.626325857273985e-08,1.1839018509593438e-09,False,3.6217740941298764e-07,True,1.179593203996488e-06,True
25,0,cpu_reference_eigen_corrected,2.806057111981936e-08,2.8606999792061643e-08,8.157140615372739e-08,2.881058675922546e-08,8.780150409445084e-10,False,5.743809412014784e-07,True,2.784038554141666e-06,True
25,0,cpu_rjd_corrected,2.9495919358730026e-08,2.7486542823399004e-08,7.525089859807714e-08,2.6578217110586267e-08,9.229270683771983e-10,False,2.93461971585836e-07,True,5.4587704526330065e-06,True
25,0,gpu_cholesky,3.709492851584202e-16,3.1446505042383116e-16,8.405633699237165e-16,2.968825111360124e-16,1.1607000030845779e-17,False,4.516790635199787e-15,True,1.2310961998208526e-15,True
25,0,gpu_pcg,3.846113602943792e-08,3.490642969703888e-08,9.620504650467768e-08,3.3979110691984597e-08,1.2034486252366897e-09,False,1.5919575445698134e-06,True,6.284059842253191e-07,True
25,0,gpu_rjd_corrected,2.94959193563746e-08,2.748654281825291e-08,7.525089857180544e-08,2.657821710130724e-08,9.229270683034971e-10,False,2.9346173722043845e-07,True,5.458770594760907e-06,True
25,1,cpu_cholesky,5.1219765438645544e-14,0.0,0.0,0.0,5.909825794695906e-18,False,0.0,True,0.0,True
25,1,cpu_banded,4.897134589844356e-14,2.0150707791962852e-14,3.149285453857198e-14,1.6287228227879202e-14,5.650399229927557e-18,False,3.787795149300146e-12,True,3.736048890475466e-12,True
25,1,cpu_information_smoother,5.663127838809623e-14,8.444468269888941e-14,2.1986870532918648e-13,1.1370997759122666e-13,6.534215589204828e-18,False,2.4736140507775092e-11,True,2.2707581245524468e-11,True
25,1,cpu_pcg,6.945633965805297e-08,2.3141790600635955e-08,6.926277634772894e-09,3.5820781018447736e-09,8.013993508742061e-12,False,3.9549547442846723e-07,True,3.8457167451028133e-07,True
25,1,cpu_identity_corrected,6.885629172458444e-08,2.3137734742424388e-08,6.926558211966582e-09,3.5822232085636183e-09,7.944758932496798e-12,False,3.9517656876549365e-07,True,3.87694785745543e-07,True
25,1,cpu_reference_eigen_corrected,7.563075676008212e-08,2.152846350985469e-08,8.192102276163885e-09,4.23672739079879e-09,8.72640850872235e-12,False,2.895206292914332e-07,True,1.0980219500505968e-06,True
25,1,cpu_rjd_corrected,7.397374023947517e-08,3.251540876629803e-08,9.477591111940282e-09,4.9015464540258955e-09,8.53521905902678e-12,False,1.4717690740140884e-08,True,5.314336815221448e-07,True
25,1,gpu_cholesky,4.843198074287042e-14,2.744715964449827e-14,6.291453973297718e-14,3.253764965090516e-14,5.58816633835001e-18,False,8.655669876737783e-12,True,7.757678410497242e-12,True
25,1,gpu_pcg,6.360308744166307e-08,2.286348592102054e-08,6.897844121504623e-09,3.567373079810218e-09,7.338635067765e-12,False,4.067465691721393e-07,True,3.9790589133491896e-07,True
25,1,gpu_rjd_corrected,7.387760045943193e-08,3.2467999826637605e-08,9.270932465081986e-09,4.794668351168523e-09,8.524126282662915e-12,False,6.503208685593855e-08,True,5.418301178647418e-07,True
25,2,cpu_cholesky,5.765397128537755e-16,0.0,0.0,0.0,1.0913719570061912e-17,False,0.0,True,0.0,True
25,2,cpu_banded,7.469857765554434e-16,5.488149452459541e-16,1.3492014431792397e-15,4.721485936358826e-16,1.414021117088023e-17,False,1.844783078450899e-13,True,1.4193625811133158e-13,True
25,2,cpu_information_smoother,5.782103481274506e-16,2.2299451375603235e-16,4.722825573838399e-16,1.6527372276010415e-16,1.0945344182337958e-17,False,3.412859529658297e-14,True,2.911939459044838e-14,True
25,2,cpu_pcg,4.518108364090452e-08,3.724548402036006e-08,9.989313032315767e-08,3.495727138034132e-08,8.552640276031077e-10,False,2.2363886097490306e-07,True,1.828395829946773e-06,True
25,2,cpu_identity_corrected,4.4911462329472397e-08,3.772618534493581e-08,1.0206223692619896e-07,3.571634307956733e-08,8.501601792931863e-10,False,1.2990145033895936e-06,True,2.1715391733948268e-07,True
25,2,cpu_reference_eigen_corrected,1.9972273657132954e-08,1.7123808307646886e-08,4.315026839048934e-08,1.51002940580711e-08,3.7806900184221576e-10,False,1.96773893296495e-06,True,1.1381091481242075e-06,True
25,2,cpu_rjd_corrected,5.2439184778806855e-08,4.686054004065725e-08,1.2677686056569338e-07,4.436514408153693e-08,9.926576499061194e-10,False,6.42306530695708e-06,True,3.876334966824866e-06,True
25,2,gpu_cholesky,5.750334612817503e-16,2.9192389984330694e-16,6.527264228064124e-16,2.2841945812837847e-16,1.0885206690736257e-17,False,5.0814983450703346e-14,True,6.180956550362984e-14,True
25,2,gpu_pcg,4.5181083678484636e-08,3.7245484027980366e-08,9.98931303181842e-08,3.495727137860087e-08,8.552640283144876e-10,False,2.2363898192082727e-07,True,1.8283959118874733e-06,True
25,2,gpu_rjd_corrected,5.243918475898437e-08,4.686054004519255e-08,1.2677686059224943e-07,4.436514409083012e-08,9.926576495308859e-10,False,6.423065362744457e-06,True,3.87633501997271e-06,True
25,3,cpu_cholesky,4.561861645367364e-16,0.0,0.0,0.0,9.711687104379532e-18,False,0.0,True,0.0,True
25,3,cpu_banded,6.764132168355871e-16,4.761240754625795e-16,1.2083646791968076e-15,4.2955392193541386e-16,1.4400071781758388e-17,False,2.6134827959901006e-13,True,2.1429653454395982e-13,True
25,3,cpu_information_smoother,4.266368273809649e-16,2.2568488356019667e-16,5.602340364523008e-16,1.9915405647221702e-16,9.08261516202877e-18,False,3.1238070793778546e-14,True,3.0682941583314243e-14,True
25,3,cpu_pcg,7.473969689986709e-08,6.026677635378713e-08,1.5764287821572766e-07,5.6039470342482295e-08,1.5911235521808514e-09,False,4.437424509861349e-06,True,1.4026265578976373e-05,True
25,3,cpu_identity_corrected,7.687864332016166e-08,6.088941057136976e-08,1.578645339037753e-07,5.61182653219776e-08,1.6366592996714997e-09,False,6.54781919650198e-06,True,1.6249654194577592e-05,True
25,3,cpu_reference_eigen_corrected,1.265773086272205e-08,1.0752355665911194e-08,2.670814238602728e-08,9.494308719080763e-09,2.6946876334209087e-10,False,1.908136291097858e-06,True,1.8974883422910616e-06,True
25,3,cpu_rjd_corrected,7.861622485030337e-08,7.532755531273792e-08,2.0911988477213839e-07,7.433870602561982e-08,1.673650447933723e-09,False,1.7957759145529477e-05,True,2.8128824853950557e-05,True
25,3,gpu_cholesky,4.551903205019498e-16,3.2452528901591543e-16,8.011175354940582e-16,2.8478420896201825e-16,9.690486712034375e-18,False,2.288070993757994e-13,True,1.7740769007831995e-13,True
25,3,gpu_pcg,7.47396969046486e-08,6.026677636740327e-08,1.5764287824450976e-07,5.6039470352713864e-08,1.591123552282644e-09,False,4.437424589286875e-06,True,1.4026265648676358e-05,True
25,3,gpu_rjd_corrected,7.86162248390995e-08,7.532755531887175e-08,2.091198848317907e-07,7.433870604682525e-08,1.6736504476952054e-09,False,1.795775907394381e-05,True,2.8128824785409735e-05,True
25,4,cpu_cholesky,4.721768096159119e-16,0.0,0.0,0.0,1.1581323449825165e-17,False,0.0,True,0.0,True
25,4,cpu_banded,5.101211293805556e-16,3.60514883999812e-16,9.063894059660535e-16,3.2508319439000553e-16,1.2512003295443582e-17,False,7.640076125824363e-14,True,5.38768092325257e-14,True
25,4,cpu_information_smoother,4.569895451809058e-16,2.3854717673341797e-16,5.841755986203708e-16,2.0951885407552553e-16,1.1208817604222736e-17,False,4.900846162064085e-15,True,2.436445026768208e-14,True
25,4,cpu_pcg,5.328880547222713e-08,4.647013433383618e-08,1.2699255678246456e-07,4.55468099592328e-08,1.3070419387675365e-09,False,6.420965341193603e-06,True,1.5399427847178716e-05,True
25,4,cpu_identity_corrected,5.43306624118438e-08,4.798194458622563e-08,1.3178081618899862e-07,4.726415424105948e-08,1.3325960985010657e-09,False,9.713707367605891e-06,True,1.864975460980539e-05,True
25,4,cpu_reference_eigen_corrected,9.911245453968428e-08,9.450812704869923e-08,2.572522462605078e-07,9.226540097215382e-08,2.4309820953990304e-09,False,3.924856590437399e-06,True,1.4071828157225503e-06,True
25,4,cpu_rjd_corrected,2.5517951642179116e-08,2.454108518224356e-08,6.85717737917649e-08,2.459376855299506e-08,6.25891921663278e-10,False,9.650047372134362e-07,True,1.0955007667668341e-06,True
25,4,gpu_cholesky,4.508317920253792e-16,2.919807087666411e-16,7.067131848793158e-16,2.534678562501942e-16,1.1057783225646744e-17,False,1.1239669307042644e-13,True,9.040777402825582e-14,True
25,4,gpu_pcg,5.3288805424442746e-08,4.6470134298948865e-08,1.2699255669939993e-07,4.554680992944106e-08,1.3070419375955043e-09,False,6.420965396033523e-06,True,1.5399427916678728e-05,True
25,4,gpu_rjd_corrected,2.551795161212814e-08,2.4541085144361998e-08,6.857177370754835e-08,2.4593768522790175e-08,6.258919209262024e-10,False,9.650047177262021e-07,True,1.0955008143498432e-06,True
25,5,cpu_cholesky,4.4125691625606536e-16,0.0,0.0,0.0,1.1594522946713865e-17,False,0.0,True,0.0,True
25,5,cpu_banded,4.990874895319869e-16,3.7906383880333596e-16,1.0224630598098379e-15,3.5878808535298257e-16,1.3114086457600985e-17,False,3.74231399632868e-14,True,1.1597894461616615e-14,True
25,5,cpu_information_smoother,4.285340976978435e-16,1.9700932343240067e-16,4.73476454464442e-16,1.6614557262206654e-16,1.126021654541867e-17,False,9.711113603798126e-15,True,1.0828189393461044e-15,True
25,5,cpu_pcg,6.310102055820786e-08,5.43025222143181e-08,1.4892283175585505e-07,5.225786609930441e-08,1.658050455644814e-09,False,6.6507959654151685e-06,True,1.6132146861230514e-05,True
25,5,cpu_identity_corrected,6.637613395443165e-08,5.592330775656522e-08,1.512642611031408e-07,5.3079486933858746e-08,1.7441077551363304e-09,False,2.5405987504933185e-06,True,1.188765986926337e-05,True
25,5,cpu_reference_eigen_corrected,9.75552751669641e-08,9.250310311528716e-08,2.545548650247013e-07,8.932474553798127e-08,2.56337487047589e-09,False,5.86065105989758e-06,True,9.122308187765088e-06,True
25,5,cpu_rjd_corrected,2.813597876193552e-08,2.6721930716095934e-08,7.523759026495563e-08,2.6401297043197e-08,7.393045591651397e-10,False,1.329473820821284e-06,True,1.0398267169701518e-06,True
25,5,gpu_cholesky,4.0976870802679425e-16,2.418127585718067e-16,5.939978795179081e-16,2.0843722406518895e-16,1.0767134775752432e-17,False,2.0867169167858344e-14,True,2.6856521941841877e-14,True
25,5,gpu_pcg,6.310102057701385e-08,5.430252222190431e-08,1.4892283174797185e-07,5.2257866096538146e-08,1.658050456138962e-09,False,6.650796131564243e-06,True,1.6132147038970183e-05,True
25,5,gpu_rjd_corrected,2.813597886061493e-08,2.6721930782663602e-08,7.52375904051327e-08,2.640129709238593e-08,7.393045617580526e-10,False,1.329473759859139e-06,True,1.0398267019300347e-06,True
25,6,cpu_cholesky,5.369140625153679e-16,0.0,0.0,0.0,1.076928815051604e-17,False,0.0,True,0.0,True
25,6,cpu_banded,5.925267910570462e-16,5.600528700888309e-16,1.46513211810828e-15,5.016779929877448e-16,1.1884754368137444e-17,False,3.133294142246867e-13,True,2.509453273844437e-13,True
25,6,cpu_information_smoother,5.295907527582562e-16,2.8503951746761714e-16,7.316448768799239e-16,2.5052357318246923e-16,1.0622399032692709e-17,False,7.00517036631676e-14,True,3.959160902940407e-14,True
25,6,cpu_pcg,7.49310562651001e-08,6.2135209946247e-08,1.7467436035361693e-07,5.981049862026461e-08,1.5029484093582623e-09,False,1.7559686935818528e-06,True,2.2169193985428365e-06,True
25,6,cpu_identity_corrected,7.525830834955645e-08,6.40939111550466e-08,1.8252309490727033e-07,6.2497995092224e-08,1.5095123511771155e-09,False,2.5539715552437743e-06,True,2.0107747202616426e-06,True
25,6,cpu_reference_eigen_corrected,1.803558962530318e-08,1.6067727827392756e-08,4.44677189367775e-08,1.522625551185751e-08,3.617533527065982e-10,False,1.973864078375508e-06,True,3.7544456678453263e-07,True
25,6,cpu_rjd_corrected,1.891166810936306e-08,1.8545754473354225e-08,5.507858267009522e-08,1.8859536603579418e-08,3.793255146504403e-10,False,5.266554733358785e-06,True,2.2386472235244387e-06,True
25,6,gpu_cholesky,5.306486635918505e-16,3.589724806915135e-16,9.212866461496654e-16,3.154590837879761e-16,1.0643618343938082e-17,False,1.203258739998781e-13,True,7.436784765855072e-14,True
25,6,gpu_pcg,7.493105627324725e-08,6.213520997119809e-08,1.7467436043865788e-07,5.981049864938359e-08,1.5029484095216756e-09,False,1.7559688586655577e-06,True,2.216919500662222e-06,True
25,6,gpu_rjd_corrected,1.891166816713883e-08,1.854575453805443e-08,5.507858289271619e-08,1.8859536679807384e-08,3.7932551580929226e-10,False,5.266554745000693e-06,True,2.2386472546908957e-06,True
25,7,cpu_cholesky,5.573109729537807e-16,0.0,0.0,0.0,9.55857871418085e-18,False,0.0,True,0.0,True
25,7,cpu_banded,7.383254295756011e-16,5.555243802116367e-16,1.3938310567167883e-15,4.704580231507061e-16,1.2663202552563157e-17,False,5.2936829210686455e-14,True,4.8071126820660295e-14,True
25,7,cpu_information_smoother,5.715686417283331e-16,4.1593907864499027e-16,1.1100498291293299e-15,3.7467370646848465e-16,9.803115527335576e-18,False,1.2604664045638143e-13,True,1.0094603370993141e-13,True
25,7,cpu_pcg,8.332176002996102e-08,6.575832315768342e-08,1.8751438820341332e-07,6.329149286879236e-08,1.4290721706285483e-09,False,6.196025118879426e-06,True,8.613772593032868e-06,True
25,7,cpu_identity_corrected,8.479272456220933e-08,6.605589780186827e-08,1.8746907703978557e-07,6.327619904938416e-08,1.454301047783244e-09,False,5.216562009366932e-06,True,9.56510594109049e-06,True
25,7,cpu_reference_eigen_corrected,7.273021950220665e-08,6.113086504191174e-08,1.6192208835744239e-07,5.465335646381338e-08,1.247414040019495e-09,False,1.173840758899682e-05,True,1.4401236028936997e-05,True
25,7,cpu_rjd_corrected,3.327719026438898e-08,3.0659917340279235e-08,8.803308486931362e-08,2.971369512818288e-08,5.707453411010853e-10,False,7.2441962677890046e-06,True,7.673546360184695e-06,True
25,7,gpu_cholesky,5.011006992825634e-16,3.850631079992189e-16,9.935501351806534e-16,3.3535171299686616e-16,8.594502369901628e-18,False,1.1149883915648263e-13,True,8.658466852229444e-14,True
25,7,gpu_pcg,8.332176003894107e-08,6.575832317707506e-08,1.8751438825424316e-07,6.329149288594889e-08,1.4290721707825675e-09,False,6.196025023852602e-06,True,8.613772698443621e-06,True
25,7,gpu_rjd_corrected,3.3277190249745555e-08,3.0659917309564186e-08,8.803308476458216e-08,2.9713695092833e-08,5.707453408499324e-10,False,7.244196139845108e-06,True,7.673546267234185e-06,True
25,8,cpu_cholesky,5.494327809454161e-16,0.0,0.0,0.0,9.215910840574258e-18,False,0.0,True,0.0,True
25,8,cpu_banded,8.059337949732627e-16,6.474531187108214e-16,1.894832509719833e-15,6.317287664640565e-16,1.3518330641100079e-17,False,1.214971194204003e-13,True,1.8904725531377856e-14,True
25,8,cpu_information_smoother,5.593519607425016e-16,3.6727955771300113e-16,9.700959881894673e-16,3.2342570587480325e-16,9.382290204514407e-18,False,6.56944416892792e-14,True,2.6309442114866973e-14,True
25,8,cpu_pcg,6.197545028031474e-08,5.0919229273497606e-08,1.5346811953720478e-07,5.116559133827171e-08,1.039545224729419e-09,False,1.1041747914190073e-05,True,2.3585302156902352e-05,True
25,8,cpu_identity_corrected,6.24095198770195e-08,5.202296274152051e-08,1.5762626192847917e-07,5.255189759497092e-08,1.0468260915786022e-09,False,1.2117390377770534e-05,True,2.52173825239037e-05,True
25,8,cpu_reference_eigen_corrected,9.407587358796074e-08,8.19925536848049e-08,2.2919659317336368e-07,7.641312904462551e-08,1.5779817124432714e-09,False,3.032760876487255e-06,True,7.719266179082087e-06,True
25,8,cpu_rjd_corrected,7.999774089805503e-08,7.960558408375888e-08,2.446722391608608e-07,8.157264087470357e-08,1.3418421069584338e-09,False,8.50182168013189e-06,True,1.1929306069256623e-05,True
25,8,gpu_cholesky,5.19436047835029e-16,3.3400602530474027e-16,8.083278959645459e-16,2.694929404033034e-16,8.712760632867061e-18,False,7.353459778921954e-14,True,5.9062232044882e-14,True
25,8,gpu_pcg,6.197545029601545e-08,5.091922930198448e-08,1.5346811957446197e-07,5.1165591350693096e-08,1.039545224992775e-09,False,1.1041748007153423e-05,True,2.358530220485047e-05,True
25,8,gpu_rjd_corrected,7.999774093307028e-08,7.960558409935019e-08,2.446722391570811e-07,8.157264087344344e-08,1.341842107545762e-09,False,8.501821537216198e-06,True,1.1929305973234719e-05,True
25,9,cpu_cholesky,4.4134813708211346e-16,0.0,0.0,0.0,8.16464247558462e-18,False,0.0,True,0.0,True
25,9,cpu_banded,6.161014270317172e-16,5.302309053224012e-16,1.279112707403699e-15,4.641775495794857e-16,1.1397460321613575e-17,False,1.9814849864325796e-13,True,1.3758169600882777e-13,True
25,9,cpu_information_smoother,4.499101443033088e-16,2.509765132612179e-16,5.72342807322459e-16,2.0769763312071876e-16,8.323033826903338e-18,False,1.5165957999349687e-14,True,4.648548586242791e-14,True
25,9,cpu_pcg,6.077652035266629e-08,4.988462957195854e-08,1.3100474479060713e-07,4.7540346576353675e-08,1.1243245813953681e-09,False,1.7048440508654446e-06,True,1.4899385331935438e-05,True
25,9,cpu_identity_corrected,6.204128696206206e-08,5.015664539056756e-08,1.308493883295456e-07,4.7483969229002276e-08,1.1477219097850636e-09,False,5.0971135576569e-07,True,1.365859851875809e-05,True
25,9,cpu_reference_eigen_corrected,1.969993183967061e-08,1.655719592998225e-08,4.028774685899363e-08,1.4620031140996393e-08,3.6443543587716907e-10,False,1.6395759764106907e-06,True,4.189502803460861e-06,True
25,9,cpu_rjd_corrected,5.3026179274734774e-08,4.6600945933155804e-08,1.192257575781688e-07,4.3265866783329375e-08,9.809485077703158e-10,False,1.5587660695340745e-05,True,2.1571991899931173e-05,True
25,9,gpu_cholesky,4.560729564353227e-16,2.665871912144256e-16,5.823522073308693e-16,2.1132994694402162e-16,8.437041689346691e-18,False,7.80238380653367e-15,True,9.794342240374367e-15,True
25,9,gpu_pcg,6.077652035758818e-08,4.988462957757734e-08,1.3100474479866813e-07,4.754034657927893e-08,1.1243245814864198e-09,False,1.7048440476237732e-06,True,1.489938530378293e-05,True
25,9,gpu_rjd_corrected,5.302617935141918e-08,4.660094601437664e-08,1.1922575778862492e-07,4.326586685970184e-08,9.809485091889254e-10,False,1.5587660754209446e-05,True,2.157199193358076e-05,True
25,10,cpu_cholesky,5.635223859614662e-16,0.0,0.0,0.0,1.0542078142562293e-17,False,0.0,True,0.0,True
25,10,cpu_banded,6.615262906664064e-16,6.245557641039197e-16,1.7011416652436959e-15,6.113419690211935e-16,1.2375483251949301e-17,False,6.333904233991067e-14,True,7.469640488824732e-14,True
25,10,cpu_information_smoother,5.786083447351386e-16,4.0339433510846353e-16,9.66903302337948e-16,3.474775680247046e-16,1.0824298264086273e-17,False,2.4181843018748118e-15,True,3.9311560287092353e-14,True
25,10,cpu_pcg,8.887991289626381e-08,7.197131991974976e-08,1.9661612220017822e-07,7.065824660167232e-08,1.662718305379628e-09,False,7.702127900969999e-06,True,9.079768846089146e-06,True
25,10,cpu_identity_corrected,9.136427744109035e-08,7.606191867644463e-08,2.1019536799616153e-07,7.553824162639588e-08,1.7091944785568826e-09,False,1.382016726037645e-05,True,1.573969015962226e-05,True
25,10,cpu_reference_eigen_corrected,9.716806825269573e-08,8.472701946904145e-08,2.2373309167846682e-07,8.040331478349815e-08,1.817768747728544e-09,False,3.1846558501558294e-06,True,2.3540366941215817e-05,True
25,10,cpu_rjd_corrected,3.260624323340918e-08,3.3899239140483734e-08,1.0199719425746775e-07,3.6654892914556215e-08,6.099803159493559e-10,False,4.661071543525418e-06,True,1.1836695572146642e-06,True
25,10,gpu_cholesky,4.648090652513017e-16,3.4717240652265827e-16,7.946926155420225e-16,2.8558994131888795e-16,8.695401654523847e-18,False,4.582728951637328e-14,True,2.2181078288803298e-14,True
25,10,gpu_pcg,8.887991288295052e-08,7.19713199189281e-08,1.9661612217351304e-07,7.065824659208961e-08,1.6627183051305705e-09,False,7.702127892793949e-06,True,9.079768842961209e-06,True
25,10,gpu_rjd_corrected,3.2606243201108414e-08,3.389923911279304e-08,1.019971941786935e-07,3.665489288624699e-08,6.099803153450901e-10,False,4.661071591771847e-06,True,1.1836696391958703e-06,True
25,11,cpu_cholesky,4.704906686847697e-16,0.0,0.0,0.0,8.922236205710836e-18,False,0.0,True,0.0,True
25,11,cpu_banded,6.941512576029639e-16,4.78918734986037e-16,1.1415119745678828e-15,4.106514634146728e-16,1.3163664861065413e-17,False,2.107794635827723e-13,True,1.6010306603486915e-13,True
25,11,cpu_information_smoother,5.407715985409883e-16,2.559771230775717e-16,5.860948649439289e-16,2.1084379257620894e-16,1.0255021526803592e-17,False,3.175101417668047e-14,True,2.2000624013670047e-14,True
25,11,cpu_pcg,6.616286849119085e-08,5.6075874386919977e-08,1.512035425330091e-07,5.4394485032158946e-08,1.2546917090488253e-09,False,2.7491387164010925e-06,True,7.396778689481185e-06,True
25,11,cpu_identity_corrected,6.604285546207827e-08,5.6707577739734905e-08,1.5367065375971755e-07,5.528201215252762e-08,1.2524158204894356e-09,False,1.0908177886017974e-06,True,5.624400995170137e-06,True
25,11,cpu_reference_eigen_corrected,2.121089984475722e-08,1.8090180233370262e-08,4.490466579835951e-08,1.6154159689147043e-08,4.0223679511366e-10,False,2.466468471923584e-06,True,3.9798483941870956e-07,True
25,11,cpu_rjd_corrected,8.17832227921692e-08,6.859143979472775e-08,1.7571191021480453e-07,6.321120993620038e-08,1.550911170086758e-09,False,2.2974887211575583e-05,True,1.8918272325487895e-05,True
25,11,gpu_cholesky,4.75408089574392e-16,2.604420577847451e-16,5.696213443924522e-16,2.049175513516117e-16,9.015488619882523e-18,False,1.0603381291342277e-13,True,6.574384782271225e-14,True
25,11,gpu_pcg,6.616286848906001e-08,5.607587437472921e-08,1.512035424800669e-07,5.439448501311334e-08,1.2546917090084165e-09,False,2.749138677835298e-06,True,7.396778688045578e-06,True
25,11,gpu_rjd_corrected,8.178322280925733e-08,6.859143981972225e-08,1.7571191031481543e-07,6.321120997217865e-08,1.5509111704108116e-09,False,2.297488729965047e-05,True,1.8918272406522274e-05,True
25,12,cpu_cholesky,5.739467502382336e-16,0.0,0.0,0.0,9.224311630087387e-18,False,0.0,True,0.0,True
25,12,cpu_banded,6.894424440494023e-16,4.581317008994541e-16,1.1021320468411198e-15,3.728923237554603e-16,1.1080526115499424e-17,False,3.411128593714246e-15,True,2.2750110757349162e-14,True
25,12,cpu_information_smoother,5.7522927796389095e-16,2.7447126771412374e-16,6.96549539771778e-16,2.356686544418555e-16,9.24492405695587e-18,False,1.2944656921268394e-13,True,9.882805277872641e-14,True
25,12,cpu_pcg,5.783793638911747e-08,4.4441756776865866e-08,1.2380488398506908e-07,4.18878037470974e-08,9.295551352813856e-10,False,3.607538608107779e-06,True,9.634394912948456e-06,True
25,12,cpu_identity_corrected,5.915177469565864e-08,4.463771745561766e-08,1.2348976912938932e-07,4.1781188653995736e-08,9.506707768846192e-10,False,4.5019743362082595e-06,True,1.1189626736593092e-05,True
25,12,cpu_reference_eigen_corrected,3.286551382725586e-08,2.679811496092483e-08,7.121374155355569e-08,2.4094261343127668e-08,5.282053448484837e-10,False,5.5489599319805145e-06,True,8.424632544436584e-07,True
25,12,cpu_rjd_corrected,5.964593801862458e-08,5.465892098324108e-08,1.5649705031853643e-07,5.2948781338327934e-08,9.586128255287784e-10,False,1.2168518123113892e-05,True,5.481410104933009e-06,True
25,12,gpu_cholesky,6.35832940306027e-16,3.9033716927776773e-16,9.512664193846098e-16,3.218488625310782e-16,1.0218929166552564e-17,False,7.854708478043574e-14,True,3.64537916566471e-14,True
25,12,gpu_pcg,5.7837936391050334e-08,4.4441756757909884e-08,1.2380488389696473e-07,4.1887803717288415e-08,9.2955513531245e-10,False,3.607538748418984e-06,True,9.634394980536359e-06,True
25,12,gpu_rjd_corrected,5.964593810016398e-08,5.465892103809013e-08,1.5649705044376495e-07,5.294878138069741e-08,9.586128268392565e-10,False,1.2168518253606658e-05,True,5.481410197593439e-06,True
25,13,cpu_cholesky,3.9710252702975797e-16,0.0,0.0,0.0,8.628439092549371e-18,False,0.0,True,0.0,True
25,13,cpu_banded,5.562935829127296e-16,4.195614994352713e-16,9.859917444705974e-16,3.503329849368193e-16,1.2087420681104993e-17,False,1.54929025118262e-13,True,6.499904008929284e-14,True
25,13,cpu_information_smoother,4.098385689513892e-16,2.9104742368511337e-16,7.145687393451749e-16,2.538936059061499e-16,8.905174077901694e-18,False,4.167046548595995e-14,True,1.9512974860677323e-15,True
25,13,cpu_pcg,6.704044644503409e-08,5.3308751151389776e-08,1.4047513071937072e-07,4.9912255483164013e-08,1.4566878052194691e-09,False,6.417170017291741e-07,True,3.6263246020472462e-06,True
25,13,cpu_identity_corrected,6.928118711972448e-08,5.410880109817286e-08,1.4133351360047647e-07,5.0217247729440794e-08,1.5053757202062935e-09,False,3.2367793312372583e-06,True,6.42179904112663e-06,True
25,13,cpu_reference_eigen_corrected,6.130846580934882e-08,5.294621874876329e-08,1.376348261290491e-07,4.890306611536521e-08,1.3321405181947566e-09,False,2.0636817705526204e-06,True,8.511482280982254e-06,True
25,13,cpu_rjd_corrected,6.477932275150158e-08,5.91337358171608e-08,1.612550505586996e-07,5.7295574243067694e-08,1.407556997568105e-09,False,1.901696590248803e-05,True,3.621963838725791e-06,True
25,13,gpu_cholesky,3.850170362367961e-16,2.872940021616812e-16,6.75377719581499e-16,2.399686344106752e-16,8.36583960220963e-18,False,1.2526504559140427e-14,True,4.5172528356051414e-14,True
25,13,gpu_pcg,6.7040446435962e-08,5.330875113806366e-08,1.404751306532347e-07,4.991225545966521e-08,1.4566878050223464e-09,False,6.41716895316271e-07,True,3.6263245497076278e-06,True
25,13,gpu_rjd_corrected,6.477932274327726e-08,5.9133735802966015e-08,1.6125505050423662e-07,5.729557422371644e-08,1.4075569973894028e-09,False,1.9016966007140116e-05,True,3.621963873290544e-06,True
25,14,cpu_cholesky,4.4207770438802863e-16,0.0,0.0,0.0,1.0464888049956309e-17,False,0.0,True,0.0,True
25,14,cpu_banded,5.129038448808552e-16,4.276268949047803e-16,1.0742355731307423e-15,3.749454781178773e-16,1.2141488393992973e-17,False,1.0048983328763162e-13,True,4.215831106497439e-14,True
25,14,cpu_information_smoother,4.1943160016175164e-16,2.721089092544053e-16,6.44229949875408e-16,2.248585995620278e-16,9.92880820891638e-18,False,1.418642779959022e-14,True,1.3808540737019758e-14,True
25,14,cpu_pcg,6.817342003788833e-08,5.772076025877336e-08,1.598509390571927e-07,5.579352264207342e-08,1.613804996063364e-09,False,5.152661035954611e-06,True,3.5330817997326533e-06,True
25,14,cpu_identity_corrected,6.893854400584816e-08,5.8016611215388244e-08,1.60195913588584e-07,5.591393072000928e-08,1.6319170524783565e-09,False,6.478016998630896e-06,True,5.0826584176094265e-06,True
25,14,cpu_reference_eigen_corrected,7.627692056614e-08,7.283469270540176e-08,2.104650145359839e-07,7.345959068577242e-08,1.8056314782675292e-09,False,1.4030239187516969e-05,True,4.053664976183992e-06,True
25,14,cpu_rjd_corrected,9.74449242202481e-08,9.5706360248965e-08,2.793056037595672e-07,9.748734426791094e-08,2.3067216635781828e-09,False,5.665862752411913e-06,True,1.5669202914670545e-05,True
25,14,gpu_cholesky,4.0503537362231893e-16,2.628888556841447e-16,6.771532311184316e-16,2.3634996675898094e-16,9.588019932146066e-18,False,2.4963907749046308e-14,True,1.2718322699552863e-14,True
25,14,gpu_pcg,6.817342001060621e-08,5.7720760252973524e-08,1.598509391010031e-07,5.5793522657364764e-08,1.6138049954175407e-09,False,5.15266111729019e-06,True,3.5330818544417803e-06,True
25,14,gpu_rjd_corrected,9.744492418607685e-08,9.570636022697944e-08,2.793056036464783e-07,9.748734422843901e-08,2.3067216627692795e-09,False,5.665862695253233e-06,True,1.5669202867985257e-05,True
25,15,cpu_cholesky,3.999890044974565e-16,0.0,0.0,0.0,1.0252700668838842e-17,False,0.0,True,0.0,True
25,15,cpu_banded,4.5994838623768835e-16,4.3141069581116946e-16,1.1226160667554074e-15,4.0050914381088737e-16,1.1789606899657864e-17,False,2.0788037807094973e-13,True,1.2145586337454027e-13,True
25,15,cpu_information_smoother,3.846424121231239e-16,2.3461649772713134e-16,5.711454175318182e-16,2.0376419769967489e-16,9.859329810811377e-18,False,6.029064699276088e-15,True,6.149513173109168e-15,True
25,15,cpu_pcg,7.958863669945601e-08,6.704904011040421e-08,1.8147848394937307e-07,6.474501334791374e-08,2.0400522498473894e-09,False,5.250409863135333e-07,True,3.049309125816633e-06,True
25,15,cpu_identity_corrected,8.11750481083625e-08,6.758919431791729e-08,1.819349743128217e-07,6.490787273505145e-08,2.0807158726142128e-09,False,3.027654786574623e-06,True,7.334002425887348e-07,True
25,15,cpu_reference_eigen_corrected,6.651971612849723e-08,6.240951247076788e-08,1.6611274942271101e-07,5.926307044548808e-08,1.705063687624473e-09,False,1.0380169866614972e-06,True,7.351201245983894e-06,True
25,15,cpu_rjd_corrected,8.264572518377651e-08,8.167586902984262e-08,2.3305201162390832e-07,8.314459805360423e-08,2.1184129377659653e-09,False,2.0505054089010666e-05,True,3.856854331399736e-05,True
25,15,gpu_cholesky,3.5002770146970147e-16,2.7466512066428135e-16,6.954446380177649e-16,2.4810970089300643e-16,8.972069753465813e-18,False,9.805737085840781e-14,True,6.844068597711916e-14,True
25,15,gpu_pcg,7.958863670232603e-08,6.704904012113097e-08,1.814784839961677e-07,6.474501336460839e-08,2.0400522499209547e-09,False,5.250411568751111e-07,True,3.0493090267500478e-06,True
25,15,gpu_rjd_corrected,8.26457251373427e-08,8.16758690299426e-08,2.3305201164944507e-07,8.314459806271483e-08,2.118412936575753e-09,False,2.050505416764826e-05,True,3.856854335507562e-05,True
26,0,cpu_cholesky,4.2210148702044157e-16,0.0,0.0,0.0,1.2924261355322162e-17,False,0.0,True,0.0,True
26,0,cpu_banded,5.715874280011697e-16,5.494341514198875e-16,1.3931379662271323e-15,5.088894686259363e-16,1.750134868997927e-17,False,1.0523260542919116e-14,True,3.23669063527984e-14,True
26,0,cpu_information_smoother,4.491020281650361e-16,1.8174078801786083e-16,4.4376600044951877e-16,1.6210012908814406e-16,1.3750986825898314e-17,False,2.606326708828262e-14,True,2.060329023773182e-14,True
26,0,cpu_pcg,9.979981992293832e-08,8.557133042518653e-08,2.1828207871724096e-07,7.973470951323655e-08,3.055755535145194e-09,False,4.711577968931103e-06,True,1.740578854462417e-05,True
26,0,cpu_identity_corrected,3.675748707196513e-08,3.460242602703997e-08,9.430011268734838e-08,3.44462181063026e-08,1.125471915453239e-09,False,3.2858401087764753e-06,True,4.587034701579287e-06,True
26,0,cpu_reference_eigen_corrected,2.1397257587852117e-08,2.1116005499561666e-08,5.661134304531701e-08,2.067915524443834e-08,6.551593831203698e-10,False,1.658108243254742e-06,True,3.86478744373382e-06,True
26,0,cpu_rjd_corrected,2.3864972947092923e-08,2.173501873772977e-08,5.655456990383487e-08,2.0658416986992588e-08,7.307179823438431e-10,False,7.531536183615657e-07,True,2.9254204337826647e-06,True
26,0,gpu_cholesky,3.9044972010477386e-16,2.317003608492159e-16,5.781551798344044e-16,2.1119019751220718e-16,1.1955120708925864e-17,False,2.303184577109664e-14,True,3.634007423238846e-14,True
26,0,gpu_pcg,9.979981989735949e-08,8.55713304161221e-08,2.1828207870595467e-07,7.973470950911386e-08,3.055755534361999e-09,False,4.711577981927077e-06,True,1.7405788538858365e-05,True
26,0,gpu_rjd_corrected,2.3864972969355328e-08,2.173501877152541e-08,5.655457003304341e-08,2.0658417034190256e-08,7.307179830254921e-10,False,7.531536666061884e-07,True,2.92542047469386e-06,True
26,1,cpu_cholesky,5.753787203302451e-14,0.0,0.0,0.0,6.230862673465051e-18,False,0.0,True,0.0,True
26,1,cpu_banded,6.303635395043013e-14,2.279882050215231e-14,4.0781945041137097e-14,1.6224998295199136e-14,6.826301547537685e-18,False,3.233520502891127e-12,True,3.280288964378819e-12,True
26,1,cpu_information_smoother,6.35880460985064e-14,9.526331088458304e-14,3.045644302749896e-13,1.211702226807822e-13,6.886045119749946e-18,False,3.468685324647448e-11,True,3.1770110048673604e-11,True
26,1,cpu_pcg,8.402077222478302e-08,6.445868781060829e-08,3.301073048422335e-08,1.3133239360936284e-08,9.09873575900696e-12,False,3.395317230236149e-06,True,1.6727416822375064e-06,True
26,1,cpu_identity_corrected,8.083418794376339e-08,6.456222049177892e-08,3.3070960659891016e-08,1.315720179079444e-08,8.75365575583978e-12,False,3.4073646656357823e-06,True,1.6861614608551094e-06,True
26,1,cpu_reference_eigen_corrected,9.862303539879094e-08,2.7883415260219648e-08,1.1013269444353667e-08,4.38160263761232e-09,1.0680036784468568e-11,False,3.100444759142792e-07,True,1.0580536854865915e-06,True
26,1,cpu_rjd_corrected,9.089063980864165e-08,5.1918929206349723e-08,2.3930916299038402e-08,9.520857226470951e-09,9.842684049495843e-12,False,9.550509895841956e-07,True,5.614870241275245e-07,True
26,1,gpu_cholesky,5.927852438175328e-14,3.1294549960488664e-14,8.083526732375798e-14,3.21601157864581e-14,6.419360533464757e-18,False,9.878980071595164e-12,True,9.01310986186278e-12,True
26,1,gpu_pcg,9.562552740112417e-08,6.530304826871478e-08,3.338082750661317e-08,1.3280481567046759e-08,1.0355432146198008e-11,False,3.4539520164602776e-06,True,1.7358420290038615e-06,True
26,1,gpu_rjd_corrected,9.075607907070873e-08,5.184366938479415e-08,2.3837030194061703e-08,9.483504866458372e-09,9.82811226554211e-12,False,9.57858507348321e-07,True,5.45548656693248e-07,True
26,2,cpu_cholesky,5.618770459338916e-16,0.0,0.0,0.0,1.0584070082863857e-17,False,0.0,True,0.0,True
26,2,cpu_banded,7.148581514932821e-16,5.554682452499002e-16,1.1948075741296855e-15,4.408226634413852e-16,1.34657730360489e-17,False,4.8905399529302e-14,True,7.951907626220567e-14,True
26,2,cpu_information_smoother,5.659170342618582e-16,3.099402666354474e-16,7.043650780989587e-16,2.598745576155682e-16,1.0660171286688761e-17,False,1.0235693249333857e-16,True,2.1862788218278864e-14,True
26,2,cpu_pcg,8.921717114144158e-08,7.10520087928025e-08,1.8082783800282544e-07,6.671619003655624e-08,1.6805826083634451e-09,False,9.694855026422191e-06,True,1.4142430095830947e-05,True
26,2,cpu_identity_corrected,9.109539318666692e-08,7.14046709461539e-08,1.8040062426159224e-07,6.655857009561607e-08,1.7159626504107991e-09,False,9.033598537588512e-06,True,1.2733467185407027e-05,True
26,2,cpu_reference_eigen_corrected,1.594610969550387e-08,1.3865800849974265e-08,3.3769858353337635e-08,1.2459344270729246e-08,3.003766459280663e-10,False,2.063258531112585e-06,True,4.399302698520515e-06,True
26,2,cpu_rjd_corrected,2.061482683241987e-08,1.7563215602713836e-08,4.397394643208696e-08,1.6224128979381023e-08,3.883212047029733e-10,False,6.678230794160847e-06,True,4.843300249109214e-06,True
26,2,gpu_cholesky,5.270211284320976e-16,3.716205577080555e-16,7.688959840047059e-16,2.836831494186273e-16,9.927489650701274e-18,False,2.3931532450292748e-14,True,4.70774280248004e-14,True
26,2,gpu_pcg,8.921717114004639e-08,7.105200878729486e-08,1.8082783798123587e-07,6.671619002859079e-08,1.680582608337164e-09,False,9.694855088817874e-06,True,1.4142430175837386e-05,True
26,2,gpu_rjd_corrected,2.0614826829563558e-08,1.7563215613705833e-08,4.397394646187655e-08,1.622412899037185e-08,3.8832120464916897e-10,False,6.678230879468006e-06,True,4.8433003117146974e-06,True
26,3,cpu_cholesky,4.973438554388316e-16,0.0,0.0,0.0,1.0362983092579765e-17,False,0.0,True,0.0,True
26,3,cpu_banded,5.61648864591742e-16,4.589451521251166e-16,1.1422320236295325e-15,4.201085504477789e-16,1.1702884481392152e-17,False,5.324960711827765e-15,True,3.026642535730593e-14,True
26,3,cpu_information_smoother,4.956106662546015e-16,3.070699714074001e-16,7.293759778753622e-16,2.6826168279101926e-16,1.0326869224848212e-17,False,3.56549600237303e-15,True,3.944789856270998e-15,True
26,3,cpu_pcg,6.816206626324614e-08,5.537921808833179e-08,1.407818063806327e-07,5.1779007578559994e-08,1.4202695614408661e-09,False,4.766853036411592e-06,True,6.503538085399293e-06,True
26,3,cpu_identity_corrected,7.053224139253988e-08,5.629688223938979e-08,1.4166903832043894e-07,5.2105328077751193e-08,1.469656085851027e-09,False,6.980946311320562e-06,True,9.566918871686184e-06,True
26,3,cpu_reference_eigen_corrected,1.0333028793836649e-08,8.379090974856215e-09,1.9481535235748237e-08,7.16523382209253e-09,2.1530577178699755e-10,False,6.80868293139024e-07,True,5.31354111412144e-07,True
26,3,cpu_rjd_corrected,7.288803474369881e-08,6.728105727530354e-08,1.725413826751273e-07,6.346005773640709e-08,1.5187429453057637e-09,False,1.6140770106853343e-05,True,1.4701777926659973e-05,True
26,3,gpu_cholesky,4.107152924648427e-16,2.6379003347259015e-16,5.676070633725026e-16,2.087636974663239e-16,8.55793348029127e-18,False,2.010116945360697e-14,True,1.8610036197259616e-14,True
26,3,gpu_pcg,6.816206627559686e-08,5.537921809054889e-08,1.4078180636557847e-07,5.17790075730231e-08,1.4202695616982144e-09,False,4.7668529809643175e-06,True,6.503538039691007e-06,True
26,3,gpu_rjd_corrected,7.288803468995611e-08,6.7281057216864e-08,1.7254138253899758e-07,6.34600576863391e-08,1.5187429441859458e-09,False,1.6140770148190326e-05,True,1.4701777935340417e-05,True
26,4,cpu_cholesky,4.803699337086104e-16,0.0,0.0,0.0,1.1400485490696616e-17,False,0.0,True,0.0,True
26,4,cpu_banded,5.661519563421535e-16,3.546275668145941e-16,8.550218679051157e-16,3.165575210260054e-16,1.343632627874548e-17,False,5.907760704290115e-15,True,8.84838958903747e-15,True
26,4,cpu_information_smoother,4.568908093367526e-16,2.2188636758650792e-16,5.299858720660528e-16,1.9621838942095147e-16,1.0843261988657054e-17,False,8.42730576332179e-15,True,1.2226208733289985e-14,True
26,4,cpu_pcg,5.4303158649106074e-08,4.6680850010540615e-08,1.217724664737039e-07,4.508421546057562e-08,1.2887616995635536e-09,False,4.586648072970202e-06,True,2.162020844138168e-06,True
26,4,cpu_identity_corrected,5.390086789651676e-08,4.7091620261275313e-08,1.2383386501382044e-07,4.584741373210607e-08,1.279214245091561e-09,False,3.155825618328425e-06,True,4.255376593439606e-06,True
26,4,cpu_reference_eigen_corrected,9.603118274611701e-08,9.037356748424781e-08,2.3254874333340002e-07,8.609727595353527e-08,2.2790811856487873e-09,False,7.29113471288176e-06,True,6.635499485335941e-06,True
26,4,cpu_rjd_corrected,9.620532590832042e-08,9.283736564618434e-08,2.466084838019802e-07,9.130265929642848e-08,2.2832141153392903e-09,False,3.5407772407960853e-06,True,1.965639346066904e-06,True
26,4,gpu_cholesky,4.567729539636091e-16,3.256834781494496e-16,7.855751309895358e-16,2.908460302366485e-16,1.0840464959998015e-17,False,4.8388761140301574e-14,True,1.8331681500463736e-14,True
26,4,gpu_pcg,5.430315865420737e-08,4.6680850008739664e-08,1.2177246643797822e-07,4.508421544734879e-08,1.2887616996846216e-09,False,4.586648087308427e-06,True,2.1620208317219657e-06,True
26,4,gpu_rjd_corrected,9.620532588929753e-08,9.283736563112087e-08,2.466084837529418e-07,9.130265927827285e-08,2.2832141148878255e-09,False,3.5407772410623077e-06,True,1.9656393161723748e-06,True
26,5,cpu_cholesky,4.0896527877693435e-16,0.0,0.0,0.0,1.0506873165831828e-17,False,0.0,True,0.0,True
26,5,cpu_banded,4.050821060223294e-16,3.765908990283476e-16,8.810973015726113e-16,3.2152493223119047e-16,1.0407109186513911e-17,False,1.6394114125717813e-14,True,2.688637939474552e-14,True
26,5,cpu_information_smoother,4.739306140689338e-16,2.173419083187805e-16,5.405710428923457e-16,1.9726205905055985e-16,1.2175920817334496e-17,False,6.715527444284443e-15,True,3.61132405617866e-14,True
26,5,cpu_pcg,6.44738393133414e-08,5.578675414484862e-08,1.4540729009569883e-07,5.306118746532987e-08,1.6564204522695856e-09,False,8.554465543127604e-06,True,1.579239399447697e-05,True
26,5,cpu_identity_corrected,6.958354986267647e-08,5.76947680361388e-08,1.4642136078938335e-07,5.3431236278874765e-08,1.787695854004782e-09,False,6.2882019085483276e-06,True,1.1735452773067964e-05,True
26,5,cpu_reference_eigen_corrected,6.785052340562189e-09,6.7085763385756726e-09,1.8436570984648008e-08,6.727766871870247e-09,1.7431720479315654e-10,False,7.612700897225247e-07,True,1.1141899175803004e-06,True
26,5,cpu_rjd_corrected,2.6397620009419037e-08,2.4366617280051088e-08,6.416675438150659e-08,2.3415360956373476e-08,6.78190688802963e-10,False,8.350634398215667e-07,True,2.0461346374807665e-06,True
26,5,gpu_cholesky,3.802836170012848e-16,2.820069343284828e-16,6.764882778464183e-16,2.4686019047107425e-16,9.770002340603635e-18,False,4.54825647929593e-14,True,4.0791752773148717e-14,True
26,5,gpu_pcg,6.447383936608498e-08,5.5786754190646976e-08,1.4540729024879633e-07,5.3061187521197323e-08,1.6564204536246394e-09,False,8.554465590070122e-06,True,1.5792394008927522e-05,True
26,5,gpu_rjd_corrected,2.6397619999308434e-08,2.4366617276858346e-08,6.416675436395415e-08,2.3415360949968342e-08,6.78190688543208e-10,False,8.350634343310393e-07,True,2.0461345804292728e-06,True
26,6,cpu_cholesky,5.179432305148333e-16,0.0,0.0,0.0,1.0356034046857315e-17,False,0.0,True,0.0,True
26,6,cpu_banded,6.391373137126872e-16,4.147616327192587e-16,9.550406803356261e-16,3.544417594484074e-16,1.2779253384287562e-17,False,1.1742529323317041e-14,True,8.908069872585543e-15,True
26,6,cpu_information_smoother,5.401110170063321e-16,2.382953502542402e-16,5.014511365319717e-16,1.8610225382999897e-16,1.0799268629576419e-17,False,7.024133692359144e-15,True,1.3834335699569517e-14,True
26,6,cpu_pcg,6.194736091486913e-08,5.158876953701653e-08,1.3492129808672086e-07,5.007298983757905e-08,1.238608675194458e-09,False,2.5909855858387206e-06,True,3.3235220052444564e-06,True
26,6,cpu_identity_corrected,6.148924490028473e-08,5.267967997910655e-08,1.3954056377579064e-07,5.178732587781785e-08,1.229448858987094e-09,False,4.465522246434479e-06,True,8.986102317988581e-07,True
26,6,cpu_reference_eigen_corrected,9.920402904810062e-08,8.344850168524665e-08,2.0064894055080176e-07,7.446631853974245e-08,1.9835384375777133e-09,False,1.0743754760553507e-06,True,7.561699229142988e-06,True
26,6,cpu_rjd_corrected,2.3396246296494373e-08,2.160178480431595e-08,5.689790457755357e-08,2.1116371085165164e-08,4.677970644234893e-10,False,3.814259675600932e-06,True,3.9029380377790486e-06,True
26,6,gpu_cholesky,5.090836238291708e-16,2.770256546846911e-16,5.87923132756037e-16,2.1819438049616652e-16,1.0178890330957631e-17,False,2.4274535165178567e-14,True,3.6426929262883965e-14,True
26,6,gpu_pcg,6.194736088649313e-08,5.1588769506036715e-08,1.349212980105457e-07,5.007298980930836e-08,1.2386086746270932e-09,False,2.5909855478082893e-06,True,3.3235220379263354e-06,True
26,6,gpu_rjd_corrected,2.3396246350824224e-08,2.160178484820578e-08,5.6897904679322e-08,2.1116371122934214e-08,4.677970655097895e-10,False,3.814259610591483e-06,True,3.902938012571662e-06,True
26,7,cpu_cholesky,5.806962421982868e-16,0.0,0.0,0.0,9.741793713762045e-18,False,0.0,True,0.0,True
26,7,cpu_banded,6.609916284277424e-16,5.045096272127439e-16,1.1589097989049457e-15,4.1376700805090108e-16,1.108883375289339e-17,False,5.500633715608907e-15,True,2.3164865927285882e-14,True
26,7,cpu_information_smoother,6.555723484846511e-16,2.5769278795774373e-16,5.939597939498027e-16,2.120622045627358e-16,1.0997919599423296e-17,False,2.7535889276758842e-14,True,1.6913008724556516e-14,True
26,7,cpu_pcg,7.145667642625447e-08,5.7455984724656595e-08,1.5540481860344486e-07,5.5484375825451474e-08,1.1987613328903726e-09,False,4.825062663302688e-06,True,3.4593905769446586e-06,True
26,7,cpu_identity_corrected,7.330026643033513e-08,5.815407654606086e-08,1.565355399329604e-07,5.58880786691888e-08,1.229689505012602e-09,False,2.8691419992046e-06,True,5.3381553907512786e-06,True
26,7,cpu_reference_eigen_corrected,6.02713289071748e-08,5.0736883925778826e-08,1.2547918901855903e-07,4.479999104496405e-08,1.0111153027752038e-09,False,4.581535106636347e-06,True,2.9847665793998743e-06,True
26,7,cpu_rjd_corrected,2.9199516701969927e-08,2.7443775971850927e-08,7.482640695016877e-08,2.671536521325927e-08,4.898527776479957e-10,False,6.150724867673272e-06,True,6.78902699356559e-06,True
26,7,gpu_cholesky,6.165228404190353e-16,3.350472084863965e-16,7.460508507141138e-16,2.6636346387397084e-16,1.0342822795698467e-17,False,6.295855854463196e-15,True,1.2121214462726728e-14,True
26,7,gpu_pcg,7.145667639315871e-08,5.745598472491197e-08,1.5540481863322212e-07,5.548437583608288e-08,1.1987613323351561e-09,False,4.825062687551104e-06,True,3.4593905923661097e-06,True
26,7,gpu_rjd_corrected,2.919951666280337e-08,2.7443775940352726e-08,7.482640688165365e-08,2.6715365188797234e-08,4.898527769909352e-10,False,6.150724843321768e-06,True,6.7890269795675335e-06,True
26,8,cpu_cholesky,5.767819873045954e-16,0.0,0.0,0.0,9.43687641125955e-18,False,0.0,True,0.0,True
26,8,cpu_banded,6.937527571848703e-16,5.354099481629788e-16,1.3361516900588294e-15,4.453553219344522e-16,1.1350664850195494e-17,False,2.4829504509049526e-14,True,6.004586634279414e-14,True
26,8,cpu_information_smoother,4.385760256190636e-16,2.7852311140290276e-16,6.933419085382612e-16,2.3109914180036656e-16,7.175653612294299e-18,False,1.1515791654244635e-14,True,2.5580072166567333e-14,True
26,8,cpu_pcg,9.612223873934884e-08,7.549492287454217e-08,2.2482039654552858e-07,7.493532420451205e-08,1.572680327528207e-09,False,4.268182485858471e-06,True,2.3603833709835503e-05,True
26,8,cpu_identity_corrected,9.714870144189589e-08,7.561091081185325e-08,2.2441054506782807e-07,7.479871581030452e-08,1.5894745439680345e-09,False,3.0804019184825442e-06,True,2.2487508487041766e-05,True
26,8,cpu_reference_eigen_corrected,8.62515910902152e-08,7.02410189678462e-08,1.9089195620913075e-07,6.362656968122509e-08,1.411184186412808e-09,False,1.0315760310132514e-05,True,6.431998517337063e-06,True
26,8,cpu_rjd_corrected,7.730003065896084e-08,7.593257002695805e-08,2.3257541098266816e-07,7.752016316924558e-08,1.2647254018608592e-09,False,6.738295483078928e-06,True,1.9038595203644018e-05,True
26,8,gpu_cholesky,4.831782125339507e-16,3.1930268073879776e-16,7.737279463725872e-16,2.5789276862066047e-16,7.905401307007604e-18,False,7.825917692874585e-15,True,2.495357764967769e-14,True
26,8,gpu_pcg,9.612223869536521e-08,7.549492287034255e-08,2.248203965202624e-07,7.493532419609054e-08,1.5726803268085794e-09,False,4.268182398784083e-06,True,2.3603833607243005e-05,True
26,8,gpu_rjd_corrected,7.730003063323651e-08,7.59325700303141e-08,2.3257541099624204e-07,7.752016317376993e-08,1.2647254014399771e-09,False,6.738295445470608e-06,True,1.903859517541458e-05,True
26,9,cpu_cholesky,5.646607613624597e-16,0.0,0.0,0.0,1.0232072507285024e-17,False,0.0,True,0.0,True
26,9,cpu_banded,8.774933999484392e-16,5.555768695285744e-16,1.2872530394988771e-15,4.805976720259519e-16,1.5900832335635017e-17,False,1.2334028338470658e-14,True,2.2210221738463405e-14,True
26,9,cpu_information_smoother,5.686513246173349e-16,2.3444976150512293e-16,5.00108574204522e-16,1.8671621596362985e-16,1.03043844782289e-17,False,7.759284829376017e-15,True,2.4316445732360567e-15,True
26,9,cpu_pcg,5.5779229802457166e-08,4.449305099716983e-08,1.1134105366154705e-07,4.156933372749109e-08,1.0107610841965255e-09,False,6.493710742680915e-06,True,1.1281069584570103e-05,True
26,9,cpu_identity_corrected,5.674536544042712e-08,4.4810939788186836e-08,1.1167241667332356e-07,4.1693048558350835e-08,1.0282681798964911e-09,False,5.702009134454941e-06,True,1.0372354876397233e-05,True
26,9,cpu_reference_eigen_corrected,8.8149352401458e-08,6.834562372888206e-08,1.5309539840534515e-07,5.715837509316573e-08,1.5973317406638813e-09,False,9.170991820031803e-06,True,4.727810948296588e-06,True
26,9,cpu_rjd_corrected,4.65464447387701e-08,4.0619662422246e-08,9.910985590445942e-08,3.700279941933847e-08,8.43456160473516e-10,False,1.7100461445038757e-05,True,1.29531336097598e-05,True
26,9,gpu_cholesky,4.716863091606454e-16,2.432421629314585e-16,5.190151389794651e-16,1.9377500762154882e-16,8.547306358564785e-18,False,2.0269695133876814e-14,True,3.3604798783152137e-15,True
26,9,gpu_pcg,5.577922981834456e-08,4.449305103004171e-08,1.1134105378298428e-07,4.156933377282985e-08,1.0107610844844166e-09,False,6.493710725897912e-06,True,1.1281069576727742e-05,True
26,9,gpu_rjd_corrected,4.65464447652671e-08,4.0619662477166654e-08,9.910985606560766e-08,3.700279947950339e-08,8.434561609536611e-10,False,1.7100461449577153e-05,True,1.2953133625005905e-05,True
26,10,cpu_cholesky,5.432747082915223e-16,0.0,0.0,0.0,9.893277012246422e-18,False,0.0,True,0.0,True
26,10,cpu_banded,6.350167591492234e-16,4.869043627123688e-16,1.1569070620676557e-15,4.302952012837763e-16,1.1563941059282825e-17,False,3.419572226712738e-14,True,2.2742616781533636e-14,True
26,10,cpu_information_smoother,5.474220491018815e-16,2.277088599465686e-16,5.133962555915642e-16,1.9095046817614663e-16,9.9688019554747e-18,False,4.981605178074248e-15,True,5.798886609452487e-15,True
26,10,cpu_pcg,9.630643215353779e-08,7.87725488799592e-08,2.0860095196617328e-07,7.758617053806413e-08,1.7537834827414131e-09,False,6.670541585180125e-06,True,7.414140853351608e-06,True
26,10,cpu_identity_corrected,9.570806021834095e-08,7.995129278731636e-08,2.1359466566921842e-07,7.944351164476031e-08,1.742886859612675e-09,False,4.5499961266456316e-06,True,3.725195719985106e-06,True
26,10,cpu_reference_eigen_corrected,9.130594545928942e-08,8.126893345774438e-08,2.041005640721122e-07,7.591231498110251e-08,1.6627223913750586e-09,False,1.137917142402594e-06,True,1.0577659939915936e-06,True
26,10,cpu_rjd_corrected,3.6627224239058075e-08,3.591491198201457e-08,9.845360755745715e-08,3.6618425342944705e-08,6.669982392566135e-10,False,6.552288517791633e-06,True,7.6075477431385565e-06,True
26,10,gpu_cholesky,5.305048833530877e-16,3.4524955596232173e-16,7.722918391243009e-16,2.8724301481217445e-16,9.660732751330755e-18,False,3.898941574275063e-14,True,1.5878213914629136e-14,True
26,10,gpu_pcg,9.630643219287094e-08,7.877254887434709e-08,2.0860095195126012e-07,7.75861705325174e-08,1.7537834834576877e-09,False,6.6705416437936244e-06,True,7.4141408873640925e-06,True
26,10,gpu_rjd_corrected,3.6627224218869786e-08,3.591491197462331e-08,9.845360754028488e-08,3.661842533655772e-08,6.669982388889757e-10,False,6.552288555525259e-06,True,7.607547717375771e-06,True
26,11,cpu_cholesky,4.995203073311568e-16,0.0,0.0,0.0,9.305273213530742e-18,False,0.0,True,0.0,True
26,11,cpu_banded,6.653022770438933e-16,4.870812413724552e-16,1.1493769914055021e-15,4.235954265537088e-16,1.2393529085041482e-17,False,7.495705210695697e-14,True,4.745193801216636e-14,True
26,11,cpu_information_smoother,4.4058681409347014e-16,3.0003669356660147e-16,6.910997017769067e-16,2.547003073441969e-16,8.207435452070359e-18,False,1.3135378864167799e-14,True,2.27140586132216e-14,True
26,11,cpu_pcg,6.61382852543143e-08,5.487056007879152e-08,1.4225440037345973e-07,5.2426935510211996e-08,1.232051640921012e-09,False,5.698495353241587e-06,True,4.405623589506346e-06,True
26,11,cpu_identity_corrected,6.6192998050464e-08,5.5962451804470154e-08,1.46455269923586e-07,5.397513870401895e-08,1.2330708541868605e-09,False,6.88114025615361e-06,True,6.634461962715517e-06,True
26,11,cpu_reference_eigen_corrected,1.6152635060993097e-08,1.3238787620280161e-08,3.139901088346499e-08,1.1571901567545358e-08,3.008980422238875e-10,False,2.839225785186912e-06,True,4.423491719683776e-06,True
26,11,cpu_rjd_corrected,2.1654803493686312e-08,1.8177399390627732e-08,4.521500613074422e-08,1.6663696899970387e-08,4.0339473581724296e-10,False,3.1553802084248384e-06,True,1.1863096928502203e-06,True
26,11,gpu_cholesky,4.898193137959791e-16,3.070077538071243e-16,6.788779260401984e-16,2.501960512601213e-16,9.124559048435391e-18,False,4.8602852087150885e-14,True,3.4178221706070424e-14,True
26,11,gpu_pcg,6.613828525280411e-08,5.4870560068996386e-08,1.4225440035053735e-07,5.24269355017641e-08,1.2320516408928796e-09,False,5.698495311818884e-06,True,4.405623577664187e-06,True
26,11,gpu_rjd_corrected,2.1654803485916135e-08,1.8177399395922303e-08,4.5215006130304955e-08,1.6663696899808498e-08,4.033947356724969e-10,False,3.1553801884729976e-06,True,1.1863096505619865e-06,True
26,12,cpu_cholesky,7.134150126827086e-16,0.0,0.0,0.0,1.1444958124218131e-17,False,0.0,True,0.0,True
26,12,cpu_banded,8.119356041615515e-16,5.828248308430465e-16,1.373978475052729e-15,4.891930916368665e-16,1.3025474406891373e-17,False,1.8487409550551417e-14,True,4.975528242964193e-14,True
26,12,cpu_information_smoother,6.899234571701447e-16,3.345514557323967e-16,7.726303124823272e-16,2.7508830605303534e-16,1.1068094917901477e-17,False,1.1812078971561718e-14,True,1.4183243848684772e-14,True
26,12,cpu_pcg,7.939492772653954e-08,5.933284358598169e-08,1.5375736187257825e-07,5.474397203601637e-08,1.2736928820028117e-09,False,6.807548416974653e-06,True,8.414232620877823e-07,True
26,12,cpu_identity_corrected,8.054162597833214e-08,6.091506176379946e-08,1.5854140648226282e-07,5.6447289530164505e-08,1.2920887847667046e-09,False,5.2899892602525045e-06,True,2.3493148660252175e-06,True
26,12,cpu_reference_eigen_corrected,2.301706423127641e-08,1.7912684840538516e-08,4.460817989159021e-08,1.5882354658156528e-08,3.69251181115359e-10,False,5.532779186108939e-08,True,1.0416663723422412e-06,True
26,12,cpu_rjd_corrected,7.82372998151791e-08,7.253847677176235e-08,2.0005299007168243e-07,7.122712799457062e-08,1.2551216292650115e-09,False,3.0111880810807873e-05,True,1.4684893029650397e-05,True
26,12,gpu_cholesky,6.410123537891925e-16,3.138283255990893e-16,8.116854293014577e-16,2.8899354087868006e-16,1.0283438693890579e-17,False,1.3510665517016068e-14,True,1.8183720530922237e-14,True
26,12,gpu_pcg,7.939492769611761e-08,5.933284356149445e-08,1.5375736179455333e-07,5.474397200823628e-08,1.273692881514768e-09,False,6.8075484366871025e-06,True,8.414232566748978e-07,True
26,12,gpu_rjd_corrected,7.823729988057341e-08,7.253847684108687e-08,2.0005299032937084e-07,7.122712808631834e-08,1.2551216303140994e-09,False,3.0111880891812846e-05,True,1.468489309977447e-05,True
26,13,cpu_cholesky,5.19373043891745e-16,0.0,0.0,0.0,1.092487532857351e-17,False,0.0,True,0.0,True
26,13,cpu_banded,4.869619313985585e-16,4.1315445016768644e-16,9.32728134726295e-16,3.3887274690112226e-16,1.0243116104807871e-17,False,5.6440533153421155e-14,True,1.777559058432572e-15,True
26,13,cpu_information_smoother,4.577864496458746e-16,2.45048647053596e-16,5.366176178678254e-16,1.9496043855883942e-16,9.629417522357798e-18,False,4.614006811745522e-16,True,1.3587898998073748e-14,True
26,13,cpu_pcg,4.953169131892544e-08,3.958096283816153e-08,1.0327665988823497e-07,3.7521807399290085e-08,1.0418860935674753e-09,False,2.4890810395466225e-06,True,2.529002704848219e-06,True
26,13,cpu_identity_corrected,5.103147697867147e-08,3.9985460128461174e-08,1.0323440193808962e-07,3.750645451444506e-08,1.0734336900198316e-09,False,1.3284609817505486e-06,True,5.33405099844083e-07,True
26,13,cpu_reference_eigen_corrected,4.342731350146575e-08,3.662658827259038e-08,8.915338333691167e-08,3.239063000471566e-08,9.134821148673921e-10,False,5.807845495423379e-06,True,7.2001448080600875e-06,True
26,13,cpu_rjd_corrected,6.849901367859126e-08,6.415381340013937e-08,1.7224621190379479e-07,6.257937848983189e-08,1.4408587271066966e-09,False,1.4240819512274393e-05,True,8.761170504171948e-07,True
26,13,gpu_cholesky,4.218118192044628e-16,3.2600319913208664e-16,7.521873765144166e-16,2.732798475502051e-16,8.872700636130934e-18,False,3.3051995763053564e-15,True,8.570794636079283e-15,True
26,13,gpu_pcg,4.9531691323273156e-08,3.958096283040591e-08,1.032766598665516e-07,3.752180739141222e-08,1.0418860936589281e-09,False,2.489080988777176e-06,True,2.5290027269945325e-06,True
26,13,gpu_rjd_corrected,6.849901368532815e-08,6.415381341572987e-08,1.7224621194118454e-07,6.257937850341609e-08,1.4408587272484046e-09,False,1.4240819437168605e-05,True,8.761170285360519e-07,True
26,14,cpu_cholesky,4.70207885631384e-16,0.0,0.0,0.0,1.0755050252807362e-17,False,0.0,True,0.0,True
26,14,cpu_banded,5.480463029155277e-16,4.040588207785682e-16,9.691696076471042e-16,3.399184330055887e-16,1.2535445935380488e-17,False,3.9938359758241405e-14,True,5.901050260421198e-14,True
26,14,cpu_information_smoother,4.613625009761427e-16,2.7454637534018557e-16,6.833399717417148e-16,2.396689398550611e-16,1.0552730046405909e-17,False,4.425389368036388e-15,True,3.3394309072867994e-14,True
26,14,cpu_pcg,5.5751123127124244e-08,4.7931371689168595e-08,1.3472556884169786e-07,4.725251791338851e-08,1.2751936931389733e-09,False,5.978034038482247e-06,True,2.0587541270272167e-06,True
26,14,cpu_identity_corrected,5.885779458263307e-08,4.9091502139231994e-08,1.357997635624257e-07,4.7629271975145714e-08,1.3462524914786295e-09,False,7.951491185285935e-06,True,5.596938397634128e-06,True
26,14,cpu_reference_eigen_corrected,7.78142286166792e-08,7.44568194163153e-08,2.1121201983666414e-07,7.40787352887837e-08,1.7798423907181074e-09,False,7.923200724688683e-06,True,2.257926162081962e-06,True
26,14,cpu_rjd_corrected,9.528464841139686e-08,9.191496526785563e-08,2.616489430280613e-07,9.176855940374463e-08,2.1794427619710076e-09,False,1.671586717510052e-05,True,3.125412139655132e-05,True
26,14,gpu_cholesky,4.524867239556152e-16,3.0332935395065743e-16,7.438252505846516e-16,2.608830400930078e-16,1.0349714676384401e-17,False,1.597699215522284e-14,True,1.1252774505540743e-15,True
26,14,gpu_pcg,5.575112308358989e-08,4.7931371666397914e-08,1.3472556881313178e-07,4.725251790336948e-08,1.2751936921432133e-09,False,5.978034050196413e-06,True,2.0587540823420134e-06,True
26,14,gpu_rjd_corrected,9.528464836752113e-08,9.191496522131885e-08,2.6164894287611047e-07,9.176855935045066e-08,2.1794427609674394e-09,False,1.6715867180075423e-05,True,3.125412138338805e-05,True
26,15,cpu_cholesky,4.1884986544083773e-16,0.0,0.0,0.0,1.0385316523625637e-17,False,0.0,True,0.0,True
26,15,cpu_banded,4.222646876141903e-16,4.0437177234162205e-16,9.696840747228707e-16,3.5547392345451116e-16,1.0469986502222468e-17,False,5.8720934453318475e-15,True,1.889522616331866e-14,True
26,15,cpu_information_smoother,4.4398180724025915e-16,1.861883691829868e-16,4.385008644570112e-16,1.6074887356614246e-16,1.1008459066994069e-17,False,1.955669899944595e-14,True,2.3801256616924012e-14,True
26,15,cpu_pcg,7.078324896092267e-08,5.901316602879687e-08,1.5269584072839884e-07,5.5976364894330944e-08,1.7550595211252974e-09,False,6.784496011705391e-06,True,1.1213999930696294e-05,True
26,15,cpu_identity_corrected,7.543451130243956e-08,6.138720542371878e-08,1.5685381428553978e-07,5.750062543702307e-08,1.87038684066561e-09,False,4.049931730381945e-06,True,7.43585056539588e-06,True
26,15,cpu_reference_eigen_corrected,7.195709963345145e-08,6.603515837007511e-08,1.659172956166916e-07,6.082318311629818e-08,1.7841649417296045e-09,False,9.504414806187394e-06,True,8.131162809464583e-06,True
26,15,cpu_rjd_corrected,6.913530443823737e-08,6.776205515611618e-08,1.8539814594646374e-07,6.796461657846298e-08,1.7141989988203683e-09,False,7.229384701395623e-06,True,1.6210283109317137e-05,True
26,15,gpu_cholesky,3.8083111425620086e-16,2.26674734489091e-16,5.541540028321864e-16,2.031458520560702e-16,9.442647568796543e-18,False,1.4701937412152624e-14,True,9.996243514504356e-15,True
26,15,gpu_pcg,7.078324895594384e-08,5.901316601593421e-08,1.526958406845968e-07,5.5976364878273674e-08,1.7550595210018481e-09,False,6.7844960777412174e-06,True,1.1214000020490098e-05,True
26,15,gpu_rjd_corrected,6.913530435160225e-08,6.776205505569449e-08,1.8539814568651107e-07,6.796461648316761e-08,1.714198996672264e-09,False,7.229384722352251e-06,True,1.6210283136439176e-05,True
27,0,cpu_cholesky,4.0173289688073674e-16,0.0,0.0,0.0,1.1994680070120463e-17,False,0.0,True,0.0,True
27,0,cpu_banded,4.780800083964817e-16,4.927084488622563e-16,1.1056249681716154e-15,4.587266050682571e-16,1.427420256882446e-17,False,4.4090638683413474e-14,True,1.8043427591685273e-14,True
27,0,cpu_information_smoother,3.7526112730525223e-16,1.9260272500976737e-16,4.0528815488404727e-16,1.6815508397190877e-16,1.1204303156969265e-17,False,1.0661035237684119e-14,True,1.8766594298933324e-14,True
27,0,cpu_pcg,3.774847213259064e-08,3.3730175132094984e-08,7.767193874430406e-08,3.2226284495154144e-08,1.1270693792363663e-09,False,1.12034093588169e-06,True,2.362904734067031e-07,True
27,0,cpu_identity_corrected,3.9979222640749066e-08,3.69455983039917e-08,8.672473059368157e-08,3.598231080697125e-08,1.1936736779450018e-09,False,1.3721215303106956e-06,True,2.355128935155109e-06,True
27,0,cpu_reference_eigen_corrected,2.9590752296202565e-08,2.9982405319270776e-08,7.221703519315014e-08,2.996303116872673e-08,8.835014792309101e-10,False,2.3062884344207107e-06,True,8.278281329852434e-06,True
27,0,cpu_rjd_corrected,3.7133654074523926e-08,3.4639704350053626e-08,8.01518184794953e-08,3.325519289054167e-08,1.108712538247956e-09,False,4.281255203882875e-06,True,3.3613357558218165e-06,True
27,0,gpu_cholesky,3.3263579937514583e-16,3.119652829479831e-16,6.566950704211545e-16,2.7246445123026303e-16,9.93162378374537e-18,False,2.002189854618337e-15,True,2.706832977898892e-14,True
27,0,gpu_pcg,3.774847208684778e-08,3.373017509769774e-08,7.767193864778492e-08,3.222628445510811e-08,1.1270693778706057e-09,False,1.1203409456283467e-06,True,2.3629039862224975e-07,True
27,0,gpu_rjd_corrected,3.713365404824602e-08,3.463970431893184e-08,8.015181839443866e-08,3.325519285525146e-08,1.108712537463367e-09,False,4.281255226929096e-06,True,3.361335772701557e-06,True
27,1,cpu_cholesky,5.486710328631989e-14,0.0,0.0,0.0,5.9516135447866584e-18,False,0.0,True,0.0,True
27,1,cpu_banded,6.198766056909322e-14,2.304817408292541e-14,2.6282591846565796e-14,1.47453531147371e-14,6.7240036042623226e-18,False,1.421799744701371e-12,True,1.6166682199820585e-12,True
27,1,cpu_information_smoother,5.951091893786017e-14,1.056664680584737e-13,2.2517450870943747e-13,1.2632991687963768e-13,6.4553433660425e-18,False,2.5407049185586545e-11,True,2.3031147703053767e-11,True
27,1,cpu_pcg,9.893805964558823e-08,6.791753398021335e-08,2.1071512077712313e-08,1.1821774962727433e-08,1.0732133841985003e-11,False,1.5567547932532013e-06,True,8.446767568115192e-07,True
27,1,cpu_identity_corrected,7.39936924804582e-08,2.2840773279140144e-08,4.837981741451124e-09,2.714258531152774e-09,8.026337021834255e-12,False,2.786802266136962e-07,True,1.2302765677614135e-07,True
27,1,cpu_reference_eigen_corrected,8.178544253748508e-08,3.6817068366842406e-08,1.0802421335093634e-08,6.0604950230940935e-09,8.87153356266858e-12,False,2.4591489530071986e-07,True,3.0833896540308887e-07,True
27,1,cpu_rjd_corrected,7.648081365538094e-08,4.3477245144490654e-08,1.0916472245776344e-08,6.124481138348311e-09,8.296123157621178e-12,False,9.977923770998916e-07,True,1.557129063045466e-06,True
27,1,gpu_cholesky,5.793282277878856e-14,2.982737277230321e-14,5.4813034438017806e-14,3.0751820550925836e-14,6.284162131517533e-18,False,6.3529947046445475e-12,True,5.809495193004352e-12,True
27,1,gpu_pcg,9.886316952329777e-08,5.8237242098212986e-08,1.70550685929155e-08,9.568424996542393e-09,1.0724010265665853e-11,False,1.1678939786440608e-06,True,6.838617786562994e-07,True
27,1,gpu_rjd_corrected,6.710334352109705e-08,3.5380719853211216e-08,9.528297553368199e-09,5.345671873874106e-09,7.278918401888569e-12,False,8.176013113219041e-07,True,1.2792321973786186e-06,True
27,2,cpu_cholesky,6.409483035736631e-16,0.0,0.0,0.0,1.1818490237750144e-17,False,0.0,True,0.0,True
27,2,cpu_banded,6.41100439717719e-16,4.853992708786804e-16,9.040575543126312e-16,3.8003465595754233e-16,1.1821295486665398e-17,False,5.979935548328068e-14,True,5.056219634701099e-14,True
27,2,cpu_information_smoother,7.224035852500431e-16,2.8870044492526475e-16,5.696812536364554e-16,2.3947437660182923e-16,1.3320449827841866e-17,False,3.4535007817974555e-14,True,4.87311201583819e-14,True
27,2,cpu_pcg,4.883363370490872e-08,3.86905053100432e-08,8.369735540239367e-08,3.518348529158507e-08,9.004467600406015e-10,False,2.5601436462801074e-06,True,2.815424687250698e-06,True
27,2,cpu_identity_corrected,4.848748375326004e-08,3.944800668057925e-08,8.650159616730677e-08,3.636229151828171e-08,8.940640773119868e-10,False,2.9541775169075897e-06,True,3.057081992711064e-06,True
27,2,cpu_reference_eigen_corrected,1.7610949972380064e-08,1.4982524976141024e-08,3.1254831493945496e-08,1.3138454600762115e-08,3.247295281895727e-10,False,7.941478172385968e-07,True,2.95348044144933e-07,True
27,2,cpu_rjd_corrected,2.255283439063634e-08,1.909933438942425e-08,4.0852403224690815e-08,1.7172943172117303e-08,4.1585327676803655e-10,False,6.841729689960429e-06,True,5.709746475662228e-06,True
27,2,gpu_cholesky,6.70033708022156e-16,3.1473490404724865e-16,5.736379983604798e-16,2.411376557954307e-16,1.235479802828324e-17,False,8.313269402691511e-15,True,3.338897772811286e-14,True
27,2,gpu_pcg,4.88336337092396e-08,3.8690505341464944e-08,8.369735547883947e-08,3.518348532372025e-08,9.004467601204589e-10,False,2.560143816273882e-06,True,2.8154248513596093e-06,True
27,2,gpu_rjd_corrected,2.2552834374501546e-08,1.909933438290635e-08,4.0852403211413634e-08,1.7172943166536034e-08,4.1585327647052605e-10,False,6.841729692787925e-06,True,5.709746478041948e-06,True
27,3,cpu_cholesky,5.228189012670101e-16,0.0,0.0,0.0,1.0642201143112033e-17,False,0.0,True,0.0,True
27,3,cpu_banded,7.263988691586436e-16,5.321067064099671e-16,1.0740762355093046e-15,4.497063104923083e-16,1.478615799272213e-17,False,4.0554245049208696e-14,True,1.1178675752318932e-14,True
27,3,cpu_information_smoother,4.82049602073589e-16,2.9085698460308223e-16,5.943554436756837e-16,2.488514174877629e-16,9.81232471471849e-18,False,3.0780717227495503e-16,True,4.171858695313035e-15,True
27,3,cpu_pcg,8.498328124365475e-08,6.649256879670204e-08,1.4409700757186296e-07,6.033215472586753e-08,1.7298708428163543e-09,False,8.122162042947892e-07,True,7.591884614081905e-07,True
27,3,cpu_identity_corrected,8.756981759127735e-08,6.715130415837168e-08,1.4409117723150866e-07,6.032971361343718e-08,1.7825208899472978e-09,False,6.156134141340962e-07,True,7.040222553125699e-07,True
27,3,cpu_reference_eigen_corrected,1.0023947954549187e-08,7.914564076024395e-09,1.5629734844605135e-08,6.54403305702741e-09,2.0404172472164753e-10,False,1.9897236619874182e-07,True,9.031133966765434e-07,True
27,3,cpu_rjd_corrected,8.884832889920377e-08,8.04092776645893e-08,1.7995513789078082e-07,7.53456397595686e-08,1.8085455373875313e-09,False,1.1567057205270966e-05,True,1.4731746372192324e-05,True
27,3,gpu_cholesky,4.74163238076376e-16,2.8645130260303826e-16,5.668851376721536e-16,2.3734984101439045e-16,9.651794420685999e-18,False,4.155395317044351e-14,True,8.034279406999816e-15,True
27,3,gpu_pcg,8.498328120052775e-08,6.649256876429749e-08,1.4409700751847773e-07,6.03321547035156e-08,1.729870841938486e-09,False,8.122161076973693e-07,True,7.591883510820945e-07,True
27,3,gpu_rjd_corrected,8.88483288939554e-08,8.040927764491428e-08,1.7995513785110749e-07,7.534563974295772e-08,1.8085455372806984e-09,False,1.1567057237254971e-05,True,1.473174635156796e-05,True
27,4,cpu_cholesky,3.733246362839494e-16,0.0,0.0,0.0,8.614904440628333e-18,False,0.0,True,0.0,True
27,4,cpu_banded,6.265551237594346e-16,4.843562556456439e-16,1.0214798440393167e-15,4.409710744127889e-16,1.4458495350593765e-17,False,9.721369230754203e-15,True,8.814705420419276e-15,True
27,4,cpu_information_smoother,3.442072118512986e-16,2.1866947970218017e-16,4.3511640268190873e-16,1.8783899526252792e-16,7.942985674319774e-18,False,1.534382550780292e-14,True,1.6884021365203612e-14,True
27,4,cpu_pcg,6.792475099250105e-08,5.667089210753113e-08,1.2481397656892822e-07,5.388197688922237e-08,1.5674434055636598e-09,False,3.3791067064688657e-06,True,6.0800485372012995e-06,True
27,4,cpu_identity_corrected,6.792099520730794e-08,5.7903313076883126e-08,1.2901710333091147e-07,5.569645941175129e-08,1.567356735577044e-09,False,3.7456080318574483e-06,True,5.761485900736153e-06,True
27,4,cpu_reference_eigen_corrected,8.998600803859443e-08,8.407308526130856e-08,1.8079854044922295e-07,7.8050415873981e-08,2.0765327891637997e-09,False,1.6471024093536416e-05,True,5.929774527137791e-06,True
27,4,cpu_rjd_corrected,2.928595877024888e-08,2.740252245222745e-08,6.161803861758768e-08,2.660040024378642e-08,6.758078906305114e-10,False,4.233605684946892e-06,True,5.579189495632512e-06,True
27,4,gpu_cholesky,3.181844429808227e-16,2.775483240813826e-16,5.361731740806944e-16,2.3146502794486726e-16,7.342479719686782e-18,False,3.508075141148103e-14,True,4.7516660319434574e-14,True
27,4,gpu_pcg,6.792475096531141e-08,5.6670892109699155e-08,1.2481397659975622e-07,5.388197690253077e-08,1.5674434049362265e-09,False,3.3791066757099256e-06,True,6.080048606977348e-06,True
27,4,gpu_rjd_corrected,2.9285958774684152e-08,2.7402522455307887e-08,6.161803860754777e-08,2.660040023945221e-08,6.758078907328605e-10,False,4.233605701169561e-06,True,5.579189476533761e-06,True
27,5,cpu_cholesky,3.21880905299493e-16,0.0,0.0,0.0,8.047034120943227e-18,False,0.0,True,0.0,True
27,5,cpu_banded,4.951488977824204e-16,4.28307691358802e-16,9.092370891654e-16,3.854221972335856e-16,1.2378740117234418e-17,False,3.9401466574125567e-14,True,6.424371135200226e-14,True
27,5,cpu_information_smoother,3.4014776323389705e-16,2.257255801973422e-16,4.878210724399784e-16,2.067855258403986e-16,8.50370622127736e-18,False,1.5398307378706146e-15,True,7.788594848377313e-15,True
27,5,cpu_pcg,7.776145993367931e-08,6.461814506830214e-08,1.419110060777483e-07,6.015554405542375e-08,1.9440392744156792e-09,False,6.728119078321656e-06,True,2.858822294761667e-06,True
27,5,cpu_identity_corrected,8.003290477624701e-08,6.520945659794663e-08,1.4150407490305687e-07,5.998304745432669e-08,2.0008254777982687e-09,False,6.136981766828236e-06,True,2.636230524154393e-06,True
27,5,cpu_reference_eigen_corrected,7.585783350055038e-09,7.077293004114695e-09,1.575846207701981e-08,6.679953062981841e-09,1.896448542137688e-10,False,4.872491988430359e-07,True,2.2394450448715248e-07,True
27,5,cpu_rjd_corrected,2.8687640288546644e-08,2.653479884778125e-08,6.005315262313663e-08,2.545630651303393e-08,7.171920274603794e-10,False,3.1234752723720456e-06,True,5.022600876858875e-07,True
27,5,gpu_cholesky,3.6097562339095977e-16,2.5098076654457516e-16,5.222786230629626e-16,2.2139195251464323e-16,9.024403468584317e-18,False,3.2294039362031486e-14,True,5.682634393369119e-15,True
27,5,gpu_pcg,7.776145999072841e-08,6.461814510570655e-08,1.4191100614383824e-07,6.015554408343902e-08,1.9440392758419094e-09,False,6.728119058004765e-06,True,2.858822279041807e-06,True
27,5,gpu_rjd_corrected,2.8687640272811127e-08,2.653479876965468e-08,6.00531523488026e-08,2.5456306396744765e-08,7.17192027066991e-10,False,3.123475229406611e-06,True,5.022600315006085e-07,True
27,6,cpu_cholesky,5.202235800869985e-16,0.0,0.0,0.0,1.0060806439834316e-17,False,0.0,True,0.0,True
27,6,cpu_banded,6.313487185956309e-16,4.400302656819772e-16,8.730275017936931e-16,3.612501816442704e-16,1.2209898776148949e-17,False,2.052127009655953e-15,True,2.0948567424899404e-14,True
27,6,cpu_information_smoother,4.740725185517394e-16,2.2000349239506384e-16,4.299307303169872e-16,1.7790110174349086e-16,9.168273085191923e-18,False,2.922872460039805e-16,True,1.0628481844326782e-14,True
27,6,cpu_pcg,8.274576129542065e-08,6.247999729656237e-08,1.3667828670279015e-07,5.6556128869670506e-08,1.60025250831006e-09,False,4.189225384319467e-06,True,6.159310248833217e-06,True
27,6,cpu_identity_corrected,8.311833352652829e-08,6.476916684912374e-08,1.4365494876773057e-07,5.944300291779872e-08,1.6074578289855666e-09,False,5.301973998113993e-06,True,8.662640380953587e-06,True
27,6,cpu_reference_eigen_corrected,1.8298142589102182e-08,1.5496190593993633e-08,3.464141649905405e-08,1.4334276958041765e-08,3.538749077272716e-10,False,1.817329703135314e-06,True,1.283999429034334e-06,True
27,6,cpu_rjd_corrected,2.9529270019688986e-08,2.6727938064087886e-08,6.136983779387938e-08,2.539423443702389e-08,5.710780532850216e-10,False,3.7548219497878583e-06,True,8.018318995967696e-06,True
27,6,gpu_cholesky,5.310539572719278e-16,3.346787917086242e-16,6.2405144718009e-16,2.5822634245312833e-16,1.0270259322592435e-17,False,1.3890380320649318e-14,True,1.728091170759699e-14,True
27,6,gpu_pcg,8.274576124709945e-08,6.247999727282986e-08,1.3667828666263036e-07,5.655612885305278e-08,1.600252507375558e-09,False,4.189225385891938e-06,True,6.159310224367045e-06,True
27,6,gpu_rjd_corrected,2.9529270007046397e-08,2.6727938040185334e-08,6.136983774511903e-08,2.5394234416847337e-08,5.710780530405216e-10,False,3.75482192472357e-06,True,8.01831892830937e-06,True
27,7,cpu_cholesky,5.321475171845245e-16,0.0,0.0,0.0,8.545829010272994e-18,False,0.0,True,0.0,True
27,7,cpu_banded,7.275230778648936e-16,6.02995296813394e-16,1.2025836742845874e-15,5.127868195541762e-16,1.1683391585391975e-17,False,4.233618997334078e-14,True,6.123227761003476e-15,True
27,7,cpu_information_smoother,7.101251152403421e-16,3.122993811559901e-16,5.669838785524123e-16,2.41764349573716e-16,1.1403995348605661e-17,False,1.0639378815321002e-14,True,1.0509145046911696e-15,True
27,7,cpu_pcg,8.539790996607641e-08,6.652020250061748e-08,1.4731823715641573e-07,6.281712608372674e-08,1.3714165975772409e-09,False,4.671417029540334e-06,True,3.007500724031072e-06,True
27,7,cpu_identity_corrected,8.917704091951507e-08,6.758786441307214e-08,1.482462151734825e-07,6.321281987715107e-08,1.4321061727714017e-09,False,4.352093849988352e-06,True,2.575416222659257e-06,True
27,7,cpu_reference_eigen_corrected,7.238776777076327e-08,5.79751642080425e-08,1.1708166900413468e-07,4.9924124167444184e-08,1.1624849707827948e-09,False,9.464010634984766e-06,True,1.5865673121546549e-06,True
27,7,cpu_rjd_corrected,3.519045310006546e-08,3.205900384146908e-08,7.056343854880384e-08,3.00885518438236e-08,5.65128247325457e-10,False,6.043644764773181e-06,True,6.145886852857847e-06,True
27,7,gpu_cholesky,6.205591425307013e-16,3.16267982319863e-16,5.705330436409759e-16,2.4327772873955237e-16,9.965643269157818e-18,False,1.2289059437166708e-14,True,1.0515679798876312e-14,True
27,7,gpu_pcg,8.539790996747272e-08,6.652020250444235e-08,1.4731823715350983e-07,6.281712608248765e-08,1.3714165975996643e-09,False,4.671417076440084e-06,True,3.007500769584828e-06,True
27,7,gpu_rjd_corrected,3.5190453136308123e-08,3.2059003877015406e-08,7.056343861806783e-08,3.0088551873358054e-08,5.651282479074828e-10,False,6.0436448195912325e-06,True,6.1458868819486295e-06,True
27,8,cpu_cholesky,6.096176975007308e-16,0.0,0.0,0.0,9.697348340098007e-18,False,0.0,True,0.0,True
27,8,cpu_banded,7.577494729809229e-16,7.240389682605733e-16,1.714912096432707e-15,6.747276118027177e-16,1.2053719280373882e-17,False,7.463781681057934e-14,True,4.470747842468278e-14,True
27,8,cpu_information_smoother,5.782130809849349e-16,2.884089917254412e-16,5.674294477469902e-16,2.2325360987380796e-16,9.197786882008115e-18,False,2.4623787585930845e-14,True,2.0729597684715786e-14,True
27,8,cpu_pcg,6.220924145938717e-08,5.047670339547624e-08,1.2762764586400293e-07,5.0214758454939145e-08,9.895786906612353e-10,False,1.3203917064978697e-06,True,3.6318755760074194e-06,True
27,8,cpu_identity_corrected,6.305647679674602e-08,5.1783523101260154e-08,1.3146525817291704e-07,5.172465683025797e-08,1.0030558851967032e-09,False,1.2705866141435853e-06,True,3.1558665969115596e-06,True
27,8,cpu_reference_eigen_corrected,8.759489904406743e-08,6.621272816622044e-08,1.4429476968244147e-07,5.677239407546351e-08,1.3933950171024745e-09,False,5.478102436658815e-06,True,1.67840240313132e-06,True
27,8,cpu_rjd_corrected,8.761479841658944e-08,8.607301533406389e-08,2.240701987061821e-07,8.815982484680969e-08,1.3937115272747496e-09,False,7.019058783636862e-06,True,3.29316292760805e-05,True
27,8,gpu_cholesky,4.97979038941455e-16,3.990455265184316e-16,8.195158839961366e-16,3.2243634900781866e-16,7.921482966259736e-18,False,1.3250091989756956e-14,True,4.0288326700048265e-14,True
27,8,gpu_pcg,6.220924147171425e-08,5.0476703420341063e-08,1.2762764597338924e-07,5.02147584979769e-08,9.895786908573255e-10,False,1.3203917426730081e-06,True,3.6318755906287954e-06,True
27,8,gpu_rjd_corrected,8.761479841092845e-08,8.607301535831436e-08,2.2407019883271237e-07,8.815982489659269e-08,1.3937115271846992e-09,False,7.019058781881465e-06,True,3.293162922322063e-05,True
27,9,cpu_cholesky,4.4317563512288913e-16,0.0,0.0,0.0,7.894259212008183e-18,False,0.0,True,0.0,True
27,9,cpu_banded,7.931134463494513e-16,6.598995824127647e-16,1.310714226713438e-15,5.442797915385184e-16,1.4127679036947905e-17,False,1.016065285704347e-13,True,4.736041674029959e-14,True
27,9,cpu_information_smoother,4.774167359613206e-16,2.6439192460236755e-16,4.98982406598054e-16,2.0720461768814998e-16,8.504193748793207e-18,False,9.084511150345265e-14,True,6.017341233734305e-14,True
27,9,cpu_pcg,6.334683585309698e-08,4.9521019089076116e-08,1.0889920158509888e-07,4.5220867775327266e-08,1.1283931311966257e-09,False,4.938061227408073e-06,True,1.8404944616994113e-06,True
27,9,cpu_identity_corrected,6.511049167801438e-08,4.9865031013299155e-08,1.0865529328501407e-07,4.5119583791359575e-08,1.1598090196615772e-09,False,4.916623289369879e-06,True,2.0447884063079693e-06,True
27,9,cpu_reference_eigen_corrected,1.7526517639537636e-08,1.4368311787196493e-08,2.965906352117161e-08,1.2316055309026773e-08,3.121987372399452e-10,False,2.8388383109143993e-06,True,7.662793441455495e-07,True
27,9,cpu_rjd_corrected,5.265072252839425e-08,4.510670565143634e-08,9.736843414138355e-08,4.0432666371363545e-08,9.378639501347476e-10,False,9.084993880352417e-06,True,1.024205077238507e-05,True
27,9,gpu_cholesky,4.723375168742155e-16,3.163440265119956e-16,6.27850041062794e-16,2.607174641904756e-16,8.413717944415858e-18,False,4.134133122616415e-14,True,2.0622184951134222e-14,True
27,9,gpu_pcg,6.334683593260746e-08,4.9521019147204016e-08,1.0889920167676866e-07,4.522086781339354e-08,1.1283931326129409e-09,False,4.938061089463433e-06,True,1.8404944638527105e-06,True
27,9,gpu_rjd_corrected,5.265072259164982e-08,4.510670568177236e-08,9.736843415948147e-08,4.043266637887878e-08,9.37863951261515e-10,False,9.084993924466224e-06,True,1.0242050786769594e-05,True
27,10,cpu_cholesky,5.626627195629797e-16,0.0,0.0,0.0,1.0034664761204336e-17,False,0.0,True,0.0,True
27,10,cpu_banded,6.475070663048995e-16,4.1170282826246374e-16,8.159120948146181e-16,3.402230775145194e-16,1.154779962306228e-17,False,5.925224277395236e-14,True,2.996380958359003e-14,True
27,10,cpu_information_smoother,5.933335156874212e-16,3.24442467212134e-16,6.954272094548028e-16,2.8998269163028503e-16,1.0581655251896633e-17,False,3.0261263936598266e-14,True,2.6598027661717076e-15,True
27,10,cpu_pcg,9.164743268261823e-08,7.563497925139397e-08,1.7714836314734176e-07,7.386820427063545e-08,1.634462762425913e-09,False,2.0477676159338827e-06,True,2.0219808303880376e-06,True
27,10,cpu_identity_corrected,9.194588447865268e-08,7.742458778345131e-08,1.8283779749551813e-07,7.624061286165306e-08,1.6397854241408596e-09,False,4.1555764580341655e-07,True,1.7335433213020896e-06,True
27,10,cpu_reference_eigen_corrected,1.7955768269304683e-08,1.563944346044359e-08,3.556340540593134e-08,1.4829405411439035e-08,3.202275692082288e-10,False,1.1363169631286828e-06,True,2.6600500486775783e-06,True
27,10,cpu_rjd_corrected,3.878116466837236e-08,3.6921542533272936e-08,8.729470656572627e-08,3.6400580292005994e-08,6.916327861966848e-10,False,4.5078784947872856e-06,True,3.919282986011195e-06,True
27,10,gpu_cholesky,6.732739030176671e-16,3.550443913534295e-16,6.677380829862524e-16,2.784367421576775e-16,1.2007331700414305e-17,False,3.4713021180278626e-15,True,1.8198407884887366e-14,True
27,10,gpu_pcg,9.164743270791686e-08,7.56349792666687e-08,1.7714836317606783e-07,7.386820428261378e-08,1.6344627628770947e-09,False,2.047767629734204e-06,True,2.021980750027919e-06,True
27,10,gpu_rjd_corrected,3.8781164685427545e-08,3.69215425452895e-08,8.729470658014752e-08,3.640058029801944e-08,6.916327865008511e-10,False,4.507878461944456e-06,True,3.919282962734936e-06,True
27,11,cpu_cholesky,5.042034401717999e-16,0.0,0.0,0.0,9.245592891095043e-18,False,0.0,True,0.0,True
27,11,cpu_banded,6.894106962135023e-16,4.330452906303438e-16,8.848177815563598e-16,3.6502060872248803e-16,1.2641743637815309e-17,False,6.911643846403516e-16,True,6.62366502727765e-14,True
27,11,cpu_information_smoother,4.802405239976429e-16,2.559508795978344e-16,4.634761676628858e-16,1.912013483172709e-16,8.806184212419225e-18,False,3.893112737261817e-14,True,3.403132900553566e-14,True
27,11,cpu_pcg,7.653356748827301e-08,6.325158796495938e-08,1.4766636543194363e-07,6.091792877737516e-08,1.40339821513434e-09,False,1.5498148063176254e-06,True,4.690361425845903e-06,True
27,11,cpu_identity_corrected,7.552799007860098e-08,6.421338316628781e-08,1.5173404319604514e-07,6.259599882127458e-08,1.3849589139622802e-09,False,2.8663909063928463e-06,True,6.386501613275169e-06,True
27,11,cpu_reference_eigen_corrected,1.9466472708566177e-08,1.604265006697586e-08,3.362749258672102e-08,1.387260526367937e-08,3.569572665948016e-10,False,1.3217117076106157e-06,True,8.615773090052588e-07,True
27,11,cpu_rjd_corrected,2.843666347023869e-08,2.4263562111634003e-08,5.41274925757692e-08,2.232962616763453e-08,5.214439094338723e-10,False,8.162254594740978e-06,True,3.11923418880378e-06,True
27,11,gpu_cholesky,5.125537648405904e-16,2.60156701083399e-16,5.184552902974882e-16,2.1388230390997068e-16,9.398713033174594e-18,False,2.4184403613363073e-14,True,4.2422090269545043e-14,True
27,11,gpu_pcg,7.653356751165902e-08,6.325158796894329e-08,1.4766636541990242e-07,6.091792877240771e-08,1.4033982155631701e-09,False,1.54981481574898e-06,True,4.690361442823173e-06,True
27,11,gpu_rjd_corrected,2.843666350034363e-08,2.4263562122834925e-08,5.4127492585548725e-08,2.232962617166895e-08,5.214439099859075e-10,False,8.16225454393974e-06,True,3.1192341637233078e-06,True
27,12,cpu_cholesky,4.985133809885002e-16,0.0,0.0,0.0,7.908814378283293e-18,False,0.0,True,0.0,True
27,12,cpu_banded,7.74578310786361e-16,5.370424648344813e-16,1.1997509893185074e-15,4.766409901706066e-16,1.2288528884232445e-17,False,7.464702526351812e-14,True,9.45284821803631e-14,True
27,12,cpu_information_smoother,5.568135936451382e-16,3.2730261334262965e-16,6.054494854766035e-16,2.4053494835605463e-16,8.833735509189564e-18,False,3.5357181653218364e-15,True,6.352531299114502e-15,True
27,12,cpu_pcg,5.600404543044379e-08,4.4407960450009166e-08,1.0836247541659935e-07,4.3050598032217167e-08,8.884928995585901e-10,False,4.1433833094314654e-07,True,2.201727089394779e-06,True
27,12,cpu_identity_corrected,5.686822940232216e-08,4.453092349612386e-08,1.0815792651657158e-07,4.296933417737098e-08,9.022030041243487e-10,False,7.677641028254294e-07,True,2.1621974554455817e-06,True
27,12,cpu_reference_eigen_corrected,3.635741615605453e-08,2.934611645876869e-08,6.668339355065123e-08,2.649219630814631e-08,5.768030832349537e-10,False,1.6972192035035212e-06,True,4.4295227287470945e-07,True
27,12,cpu_rjd_corrected,7.31147345819167e-08,6.793720003793558e-08,1.650727183973596e-07,6.558062852005972e-08,1.1599505302283273e-09,False,1.8309223933240315e-05,True,3.5230164893663773e-06,True
27,12,gpu_cholesky,5.346671955979544e-16,2.9386124306083147e-16,6.067279079107241e-16,2.4104284419467497e-16,8.482387364922213e-18,False,1.342361617884093e-14,True,3.5008592747721527e-14,True
27,12,gpu_pcg,5.600404545832084e-08,4.440796045527647e-08,1.0836247541648506e-07,4.305059803217176e-08,8.88492900000854e-10,False,4.1433838493928913e-07,True,2.201727058075356e-06,True
27,12,gpu_rjd_corrected,7.31147345501277e-08,6.79371999860484e-08,1.6507271824802458e-07,6.558062846073143e-08,1.1599505297240015e-09,False,1.830922393786347e-05,True,3.5230165234145183e-06,True
27,13,cpu_cholesky,5.169388811648068e-16,0.0,0.0,0.0,1.068344799932444e-17,False,0.0,True,0.0,True
27,13,cpu_banded,6.053579853528981e-16,5.521945968396316e-16,1.1741398763080913e-15,4.940666287098166e-16,1.2510783756332753e-17,False,4.9168142754379164e-14,True,5.991853648909568e-15,True
27,13,cpu_information_smoother,4.702533348352467e-16,2.214361392536299e-16,4.018458307294138e-16,1.6909281326331607e-16,9.718609360357959e-18,False,5.747989944468922e-15,True,8.59759152694185e-15,True
27,13,cpu_pcg,6.897268180290254e-08,5.54683435971732e-08,1.2453973708591995e-07,5.240510886651961e-08,1.4254413542346523e-09,False,3.527619693424947e-06,True,1.5909056027733357e-06,True
27,13,cpu_identity_corrected,7.144581559631663e-08,5.602705120795891e-08,1.2429167225000062e-07,5.230072559868487e-08,1.4765529981617259e-09,False,3.7292239348569365e-06,True,2.107282982479488e-06,True
27,13,cpu_reference_eigen_corrected,5.4898213006429805e-08,4.614262613357275e-08,9.675303771253679e-08,4.071273629712203e-08,1.1345677952301638e-09,False,3.1750243234271277e-06,True,6.107825080339205e-06,True
27,13,cpu_rjd_corrected,7.684629913071993e-08,6.685415616946773e-08,1.4498070794140096e-07,6.10064703924381e-08,1.5881634587814702e-09,False,1.1679771974564318e-05,True,1.410188140568793e-06,True
27,13,gpu_cholesky,4.384953084854486e-16,2.9159883514615404e-16,5.619116952977281e-16,2.364469706976539e-16,9.062274084696859e-18,False,1.2820763544550497e-14,True,1.0810238694540759e-14,True
27,13,gpu_pcg,6.89726818172438e-08,5.5468343593447937e-08,1.2453973707682062e-07,5.24051088626907e-08,1.4254413545310396e-09,False,3.5276196725223115e-06,True,1.5909056143240732e-06,True
27,13,gpu_rjd_corrected,7.684629915122297e-08,6.685415617003871e-08,1.4498070792057633e-07,6.100647038367531e-08,1.5881634592052018e-09,False,1.1679771849362513e-05,True,1.410188011677924e-06,True
27,14,cpu_cholesky,4.671106025430762e-16,0.0,0.0,0.0,1.0354484142046059e-17,False,0.0,True,0.0,True
27,14,cpu_banded,5.250990184263385e-16,4.935324071930546e-16,1.0672734152603812e-15,4.382465173837016e-16,1.1639918746648593e-17,False,2.9003331338684766e-14,True,2.7544124288275868e-14,True
27,14,cpu_information_smoother,4.6880931421696e-16,3.1227018673363594e-16,6.159155202864364e-16,2.529087934812362e-16,1.0392139641607355e-17,False,3.24419263618044e-14,True,1.1874640885750712e-14,True
27,14,cpu_pcg,6.40817014771496e-08,5.3312775007129854e-08,1.2409231826393598e-07,5.095510254040396e-08,1.4205050312519903e-09,False,3.228793828711004e-06,True,3.762406571035899e-06,True
27,14,cpu_identity_corrected,6.70153782298261e-08,5.42568736451917e-08,1.2460581263739407e-07,5.116595490273815e-08,1.4855361157537185e-09,False,4.434000231568857e-06,True,3.984195221424432e-06,True
27,14,cpu_reference_eigen_corrected,6.980975647938955e-08,6.567380375314302e-08,1.5379606015914485e-07,6.315212839404969e-08,1.5474793449951604e-09,False,3.692851112502616e-06,True,1.1566118221758974e-06,True
27,14,cpu_rjd_corrected,2.522374873038682e-08,2.3448296304806587e-08,5.623399624763974e-08,2.309094620152589e-08,5.591371802982295e-10,False,9.893031265565865e-07,True,1.161649620277654e-06,True
27,14,gpu_cholesky,4.653872719449866e-16,3.518056620226328e-16,7.052718152275042e-16,2.8960050200156886e-16,1.0316282912503689e-17,False,2.3270712033978107e-14,True,3.3461910013284578e-15,True
27,14,gpu_pcg,6.408170143418389e-08,5.331277499106177e-08,1.2409231823656485e-07,5.095510252916476e-08,1.4205050302995654e-09,False,3.228793852015491e-06,True,3.7624066238316294e-06,True
27,14,gpu_rjd_corrected,2.522374876763417e-08,2.344829633443146e-08,5.623399635335999e-08,2.3090946244937004e-08,5.59137181123895e-10,False,9.893031275462069e-07,True,1.1616496158424921e-06,True
27,15,cpu_cholesky,5.207620637068992e-16,0.0,0.0,0.0,1.2695219468537142e-17,False,0.0,True,0.0,True
27,15,cpu_banded,4.665733315765595e-16,4.3075535941144525e-16,9.01765445908279e-16,3.803001452076476e-16,1.1374198036561973e-17,False,5.076354841778051e-14,True,3.993698193425307e-14,True
27,15,cpu_information_smoother,5.899727571173941e-16,3.143824754978856e-16,6.295195353804579e-16,2.654862989068109e-16,1.4382448634504957e-17,False,1.594267076381537e-14,True,9.032287228506025e-14,True
27,15,cpu_pcg,7.554809992017789e-08,6.472190495824653e-08,1.499593759389409e-07,6.324213541736004e-08,1.8417234573823924e-09,False,5.742907009066275e-06,True,4.584458490400076e-06,True
27,15,cpu_identity_corrected,7.784654571592949e-08,6.527307705378786e-08,1.4948787439414004e-07,6.304328980094502e-08,1.8977553312166217e-09,False,5.483833685089075e-06,True,4.957521284508295e-06,True
27,15,cpu_reference_eigen_corrected,9.108334295291965e-08,8.22062709059307e-08,1.7738930429643847e-07,7.48101166310167e-08,2.2204440102067494e-09,False,5.993001535555212e-07,True,3.0512302954580314e-06,True
27,15,cpu_rjd_corrected,9.050839362980623e-08,8.256844808897796e-08,1.8589396626036982e-07,7.839677455243147e-08,2.206427862724222e-09,False,1.6023252397446726e-05,True,1.4392832899011595e-05,True
27,15,gpu_cholesky,4.8135332310986e-16,3.613371150874336e-16,7.2598592787822e-16,3.0616892124615514e-16,1.1734506994020856e-17,False,3.5471766412769894e-14,True,4.487061691276449e-14,True
27,15,gpu_pcg,7.554809996779535e-08,6.472190499199948e-08,1.4995937600119883e-07,6.324213544361597e-08,1.8417234585432183e-09,False,5.742907072370298e-06,True,4.584458403315811e-06,True
27,15,gpu_rjd_corrected,9.050839370944832e-08,8.256844813166395e-08,1.858939663182039e-07,7.839677457682175e-08,2.206427864665749e-09,False,1.602325241357013e-05,True,1.4392832907824449e-05,True
28,0,cpu_cholesky,3.8851894049048516e-16,0.0,0.0,0.0,1.1016385459124258e-17,False,0.0,True,0.0,True
28,0,cpu_banded,4.301567824680883e-16,3.8652326041396893e-16,6.713479049361329e-16,3.50253211916008e-16,1.2197019063067217e-17,False,4.9638002967276526e-14,True,8.315910447574287e-14,True
28,0,cpu_information_smoother,4.0859402210990706e-16,1.8836051473782918e-16,3.064670492281846e-16,1.5988888555301987e-16,1.1585610828069555e-17,False,4.234474222381784e-15,True,1.1373238643422349e-14,True
28,0,cpu_pcg,9.585820532082743e-08,7.86445180680176e-08,1.3589323399346314e-07,7.089772878399336e-08,2.718042361491829e-09,False,3.5220679086021373e-06,True,5.364386811500955e-06,True
28,0,cpu_identity_corrected,3.409655254784849e-08,3.008273992725889e-08,5.473303501277403e-08,2.855512197205585e-08,9.668016824250072e-10,False,3.0585179770285737e-06,True,5.911481030663376e-06,True
28,0,cpu_reference_eigen_corrected,2.7191941639044044e-08,2.63935583733196e-08,4.874463005634108e-08,2.5430872898181224e-08,7.71022670793237e-10,False,6.512692529403758e-07,True,1.9657867567556975e-06,True
28,0,cpu_rjd_corrected,3.250815124031662e-08,2.9587073035277598e-08,5.312785457157657e-08,2.7717673011389693e-08,9.217628459248934e-10,False,2.9759550724774247e-06,True,1.1511899012543951e-06,True
28,0,gpu_cholesky,3.854737025356556e-16,2.590755633475364e-16,4.2847875956051015e-16,2.2354439579003786e-16,1.0930038278513693e-17,False,4.5924959963072914e-14,True,6.192894006099234e-14,True
28,0,gpu_pcg,9.585820534035625e-08,7.864451808055316e-08,1.3589323401314101e-07,7.089772879425963e-08,2.718042362045565e-09,False,3.5220679878341874e-06,True,5.3643868618970735e-06,True
28,0,gpu_rjd_corrected,3.250815120347532e-08,2.9587072993790288e-08,5.312785448628564e-08,2.771767296689202e-08,9.217628448802649e-10,False,2.975955089468762e-06,True,1.1511898787216856e-06,True
28,1,cpu_cholesky,4.7848975959547024e-14,0.0,0.0,0.0,5.791405110901677e-18,False,0.0,True,0.0,True
28,1,cpu_banded,6.117827794712219e-14,2.2462857733686784e-14,2.3131012907194085e-14,1.357953259231192e-14,7.40471837639045e-18,False,1.450164606292385e-12,True,1.7004895560757104e-12,True
28,1,cpu_information_smoother,5.744775230467561e-14,1.04669034568931e-13,2.1571523861213907e-13,1.2664002761767628e-13,6.953193869570608e-18,False,2.431492271006608e-11,True,2.1888942006250666e-11,True
28,1,cpu_pcg,7.889862072023452e-08,3.444645489588947e-08,7.518090194144088e-09,4.413648085059351e-09,9.549501658527025e-12,False,4.805359144069227e-07,True,2.8614256954963883e-07,True
28,1,cpu_identity_corrected,8.08091869463335e-08,3.455354389742444e-08,7.524940833181967e-09,4.41766989233888e-09,9.780747213622368e-12,False,4.819456847266239e-07,True,2.854236062574354e-07,True
28,1,cpu_reference_eigen_corrected,9.395235012217347e-08,3.34414327908151e-08,7.888395528972381e-09,4.6310433795751314e-09,1.1371531153766907e-11,False,4.3103322620710524e-07,True,6.263222324605807e-07,True
28,1,cpu_rjd_corrected,7.309812328474837e-08,4.832957401494357e-08,1.7601743580224896e-08,1.0333462334234455e-08,8.847437902922792e-12,False,2.279077828139031e-06,True,2.035871335634672e-06,True
28,1,gpu_cholesky,6.473434571720998e-14,3.043122422956266e-14,5.317057927253661e-14,3.1214872305006285e-14,7.835127358931752e-18,False,6.500259697365647e-12,True,5.961333985862145e-12,True
28,1,gpu_pcg,7.860836047365887e-08,3.43642953283205e-08,7.50895732870989e-09,4.408286450256652e-09,9.514369983461871e-12,False,4.884702451409268e-07,True,2.8857650036259476e-07,True
28,1,gpu_rjd_corrected,7.307037926196247e-08,4.6707572776650875e-08,1.656549637338746e-08,9.725112290274009e-09,8.844079907107546e-12,False,2.1351024668846013e-06,True,1.97675302390669e-06,True
28,2,cpu_cholesky,5.788925782670481e-16,0.0,0.0,0.0,1.0627439203641717e-17,False,0.0,True,0.0,True
28,2,cpu_banded,7.542153788841465e-16,6.058151158697283e-16,9.267450766341836e-16,5.040459419453214e-16,1.3846054322439954e-17,False,1.3134457922752514e-13,True,8.139231678937411e-14,True
28,2,cpu_information_smoother,5.117171400454189e-16,2.3582284474563435e-16,3.3018124570717016e-16,1.795817654727549e-16,9.394217510222417e-18,False,6.235092525830221e-15,True,3.4662228117202067e-15,True
28,2,cpu_pcg,5.898252042582519e-08,4.6745777519675835e-08,7.787274783243712e-08,4.235408800403596e-08,1.082814281266964e-09,False,2.40235230605365e-06,True,2.6922712965040927e-06,True
28,2,cpu_identity_corrected,5.869846084795547e-08,4.7429378843587504e-08,7.979434752525367e-08,4.3399223879723905e-08,1.0775994526122896e-09,False,4.3907675318149215e-06,True,1.0737330240395513e-06,True
28,2,cpu_reference_eigen_corrected,8.323337878724919e-08,7.176904358109832e-08,1.1763394480075827e-07,6.397974373620222e-08,1.5280169765696854e-09,False,9.075490157269108e-09,True,8.295476396386513e-06,True
28,2,cpu_rjd_corrected,9.957255401734985e-08,8.518942100958758e-08,1.4198550118862013e-07,7.722427396012647e-08,1.827975173828112e-09,False,2.1373845456903e-05,True,2.49456037367276e-05,True
28,2,gpu_cholesky,5.76369522711834e-16,2.912443854344244e-16,4.199164291687747e-16,2.283876951873345e-16,1.0581120386425723e-17,False,3.874133560154308e-15,True,9.232706515419568e-15,True
28,2,gpu_pcg,5.8982520462840486e-08,4.674577755467461e-08,7.787274787739522e-08,4.235408802848815e-08,1.082814281946499e-09,False,2.4023523685355705e-06,True,2.6922712807210415e-06,True
28,2,gpu_rjd_corrected,9.957255405798916e-08,8.518942102346014e-08,1.4198550121561354e-07,7.722427397480787e-08,1.8279751745741774e-09,False,2.137384552332538e-05,True,2.4945603751228075e-05,True
28,3,cpu_cholesky,5.007312704913252e-16,0.0,0.0,0.0,9.683666491337696e-18,False,0.0,True,0.0,True
28,3,cpu_banded,5.997959239932976e-16,4.093216263665061e-16,6.333374735160576e-16,3.3367991840746047e-16,1.159948266285768e-17,False,9.244005488228841e-14,True,5.1892697748525937e-14,True
28,3,cpu_information_smoother,4.145924850665519e-16,2.341379779575475e-16,3.7025315790178567e-16,1.9507142508541307e-16,8.017824313748236e-18,False,6.208797441750998e-14,True,2.082458574001406e-14,True
28,3,cpu_pcg,6.992297719954351e-08,5.329387421453625e-08,9.021565928316793e-08,4.753098480271671e-08,1.3522438688769726e-09,False,1.4490919078661013e-06,True,9.69032000199185e-07,True
28,3,cpu_identity_corrected,7.195375265724087e-08,5.389874525961648e-08,9.044372414348956e-08,4.765114296035934e-08,1.39151713390279e-09,False,8.472942161333175e-07,True,1.0664428516312068e-06,True
28,3,cpu_reference_eigen_corrected,9.314995630900901e-08,7.631692148391005e-08,1.26392215407213e-07,6.659095014586676e-08,1.8014315239891898e-09,False,1.1436985024067935e-08,True,9.115261592265739e-06,True
28,3,cpu_rjd_corrected,8.460406972103017e-08,7.67693295937322e-08,1.3754943264813634e-07,7.24692369902204e-08,1.636162242308358e-09,False,8.648426785194126e-06,True,1.6708319909588488e-05,True
28,3,gpu_cholesky,5.266912910274578e-16,3.360179272153875e-16,5.394840327140024e-16,2.842323335436932e-16,1.018570859614477e-17,False,1.9563934736480427e-14,True,6.214245889538336e-15,True
28,3,gpu_pcg,6.992297720236613e-08,5.329387421380301e-08,9.021565925935997e-08,4.753098479017325e-08,1.3522438689315597e-09,False,1.4490921153207967e-06,True,9.690321397730655e-07,True
28,3,gpu_rjd_corrected,8.460406971699992e-08,7.67693295709346e-08,1.3754943259836468e-07,7.246923696399772e-08,1.6361622422304172e-09,False,8.648426724626147e-06,True,1.6708319866116795e-05,True
28,4,cpu_cholesky,4.796119507611188e-16,0.0,0.0,0.0,1.0339660801746333e-17,False,0.0,True,0.0,True
28,4,cpu_banded,5.915286394487211e-16,4.523384746514768e-16,7.340215464974908e-16,3.9017218127396622e-16,1.2752404264973355e-17,False,6.674129548177806e-14,True,2.542611644237691e-14,True
28,4,cpu_information_smoother,5.055239659209611e-16,2.175570563922151e-16,3.296215724083279e-16,1.7521170667971877e-16,1.0898282093432876e-17,False,3.570648670776086e-15,True,5.91846493572403e-15,True
28,4,cpu_pcg,5.017462078666614e-08,3.990037655943624e-08,6.928516379531344e-08,3.682881465392228e-08,1.0816839704152211e-09,False,1.8966881274491822e-06,True,1.6637466098368032e-06,True
28,4,cpu_identity_corrected,5.0251689122426796e-08,4.052973690690084e-08,7.082540885419825e-08,3.764753826931084e-08,1.0833454389979815e-09,False,3.7562347735962743e-06,True,2.3836680208514733e-07,True
28,4,cpu_reference_eigen_corrected,8.2259841091027e-08,7.554331459394462e-08,1.3507568526294646e-07,7.180003776128896e-08,1.7733895826539434e-09,False,1.6450314090281933e-06,True,7.133634573924306e-06,True
28,4,cpu_rjd_corrected,2.2859386571639594e-08,2.0312586922323018e-08,3.538176254131626e-08,1.8807321847615637e-08,4.928115371236888e-10,False,2.5994611465191373e-06,True,4.390020600576226e-06,True
28,4,gpu_cholesky,4.4627699388327e-16,2.9462453006131083e-16,4.692552185291089e-16,2.4943454733902693e-16,9.6210128481021e-18,False,6.687936893177106e-14,True,4.186421556857087e-14,True
28,4,gpu_pcg,5.017462078137845e-08,3.9900376559042805e-08,6.928516378223848e-08,3.682881464697223e-08,1.0816839703012272e-09,False,1.896688173504673e-06,True,1.6637466157527546e-06,True
28,4,gpu_rjd_corrected,2.2859386595327333e-08,2.031258692922581e-08,3.5381762524928085e-08,1.8807321838904436e-08,4.928115376343584e-10,False,2.599461283192782e-06,True,4.39002068602235e-06,True
28,5,cpu_cholesky,3.5724272790192627e-16,0.0,0.0,0.0,8.189750697208966e-18,False,0.0,True,0.0,True
28,5,cpu_banded,6.424058296208803e-16,5.01494219732493e-16,8.843099670000496e-16,4.640795232330996e-16,1.4727083800773826e-17,False,1.0014874916709872e-14,True,1.4210975953184416e-14,True
28,5,cpu_information_smoother,4.619770464991624e-16,2.494700120467783e-16,3.730356910720529e-16,1.957664530785939e-16,1.0590773564184998e-17,False,4.868156569774577e-14,True,3.026158175386979e-14,True
28,5,cpu_pcg,5.2864540406989216e-08,4.4348896679857676e-08,7.832518275948712e-08,4.110449370539113e-08,1.2119138398288253e-09,False,4.13016534582415e-06,True,7.529709563081281e-07,True
28,5,cpu_identity_corrected,5.409851836468814e-08,4.465255162015273e-08,7.813183781385352e-08,4.100302766572456e-08,1.2402026508040933e-09,False,2.5330389391878664e-06,True,2.04289045094112e-06,True
28,5,cpu_reference_eigen_corrected,6.5708979264660245e-09,5.7161790123474165e-09,9.997956330282436e-09,5.246855718253555e-09,1.5063712035068242e-10,False,1.4763217939810582e-07,True,7.269020546627032e-07,True
28,5,cpu_rjd_corrected,2.682966241255016e-08,2.5582020181597965e-08,4.719911793740254e-08,2.4769758305134403e-08,6.150670908042275e-10,False,3.4014353081778423e-07,True,1.1752981689935617e-06,True
28,5,gpu_cholesky,3.7415099915230244e-16,2.537829719448648e-16,4.136971550788256e-16,2.1710529752726432e-16,8.577370977332295e-18,False,1.314193831379797e-13,True,8.174724764735052e-14,True
28,5,gpu_pcg,5.286454042188146e-08,4.434889667788203e-08,7.832518274788503e-08,4.110449369930244e-08,1.2119138401702285e-09,False,4.1301653800522374e-06,True,7.529709573118562e-07,True
28,5,gpu_rjd_corrected,2.6829662419670085e-08,2.558202019182218e-08,4.719911794487475e-08,2.4769758309055765e-08,6.150670909674508e-10,False,3.401435712179094e-07,True,1.175298195517628e-06,True
28,6,cpu_cholesky,5.815115156834254e-16,0.0,0.0,0.0,1.1155680212839437e-17,False,0.0,True,0.0,True
28,6,cpu_banded,8.149848180430848e-16,5.271751853129704e-16,8.154700641325045e-16,4.1871811180380715e-16,1.5634617308863938e-17,False,1.0348935151421202e-13,True,5.89403617477423e-14,True
28,6,cpu_information_smoother,5.164482460078668e-16,3.0230732535608305e-16,4.639823119290266e-16,2.3824025688540686e-16,9.907510554067959e-18,False,1.3152733536529571e-13,True,6.472244819444963e-14,True
28,6,cpu_pcg,9.605503853542963e-08,7.623204200146722e-08,1.362499592493589e-07,6.996004903126304e-08,1.8427138024088853e-09,False,4.548907796306034e-06,True,2.299897352746443e-06,True
28,6,cpu_identity_corrected,4.5804880692077786e-08,3.646572088167129e-08,6.53346442856657e-08,3.354727548431769e-08,8.787179418068355e-10,False,1.9838528091960915e-06,True,8.246308021562156e-07,True
28,6,cpu_reference_eigen_corrected,1.3490801110096862e-08,1.1463151472504593e-08,2.0251130648089792e-08,1.039831571975712e-08,2.588066776212027e-10,False,1.0224894879837301e-06,True,3.015148534589872e-07,True
28,6,cpu_rjd_corrected,2.4304303201719548e-08,2.0633666240655233e-08,3.6398936468654356e-08,1.8689703791928797e-08,4.662522178196794e-10,False,3.6527663362859467e-06,True,3.5595556022225273e-06,True
28,6,gpu_cholesky,5.163200847715172e-16,3.4538521232906306e-16,5.291363014772717e-16,2.7169477187014497e-16,9.905051916999151e-18,False,1.1704206431813877e-13,True,1.2030334755334282e-13,True
28,6,gpu_pcg,9.605503855330488e-08,7.623204202383462e-08,1.3624995931886542e-07,6.996004906695244e-08,1.842713802751803e-09,False,4.548907850744202e-06,True,2.299897372099312e-06,True
28,6,gpu_rjd_corrected,2.4304303207279743e-08,2.0633666233978565e-08,3.6398936451077874e-08,1.868970378290383e-08,4.662522179263458e-10,False,3.6527663064100253e-06,True,3.5595555567522046e-06,True
28,7,cpu_cholesky,5.405830989941877e-16,0.0,0.0,0.0,8.273672832182543e-18,False,0.0,True,0.0,True
28,7,cpu_banded,7.047513863727409e-16,4.3669192521553115e-16,7.048889895392633e-16,3.6252915012788885e-16,1.0786283199981846e-17,False,5.254380024882265e-14,True,8.841984375214102e-14,True
28,7,cpu_information_smoother,6.734480956464794e-16,2.9998800767551424e-16,4.649141413682537e-16,2.391084710556144e-16,1.0307183526829533e-17,False,6.913043108171849e-14,True,3.365397016205508e-14,True
28,7,cpu_pcg,9.058103539852052e-08,6.879873782126788e-08,1.215563815378947e-07,6.251726491054764e-08,1.3863508770489052e-09,False,4.152501786229125e-06,True,6.114100967682572e-07,True
28,7,cpu_identity_corrected,8.94789179932463e-08,6.940402890122204e-08,1.2366294202710523e-07,6.360068314402814e-08,1.3694828707786153e-09,False,2.0758483032703163e-06,True,1.2127864223859333e-06,True
28,7,cpu_reference_eigen_corrected,4.7122179666023956e-08,3.702335789873283e-08,6.054629507046618e-08,3.1139366937247153e-08,7.212091926650526e-10,False,4.077323673591882e-06,True,6.191577448195113e-06,True
28,7,cpu_rjd_corrected,3.6984947062930316e-08,3.2147499429651997e-08,5.6616270824838397e-08,2.9118129024762956e-08,5.660579309306158e-10,False,5.762384626930122e-06,True,6.711569145873824e-07,True
28,7,gpu_cholesky,5.833726630265677e-16,4.4403954148583085e-16,7.566193883286648e-16,3.891344422904981e-16,8.928570948853862e-18,False,5.682543378319459e-14,True,6.78252945113629e-14,True
28,7,gpu_pcg,9.058103542291985e-08,6.879873782785246e-08,1.2155638154206936e-07,6.25172649126947e-08,1.3863508774223392e-09,False,4.152501788098591e-06,True,6.114101080990232e-07,True
28,7,gpu_rjd_corrected,3.698494707434697e-08,3.214749944269186e-08,5.661627084635928e-08,2.911812903583129e-08,5.660579311053485e-10,False,5.762384680026167e-06,True,6.71156977538283e-07,True
28,8,cpu_cholesky,6.176493853789111e-16,0.0,0.0,0.0,9.449393718555095e-18,False,0.0,True,0.0,True
28,8,cpu_banded,8.435414833532857e-16,6.59468116430398e-16,1.2826702465528882e-15,6.204481057485306e-16,1.2905308064459933e-17,False,2.3993997129584864e-13,True,1.2465545213155666e-13,True
28,8,cpu_information_smoother,5.995162562115695e-16,3.3170731402898166e-16,4.787799061164197e-16,2.315934953809996e-16,9.171975686727039e-18,False,3.253836285208355e-14,True,1.7322282889389264e-14,True
28,8,cpu_pcg,5.4389375095418826e-08,4.2737962988658295e-08,8.533112891633112e-08,4.1276031341495916e-08,8.321009176523626e-10,False,1.8697800115145862e-06,True,4.837170285933371e-06,True
28,8,cpu_identity_corrected,5.500588775691305e-08,4.341316641978273e-08,8.68533017034975e-08,4.201233065533549e-08,8.415329209918936e-10,False,3.585067250134259e-06,True,3.202533645532493e-06,True
28,8,cpu_reference_eigen_corrected,9.825455567802071e-08,8.024565459290159e-08,1.4843000996826233e-07,7.179796893904689e-08,1.503192623940348e-09,False,3.3322311900982244e-06,True,3.7838986351431487e-06,True
28,8,cpu_rjd_corrected,8.246169050931216e-08,8.00541982455198e-08,1.6459617779744693e-07,7.961780278471864e-08,1.2615781609685236e-09,False,1.8684521067570155e-06,True,2.5156873686616914e-06,True
28,8,gpu_cholesky,6.336691045670668e-16,4.0754025262661194e-16,7.579776532495403e-16,3.666459095174798e-16,9.694478774013716e-18,False,8.895482603518082e-14,True,1.0763313483337545e-14,True
28,8,gpu_pcg,5.438937505620766e-08,4.273796300595223e-08,8.533112898462992e-08,4.127603137453313e-08,8.321009170524725e-10,False,1.8697801457440703e-06,True,4.837170199493176e-06,True
28,8,gpu_rjd_corrected,8.246169052622393e-08,8.005419826202078e-08,1.6459617782921204e-07,7.961780280008394e-08,1.2615781612272562e-09,False,1.8684521056286873e-06,True,2.515687408785643e-06,True
28,9,cpu_cholesky,5.353447414424149e-16,0.0,0.0,0.0,9.2069289821133e-18,False,0.0,True,0.0,True
28,9,cpu_banded,6.784213120689383e-16,5.209281569199052e-16,8.558399983286894e-16,4.429561667927737e-16,1.1667578583739053e-17,False,6.857694581457558e-16,True,1.4173431028463477e-15,True
28,9,cpu_information_smoother,4.745488840637067e-16,2.911959247906075e-16,4.112901276536625e-16,2.128709790859862e-16,8.16135386394869e-18,False,3.149597976652685e-15,True,1.0482090963571223e-14,True
28,9,cpu_pcg,6.915468148738638e-08,5.3971492454054154e-08,9.513949953381951e-08,4.9241246151594906e-08,1.1893312701446467e-09,False,1.2397548108161244e-06,True,2.529826580565699e-07,True
28,9,cpu_identity_corrected,7.057125587460747e-08,5.429250163591866e-08,9.51063225184555e-08,4.922407476023675e-08,1.2136937023543503e-09,False,2.6136566262699173e-06,True,1.367715991900057e-06,True
28,9,cpu_reference_eigen_corrected,8.838291220491947e-08,7.00419427944246e-08,1.1705560431158266e-07,6.058434040092257e-08,1.5200208849867806e-09,False,3.907319622834069e-06,True,6.6514066546193795e-06,True
28,9,cpu_rjd_corrected,4.08564092786444e-08,3.5566232961126674e-08,6.31326342055652e-08,3.2675488060663676e-08,7.026538782755554e-10,False,2.6072274112127753e-06,True,8.100816273480504e-06,True
28,9,gpu_cholesky,4.766378814409006e-16,3.5905411062498564e-16,5.578605431596361e-16,2.8873126786021536e-16,8.197280714455943e-18,False,8.483687046138621e-15,True,2.1946151413834824e-14,True
28,9,gpu_pcg,6.915468149163074e-08,5.397149244675306e-08,9.513949952670765e-08,4.924124614791403e-08,1.1893312702176417e-09,False,1.2397547618231058e-06,True,2.5298267197669493e-07,True
28,9,gpu_rjd_corrected,4.085640927276004e-08,3.55662329519959e-08,6.313263418265128e-08,3.267548804880414e-08,7.026538781743555e-10,False,2.607227384242211e-06,True,8.10081627159898e-06,True
28,10,cpu_cholesky,5.484604194466441e-16,0.0,0.0,0.0,8.880901456080342e-18,False,0.0,True,0.0,True
28,10,cpu_banded,8.484294332170967e-16,6.20709335467226e-16,9.99838279056942e-16,5.356071787549643e-16,1.3738125709128118e-17,False,7.450482337395255e-14,True,9.47701724544232e-14,True
28,10,cpu_information_smoother,6.081820458247198e-16,3.2049229444770797e-16,4.658786086551215e-16,2.4956828764289263e-16,9.847939112499843e-18,False,8.248683176513946e-15,True,4.015055507479727e-15,True
28,10,cpu_pcg,9.447934265128066e-08,7.411377235499712e-08,1.3225338816835078e-07,7.084732161329996e-08,1.5298491986466277e-09,False,5.029007050026836e-06,True,4.061093945383076e-06,True
28,10,cpu_identity_corrected,9.5397460959161e-08,7.638262826187277e-08,1.3703543428149893e-07,7.340903412320233e-08,1.5447157547686773e-09,False,8.303759489722529e-07,True,7.475387831239527e-06,True
28,10,cpu_reference_eigen_corrected,8.441108528844942e-08,6.377473104174728e-08,9.999994570794015e-08,5.3569352082417194e-08,1.3668197531772042e-09,False,1.0033865044755296e-05,True,1.7240112163496655e-05,True
28,10,cpu_rjd_corrected,3.7547206921105024e-08,2.9783988859981014e-08,4.9016308305972996e-08,2.625773303009391e-08,6.079801415438355e-10,False,6.264387554484687e-07,True,1.2180731524124494e-06,True
28,10,gpu_cholesky,5.408856203224665e-16,3.2522291602161146e-16,4.739575443069622e-16,2.5389612347641037e-16,8.758247127369992e-18,False,8.431116356688421e-14,True,7.112296848652312e-14,True
28,10,gpu_pcg,9.447934264493976e-08,7.411377234256521e-08,1.3225338815720647e-07,7.084732160733003e-08,1.5298491985439533e-09,False,5.029007262465658e-06,True,4.06109377998736e-06,True
28,10,gpu_rjd_corrected,3.75472069412168e-08,2.978398888744112e-08,4.9016308359764386e-08,2.6257733058909623e-08,6.07980141869494e-10,False,6.264387151006414e-07,True,1.2180731373517877e-06,True
28,11,cpu_cholesky,5.518275848125025e-16,0.0,0.0,0.0,9.891580452283865e-18,False,0.0,True,0.0,True
28,11,cpu_banded,6.179049027684167e-16,5.738452673766816e-16,8.899032973955847e-16,4.66979115583889e-16,1.1076024877718209e-17,False,1.4949852337159187e-13,True,1.1789738271184646e-13,True
28,11,cpu_information_smoother,6.413468725127348e-16,3.8756184520146467e-16,6.523541447499764e-16,3.4232456768548183e-16,1.1496225201275272e-17,False,3.407042469432961e-14,True,3.062406433636524e-14,True
28,11,cpu_pcg,5.41151196462653e-08,4.383308132747283e-08,7.981075438976588e-08,4.1880905046751854e-08,9.700204808266014e-10,False,1.1895650597936402e-06,True,1.8979972825537912e-06,True
28,11,cpu_identity_corrected,5.387458498369733e-08,4.4139172590429925e-08,8.072605129914423e-08,4.2361209527574744e-08,9.657088663280982e-10,False,2.356469023769221e-06,True,3.0776231975155857e-06,True
28,11,cpu_reference_eigen_corrected,6.87800697658798e-08,5.850523830190356e-08,1.0034531601393635e-07,5.2656470722507903e-08,1.2328916136236355e-09,False,3.025140531315247e-06,True,5.05839445926642e-06,True
28,11,cpu_rjd_corrected,2.456659122528242e-08,2.144831047699848e-08,3.784568228612635e-08,1.9859622157111723e-08,4.4035930704888964e-10,False,5.744474803019697e-06,True,7.352287831091544e-06,True
28,11,gpu_cholesky,4.3465012063559184e-16,3.1797945514485107e-16,4.995397121939364e-16,2.6213478889454925e-16,7.791159331628315e-18,False,1.1958275854020213e-13,True,1.1563231294450879e-13,True
28,11,gpu_pcg,5.4115119636034995e-08,4.383308132696667e-08,7.981075438920398e-08,4.1880905046456993e-08,9.700204806432218e-10,False,1.1895651106873061e-06,True,1.897997326555342e-06,True
28,11,gpu_rjd_corrected,2.4566591195438135e-08,2.1448310462334188e-08,3.784568226259863e-08,1.9859622144765487e-08,4.4035930651392707e-10,False,5.744474767941249e-06,True,7.3522878027060624e-06,True
28,12,cpu_cholesky,5.753272410616835e-16,0.0,0.0,0.0,8.928535411875814e-18,False,0.0,True,0.0,True
28,12,cpu_banded,7.634081088088134e-16,4.668417893252849e-16,7.782699482426682e-16,3.9615488477344403e-16,1.1847372845816364e-17,False,4.6949250668493265e-14,True,4.993651065124595e-14,True
28,12,cpu_information_smoother,5.173164152298525e-16,2.8896928831209475e-16,4.3484580090871483e-16,2.213451624878807e-16,8.028262183450444e-18,False,3.534496161056135e-15,True,9.033756247136168e-15,True
28,12,cpu_pcg,6.425812661116345e-08,5.027628342766912e-08,9.442743425271388e-08,4.806544235750431e-08,9.97225436635623e-10,False,6.792634876096471e-07,True,6.446957414733502e-06,True
28,12,cpu_identity_corrected,6.417694218296321e-08,5.0277626509475986e-08,9.447485156804518e-08,4.808957871421929e-08,9.959655309983902e-10,False,6.001846208196063e-07,True,6.381411502093074e-06,True
28,12,cpu_reference_eigen_corrected,3.15751098349141e-08,2.549839802786161e-08,4.605910909147683e-08,2.3445002721873228e-08,4.90015883262267e-10,False,6.222670505360968e-08,True,3.8045688746678295e-06,True
28,12,cpu_rjd_corrected,7.089992601324392e-08,6.126384481598129e-08,1.1102615189475058e-07,5.6514519814132066e-08,1.1002998867550972e-09,False,6.958982973471512e-07,True,4.992630938605539e-06,True
28,12,gpu_cholesky,5.611260641764498e-16,3.2418481305470006e-16,5.237437536629582e-16,2.665959887718366e-16,8.70814655895771e-18,False,2.259971487663323e-14,True,1.1809558803497967e-14,True
28,12,gpu_pcg,6.425812661236746e-08,5.0276283404857404e-08,9.442743419313527e-08,4.806544232717761e-08,9.972254366543076e-10,False,6.792634215891417e-07,True,6.446957384630079e-06,True
28,12,gpu_rjd_corrected,7.089992605906321e-08,6.1263844879546e-08,1.1102615204011982e-07,5.65145198881279e-08,1.1002998874661691e-09,False,6.958982133180799e-07,True,4.9926310078330906e-06,True
28,13,cpu_cholesky,5.690347953949597e-16,0.0,0.0,0.0,1.1366067895028356e-17,False,0.0,True,0.0,True
28,13,cpu_banded,7.260918678567774e-16,6.197536355013524e-16,1.0107420270390825e-15,5.394033207482002e-16,1.4503171923537512e-17,False,2.0263388626684533e-13,True,1.0383938026928656e-13,True
28,13,cpu_information_smoother,5.853510732421609e-16,2.327873527121896e-16,3.4223786166560585e-16,1.8264229064361724e-16,1.1691974014137848e-17,False,6.88635006479439e-14,True,5.6366303076707036e-14,True
28,13,cpu_pcg,6.569505046370217e-08,5.005817166244655e-08,8.43548068018032e-08,4.5017681755313123e-08,1.3122122058528046e-09,False,2.038749008767987e-06,True,2.208756471010484e-06,True
28,13,cpu_identity_corrected,6.835649138561804e-08,5.116730120108851e-08,8.537669240673313e-08,4.5563032076144966e-08,1.365372606468343e-09,False,8.921071882481219e-07,True,5.959168146440774e-07,True
28,13,cpu_reference_eigen_corrected,3.2739938921956804e-08,2.752323526545983e-08,4.513889995335941e-08,2.408930456873282e-08,6.539571417737772e-10,False,1.7668771981152825e-06,True,1.8033390511477976e-06,True
28,13,cpu_rjd_corrected,6.607629605342559e-08,6.081878031111248e-08,1.083893944230354e-07,5.7844234949786104e-08,1.3198273138465906e-09,False,5.743059569394804e-06,True,1.178016889441815e-06,True
28,13,gpu_cholesky,6.146749451848395e-16,2.6463529564711316e-16,4.075703652047807e-16,2.1750832808846353e-16,1.2277697632698405e-17,False,7.877158432820243e-15,True,1.1936187145413775e-14,True
28,13,gpu_pcg,6.569505049757467e-08,5.005817170928483e-08,8.435480690280754e-08,4.5017681809216176e-08,1.312212206529384e-09,False,2.0387490750047145e-06,True,2.2087565044474855e-06,True
28,13,gpu_rjd_corrected,6.607629604711681e-08,6.081878033249916e-08,1.0838939447321863e-07,5.784423497656741e-08,1.3198273137205775e-09,False,5.743059643703012e-06,True,1.178016779334268e-06,True
28,14,cpu_cholesky,6.019493191673316e-16,0.0,0.0,0.0,1.2391646461338342e-17,False,0.0,True,0.0,True
28,14,cpu_banded,6.643605431943123e-16,5.000910778095086e-16,8.132320755171105e-16,4.198395272263706e-16,1.367643539412015e-17,False,7.912838760814063e-14,True,9.782886342977633e-14,True
28,14,cpu_information_smoother,7.359733888819145e-16,2.566256229047866e-16,3.894321325697169e-16,2.0104839362227935e-16,1.5150647653515464e-17,False,1.6172818056223933e-15,True,1.1160809439479566e-15,True
28,14,cpu_pcg,6.461356671146229e-08,4.957289563771444e-08,8.653056860069106e-08,4.467230708877616e-08,1.330126060075918e-09,False,2.749394460393983e-07,True,4.573715851104797e-06,True
28,14,cpu_identity_corrected,6.684389899210605e-08,5.0476277411472135e-08,8.74364396173115e-08,4.513997243400269e-08,1.3760393749960336e-09,False,2.6039378026770456e-06,True,7.104813152554097e-06,True
28,14,cpu_reference_eigen_corrected,5.486739832961146e-08,4.783402554829348e-08,8.419684386056171e-08,4.346749739045066e-08,1.1294927583719157e-09,False,2.990579765488159e-06,True,1.0335496370910564e-07,True
28,14,cpu_rjd_corrected,2.1252211571431976e-08,2.0071869142618488e-08,3.823310230640255e-08,1.9738237189563208e-08,4.374951230508187e-10,False,8.604804897961831e-07,True,7.958379738593749e-07,True
28,14,gpu_cholesky,6.34934298640739e-16,2.817455497105884e-16,4.655075381483373e-16,2.403231139305911e-16,1.3070670743207069e-17,False,2.246567190956847e-15,True,1.4020217879426801e-14,True
28,14,gpu_pcg,6.461356672915807e-08,4.957289565561235e-08,8.653056863263529e-08,4.46723071052677e-08,1.330126060440201e-09,False,2.7493955168106416e-07,True,4.57371576409423e-06,True
28,14,gpu_rjd_corrected,2.1252211573221922e-08,2.0071869125098293e-08,3.8233102273248304e-08,1.9738237172446985e-08,4.3749512308766636e-10,False,8.604804692209789e-07,True,7.958379857590002e-07,True
28,15,cpu_cholesky,5.557291011461259e-16,0.0,0.0,0.0,1.283968923351635e-17,False,0.0,True,0.0,True
28,15,cpu_banded,5.66335056107136e-16,5.254611159594752e-16,9.050691086887101e-16,4.774283327632949e-16,1.3084731584984346e-17,False,2.7605112771714116e-15,True,1.957679196912979e-15,True
28,15,cpu_information_smoother,5.138576263221949e-16,2.0031246481498455e-16,3.052645873754508e-16,1.6102854644270394e-16,1.1872281330314041e-17,False,2.4018573667069242e-15,True,1.1095265198180575e-14,True
28,15,cpu_pcg,8.978606752255086e-08,7.16760501340688e-08,1.2495739028918804e-07,6.591562781173017e-08,2.074437350965836e-09,False,2.4704324857577456e-07,True,2.460502946229041e-06,True
28,15,cpu_identity_corrected,9.194067074105949e-08,7.231936745443664e-08,1.2516726852442255e-07,6.602633959602307e-08,2.1242177863076848e-09,False,2.5531665738814286e-06,True,4.522857282572354e-06,True
28,15,cpu_reference_eigen_corrected,5.045822784320004e-08,4.435317190578064e-08,7.538644695064595e-08,3.976671541993203e-08,1.1657981522110239e-09,False,4.89751914858729e-06,True,1.0427694856423255e-05,True
28,15,cpu_rjd_corrected,8.182888599223191e-08,7.690243898826828e-08,1.4201773901805673e-07,7.491504428920228e-08,1.890592860607979e-09,False,3.5938312273168785e-06,True,1.2290723106644262e-05,True
28,15,gpu_cholesky,4.676389239721162e-16,2.5958338933946606e-16,4.001445534137254e-16,2.1107818747389667e-16,1.0804434111718658e-17,False,7.003422602694017e-14,True,6.742941649653127e-14,True
28,15,gpu_pcg,8.97860675089514e-08,7.167605012910376e-08,1.2495739027435298e-07,6.59156278039046e-08,2.074437350651631e-09,False,2.470433778727491e-07,True,2.460503080886365e-06,True
28,15,gpu_rjd_corrected,8.18288860769392e-08,7.690243906280674e-08,1.4201773913842448e-07,7.491504435269685e-08,1.890592862565075e-09,False,3.5938312953201665e-06,True,1.2290723146703366e-05,True
29,0,cpu_cholesky,5.374810880371811e-16,0.0,0.0,0.0,1.5404299862531253e-17,False,0.0,True,0.0,True
29,0,cpu_banded,6.003999886058186e-16,4.487403997592558e-16,6.875462456196943e-16,4.1645855096817794e-16,1.7207566308462522e-17,False,3.54803114832313e-14,True,2.6599454849692064e-14,True
29,0,cpu_information_smoother,5.801147639941574e-16,2.2127131867924983e-16,3.2537137511664423e-16,1.9708302135439616e-16,1.6626188303446633e-17,False,4.299395715597725e-15,True,4.443076185689132e-16,True
29,0,cpu_pcg,3.616580928617934e-08,3.12332947624104e-08,4.8662887170332414e-08,2.9475945226954876e-08,1.03651827624799e-09,False,1.6336851961438476e-06,True,2.7811475222453238e-06,True
29,0,cpu_identity_corrected,3.712664145300387e-08,3.363540968433706e-08,5.4110327338068486e-08,3.277555314888668e-08,1.064055889011396e-09,False,1.1983865545474471e-08,True,7.90124581319015e-07,True
29,0,cpu_reference_eigen_corrected,3.438016660419549e-08,3.352469420083729e-08,5.398705410511326e-08,3.270088443780467e-08,9.853414610141118e-10,False,9.730375790049792e-07,True,1.972946555914149e-06,True
29,0,cpu_rjd_corrected,2.923513104154251e-08,2.5785039057134018e-08,3.924007384011366e-08,2.3768385611078286e-08,8.3788385146426e-10,False,5.707661187997679e-06,True,2.5625045518248175e-07,True
29,0,gpu_cholesky,4.461791266993023e-16,2.791424104083251e-16,4.082893523382661e-16,2.47307862029375e-16,1.2787570043028044e-17,False,4.2737616730179136e-14,True,3.670190163157943e-14,True
29,0,gpu_pcg,3.61658092937064e-08,3.123329476751279e-08,4.866288717241203e-08,2.9475945228214536e-08,1.0365182764637171e-09,False,1.6336853248665092e-06,True,2.7811475970698054e-06,True
29,0,gpu_rjd_corrected,2.9235131040750363e-08,2.5785039074024398e-08,3.9240073873394154e-08,2.3768385631236853e-08,8.378838514415569e-10,False,5.707661055944108e-06,True,2.5625036558198515e-07,True
29,1,cpu_cholesky,3.190389040722378e-14,0.0,0.0,0.0,5.099985758384833e-18,False,0.0,True,0.0,True
29,1,cpu_banded,3.8690555114599545e-14,2.3161646411499878e-14,2.240900092243315e-14,1.4882030829996492e-14,6.184865781252209e-18,False,1.7687303694439394e-12,True,2.0852403571435353e-12,True
29,1,cpu_information_smoother,3.651082197521766e-14,8.324226333134782e-14,1.8121567023683974e-13,1.203470516458127e-13,5.836425267383527e-18,False,2.1007096059174554e-11,True,1.8865531672815515e-11,True
29,1,cpu_pcg,8.932797286581366e-08,3.3538209162104923e-08,7.141568335042652e-09,4.742783513844024e-09,1.4279493302622821e-11,False,4.5982795677572485e-07,True,4.3528175110560115e-07,True
29,1,cpu_identity_corrected,8.772252742091573e-08,3.3800418895464054e-08,7.1971560679216116e-09,4.779699856403773e-09,1.402285535657481e-11,False,4.698556382286856e-07,True,4.5995051049476654e-07,True
29,1,cpu_reference_eigen_corrected,9.043023448726782e-08,3.497787140349723e-08,1.051869648234873e-08,6.9855664642764694e-09,1.4455694965675049e-11,False,6.739105223060678e-07,True,1.6495885952813463e-08,True
29,1,cpu_rjd_corrected,8.412092043928574e-08,4.9258334192694083e-08,1.641087907940921e-08,1.0898621016281987e-08,1.3447121685917578e-11,False,2.616044413857135e-07,True,7.350591192705474e-07,True
29,1,gpu_cholesky,4.063265322252186e-14,2.6809676759023772e-14,4.887974326681538e-14,3.2461502803136854e-14,6.495319226439042e-18,False,6.445006592618635e-12,True,5.861363188688759e-12,True
29,1,gpu_pcg,8.895945626056022e-08,3.3397288460079435e-08,7.1179426883007565e-09,4.727093496943738e-09,1.4220584203626389e-11,False,4.667990108538955e-07,True,4.4207208953473025e-07,True
29,1,gpu_rjd_corrected,8.450512513098063e-08,4.923810234328193e-08,1.661714163967022e-08,1.1035601946021046e-08,1.3508538601209469e-11,False,2.770024069862609e-07,True,7.380501969207984e-07,True
29,2,cpu_cholesky,5.717630592040749e-16,0.0,0.0,0.0,1.0617001737418327e-17,False,0.0,True,0.0,True
29,2,cpu_banded,6.601818525984898e-16,4.469108967205553e-16,6.346492230642777e-16,3.7728165496462924e-16,1.2258840026858913e-17,False,4.402595721517527e-14,True,1.035080470622755e-14,True
29,2,cpu_information_smoother,6.226848542030858e-16,2.405650755059261e-16,3.0448968707492146e-16,1.8101081492642667e-16,1.1562562625401461e-17,False,4.109119436059017e-14,True,1.1298906622279558e-14,True
29,2,cpu_pcg,8.765373276439369e-08,6.658303957575821e-08,1.0269883171260487e-07,6.105165465166141e-08,1.6276319687830244e-09,False,8.101394536429998e-07,True,9.423074139133664e-07,True
29,2,cpu_identity_corrected,9.041496823467073e-08,6.757354462419661e-08,1.0338545349177543e-07,6.145983257383622e-08,1.678905027866073e-09,False,1.0770239002933664e-06,True,6.910115148853621e-07,True
29,2,cpu_reference_eigen_corrected,8.306487709386594e-08,7.196448437234575e-08,1.0910793421572224e-07,6.486169130078715e-08,1.5424220642948646e-09,False,2.863422329867212e-06,True,4.3970614248934136e-07,True
29,2,cpu_rjd_corrected,2.3823870393935466e-08,2.0123330795164554e-08,3.079185665523122e-08,1.8304919026336962e-08,4.4238267655114475e-10,False,4.576335859281404e-06,True,3.090896286009812e-06,True
29,2,gpu_cholesky,5.865429493591107e-16,3.5039686101906556e-16,4.878202945634288e-16,2.899958612879025e-16,1.0891447798472541e-17,False,2.8323925718065615e-14,True,2.37927351267484e-14,True
29,2,gpu_pcg,8.765373269023453e-08,6.658303953356942e-08,1.0269883164897643e-07,6.105165461383604e-08,1.6276319674059721e-09,False,8.101393305630406e-07,True,9.423073396812192e-07,True
29,2,gpu_rjd_corrected,2.3823870423066994e-08,2.012333080196699e-08,3.0791856644048604e-08,1.8304919019689203e-08,4.4238267709208473e-10,False,4.576335895524827e-06,True,3.0908963097721044e-06,True
29,3,cpu_cholesky,5.645207776144318e-16,0.0,0.0,0.0,1.1050358926775078e-17,False,0.0,True,0.0,True
29,3,cpu_banded,6.59585513278557e-16,5.244969819472747e-16,7.01083021420826e-16,4.2944403124283507e-16,1.2911228343852714e-17,False,6.779481107390533e-14,True,4.477673771151748e-14,True
29,3,cpu_information_smoother,5.57219270244933e-16,3.0524987821608943e-16,4.0828237052951393e-16,2.500908191019086e-16,1.090743366992198e-17,False,4.464641652040224e-14,True,2.1308168890958175e-14,True
29,3,cpu_pcg,8.209450367280747e-08,6.061890234053905e-08,8.648240115521543e-08,5.297425532911713e-08,1.6069802351369797e-09,False,1.230860137464338e-06,True,1.8271753632045334e-06,True
29,3,cpu_identity_corrected,8.438159964603423e-08,6.14035012068587e-08,8.692819572848108e-08,5.32473240139947e-08,1.6517495897088809e-09,False,2.8662867803448948e-06,True,3.2050915482959477e-06,True
29,3,cpu_reference_eigen_corrected,9.240978693558824e-08,7.572430481329392e-08,1.082892803647884e-07,6.633192315225977e-08,1.8088993969610142e-09,False,7.997344068838528e-06,True,1.8375518372567968e-06,True
29,3,cpu_rjd_corrected,8.30152522890284e-08,7.509519803222295e-08,1.1595125845848689e-07,7.102522003624907e-08,1.6250036756259321e-09,False,7.788866119774943e-06,True,1.3310544350937298e-05,True
29,3,gpu_cholesky,4.888185248557669e-16,3.560370358537771e-16,4.482880163342498e-16,2.745960278745318e-16,9.568505472091344e-18,False,4.12759210250877e-14,True,3.002068993472225e-14,True
29,3,gpu_pcg,8.20945036777019e-08,6.061890233460697e-08,8.648240113352858e-08,5.2974255315832983e-08,1.606980235232787e-09,False,1.2308601122093451e-06,True,1.827175313431492e-06,True
29,3,gpu_rjd_corrected,8.301525228762828e-08,7.50951980365823e-08,1.1595125846485383e-07,7.102522004014909e-08,1.6250036755985247e-09,False,7.78886618242008e-06,True,1.3310544395027562e-05,True
29,4,cpu_cholesky,4.76700149855202e-16,0.0,0.0,0.0,1.045444340402621e-17,False,0.0,True,0.0,True
29,4,cpu_banded,6.860264405257172e-16,5.069006181071329e-16,7.214202636782767e-16,4.536043750346566e-16,1.504514860823973e-17,False,1.5582992443678405e-13,True,1.0124991098203121e-13,True
29,4,cpu_information_smoother,5.576929802995795e-16,2.862758576228411e-16,3.453098231014139e-16,2.171190003765918e-16,1.2230685686034791e-17,False,2.418247767835306e-15,True,1.2267070500109252e-17,True
29,4,cpu_pcg,4.928073297838269e-08,3.884219190741115e-08,5.544860241292803e-08,3.486418376415054e-08,1.0807687679202788e-09,False,1.3970616062701082e-06,True,1.5221290383812121e-06,True
29,4,cpu_identity_corrected,4.950938810465865e-08,3.975321617724946e-08,5.7342933487330475e-08,3.605527432034297e-08,1.0857833703946291e-09,False,3.0310045459458916e-06,True,4.867874628894984e-07,True
29,4,cpu_reference_eigen_corrected,6.602973047941565e-08,6.023735350109844e-08,8.963309880403831e-08,5.635822531255815e-08,1.4480886382408276e-09,False,1.7720683490954524e-06,True,6.9704993236051235e-06,True
29,4,cpu_rjd_corrected,2.324684699977917e-08,2.075284646965702e-08,3.091214521706773e-08,1.9436499108960065e-08,5.098233039914621e-10,False,4.3093107302809025e-06,True,3.506157366711025e-06,True
29,4,gpu_cholesky,4.488426201074484e-16,3.0245391865806837e-16,4.121840218789221e-16,2.591672081546074e-16,9.843503868529253e-18,False,2.427151507322641e-14,True,2.425524085558835e-14,True
29,4,gpu_pcg,4.9280732977738466e-08,3.8842191906177634e-08,5.544860241257967e-08,3.48641837639315e-08,1.0807687679061506e-09,False,1.397061601689434e-06,True,1.522129041477708e-06,True
29,4,gpu_rjd_corrected,2.3246846997484514e-08,2.075284647315518e-08,3.091214523892601e-08,1.94364991227038e-08,5.098233039411383e-10,False,4.309310830602988e-06,True,3.5061574425826007e-06,True
29,5,cpu_cholesky,4.856417207117179e-16,0.0,0.0,0.0,1.1280512770715342e-17,False,0.0,True,0.0,True
29,5,cpu_banded,6.585796235925246e-16,4.986230305693554e-16,7.265249886421629e-16,4.556681521569222e-16,1.529752395156836e-17,False,1.6542653273627814e-13,True,1.0757167165567e-13,True
29,5,cpu_information_smoother,4.943721835313886e-16,2.741641312557416e-16,3.6203667352229714e-16,2.2706525531250027e-16,1.1483304444353308e-17,False,3.9029200321891036e-14,True,2.2623118224984685e-14,True
29,5,cpu_pcg,7.628191519791576e-08,6.124782116680505e-08,8.926172124952396e-08,5.598392927424825e-08,1.7718805457876825e-09,False,4.337952415719123e-06,True,1.4886023100487772e-06,True
29,5,cpu_identity_corrected,7.871695271718494e-08,6.198900820477858e-08,8.929782084142465e-08,5.600657052484825e-08,1.8284417334633916e-09,False,2.4422640726982804e-06,True,2.405712108498065e-07,True
29,5,cpu_reference_eigen_corrected,9.878677114643183e-09,8.751721052447395e-09,1.2919990403900285e-08,8.103270011721594e-09,2.294624583759255e-10,False,4.842892520529552e-07,True,4.52050397200264e-07,True
29,5,cpu_rjd_corrected,2.649952876238472e-08,2.4697591266135134e-08,3.7671661939702265e-08,2.3627234923916826e-08,6.15532518044637e-10,False,5.865070690462245e-06,True,1.4194742644885008e-06,True
29,5,gpu_cholesky,4.985760247584454e-16,3.1819471663512765e-16,4.404724245614212e-16,2.762592600580707e-16,1.158095150107318e-17,False,2.669393080923196e-15,True,7.75701591477853e-15,True
29,5,gpu_pcg,7.628191522106393e-08,6.12478211677311e-08,8.926172122506572e-08,5.5983929258908327e-08,1.77188054632537e-09,False,4.3379523901679684e-06,True,1.488602292769952e-06,True
29,5,gpu_rjd_corrected,2.6499528746703778e-08,2.4697591266588535e-08,3.767166194127107e-08,2.3627234924900764e-08,6.155325176803991e-10,False,5.865070685205905e-06,True,1.4194742478414997e-06,True
29,6,cpu_cholesky,5.450789457734017e-16,0.0,0.0,0.0,1.0506294655232158e-17,False,0.0,True,0.0,True
29,6,cpu_banded,6.952529501402511e-16,4.670472431007388e-16,7.04311310894962e-16,4.173796859112393e-16,1.3400870480749639e-17,False,2.2662730992655637e-14,True,1.1922504214344631e-14,True
29,6,cpu_information_smoother,4.950680928434748e-16,3.188284910383754e-16,4.501150358215424e-16,2.667412398026071e-16,9.542344825734026e-18,False,2.8069653750609655e-14,True,3.710107491834045e-15,True
29,6,cpu_pcg,5.43349155996404e-08,4.320383077237677e-08,6.9139549794992e-08,4.097256870801828e-08,1.0472953284979277e-09,False,1.1461938263012196e-07,True,7.687622514388442e-07,True
29,6,cpu_identity_corrected,5.390602253280608e-08,4.377329967920749e-08,7.074447351461673e-08,4.192365744909966e-08,1.039028495342152e-09,False,1.0505513280009955e-06,True,1.6823137643340689e-06,True
29,6,cpu_reference_eigen_corrected,9.362390973374076e-08,7.742260516832396e-08,1.1390938899166185e-07,6.750348072540246e-08,1.8045833507424534e-09,False,1.3401930323056824e-06,True,3.2407172342633254e-06,True
29,6,cpu_rjd_corrected,1.9814501660351507e-08,1.7350089073813527e-08,2.7168956068692207e-08,1.6100508645924868e-08,3.81920809946675e-10,False,2.8961586161430814e-06,True,2.806220592914681e-06,True
29,6,gpu_cholesky,5.286763897344519e-16,3.6989825677481153e-16,5.051562623833271e-16,2.99359046018633e-16,1.0190138457711726e-17,False,5.886770960362035e-15,True,2.4387541030590412e-14,True
29,6,gpu_pcg,5.4334915563027286e-08,4.320383075626641e-08,6.913954978765632e-08,4.0972568703671106e-08,1.0472953277922169e-09,False,1.1461942569451418e-07,True,7.687622316880666e-07,True
29,6,gpu_rjd_corrected,1.981450170109589e-08,1.7350089077924353e-08,2.7168956067029564e-08,1.6100508644939573e-08,3.819208107320153e-10,False,2.896158671019906e-06,True,2.806220613728056e-06,True
29,7,cpu_cholesky,6.801397218572583e-16,0.0,0.0,0.0,1.0555311207131142e-17,False,0.0,True,0.0,True
29,7,cpu_banded,6.75754382028697e-16,5.686533223882172e-16,8.449190051822221e-16,5.074372282505109e-16,1.0487253681372918e-17,False,8.269233813692135e-14,True,5.5688082549579847e-14,True
29,7,cpu_information_smoother,6.868533981640581e-16,3.11988202466427e-16,3.787514073860963e-16,2.2746862501753167e-16,1.0659502949628849e-17,False,6.95273481957331e-16,True,1.755036762380404e-16,True
29,7,cpu_pcg,7.723868642131274e-08,5.6763667104289616e-08,8.542331372896441e-08,5.130310631046931e-08,1.198692484266454e-09,False,1.7266860591742354e-06,True,1.9353306549837453e-06,True
29,7,cpu_identity_corrected,7.87425392035941e-08,5.7245846100158747e-08,8.58066593222323e-08,5.153333408865493e-08,1.2220312679928093e-09,False,1.080722358995971e-06,True,2.2176902693602987e-06,True
29,7,cpu_reference_eigen_corrected,5.098914781386643e-08,4.039611035100146e-08,5.72864812366467e-08,3.440482824585012e-08,7.913172983766015e-10,False,1.8931831804910732e-06,True,1.1550612259636525e-06,True
29,7,cpu_rjd_corrected,2.9066659276883485e-08,2.5430218650374456e-08,3.979255693238698e-08,2.3898414724872098e-08,4.510950084149406e-10,False,2.551087342107121e-06,True,2.8335460321586787e-06,True
29,7,gpu_cholesky,6.641920992486529e-16,4.1749737554259925e-16,5.564495801848048e-16,3.3418970445485606e-16,1.0307814826258037e-17,False,1.0387632064367836e-13,True,7.537593161375891e-14,True
29,7,gpu_pcg,7.723868648269809e-08,5.676366712460352e-08,8.542331372898847e-08,5.1303106310483765e-08,1.1986924852191135e-09,False,1.7266859150907555e-06,True,1.935330796570139e-06,True
29,7,gpu_rjd_corrected,2.9066659199105462e-08,2.5430218580488107e-08,3.979255679479606e-08,2.3898414642238436e-08,4.5109500720787787e-10,False,2.5510874164252814e-06,True,2.8335460988274514e-06,True
29,8,cpu_cholesky,6.155191305321389e-16,0.0,0.0,0.0,9.50252800222349e-18,False,0.0,True,0.0,True
29,8,cpu_banded,8.589229788286168e-16,6.162065079347797e-16,9.446361353139075e-16,5.451190851332929e-16,1.3260253423830784e-17,False,2.3001766963018996e-14,True,5.961183435401671e-14,True
29,8,cpu_information_smoother,7.152851549246785e-16,3.529571340702762e-16,4.975568339799301e-16,2.871240216221739e-16,1.104273917265618e-17,False,3.820243974521001e-14,True,7.945723520086655e-15,True
29,8,cpu_pcg,5.574530760394657e-08,4.3259102594387626e-08,7.182221319987361e-08,4.144628570529235e-08,8.606090716295808e-10,False,5.094794894140778e-06,True,1.5798152915414622e-06,True
29,8,cpu_identity_corrected,5.596492642800716e-08,4.387663070164888e-08,7.310415333328546e-08,4.218605206251401e-08,8.639995985921693e-10,False,6.155891596574688e-06,True,6.935326269460341e-07,True
29,8,cpu_reference_eigen_corrected,8.455146776349972e-08,6.627359785123219e-08,9.658251254460002e-08,5.573465688001827e-08,1.305325315279465e-09,False,6.810770330424247e-06,True,4.132107188494411e-06,True
29,8,cpu_rjd_corrected,6.071656939499301e-08,5.8726444395147985e-08,1.0195728794145768e-07,5.8836266629637213e-08,9.37356564581236e-10,False,7.500065915451668e-06,True,1.0639050548467888e-05,True
29,8,gpu_cholesky,6.032432447140902e-16,3.9707281203918355e-16,5.768081181238016e-16,3.328573848645083e-16,9.3130100117148e-18,False,2.6206305320979827e-14,True,1.0232613404850105e-14,True
29,8,gpu_pcg,5.574530761594612e-08,4.325910260915799e-08,7.182221324945091e-08,4.144628573390181e-08,8.606090718148327e-10,False,5.0947949829189585e-06,True,1.5798152299322222e-06,True
29,8,gpu_rjd_corrected,6.071656936847614e-08,5.872644441346246e-08,1.0195728798540769e-07,5.883626665499935e-08,9.373565641718626e-10,False,7.50006600152966e-06,True,1.0639050474663998e-05,True
29,9,cpu_cholesky,6.268045131716534e-16,0.0,0.0,0.0,1.0966778679828565e-17,False,0.0,True,0.0,True
29,9,cpu_banded,7.636412526429063e-16,5.3365687507347475e-16,7.554536177745475e-16,4.398323869606966e-16,1.3360919445435386e-17,False,7.80518405449599e-14,True,3.90038329977436e-14,True
29,9,cpu_information_smoother,6.367660242012986e-16,2.982018409417582e-16,3.889380245841467e-16,2.264434714556832e-16,1.1141068565244358e-17,False,8.889019648202675e-15,True,1.347207661609508e-14,True
29,9,cpu_pcg,5.050272864827321e-08,3.7880570252892766e-08,5.853702715246372e-08,3.4080822134251574e-08,8.83612412485396e-10,False,1.6331412392925837e-06,True,2.4718261386833188e-08,True
29,9,cpu_identity_corrected,5.1265749872507734e-08,3.809530238315746e-08,5.858916118719374e-08,3.4111175072403814e-08,8.969624838920246e-10,False,2.1275577035005564e-06,True,4.3282246678309496e-07,True
29,9,cpu_reference_eigen_corrected,8.868717081244404e-08,7.215552295447771e-08,1.0907269847808606e-07,6.35031776870488e-08,1.551700017002317e-09,False,8.702907020559391e-07,True,4.224014019143196e-06,True
29,9,cpu_rjd_corrected,5.070102100852914e-08,4.401776672673715e-08,6.998804286593867e-08,4.0747713993501626e-08,8.870818020818271e-10,False,7.080900015445117e-06,True,9.637468042468412e-06,True
29,9,gpu_cholesky,6.318009599991014e-16,3.8600120797845507e-16,5.540466340890005e-16,3.2257129733096234e-16,1.1054198162922092e-17,False,8.261600609015253e-14,True,7.344011769509021e-14,True
29,9,gpu_pcg,5.0502728628171524e-08,3.788057025877369e-08,5.853702716467562e-08,3.408082214136146e-08,8.8361241213369e-10,False,1.633141289032514e-06,True,2.4718326428758272e-08,True
29,9,gpu_rjd_corrected,5.070102099988179e-08,4.401776670369832e-08,6.998804282295767e-08,4.074771396847767e-08,8.870818019305302e-10,False,7.080900040310954e-06,True,9.63746803807004e-06,True
29,10,cpu_cholesky,5.705226875845973e-16,0.0,0.0,0.0,9.367276365709356e-18,False,0.0,True,0.0,True
29,10,cpu_banded,7.70335705818446e-16,5.635247474224491e-16,7.986807813101712e-16,4.905253341404483e-16,1.2647958806555226e-17,False,2.5343978883672222e-14,True,3.5530716942539086e-14,True
29,10,cpu_information_smoother,5.827175256523735e-16,3.3792551177423024e-16,4.240987056632421e-16,2.6046846771839836e-16,9.567500512621993e-18,False,6.921610967591913e-15,True,1.905654640301447e-14,True
29,10,cpu_pcg,6.582190987974858e-08,5.306514017130033e-08,8.292115418639203e-08,5.0927639447975276e-08,1.0807142906599743e-09,False,1.4094989749472616e-06,True,2.4324494885548148e-06,True
29,10,cpu_identity_corrected,6.540841237571479e-08,5.3545130034505226e-08,8.40689480006904e-08,5.163257934068117e-08,1.0739251731043994e-09,False,2.3090485883166594e-06,True,3.265474581574526e-06,True
29,10,cpu_reference_eigen_corrected,7.750590488426145e-08,6.156006664377396e-08,8.717693704535582e-08,5.354141125490159e-08,1.2725510364781625e-09,False,5.352081333143032e-06,True,8.259392046611089e-06,True
29,10,cpu_rjd_corrected,3.5242096856518495e-08,2.9061826820483636e-08,4.23745115664187e-08,2.6025130354405737e-08,5.786316071398256e-10,False,2.8652021545891115e-06,True,1.8491872044068864e-07,True
29,10,gpu_cholesky,7.332207128971131e-16,4.082507101701163e-16,5.573569743545681e-16,3.4231162496773365e-16,1.2038576561867681e-17,False,3.4017328087756034e-14,True,6.989857887999599e-15,True
29,10,gpu_pcg,6.582190986605153e-08,5.306514017031762e-08,8.292115417102222e-08,5.092763943853561e-08,1.0807142904350854e-09,False,1.4094990805350763e-06,True,2.4324495682508666e-06,True
29,10,gpu_rjd_corrected,3.5242096913616854e-08,2.906182685677016e-08,4.2374511641690694e-08,2.6025130400635495e-08,5.786316080773099e-10,False,2.865202259588272e-06,True,1.8491878223825308e-07,True
29,11,cpu_cholesky,5.99064805388655e-16,0.0,0.0,0.0,1.0972116655948243e-17,False,0.0,True,0.0,True
29,11,cpu_banded,6.860420999756864e-16,4.785881393212584e-16,6.566319389940659e-16,4.061387098885671e-16,1.2565141340495594e-17,False,3.715808216345734e-15,True,1.5779120229615417e-14,True
29,11,cpu_information_smoother,6.572877097288367e-16,2.8705067725487516e-16,3.533005954496132e-16,2.1852279719836352e-16,1.2038492935646622e-17,False,9.910531486647587e-15,True,6.115298413043152e-15,True
29,11,cpu_pcg,6.65285794024789e-08,5.287591216282694e-08,7.898542388855047e-08,4.8853910772664076e-08,1.2184981129489406e-09,False,3.6770871234679513e-06,True,7.981621570621313e-06,True
29,11,cpu_identity_corrected,6.618153584548761e-08,5.328662315600075e-08,8.011317928979562e-08,4.95514478501831e-08,1.2121418689046917e-09,False,4.657385415471329e-06,True,8.80349755977577e-06,True
29,11,cpu_reference_eigen_corrected,7.984945703114522e-08,6.978328426738536e-08,1.0425345792616957e-07,6.448264604433013e-08,1.462475448947265e-09,False,4.884023721429839e-06,True,1.7974484274833313e-06,True
29,11,cpu_rjd_corrected,2.3367724960395664e-08,1.928816576977014e-08,2.8423029075675265e-08,1.7580156666769003e-08,4.2798942830562756e-10,False,3.0752652497172883e-06,True,7.873558620450292e-07,True
29,11,gpu_cholesky,5.454727971332687e-16,3.2028248453532e-16,4.3914375035895285e-16,2.716183384250883e-16,9.990557129974833e-18,False,3.102287655042652e-14,True,1.4250567922100113e-14,True
29,11,gpu_pcg,6.652857937872192e-08,5.287591216275513e-08,7.898542388876641e-08,4.885391077279764e-08,1.2184981125138219e-09,False,3.6770871602991245e-06,True,7.98162157831904e-06,True
29,11,gpu_rjd_corrected,2.336772496844515e-08,1.9288165770644714e-08,2.8423029042839854e-08,1.7580156646459707e-08,4.2798942845305715e-10,False,3.0752653195179e-06,True,7.873559235911786e-07,True
29,12,cpu_cholesky,7.053230459368852e-16,0.0,0.0,0.0,1.0947613593642739e-17,False,0.0,True,0.0,True
29,12,cpu_banded,7.85373231506253e-16,5.086979490115499e-16,6.768686753662243e-16,3.944894237282033e-16,1.2190105959036474e-17,False,8.335651095585008e-15,True,4.2202853187440934e-14,True
29,12,cpu_information_smoother,6.726741986911823e-16,3.695718053975111e-16,4.758620305334904e-16,2.7733967463883714e-16,1.044085719884913e-17,False,3.3011318543990897e-15,True,2.738318166215735e-14,True
29,12,cpu_pcg,5.738935321359086e-08,4.294493255079762e-08,6.815210537338592e-08,3.972009010472281e-08,8.907641223900326e-10,False,5.3420107281493e-07,True,4.6716320584052895e-06,True
29,12,cpu_identity_corrected,5.8808274513044e-08,4.331842154042805e-08,6.835452867760169e-08,3.9838065504583105e-08,9.127877923206422e-10,False,1.2253033954053803e-07,True,5.518858768091538e-06,True
29,12,cpu_reference_eigen_corrected,2.7730877484851382e-08,2.1381589267471145e-08,3.223338533061457e-08,1.8786110314535288e-08,4.304225322918736e-10,False,4.1446615027966576e-07,True,1.681017496048637e-06,True
29,12,cpu_rjd_corrected,6.715602906808182e-08,5.820061499477859e-08,9.31590956533401e-08,5.429454678109122e-08,1.0423567725698434e-09,False,9.464194290711869e-06,True,2.104923268908497e-06,True
29,12,gpu_cholesky,6.707378340535594e-16,4.632845843379071e-16,6.659555456310893e-16,3.881290846890903e-16,1.0410802074532399e-17,False,9.919009859830768e-14,True,1.0751608854084092e-13,True
29,12,gpu_pcg,5.738935319343499e-08,4.294493254007136e-08,6.815210536063178e-08,3.97200900972895e-08,8.907641220771851e-10,False,5.342011871945428e-07,True,4.671631967353953e-06,True
29,12,gpu_rjd_corrected,6.715602904375025e-08,5.820061500628912e-08,9.315909570193397e-08,5.429454680941247e-08,1.0423567721921829e-09,False,9.464194248757632e-06,True,2.1049232824779065e-06,True
29,13,cpu_cholesky,5.308817641002252e-16,0.0,0.0,0.0,1.0752295901599512e-17,False,0.0,True,0.0,True
29,13,cpu_banded,5.784174184004031e-16,4.74990438687802e-16,6.783550794612544e-16,4.144297037343877e-16,1.1715066626598765e-17,False,8.861956126687651e-15,True,2.1387107843199728e-14,True
29,13,cpu_information_smoother,5.881138799710905e-16,3.793323493188135e-16,5.415489624340707e-16,3.3085029191122315e-16,1.1911455410423774e-17,False,1.6698110336012457e-13,True,1.2230929806272524e-13,True
29,13,cpu_pcg,7.680294901490107e-08,5.856478252411942e-08,8.617231169070853e-08,5.264553430107755e-08,1.5555404078772487e-09,False,1.5711505707688494e-06,True,8.114187330869442e-07,True
29,13,cpu_identity_corrected,7.934745949355457e-08,5.938485569512466e-08,8.64704746618055e-08,5.282769198739489e-08,1.6070760435058515e-09,False,2.461851837701721e-07,True,6.53651295691977e-07,True
29,13,cpu_reference_eigen_corrected,3.048133639118993e-08,2.552772528875385e-08,3.661390787686065e-08,2.23686553744339e-08,6.17358459867903e-10,False,4.695107295951684e-07,True,8.500363297104087e-08,True
29,13,cpu_rjd_corrected,6.936780560438024e-08,6.368826868331336e-08,1.0003903782613829e-07,6.111717898697878e-08,1.4049515741760366e-09,False,6.484390337998969e-06,True,7.650236874717101e-06,True
29,13,gpu_cholesky,5.167872599956042e-16,3.7026836820322132e-16,5.189266916625219e-16,3.1702959349307626e-16,1.0466830683226365e-17,False,8.723307807897491e-14,True,5.6272850538540144e-14,True
29,13,gpu_pcg,7.680294905445668e-08,5.856478256060602e-08,8.617231177117607e-08,5.2645534350237844e-08,1.555540408678394e-09,False,1.571150480106749e-06,True,8.114186661381925e-07,True
29,13,gpu_rjd_corrected,6.936780556198051e-08,6.368826864121127e-08,1.0003903774318809e-07,6.111717893630174e-08,1.404951573317287e-09,False,6.484390441574877e-06,True,7.650236925702403e-06,True
29,14,cpu_cholesky,4.514174731534752e-16,0.0,0.0,0.0,9.369537792688118e-18,False,0.0,True,0.0,True
29,14,cpu_banded,5.97218863026656e-16,4.501245561783727e-16,6.38082565395044e-16,3.7839252863697794e-16,1.2395764542618933e-17,False,5.3545904436514657e-14,True,5.52352996320949e-16,True
29,14,cpu_information_smoother,5.420448662557489e-16,2.732475129371957e-16,3.961354874210536e-16,2.3491428366373365e-16,1.1250583244457463e-17,False,1.3041261933999101e-14,True,2.3512121573709168e-14,True
29,14,cpu_pcg,7.078312219146405e-08,5.417105991875284e-08,8.212880514784337e-08,4.8703612885247903e-08,1.4691614274180582e-09,False,1.803519158847445e-06,True,2.494692776028354e-06,True
29,14,cpu_identity_corrected,7.19795420097606e-08,5.448083783467752e-08,8.21340490790429e-08,4.8706722615076295e-08,1.4939940959378661e-09,False,3.11690942278901e-06,True,3.584566266615509e-06,True
29,14,cpu_reference_eigen_corrected,6.346699557640786e-08,5.709673254556726e-08,9.134245314177166e-08,5.416744429433066e-08,1.3173092326794902e-09,False,4.888077632407975e-07,True,3.007552858821514e-07,True
29,14,cpu_rjd_corrected,2.3202622594390688e-08,2.1479450542777043e-08,3.504478563884421e-08,2.078208334247978e-08,4.815893524724035e-10,False,3.1910908627143655e-06,True,3.794928835661696e-07,True
29,14,gpu_cholesky,4.485163763556622e-16,3.185017799631838e-16,4.338233267027072e-16,2.572637374461292e-16,9.309323162763692e-18,False,2.0504924106879316e-14,True,3.0231947536316765e-14,True
29,14,gpu_pcg,7.078312222433445e-08,5.4171059913461405e-08,8.212880509792318e-08,4.870361285564448e-08,1.4691614281003101e-09,False,1.8035190426332363e-06,True,2.49469265840217e-06,True
29,14,gpu_rjd_corrected,2.3202622513687334e-08,2.147945046388867e-08,3.5044785524003124e-08,2.0782083274377295e-08,4.815893507973396e-10,False,3.1910907309887647e-06,True,3.7949282658386717e-07,True
29,15,cpu_cholesky,4.86422579265619e-16,0.0,0.0,0.0,1.138381741279878e-17,False,0.0,True,0.0,True
29,15,cpu_banded,6.163449308550388e-16,4.521252922026031e-16,6.606852807453842e-16,3.9042014568478837e-16,1.4424408847859952e-17,False,2.379115024196988e-14,True,8.720749461780138e-17,True
29,15,cpu_information_smoother,4.936546189912417e-16,2.599649263045076e-16,3.5782059073102543e-16,2.1144767597155218e-16,1.1553069876125819e-17,False,1.0215348152930429e-15,True,3.208248943872055e-15,True
29,15,cpu_pcg,8.379767454071705e-08,6.61334838748582e-08,1.0281623268985602e-07,6.075741312148967e-08,1.961129003991981e-09,False,9.81875701834119e-07,True,1.2810129815740614e-06,True
29,15,cpu_identity_corrected,8.73547987786261e-08,6.744925582801652e-08,1.0373020628498521e-07,6.129750946472863e-08,2.0443768951113276e-09,False,1.436998886589245e-06,True,2.9438777908063203e-06,True
29,15,cpu_reference_eigen_corrected,4.835178652942251e-08,4.140038951632183e-08,6.206129694952804e-08,3.6674013032476556e-08,1.1315837895645683e-09,False,6.446826860515648e-06,True,6.633356106512817e-06,True
29,15,cpu_rjd_corrected,8.304262816159336e-08,7.835272217762327e-08,1.2936784491869896e-07,7.644761330705403e-08,1.9434585351089835e-09,False,1.0230655641369103e-05,True,1.7727449724117983e-05,True
29,15,gpu_cholesky,4.869737247817552e-16,3.299220489449487e-16,4.736380966111204e-16,2.7988795886621757e-16,1.1396715950389392e-17,False,4.1940098077899665e-15,True,2.007682539931099e-14,True
29,15,gpu_pcg,8.379767455397832e-08,6.613348389500436e-08,1.0281623272652079e-07,6.075741314315605e-08,1.9611290043023363e-09,False,9.818756565308314e-07,True,1.2810130191953972e-06,True
29,15,gpu_rjd_corrected,8.304262817678874e-08,7.835272218283588e-08,1.293678449130388e-07,7.644761330370926e-08,1.9434585354646034e-09,False,1.0230655609023203e-05,True,1.772744969974618e-05,True
30,0,cpu_cholesky,4.429184601212419e-16,0.0,0.0,0.0,1.2684614083458962e-17,False,0.0,True,0.0,True
30,0,cpu_banded,4.900736300350664e-16,4.0995818764375175e-16,5.99080999787808e-16,3.605541310251736e-16,1.4035077399512816e-17,False,3.0452945420620925e-15,True,7.679468586620029e-15,True
30,0,cpu_information_smoother,4.38211436450408e-16,2.0066353256179236e-16,2.85727988849219e-16,1.719640695758838e-16,1.2549810989612093e-17,False,6.274776123944768e-15,True,3.1294254345785788e-15,True
30,0,cpu_pcg,8.146423476551362e-08,6.855421247211568e-08,1.0427347002052699e-07,6.27565060243056e-08,2.333030735985716e-09,False,5.353775993316058e-06,True,6.524585238473605e-06,True
30,0,cpu_identity_corrected,9.125894739364041e-08,7.205846354069096e-08,1.0432476770399253e-07,6.27873792980233e-08,2.6135386928677043e-09,False,4.514967603345804e-06,True,5.408244403898769e-06,True
30,0,cpu_reference_eigen_corrected,3.1303073296877735e-08,3.066379071487892e-08,4.9586439223440326e-08,2.984336927923375e-08,8.964796939669701e-10,False,9.955179747971849e-07,True,6.257228885519358e-07,True
30,0,cpu_rjd_corrected,3.4510559320254666e-08,3.128400008907404e-08,4.8796097594725136e-08,2.9367705822613762e-08,9.883379575503711e-10,False,8.622595954326375e-08,True,2.1120891479112992e-06,True
30,0,gpu_cholesky,3.811600622700916e-16,2.6266136418041416e-16,3.6971645809892964e-16,2.225121416349039e-16,1.0915933132703097e-17,False,1.0240245500420446e-14,True,3.349918887533752e-15,True
30,0,gpu_pcg,8.146423476200167e-08,6.855421246353672e-08,1.042734700049875e-07,6.275650601495323e-08,2.333030735885138e-09,False,5.353776101812963e-06,True,6.5245852974800454e-06,True
30,0,gpu_rjd_corrected,3.451055931544655e-08,3.1284000074210056e-08,4.8796097559240305e-08,2.936770580125738e-08,9.883379574126729e-10,False,8.622599537589827e-08,True,2.1120891246420904e-06,True
30,1,cpu_cholesky,3.2516998050997896e-14,0.0,0.0,0.0,4.557867960607002e-18,False,0.0,True,0.0,True
30,1,cpu_banded,4.8586543373956516e-14,2.1605104130827334e-14,2.216359258618862e-14,1.494845921160222e-14,6.810316530864379e-18,False,2.3079462381040732e-12,True,2.5827405208442913e-12,True
30,1,cpu_information_smoother,3.71479303860097e-14,8.267160747030203e-14,1.7011579163947023e-13,1.1473631644703256e-13,5.206980098338927e-18,False,1.9477602701599033e-11,True,1.7464261514569014e-11,True
30,1,cpu_pcg,9.747027252123453e-08,5.26945289276903e-08,1.2878640834137082e-08,8.686129582166223e-09,1.366228923042462e-11,False,2.8998444084436693e-07,True,5.162074103951626e-07,True
30,1,cpu_identity_corrected,7.02116950321107e-08,4.95029116121735e-08,1.2359744524666748e-08,8.336154717441365e-09,9.841487666656023e-12,False,2.3059520698628965e-07,True,4.214508892770259e-07,True
30,1,cpu_reference_eigen_corrected,9.326699905060538e-08,3.464893160688417e-08,1.1338872308305491e-08,7.647617124666634e-09,1.3073121518238532e-11,False,6.047575311558461e-07,True,4.826329983216793e-07,True
30,1,cpu_rjd_corrected,5.870670942333559e-08,3.4459567736651614e-08,9.270793775127851e-09,6.252780638687338e-09,8.228847881102052e-12,False,9.67427005657798e-07,True,1.531837271340869e-06,True
30,1,gpu_cholesky,5.19828591392264e-14,2.7127522825701213e-14,4.8982183728648946e-14,3.303652928628524e-14,7.286373969695157e-18,False,6.934136604605605e-12,True,6.33432954187012e-12,True
30,1,gpu_pcg,7.666696782154882e-08,5.128133466563067e-08,1.268801746451808e-08,8.557561722310167e-09,1.0746315381120093e-11,False,2.5341748818266747e-07,True,4.6312182139341114e-07,True
30,1,gpu_rjd_corrected,5.9602492599453996e-08,3.385742224298735e-08,9.132955679510355e-09,6.159814340821573e-09,8.354408713794218e-12,False,9.259510324818319e-07,True,1.5124808602800953e-06,True
30,2,cpu_cholesky,4.76029055586992e-16,0.0,0.0,0.0,8.799466298256717e-18,False,0.0,True,0.0,True
30,2,cpu_banded,5.968360743944282e-16,4.857872490995803e-16,6.726987073988535e-16,3.9902035905121456e-16,1.1032601603995705e-17,False,6.04175651847799e-14,True,3.5955415027174786e-14,True
30,2,cpu_information_smoother,5.467320164284134e-16,2.5306914417329674e-16,3.0806273058691574e-16,1.8273158550341252e-16,1.0106420808299972e-17,False,5.8390099237666185e-15,True,9.445226066740002e-15,True
30,2,cpu_pcg,8.840469600345203e-08,6.920553832798351e-08,1.0820387533351348e-07,6.41825957318392e-08,1.6341736591666928e-09,False,2.9524996267117938e-06,True,3.838929791742577e-06,True
30,2,cpu_identity_corrected,9.002022602764106e-08,6.960344498481788e-08,1.081703820863147e-07,6.416272875814644e-08,1.6640369659671662e-09,False,1.3961068760816144e-06,True,4.949807623930214e-06,True
30,2,cpu_reference_eigen_corrected,1.3030080750551453e-08,1.0847379513399338e-08,1.6157222559497844e-08,9.583875628199552e-09,2.4086293720391793e-10,False,8.605122000364071e-07,True,2.913847785280479e-07,True
30,2,cpu_rjd_corrected,8.536678597334221e-08,7.405977907214292e-08,1.1382979912462488e-07,6.751968870739182e-08,1.578017445233214e-09,False,1.5024322875393994e-06,True,1.4412084230524945e-06,True
30,2,gpu_cholesky,4.336127879820441e-16,3.0211964780036553e-16,4.319964883179399e-16,2.562445742522947e-16,8.015395425046395e-18,False,8.007257703108154e-14,True,4.200854582609992e-14,True
30,2,gpu_pcg,8.840469604277986e-08,6.920553835397075e-08,1.0820387536871681e-07,6.418259575272054e-08,1.6341736598936733e-09,False,2.95249970058798e-06,True,3.8389297186926995e-06,True
30,2,gpu_rjd_corrected,8.536678598809852e-08,7.405977907742628e-08,1.1382979913961977e-07,6.751968871628624e-08,1.578017445505987e-09,False,1.5024321162976324e-06,True,1.4412083001422921e-06,True
30,3,cpu_cholesky,6.047653274121096e-16,0.0,0.0,0.0,1.1770934907086523e-17,False,0.0,True,0.0,True
30,3,cpu_banded,6.783715025794736e-16,5.95859414890183e-16,7.89465615304306e-16,4.780799741124587e-16,1.3203579037599389e-17,False,6.709544974943376e-14,True,3.630616365312459e-14,True
30,3,cpu_information_smoother,6.654077409792963e-16,2.415667385438189e-16,3.228744478663376e-16,1.95524421437929e-16,1.2951257042554374e-17,False,8.281890880334014e-15,True,4.6191135404448146e-15,True
30,3,cpu_pcg,6.16247618587664e-08,4.7899978124568065e-08,7.0568679359916e-08,4.2734568482168343e-08,1.199442207724935e-09,False,8.075781229709037e-07,True,2.9845416478845213e-06,True
30,3,cpu_identity_corrected,6.34065499309985e-08,4.840646491512278e-08,7.06067007641092e-08,4.275759326194346e-08,1.2341222897133285e-09,False,1.9910676726319763e-06,True,4.012185397179791e-06,True
30,3,cpu_reference_eigen_corrected,9.931402761846386e-08,8.028379769686936e-08,1.1395985223448093e-07,6.901114139736124e-08,1.933012488196494e-09,False,2.605091659037146e-06,True,6.081004063238657e-07,True
30,3,cpu_rjd_corrected,8.179414375437296e-08,7.56672223352279e-08,1.1937345522339576e-07,7.228947946126527e-08,1.5920118115325016e-09,False,6.630222019243313e-06,True,4.2812161048779824e-07,True
30,3,gpu_cholesky,5.809201700754478e-16,3.0946724972581037e-16,4.2012018947677423e-16,2.5441392939166543e-16,1.1306821337513745e-17,False,3.7337681797061653e-14,True,2.2196925989499653e-14,True
30,3,gpu_pcg,6.162476183250814e-08,4.7899978115482075e-08,7.056867933134198e-08,4.273456846486466e-08,1.1994422072138535e-09,False,8.075780644227419e-07,True,2.984541623778241e-06,True
30,3,gpu_rjd_corrected,8.17941437967732e-08,7.566722235858667e-08,1.1937345525290207e-07,7.228947947913354e-08,1.5920118123577646e-09,False,6.630222054381e-06,True,4.2812158669631056e-07,True
30,4,cpu_cholesky,4.699261308098701e-16,0.0,0.0,0.0,1.0021930069603658e-17,False,0.0,True,0.0,True
30,4,cpu_banded,5.823204118739291e-16,4.349881914910097e-16,6.167263183891863e-16,3.7704859418962976e-16,1.2418918768883112e-17,False,5.2231920806329094e-15,True,3.4158824478843115e-15,True
30,4,cpu_information_smoother,4.360862186920813e-16,2.2091022305436567e-16,2.9509561305630013e-16,1.8041290396851635e-16,9.300239551518322e-18,False,1.3676811602995451e-14,True,1.0376207166961501e-15,True
30,4,cpu_pcg,9.655090412623292e-08,7.563274064533235e-08,1.1036833365352475e-07,6.7475999979707e-08,2.059103219209026e-09,False,9.316831105322498e-07,True,9.189384897967807e-06,True
30,4,cpu_identity_corrected,9.865653279292905e-08,7.621686774554139e-08,1.1047512377446337e-07,6.754128836415347e-08,2.104009136100693e-09,False,8.201306955507093e-07,True,7.349488521172483e-06,True
30,4,cpu_reference_eigen_corrected,8.364874629536834e-08,7.530873519960615e-08,1.1379674159355998e-07,6.957202921594125e-08,1.7839439297372244e-09,False,2.1451020517384394e-06,True,2.7227591534547855e-06,True
30,4,cpu_rjd_corrected,2.7287304104552505e-08,2.3910975701742617e-08,3.600222421176056e-08,2.201071629665381e-08,5.819456181023548e-10,False,2.7966299062625627e-06,True,3.422014617521289e-06,True
30,4,gpu_cholesky,5.318853230260962e-16,2.6499264160845816e-16,3.596403282255212e-16,2.1987367188334902e-16,1.1343309432972967e-17,False,3.420095231760889e-14,True,1.612704579775824e-14,True
30,4,gpu_pcg,9.65509041774717e-08,7.563274065354241e-08,1.1036833362815217e-07,6.747599996419494e-08,2.0591032203017753e-09,False,9.316830679655135e-07,True,9.189384866481313e-06,True
30,4,gpu_rjd_corrected,2.7287304077186667e-08,2.3910975683682634e-08,3.600222419408202e-08,2.2010716285845664e-08,5.819456175187343e-10,False,2.7966299020249907e-06,True,3.422014627851637e-06,True
30,5,cpu_cholesky,4.996752177810293e-16,0.0,0.0,0.0,1.1672452192854447e-17,False,0.0,True,0.0,True
30,5,cpu_banded,5.921946203579142e-16,4.006511648288432e-16,5.348463411736588e-16,3.2834379132755014e-16,1.3833712677786875e-17,False,1.439872263637104e-14,True,1.9258855844366007e-14,True
30,5,cpu_information_smoother,4.90922662916893e-16,1.9198740896787457e-16,2.455899347313238e-16,1.5076840593995235e-16,1.146799182623739e-17,False,1.9967160231059092e-15,True,7.278538984987793e-15,True
30,5,cpu_pcg,5.343092937576322e-08,4.487553299353079e-08,6.883212623862371e-08,4.2256251103320307e-08,1.2481506929289368e-09,False,2.475366816930245e-06,True,7.595247503204816e-06,True
30,5,cpu_identity_corrected,5.5344420536757053e-08,4.554706656219491e-08,6.909666006069672e-08,4.241864921916648e-08,1.2928499969624337e-09,False,7.46436585405718e-07,True,6.309702096890158e-06,True
30,5,cpu_reference_eigen_corrected,7.392007092028817e-09,6.771269511722026e-09,1.0339845544512841e-08,6.3476625461747256e-09,1.7267786389732375e-10,False,5.601215205583358e-07,True,3.6716673144180886e-07,True
30,5,cpu_rjd_corrected,2.8859259022121156e-08,2.6959264489133765e-08,4.190232674628765e-08,2.5723965502186543e-08,6.74154545840907e-10,False,2.3194637133606386e-06,True,1.3403539777690836e-06,True
30,5,gpu_cholesky,4.575654099124357e-16,2.437253036613654e-16,3.2040020704224714e-16,1.9669465905203918e-16,1.0688763785454098e-17,False,2.4187547121258477e-15,True,2.887295464309825e-15,True
30,5,gpu_pcg,5.343092935532615e-08,4.4875532967686994e-08,6.883212619402695e-08,4.225625107594222e-08,1.248150692451525e-09,False,2.4753667557292634e-06,True,7.595247413476352e-06,True
30,5,gpu_rjd_corrected,2.8859259102581702e-08,2.695926455017913e-08,4.190232683390927e-08,2.572396555597772e-08,6.741545477204715e-10,False,2.3194636371121663e-06,True,1.3403539322287907e-06,True
30,6,cpu_cholesky,4.8376237387599515e-16,0.0,0.0,0.0,9.127777668048363e-18,False,0.0,True,0.0,True
30,6,cpu_banded,5.495490727872014e-16,4.936956032946895e-16,7.33037731515598e-16,4.333063466521235e-16,1.0369061392462729e-17,False,1.9934837341138815e-13,True,1.569169959460637e-13,True
30,6,cpu_information_smoother,5.59846119121682e-16,2.2735535942491405e-16,3.152607883900233e-16,1.8635398232163503e-16,1.0563349238426587e-17,False,7.684233279120696e-15,True,1.1616533971587516e-14,True
30,6,cpu_pcg,8.591035997841277e-08,6.767943941333124e-08,1.0544200773306264e-07,6.232788462336626e-08,1.6209831682301463e-09,False,6.644439031407971e-07,True,7.71728256067135e-06,True
30,6,cpu_identity_corrected,9.057816499854138e-08,6.901362367284895e-08,1.0577540153757664e-07,6.25249572230696e-08,1.7090567519552507e-09,False,2.6649523546070876e-06,True,9.390175163391168e-06,True
30,6,cpu_reference_eigen_corrected,1.67305902366978e-08,1.4064317203831326e-08,2.1162712125985672e-08,1.2509502693131591e-08,3.1567793725318684e-10,False,1.1831693853472617e-06,True,4.563184259295013e-07,True
30,6,cpu_rjd_corrected,2.0459481752378917e-08,1.7996535620825582e-08,2.8321535206280956e-08,1.6741158639187958e-08,3.8603581127278197e-10,False,3.2817588686514682e-06,True,4.781774649618114e-06,True
30,6,gpu_cholesky,5.987251304906953e-16,3.889611772376688e-16,5.351878158877977e-16,3.163551715074798e-16,1.1296930415661435e-17,False,1.3581303078167493e-13,True,1.1652122203760265e-13,True
30,6,gpu_pcg,8.591036006220561e-08,6.76794394401668e-08,1.054420077504842e-07,6.232788463366433e-08,1.6209831698111751e-09,False,6.644438632394134e-07,True,7.71728249703603e-06,True
30,6,gpu_rjd_corrected,2.045948171103671e-08,1.7996535578580565e-08,2.8321535144087853e-08,1.6741158602424958e-08,3.8603581049272455e-10,False,3.2817588380367964e-06,True,4.781774649923813e-06,True
30,7,cpu_cholesky,7.36597805817414e-16,0.0,0.0,0.0,1.1207871489808155e-17,False,0.0,True,0.0,True
30,7,cpu_banded,8.286216355954635e-16,6.482701872721268e-16,9.629059111044734e-16,5.829614434700915e-16,1.2608081007141445e-17,False,1.2422274261890147e-14,True,1.1861820824161143e-14,True
30,7,cpu_information_smoother,7.033176792578686e-16,3.1622486558524057e-16,3.728058336387365e-16,2.257037000248808e-16,1.0701490152940047e-17,False,4.700563431897344e-15,True,1.8262701659640823e-15,True
30,7,cpu_pcg,5.5862279867761015e-08,4.134434352091197e-08,6.172035832817111e-08,3.7366671829038226e-08,8.499852290485198e-10,False,1.5902123304026819e-06,True,2.353095198023234e-06,True
30,7,cpu_identity_corrected,5.844785113151653e-08,4.243696178220193e-08,6.296484376934628e-08,3.8120106843610776e-08,8.893265766372725e-10,False,9.485835743458631e-07,True,2.678221010600792e-06,True
30,7,cpu_reference_eigen_corrected,6.516214971074631e-08,5.016420580314005e-08,6.877422092266578e-08,4.1637213605450835e-08,9.91489520800897e-10,False,4.55057537916464e-06,True,2.6947352122843757e-06,True
30,7,cpu_rjd_corrected,2.880409489722485e-08,2.6290534148624266e-08,4.137478601247162e-08,2.5049077691745156e-08,4.3827525709221653e-10,False,3.057745547811801e-06,True,2.303560490392454e-06,True
30,7,gpu_cholesky,5.737821635118584e-16,3.1965224711024766e-16,4.061695563138401e-16,2.459027285134534e-16,8.730513043883635e-18,False,8.088024425203462e-14,True,5.402693882618878e-14,True
30,7,gpu_pcg,5.5862279886318045e-08,4.13443435225417e-08,6.172035830014362e-08,3.736667181206986e-08,8.499852293308785e-10,False,1.5902122628509389e-06,True,2.3530952366075742e-06,True
30,7,gpu_rjd_corrected,2.8804094888314433e-08,2.629053412190514e-08,4.13747859849461e-08,2.5049077675080686e-08,4.3827525695663806e-10,False,3.057745536334448e-06,True,2.303560482154651e-06,True
30,8,cpu_cholesky,6.049314538401597e-16,0.0,0.0,0.0,9.288279590874299e-18,False,0.0,True,0.0,True
30,8,cpu_banded,7.463847979407142e-16,4.55732820412773e-16,6.230391144064368e-16,3.8188615137278884e-16,1.1460192128616565e-17,False,5.032159631753833e-14,True,3.412759121926668e-14,True
30,8,cpu_information_smoother,6.918171655813226e-16,3.6789580361201776e-16,5.078904669877235e-16,3.113068365565627e-16,1.0622346083831483e-17,False,3.2408010240115694e-14,True,2.3679752740165857e-14,True
30,8,cpu_pcg,9.86138552497201e-08,7.252426162095804e-08,1.0788395945319788e-07,6.612649048477477e-08,1.5141435502880336e-09,False,6.065931949764307e-07,True,1.0853049650751837e-05,True
30,8,cpu_identity_corrected,9.968119874263825e-08,7.266710800225273e-08,1.0770655696362113e-07,6.601775324433207e-08,1.530531827969907e-09,False,1.1849742322761478e-06,True,1.1192441856945293e-05,True
30,8,cpu_reference_eigen_corrected,8.389227771009782e-08,6.725814029962015e-08,9.440281255484316e-08,5.7863344261590056e-08,1.2881045266703299e-09,False,1.7173673591121215e-07,True,1.7401625297608486e-06,True
30,8,cpu_rjd_corrected,8.383808271449957e-08,8.158622456368888e-08,1.3409936986592515e-07,8.219498756254205e-08,1.2872723688573696e-09,False,6.8272913037012265e-06,True,1.8789465225056957e-05,True
30,8,gpu_cholesky,6.274861545941141e-16,3.839031130267055e-16,5.147589236752495e-16,3.1551679453451224e-16,9.634590508187893e-18,False,4.9255773290420746e-14,True,2.7290237057619475e-14,True
30,8,gpu_pcg,9.861385523125825e-08,7.252426163291518e-08,1.0788395949777003e-07,6.612649051209486e-08,1.5141435500045648e-09,False,6.06593280752534e-07,True,1.0853049716897585e-05,True
30,8,gpu_rjd_corrected,8.383808273930389e-08,8.15862245639621e-08,1.3409936986305318e-07,8.21949875607817e-08,1.2872723692382215e-09,False,6.8272913337160466e-06,True,1.878946523172634e-05,True
30,9,cpu_cholesky,4.814470685289694e-16,0.0,0.0,0.0,8.271595795264173e-18,False,0.0,True,0.0,True
30,9,cpu_banded,6.258646443690168e-16,4.518405466550247e-16,6.056099602424859e-16,3.517277285804874e-16,1.0752790284059576e-17,False,7.145487537335291e-14,True,3.784166452402217e-14,True
30,9,cpu_information_smoother,4.671705122382273e-16,2.5755880640667863e-16,3.205996047427424e-16,1.8619867268169813e-16,8.026314619607272e-18,False,2.6116873173524508e-15,True,1.608088273656076e-15,True
30,9,cpu_pcg,5.139786896307394e-08,3.93505588417871e-08,6.082933894738256e-08,3.532862175920745e-08,8.830511688706595e-10,False,3.3695757232386755e-07,True,2.172529534604177e-06,True
30,9,cpu_identity_corrected,5.197629084402201e-08,3.94670060707518e-08,6.07706120837623e-08,3.529451421853962e-08,8.929888595477297e-10,False,7.617717202794584e-07,True,2.5704169633678908e-06,True
30,9,cpu_reference_eigen_corrected,9.554369055937333e-08,7.800734439717066e-08,1.1786860809894761e-07,6.845603692017691e-08,1.6415071005345354e-09,False,2.490754252614466e-06,True,4.8977828262716495e-06,True
30,9,cpu_rjd_corrected,4.4048439860469295e-08,3.862558758797911e-08,6.136916196243277e-08,3.564214157457352e-08,7.567828615462006e-10,False,6.181137142742056e-06,True,4.388396516454584e-06,True
30,9,gpu_cholesky,4.765705616683848e-16,2.9321413607419843e-16,4.1117311049129825e-16,2.388021890336347e-16,8.187814012633667e-18,False,1.3138347714567841e-15,True,1.9780066293843806e-15,True
30,9,gpu_pcg,5.139786897375039e-08,3.935055883524201e-08,6.082933893547455e-08,3.532862175229148e-08,8.830511690540884e-10,False,3.3695756692021567e-07,True,2.1725295315258288e-06,True
30,9,gpu_rjd_corrected,4.40484398455886e-08,3.862558758152848e-08,6.136916197439282e-08,3.5642141581519714e-08,7.567828612905399e-10,False,6.181137145179333e-06,True,4.3883965189085805e-06,True
30,10,cpu_cholesky,5.421484413967198e-16,0.0,0.0,0.0,9.196716479358784e-18,False,0.0,True,0.0,True
30,10,cpu_banded,6.551584799235972e-16,5.216930460296323e-16,7.568484620799711e-16,4.500081847498697e-16,1.1113758389459149e-17,False,3.153086589271439e-14,True,1.7319856325913187e-14,True
30,10,cpu_information_smoother,4.936333023333726e-16,3.1049136329096173e-16,4.474648598247321e-16,2.660543812901425e-16,8.373731582873996e-18,False,1.1412220047973031e-14,True,1.6906740681908388e-14,True
30,10,cpu_pcg,5.4617104622072675e-08,4.3404063990064916e-08,7.083324525923947e-08,4.211614572282053e-08,9.264953798003774e-10,False,3.81873445904447e-07,True,1.158062872122347e-06,True
30,10,cpu_identity_corrected,5.4431281098590936e-08,4.4198717044431805e-08,7.267241283179668e-08,4.3209680957737664e-08,9.233431685676079e-10,False,1.698686679492275e-06,True,4.994654491953808e-07,True
30,10,cpu_reference_eigen_corrected,7.510954721360743e-08,6.533078491392225e-08,1.0158162913630132e-07,6.039856962374496e-08,1.2741182411081139e-09,False,1.6059397631037155e-06,True,4.2231603057605534e-07,True
30,10,cpu_rjd_corrected,3.447153089486974e-08,3.007030666778375e-08,4.777292979757663e-08,2.8404905995724745e-08,5.847566286478388e-10,False,2.9250706967690472e-06,True,4.184969875193202e-07,True
30,10,gpu_cholesky,5.53374208058129e-16,2.947960772008889e-16,4.23118465347324e-16,2.5157846261829484e-16,9.387144386856671e-18,False,3.393056367173971e-14,True,2.5720099814330142e-14,True
30,10,gpu_pcg,5.4617104650539944e-08,4.3404063986534535e-08,7.083324523214762e-08,4.211614570671221e-08,9.264953802832809e-10,False,3.818733574264592e-07,True,1.1580629507196454e-06,True
30,10,gpu_rjd_corrected,3.447153093200185e-08,3.0070306702522e-08,4.7772929842804096e-08,2.8404906022616162e-08,5.847566292777281e-10,False,2.925070738588139e-06,True,4.1849698632272905e-07,True
30,11,cpu_cholesky,5.474670417321537e-16,0.0,0.0,0.0,9.800453046101846e-18,False,0.0,True,0.0,True
30,11,cpu_banded,6.427679635839674e-16,4.665504038442478e-16,6.600665701278018e-16,3.86977545887173e-16,1.1506477589431114e-17,False,1.5230154527539587e-13,True,9.886591379998754e-14,True
30,11,cpu_information_smoother,5.935118487671852e-16,3.310904048566465e-16,4.923225233196689e-16,2.8863416279715247e-16,1.0624721787350424e-17,False,5.867547936140322e-16,True,2.0523973775461039e-16,True
30,11,cpu_pcg,5.1782868826169704e-08,4.3133792366358724e-08,7.02244125275575e-08,4.11705001451914e-08,9.269883580679555e-10,False,4.012632333657368e-06,True,2.1923314311850788e-06,True
30,11,cpu_identity_corrected,5.1693789004508725e-08,4.347389824293224e-08,7.108395979293213e-08,4.167442733432976e-08,9.253937004333478e-10,False,5.207358169513038e-06,True,3.2551089581019337e-06,True
30,11,cpu_reference_eigen_corrected,1.708500088073339e-08,1.3963303496415477e-08,2.0729701494925915e-08,1.215321207666507e-08,3.058462633421528e-10,False,1.274711497585635e-06,True,7.585752407732017e-07,True
30,11,cpu_rjd_corrected,2.595825016068863e-08,2.145360263582393e-08,3.3313875729064465e-08,1.95309419641227e-08,4.6469027671489064e-10,False,4.297139890156109e-06,True,3.864906780366312e-06,True
30,11,gpu_cholesky,5.066795770670985e-16,4.240005472240821e-16,6.603317795519435e-16,3.8713303034396144e-16,9.070298348469869e-18,False,3.8513573487333616e-14,True,2.3725544636670992e-14,True
30,11,gpu_pcg,5.178286879549019e-08,4.3133792340520395e-08,7.02244125004599e-08,4.117050012930487e-08,9.269883575187476e-10,False,4.0126322328493745e-06,True,2.1923313627047875e-06,True
30,11,gpu_rjd_corrected,2.5958250196116814e-08,2.145360265406774e-08,3.3313875746736834e-08,1.953094197448349e-08,4.6469027734910646e-10,False,4.297139819743855e-06,True,3.86490672046596e-06,True
30,12,cpu_cholesky,4.613146581902234e-16,0.0,0.0,0.0,7.182730461254946e-18,False,0.0,True,0.0,True
30,12,cpu_banded,7.140816113344516e-16,5.905434517495956e-16,8.567629075714042e-16,5.141062590032676e-16,1.1118345473078404e-17,False,2.788659204868889e-14,True,1.1867955174090576e-14,True
30,12,cpu_information_smoother,5.299463659895508e-16,2.9595470969295517e-16,4.042927907633327e-16,2.425985676603363e-16,8.251335261614235e-18,False,4.701478153887606e-14,True,2.8947165754498634e-14,True
30,12,cpu_pcg,9.681567906070337e-08,7.392756574794586e-08,1.1471546933433187e-07,6.883577739896759e-08,1.507432972119799e-09,False,1.3699685950136806e-06,True,9.612668615885293e-08,True
30,12,cpu_identity_corrected,4.6446152552106444e-08,3.646870843905476e-08,5.8168730310116255e-08,3.490453200812912e-08,7.231727598228274e-10,False,2.0331429779781236e-06,True,3.7663117887143883e-06,True
30,12,cpu_reference_eigen_corrected,2.9215889942046823e-08,2.410765841944958e-08,3.69118001641806e-08,2.214917024042797e-08,4.548952844413341e-10,False,8.132754412742816e-07,True,3.3515505526349312e-06,True
30,12,cpu_rjd_corrected,6.930145244155751e-08,6.364173820551744e-08,1.0172598284121258e-07,6.104134996946957e-08,1.0790328082146988e-09,False,4.548553110713988e-06,True,6.074712402844254e-06,True
30,12,gpu_cholesky,4.479779567645136e-16,3.3408164209464727e-16,4.452895670456767e-16,2.671989548846784e-16,6.97507624979131e-18,False,4.2976047276868275e-14,True,1.8547402510681156e-14,True
30,12,gpu_pcg,9.681567907108674e-08,7.392756580043178e-08,1.147154694491082e-07,6.883577746783987e-08,1.5074329722814698e-09,False,1.3699685665863142e-06,True,9.612666860781124e-08,True
30,12,gpu_rjd_corrected,6.93014524975356e-08,6.364173823602319e-08,1.017259828504863e-07,6.104134997503431e-08,1.0790328090862852e-09,False,4.548553145665445e-06,True,6.074712398113582e-06,True
30,13,cpu_cholesky,5.255273788814073e-16,0.0,0.0,0.0,1.0553476313720095e-17,False,0.0,True,0.0,True
30,13,cpu_banded,5.904608562882779e-16,3.9883715811427036e-16,5.908790490687722e-16,3.479251157407399e-16,1.1857450080490347e-17,False,5.0437460601987286e-14,True,2.2613490788619104e-14,True
30,13,cpu_information_smoother,4.914452806528841e-16,2.0330629745427454e-16,2.6874009481741424e-16,1.5824123184073778e-16,9.869050286017795e-18,False,3.410094453220725e-15,True,5.814716649084989e-16,True
30,13,cpu_pcg,5.877474119699553e-08,4.502581811204362e-08,6.776753067069023e-08,3.990330337354676e-08,1.1802959532045969e-09,False,4.402944136779203e-07,True,3.664390508054178e-06,True
30,13,cpu_identity_corrected,6.048943931024782e-08,4.563727840220126e-08,6.803822427590377e-08,4.006269488365806e-08,1.2147299834504788e-09,False,1.0009492853877062e-06,True,5.344852021687805e-06,True
30,13,cpu_reference_eigen_corrected,4.226936071802032e-08,3.5469834115722666e-08,5.2748232913265866e-08,3.105954606173809e-08,8.488400715005979e-10,False,1.419741898574173e-06,True,2.9954584229942113e-07,True
30,13,cpu_rjd_corrected,6.886942321287417e-08,6.102267605236771e-08,9.52019654821048e-08,5.605741972288485e-08,1.3830142004074035e-09,False,5.8928954472133134e-06,True,4.596307861001008e-06,True
30,13,gpu_cholesky,5.88688112805661e-16,2.558769287852091e-16,3.5565320965340177e-16,2.0941795842523317e-16,1.1821850400804922e-17,False,1.1864008311911565e-14,True,6.144256450564851e-15,True
30,13,gpu_pcg,5.877474118194598e-08,4.502581809849318e-08,6.776753066551993e-08,3.990330337050235e-08,1.1802959529023765e-09,False,4.402944636043108e-07,True,3.6643904561713096e-06,True
30,13,gpu_rjd_corrected,6.886942318420266e-08,6.102267601176192e-08,9.520196539913043e-08,5.605741967402736e-08,1.3830141998316308e-09,False,5.8928953773541e-06,True,4.59630791736783e-06,True
30,14,cpu_cholesky,5.374478516724133e-16,0.0,0.0,0.0,1.1357845860400125e-17,False,0.0,True,0.0,True
30,14,cpu_banded,4.783100459210836e-16,4.420451291168677e-16,6.54970494274105e-16,3.9942146204326105e-16,1.0108090967612329e-17,False,1.6532006823004716e-14,True,1.0109845725565997e-15,True
30,14,cpu_information_smoother,4.3749777230271793e-16,2.914835959913342e-16,3.9254965705582506e-16,2.393890401423192e-16,9.24560819551185e-18,False,4.0208845184198713e-16,True,3.929710579376937e-15,True
30,14,cpu_pcg,5.1132529990575846e-08,3.953437551280914e-08,5.8430930241244234e-08,3.563300605070979e-08,1.0805799894016742e-09,False,5.068621042311225e-07,True,2.9215245661907055e-06,True
30,14,cpu_identity_corrected,5.348954355485862e-08,4.04214567520609e-08,5.899566114782963e-08,3.5977396594011056e-08,1.1303905829405317e-09,False,2.090621772721788e-06,True,4.3382049782278174e-06,True
30,14,cpu_reference_eigen_corrected,6.841944834607185e-08,6.17247416061724e-08,9.561858112992537e-08,5.831119692764904e-08,1.4459031432929101e-09,False,1.2201461498281386e-06,True,9.414180117025082e-07,True
30,14,cpu_rjd_corrected,2.4448675006470917e-08,2.2429634858260146e-08,3.5246422921392844e-08,2.1494369438214913e-08,5.166720460920728e-10,False,1.1046909873040105e-06,True,3.1914294694843505e-07,True
30,14,gpu_cholesky,4.550225594499903e-16,2.678314467433024e-16,3.6285633932363585e-16,2.2128112767116195e-16,9.615958231400283e-18,False,1.0070568080759833e-15,True,5.275752907115457e-15,True
30,14,gpu_pcg,5.113253002188475e-08,3.9534375556421745e-08,5.8430930297257855e-08,3.563300608486865e-08,1.0805799900633227e-09,False,5.068620662831347e-07,True,2.9215245407105895e-06,True
30,14,gpu_rjd_corrected,2.4448674991769336e-08,2.2429634851229786e-08,3.524642292325365e-08,2.149436943934969e-08,5.166720457813854e-10,False,1.1046910971555531e-06,True,3.191428354679551e-07,True
30,15,cpu_cholesky,4.0642550465049986e-16,0.0,0.0,0.0,9.473357822845465e-18,False,0.0,True,0.0,True
30,15,cpu_banded,5.894260952787598e-16,5.033250334377807e-16,7.558107235413229e-16,4.516829551750398e-16,1.3738912166695953e-17,False,9.365310169739789e-14,True,5.762754137373135e-14,True
30,15,cpu_information_smoother,4.3955606251721024e-16,2.487896241983443e-16,3.384845290159735e-16,2.022830420169442e-16,1.0245596833317343e-17,False,3.942043006399115e-14,True,2.8135313514694966e-14,True
30,15,cpu_pcg,6.569621266446247e-08,5.163288091439834e-08,7.867823977077602e-08,4.701920565657533e-08,1.5313107137256198e-09,False,1.0120824057942482e-06,True,1.8676610479419593e-06,True
30,15,cpu_identity_corrected,6.742217396688326e-08,5.220706981136971e-08,7.897752429298722e-08,4.719806223166745e-08,1.5715410858982482e-09,False,2.6513380666898767e-06,True,3.4782316625847554e-07,True
30,15,cpu_reference_eigen_corrected,8.381598724616933e-08,7.226814648716746e-08,1.0743853683432283e-07,6.420675746651548e-08,1.953663873091934e-09,False,7.1773381887492785e-06,True,1.39192797373552e-05,True
30,15,cpu_rjd_corrected,8.127964514619265e-08,7.849400762993189e-08,1.3039211981458193e-07,7.792413652644897e-08,1.894544393773145e-09,False,1.7866567111019302e-06,True,1.4722470231403416e-06,True
30,15,gpu_cholesky,3.962784616195456e-16,2.608769388529985e-16,3.6930390514883635e-16,2.2070112799370595e-16,9.236840752986125e-18,False,5.007964280851573e-16,True,4.79475464575184e-15,True
30,15,gpu_pcg,6.569621273285499e-08,5.163288094564748e-08,7.867823979707267e-08,4.701920567229057e-08,1.5313107153197787e-09,False,1.0120824517984255e-06,True,1.8676610295666997e-06,True
30,15,gpu_rjd_corrected,8.127964512858429e-08,7.849400762269505e-08,1.3039211981830638e-07,7.792413652867476e-08,1.8945443933627124e-09,False,1.7866566878964136e-06,True,1.4722470204264184e-06,True
31,0,cpu_cholesky,3.970239684499139e-16,0.0,0.0,0.0,1.2178258571747528e-17,False,0.0,True,0.0,True
31,0,cpu_banded,5.236922123666983e-16,3.66823636922524e-16,4.687039386931545e-16,3.343969573155262e-16,1.606366285419047e-17,False,1.0477089621097827e-13,True,7.840987869715861e-14,True
31,0,cpu_information_smoother,3.9777993334055993e-16,2.310066623017322e-16,2.9301888970669075e-16,2.0905440954281922e-16,1.2201446934771038e-17,False,3.281149369630199e-14,True,3.6581717237388025e-14,True
31,0,cpu_pcg,8.817738597376466e-08,7.530009489779656e-08,9.957021689221305e-08,7.103839933762722e-08,2.704740997708491e-09,False,1.6385055880419887e-06,True,2.3437494448766396e-06,True
31,0,cpu_identity_corrected,9.391744536145847e-08,7.700151543370321e-08,9.863230775950242e-08,7.036924780224359e-08,2.8808107948438804e-09,False,1.5560869505247476e-06,True,3.1417184686531823e-06,True
31,0,cpu_reference_eigen_corrected,3.7456971859568634e-08,3.876608435672579e-08,5.604288526993401e-08,3.998381230953962e-08,1.1489500099336492e-09,False,3.239830800005974e-07,True,1.2716396462372428e-06,True
31,0,cpu_rjd_corrected,3.099978305479059e-08,2.7905613091065942e-08,3.671270059143994e-08,2.6192686596240753e-08,9.508830783716724e-10,False,9.76782997557073e-07,True,2.5634917270343424e-06,True
31,0,gpu_cholesky,3.7067489818935574e-16,2.703064892259087e-16,3.5060231324700655e-16,2.5013731931605873e-16,1.1370030816604579e-17,False,4.0594862448556575e-14,True,2.2450533871362238e-14,True
31,0,gpu_pcg,8.817738597183013e-08,7.530009489615852e-08,9.957021689021882e-08,7.103839933620443e-08,2.704740997649152e-09,False,1.6385055939441323e-06,True,2.343749427673853e-06,True
31,0,gpu_rjd_corrected,3.099978302064381e-08,2.7905613064429678e-08,3.671270055426084e-08,2.6192686569715317e-08,9.508830773242587e-10,False,9.76782996092848e-07,True,2.5634917155771054e-06,True
31,1,cpu_cholesky,4.2416275518073986e-14,0.0,0.0,0.0,5.736625813739728e-18,False,0.0,True,0.0,True
31,1,cpu_banded,5.439565763272776e-14,2.3409231661222243e-14,1.612594825216572e-14,1.5403398889297148e-14,7.356787693400464e-18,False,1.5509430982706479e-12,True,1.833772053685959e-12,True
31,1,cpu_information_smoother,5.902423869280389e-14,8.091341439708943e-14,1.157124045129189e-13,1.1052772186050052e-13,7.98278413617974e-18,False,1.3356607043939584e-11,True,1.2076007742589298e-11,True
31,1,cpu_pcg,8.805680230013055e-08,3.595692920756151e-08,7.208178146585839e-09,6.885203990535246e-09,1.19093182768306e-11,False,1.825889989683813e-07,True,2.3488209666075794e-07,True
31,1,cpu_identity_corrected,7.642473516826123e-08,3.4299820757866336e-08,6.9688251451612e-09,6.656575589982176e-09,1.0336129311483957e-11,False,1.8004419859789483e-07,True,1.9700803635063293e-07,True
31,1,cpu_reference_eigen_corrected,6.578832262410296e-08,3.3277906980964075e-08,9.080442387280491e-09,8.673578384066718e-09,8.897598508660673e-12,False,3.660512877743327e-07,True,5.486514190093342e-07,True
31,1,cpu_rjd_corrected,7.336362862407833e-08,3.8676691517354046e-08,7.68430466467189e-09,7.3399968848921174e-09,9.922127303805465e-12,False,1.673414310172915e-07,True,3.526428605022185e-08,True
31,1,gpu_cholesky,5.1331764478848135e-14,2.6906811298075828e-14,3.37647290519969e-14,3.2251845401221583e-14,6.942408817782269e-18,False,4.74787251919618e-12,True,4.425336947974581e-12,True
31,1,gpu_pcg,7.039962580498859e-08,3.396100946311578e-08,6.924526646424919e-09,6.614261957595298e-09,9.521258192074381e-12,False,1.8896474009476603e-07,True,1.7588309169701288e-07,True
31,1,gpu_rjd_corrected,7.387409144463261e-08,4.1088048521157024e-08,8.043867253271778e-09,7.68344868637787e-09,9.99116528750347e-12,False,2.1493603582509215e-07,True,1.0388289938395337e-07,True
31,2,cpu_cholesky,4.368771970171721e-16,0.0,0.0,0.0,8.306150923196132e-18,False,0.0,True,0.0,True
31,2,cpu_banded,5.865449327411134e-16,4.0755476196947745e-16,5.229938143010932e-16,3.5153380209505326e-16,1.1151716701735097e-17,False,5.568083395434822e-15,True,1.5445485931032237e-14,True
31,2,cpu_information_smoother,5.391605832806703e-16,2.5678486840857106e-16,3.1158706992651784e-16,2.0943534011258207e-16,1.0250819239695124e-17,False,1.2765874085113739e-15,True,3.3962043210653703e-15,True
31,2,cpu_pcg,8.823213789557533e-08,6.810438011703424e-08,9.437321337450478e-08,6.343358870850425e-08,1.6775182126424687e-09,False,1.90451606760659e-06,True,1.452577757966529e-06,True
31,2,cpu_identity_corrected,8.942661765392733e-08,6.833960738723032e-08,9.423382899104155e-08,6.333990055975056e-08,1.7002283220695075e-09,False,1.2293000032253655e-06,True,2.1512908655694012e-06,True
31,2,cpu_reference_eigen_corrected,1.339329821920742e-08,1.1153677433763977e-08,1.46151331584304e-08,9.823659834627959e-09,2.546407942971638e-10,False,2.6033532855871533e-07,True,4.909810244444587e-07,True
31,2,cpu_rjd_corrected,2.1213168978898567e-08,1.838439188626741e-08,2.5257716123941102e-08,1.6977143397292353e-08,4.033165011114271e-10,False,1.434879426445193e-06,True,1.7886046341254149e-06,True
31,2,gpu_cholesky,4.459973213940796e-16,2.894230978591913e-16,3.6838103792338016e-16,2.476097868461102e-16,8.4795477725399e-18,False,3.7820101664205917e-14,True,1.389159988322995e-14,True
31,2,gpu_pcg,8.823213789357864e-08,6.810438012892854e-08,9.437321340372641e-08,6.343358872814577e-08,1.6775182126045065e-09,False,1.9045160248972263e-06,True,1.4525777704423692e-06,True
31,2,gpu_rjd_corrected,2.1213168963984414e-08,1.838439187767284e-08,2.5257716115390755e-08,1.6977143391545178e-08,4.0331650082787103e-10,False,1.4348794630033898e-06,True,1.7886046811931735e-06,True
31,3,cpu_cholesky,4.865127354475355e-16,0.0,0.0,0.0,1.0165821555922069e-17,False,0.0,True,0.0,True
31,3,cpu_banded,5.914871346923491e-16,4.060643520442574e-16,4.844017425736403e-16,3.483709235081014e-16,1.235929139321469e-17,False,2.6505015247858875e-14,True,8.161750573872254e-15,True
31,3,cpu_information_smoother,5.317930367026527e-16,2.3836737515698736e-16,2.7220499917456105e-16,1.9576376096860904e-16,1.1111966289696575e-17,False,7.169057672268993e-14,True,7.25678481426528e-14,True
31,3,cpu_pcg,6.890999965644978e-08,5.386479411305775e-08,6.908339343512763e-08,4.968323491613005e-08,1.4398939809424447e-09,False,4.3402427132498965e-07,True,2.496474496035516e-07,True
31,3,cpu_identity_corrected,6.937188139952486e-08,5.3914986976712407e-08,6.894190268660452e-08,4.958147792725349e-08,1.4495451307188847e-09,False,2.5411209160578436e-07,True,1.1079666125393521e-07,True
31,3,cpu_reference_eigen_corrected,1.2736623460326857e-08,1.1256955630249901e-08,1.4519360136755231e-08,1.0441999801062196e-08,2.6613535847858343e-10,False,7.324184892962896e-07,True,6.718152625589331e-07,True
31,3,cpu_rjd_corrected,5.8526417031853886e-08,5.610648488956361e-08,7.659678970791345e-08,5.508670184902368e-08,1.2229260873704855e-09,False,2.514359943036545e-07,True,3.5736966316911513e-06,True
31,3,gpu_cholesky,4.98311800859887e-16,3.221503672892091e-16,3.7750787014300286e-16,2.7149523586468384e-16,1.0412366373291093e-17,False,1.4356246874848673e-13,True,1.230656669118539e-13,True
31,3,gpu_pcg,6.890999963670352e-08,5.386479410476628e-08,6.908339342395086e-08,4.968323490809196e-08,1.4398939805298413e-09,False,4.340242342331897e-07,True,2.49647435728112e-07,True
31,3,gpu_rjd_corrected,5.852641703802767e-08,5.610648488529786e-08,7.659678970071993e-08,5.5086701843850263e-08,1.2229260874994884e-09,False,2.514360318750193e-07,True,3.5736966027827376e-06,True
31,4,cpu_cholesky,4.1832021012101124e-16,0.0,0.0,0.0,9.947127551088259e-18,False,0.0,True,0.0,True
31,4,cpu_banded,6.016255613935543e-16,4.595748670797219e-16,5.256665736519339e-16,3.9030162537713024e-16,1.4305897856203483e-17,False,2.3737417242626914e-15,True,2.4136741808741612e-14,True
31,4,cpu_information_smoother,3.905432566424281e-16,2.1432914227159512e-16,2.3291382633371833e-16,1.729359437091582e-16,9.286626593813967e-18,False,2.7778649045866365e-15,True,5.159091515027797e-15,True
31,4,cpu_pcg,4.877088486989209e-08,3.960910514416356e-08,4.9987650392171124e-08,3.711527834327678e-08,1.1597101946997982e-09,False,3.156516373777204e-06,True,7.199688641638979e-08,True
31,4,cpu_identity_corrected,4.920731219846771e-08,4.041942213674904e-08,5.128897624414246e-08,3.80814984162807e-08,1.1700878858868599e-09,False,4.036418004917469e-06,True,5.965341511053423e-07,True
31,4,cpu_reference_eigen_corrected,8.169409420226308e-08,7.835852386471689e-08,1.0431046029693935e-07,7.744936474634878e-08,1.942582598116292e-09,False,2.082465633593608e-06,True,3.4398454299377163e-06,True
31,4,cpu_rjd_corrected,2.1955199165198345e-08,2.1013952337495063e-08,2.8101831061492727e-08,2.0865299201308244e-08,5.220669727896815e-10,False,8.378050934616344e-07,True,2.2824909826365993e-06,True
31,4,gpu_cholesky,4.4388087428544675e-16,2.653778697051549e-16,3.0094552362179635e-16,2.2344872759083516e-16,1.055492794079599e-17,False,3.924005208171979e-14,True,3.138750988137517e-14,True
31,4,gpu_pcg,4.877088486968484e-08,3.9609105135240514e-08,4.998765036268026e-08,3.7115278321380143e-08,1.15971019469487e-09,False,3.1565163780102373e-06,True,7.199688409429704e-08,True
31,4,gpu_rjd_corrected,2.1955199179164552e-08,2.101395233975394e-08,2.8101831051778963e-08,2.086529919409588e-08,5.220669731217801e-10,False,8.378050993980414e-07,True,2.282490994258316e-06,True
31,5,cpu_cholesky,4.568789256637096e-16,0.0,0.0,0.0,1.1884604658749533e-17,False,0.0,True,0.0,True
31,5,cpu_banded,5.1896362757714635e-16,4.1178897742012445e-16,5.109393535368268e-16,3.7641779458812716e-16,1.3499588620913306e-17,False,5.157114023861288e-14,True,5.593451130333953e-14,True
31,5,cpu_information_smoother,4.596527369120447e-16,2.7145235511923664e-16,3.448879671097599e-16,2.5408488710212695e-16,1.1956758676439371e-17,False,3.4133317511662584e-14,True,2.970837427819593e-14,True
31,5,cpu_pcg,5.021646360475991e-08,4.238916412652695e-08,5.5494440107237086e-08,4.088370686749906e-08,1.3062603310280033e-09,False,2.2184014256607333e-06,True,2.8646855122811436e-06,True
31,5,cpu_identity_corrected,5.175930656579416e-08,4.285508331496519e-08,5.544631276459974e-08,4.0848250627830816e-08,1.3463936748766745e-09,False,1.1533444504541483e-06,True,3.6570263344450827e-06,True
31,5,cpu_reference_eigen_corrected,9.132778681564482e-09,8.987949180524143e-09,1.2221728430134886e-08,9.003957181769128e-09,2.375672365464263e-10,False,1.5463569128375662e-07,True,3.6277536608393207e-07,True
31,5,cpu_rjd_corrected,9.81042132644695e-08,9.655268633657343e-08,1.3113177607782202e-07,9.660703097139721e-08,2.5519448031344223e-09,False,1.3261561282562452e-06,True,6.814320166682565e-06,True
31,5,gpu_cholesky,3.887992920347347e-16,2.6969509094245234e-16,3.1748858338238886e-16,2.338992906622797e-16,1.0113676989416797e-17,False,3.606660831435946e-14,True,2.996492909077272e-14,True
31,5,gpu_pcg,5.021646362172054e-08,4.2389164147035135e-08,5.549444014547589e-08,4.0883706895670244e-08,1.3062603314691933e-09,False,2.21840146931611e-06,True,2.8646854803961066e-06,True
31,5,gpu_rjd_corrected,9.810421327656237e-08,9.65526863367184e-08,1.3113177605762796e-07,9.66070309565199e-08,2.551944803448989e-09,False,1.3261562689967548e-06,True,6.814320264650776e-06,True
31,6,cpu_cholesky,4.689164968157654e-16,0.0,0.0,0.0,9.14453868250942e-18,False,0.0,True,0.0,True
31,6,cpu_banded,6.638254618840221e-16,5.561474261894456e-16,7.3837743806402e-16,5.300653466256585e-16,1.2945540743084881e-17,False,1.1073028795331997e-13,True,9.041236265267558e-14,True
31,6,cpu_information_smoother,5.464278853134627e-16,3.304854771544595e-16,3.902419375941557e-16,2.8014632795535087e-16,1.0656121011699034e-17,False,2.9943835643188735e-16,True,1.328080477992593e-14,True
31,6,cpu_pcg,5.4623947860673076e-08,4.12744765534204e-08,5.288366761202263e-08,3.79640522022186e-08,1.065244681627472e-09,False,4.823737545474277e-07,True,1.79615728867781e-06,True
31,6,cpu_identity_corrected,5.4741915906018976e-08,4.253768786458389e-08,5.5381401819785456e-08,3.9757122088113154e-08,1.067545226917018e-09,False,1.0859349724814674e-06,True,8.615497548673444e-07,True
31,6,cpu_reference_eigen_corrected,1.5980668045106155e-08,1.3730546691806983e-08,1.737387543474543e-08,1.2472333023467696e-08,3.116457586952635e-10,False,1.1564081604037933e-06,True,9.288437918455738e-07,True
31,6,cpu_rjd_corrected,2.6645190437660705e-08,2.5025894430601962e-08,3.4086511345390786e-08,2.4469976356438236e-08,5.196191123489092e-10,False,2.363220994107912e-06,True,1.9383551067892182e-06,True
31,6,gpu_cholesky,5.160131961611998e-16,2.968865145181598e-16,3.4823633487130103e-16,2.4999140552721033e-16,1.0062991310871635e-17,False,2.2150570166348124e-15,True,8.646100956279515e-15,True
31,6,gpu_pcg,5.46239478161659e-08,4.127447656472446e-08,5.288366764901554e-08,3.7964052228775015e-08,1.0652446807595188e-09,False,4.823737534774869e-07,True,1.7961572654200785e-06,True
31,6,gpu_rjd_corrected,2.664519048002083e-08,2.5025894468504075e-08,3.408651138607537e-08,2.446997638564483e-08,5.196191131749918e-10,False,2.363220992597364e-06,True,1.9383551018722923e-06,True
31,7,cpu_cholesky,6.549392337882736e-16,0.0,0.0,0.0,1.088487208043402e-17,False,0.0,True,0.0,True
31,7,cpu_banded,7.412053996023827e-16,6.415852896811776e-16,7.890497835799864e-16,5.34161942508487e-16,1.2318587044072374e-17,False,7.740187681762764e-14,True,1.3181028088877309e-14,True
31,7,cpu_information_smoother,6.333663994215343e-16,3.8544100329092587e-16,4.3470152933566953e-16,2.9427929409958825e-16,1.0526338753401332e-17,False,2.5969759245749465e-14,True,3.613521280400583e-14,True
31,7,cpu_pcg,9.764888967112306e-08,7.571300273822998e-08,1.0420694224795452e-07,7.054482980970805e-08,1.6228920471455728e-09,False,2.2558052009227626e-06,True,5.058422565371327e-07,True
31,7,cpu_identity_corrected,9.78524298313886e-08,7.698107359689786e-08,1.065561152042178e-07,7.213514618228556e-08,1.626274815958746e-09,False,1.7886897617350744e-06,True,1.6417393391751886e-06,True
31,7,cpu_reference_eigen_corrected,5.192227739569881e-08,4.218366488855946e-08,5.4560138817386236e-08,3.6935501841213543e-08,8.629309738419499e-10,False,3.5990900014633194e-06,True,2.786252491341431e-07,True
31,7,cpu_rjd_corrected,3.417414377592693e-08,3.1300507269703e-08,4.420541798052204e-08,2.9925680773577704e-08,5.679628924428238e-10,False,4.434653972608347e-06,True,1.6977580029174711e-06,True
31,7,gpu_cholesky,6.058561250319718e-16,4.1448598112449424e-16,4.942895897235632e-16,3.3461854106407803e-16,1.0069127149362915e-17,False,3.0972590925374194e-14,True,4.464881059867563e-14,True
31,7,gpu_pcg,9.76488896598196e-08,7.571300272584383e-08,1.0420694223811382e-07,7.05448298030462e-08,1.6228920469577133e-09,False,2.255805306671252e-06,True,5.058421995492968e-07,True
31,7,gpu_rjd_corrected,3.4174143745003416e-08,3.1300507280253545e-08,4.420541802077853e-08,2.992568080083009e-08,5.679628919288853e-10,False,4.434653937519741e-06,True,1.6977579756852585e-06,True
31,8,cpu_cholesky,6.391572525454801e-16,0.0,0.0,0.0,1.0507863836025306e-17,False,0.0,True,0.0,True
31,8,cpu_banded,6.409053855100126e-16,5.168982190416135e-16,6.5218646701322115e-16,4.519724686736944e-16,1.0536603466351675e-17,False,3.087692645415851e-14,True,1.3532324070396336e-14,True
31,8,cpu_information_smoother,5.782491887681889e-16,3.8270675557126906e-16,4.3471238004247714e-16,3.012605098517517e-16,9.506523965220694e-18,False,7.008220169162146e-15,True,1.8691356859972324e-15,True
31,8,cpu_pcg,8.389320038597084e-08,6.92590184225616e-08,1.0063235652265276e-07,6.973934128730195e-08,1.379219786288784e-09,False,4.393035599610622e-06,True,5.217658357326091e-06,True
31,8,cpu_identity_corrected,8.455616213898512e-08,6.932737447674105e-08,1.0048033567231759e-07,6.963398914877854e-08,1.3901190003876322e-09,False,4.1424382439843195e-06,True,5.531606825323124e-06,True
31,8,cpu_reference_eigen_corrected,8.805728396609306e-08,7.302799529586758e-08,9.634865355739597e-08,6.677068753228208e-08,1.447678108663817e-09,False,5.469972451578886e-06,True,4.6733352713080264e-06,True
31,8,cpu_rjd_corrected,8.064512786844034e-08,8.03751232912144e-08,1.2089880267172892e-07,8.37842136674195e-08,1.3258208535147702e-09,False,8.697737659622995e-06,True,2.5476875048634656e-06,True
31,8,gpu_cholesky,5.091589745231758e-16,4.299143635295208e-16,5.389918870099585e-16,3.7352736692410616e-16,8.370668022419273e-18,False,8.326520621385538e-16,True,3.98726886389164e-15,True
31,8,gpu_pcg,8.389320033623142e-08,6.925901836433437e-08,1.006323564494269e-07,6.973934123655561e-08,1.3792197854710592e-09,False,4.3930357412833944e-06,True,5.2176582704571975e-06,True
31,8,gpu_rjd_corrected,8.064512786480788e-08,8.03751233006728e-08,1.2089880269846355e-07,8.37842136859469e-08,1.3258208534550519e-09,False,8.697737682273424e-06,True,2.547687499904525e-06,True
31,9,cpu_cholesky,5.870217879921108e-16,0.0,0.0,0.0,1.0569573272689962e-17,False,0.0,True,0.0,True
31,9,cpu_banded,6.797920612083575e-16,5.230201866414832e-16,6.464865750569189e-16,4.681782677600865e-16,1.2239940915500123e-17,False,1.3478967584538516e-13,True,1.0927380325844896e-13,True
31,9,cpu_information_smoother,5.278261967970031e-16,3.480623825553874e-16,4.0877275382957337e-16,2.960286062840521e-16,9.503731848478124e-18,False,7.0339508024693544e-15,True,6.430520139029697e-15,True
31,9,cpu_pcg,5.2209669728518876e-08,3.979482976451844e-08,5.008715951988766e-08,3.627255458317837e-08,9.400569806706337e-10,False,1.4232912944624778e-06,True,1.093416040974317e-06,True
31,9,cpu_identity_corrected,5.257396727360678e-08,3.983747945004473e-08,5.0001440155929905e-08,3.621047758903862e-08,9.466163107053062e-10,False,1.5690167588114264e-06,True,9.80711192646063e-07,True
31,9,cpu_reference_eigen_corrected,9.153443982623994e-08,7.406335607568127e-08,9.079010920862576e-08,6.574917051495017e-08,1.6481159314491015e-09,False,1.2322125449684215e-06,True,1.1770900559006749e-06,True
31,9,cpu_rjd_corrected,4.4569690892410364e-08,4.010060586479207e-08,5.2094821530154094e-08,3.772648071015404e-08,8.024959612664567e-10,False,3.007071075863455e-06,True,2.101845050385696e-06,True
31,9,gpu_cholesky,5.527457093148952e-16,3.587878248916538e-16,4.1688710589450243e-16,3.0190492829958585e-16,9.95241811339256e-18,False,4.554822703770384e-14,True,2.9080930278469544e-14,True
31,9,gpu_pcg,5.2209669765566125e-08,3.9794829781761344e-08,5.008715952317058e-08,3.627255458555583e-08,9.40056981337685e-10,False,1.423291395464208e-06,True,1.0934159560849433e-06,True
31,9,gpu_rjd_corrected,4.456969085766543e-08,4.010060584106479e-08,5.209482150454142e-08,3.7726480691605635e-08,8.024959606408596e-10,False,3.0070710387832244e-06,True,2.101845091185131e-06,True
31,10,cpu_cholesky,5.205078917588293e-16,0.0,0.0,0.0,9.608358672910935e-18,False,0.0,True,0.0,True
31,10,cpu_banded,6.380985870736657e-16,4.334623103830918e-16,5.63018732829676e-16,3.6632255712526507e-16,1.177903388277968e-17,False,2.99839279493076e-14,True,3.3118861284025215e-14,True
31,10,cpu_information_smoother,6.091479092365578e-16,3.6474463381810516e-16,5.204885149369019e-16,3.386506924694067e-16,1.1244616439956909e-17,False,8.467796543260296e-15,True,3.0047720249848745e-15,True
31,10,cpu_pcg,6.204191997065235e-08,4.972854863224399e-08,7.524627360937587e-08,4.8958241982816373e-08,1.1452679764772539e-09,False,3.896037087478467e-06,True,5.755643123160311e-06,True
31,10,cpu_identity_corrected,6.258521500823315e-08,5.1083070746098513e-08,7.77974216774124e-08,5.0618121182912264e-08,1.1552969757390764e-09,False,5.334616038150052e-06,True,6.547507900073452e-06,True
31,10,cpu_reference_eigen_corrected,1.4948573105114995e-08,1.3322679241388222e-08,1.977027416130039e-08,1.2863332893802752e-08,2.7594442707394543e-10,False,1.1017609874130423e-06,True,1.7069807197050685e-07,True
31,10,cpu_rjd_corrected,3.390427356170552e-08,3.1316283552082074e-08,4.750725740247332e-08,3.09101260738103e-08,6.258587516781216e-10,False,1.4849918667056031e-06,True,1.255629053778487e-06,True
31,10,gpu_cholesky,5.385078744510719e-16,3.4240179337199706e-16,4.449164818426182e-16,2.8948049830709624e-16,9.94063084889821e-18,False,2.9496530494358234e-14,True,2.1526935339703474e-14,True
31,10,gpu_pcg,6.2041919960861e-08,4.9728548629577557e-08,7.524627359389953e-08,4.8958241972746846e-08,1.1452679762965095e-09,False,3.89603707849355e-06,True,5.755643111854983e-06,True
31,10,gpu_rjd_corrected,3.3904273602856405e-08,3.1316283566110164e-08,4.750725741048476e-08,3.091012607902287e-08,6.258587524377497e-10,False,1.4849919335809594e-06,True,1.2556291119302596e-06,True
31,11,cpu_cholesky,5.869770561005619e-16,0.0,0.0,0.0,1.0868309893477805e-17,False,0.0,True,0.0,True
31,11,cpu_banded,6.458161772926536e-16,4.582359142173284e-16,4.755635285948262e-16,3.426142587598265e-16,1.1957759295851025e-17,False,3.798245356672083e-14,True,4.8603745432450055e-14,True
31,11,cpu_information_smoother,5.906395048406823e-16,3.046792726629168e-16,3.598827671743769e-16,2.592733885212109e-16,1.093612281301684e-17,False,1.7734665341934243e-15,True,5.448197564125628e-15,True
31,11,cpu_pcg,6.71732925855808e-08,5.484213348795218e-08,7.283402453998154e-08,5.247243287136353e-08,1.2437626869927434e-09,False,6.645232606937152e-07,True,5.0857003312566593e-08,True
31,11,cpu_identity_corrected,6.709631076256255e-08,5.540942432975435e-08,7.401742932533783e-08,5.3325003198919315e-08,1.2423373127506147e-09,False,1.3458527706752908e-06,True,6.11375536109484e-07,True
31,11,cpu_reference_eigen_corrected,1.4590034903753128e-08,1.2076662118408312e-08,1.4901816476184537e-08,1.0735841794362698e-08,2.701451772114837e-10,False,1.5490081467214167e-07,True,8.411378694672033e-08,True
31,11,cpu_rjd_corrected,8.821064298134407e-08,7.197339978294734e-08,9.116416324441464e-08,6.567816987087758e-08,1.6332846340872116e-09,False,3.300695191328242e-06,True,1.1165256248644196e-06,True
31,11,gpu_cholesky,4.554345366809973e-16,3.187050611868676e-16,3.5783784325615484e-16,2.5780014667162657e-16,8.432703850001174e-18,False,3.525531132631371e-14,True,1.5456693051677754e-14,True
31,11,gpu_pcg,6.717329263484791e-08,5.484213352049095e-08,7.283402456742818e-08,5.2472432891137146e-08,1.2437626879049602e-09,False,6.645232596378823e-07,True,5.0856956114948766e-08,True
31,11,gpu_rjd_corrected,8.821064296033966e-08,7.19733997726848e-08,9.11641632423844e-08,6.567816986941491e-08,1.6332846336982996e-09,False,3.300695220120312e-06,True,1.116525611277726e-06,True
31,12,cpu_cholesky,5.56912188193867e-16,0.0,0.0,0.0,8.932354675484144e-18,False,0.0,True,0.0,True
31,12,cpu_banded,7.785014964298288e-16,6.478804800248862e-16,8.844459415433286e-16,6.007118571866025e-16,1.2486441541275225e-17,False,2.0609252541352112e-13,True,1.3516832956009592e-13,True
31,12,cpu_information_smoother,6.390646856348996e-16,3.6936100847247323e-16,4.145275669027497e-16,2.8154533010200426e-16,1.0250004495646921e-17,False,1.4821676559069603e-15,True,3.842146453594511e-15,True
31,12,cpu_pcg,9.885344253896613e-08,7.789674394029508e-08,1.1206678051944436e-07,7.6115272503018e-08,1.5855174828023041e-09,False,4.637575319266865e-06,True,9.07416725902505e-06,True
31,12,cpu_identity_corrected,5.298776132236844e-08,4.038989947382202e-08,5.770344369776239e-08,3.919192932160374e-08,8.498745189344018e-10,False,6.824032312386921e-07,True,4.645012116387042e-06,True
31,12,cpu_reference_eigen_corrected,3.3811895500082695e-08,2.8282158702791557e-08,3.808538326385276e-08,2.586742754697998e-08,5.423114259942581e-10,False,3.8643324284139034e-07,True,3.478854500560369e-06,True
31,12,cpu_rjd_corrected,5.161373094510654e-08,4.928760677831014e-08,7.312972501222667e-08,4.96693928528679e-08,8.278363414897294e-10,False,5.27370373420305e-07,True,3.4367828834217272e-06,True
31,12,gpu_cholesky,5.780425476371277e-16,3.513060235814616e-16,4.214966293994018e-16,2.8627868720001777e-16,9.271266031652861e-18,False,7.362419634635959e-14,True,4.361283859405522e-14,True
31,12,gpu_pcg,9.885344253225974e-08,7.789674393500017e-08,1.120667805134376e-07,7.611527249893824e-08,1.5855174826947396e-09,False,4.63757533279846e-06,True,9.074167224984683e-06,True
31,12,gpu_rjd_corrected,5.161373097857083e-08,4.9287606765337855e-08,7.31297249675634e-08,4.96693928225328e-08,8.278363420264656e-10,False,5.273703803651834e-07,True,3.4367828925953643e-06,True
31,13,cpu_cholesky,5.401712768216973e-16,0.0,0.0,0.0,1.150354059311852e-17,False,0.0,True,0.0,True
31,13,cpu_banded,6.430310286542162e-16,4.1146117003623294e-16,5.250850782350286e-16,3.5686722553273397e-16,1.3694051976036891e-17,False,2.59073500816806e-14,True,1.419864040021199e-14,True
31,13,cpu_information_smoother,5.575344543526081e-16,2.819916931900452e-16,3.642086086858634e-16,2.4752963107187123e-16,1.1873308528073504e-17,False,2.520619193990319e-16,True,1.8506915883512316e-15,True
31,13,cpu_pcg,5.2749046853331715e-08,4.227239687744535e-08,5.871067631082994e-08,3.9901945480191674e-08,1.1233488848218434e-09,False,2.6447780239152363e-07,True,2.0057298835381253e-06,True
31,13,cpu_identity_corrected,5.3588449442232815e-08,4.245518919189598e-08,5.861466655317064e-08,3.983669370050844e-08,1.1412248845407922e-09,False,7.336212963716299e-07,True,1.6555950551865076e-06,True
31,13,cpu_reference_eigen_corrected,3.406251355040525e-08,2.9484766071278508e-08,3.948207711676968e-08,2.683347880745605e-08,7.253986361148729e-10,False,1.5246094280224836e-07,True,4.830800859730643e-07,True
31,13,cpu_rjd_corrected,6.74693461890176e-08,6.051829886408425e-08,8.386210944962723e-08,5.699578900091177e-08,1.4368338329960194e-09,False,3.7531289228958193e-06,True,1.4524404241091215e-06,True
31,13,gpu_cholesky,5.476649905980645e-16,3.048888317163443e-16,3.775582601233733e-16,2.566025475720823e-16,1.1663127458097473e-17,False,4.3585591079372223e-14,True,2.965762100151907e-14,True
31,13,gpu_pcg,5.2749046860780675e-08,4.227239687092484e-08,5.871067630655337e-08,3.990194547728516e-08,1.1233488849804775e-09,False,2.6447787651071674e-07,True,2.0057298201338527e-06,True
31,13,gpu_rjd_corrected,6.746934619234774e-08,6.051829886294152e-08,8.386210946485517e-08,5.699578901126125e-08,1.4368338330669384e-09,False,3.753128850218058e-06,True,1.452440489287345e-06,True
31,14,cpu_cholesky,4.883790821399405e-16,0.0,0.0,0.0,1.1319428213384609e-17,False,0.0,True,0.0,True
31,14,cpu_banded,5.022780378218121e-16,4.2729617247964533e-16,5.337851812628917e-16,3.6147365703784033e-16,1.1641571885862535e-17,False,8.766836893154811e-14,True,6.650666456521356e-14,True
31,14,cpu_information_smoother,5.237172359285559e-16,2.7500575582022614e-16,3.3988398424787466e-16,2.301658252557639e-16,1.2138479867380631e-17,False,6.417113863167953e-15,True,2.0690217525117121e-16,True
31,14,cpu_pcg,4.678185641732883e-08,3.9008608995039325e-08,5.60444046653241e-08,3.795267576172344e-08,1.0842885887087197e-09,False,1.1312039777569122e-06,True,1.3218522468268911e-06,True
31,14,cpu_identity_corrected,4.73814871864031e-08,3.9139847396865395e-08,5.599919832014818e-08,3.792206250476979e-08,1.0981865576841684e-09,False,1.5701125638483668e-06,True,1.6299528036391453e-06,True
31,14,cpu_reference_eigen_corrected,6.08230291728552e-08,5.53209568681325e-08,7.789557105985569e-08,5.275005362913859e-08,1.409728493875409e-09,False,5.351155328369369e-07,True,8.240345589090592e-07,True
31,14,cpu_rjd_corrected,9.486356706110882e-08,9.29920435614647e-08,1.3853790249855452e-07,9.381639658115708e-08,2.1987046073319785e-09,False,4.303271533063295e-06,True,3.8119600721093224e-06,True
31,14,gpu_cholesky,4.2374725659259187e-16,3.326572358358541e-16,4.1640356857707984e-16,2.819840752810875e-16,9.821421160384786e-18,False,7.9400894217688e-14,True,5.93093629875595e-14,True
31,14,gpu_pcg,4.678185644467388e-08,3.9008609005888096e-08,5.6044404663895284e-08,3.795267576075587e-08,1.084288589342511e-09,False,1.1312040073661663e-06,True,1.3218522955751329e-06,True
31,14,gpu_rjd_corrected,9.486356705433763e-08,9.299204354569497e-08,1.3853790247985767e-07,9.381639656849578e-08,2.1987046071750388e-09,False,4.303271579295051e-06,True,3.8119600609018805e-06,True
31,15,cpu_cholesky,3.9360028398001367e-16,0.0,0.0,0.0,9.836554032045755e-18,False,0.0,True,0.0,True
31,15,cpu_banded,5.400497676291032e-16,4.2355104786338573e-16,5.429200654951779e-16,3.818667605467714e-16,1.3496506317427286e-17,False,1.437187502291194e-14,True,2.4196663106774213e-15,True
31,15,cpu_information_smoother,4.608757573697788e-16,2.51113765839307e-16,3.0865725145159505e-16,2.1709631347588816e-16,1.1517850656982855e-17,False,2.926797759633243e-14,True,2.4651651062368454e-14,True
31,15,cpu_pcg,6.381458288299558e-08,5.3061322140973054e-08,7.195830781046462e-08,5.061239700718636e-08,1.5948047231989838e-09,False,1.0524714860214566e-06,True,6.519885713341592e-06,True
31,15,cpu_identity_corrected,6.540288301798184e-08,5.3555719987460574e-08,7.204935186569823e-08,5.067643350288558e-08,1.6344982934096541e-09,False,2.1145783392143518e-06,True,7.394421141653568e-06,True
31,15,cpu_reference_eigen_corrected,7.801743906139415e-08,7.139026274132544e-08,9.507305987127795e-08,6.687032529402179e-08,1.9497514975474056e-09,False,8.270933966646098e-06,True,7.796341037540301e-06,True
31,15,cpu_rjd_corrected,7.795847438118923e-08,7.648248650259739e-08,1.1052378242827085e-07,7.773770291721669e-08,1.9482779250629137e-09,False,6.5118172841254605e-06,True,7.750342541538683e-06,True
31,15,gpu_cholesky,4.3485022665280107e-16,2.3615450458663455e-16,2.88953849746802e-16,2.032377831710658e-16,1.0867440711843645e-17,False,3.663138348458021e-16,True,8.349032127006372e-15,True
31,15,gpu_pcg,6.381458289879093e-08,5.306132214989486e-08,7.195830780157289e-08,5.06123970009323e-08,1.5948047235937288e-09,False,1.0524715531768024e-06,True,6.519885760169972e-06,True
31,15,gpu_rjd_corrected,7.795847441438067e-08,7.648248652239976e-08,1.1052378243510152e-07,7.77377029220211e-08,1.948277925892408e-09,False,6.511817278006936e-06,True,7.750342551037139e-06,True
