origin,profile,basis,global_delta,block_delta,row_delta,delta,global_query_seconds,block_query_seconds,spectral_delta_audit,polynomial_seconds,output_bound_kwh,polynomial_output_error_kwh,degree,conclusive,fallback_count_batch,initial_relative_residual
0,0,identity,10.130511591055233,4.9510381373573455,5.134503156643407,4.9510381373573455,4.404038190841675e-05,0.0008267620578408241,0.8678727787230657,1.2796372175216675e-06,inf,52.58139122329606,12,False,0,0.3604740667741939
0,1,identity,50.38398941189875,18.137201863343222,20.215996543828673,18.137201863343222,1.874007284641266e-05,0.0007161423563957214,1.3453810049753516,1.3606622815132141e-06,inf,0.0,12,False,0,0.0
0,2,identity,16.171834035760742,7.435563733350314,7.744561620963976,7.435563733350314,1.6178935766220093e-05,0.0006977133452892303,0.8998265938305771,1.2703239917755127e-06,inf,87.17177355839972,12,False,0,0.5326724732198079
0,3,identity,15.691391781790225,7.253855559715601,7.556584949929381,7.253855559715601,1.488998532295227e-05,0.0006830142810940742,0.8992228992785689,1.2600794434547424e-06,inf,83.96673977089642,12,False,0,0.5017592530415111
0,4,identity,14.467574358136552,6.77576930147952,7.055362442111225,6.77576930147952,1.4998950064182281e-05,0.0006867330521345139,,1.4593824744224548e-06,inf,77.77784046071076,12,False,0,0.45625064254521486
0,5,identity,13.1677228919892,6.249344478904529,6.499378083412838,6.249344478904529,1.522991806268692e-05,0.0006827330216765404,,1.2507662177085876e-06,inf,59.90621035941347,12,False,0,0.4250072902875881
0,6,identity,15.585970919353235,7.211706065091306,7.510786647353946,7.211706065091306,1.48797407746315e-05,0.0006850427016615868,,1.0998919606208801e-06,inf,95.31914793161566,12,False,0,0.5365572241605813
0,7,identity,19.042798646585375,8.497711524065913,8.85353556780555,8.497711524065913,1.5050172805786133e-05,0.0006781332194805145,,1.2796372175216675e-06,inf,102.3522104678396,12,False,0,0.5846468287724053
0,8,identity,19.645883828728802,8.71418460956541,9.077992066303217,8.71418460956541,1.4590099453926086e-05,0.000691714696586132,,1.1101365089416504e-06,inf,89.55892246789082,12,False,0,0.5856166901108553
0,9,identity,17.26627904449651,7.849559464368964,8.178507779887596,7.849559464368964,1.484900712966919e-05,0.000681842677295208,,1.2200325727462769e-06,inf,112.24643442646422,12,False,0,0.55411028321802
0,10,identity,18.66182451342462,8.360304424356213,8.709501228507984,8.360304424356213,1.4279969036579132e-05,0.0006713336333632469,,1.1594966053962708e-06,inf,108.28572688712642,12,False,0,0.5361784492449958
0,11,identity,17.295370443694868,7.859017252759092,8.18955517026381,7.859017252759092,1.490022987127304e-05,0.000683923251926899,,1.2600794434547424e-06,inf,101.63641706274653,12,False,0,0.5414066855168231
0,12,identity,19.308614718596605,8.59285965759411,8.949975203822937,8.59285965759411,1.4400109648704529e-05,0.0006954828277230263,,1.0598450899124146e-06,inf,119.20698332397404,12,False,0,0.5962507791822002
0,13,identity,15.729986607068138,7.268605907933707,7.5717657883166485,7.268605907933707,1.4320015907287598e-05,0.0006789537146687508,,1.0598450899124146e-06,inf,86.48326208637539,12,False,0,0.4905405537232903
0,14,identity,14.919281961752532,6.952154959605407,7.2395231881391595,6.952154959605407,1.4639459550380707e-05,0.0006726039573550224,,1.0700896382331848e-06,inf,74.22580495493358,12,False,0,0.4570634805884114
0,15,identity,13.525176977036821,6.39924448535913,6.65865200288815,6.39924448535913,1.4320015907287598e-05,0.0006807828322052956,,1.0095536708831787e-06,inf,80.55077568784313,12,False,0,0.4400885459054345
0,0,reference_eigen,0.22669872806999103,0.1117147106373049,0.1357920353381176,0.1117147106373049,3.609899431467056e-05,0.0007571633905172348,0.019839430977186347,0.0019204020500183105,6.212727718676283e-10,8.392942615425352e-14,12,True,0,0.00850129117042183
0,1,reference_eigen,818.4026815203805,41.13260968011208,56.39804457149382,41.13260968011208,1.7140060663223267e-05,0.0006735734641551971,1.86869911015921,1.600012183189392e-06,inf,0.0,12,False,0,0.0
0,2,reference_eigen,6.051375154369997,2.4998172888620998,3.545272866815977,2.4998172888620998,1.5099532902240753e-05,0.0006710747256875038,0.35826685174123885,1.4398247003555298e-06,inf,21.512143030721482,12,False,0,0.16585321030868758
0,3,reference_eigen,4.759810428451615,1.5736760462887949,1.8535095971617794,1.5736760462887949,1.4909543097019196e-05,0.0006701033562421799,0.19487715050845358,1.319684088230133e-06,inf,14.384752510850154,12,False,0,0.1061016322740413
0,4,reference_eigen,3.8028887482184204,1.3359493569046177,1.5463572356033206,1.3359493569046177,1.4570541679859161e-05,0.0006700437515974045,,1.3802200555801392e-06,inf,7.717628381158654,12,False,0,0.08003678996734709
0,5,reference_eigen,2.4666726289049157,0.862990965570228,1.0348262321271382,0.862990965570228,1.488998532295227e-05,0.000658753328025341,,0.0019677309319376945,1307.2770744360696,6.513979143849707e-11,12,False,0,0.05584845597901953
0,6,reference_eigen,5.787908521327413,2.119682655761769,2.7736408867412243,2.119682655761769,1.417938619852066e-05,0.0006656041368842125,,1.3597309589385986e-06,inf,25.73120053685792,12,False,0,0.15917997162314707
0,7,reference_eigen,8.580748687951223,2.679233006491468,3.345502113863287,2.679233006491468,1.4550052583217621e-05,0.0006661433726549149,,1.2097880244255066e-06,inf,34.356742307024305,12,False,0,0.1932430125505574
0,8,reference_eigen,9.266453496052247,2.7098164396736695,3.3772318830540256,2.7098164396736695,2.2819265723228455e-05,0.0006603440269827843,,1.0598450899124146e-06,inf,16.818959382897965,12,False,0,0.18367996802464953
0,9,reference_eigen,6.661830976011815,2.2344172898539667,2.754439634016512,2.2344172898539667,1.477077603340149e-05,0.0006662635132670403,,1.1101365089416504e-06,inf,25.568353907037825,12,False,0,0.15389128802530905
0,10,reference_eigen,8.341019964456354,2.668620556830598,3.2155389413018947,2.668620556830598,1.484062522649765e-05,0.0006676129996776581,,1.0505318641662598e-06,inf,9.634531168183898,12,False,0,0.14540037532043606
0,11,reference_eigen,6.831072680125344,2.572041581744354,3.5415948648333204,2.572041581744354,1.4299526810646057e-05,0.0006567137315869331,,1.080334186553955e-06,inf,16.730217947151722,12,False,0,0.1543146415360433
0,12,reference_eigen,9.126390898538324,2.967716895972675,3.764367538857261,2.967716895972675,1.4609657227993011e-05,0.0006684241816401482,,1.150183379650116e-06,inf,24.487106917298256,12,False,0,0.18819461961405445
0,13,reference_eigen,5.118396689293142,1.8368106714871977,2.3174256464625653,1.8368106714871977,1.446995884180069e-05,0.0006664935499429703,,1.0496005415916443e-06,inf,7.551834142639494,12,False,0,0.1055244860695191
0,14,reference_eigen,4.032197356447662,1.3569539962999988,1.5982512552226744,1.3569539962999988,1.4409422874450684e-05,0.0006562341004610062,,1.039355993270874e-06,inf,5.816036610690251,12,False,0,0.07844237788699278
0,15,reference_eigen,3.332639858170968,1.2096343004839125,1.4282273931611225,1.2096343004839125,1.4309771358966827e-05,0.0006678933277726173,,1.0896474123001099e-06,inf,2.2126394489774137,12,False,0,0.06043070109182086
0,0,rjd,5.77029521121176,3.2296003235202897,3.8388203148378626,3.2296003235202897,3.535859286785126e-05,0.0007581226527690887,0.7633885223436554,1.5702098608016968e-06,inf,4.639285100328825,12,False,0,0.2913457244669311
0,1,rjd,239.8915091451803,40.60826944730269,49.984436074723384,40.60826944730269,1.70096755027771e-05,0.0006837528198957443,1.7689741607444796,1.3299286365509033e-06,inf,0.0,12,False,0,0.0
0,2,rjd,5.712095547046561,2.7671405335580266,3.4758894239533413,2.7671405335580266,1.5090219676494598e-05,0.0006786230951547623,0.7243217581463721,1.4500692486763e-06,inf,0.03250872842968988,12,False,0,0.2700678271770744
0,3,rjd,5.635407007030592,2.8435780934074684,3.4571874628626964,2.8435780934074684,1.5449710190296173e-05,0.0006656739860773087,0.6999772182407135,1.5106052160263062e-06,inf,2.556352420418195,12,False,0,0.28605188133584886
0,4,rjd,5.764174726434029,3.0383390089319047,3.6438724969653027,3.0383390089319047,1.4799647033214569e-05,0.0006686830893158913,,1.4798715710639954e-06,inf,1.2899277767934034,12,False,0,0.2802910680610725
0,5,rjd,6.124591882407452,3.2864872740744047,3.9011688175467043,3.2864872740744047,2.394057810306549e-05,0.0006706630811095238,,1.369975507259369e-06,inf,2.686973246811707,12,False,0,0.3488204583158851
0,6,rjd,6.4066592405453715,3.0088158618970398,3.7093462478638717,3.0088158618970398,1.4220364391803741e-05,0.000661313533782959,,1.3904646039009094e-06,inf,5.8530801962911,12,False,0,0.22460571699738674
0,7,rjd,6.349533009068988,2.923570733118793,3.574187720342687,2.923570733118793,1.4499761164188385e-05,0.0006692437455058098,,1.319684088230133e-06,inf,10.42831213864244,12,False,0,0.28192987829280003
0,8,rjd,6.274766931746106,2.9414501665227997,3.5113228853543395,2.9414501665227997,1.4380551874637604e-05,0.0006683925166726112,,1.3094395399093628e-06,inf,5.697252884773352,12,False,0,0.3038091105911181
0,9,rjd,5.404845364360263,2.6459151503151745,3.2304492382343297,2.6459151503151745,1.452956348657608e-05,0.0006613237783312798,,1.150183379650116e-06,inf,10.209698654272941,12,False,0,0.2459893580323706
0,10,rjd,6.541696734766882,3.1767734130902463,3.8142759928130605,3.1767734130902463,1.4400109648704529e-05,0.0006679324433207512,,1.5702098608016968e-06,inf,9.344124324603811,12,False,0,0.3712782333723856
0,11,rjd,5.5242974474095226,2.732189380661543,3.4447970268203627,2.732189380661543,1.4330260455608368e-05,0.0006667543202638626,,1.0998919606208801e-06,inf,8.323967080907556,12,False,0,0.23602602474191747
0,12,rjd,5.777632151006586,2.644699148144229,3.2479389099496316,2.644699148144229,1.4609657227993011e-05,0.000659664161503315,,1.169741153717041e-06,inf,8.943121379628263,12,False,0,0.2566418232734423
0,13,rjd,5.553403148264808,2.802885579439101,3.406481996396734,2.802885579439101,1.4389865100383759e-05,0.0006692027673125267,,1.1399388313293457e-06,inf,7.49174671056932,12,False,0,0.2674926933553864
0,14,rjd,6.402661211320897,3.2532452968750247,3.842100535534651,3.2532452968750247,1.4259479939937592e-05,0.0007806634530425072,,1.1799857020378113e-06,inf,1.7951532307128417,12,False,0,0.37243867323039526
0,15,rjd,5.545605059498874,2.9503257918563057,3.527440898806545,2.9503257918563057,1.588929444551468e-05,0.0006754137575626373,,1.1399388313293457e-06,inf,8.969027528964057,12,False,0,0.28774656591163883
1,0,identity,10.133326467828445,4.95128846277748,5.131866053097678,4.95128846277748,3.7299469113349915e-05,0.0007813619449734688,,1.8496066331863403e-06,inf,21.218880592397728,12,False,0,0.3377732095708141
1,1,identity,50.38398941189875,18.137201863343222,20.215996543828673,18.137201863343222,1.76895409822464e-05,0.0007062433287501335,,1.3299286365509033e-06,inf,119.52944874105616,12,False,0,0.9472628214821952
1,2,identity,16.172960660861232,7.434798485493754,7.740927001457286,7.434798485493754,1.5379860997200012e-05,0.0006869733333587646,,1.0700896382331848e-06,inf,44.09778022636702,12,False,0,0.5121919759953226
1,3,identity,15.693138832533643,7.253396361972259,7.552590092907725,7.253396361972259,1.5020370483398438e-05,0.0006846832111477852,,1.150183379650116e-06,inf,50.68461835971348,12,False,0,0.4661644387582319
1,4,identity,14.464501249409086,6.774262650146756,7.049480223124431,6.774262650146756,1.4469027519226074e-05,0.0006796130910515785,,1.1194497346878052e-06,inf,44.31671496031507,12,False,0,0.42094544258901656
1,5,identity,13.166868926704325,6.248751700469973,6.496217914380691,6.248751700469973,1.4528632164001465e-05,0.0006705429404973984,,1.0496005415916443e-06,inf,35.051823555341954,12,False,0,0.3931536797192596
1,6,identity,15.589336066376587,7.211723539668373,7.507955183221008,7.211723539668373,1.4450401067733765e-05,0.0006776433438062668,,1.0700896382331848e-06,inf,58.88997049616046,12,False,0,0.5031588952478199
1,7,identity,19.04025681005172,8.495634417635795,8.84596277911058,8.495634417635795,1.4369376003742218e-05,0.000676293857395649,,1.0598450899124146e-06,inf,82.85285199420696,12,False,0,0.5511139257577027
1,8,identity,19.64590676508285,8.712616874937037,9.071664977303765,8.712616874937037,1.4530494809150696e-05,0.0006699925288558006,,1.2693926692008972e-06,inf,77.98025485708631,12,False,0,0.540834989752425
1,9,identity,17.272528533668382,7.850714575208531,8.177698599992699,7.850714575208531,1.4750286936759949e-05,0.0006754528731107712,,1.0598450899124146e-06,inf,63.536041804123954,12,False,0,0.5190077833918364
1,10,identity,18.660203521933315,8.358581804752776,8.703810583645515,8.358581804752776,1.4679506421089172e-05,0.0006757639348506927,,1.019798219203949e-06,inf,67.32491389379213,12,False,0,0.4999032960248493
1,11,identity,17.297158209769055,7.858048548915012,8.183397330041146,7.858048548915012,1.3968907296657562e-05,0.000665733590722084,,1.2600794434547424e-06,inf,52.52610554646293,12,False,0,0.5157389099135397
1,12,identity,19.313194942811943,8.593539826895018,8.94900041273046,8.593539826895018,1.4379620552062988e-05,0.0006734933704137802,,1.1296942830085754e-06,inf,69.52347844599718,12,False,0,0.5604773003199134
1,13,identity,15.731971186272645,7.267947588803232,7.567774288558456,7.267947588803232,1.4290213584899902e-05,0.0007042735815048218,,1.0896474123001099e-06,inf,43.91896404063142,12,False,0,0.46439269203306727
1,14,identity,14.919921928960294,6.9512147680107885,7.234279940641683,6.9512147680107885,1.4619901776313782e-05,0.0006792629137635231,,1.1194497346878052e-06,inf,52.62574492821829,12,False,0,0.4216963327121962
1,15,identity,13.5302261601343,6.400415359984246,6.65818003427591,6.400415359984246,1.4550052583217621e-05,0.0006689233705401421,,1.150183379650116e-06,inf,40.5852982423903,12,False,0,0.40731559063256445
1,0,reference_eigen,0.215645564146178,0.1075969071417098,0.13093951575714746,0.1075969071417098,3.620889037847519e-05,0.0007621031254529953,,0.001710992306470871,4.89452279441904e-10,1.465939826053724e-13,12,True,0,0.007576642326655133
1,1,reference_eigen,818.4026815203805,41.13260968011208,56.39804457149382,41.13260968011208,1.6459263861179352e-05,0.0006719334051012993,,1.2312084436416626e-06,inf,120.3964916628296,12,False,0,0.6833788521976812
1,2,reference_eigen,6.0464446095041104,2.496539902491855,3.542078501252312,2.496539902491855,1.5399418771266937e-05,0.0006727324798703194,,1.1203810572624207e-06,inf,9.108426205263907,12,False,0,0.1841834870096164
1,3,reference_eigen,4.752767595951244,1.5707960486187922,1.851344985328369,1.5707960486187922,1.4440156519412994e-05,0.0006614942103624344,,1.0887160897254944e-06,inf,15.802751615600782,12,False,0,0.11065434072961185
1,4,reference_eigen,3.7850382717892845,1.3295578506432766,1.5418419388445566,1.3295578506432766,1.4008954167366028e-05,0.000667213462293148,,1.0300427675247192e-06,inf,14.579874622853369,12,False,0,0.07701511261956186
1,5,reference_eigen,2.4623560918567815,0.861674001364407,1.0334382364066448,0.861674001364407,1.4429911971092224e-05,0.0006685536354780197,,0.0017295535653829575,1656.7119698606716,6.283216966239527e-11,12,False,0,0.04998618498640251
1,6,reference_eigen,5.788932023312688,2.1192276014122937,2.774246304537325,2.1192276014122937,1.4079734683036804e-05,0.0006579039618372917,,1.300126314163208e-06,inf,31.986252623020228,12,False,0,0.1785244521940691
1,7,reference_eigen,8.574420081703412,2.677257348891308,3.3440866808583305,2.677257348891308,1.3899058103561401e-05,0.0006624627858400345,,1.019798219203949e-06,inf,44.73901086528713,12,False,0,0.19909546093947764
1,8,reference_eigen,9.261238860680013,2.707930242803831,3.375808155953471,2.707930242803831,1.415051519870758e-05,0.0006631826981902122,,1.1399388313293457e-06,inf,35.16714660863055,12,False,0,0.18402575442505703
1,9,reference_eigen,6.65128900480093,2.2284094979884124,2.746097229458755,2.2284094979884124,1.3988465070724487e-05,0.0006569046527147293,,1.0496005415916443e-06,inf,25.195741825010504,12,False,0,0.15972563746404422
1,10,reference_eigen,8.327453850122662,2.6637753527189036,3.211393267592034,2.6637753527189036,1.4030374586582184e-05,0.0006630131974816322,,1.039355993270874e-06,inf,21.11724732414947,12,False,0,0.14384380788455223
1,11,reference_eigen,6.8242487439946435,2.5679644164550153,3.5362087349199696,2.5679644164550153,1.3940036296844482e-05,0.0006626639515161514,,1.0700896382331848e-06,inf,9.55884367885346,12,False,0,0.17332956942728134
1,12,reference_eigen,9.127830873706776,2.9661836564899837,3.762802498377181,2.9661836564899837,1.383945345878601e-05,0.0006557544693350792,,1.0998919606208801e-06,inf,24.663576000200106,12,False,0,0.20149879534134885
1,13,reference_eigen,5.112002904706637,1.8339688121669946,2.3132470114331265,1.8339688121669946,1.4309771358966827e-05,0.0006631836295127869,,1.0998919606208801e-06,inf,7.621969824350071,12,False,0,0.11409897748166573
1,14,reference_eigen,4.0169315591437345,1.35159784122275,1.5945407792820143,1.35159784122275,1.4260411262512207e-05,0.00066356360912323,,1.2498348951339722e-06,inf,15.18306519725689,12,False,0,0.0697172099331982
1,15,reference_eigen,3.3163023676348415,1.2026740008775618,1.4174678590044711,1.2026740008775618,1.4279969036579132e-05,0.0006646830588579178,,1.2796372175216675e-06,inf,11.65126009931487,12,False,0,0.05966596826772673
1,0,rjd,5.775728955068667,3.232209330633953,3.8418133848461107,3.232209330633953,3.600027412176132e-05,0.0007547531276941299,,1.860782504081726e-06,inf,10.525430759311973,12,False,0,0.30656103179109323
1,1,rjd,239.8915091451803,40.60826944730269,49.984436074723384,40.60826944730269,1.7169862985610962e-05,0.0006812736392021179,,1.1902302503585815e-06,inf,118.61390236067945,12,False,0,0.4430477542829783
1,2,rjd,5.724439078838566,2.772245422723605,3.482645937756014,2.772245422723605,1.485925167798996e-05,0.0006761839613318443,,1.1799857020378113e-06,inf,7.402156371210779,12,False,0,0.22859624373701903
1,3,rjd,5.640971290454266,2.8458328813864284,3.4599275797200533,2.8458328813864284,1.446995884180069e-05,0.0006643133237957954,,1.3904646039009094e-06,inf,3.6583416741101775,12,False,0,0.296685511369503
1,4,rjd,5.767853072143488,3.038755441147649,3.6444964442482104,3.038755441147649,1.4330260455608368e-05,0.0006709238514304161,,1.1101365089416504e-06,inf,1.3018518301339341,12,False,0,0.30849779180583986
1,5,rjd,6.127775815389194,3.2881234090863383,3.903308467366104,3.2881234090863383,1.4238990843296051e-05,0.0006685443222522736,,1.1408701539039612e-06,inf,10.850582543259183,12,False,0,0.36570627928747107
1,6,rjd,6.421811267323284,3.01507863073755,3.717119526739835,3.01507863073755,1.411978155374527e-05,0.0006635831668972969,,1.0905787348747253e-06,inf,0.7193910470453968,12,False,0,0.2440835024041126
1,7,rjd,6.358386165110705,2.92689277277792,3.5782378250995364,2.92689277277792,2.025999128818512e-05,0.0006648236885666847,,1.4398247003555298e-06,inf,13.177945253507588,12,False,0,0.2700318667806121
1,8,rjd,6.275771690567692,2.941694332084305,3.511740203471492,2.941694332084305,1.3930723071098328e-05,0.0006741033867001534,,1.3299286365509033e-06,inf,1.9381829787804037,12,False,0,0.31611999463239615
1,9,rjd,5.4153156941097835,2.650138173961885,3.2356886807749214,2.650138173961885,1.3919547200202942e-05,0.0006721038371324539,,1.210719347000122e-06,inf,1.0328996269746806,12,False,0,0.2726780627476424
1,10,rjd,6.541777909953852,3.1763951260885386,3.813444090853845,3.1763951260885386,1.4069490134716034e-05,0.0006664237007498741,,1.3103708624839783e-06,inf,11.54320883352324,12,False,0,0.3823106207353549
1,11,rjd,5.527945041850637,2.7332588502603876,3.446157843109903,2.7332588502603876,1.4049932360649109e-05,0.0006727734580636024,,1.280568540096283e-06,inf,12.482111822562052,12,False,0,0.24969393329990303
1,12,rjd,5.7806597074305035,2.6459019677727382,3.2491386811583065,2.6459019677727382,1.3920478522777557e-05,0.0006705727428197861,,1.2498348951339722e-06,inf,9.806754767523984,12,False,0,0.2643028976779295
1,13,rjd,5.555217962903348,2.803361304781931,3.4071247649767864,2.803361304781931,1.3629905879497528e-05,0.0006620744243264198,,1.5404075384140015e-06,inf,5.275859593884759,12,False,0,0.2717452519406361
1,14,rjd,6.405896818242157,3.2543773408679986,3.8432705667302467,3.2543773408679986,1.4130957424640656e-05,0.0006728935986757278,,1.3783574104309082e-06,inf,0.3801916987699343,12,False,0,0.38712536458020413
1,15,rjd,5.547178190659571,2.950470087273986,3.527526284001856,2.950470087273986,1.3929791748523712e-05,0.0006709126755595207,,1.2200325727462769e-06,inf,0.6181670508583057,12,False,0,0.3109393120420883
2,0,identity,10.133162775463735,4.95132605334097,5.131283790225373,4.95132605334097,3.825966268777847e-05,0.0007776329293847084,,3.419816493988037e-06,inf,9.085158329049328,12,False,0,0.3464561267800755
2,1,identity,50.38398941189875,18.137201863343222,20.215996543828673,18.137201863343222,1.6820617020130157e-05,0.0006730640307068825,,1.4491379261016846e-06,inf,118.73547556992187,12,False,0,0.9296789068752923
2,2,identity,16.17394638353189,7.434945451617699,7.741068065123807,7.434945451617699,1.560896635055542e-05,0.000686943531036377,,1.1902302503585815e-06,inf,15.518253944193383,12,False,0,0.5069330712897849
2,3,identity,15.692449091322489,7.25334147967084,7.55208407865336,7.25334147967084,1.4970079064369202e-05,0.0006889430806040764,,1.2088567018508911e-06,inf,18.375388788144395,12,False,0,0.47217729948041154
2,4,identity,14.468232072742486,6.774529064230158,7.050685127523277,6.774529064230158,1.5009194612503052e-05,0.0007244432345032692,,1.1492520570755005e-06,inf,21.223615170063574,12,False,0,0.4336111287704103
2,5,identity,13.16910680756975,6.248944517628646,6.496825600732017,6.248944517628646,1.7160549759864807e-05,0.0007508331909775734,,1.1706724762916565e-06,inf,10.505816651322446,12,False,0,0.40384421578985663
2,6,identity,15.58843151718138,7.211668177630686,7.507072499904279,7.211668177630686,1.5789642930030823e-05,0.0007270732894539833,,1.2200325727462769e-06,inf,22.66349980207545,12,False,0,0.4951578533898036
2,7,identity,19.044005483397772,8.496029592368936,8.847177693269193,8.496029592368936,1.5609897673130035e-05,0.0007294332608580589,,1.130625605583191e-06,inf,27.69189189966916,12,False,0,0.5508936599719969
2,8,identity,19.64613757737659,8.712640105703422,9.0717118547862,8.712640105703422,1.4940276741981506e-05,0.0007034642621874809,,1.0598450899124146e-06,inf,28.153638962975947,12,False,0,0.5568781100610394
2,9,identity,17.26768321296835,7.850279532506073,8.175479927580065,7.850279532506073,1.4619901776313782e-05,0.000674813985824585,,1.12876296043396e-06,inf,25.529059850743955,12,False,0,0.5140983442726182
2,10,identity,18.662230492803328,8.35880124250305,8.704538998498643,8.35880124250305,1.446995884180069e-05,0.0006786929443478584,,1.039355993270874e-06,inf,23.294600416607956,12,False,0,0.5067614158848112
2,11,identity,17.29614014273528,7.857937054371541,8.182798021359886,7.857937054371541,1.4649704098701477e-05,0.0006760330870747566,,1.1101365089416504e-06,inf,24.491017797723757,12,False,0,0.5180859018643845
2,12,identity,19.30866715673632,8.59309688277001,8.947288833924901,8.59309688277001,1.4238990843296051e-05,0.0006676241755485535,,1.1101365089416504e-06,inf,19.86815142148117,12,False,0,0.5608104590927162
2,13,identity,15.73045804285379,7.267843306064526,7.567129137907441,7.267843306064526,1.3870187103748322e-05,0.0006706239655613899,,1.080334186553955e-06,inf,16.49834168849492,12,False,0,0.4725225534223376
2,14,identity,14.920295139146706,6.951294311057322,7.234357403371126,6.951294311057322,1.3859942555427551e-05,0.000673193484544754,,1.0896474123001099e-06,inf,17.678373099454276,12,False,0,0.434207156830947
2,15,identity,13.525539718269577,6.400034262835192,6.656141886259593,6.400034262835192,1.4270655810832977e-05,0.0006678737699985504,,1.0598450899124146e-06,inf,16.371329798170628,12,False,0,0.41128565586365384
2,0,reference_eigen,0.21214120677227846,0.10679121331273758,0.1297017057207317,0.10679121331273758,3.543868660926819e-05,0.0007612630724906921,,0.001875641755759716,4.835220861671766e-10,2.2994906747101933e-14,12,True,0,0.007287791180538113
2,1,reference_eigen,818.4026815203805,41.13260968011208,56.39804457149382,41.13260968011208,1.729000359773636e-05,0.0007018828764557838,,1.2004747986793518e-06,inf,120.40756375803916,12,False,0,0.49652526971221195
2,2,reference_eigen,6.044931324717883,2.4951980284687987,3.541092558645273,2.4951980284687987,1.5490688383579254e-05,0.0006902832537889481,,1.0998919606208801e-06,inf,4.584979927096546,12,False,0,0.15352652077138154
2,3,reference_eigen,4.750850771944663,1.569934786993759,1.8509373850267021,1.569934786993759,1.4989636838436127e-05,0.000674862414598465,,1.2004747986793518e-06,inf,6.208993542378684,12,False,0,0.09584637630966883
2,4,reference_eigen,3.7782003974479297,1.3268907751298509,1.540181468163945,1.3268907751298509,1.5029683709144592e-05,0.0006599836051464081,,1.1399388313293457e-06,inf,5.1469402923197975,12,False,0,0.07157844173957052
2,5,reference_eigen,2.462334533629868,0.861703196400736,1.0335426977406272,0.861703196400736,1.4699995517730713e-05,0.0006705140694975853,,0.0018204525113105774,1774.588633858826,4.9927655552598356e-11,12,False,0,0.0500296085332501
2,6,reference_eigen,5.791397982317882,2.1199921020698453,2.775094630179865,2.1199921020698453,1.4659948647022247e-05,0.0006675133481621742,,1.300126314163208e-06,inf,8.444320770459637,12,False,0,0.1640126286762518
2,7,reference_eigen,8.573222627143998,2.6766521750256116,3.3434394684960003,2.6766521750256116,1.4410354197025299e-05,0.0006593530997633934,,1.1194497346878052e-06,inf,13.252955505769986,12,False,0,0.18191481973955648
2,8,reference_eigen,9.259528200134513,2.707158815411655,3.375269832177179,2.707158815411655,1.4688819646835327e-05,0.0006774934008717537,,1.1799857020378113e-06,inf,12.680929227907008,12,False,0,0.1565738749463545
2,9,reference_eigen,6.648097828026813,2.226313074278341,2.743457485634057,2.226313074278341,1.4400109648704529e-05,0.0006764726713299751,,1.0402873158454895e-06,inf,11.193158742843998,12,False,0,0.1452680041373738
2,10,reference_eigen,8.323234944698973,2.662120934121812,3.210531020919311,2.662120934121812,1.4300458133220673e-05,0.0006661433726549149,,1.0710209608078003e-06,inf,11.064567542629282,12,False,0,0.1398479749701168
2,11,reference_eigen,6.822011231808679,2.566612709913976,3.5344369237631597,2.566612709913976,1.4579854905605316e-05,0.0006659841164946556,,1.0598450899124146e-06,inf,8.88712986372002,12,False,0,0.13984965781089082
2,12,reference_eigen,9.129436898911088,2.9658974186866986,3.7628196676370025,2.9658974186866986,1.4410354197025299e-05,0.0006665922701358795,,1.0700896382331848e-06,inf,11.273382348694838,12,False,0,0.1728345985677004
2,13,reference_eigen,5.109945666545991,1.8329644421454003,2.3117651283480036,1.8329644421454003,1.452956348657608e-05,0.0006612036377191544,,1.0300427675247192e-06,inf,1.1098275747871602,12,False,0,0.09492454769449452
2,14,reference_eigen,4.011235287245619,1.3495144494109315,1.593333709126345,1.3495144494109315,1.4699995517730713e-05,0.0006643543019890785,,1.1902302503585815e-06,inf,4.939903536044872,12,False,0,0.07160886979586312
2,15,reference_eigen,3.3096702118489776,1.1996046578917072,1.4131448989859554,1.1996046578917072,1.4500692486763e-05,0.0006649531424045563,,1.0496005415916443e-06,inf,3.5134843785763348,12,False,0,0.05670517975911646
2,0,rjd,5.776477290017775,3.2331356019746558,3.8431522423002287,3.2331356019746558,3.5860575735569e-05,0.0007658731192350388,,2.3301690816879272e-06,inf,9.969004667509322,12,False,0,0.3551434352381375
2,1,rjd,239.8915091451803,40.60826944730269,49.984436074723384,40.60826944730269,1.7669983208179474e-05,0.0006855437532067299,,1.4603137969970703e-06,inf,115.91072219356035,12,False,0,0.36295431582810933
2,2,rjd,5.72926847920683,2.7741358788883277,3.4849133331377797,2.7741358788883277,1.56499445438385e-05,0.0006755534559488297,,1.3103708624839783e-06,inf,8.919785720967196,12,False,0,0.29681266080681085
2,3,rjd,5.642674233925376,2.846683534890838,3.4610027011802695,2.846683534890838,1.5330500900745392e-05,0.0006644325330853462,,1.2889504432678223e-06,inf,11.268295121771843,12,False,0,0.34570805489651746
2,4,rjd,5.767314493698124,3.0380277084485723,3.643689907127328,3.0380277084485723,1.4759600162506104e-05,0.0006729643791913986,,1.2703239917755127e-06,inf,9.312039057275463,12,False,0,0.3342702867806221
2,5,rjd,6.127605901873151,3.288606055549152,3.9040925691790904,3.288606055549152,1.5029683709144592e-05,0.0006745439022779465,,1.2600794434547424e-06,inf,8.749188226894837,12,False,0,0.3969497322042167
2,6,rjd,6.426708341519422,3.017391421210186,3.7200082555051894,3.017391421210186,1.4839693903923035e-05,0.0006644735112786293,,1.1799857020378113e-06,inf,16.353918777769806,12,False,0,0.2889190108709383
2,7,rjd,6.3598581895727015,2.927622370288062,3.5790272708964777,2.927622370288062,1.4729797840118408e-05,0.0006700344383716583,,1.0896474123001099e-06,inf,12.67922246779142,12,False,0,0.3167363838950325
2,8,rjd,6.276394486133332,2.9418223706320683,3.5118373611925082,2.9418223706320683,1.484900712966919e-05,0.0006683841347694397,,1.2004747986793518e-06,inf,13.56607381274251,12,False,0,0.32849302424281085
2,9,rjd,5.418984123108058,2.6517364697472265,3.2378055597712736,2.6517364697472265,1.4249235391616821e-05,0.0006676232442259789,,1.019798219203949e-06,inf,14.344836758310272,12,False,0,0.31929368126037616
2,10,rjd,6.541896070056169,3.176283377917899,3.8130263536100073,3.176283377917899,1.4590099453926086e-05,0.0006716428324580193,,1.4901161193847656e-06,inf,11.542652416652883,12,False,0,0.43231955708700115
2,11,rjd,5.5286760652005515,2.7333074587398083,3.446306684232022,2.7333074587398083,1.4739111065864563e-05,0.0006705336272716522,,9.899958968162537e-07,inf,5.422281149493783,12,False,0,0.32393282082750013
2,12,rjd,5.782739474816484,2.6470165475807583,3.2505678399614206,2.6470165475807583,1.4629215002059937e-05,0.0006688330322504044,,1.1194497346878052e-06,inf,10.522486658947106,12,False,0,0.32172645966877994
2,13,rjd,5.555433743260696,2.803485785528501,3.407388711457619,2.803485785528501,1.4999881386756897e-05,0.0006586238741874695,,9.899958968162537e-07,inf,11.579584190791005,12,False,0,0.32302694339750354
2,14,rjd,6.406917618723376,3.254912912871355,3.8437551092084425,3.254912912871355,1.4619901776313782e-05,0.0006653843447566032,,1.1296942830085754e-06,inf,11.91502167219439,12,False,0,0.40862012585288965
2,15,rjd,5.5471664852339435,2.950211428411431,3.5274023286398544,2.950211428411431,1.4400109648704529e-05,0.0006655426695942879,,1.0402873158454895e-06,inf,11.01893266850068,12,False,0,0.35256891012648517
3,0,identity,10.13538416949688,4.9520663222198325,5.131433963332045,4.9520663222198325,3.6629848182201385e-05,0.0007725618779659271,,2.419576048851013e-06,inf,25.703088500058495,12,False,0,0.34814426227943523
3,1,identity,50.38398941189875,18.137201863343222,20.215996543828673,18.137201863343222,1.8110498785972595e-05,0.0007096929475665092,,1.0700896382331848e-06,inf,63.40294697798118,12,False,0,0.9512916899913564
3,2,identity,16.18151983189244,7.436600158507081,7.741544913176316,7.436600158507081,1.559033989906311e-05,0.0007038731127977371,,9.899958968162537e-07,inf,22.635947979345836,12,False,0,0.5059973940841012
3,3,identity,15.695415068028352,7.254188422205017,7.5522833592413185,7.254188422205017,1.5430152416229248e-05,0.0006939433515071869,,1.150183379650116e-06,inf,18.88549959214292,12,False,0,0.4757136499058778
3,4,identity,14.46703852863471,6.775922795415762,7.050628522770848,6.775922795415762,1.4450401067733765e-05,0.0006913430988788605,,1.0300427675247192e-06,inf,14.410211136931373,12,False,0,0.4358044268801535
3,5,identity,13.168067941408012,6.250717247538264,6.496774896880422,6.250717247538264,1.442059874534607e-05,0.0006940430030226707,,1.0104849934577942e-06,inf,25.673505919901167,12,False,0,0.414070905723354
3,6,identity,15.591280083279543,7.212664637479047,7.50727827681415,7.212664637479047,1.4400109648704529e-05,0.0006744228303432465,,1.0505318641662598e-06,inf,14.084372818477439,12,False,0,0.5025756293493077
3,7,identity,19.043049485953727,8.497507546458177,8.847126490885795,8.497507546458177,1.4310702681541443e-05,0.0006891731172800064,,1.0486692190170288e-06,inf,13.764268211049183,12,False,0,0.5597677565636617
3,8,identity,19.651894132720745,8.7137056816257,9.072070453145841,8.7137056816257,1.409929245710373e-05,0.0006679641082882881,,1.0402873158454895e-06,inf,11.622846695932152,12,False,0,0.5583816525711962
3,9,identity,17.27054255828226,7.849908974305586,8.175680794036827,7.849908974305586,1.4400109648704529e-05,0.0006899032741785049,,1.0598450899124146e-06,inf,9.170169116143851,12,False,0,0.5227208256592201
3,10,identity,18.668202406137745,8.35993273619065,8.704911650447594,8.35993273619065,1.4039687812328339e-05,0.0007089134305715561,,9.704381227493286e-07,inf,6.479886921219267,12,False,0,0.5067055717973492
3,11,identity,17.30129444941587,7.858824559687854,8.183135485023593,7.858824559687854,1.4340505003929138e-05,0.0006697531789541245,,1.0207295417785645e-06,inf,2.8741847443755937,12,False,0,0.5159877204339427
3,12,identity,19.31144639140097,8.593583896941707,8.9474669151129,8.593583896941707,1.3629905879497528e-05,0.0006908737123012543,,1.0402873158454895e-06,inf,10.224314273018564,12,False,0,0.5609417522232062
3,13,identity,15.739925465049879,7.268588624989643,7.56772379342116,7.268588624989643,1.4210119843482971e-05,0.0006858035922050476,,1.0700896382331848e-06,inf,18.969922229424007,12,False,0,0.46810703147979216
3,14,identity,14.92419348416334,6.9521276838668085,7.234592254698861,6.9521276838668085,2.8420239686965942e-05,0.0006871530786156654,,1.1203810572624207e-06,inf,22.17324036522777,12,False,0,0.4382752375916428
3,15,identity,13.528508566429295,6.399445155841837,6.656331636487157,6.399445155841837,1.4259479939937592e-05,0.0006641438230872154,,1.1399388313293457e-06,inf,17.531518904178355,12,False,0,0.41316566194937143
3,0,reference_eigen,0.2134613712995895,0.10816448402737688,0.13049931704516726,0.10816448402737688,3.671925514936447e-05,0.000784742645919323,,0.0017532724887132645,6.418056924287732e-10,2.3553961711567457e-14,12,True,0,0.007749299897492991
3,1,reference_eigen,818.4026815203805,41.13260968011208,56.39804457149382,41.13260968011208,1.7959624528884888e-05,0.0006980039179325104,,1.2498348951339722e-06,inf,63.49988640407525,12,False,0,0.46984448619702984
3,2,reference_eigen,6.04554622134432,2.4951126154194037,3.5407610919675214,2.4951126154194037,1.5098601579666138e-05,0.0006845742464065552,,1.1296942830085754e-06,inf,11.630011005002299,12,False,0,0.16174799105822998
3,3,reference_eigen,4.750950452346912,1.5699506168691892,1.8511465577126163,1.5699506168691892,1.4949589967727661e-05,0.0006692828610539436,,1.1008232831954956e-06,inf,12.870950949748963,12,False,0,0.1067687367975667
3,4,reference_eigen,3.7794364517337353,1.3268557588209187,1.5403238951182971,1.3268557588209187,1.8230639398097992e-05,0.0006768535822629929,,1.2284144759178162e-06,inf,8.91385266272746,12,False,0,0.07480441198010934
3,5,reference_eigen,2.4642418885720843,0.8621536310253053,1.0340804592994168,0.8621536310253053,1.4410354197025299e-05,0.0006819730624556541,,0.0017646029591560364,2045.7313472265234,9.410711338175222e-12,12,False,0,0.05361552778675487
3,6,reference_eigen,5.792954164462324,2.1208410234171526,2.774790147659231,2.1208410234171526,1.4300458133220673e-05,0.0006810342893004417,,1.2004747986793518e-06,inf,10.618092392683296,12,False,0,0.16208918632220592
3,7,reference_eigen,8.577588481778745,2.676786148527719,3.343212083186052,2.676786148527719,1.4799647033214569e-05,0.0006765825673937798,,1.2200325727462769e-06,inf,22.864428313315344,12,False,0,0.1897671394905983
3,8,reference_eigen,9.260406067424661,2.7071525188589156,3.375278010152215,2.7071525188589156,1.4590099453926086e-05,0.0006855325773358345,,1.0402873158454895e-06,inf,24.119391103062977,12,False,0,0.17108780104737986
3,9,reference_eigen,6.646069924557307,2.2263843532353778,2.7429945368093227,2.2263843532353778,1.452956348657608e-05,0.0007012635469436646,,1.0095536708831787e-06,inf,19.13052481640019,12,False,0,0.15724572588801677
3,10,reference_eigen,8.325972027039963,2.662170149292543,3.210690986040089,2.662170149292543,1.4159828424453735e-05,0.0006796428933739662,,1.2507662177085876e-06,inf,31.075557372579677,12,False,0,0.15822540841973146
3,11,reference_eigen,6.821679196599518,2.566672761308963,3.5339857120807974,2.566672761308963,2.8889626264572144e-05,0.000689762644469738,,1.1604279279708862e-06,inf,19.771625670442262,12,False,0,0.15774884098427194
3,12,reference_eigen,9.12754226542607,2.9661928482238675,3.762998088440026,2.9661928482238675,1.4600344002246857e-05,0.0006865840405225754,,9.993091225624084e-07,inf,30.77597897661922,12,False,0,0.189193116858137
3,13,reference_eigen,5.1090598079430105,1.8328012508468854,2.311198572799554,1.8328012508468854,1.4550052583217621e-05,0.0006674248725175858,,1.0402873158454895e-06,inf,3.2520820829469246,12,False,0,0.1047872149520146
3,14,reference_eigen,4.011836704299851,1.3496511458684752,1.593262027861229,1.3496511458684752,2.027023583650589e-05,0.0006644129753112793,,1.191161572933197e-06,inf,11.18359269754754,12,False,0,0.07780940712462282
3,15,reference_eigen,3.307514053903595,1.1992820227376688,1.412977440046205,1.1992820227376688,1.7989426851272583e-05,0.0006980830803513527,,1.0496005415916443e-06,inf,7.17742597977963,12,False,0,0.06098037152242469
3,0,rjd,5.777470079910227,3.233813763723554,3.8441096845673086,3.233813763723554,3.854930400848389e-05,0.0007726829499006271,,2.1103769540786743e-06,inf,35.59459159766796,12,False,0,0.3453849539524814
3,1,rjd,239.8915091451803,40.60826944730269,49.984436074723384,40.60826944730269,1.8710270524024963e-05,0.0006781425327062607,,1.1203810572624207e-06,inf,61.309231321443804,12,False,0,0.38429633719545064
3,2,rjd,5.7309025771264555,2.774897398103531,3.485938555429439,2.774897398103531,1.5740282833576202e-05,0.000672423280775547,,1.0104849934577942e-06,inf,30.278028389379493,12,False,0,0.29473453493565654
3,3,rjd,5.643939094825194,2.847236889791768,3.4617053498184074,2.847236889791768,1.5109777450561523e-05,0.0006723338738083839,,1.0691583156585693e-06,inf,40.03859824910048,12,False,0,0.339654684973833
3,4,rjd,5.767403763868259,3.0383997276360692,3.6440987706129073,3.0383997276360692,1.4769844710826874e-05,0.0006612632423639297,,1.280568540096283e-06,inf,37.59583821777447,12,False,0,0.33780389873816763
3,5,rjd,6.128638963254353,3.2894048610732045,3.9051047000333114,3.2894048610732045,1.4380551874637604e-05,0.0006655137985944748,,1.169741153717041e-06,inf,37.77558055036902,12,False,0,0.371224692858928
3,6,rjd,6.427634754354105,3.017720200688654,3.7207826389016994,3.017720200688654,1.4330260455608368e-05,0.0006638038903474808,,1.1799857020378113e-06,inf,36.206068452525535,12,False,0,0.2865697572320008
3,7,rjd,6.359734654628257,2.9276656869474618,3.578934795262809,2.9276656869474618,1.4799647033214569e-05,0.0006596138700842857,,1.730397343635559e-06,inf,36.42288402938563,12,False,0,0.32024764977881115
3,8,rjd,6.278577539209925,2.942687461692457,3.5127733003626047,2.942687461692457,1.4510005712509155e-05,0.0006650341674685478,,1.080334186553955e-06,inf,44.16988244306196,12,False,0,0.326892192431969
3,9,rjd,5.419759155831678,2.651649203903894,3.2377206818698983,2.651649203903894,2.6348978281021118e-05,0.0006670039147138596,,1.0598450899124146e-06,inf,42.99353456172575,12,False,0,0.31045207617063714
3,10,rjd,6.549036951654189,3.1787384849811584,3.815734081178698,3.1787384849811584,1.4590099453926086e-05,0.0006657429039478302,,1.0300427675247192e-06,inf,46.32339708688462,12,False,0,0.4332571215648527
3,11,rjd,5.5300920932172035,2.7339199551628193,3.4473906483407943,2.7339199551628193,1.4919787645339966e-05,0.0006577428430318832,,1.1604279279708862e-06,inf,26.737707029734278,12,False,0,0.3252768549617463
3,12,rjd,5.786980846962318,2.6481352841166483,3.252155924102944,2.6481352841166483,1.415889710187912e-05,0.000668063759803772,,1.0794028639793396e-06,inf,36.86778504255362,12,False,0,0.30191082241547806
3,13,rjd,5.559455749419403,2.8050370009252967,3.4094123798137455,2.8050370009252967,1.448020339012146e-05,0.0006649931892752647,,1.2507662177085876e-06,inf,42.46380380397607,12,False,0,0.3368133193408402
3,14,rjd,6.4108226904472625,3.2562673863043865,3.8452097219339323,3.2562673863043865,1.4379620552062988e-05,0.0006555933505296707,,1.1101365089416504e-06,inf,46.21315051281245,12,False,0,0.39955968241171075
3,15,rjd,5.549367623514969,2.950949706434664,3.5283273940121602,2.950949706434664,1.4209188520908356e-05,0.000672132708132267,,1.2004747986793518e-06,inf,40.029266457142896,12,False,0,0.34576446038863984
4,0,identity,10.137217144473636,4.952763852575111,5.133089647003427,4.952763852575111,4.031974822282791e-05,0.0007764920592308044,,2.9802322387695312e-06,inf,20.85508964326439,12,False,0,0.34291760422203904
4,1,identity,50.38398941189875,18.137201863343222,20.215996543828673,18.137201863343222,1.8709339201450348e-05,0.000718182884156704,,1.1296942830085754e-06,inf,100.29436227806252,12,False,0,0.9700336032896077
4,2,identity,16.181923706553903,7.4379779229464535,7.744139414232521,7.4379779229464535,1.56499445438385e-05,0.0006958730518817902,,1.319684088230133e-06,inf,3.824299789032075,12,False,0,0.4956666385135927
4,3,identity,15.69624662055377,7.254575634457227,7.553626134887777,7.254575634457227,1.5259720385074615e-05,0.0006835432723164558,,1.4202669262886047e-06,inf,5.4391454054728605,12,False,0,0.4777950794372429
4,4,identity,14.468345019977303,6.775234537511387,7.050828967605698,6.775234537511387,1.5200115740299225e-05,0.000672072172164917,,1.580454409122467e-06,inf,3.5228565873417192,12,False,0,0.44105281480963276
4,5,identity,13.169354240652286,6.249403348997879,6.4969822163338655,6.249403348997879,1.444946974515915e-05,0.0006762342527508736,,1.4603137969970703e-06,inf,4.978824031568685,12,False,0,0.40763795091898825
4,6,identity,15.592657945255043,7.212959595600184,7.508856937180103,7.212959595600184,1.4598481357097626e-05,0.0007238332182168961,,1.169741153717041e-06,inf,5.048023752161665,12,False,0,0.4906556569870723
4,7,identity,19.04346543920952,8.496425264196976,8.847004101237633,8.496425264196976,1.480989158153534e-05,0.0006683645769953728,,1.2703239917755127e-06,inf,30.259146447715764,12,False,0,0.5535321784352198
4,8,identity,19.652205464338437,8.714861208686113,9.073897261818992,8.714861208686113,1.4560297131538391e-05,0.0006900131702423096,,1.2405216693878174e-06,inf,29.04025064411225,12,False,0,0.5690536537479863
4,9,identity,17.271204553664045,7.850440856964828,8.176925842217402,7.850440856964828,1.4769844710826874e-05,0.0006751632317900658,,1.2703239917755127e-06,inf,11.969572425390389,12,False,0,0.5273655111295619
4,10,identity,18.668633753245942,8.361408777610405,8.706894250455775,8.361408777610405,1.4159828424453735e-05,0.0006795329973101616,,1.1399388313293457e-06,inf,31.1216391449341,12,False,0,0.5280815715467957
4,11,identity,17.3024097291552,7.86000078059474,8.185246918499752,7.86000078059474,1.7719343304634094e-05,0.0006603943184018135,,1.2405216693878174e-06,inf,4.211311022318437,12,False,0,0.5092827201088144
4,12,identity,19.311582437003466,8.593212070041746,8.94836222521852,8.593212070041746,1.4210119843482971e-05,0.0006616823375225067,,1.2200325727462769e-06,inf,29.360100760131118,12,False,0,0.5618023611696009
4,13,identity,15.740800500023004,7.27137374810918,7.571147249409753,7.27137374810918,1.4279969036579132e-05,0.00066408421844244,,1.239590346813202e-06,inf,4.82268736352917,12,False,0,0.4677612561075375
4,14,identity,14.9246229893219,6.95297370967158,7.235998748479624,6.95297370967158,1.4008954167366028e-05,0.000655224546790123,,1.0300427675247192e-06,inf,7.776981918588419,12,False,0,0.4485961376829839
4,15,identity,13.528993619391688,6.4001845445628955,6.657559420530774,6.4001845445628955,1.4180317521095276e-05,0.0007130922749638557,,1.019798219203949e-06,inf,7.132778110646548,12,False,0,0.41613821273531293
4,0,reference_eigen,0.20753973914681545,0.10461610634556644,0.12708362547713487,0.10461610634556644,3.8749538362026215e-05,0.0007621031254529953,,0.0019461214542388916,4.626717114034975e-10,8.99870558455378e-16,12,True,0,0.006664950631409005
4,1,reference_eigen,818.4026815203805,41.13260968011208,56.39804457149382,41.13260968011208,1.707952469587326e-05,0.0006985031068325043,,1.1902302503585815e-06,inf,100.44604807036504,12,False,0,0.5541043422367928
4,2,reference_eigen,6.049550303903553,2.4947896006870014,3.540030676777386,2.4947896006870014,1.532025635242462e-05,0.0006783530116081238,,1.2693926692008972e-06,inf,28.932338140644614,12,False,0,0.1515790028643464
4,3,reference_eigen,4.748216790084807,1.5680939584204516,1.848976494719539,1.5680939584204516,1.4590099453926086e-05,0.0006688032299280167,,1.2600794434547424e-06,inf,19.443167235588497,12,False,0,0.10426886163693935
4,4,reference_eigen,3.773425895996307,1.324367055630718,1.5379525345521678,1.324367055630718,1.486949622631073e-05,0.0006711138412356377,,1.1902302503585815e-06,inf,12.07766867789732,12,False,0,0.07349479464580322
4,5,reference_eigen,2.4580347624350725,0.8597572932144728,1.0314275725406028,0.8597572932144728,1.4320015907287598e-05,0.0006676344200968742,,0.0020261798053979874,2149.300433204256,1.0286586102984234e-12,12,False,0,0.059827555106214333
4,6,reference_eigen,5.790729435095163,2.11906972322122,2.773394362296752,2.11906972322122,1.4199875295162201e-05,0.0006598345935344696,,1.389533281326294e-06,inf,31.44279887011713,12,False,0,0.1410245485834277
4,7,reference_eigen,8.574625932768127,2.6762452627496645,3.343061727629972,2.6762452627496645,1.4029443264007568e-05,0.0006639845669269562,,1.1296942830085754e-06,inf,43.21280347737776,12,False,0,0.18667601807414794
4,8,reference_eigen,9.267554616525288,2.7071566876603823,3.375048787192457,2.7071566876603823,1.3920478522777557e-05,0.0006645824760198593,,1.169741153717041e-06,inf,20.32324925189332,12,False,0,0.17346551213502936
4,9,reference_eigen,6.6439734154742425,2.224563047366567,2.741306551562101,2.224563047366567,1.3950280845165253e-05,0.0006574438884854317,,1.300126314163208e-06,inf,28.243298618700564,12,False,0,0.15275002106206562
4,10,reference_eigen,8.327375337847066,2.659170488591246,3.2072343176240916,2.659170488591246,1.4210119843482971e-05,0.0006656935438513756,,1.300126314163208e-06,inf,20.44376076498707,12,False,0,0.1543947172279922
4,11,reference_eigen,6.82068084428402,2.5655828424987313,3.5324570918300955,2.5655828424987313,1.4510005712509155e-05,0.0006639333441853523,,1.3997778296470642e-06,inf,19.37822767413956,12,False,0,0.13452438772441572
4,12,reference_eigen,9.12962738263054,2.9652551339999116,3.7617724314240126,2.9652551339999116,1.3899989426136017e-05,0.0006642434746026993,,1.2116506695747375e-06,inf,32.05519226680855,12,False,0,0.19244124488753822
4,13,reference_eigen,5.111828438727614,1.83121832772351,2.3090309017908535,1.83121832772351,1.4799647033214569e-05,0.0006567137315869331,,1.2498348951339722e-06,inf,3.9545269607899094,12,False,0,0.08884016421604185
4,14,reference_eigen,4.013522727166112,1.3490779164959874,1.5918995631626034,1.3490779164959874,1.3879500329494476e-05,0.0006637228652834892,,1.369975507259369e-06,inf,4.4205781015555665,12,False,0,0.08151722418844323
4,15,reference_eigen,3.3074440602893804,1.1988705407131306,1.412496156696228,1.1988705407131306,1.3899989426136017e-05,0.0006624236702919006,,1.389533281326294e-06,inf,1.952020763430826,12,False,0,0.05725557893738396
4,0,rjd,5.791130557426886,3.2380279792767506,3.847708661905697,3.2380279792767506,3.868062049150467e-05,0.0008340822532773018,,2.409331500530243e-06,inf,46.632622616068474,12,False,0,0.40497494506989157
4,1,rjd,239.8915091451803,40.60826944730269,49.984436074723384,40.60826944730269,1.8170103430747986e-05,0.0006793830543756485,,1.4901161193847656e-06,inf,92.17880230023157,12,False,0,0.35177190880279297
4,2,rjd,5.735708830219819,2.777189883406338,3.488001739686509,2.777189883406338,1.5540048480033875e-05,0.0007862923666834831,,2.0498409867286682e-06,inf,25.99063620234405,12,False,0,0.3798640888250185
4,3,rjd,5.65025013249546,2.8504317023335144,3.4663632971130327,2.8504317023335144,1.5430152416229248e-05,0.0007547922432422638,,1.9399449229240417e-06,inf,44.468155592039565,12,False,0,0.396976839048067
4,4,rjd,5.775144668633006,3.0418331951860793,3.648832486570036,3.0418331951860793,1.4920718967914581e-05,0.0007558632642030716,,2.119690179824829e-06,inf,40.596886061058626,12,False,0,0.3643315527174655
4,5,rjd,6.14046567522828,3.292848275901964,3.9093549831156067,3.292848275901964,1.4609657227993011e-05,0.0007528224959969521,,1.1594966053962708e-06,inf,47.60223765335803,12,False,0,0.4148509948877338
4,6,rjd,6.4369889423945805,3.0219944101651586,3.7254260906654375,3.0219944101651586,1.5099532902240753e-05,0.0006667729467153549,,1.689419150352478e-06,inf,38.19980393090444,12,False,0,0.3761085471086385
4,7,rjd,6.365159347267011,2.9294698467027747,3.581208375980138,2.9294698467027747,1.4170072972774506e-05,0.0007096128538250923,,1.1399388313293457e-06,inf,31.29613235786409,12,False,0,0.3839021263027521
4,8,rjd,6.292733194217301,2.946959997206051,3.5167577325071875,2.946959997206051,1.4650635421276093e-05,0.0007575331255793571,,1.4398247003555298e-06,inf,61.6053817625472,12,False,0,0.35534241909052544
4,9,rjd,5.425237072446205,2.654541463721844,3.2421066647417813,2.654541463721844,1.4780089259147644e-05,0.0007564332336187363,,1.2600794434547424e-06,inf,46.479795518882185,12,False,0,0.367619951563515
4,10,rjd,6.560464855132145,3.1831161529688354,3.8213647687625376,3.1831161529688354,1.4270655810832977e-05,0.0007654726505279541,,1.2507662177085876e-06,inf,57.66061830144739,12,False,0,0.4707767508621511
4,11,rjd,5.5363500674327,2.7385074881094793,3.45396904709729,2.7385074881094793,1.4769844710826874e-05,0.0006663734093308449,,1.2600794434547424e-06,inf,44.23840426420166,12,False,0,0.3897038128669163
4,12,rjd,5.788794659227291,2.6486354804421772,3.252456078301117,2.6486354804421772,2.8529204428195953e-05,0.0006870832294225693,,1.3299286365509033e-06,inf,56.755511372559866,12,False,0,0.3813501814444818
4,13,rjd,5.5820231822121045,2.8119063178148997,3.4175666249180834,2.8119063178148997,1.4538876712322235e-05,0.0007767528295516968,,1.1604279279708862e-06,inf,50.524152878299965,12,False,0,0.38874978835243273
4,14,rjd,6.428330988256255,3.2607442592167226,3.849800396298685,3.2607442592167226,1.4500692486763e-05,0.0007563820108771324,,1.1799857020378113e-06,inf,50.96151575388479,12,False,0,0.41349419602165216
4,15,rjd,5.561013369807069,2.953853816193823,3.5316616262483755,2.953853816193823,1.4370307326316833e-05,0.0007782923057675362,,1.0402873158454895e-06,inf,53.35713416689235,12,False,0,0.3844674202631021
5,0,identity,10.15149464285829,4.956424556386275,5.141371816881915,4.956424556386275,3.8710422813892365e-05,0.0007831621915102005,,3.0100345611572266e-06,inf,8.184087364981977,12,False,0,0.3472357285574915
5,1,identity,50.38398941189875,18.137201863343222,20.215996543828673,18.137201863343222,1.7930753529071808e-05,0.0006904527544975281,,1.2703239917755127e-06,inf,162.22350798191368,12,False,0,0.9974045985171747
5,2,identity,16.179612095951356,7.441594003647807,7.745444815572894,7.441594003647807,1.6470439732074738e-05,0.000680362805724144,,1.0598450899124146e-06,inf,55.80171468536406,12,False,0,0.5052606733280697
5,3,identity,15.716701768486889,7.259756431220131,7.556782331937715,7.259756431220131,1.5269964933395386e-05,0.0006870031356811523,,1.0402873158454895e-06,inf,46.400316176241525,12,False,0,0.4898264056759412
5,4,identity,14.48223370099206,6.778834030449727,7.051767181091068,6.778834030449727,1.51805579662323e-05,0.0007103225216269493,,9.909272193908691e-07,inf,35.87856429945354,12,False,0,0.4475656288828724
5,5,identity,13.18326952870305,6.2526992483750865,6.5004744287754415,6.2526992483750865,1.561921089887619e-05,0.0006742328405380249,,1.0486692190170288e-06,inf,22.098729185291525,12,False,0,0.41685961178272446
5,6,identity,15.588834205823627,7.216040782739852,7.510239135495979,7.216040782739852,1.4709308743476868e-05,0.0006794538348913193,,1.0402873158454895e-06,inf,53.00860742048795,12,False,0,0.4977059218332154
5,7,identity,19.059606876006395,8.502126633310812,8.850262688415231,8.502126633310812,1.5369616448879242e-05,0.0007004532963037491,,1.080334186553955e-06,inf,77.57071095983186,12,False,0,0.5654768685632781
5,8,identity,19.667012641018836,8.722945164707786,9.079894917377828,8.722945164707786,1.4639459550380707e-05,0.0006803330034017563,,1.019798219203949e-06,inf,58.822627525003654,12,False,0,0.5826712236085793
5,9,identity,17.31615773587963,7.856122815524823,8.181330377435607,7.856122815524823,1.5430152416229248e-05,0.000672193244099617,,1.210719347000122e-06,inf,62.2880406565657,12,False,0,0.5373576540637365
5,10,identity,18.681263311439015,8.367333004952155,8.71162628633705,8.367333004952155,1.4680437743663788e-05,0.0007168026641011238,,1.1101365089416504e-06,inf,71.81458099315634,12,False,0,0.5452342778118994
5,11,identity,17.320559087980143,7.863123002352698,8.185789640844758,7.863123002352698,1.4999881386756897e-05,0.0006774133071303368,,1.0700896382331848e-06,inf,53.448488956370596,12,False,0,0.5158730497354292
5,12,identity,19.323704190254436,8.601052225451802,8.955128774077007,8.601052225451802,1.4379620552062988e-05,0.0006714444607496262,,1.0505318641662598e-06,inf,57.63037761211265,12,False,0,0.5748711962182215
5,13,identity,15.759814250739769,7.2756884892800615,7.573166955074573,7.2756884892800615,1.4589168131351471e-05,0.0006912937387824059,,1.1101365089416504e-06,inf,46.1712531871991,12,False,0,0.4753588678801879
5,14,identity,14.949826108045867,6.959385709494099,7.241223669634323,6.959385709494099,1.4408491551876068e-05,0.0006849532946944237,,1.0505318641662598e-06,inf,39.20574020825117,12,False,0,0.46742694129798085
5,15,identity,13.561816108096615,6.406858647091804,6.662340394397161,6.406858647091804,1.4800578355789185e-05,0.0006909128278493881,,1.150183379650116e-06,inf,25.700144855854575,12,False,0,0.4251505015790096
5,0,reference_eigen,0.33417675060489443,0.15715572239239212,0.19650444161291536,0.15715572239239212,3.8129277527332306e-05,0.0007684938609600067,,0.0021556485444307327,8.8483765560796e-08,1.6496867799976667e-13,12,True,0,0.008125371206305985
5,1,reference_eigen,818.4026815203805,41.13260968011208,56.39804457149382,41.13260968011208,1.7479993402957916e-05,0.0006804624572396278,,1.6307458281517029e-06,inf,164.64246903105274,12,False,0,0.6674814741930568
5,2,reference_eigen,6.082070673587267,2.518360275729365,3.577286373140341,2.518360275729365,1.5710480511188507e-05,0.0006722435355186462,,1.3094395399093628e-06,inf,25.086497563839924,12,False,0,0.15301222445617566
5,3,reference_eigen,4.780862308118696,1.5785987561434263,1.8596298520983243,1.5785987561434263,1.5280209481716156e-05,0.0006674434989690781,,1.2898817658424377e-06,inf,21.611987551172803,12,False,0,0.10157630687264853
5,4,reference_eigen,3.79477910004464,1.3313015377835518,1.5424120580986929,1.3313015377835518,1.53491273522377e-05,0.0006816545501351357,,1.1799857020378113e-06,inf,14.881847743445197,12,False,0,0.07167454188070302
5,5,reference_eigen,2.498250010085977,0.876170452414927,1.0433844282751814,0.876170452414927,1.4690682291984558e-05,0.0006922334432601929,,0.0019112909212708473,2840.575096270057,5.422355411131776e-11,12,False,0,0.05795178657097821
5,6,reference_eigen,5.800778261916366,2.1278526139135314,2.7855052875971515,2.1278526139135314,1.4600344002246857e-05,0.000665874220430851,,1.5292316675186157e-06,inf,34.87897388695581,12,False,0,0.13357805477150642
5,7,reference_eigen,8.608142450019496,2.68959682632775,3.364608451015472,2.68959682632775,1.5028752386569977e-05,0.00068675447255373,,1.1799857020378113e-06,inf,43.779445857464054,12,False,0,0.1814698395334478
5,8,reference_eigen,9.289716739687822,2.713759150632188,3.377358712201116,2.713759150632188,1.4489516615867615e-05,0.0006696134805679321,,1.2097880244255066e-06,inf,14.883566170492315,12,False,0,0.16616462566917806
5,9,reference_eigen,6.689966124072826,2.237133543214469,2.7602667890234986,2.237133543214469,1.4370307326316833e-05,0.0006630728021264076,,1.0794028639793396e-06,inf,34.87459786415477,12,False,0,0.14690868852244998
5,10,reference_eigen,8.335497637415429,2.6598720539678067,3.207630550565474,2.6598720539678067,1.4640390872955322e-05,0.0006582038477063179,,1.2796372175216675e-06,inf,8.322666096112359,12,False,0,0.14676930146584552
5,11,reference_eigen,6.848904266321757,2.575243202472034,3.547686216269701,2.575243202472034,1.4340505003929138e-05,0.0006643645465373993,,1.080334186553955e-06,inf,25.637265485826116,12,False,0,0.13040101005076188
5,12,reference_eigen,9.19115759169014,2.9942122435543954,3.8081826419510407,2.9942122435543954,1.4649704098701477e-05,0.0006662039086222649,,1.1203810572624207e-06,inf,29.45147655225372,12,False,0,0.19795568637957958
5,13,reference_eigen,5.132048533272748,1.8367553158843464,2.3182519955144816,1.8367553158843464,1.4678575098514557e-05,0.0006594844162464142,,1.0402873158454895e-06,inf,4.459792378855907,12,False,0,0.08382271016746536
5,14,reference_eigen,4.032753874883812,1.354794461147827,1.595679156918759,1.354794461147827,1.4590099453926086e-05,0.0006678132340312004,,1.1594966053962708e-06,inf,0.34212901285332853,12,False,0,0.07761076229785624
5,15,reference_eigen,3.3307280870467935,1.206083074108507,1.4223699628784472,1.206083074108507,1.4400109648704529e-05,0.0006678840145468712,,1.1203810572624207e-06,inf,2.0677224073562597,12,False,0,0.0557882740975062
5,0,rjd,5.796765379154665,3.242764827579068,3.8529292990388058,3.242764827579068,3.6129727959632874e-05,0.0007596313953399658,,1.909211277961731e-06,inf,40.33843366809806,12,False,0,0.3483145124729409
5,1,rjd,239.8915091451803,40.60826944730269,49.984436074723384,40.60826944730269,1.7910264432430267e-05,0.0006778333336114883,,1.1799857020378113e-06,inf,148.2009788082734,12,False,0,0.5366416147011013
5,2,rjd,5.722915725087053,2.776966089848888,3.5083166515236193,2.776966089848888,2.6609748601913452e-05,0.0006868541240692139,,1.0300427675247192e-06,inf,28.781303287225143,12,False,0,0.32507228121123866
5,3,rjd,5.653946280997824,2.853085867290326,3.476841619287124,2.853085867290326,1.5818513929843903e-05,0.0006810948252677917,,1.2200325727462769e-06,inf,35.58630135606699,12,False,0,0.3422724106408754
5,4,rjd,5.777437749745981,3.042955465679755,3.6523414674075454,3.042955465679755,1.5740282833576202e-05,0.0006849439814686775,,1.0505318641662598e-06,inf,30.76235843501134,12,False,0,0.31812626026085195
5,5,rjd,6.145310207071953,3.29665936877476,3.9265722507219927,3.29665936877476,1.5009194612503052e-05,0.0006663426756858826,,1.0300427675247192e-06,inf,43.98962869821819,12,False,0,0.3683588875582211
5,6,rjd,6.406859734792195,3.013539087577678,3.7338166709998197,3.013539087577678,1.4699995517730713e-05,0.0006716744974255562,,1.0402873158454895e-06,inf,37.12516456508351,12,False,0,0.3406789187500082
5,7,rjd,6.365655359424467,2.932341018545828,3.5978419393615084,2.932341018545828,1.5029683709144592e-05,0.0006891535595059395,,1.0300427675247192e-06,inf,26.550846581143503,12,False,0,0.3492165734875486
5,8,rjd,6.313469823602193,2.9565143158586746,3.532983472874464,2.9565143158586746,1.482013612985611e-05,0.0006650043651461601,,1.5506520867347717e-06,inf,61.13774444084828,12,False,0,0.31189806888912225
5,9,rjd,5.426894161746827,2.657696710780211,3.255331658412548,2.657696710780211,1.4590099453926086e-05,0.0006699124351143837,,1.300126314163208e-06,inf,32.91842856962535,12,False,0,0.3150069431818888
5,10,rjd,6.576583857868514,3.18831687536962,3.828120958635256,3.18831687536962,1.483038067817688e-05,0.0006688237190246582,,1.0998919606208801e-06,inf,53.311802145286634,12,False,0,0.4121368499214928
5,11,rjd,5.535394479745997,2.738639193232986,3.457366287261394,2.738639193232986,1.4440156519412994e-05,0.000660664401948452,,1.1110678315162659e-06,inf,33.31441073878269,12,False,0,0.324743041364732
5,12,rjd,5.793863224439698,2.654075943760027,3.2876693790388556,2.654075943760027,1.4640390872955322e-05,0.0009550713002681732,,1.0402873158454895e-06,inf,53.11858839299103,12,False,0,0.3395984169170237
5,13,rjd,5.588024457863831,2.814219989728832,3.4224302574065386,2.814219989728832,2.2919848561286926e-05,0.000847572460770607,,1.150183379650116e-06,inf,45.72756418284999,12,False,0,0.32660026878426496
5,14,rjd,6.4467246903999245,3.267670412919694,3.860472157508811,3.267670412919694,1.4930032193660736e-05,0.0006705224514007568,,1.1203810572624207e-06,inf,43.8467738444917,12,False,0,0.35710486079323245
5,15,rjd,5.5775919513938,2.96096999565096,3.5423438214144642,2.96096999565096,1.4839693903923035e-05,0.000676923431456089,,1.0794028639793396e-06,inf,43.96987454124139,12,False,0,0.34217060669341626
6,0,identity,10.136295049958509,4.9532312600122665,5.1327657523533565,4.9532312600122665,3.8700178265571594e-05,0.0007729120552539825,,2.6598572731018066e-06,inf,30.909497231746197,12,False,0,0.3242112814169875
6,1,identity,50.38398941189875,18.137201863343222,20.215996543828673,18.137201863343222,1.7219223082065582e-05,0.0007009934633970261,,1.1995434761047363e-06,inf,189.03331495479333,12,False,0,0.9537103000801602
6,2,identity,16.181843608981005,7.438051169921623,7.744129930701095,7.438051169921623,1.5419907867908478e-05,0.0006792033091187477,,1.1194497346878052e-06,inf,96.30695333406251,12,False,0,0.476889180880096
6,3,identity,15.695059970996002,7.25495914994722,7.553351274370491,7.25495914994722,1.528952270746231e-05,0.0006735436618328094,,1.1902302503585815e-06,inf,76.29847191771266,12,False,0,0.4667409091293124
6,4,identity,14.465968722651244,6.7757112838063716,7.050222350932771,6.7757112838063716,1.456867903470993e-05,0.0006633345037698746,,1.0896474123001099e-06,inf,72.56802156848191,12,False,0,0.4308427846490856
6,5,identity,13.167333263310121,6.249835171986375,6.496413494052203,6.249835171986375,1.5329569578170776e-05,0.000667233020067215,,1.1203810572624207e-06,inf,57.64641547916854,12,False,0,0.3938300070522345
6,6,identity,15.591921432471896,7.21439417491356,7.508863442719931,7.21439417491356,1.4349818229675293e-05,0.0006744842976331711,,1.0095536708831787e-06,inf,74.01441777234032,12,False,0,0.4707136412079201
6,7,identity,19.043986714123683,8.49869093975693,8.847656134104163,8.49869093975693,1.4979392290115356e-05,0.0006810938939452171,,1.080334186553955e-06,inf,115.48734302463437,12,False,0,0.5435237023343666
6,8,identity,19.65224466623958,8.717043563050575,9.074522097028083,8.717043563050575,1.4759600162506104e-05,0.0006756344810128212,,1.0700896382331848e-06,inf,84.12842479490442,12,False,0,0.5604707563161274
6,9,identity,17.271185524370857,7.85092100824991,8.177026606606347,7.85092100824991,1.4440156519412994e-05,0.0006775334477424622,,1.0104849934577942e-06,inf,75.36416524943328,12,False,0,0.5182608199700354
6,10,identity,18.66639703354078,8.361132974605143,8.706225476706987,8.361132974605143,2.2339634597301483e-05,0.000677633099257946,,1.0905787348747253e-06,inf,94.1147255992839,12,False,0,0.5188132384439713
6,11,identity,17.298881514100326,7.8591696211489595,8.184039278345953,7.8591696211489595,1.4970079064369202e-05,0.000665394589304924,,1.0896474123001099e-06,inf,87.47476801275408,12,False,0,0.501098540026461
6,12,identity,19.311822411760392,8.593328575930144,8.948462701311847,8.593328575930144,1.4728866517543793e-05,0.0006709424778819084,,9.806826710700989e-07,inf,92.62580719857361,12,False,0,0.5548674751031503
6,13,identity,15.739516806394262,7.271759436320314,7.570861587665703,7.271759436320314,1.4659948647022247e-05,0.000670192763209343,,1.1594966053962708e-06,inf,72.77704182386452,12,False,0,0.44981736000012884
6,14,identity,14.925207812374204,6.9547281685837845,7.236539371388736,6.9547281685837845,1.452956348657608e-05,0.0006613936275243759,,9.797513484954834e-07,inf,64.55674379032672,12,False,0,0.4371632771628258
6,15,identity,13.528547050495542,6.4006416240804365,6.657512359150339,6.4006416240804365,2.0059756934642792e-05,0.0006741443648934364,,1.1101365089416504e-06,inf,51.813370265561645,12,False,0,0.406211206072208
6,0,reference_eigen,0.21241826142393497,0.10751304899235478,0.12918825492988195,0.10751304899235478,3.581959754228592e-05,0.000756523571908474,,0.0021575288847088814,5.66594991941959e-10,1.6959449521650715e-13,12,True,0,0.007498970619841078
6,1,reference_eigen,818.4026815203805,41.13260968011208,56.39804457149382,41.13260968011208,1.7709098756313324e-05,0.0006783222779631615,,1.2600794434547424e-06,inf,190.44996269602498,12,False,0,0.5942030960294438
6,2,reference_eigen,6.049926270075512,2.495539958292273,3.5403703579417902,2.495539958292273,1.551024615764618e-05,0.0006620325148105621,,1.019798219203949e-06,inf,31.682016284677108,12,False,0,0.1744471593157149
6,3,reference_eigen,4.754103089339842,1.5683233023237975,1.8487749577302672,1.5683233023237975,1.556985080242157e-05,0.0006725238636136055,,1.1399388313293457e-06,inf,24.945348417523487,12,False,0,0.11251090348751262
6,4,reference_eigen,3.777249211076349,1.324300427134212,1.5371879244642357,1.324300427134212,1.456867903470993e-05,0.000666443258523941,,1.0104849934577942e-06,inf,18.986450300811047,12,False,0,0.07496373477183427
6,5,reference_eigen,2.4606763766966857,0.8594771200039286,1.0305878589169493,0.8594771200039286,1.4959834516048431e-05,0.000656873919069767,,0.0020028604194521904,1880.7146064881476,1.808674133052651e-13,12,False,0,0.05829026657173898
6,6,reference_eigen,5.792283696301767,2.120948482055527,2.7762673010677092,2.120948482055527,1.4989636838436127e-05,0.0006610043346881866,,1.3709068298339844e-06,inf,35.85612288273546,12,False,0,0.15479070255047991
6,7,reference_eigen,8.583447656794249,2.67794229095562,3.3454830609024473,2.67794229095562,1.4928169548511505e-05,0.000669233500957489,,1.0402873158454895e-06,inf,54.86027280377015,12,False,0,0.19739042114130198
6,8,reference_eigen,9.267349907090102,2.7076305719140232,3.3742591184575206,2.7076305719140232,1.4600344002246857e-05,0.0006700335070490837,,1.0402873158454895e-06,inf,23.669419654758766,12,False,0,0.1814122624537593
6,9,reference_eigen,6.660934470379499,2.224752373362489,2.7415918036629363,2.224752373362489,1.4999881386756897e-05,0.0006612138822674751,,1.0402873158454895e-06,inf,31.742526681238175,12,False,0,0.1628169106463103
6,10,reference_eigen,8.327895904086981,2.6591795001528373,3.206809897483436,2.6591795001528373,1.4999881386756897e-05,0.0006705932319164276,,1.1101365089416504e-06,inf,20.119703467828895,12,False,0,0.1561275789795317
6,11,reference_eigen,6.830482397794541,2.5658817387887005,3.5330220415398825,2.5658817387887005,1.5120021998882294e-05,0.000664982944726944,,9.909272193908691e-07,inf,26.85824944370058,12,False,0,0.15192181648944594
6,12,reference_eigen,9.130196888553291,2.9669924004714026,3.763357950448944,2.9669924004714026,1.4610588550567627e-05,0.0006549237295985222,,9.499490261077881e-07,inf,35.8873036100121,12,False,0,0.21607886046051078
6,13,reference_eigen,5.116246165490974,1.8305514461467172,2.308078975611201,1.8305514461467172,1.4659948647022247e-05,0.0006801225244998932,,1.039355993270874e-06,inf,9.620038162907196,12,False,0,0.09851806553418019
6,14,reference_eigen,4.017134168094488,1.3490271037688348,1.5910784788215269,1.3490271037688348,1.453980803489685e-05,0.0006712935864925385,,1.000240445137024e-06,inf,7.614737867192391,12,False,0,0.08202176225209805
6,15,reference_eigen,3.3123253138048496,1.1984918634982473,1.4117333920023385,1.1984918634982473,1.4649704098701477e-05,0.0006620548665523529,,1.0496005415916443e-06,inf,5.3482086512543665,12,False,0,0.060500914828501465
6,0,rjd,5.794805379748271,3.238827304837855,3.8489592108283235,3.238827304837855,3.60589474439621e-05,0.0007711723446846008,,1.9399449229240417e-06,inf,39.58205455393916,12,False,0,0.34870907084584984
6,1,rjd,239.8915091451803,40.60826944730269,49.984436074723384,40.60826944730269,1.817941665649414e-05,0.0007152939215302467,,1.239590346813202e-06,inf,173.6407951698658,12,False,0,0.5777645456055419
6,2,rjd,5.733006016284023,2.775966516445149,3.4867338463045563,2.775966516445149,1.597963273525238e-05,0.0006829844787716866,,1.3401731848716736e-06,inf,21.749159714889878,12,False,0,0.34322611373227974
6,3,rjd,5.651913329576719,2.8507770151959275,3.466269592190218,2.8507770151959275,1.558847725391388e-05,0.0006702635437250137,,1.1008232831954956e-06,inf,36.317109926918775,12,False,0,0.3411707677900797
6,4,rjd,5.778002810483896,3.0420330459595695,3.648210404719256,3.0420330459595695,1.5290454030036926e-05,0.0006752433255314827,,1.2498348951339722e-06,inf,35.42079811564086,12,False,0,0.31239531958240907
6,5,rjd,6.144281398375405,3.292917480035438,3.9086125406772054,3.292917480035438,1.4919787645339966e-05,0.0006725434213876724,,1.239590346813202e-06,inf,41.71555072319551,12,False,0,0.3648135774084303
6,6,rjd,6.437733836770123,3.0229158813757944,3.7275416236864354,3.0229158813757944,1.4710240066051483e-05,0.0006666732951998711,,1.2004747986793518e-06,inf,35.18294196542965,12,False,0,0.3692497936901545
6,7,rjd,6.376940669925477,2.9326199679239378,3.5847710894443847,2.9326199679239378,1.4930032193660736e-05,0.000674152746796608,,1.1902302503585815e-06,inf,17.42053640880146,12,False,0,0.3581202760502926
6,8,rjd,6.29585331366429,2.9479586725788396,3.518668627495381,2.9479586725788396,1.4630146324634552e-05,0.0006740139797329903,,1.1799857020378113e-06,inf,56.32982751743929,12,False,0,0.3300228376447947
6,9,rjd,5.427921914657347,2.6562569164330325,3.2436644322910806,2.6562569164330325,1.4579854905605316e-05,0.0006712339818477631,,1.2498348951339722e-06,inf,39.23285610050774,12,False,0,0.3195289147796075
6,10,rjd,6.558564965803063,3.1819583750176843,3.8195084421283756,3.1819583750176843,1.522991806268692e-05,0.0006644641980528831,,1.2302771210670471e-06,inf,52.88037240314224,12,False,0,0.4207687045984532
6,11,rjd,5.536238217684142,2.7373259717418095,3.4514052916974824,2.7373259717418095,1.4650635421276093e-05,0.000680423341691494,,1.3504177331924438e-06,inf,35.91225873671434,12,False,0,0.315319954897693
6,12,rjd,5.785751822859099,2.647558353926626,3.2514973385038104,2.647558353926626,1.4219433069229126e-05,0.000670064240694046,,1.1194497346878052e-06,inf,48.53722302370734,12,False,0,0.3199719278712233
6,13,rjd,5.583998701724188,2.81215674833027,3.417339795464901,2.81215674833027,1.4259479939937592e-05,0.0006621833890676498,,1.2200325727462769e-06,inf,45.85216474948184,12,False,0,0.34498361433689323
6,14,rjd,6.433062136439354,3.262846894706156,3.8523573218143383,3.262846894706156,1.5189871191978455e-05,0.0006699934601783752,,1.2293457984924316e-06,inf,42.874416024863194,12,False,0,0.3825270199103954
6,15,rjd,5.564422190695827,2.9551522167815514,3.532675225365806,2.9551522167815514,1.4640390872955322e-05,0.0006687240675091743,,1.0691583156585693e-06,inf,45.63670822082638,12,False,0,0.33110377962253634
7,0,identity,10.135474093402697,4.9524907119847015,5.132368734645676,4.9524907119847015,3.791972994804382e-05,0.0007943036034703255,,2.4884939193725586e-06,inf,49.26891433828098,12,False,0,0.29953466341755064
7,1,identity,50.38398941189875,18.137201863343222,20.215996543828673,18.137201863343222,1.731887459754944e-05,0.0006879027932882309,,1.369975507259369e-06,inf,187.88530837201796,12,False,0,0.9731417939364919
7,2,identity,16.18189413247557,7.4389070432357505,7.744139414232521,7.4389070432357505,1.5340745449066162e-05,0.000673132948577404,,1.2703239917755127e-06,inf,113.59361120697841,12,False,0,0.48467857085227245
7,3,identity,15.694324154765956,7.254295472183123,7.552884564842428,7.254295472183123,1.5079975128173828e-05,0.0006732437759637833,,1.0998919606208801e-06,inf,99.27921887788749,12,False,0,0.4427893689394345
7,4,identity,14.465177831023327,6.7748123680810926,7.049593074608357,6.7748123680810926,1.4919787645339966e-05,0.0006726840510964394,,1.4295801520347595e-06,inf,89.01329443197542,12,False,0,0.39371621329990536
7,5,identity,13.166672802110849,6.248632449365822,6.495906015672215,6.248632449365822,1.4479272067546844e-05,0.0006680842489004135,,1.080334186553955e-06,inf,67.08334123178828,12,False,0,0.35329104544206913
7,6,identity,15.591800986272068,7.212923015987069,7.508545149882536,7.212923015987069,1.4429911971092224e-05,0.0006736023351550102,,1.0998919606208801e-06,inf,100.84262889462437,12,False,0,0.4755758376813106
7,7,identity,19.043222107567775,8.496790053484363,8.846936178081416,8.496790053484363,1.48797407746315e-05,0.0007073534652590752,,1.0998919606208801e-06,inf,144.1336963700444,12,False,0,0.5329976445951399
7,8,identity,19.652158056981804,8.715698970629495,9.073897261818992,8.715698970629495,1.4520250260829926e-05,0.0006977831944823265,,1.0291114449501038e-06,inf,149.458414298964,12,False,0,0.5304319812687809
7,9,identity,17.269633948227664,7.850371936676306,8.176328368488319,7.850371936676306,1.4579854905605316e-05,0.0006681038066744804,,1.1604279279708862e-06,inf,107.32914727753014,12,False,0,0.5027527628286452
7,10,identity,18.666352956062124,8.360773408614364,8.706052406814088,8.360773408614364,1.535937190055847e-05,0.0006736638024449348,,1.0896474123001099e-06,inf,121.30892950288661,12,False,0,0.48568376443708045
7,11,identity,17.29812463353444,7.858933758123339,8.18363481857677,7.858933758123339,1.4760531485080719e-05,0.0006729234009981155,,1.0710209608078003e-06,inf,97.08316934147204,12,False,0,0.4920042365077477
7,12,identity,19.311570154230086,8.593589419315242,8.94836222521852,8.593589419315242,1.4559365808963776e-05,0.0006692437455058098,,1.1511147022247314e-06,inf,128.30881350988142,12,False,0,0.542283378883136
7,13,identity,15.738861405149043,7.271388635221715,7.570407279892527,7.271388635221715,1.4750286936759949e-05,0.0006713233888149261,,1.1101365089416504e-06,inf,93.21084172201051,12,False,0,0.43680207151108047
7,14,identity,14.92438881857339,6.953711786946197,7.235916656385863,6.953711786946197,1.4609657227993011e-05,0.00067182257771492,,1.2302771210670471e-06,inf,107.22595065658894,12,False,0,0.39909652631657927
7,15,identity,13.527345557223224,6.400266212882316,6.656903849363126,6.400266212882316,1.445971429347992e-05,0.0006628734990954399,,1.1706724762916565e-06,inf,77.42540246160307,12,False,0,0.37746188726658614
7,0,reference_eigen,0.20831353538758138,0.10508317488058706,0.1276559647768039,0.10508317488058706,3.862939774990082e-05,0.0007515829056501389,,0.0021055201068520546,3.839811387644764e-10,8.915227106114668e-15,12,True,0,0.007709900694625557
7,1,reference_eigen,818.4026815203805,41.13260968011208,56.39804457149382,41.13260968011208,1.8419697880744934e-05,0.0007073124870657921,,1.9799917936325073e-06,inf,189.27706123519118,12,False,0,0.5858731643577328
7,2,reference_eigen,6.0497821317373965,2.4947186104885457,3.5398989876034332,2.4947186104885457,1.5689991414546967e-05,0.0006781723350286484,,2.1494925022125244e-06,inf,41.56976338789873,12,False,0,0.20430322956879238
7,3,reference_eigen,4.749092794689406,1.5686325707675,1.8494181474644282,1.5686325707675,1.547951251268387e-05,0.0006730528548359871,,1.7099082469940186e-06,inf,25.97085055531336,12,False,0,0.12416272356193583
7,4,reference_eigen,3.7748495260346795,1.3250541025427136,1.5383015320467162,1.3250541025427136,1.5010125935077667e-05,0.0006686234846711159,,1.1604279279708862e-06,inf,13.10399473380177,12,False,0,0.07452394024437396
7,5,reference_eigen,2.458840115727016,0.8600260850221232,1.0318326067894295,0.8600260850221232,1.4428980648517609e-05,0.0006726337596774101,,0.0020444197580218315,1705.4916154064656,7.092054625448456e-11,12,False,0,0.05538083883002521
7,6,reference_eigen,5.791358121230003,2.1193311302199658,2.773813653991741,2.1193311302199658,1.4409422874450684e-05,0.0006688730791211128,,1.8496066331863403e-06,inf,35.466329435865646,12,False,0,0.18347015644853662
7,7,reference_eigen,8.574808420193586,2.6762881762290287,3.343075700953552,2.6762881762290287,1.4580786228179932e-05,0.0006617540493607521,,1.4100223779678345e-06,inf,56.22197258337053,12,False,0,0.21821658746430356
7,8,reference_eigen,9.268094440431797,2.707308464235733,3.3753325733599713,2.707308464235733,1.448020339012146e-05,0.0006679240614175797,,1.5301629900932312e-06,inf,37.394532156542276,12,False,0,0.20427684382265915
7,9,reference_eigen,6.643773882102372,2.2249928312818614,2.7421792780386394,2.2249928312818614,1.488998532295227e-05,0.0006655436009168625,,1.4994293451309204e-06,inf,32.08865187909686,12,False,0,0.17661768100953384
7,10,reference_eigen,8.327532493074377,2.6595622551729443,3.207510382439607,2.6595622551729443,1.4799647033214569e-05,0.000658874399960041,,1.7099082469940186e-06,inf,27.602967930474406,12,False,0,0.1613568835528719
7,11,reference_eigen,6.822306560802731,2.5665083182776867,3.5341725943748385,2.5665083182776867,1.4719553291797638e-05,0.0006767529994249344,,1.2703239917755127e-06,inf,23.924057763237446,12,False,0,0.18386704261010745
7,12,reference_eigen,9.129192156351774,2.9652940293464582,3.761846720345247,2.9652940293464582,1.4020130038261414e-05,0.0006672022864222527,,1.5906989574432373e-06,inf,43.1418264321413,12,False,0,0.24404615977549052
7,13,reference_eigen,5.112731568944767,1.8316512256449042,2.3096519563270377,1.8316512256449042,1.4429911971092224e-05,0.0006571244448423386,,1.5003606677055359e-06,inf,11.965055460998986,12,False,0,0.11794101203247472
7,14,reference_eigen,4.0136970382352875,1.3492702143410287,1.5921985455851773,1.3492702143410287,1.422874629497528e-05,0.0006630131974816322,,1.860782504081726e-06,inf,14.24080924932079,12,False,0,0.08045394102567403
7,15,reference_eigen,3.3076606866126435,1.1991886014537434,1.4129287649008861,1.1991886014537434,1.4510005712509155e-05,0.0006810231134295464,,1.4100223779678345e-06,inf,4.3154508330417745,12,False,0,0.06383939075316931
7,0,rjd,5.7888527106370695,3.23666819267992,3.846352798619465,3.23666819267992,3.765057772397995e-05,0.0007658423855900764,,2.300366759300232e-06,inf,28.512188160319397,12,False,0,0.3152092192673128
7,1,rjd,239.8915091451803,40.60826944730269,49.984436074723384,40.60826944730269,1.7399899661540985e-05,0.0007131434977054596,,1.780688762664795e-06,inf,179.23774462741542,12,False,0,0.5100716626980483
7,2,rjd,5.735748592517094,2.7772679451931666,3.488166541662234,2.7772679451931666,1.5599653124809265e-05,0.0006744926795363426,,1.8104910850524902e-06,inf,14.852883206678811,12,False,0,0.265647793500734
7,3,rjd,5.648896467810573,2.8492950715067433,3.464648385013369,2.8492950715067433,1.5540048480033875e-05,0.0006648534908890724,,1.3997778296470642e-06,inf,23.315287827935737,12,False,0,0.3074777076655739
7,4,rjd,5.77280261298474,3.039764158065107,3.6458333986311313,3.039764158065107,1.491885632276535e-05,0.0006656432524323463,,1.1799857020378113e-06,inf,23.42411033266989,12,False,0,0.3149189757570551
7,5,rjd,6.136879056712624,3.2905088457331635,3.906031432894623,3.2905088457331635,1.4630146324634552e-05,0.0006658639758825302,,1.1799857020378113e-06,inf,29.72374990251135,12,False,0,0.38520587543297347
7,6,rjd,6.436135769239195,3.021394445409442,3.7246485540273087,3.021394445409442,1.4339573681354523e-05,0.0006747646257281303,,1.1296942830085754e-06,inf,20.482523198105604,12,False,0,0.3008975239793605
7,7,rjd,6.364784437681279,2.929253375777561,3.581000193850566,2.929253375777561,1.4538876712322235e-05,0.000666104257106781,,1.0998919606208801e-06,inf,2.3322938987291053,12,False,0,0.3169271746647281
7,8,rjd,6.2926748691563805,2.9468942857998996,3.5168326283577978,2.9468942857998996,1.4959834516048431e-05,0.0006666528061032295,,1.1194497346878052e-06,inf,31.597719105577806,12,False,0,0.34087801896219816
7,9,rjd,5.424569609369813,2.6540776658687313,3.241392455883516,2.6540776658687313,1.4690682291984558e-05,0.0006592944264411926,,1.019798219203949e-06,inf,23.86701028159389,12,False,0,0.27782355299970674
7,10,rjd,6.558644623618144,3.181542498990729,3.8189995154868996,3.181542498990729,1.4648772776126862e-05,0.0006682826206088066,,1.109205186367035e-06,inf,35.25378909440438,12,False,0,0.4022208065318227
7,11,rjd,5.533587623094372,2.7360044657147737,3.4500797034123525,2.7360044657147737,1.4720484614372253e-05,0.0006672441959381104,,1.1194497346878052e-06,inf,31.34832407387225,12,False,0,0.24272808914493174
7,12,rjd,5.789065823845361,2.6487206554931704,3.2525847313883007,2.6487206554931704,1.4600344002246857e-05,0.0006551137194037437,,1.1995434761047363e-06,inf,36.014314636250525,12,False,0,0.27445384186604177
7,13,rjd,5.579849365296329,2.8106789512760515,3.4158389138872316,2.8106789512760515,1.3620592653751373e-05,0.0006792731583118439,,1.2004747986793518e-06,inf,32.28560794037459,12,False,0,0.2766786655586151
7,14,rjd,6.427559664188635,3.2607119949610133,3.849948602137124,3.2607119949610133,1.4240853488445282e-05,0.0006771422922611237,,1.1799857020378113e-06,inf,22.006749886971583,12,False,0,0.40355642959422294
7,15,rjd,5.558851193586819,2.9527908809499994,3.530271345377769,2.9527908809499994,1.5120021998882294e-05,0.0006729038432240486,,1.210719347000122e-06,inf,30.93481462056109,12,False,0,0.31594381710300096
8,0,identity,10.141616348129357,4.955954328572258,5.138211999020393,4.955954328572258,4.040822386741638e-05,0.0007796222344040871,,2.8405338525772095e-06,inf,59.997536869142024,12,False,0,0.3189163515083155
8,1,identity,50.38398941189875,18.137201863343222,20.215996543828673,18.137201863343222,1.7000362277030945e-05,0.0006813937798142433,,1.3103708624839783e-06,inf,4.02036966566553,12,False,0,0.9940375474435915
8,2,identity,16.233732165809787,7.456562340760623,7.766699679837716,7.456562340760623,1.5799887478351593e-05,0.0006818827241659164,,1.1511147022247314e-06,inf,99.31902300138759,12,False,0,0.501734199200665
8,3,identity,15.731771592102687,7.26742535759516,7.568512596945679,7.26742535759516,1.4899298548698425e-05,0.000687803141772747,,1.150183379650116e-06,inf,100.68923047072042,12,False,0,0.4640516329277838
8,4,identity,14.478349309090744,6.779030713876093,7.054937987165673,6.779030713876093,1.5030615031719208e-05,0.0006702737882733345,,1.2302771210670471e-06,inf,82.03568454555739,12,False,0,0.407724415698371
8,5,identity,13.178582019893458,6.254413625457859,6.502977700189158,6.254413625457859,1.4538876712322235e-05,0.0006739143282175064,,1.1296942830085754e-06,inf,86.50236157157508,12,False,0,0.3791028995649489
8,6,identity,15.601487040245134,7.216018170917546,7.515486601067581,7.216018170917546,1.4429911971092224e-05,0.000672653317451477,,1.389533281326294e-06,inf,115.03063446472626,12,False,0,0.4947058325406093
8,7,identity,19.112244261957027,8.520680212609076,8.873394461862278,8.520680212609076,1.5059486031532288e-05,0.000672592781484127,,1.2600794434547424e-06,inf,132.93682599719676,12,False,0,0.5402308518430838
8,8,identity,19.69064112735387,8.727075035366674,9.088201533682536,8.727075035366674,1.522991806268692e-05,0.0006653144955635071,,1.3206154108047485e-06,inf,148.5689906689358,12,False,0,0.542394633078401
8,9,identity,17.306300570753052,7.862391309860729,8.190934025491478,7.862391309860729,1.4899298548698425e-05,0.0006887046620249748,,1.2200325727462769e-06,inf,113.61028652843552,12,False,0,0.5218574041633645
8,10,identity,18.741996090185072,8.386477138396295,8.734506871392359,8.386477138396295,1.451931893825531e-05,0.0006750430911779404,,1.4798715710639954e-06,inf,128.55678054002482,12,False,0,0.5071843718748422
8,11,identity,17.34164806793677,7.873407269018711,8.200612212650764,7.873407269018711,1.4560297131538391e-05,0.0006603142246603966,,1.0905787348747253e-06,inf,90.34449412630384,12,False,0,0.5088926214305303
8,12,identity,19.35515730276663,8.608535049575027,8.965660220587377,8.608535049575027,1.4329329133033752e-05,0.0006674742326140404,,1.080334186553955e-06,inf,156.56495522186782,12,False,0,0.5638586540657516
8,13,identity,15.78104511839776,7.2847530166960786,7.587646974585919,7.2847530166960786,1.444946974515915e-05,0.0006700130179524422,,1.0598450899124146e-06,inf,92.92875139308046,12,False,0,0.453896750575527
8,14,identity,14.969817140276323,6.969797637945489,7.254974294708479,6.969797637945489,1.3979151844978333e-05,0.0006680432707071304,,1.1399388313293457e-06,inf,100.85589520821243,12,False,0,0.41782153071724887
8,15,identity,13.55914575495443,6.411840134124922,6.670356177126016,6.411840134124922,1.4409422874450684e-05,0.0006664739921689034,,1.2498348951339722e-06,inf,91.08423535647682,12,False,0,0.39743453860006894
8,0,reference_eigen,0.716079546216927,0.308282438873148,0.4102891807334761,0.308282438873148,3.7979334592819214e-05,0.000758633017539978,,0.0020532403141260147,0.0005562647960268077,3.6426696128632736e-14,12,True,0,0.017362907476107872
8,1,reference_eigen,818.4026815203805,41.13260968011208,56.39804457149382,41.13260968011208,1.8149614334106445e-05,0.0006972244009375572,,1.2600794434547424e-06,inf,4.022626289641288,12,False,0,0.580629990910158
8,2,reference_eigen,6.313829602314721,2.623843269463509,3.6987367423108948,2.623843269463509,1.56499445438385e-05,0.0006786538287997246,,1.2200325727462769e-06,inf,25.31355598026994,12,False,0,0.18179415603036017
8,3,reference_eigen,4.982087612390091,1.6461162807418197,1.9492129598005499,1.6461162807418197,1.4810822904109955e-05,0.0006725043058395386,,1.2097880244255066e-06,inf,18.378476684648668,12,False,0,0.11268243902825048
8,4,reference_eigen,3.8972888304010507,1.36998583290918,1.563951195916301,1.36998583290918,1.4779157936573029e-05,0.0006641233339905739,,1.0905787348747253e-06,inf,7.365655333762366,12,False,0,0.07273860476109265
8,5,reference_eigen,2.7203180512071126,0.9459288331155223,1.0950345466321316,0.9459288331155223,1.4920718967914581e-05,0.0006723422557115555,,0.002065560780465603,14507.744839122624,6.041305202344424e-11,12,False,0,0.054080409834384106
8,6,reference_eigen,5.8860916282125375,2.1409595425696084,2.758798332268873,2.1409595425696084,1.4579854905605316e-05,0.0006853435188531876,,1.150183379650116e-06,inf,24.79363413865925,12,False,0,0.16924250408460734
8,7,reference_eigen,8.831603162656753,2.7582954862438753,3.4232934364812615,2.7582954862438753,1.4339573681354523e-05,0.0006679631769657135,,1.4901161193847656e-06,inf,42.236117090291074,12,False,0,0.2019574092893432
8,8,reference_eigen,9.462512936743002,2.766651032653694,3.429936443763581,2.766651032653694,2.1420419216156006e-05,0.0006794426590204239,,1.1799857020378113e-06,inf,31.851238170816856,12,False,0,0.19007993206643262
8,9,reference_eigen,6.881203403982843,2.3078394730168568,2.84912230323423,2.3078394730168568,1.4640390872955322e-05,0.0006673242896795273,,1.1799857020378113e-06,inf,25.21460566903757,12,False,0,0.16094211851997517
8,10,reference_eigen,8.41312707529551,2.6747427241910016,3.2342101528906206,2.6747427241910016,1.4589168131351471e-05,0.00066385418176651,,1.1399388313293457e-06,inf,22.834530105491815,12,False,0,0.15668558263836846
8,11,reference_eigen,6.968072588001776,2.6219701466018837,3.606034620520023,2.6219701466018837,1.411978155374527e-05,0.0006907535716891289,,1.2898817658424377e-06,inf,20.493582214466876,12,False,0,0.16608567405743288
8,12,reference_eigen,9.5666364543178,3.1360584123635986,3.9840115903266984,3.1360584123635986,1.4290213584899902e-05,0.000666213221848011,,1.12876296043396e-06,inf,37.270317411251355,12,False,0,0.20914913466444632
8,13,reference_eigen,5.260011507322185,1.8823878802546248,2.3743962935470178,1.8823878802546248,1.4239922165870667e-05,0.0006617838516831398,,1.080334186553955e-06,inf,7.919040780482612,12,False,0,0.10989289270229084
8,14,reference_eigen,4.174495476878397,1.4026171411053678,1.6339918597632366,1.4026171411053678,1.4429911971092224e-05,0.0006655538454651833,,1.210719347000122e-06,inf,9.485676168732258,12,False,0,0.07821184279346599
8,15,reference_eigen,3.4469663038462577,1.250465821341944,1.4844604956470597,1.250465821341944,1.4460645616054535e-05,0.0006658332422375679,,1.000240445137024e-06,inf,2.7135343384478796,12,False,0,0.0614971811794358
8,0,rjd,5.7082649014718685,3.200136901440273,3.801820572917923,3.200136901440273,3.607943654060364e-05,0.000766322948038578,,2.1597370505332947e-06,inf,10.664163633671244,12,False,0,0.28429569955038747
8,1,rjd,239.8915091451803,40.60826944730269,49.984436074723384,40.60826944730269,1.7910264432430267e-05,0.0006888527423143387,,1.7900019884109497e-06,inf,3.818189257210435,12,False,0,0.6972441103169393
8,2,rjd,5.490000938331307,2.676034454295089,3.3481944629529035,2.676034454295089,1.550000160932541e-05,0.0006811833009123802,,1.4994293451309204e-06,inf,5.652453665232281,12,False,0,0.21426707025826297
8,3,rjd,5.5709465883835545,2.8249548537623466,3.432210045450236,2.8249548537623466,1.5149824321269989e-05,0.0006903531029820442,,1.2293457984924316e-06,inf,7.561156227057877,12,False,0,0.2771964298453728
8,4,rjd,5.780028749134624,3.0526330361644116,3.6626815860803372,3.0526330361644116,1.5020370483398438e-05,0.0006898129358887672,,1.1604279279708862e-06,inf,5.783093871970941,12,False,0,0.3016187791395214
8,5,rjd,6.046445392921389,3.2567352847273607,3.8566839260348913,3.2567352847273607,1.5970319509506226e-05,0.0006761644035577774,,1.300126314163208e-06,inf,8.570731856095989,12,False,0,0.3594369355951143
8,6,rjd,6.057081478414741,2.866986018546066,3.508472195786923,2.866986018546066,1.5119090676307678e-05,0.0006772540509700775,,1.428648829460144e-06,inf,11.331871614985202,12,False,0,0.2538668040220044
8,7,rjd,6.201448582243099,2.881436648923334,3.522786356449267,2.881436648923334,1.5390105545520782e-05,0.0006694337353110313,,1.3206154108047485e-06,inf,6.0175547171085775,12,False,0,0.29860122099816044
8,8,rjd,6.212371740720802,2.9300588427127687,3.495010810977486,2.9300588427127687,1.4440156519412994e-05,0.0006603533402085304,,1.130625605583191e-06,inf,9.127055310187128,12,False,0,0.31710014823959104
8,9,rjd,5.336415060990988,2.6335414125014087,3.208560374769142,2.6335414125014087,1.4798715710639954e-05,0.0006710626184940338,,1.1101365089416504e-06,inf,11.887815148686917,12,False,0,0.255783805253536
8,10,rjd,6.464961989133418,3.1487364121763415,3.7711367934189215,3.1487364121763415,1.4429911971092224e-05,0.0006860829889774323,,1.0998919606208801e-06,inf,19.05572780869609,12,False,0,0.36017039342434143
8,11,rjd,5.485563212271025,2.7247517283635547,3.4333333286934318,2.7247517283635547,1.4630146324634552e-05,0.0006624022498726845,,1.0300427675247192e-06,inf,15.445028165304542,12,False,0,0.21509922646857554
8,12,rjd,5.580875367169387,2.58803820402912,3.1569562721608846,2.58803820402912,1.4440156519412994e-05,0.0006679939106106758,,1.2405216693878174e-06,inf,19.80622556926468,12,False,0,0.23856125967552425
8,13,rjd,5.509394563069652,2.783109273384744,3.3750018669850306,2.783109273384744,1.4339573681354523e-05,0.000667923130095005,,1.2200325727462769e-06,inf,13.405780136888044,12,False,0,0.2388853529424448
8,14,rjd,6.380454695569874,3.2460258980195666,3.8306276223134406,3.2460258980195666,1.414027065038681e-05,0.0006607044488191605,,1.0691583156585693e-06,inf,4.20858638177485,12,False,0,0.37817639526442576
8,15,rjd,5.5647109569958655,2.9587537111382316,3.5351603078112372,2.9587537111382316,1.9740313291549683e-05,0.0006603337824344635,,1.1399388313293457e-06,inf,12.405308603109127,12,False,0,0.2847161929473278
9,0,identity,10.137538248849731,4.956387767815068,5.136734080821412,4.956387767815068,3.685988485813141e-05,0.0007745418697595596,,3.2801181077957153e-06,inf,24.917227635065878,12,False,0,0.31352968776742157
9,1,identity,50.38398941189875,18.137201863343222,20.215996543828673,18.137201863343222,1.7659738659858704e-05,0.0007004030048847198,,1.5506520867347717e-06,inf,164.67129381120245,12,False,0,0.9472150185937661
9,2,identity,16.226040101231003,7.458001211713766,7.764424633111993,7.458001211713766,1.5400350093841553e-05,0.0006749434396624565,,1.1399388313293457e-06,inf,72.44728892582023,12,False,0,0.48638310272049445
9,3,identity,15.726660028577093,7.267739315541236,7.56691196382938,7.267739315541236,1.4899298548698425e-05,0.0006839940324425697,,1.169741153717041e-06,inf,60.777114398404834,12,False,0,0.442521433232136
9,4,identity,14.481710460945333,6.7806804545155535,7.056472756844517,6.7806804545155535,1.4730729162693024e-05,0.0006732046604156494,,1.1799857020378113e-06,inf,45.30056404534727,12,False,0,0.38974574274564405
9,5,identity,13.180215221010917,6.2565582080673785,6.504041092991288,6.2565582080673785,1.4829449355602264e-05,0.000667923130095005,,1.0896474123001099e-06,inf,34.66236032214027,12,False,0,0.3659910635587203
9,6,identity,15.588882039500609,7.215684324054595,7.511214814139208,7.215684324054595,1.4799647033214569e-05,0.0006752246990799904,,1.0598450899124146e-06,inf,76.51530801837188,12,False,0,0.47248386800670067
9,7,identity,19.109883125600156,8.521778182261903,8.872928103943767,8.521778182261903,1.4768913388252258e-05,0.000674024224281311,,9.993091225624084e-07,inf,89.53919930629216,12,False,0,0.5198343419822704
9,8,identity,19.685862930225827,8.72745777510984,9.086821601052002,8.72745777510984,1.4410354197025299e-05,0.0006767930462956429,,1.0207295417785645e-06,inf,90.80489669815921,12,False,0,0.5219082688099665
9,9,identity,17.294842430388233,7.861103012967437,8.18706494883954,7.861103012967437,1.5339814126491547e-05,0.0006689233705401421,,1.169741153717041e-06,inf,81.06998631076478,12,False,0,0.49387897973758826
9,10,identity,18.738266353417597,8.386581830606405,8.733381225922678,8.386581830606405,1.4780089259147644e-05,0.0006767939776182175,,1.1399388313293457e-06,inf,88.73716363422315,12,False,0,0.47730868138891075
9,11,identity,17.33755401754197,7.873754548393273,8.199422166513667,7.873754548393273,1.5029683709144592e-05,0.0007004542276263237,,1.0896474123001099e-06,inf,65.95181510083441,12,False,0,0.49155013395499003
9,12,identity,19.347949430194657,8.609461823158794,8.963640778952705,8.609461823158794,1.4599412679672241e-05,0.0006693229079246521,,1.0896474123001099e-06,inf,97.16804862727179,12,False,0,0.5412395610070532
9,13,identity,15.773752257399607,7.284840407919213,7.5852494329065525,7.284840407919213,1.4640390872955322e-05,0.0006765332072973251,,1.080334186553955e-06,inf,57.826987500038406,12,False,0,0.44027077354203015
9,14,identity,14.96657372305502,6.970131386839838,7.253927981321681,6.970131386839838,1.4499761164188385e-05,0.0006811441853642464,,1.000240445137024e-06,inf,57.87506371264203,12,False,0,0.39680150364369365
9,15,identity,13.554584987189061,6.411224725524605,6.668657788704769,6.411224725524605,1.4349818229675293e-05,0.0006888341158628464,,1.0402873158454895e-06,inf,55.26409496019454,12,False,0,0.3786698399308327
9,0,reference_eigen,0.7143715443193899,0.3083555634156281,0.4106976806614341,0.3083555634156281,3.5960227251052856e-05,0.0007516937330365181,,0.0019488809630274773,0.000643050556840319,1.373563989049104e-13,12,True,0,0.015858296838681743
9,1,reference_eigen,818.4026815203805,41.13260968011208,56.39804457149382,41.13260968011208,1.7119571566581726e-05,0.0006791232153773308,,1.4891847968101501e-06,inf,166.79687157683043,12,False,0,0.6482643487255016
9,2,reference_eigen,6.312556435169414,2.623468824700745,3.697466602089168,2.623468824700745,1.551024615764618e-05,0.0006686225533485413,,1.0896474123001099e-06,inf,11.43011085321235,12,False,0,0.17904369097047604
9,3,reference_eigen,4.978374948273686,1.645275520333032,1.9478994697273306,1.645275520333032,1.4860183000564575e-05,0.0006755134090781212,,1.1194497346878052e-06,inf,15.082884845560978,12,False,0,0.11206086571920575
9,4,reference_eigen,3.8894461923015937,1.3664500664962391,1.5593424117315688,1.3664500664962391,1.5898607671260834e-05,0.0006721643730998039,,1.2703239917755127e-06,inf,12.076188195995222,12,False,0,0.0736259654348394
9,5,reference_eigen,2.715814656105341,0.9441552695011739,1.091010181395723,0.9441552695011739,1.4990568161010742e-05,0.0006684837862849236,,0.0019261408597230911,15444.476119252971,1.730110983060078e-11,12,False,0,0.04947799485658574
9,6,reference_eigen,5.885444962343981,2.142143588614436,2.75951462756357,2.142143588614436,1.4569610357284546e-05,0.0006767027080059052,,1.430511474609375e-06,inf,26.989552197878538,12,False,0,0.17470265436058025
9,7,reference_eigen,8.831288087002127,2.758462004887673,3.4229521155524125,2.758462004887673,1.4780089259147644e-05,0.000662083737552166,,1.0998919606208801e-06,inf,41.98946305834903,12,False,0,0.20155721228874726
9,8,reference_eigen,9.46214193758081,2.767003075068331,3.43064172496533,2.767003075068331,1.4689750969409943e-05,0.0006929142400622368,,1.0700896382331848e-06,inf,36.030914443937775,12,False,0,0.190489870142588
9,9,reference_eigen,6.876898257202438,2.307539027861708,2.8483855485715974,2.307539027861708,1.5079975128173828e-05,0.000722743570804596,,1.080334186553955e-06,inf,24.46469726445964,12,False,0,0.16374037944025382
9,10,reference_eigen,8.408194866004509,2.6727348715622075,3.230926173008699,2.6727348715622075,1.48797407746315e-05,0.0006689736619591713,,1.1203810572624207e-06,inf,26.657552192483987,12,False,0,0.1475241862195917
9,11,reference_eigen,6.95847172271128,2.618925417040668,3.6018514542689584,2.618925417040668,1.4919787645339966e-05,0.0006906529888510704,,1.0691583156585693e-06,inf,8.648103979468479,12,False,0,0.1702492855446822
9,12,reference_eigen,9.563893539623558,3.1366924437035895,3.984025046159836,3.1366924437035895,1.4550052583217621e-05,0.0006814030930399895,,1.0691583156585693e-06,inf,27.72548275063967,12,False,0,0.20513755787096274
9,13,reference_eigen,5.256836228979865,1.881985916511983,2.3739429044553018,1.881985916511983,1.4960765838623047e-05,0.0006640637293457985,,1.0207295417785645e-06,inf,7.061252964051179,12,False,0,0.11511813626219426
9,14,reference_eigen,4.173622200927606,1.402429681881395,1.6339380172783375,1.402429681881395,1.446995884180069e-05,0.0006619039922952652,,1.0598450899124146e-06,inf,14.643311812610795,12,False,0,0.07215068686920065
9,15,reference_eigen,3.4452371916928137,1.2506493599706436,1.4846390270785648,1.2506493599706436,1.4600344002246857e-05,0.0006651422008872032,,1.039355993270874e-06,inf,11.3600891254991,12,False,0,0.061222272437154786
9,0,rjd,5.707815486025564,3.2015672824018235,3.804112675681923,3.2015672824018235,3.5618431866168976e-05,0.0007661627605557442,,2.430751919746399e-06,inf,9.450964402833879,12,False,0,0.32747048204216767
9,1,rjd,239.8915091451803,40.60826944730269,49.984436074723384,40.60826944730269,1.6869977116584778e-05,0.0006897831335663795,,1.7117708921432495e-06,inf,160.5609630287148,12,False,0,0.4287933155743288
9,2,rjd,5.490611056467337,2.6763989363765845,3.3488204237995514,2.6763989363765845,1.5259720385074615e-05,0.0006713429465889931,,1.1101365089416504e-06,inf,11.11895161935362,12,False,0,0.261833383535062
9,3,rjd,5.57320937299004,2.826424533675839,3.433730315262324,2.826424533675839,1.4989636838436127e-05,0.0006664441898465157,,1.2600794434547424e-06,inf,1.7210101801431357,12,False,0,0.3174634483671875
9,4,rjd,5.7848142213802936,3.0557412579789576,3.6656362403119784,3.0557412579789576,1.4428980648517609e-05,0.000658753328025341,,1.1902302503585815e-06,inf,4.800803883562281,12,False,0,0.3392556996992264
9,5,rjd,6.051208041558255,3.260888942421823,3.860768910323653,3.260888942421823,1.5689991414546967e-05,0.0006594331935048103,,1.1194497346878052e-06,inf,11.576862646797478,12,False,0,0.389393371350709
9,6,rjd,6.058191654654001,2.8675907558473113,3.5084299271501505,2.8675907558473113,1.446995884180069e-05,0.0006637144833803177,,1.6400590538978577e-06,inf,3.2960837651768102,12,False,0,0.29060757018323
9,7,rjd,6.202466568715431,2.8823707764855437,3.5242932886114424,2.8823707764855437,1.4619901776313782e-05,0.0006677331402897835,,1.9399449229240417e-06,inf,19.24509480827819,12,False,0,0.3109201053453061
9,8,rjd,6.218270535407778,2.9322735581862513,3.4975025392896195,2.9322735581862513,1.3919547200202942e-05,0.000660063698887825,,1.2898817658424377e-06,inf,3.3253375312621714,12,False,0,0.3417110632532608
9,9,rjd,5.334801814126691,2.6329186286048345,3.2076523645167865,2.6329186286048345,1.4728866517543793e-05,0.0006704432889819145,,1.2703239917755127e-06,inf,0.3562809728782472,12,False,0,0.2956516739109201
9,10,rjd,6.4670537672837405,3.1500521206665377,3.7721417185684856,3.1500521206665377,1.4239922165870667e-05,0.0006792526692152023,,1.5087425708770752e-06,inf,12.759637868877428,12,False,0,0.39651822372110956
9,11,rjd,5.489216912413762,2.726816027736957,3.4347326969777185,2.726816027736957,1.4839693903923035e-05,0.0006599742919206619,,1.519918441772461e-06,inf,10.426499462322331,12,False,0,0.2779192828805133
9,12,rjd,5.593202402190892,2.5904191676687938,3.1589731117912407,2.5904191676687938,1.409929245710373e-05,0.0006677340716123581,,1.4398247003555298e-06,inf,14.813213969162003,12,False,0,0.2736754391864562
9,13,rjd,5.510254587645425,2.784683068391397,3.376846905202342,2.784683068391397,1.4640390872955322e-05,0.0006659636273980141,,1.3597309589385986e-06,inf,3.950065319379613,12,False,0,0.28890234815907867
9,14,rjd,6.380628684317117,3.2465911320211593,3.831558339193407,3.2465911320211593,1.9200146198272705e-05,0.0006591435521841049,,1.6605481505393982e-06,inf,0.2465196961154632,12,False,0,0.4063877891685392
9,15,rjd,5.5641255555996105,2.959179004373675,3.535302785287766,2.959179004373675,1.417938619852066e-05,0.000664793886244297,,1.8700957298278809e-06,inf,0.6055157863053555,12,False,0,0.3271882479184213
10,0,identity,10.145739582055446,4.966987053013614,5.147183165017852,4.966987053013614,3.6329030990600586e-05,0.0007750429213047028,,2.8600916266441345e-06,inf,10.295866135499256,12,False,0,0.32914579226978585
10,1,identity,50.38398941189875,18.137201863343222,20.215996543828673,18.137201863343222,2.544000744819641e-05,0.0007068328559398651,,1.730397343635559e-06,inf,135.5751606472031,12,False,0,0.9105997557580949
10,2,identity,16.256278632131842,7.476232253292537,7.784378700234137,7.476232253292537,1.627020537853241e-05,0.0007943520322442055,,1.3206154108047485e-06,inf,21.543770171272406,12,False,0,0.4941072237538929
10,3,identity,15.737250643947622,7.279480663689816,7.575531505863122,7.279480663689816,1.6100704669952393e-05,0.0006822124123573303,,2.2882595658302307e-06,inf,22.573258158851235,12,False,0,0.45735818361053465
10,4,identity,14.484459756747485,6.791881698425616,7.062274353420899,6.791881698425616,1.522991806268692e-05,0.0006835032254457474,,1.8300488591194153e-06,inf,14.598552305959387,12,False,0,0.41878398978574094
10,5,identity,13.180892127794028,6.264775576698089,6.507169323695546,6.264775576698089,1.4959834516048431e-05,0.0006795544177293777,,1.3103708624839783e-06,inf,13.80158132051427,12,False,0,0.38352735198832955
10,6,identity,15.614522194425868,7.229918805508505,7.5239685417451545,7.229918805508505,1.4729797840118408e-05,0.0006727045401930809,,1.389533281326294e-06,inf,22.236633876532462,12,False,0,0.4843859223929873
10,7,identity,19.128730180832367,8.540171558089321,8.887226770711342,8.540171558089321,1.4920718967914581e-05,0.0006758244708180428,,1.3792887330055237e-06,inf,17.103924913900634,12,False,0,0.5397899297003664
10,8,identity,19.69618886211015,8.742166426030474,9.098654308739798,8.742166426030474,1.5089288353919983e-05,0.0006939126178622246,,1.298263669013977e-06,inf,23.767244270851897,12,False,0,0.5387020683334621
10,9,identity,17.307138981166972,7.870428156244038,8.194515721487562,7.870428156244038,1.529976725578308e-05,0.000673963688313961,,1.5506520867347717e-06,inf,32.97546084774974,12,False,0,0.5026740931751628
10,10,identity,18.740178651091302,8.39822196237779,8.73850007815777,8.39822196237779,1.5430152416229248e-05,0.0006695343181490898,,1.6400590538978577e-06,inf,31.592052304238614,12,False,0,0.49048195645604414
10,11,identity,17.346246473563728,7.885425335317519,8.2084045072707,7.885425335317519,1.4860183000564575e-05,0.0006744144484400749,,1.5404075384140015e-06,inf,26.111847740621972,12,False,0,0.5095090449883826
10,12,identity,19.35992409594336,8.618536875572307,8.972265207336331,8.618536875572307,1.4309771358966827e-05,0.0006740735843777657,,1.169741153717041e-06,inf,35.35811228030717,12,False,0,0.5469110638077355
10,13,identity,15.790331359551658,7.299828410177761,7.598421771027509,7.299828410177761,1.4800578355789185e-05,0.000670192763209343,,1.2498348951339722e-06,inf,19.504603661883685,12,False,0,0.4535246053036145
10,14,identity,14.972186009486908,6.98360716595768,7.263213197024081,6.98360716595768,1.483876258134842e-05,0.0006768340244889259,,1.300126314163208e-06,inf,18.219615184977194,12,False,0,0.41096277989648594
10,15,identity,13.558546690652571,6.422175777757791,6.675470932896497,6.422175777757791,1.453980803489685e-05,0.0006763432174921036,,1.3299286365509033e-06,inf,16.846899833343855,12,False,0,0.39179639748714384
10,0,reference_eigen,0.7197861047075954,0.3157155077953405,0.41739027016390917,0.3157155077953405,4.00785356760025e-05,0.000783093273639679,,0.002146199345588684,0.0008091441594373192,1.342462408850866e-13,12,True,0,0.01972196958353278
10,1,reference_eigen,818.4026815203805,41.13260968011208,56.39804457149382,41.13260968011208,1.895986497402191e-05,0.0007004439830780029,,1.3997778296470642e-06,inf,136.95978164756735,12,False,0,0.6274601144107901
10,2,reference_eigen,6.314899643884508,2.6223090675148835,3.69488595798707,2.6223090675148835,1.603923738002777e-05,0.0006769141182303429,,1.6903504729270935e-06,inf,3.352605660405742,12,False,0,0.15820912931376713
10,3,reference_eigen,4.9819351882341785,1.6462592240604672,1.9480958367150656,1.6462592240604672,1.599825918674469e-05,0.0006679138168692589,,1.2405216693878174e-06,inf,7.406705691095929,12,False,0,0.09818227183593094
10,4,reference_eigen,3.8892442737931403,1.3680226301836076,1.5591289140510893,1.3680226301836076,1.4989636838436127e-05,0.0006715347990393639,,1.1688098311424255e-06,inf,6.000470055221413,12,False,0,0.07157805437099336
10,5,reference_eigen,2.71810404169032,0.946277935044277,1.0896070232070407,0.946277935044277,1.490022987127304e-05,0.0006709238514304161,,0.001920410431921482,15122.535180970823,1.0610701876631127e-10,12,False,0,0.051504146901251005
10,6,reference_eigen,5.889395438584873,2.144328367759127,2.7603637586131233,2.144328367759127,1.5070661902427673e-05,0.0006619440391659737,,1.8496066331863403e-06,inf,5.691273000891713,12,False,0,0.15673972097248168
10,7,reference_eigen,8.840535301412924,2.759781449114703,3.423663743806289,2.759781449114703,1.4330260455608368e-05,0.0006711734458804131,,1.150183379650116e-06,inf,10.42650883290703,12,False,0,0.18446324617640542
10,8,reference_eigen,9.47275093337702,2.768501142544096,3.4322734408538285,2.768501142544096,1.4319084584712982e-05,0.0006678234785795212,,1.210719347000122e-06,inf,15.602398438632738,12,False,0,0.16552922146154708
10,9,reference_eigen,6.879229814346337,2.308360404932952,2.8477598468039087,2.308360404932952,1.4789402484893799e-05,0.0006592832505702972,,1.080334186553955e-06,inf,12.397000986744917,12,False,0,0.1476911039051113
10,10,reference_eigen,8.415817576780043,2.6755759320164554,3.2320591781952803,2.6755759320164554,1.4910474419593811e-05,0.0006669927388429642,,1.369975507259369e-06,inf,15.558978323040098,12,False,0,0.14515926073220403
10,11,reference_eigen,6.9575723029922,2.617082113246895,3.598433465589184,2.617082113246895,1.4250166714191437e-05,0.0006699739024043083,,9.993091225624084e-07,inf,9.435765149785851,12,False,0,0.14545359946834302
10,12,reference_eigen,9.571896905177203,3.1379572612122146,3.9859326190200934,3.1379572612122146,1.4400109648704529e-05,0.0006954735144972801,,1.1399388313293457e-06,inf,16.164504283633136,12,False,0,0.17396049653270187
10,13,reference_eigen,5.257809333131521,1.8820721740779986,2.371324667853131,1.8820721740779986,1.4670193195343018e-05,0.0006726030260324478,,1.539476215839386e-06,inf,2.1245977463665997,12,False,0,0.10110728045858682
10,14,reference_eigen,4.176549419894494,1.4045899190559439,1.6339111262111214,1.4045899190559439,1.4390796422958374e-05,0.0006651841104030609,,1.130625605583191e-06,inf,7.038681819073386,12,False,0,0.07593977060209915
10,15,reference_eigen,3.444600347043828,1.2524017587896377,1.4846844547708895,1.2524017587896377,1.4089979231357574e-05,0.0006638839840888977,,1.430511474609375e-06,inf,4.235666272309391,12,False,0,0.05887412511170462
10,0,rjd,5.71588382450978,3.2110577088699337,3.8140878532159275,3.2110577088699337,4.218891263008118e-05,0.0007875328883528709,,1.889653503894806e-06,inf,12.5664901530901,12,False,0,0.3547572001049748
10,1,rjd,239.8915091451803,40.60826944730269,49.984436074723384,40.60826944730269,1.689046621322632e-05,0.0006753047928214073,,1.0700896382331848e-06,inf,132.95059695136933,12,False,0,0.5604295295646109
10,2,rjd,5.508407900305683,2.68542599035766,3.3622339077566292,2.68542599035766,1.5659257769584656e-05,0.0006743529811501503,,1.0905787348747253e-06,inf,16.47098327453407,12,False,0,0.283640927443235
10,3,rjd,5.590284103243002,2.8348824753115505,3.4471483021484697,2.8348824753115505,1.517031341791153e-05,0.0006730128079652786,,1.130625605583191e-06,inf,13.599722255623728,12,False,0,0.34521104082611764
10,4,rjd,5.801616738055801,3.063401863271591,3.6794112858465877,3.063401863271591,1.4740042388439178e-05,0.0006661135703325272,,1.0998919606208801e-06,inf,12.666541716717585,12,False,0,0.35368189296380576
10,5,rjd,6.058514225028481,3.2668378508373603,3.8715619722030956,3.2668378508373603,2.104882150888443e-05,0.0006604241207242012,,1.2302771210670471e-06,inf,12.35530620921107,12,False,0,0.4116560712449743
10,6,rjd,6.081707784934228,2.879928474213159,3.527015783529701,2.879928474213159,1.4600344002246857e-05,0.000667693093419075,,9.899958968162537e-07,inf,17.4304876595259,12,False,0,0.28150336272094634
10,7,rjd,6.2177751585099434,2.8904046240350474,3.537583956344207,2.8904046240350474,1.4349818229675293e-05,0.0006659645587205887,,1.2293457984924316e-06,inf,13.325188773210666,12,False,0,0.3175125604846097
10,8,rjd,6.230657344742222,2.940569252346176,3.512671891677344,2.940569252346176,1.4589168131351471e-05,0.0006571328267455101,,1.150183379650116e-06,inf,14.203961141442477,12,False,0,0.3521388083350235
10,9,rjd,5.349271382008266,2.6395842465189694,3.21840265599844,2.6395842465189694,1.3910233974456787e-05,0.0006632935255765915,,1.0402873158454895e-06,inf,16.14131340523072,12,False,0,0.3220441713978388
10,10,rjd,6.483346800557847,3.158289614693797,3.7890514552457137,3.158289614693797,1.4309771358966827e-05,0.0006619542837142944,,1.0794028639793396e-06,inf,15.47921742114007,12,False,0,0.43232236738663954
10,11,rjd,5.497611842891724,2.732623354470875,3.4453059805775403,2.732623354470875,1.4060176908969879e-05,0.0006552739068865776,,1.2600794434547424e-06,inf,8.813658980604878,12,False,0,0.3207291477636745
10,12,rjd,5.592695837532879,2.5942264969976496,3.1682963620441593,2.5942264969976496,1.4260411262512207e-05,0.0006572147831320763,,1.3802200555801392e-06,inf,15.499913114934662,12,False,0,0.32176540501855416
10,13,rjd,5.519010647089054,2.793486082614628,3.393361961953038,2.793486082614628,1.4060176908969879e-05,0.0006688125431537628,,1.1706724762916565e-06,inf,16.088885041554228,12,False,0,0.3285966219348791
10,14,rjd,6.39023189160767,3.2536541724609043,3.844371820423528,3.2536541724609043,1.4689750969409943e-05,0.0006568841636180878,,1.2405216693878174e-06,inf,14.008973246990806,12,False,0,0.42717242221638885
10,15,rjd,5.5665429641804165,2.9651891893278184,3.548020735005117,2.9651891893278184,1.3949349522590637e-05,0.0006650332361459732,,1.2200325727462769e-06,inf,14.444853476427603,12,False,0,0.36037949239216127
11,0,identity,10.167423793295361,4.959967829900105,5.142014087940404,4.959967829900105,3.7049874663352966e-05,0.0007702121511101723,,2.8703361749649048e-06,inf,15.788645349575937,12,False,0,0.3450461266287261
11,1,identity,50.38398941189875,18.137201863343222,20.215996543828673,18.137201863343222,1.7619691789150238e-05,0.0006883442401885986,,1.6307458281517029e-06,inf,79.00490983568946,12,False,0,0.9622256113044036
11,2,identity,16.300505724875322,7.469828342390373,7.779244355095301,7.469828342390373,1.550000160932541e-05,0.0006746035069227219,,1.0896474123001099e-06,inf,10.657451370545223,12,False,0,0.5071681912570063
11,3,identity,15.764465224381883,7.272126778969193,7.572941890749198,7.272126778969193,1.5020370483398438e-05,0.0006760032847523689,,1.150183379650116e-06,inf,6.444137729952461,12,False,0,0.47300678411368946
11,4,identity,14.505990833468488,6.782257899644538,7.058853169177751,6.782257899644538,1.5040859580039978e-05,0.000693553127348423,,1.2088567018508911e-06,inf,3.420917818674444,12,False,0,0.4383985790022587
11,5,identity,13.219636734773564,6.256651963911863,6.5064333434400705,6.256651963911863,1.4839693903923035e-05,0.0006738230586051941,,1.2405216693878174e-06,inf,12.995788800387794,12,False,0,0.40586785271407333
11,6,identity,15.61299054899492,7.224662717529171,7.521386350868826,7.224662717529171,1.528952270746231e-05,0.0006699739024043083,,1.3401731848716736e-06,inf,0.13934048715131286,12,False,0,0.49349385176803884
11,7,identity,19.121700861117972,8.527219748581082,8.879414253978684,8.527219748581082,1.4669261872768402e-05,0.0006724633276462555,,1.3494864106178284e-06,inf,1.3011187282539538,12,False,0,0.5482101324483803
11,8,identity,19.720141978555958,8.732338782358916,9.09248376739174,8.732338782358916,1.4590099453926086e-05,0.0006726328283548355,,1.2405216693878174e-06,inf,1.9444824485782792,12,False,0,0.5521276987248532
11,9,identity,17.32455870272299,7.865183021037218,8.192936772705192,7.865183021037218,1.4569610357284546e-05,0.0006657233461737633,,1.1799857020378113e-06,inf,3.5709906900094834,12,False,0,0.5131504428055768
11,10,identity,18.818723186642792,8.391551009474044,8.739324930375737,8.391551009474044,1.4559365808963776e-05,0.0006741341203451157,,1.2004747986793518e-06,inf,3.2541659895880883,12,False,0,0.5068977260361213
11,11,identity,17.41196806037536,7.879727504756234,8.207101001870623,7.879727504756234,1.4370307326316833e-05,0.0006985226646065712,,1.2200325727462769e-06,inf,4.296133001965077,12,False,0,0.5170191334829858
11,12,identity,19.43551086619314,8.615244112305522,8.97264526076249,8.615244112305522,2.7278438210487366e-05,0.0006694039329886436,,1.3597309589385986e-06,inf,4.170517933969026,12,False,0,0.5590902071172812
11,13,identity,15.840151453857446,7.293080488717943,7.59527079186069,7.293080488717943,1.5079975128173828e-05,0.0006737327203154564,,1.2200325727462769e-06,inf,7.336250714650367,12,False,0,0.4702500204222728
11,14,identity,14.996070894366763,6.973058550390271,7.257939387739399,6.973058550390271,1.4389865100383759e-05,0.0006780531257390976,,1.3792887330055237e-06,inf,12.30833396900491,12,False,0,0.4328955074436416
11,15,identity,13.594542207607237,6.413653203966616,6.672825484212491,6.413653203966616,1.4440156519412994e-05,0.0006824340671300888,,1.389533281326294e-06,inf,10.008853597226345,12,False,0,0.4118484355202965
11,0,reference_eigen,0.7157313817090203,0.31050828844555073,0.41365632765267984,0.31050828844555073,3.670062869787216e-05,0.000777972862124443,,0.0021629882976412773,0.0006832045494967746,1.0052525405196668e-13,12,True,0,0.018092845556103652
11,1,reference_eigen,818.4026815203805,41.13260968011208,56.39804457149382,41.13260968011208,1.7529353499412537e-05,0.0006817029789090157,,1.4808028936386108e-06,inf,79.28199398431622,12,False,0,0.4583422075639378
11,2,reference_eigen,6.317097496311783,2.6211749345009747,3.692894226836359,2.6211749345009747,1.556985080242157e-05,0.0006754640489816666,,1.1995434761047363e-06,inf,10.553678634529208,12,False,0,0.1590794331546618
11,3,reference_eigen,4.981009825554328,1.6461260842422856,1.9480465539905643,1.6461260842422856,1.5290454030036926e-05,0.0006657233461737633,,1.369975507259369e-06,inf,11.148027824910315,12,False,0,0.10414990717697328
11,4,reference_eigen,3.8884880528094063,1.3665446495751254,1.5572779694120826,1.3665446495751254,1.484900712966919e-05,0.0006706826388835907,,1.1203810572624207e-06,inf,5.978232052525366,12,False,0,0.07364805945968135
11,5,reference_eigen,2.715590711547749,0.9434899128009435,1.0878344854744717,0.9434899128009435,1.4670193195343018e-05,0.0006770836189389229,,0.0018877014517784119,14611.38256057636,7.149745836289365e-11,12,False,0,0.05210187504830123
11,6,reference_eigen,5.883110965283841,2.14050164593253,2.755314312894532,2.14050164593253,1.4789402484893799e-05,0.0006629247218370438,,1.2405216693878174e-06,inf,8.063222937402582,12,False,0,0.1571628200866027
11,7,reference_eigen,8.83496032563737,2.757087375995089,3.420213343498942,2.757087375995089,1.4999881386756897e-05,0.0006687529385089874,,1.319684088230133e-06,inf,20.97016684298945,12,False,0,0.18744139723671144
11,8,reference_eigen,9.457222240664414,2.7661070396206644,3.4309358805411687,2.7661070396206644,1.4959834516048431e-05,0.0006833132356405258,,1.2302771210670471e-06,inf,20.52881329853202,12,False,0,0.1640854627190249
11,9,reference_eigen,6.875096549245534,2.3075215476620916,2.8465927660161037,2.3075215476620916,1.5830621123313904e-05,0.0006874836981296539,,1.2703239917755127e-06,inf,16.606293388250773,12,False,0,0.15575485135161318
11,10,reference_eigen,8.407634079196638,2.6767170364323625,3.2341246404043114,2.6767170364323625,1.4580786228179932e-05,0.0006646942347288132,,1.0998919606208801e-06,inf,27.922752801220675,12,False,0,0.152678062442575
11,11,reference_eigen,6.953963504885132,2.6166008244547934,3.5982495937892383,2.6166008244547934,1.4528632164001465e-05,0.0006696432828903198,,1.4100223779678345e-06,inf,14.795418723514654,12,False,0,0.1558642623049872
11,12,reference_eigen,9.568983332853584,3.1384312606747784,3.988284800099784,3.1384312606747784,1.4440156519412994e-05,0.0006671734154224396,,1.1492520570755005e-06,inf,28.327398701379927,12,False,0,0.18006925355432382
11,13,reference_eigen,5.256520583825928,1.8817230906719686,2.3704308797151343,1.8817230906719686,1.4510005712509155e-05,0.00067900400608778,,1.169741153717041e-06,inf,2.41315661276495,12,False,0,0.10334618126621103
11,14,reference_eigen,4.173983181487973,1.4037109531419638,1.633789266336024,1.4037109531419638,1.4748424291610718e-05,0.0006679939106106758,,1.150183379650116e-06,inf,9.740736561375993,12,False,0,0.07512496610288204
11,15,reference_eigen,3.443551451007315,1.2514631072174638,1.4849928599507483,1.2514631072174638,1.4269724488258362e-05,0.000667463056743145,,1.239590346813202e-06,inf,5.489879297217735,12,False,0,0.06095239906284383
11,0,rjd,5.71877871709641,3.2107082451775697,3.815014046682974,3.2107082451775697,4.230998456478119e-05,0.0007831519469618797,,1.9902363419532776e-06,inf,31.19586920593467,12,False,0,0.3313581859560326
11,1,rjd,239.8915091451803,40.60826944730269,49.984436074723384,40.60826944730269,1.8349848687648773e-05,0.0007176129147410393,,1.2498348951339722e-06,inf,75.41927339190988,12,False,0,0.37147922114557785
11,2,rjd,5.511369010155976,2.68903372951212,3.36536845451066,2.68903372951212,1.5459954738616943e-05,0.000693492591381073,,1.5506520867347717e-06,inf,27.835979070746802,12,False,0,0.2723716774694692
11,3,rjd,5.589486845852262,2.834556881981652,3.444370242626826,2.834556881981652,1.4719553291797638e-05,0.0006856126710772514,,1.3299286365509033e-06,inf,34.63997454481974,12,False,0,0.3260723404540529
11,4,rjd,5.799238608141319,3.0578150836469176,3.6665962172710644,3.0578150836469176,1.4760531485080719e-05,0.0006703538820147514,,1.1399388313293457e-06,inf,30.182924226627485,12,False,0,0.3230571490045085
11,5,rjd,6.052317594268431,3.261219692618579,3.8609367724177406,3.261219692618579,1.4719553291797638e-05,0.0006758645176887512,,1.2889504432678223e-06,inf,32.6030745733016,12,False,0,0.3752089759704962
11,6,rjd,6.083615539159308,2.882359455046023,3.5276339103856333,2.882359455046023,1.4369376003742218e-05,0.0006742626428604126,,1.0915100574493408e-06,inf,32.04982186228088,12,False,0,0.2894469540923885
11,7,rjd,6.216804607345358,2.889187169298053,3.532693051703692,2.889187169298053,3.318954259157181e-05,0.0006737327203154564,,1.1604279279708862e-06,inf,31.5597131386344,12,False,0,0.308068493651733
11,8,rjd,6.239650835167135,2.9406907085393907,3.5079567133933764,2.9406907085393907,1.490022987127304e-05,0.000691363587975502,,1.1008232831954956e-06,inf,43.26232005254751,12,False,0,0.31303524445520925
11,9,rjd,5.346766815232721,2.6396360391815095,3.216712254627082,2.6396360391815095,1.5010125935077667e-05,0.0006718337535858154,,1.2293457984924316e-06,inf,36.50824729295871,12,False,0,0.3102523891303596
11,10,rjd,6.486983769332576,3.157109742508806,3.7815088368831646,3.157109742508806,1.4510005712509155e-05,0.0006646839901804924,,1.0207295417785645e-06,inf,36.362817377975965,12,False,0,0.38875690360015513
11,11,rjd,5.495565806624775,2.7321565867326645,3.442336219754399,2.7321565867326645,1.4600344002246857e-05,0.0006607230752706528,,1.3997778296470642e-06,inf,24.10422497348639,12,False,0,0.30764620027676975
11,12,rjd,5.5910772378856075,2.5933497088139834,3.163346267625082,2.5933497088139834,1.4609657227993011e-05,0.0006729438900947571,,1.189298927783966e-06,inf,34.75301705977503,12,False,0,0.29580232984137
11,13,rjd,5.524422353514208,2.7948264034762524,3.3916956220683345,2.7948264034762524,1.4611519873142242e-05,0.0006703333929181099,,1.1995434761047363e-06,inf,34.38727794063939,12,False,0,0.3015500945428795
11,14,rjd,6.390831376682656,3.2508535877048983,3.8367184003315855,3.2508535877048983,1.414027065038681e-05,0.0006586126983165741,,1.130625605583191e-06,inf,40.4021595353197,12,False,0,0.38256027524654906
11,15,rjd,5.567159104779838,2.9616323388242036,3.5385144131167046,2.9616323388242036,1.4719553291797638e-05,0.0006776833906769753,,1.0402873158454895e-06,inf,34.91282347435754,12,False,0,0.3224485760390873
12,0,identity,10.148983576317043,4.960724766145064,5.14154240976268,4.960724766145064,3.618001937866211e-05,0.0007705520838499069,,2.6300549507141113e-06,inf,14.071281933472083,12,False,0,0.3552564568551029
12,1,identity,50.38398941189875,18.137201863343222,20.215996543828673,18.137201863343222,1.816917210817337e-05,0.0006913524121046066,,1.2097880244255066e-06,inf,98.40688874935216,12,False,0,0.9721971307931002
12,2,identity,16.250797686073824,7.465349362206265,7.773680047397451,7.465349362206265,1.551024615764618e-05,0.0006883135065436363,,1.1194497346878052e-06,inf,4.9732050040853615,12,False,0,0.5148520324877257
12,3,identity,15.741036445880978,7.272668165061409,7.572337318722374,7.272668165061409,1.4919787645339966e-05,0.0006710337474942207,,1.2405216693878174e-06,inf,8.309326638825423,12,False,0,0.49247725969197004
12,4,identity,14.48614171453283,6.783154477544993,7.058240400294487,6.783154477544993,1.490022987127304e-05,0.00067848339676857,,1.171603798866272e-06,inf,5.681846004483212,12,False,0,0.4481291753108531
12,5,identity,13.18754436340865,6.258953257979293,6.506852405015932,6.258953257979293,1.5100464224815369e-05,0.000677524134516716,,1.1604279279708862e-06,inf,4.235939945856092,12,False,0,0.4312493342866734
12,6,identity,15.61267163896329,7.223011656951905,7.520123959581083,7.223011656951905,1.5100464224815369e-05,0.00067091453820467,,1.1203810572624207e-06,inf,9.518579689038305,12,False,0,0.49695698221676643
12,7,identity,19.120993275278217,8.524572091765652,8.876753036149736,8.524572091765652,1.449044793844223e-05,0.000672563910484314,,1.1296942830085754e-06,inf,23.67689830848272,12,False,0,0.5706035843894771
12,8,identity,19.701010612618745,8.73227060503907,9.092195623133126,8.73227060503907,1.4500692486763e-05,0.0006807930767536163,,1.150183379650116e-06,inf,33.31027981050879,12,False,0,0.576806454432729
12,9,identity,17.310453300491922,7.865616474747142,8.192733879814234,7.865616474747142,1.4439225196838379e-05,0.0006785029545426369,,1.0700896382331848e-06,inf,18.855103142616358,12,False,0,0.5310800734123208
12,10,identity,18.752006332390568,8.392921552413116,8.738486065309191,8.392921552413116,1.449044793844223e-05,0.0006704637780785561,,1.0700896382331848e-06,inf,17.177010555498676,12,False,0,0.5570409559026424
12,11,identity,17.355956754946032,7.880012644183842,8.206256925208114,7.880012644183842,1.4330260455608368e-05,0.0006758533418178558,,9.695068001747131e-07,inf,7.156905727184846,12,False,0,0.5141594929828291
12,12,identity,19.36350662265344,8.61263518464454,8.96886477721975,8.61263518464454,1.446995884180069e-05,0.0006746528670191765,,1.130625605583191e-06,inf,32.91230349596708,12,False,0,0.5796877280648491
12,13,identity,15.79345001664837,7.29290544392881,7.592889542805593,7.29290544392881,1.4400109648704529e-05,0.0006661843508481979,,1.150183379650116e-06,inf,5.2186773277430145,12,False,0,0.48296648528157654
12,14,identity,14.97458944186111,6.9737968945242015,7.25712076165192,6.9737968945242015,1.4269724488258362e-05,0.0006778538227081299,,1.06077641248703e-06,inf,8.286889508919304,12,False,0,0.47129020880701916
12,15,identity,13.559605541229606,6.413479818969251,6.670716378806638,6.413479818969251,1.4570541679859161e-05,0.000674382783472538,,1.3401731848716736e-06,inf,0.9936736226344731,12,False,0,0.4304112700551692
12,0,reference_eigen,0.7140612568032415,0.31009538443360796,0.4130251103177654,0.31009538443360796,3.6490149796009064e-05,0.000810462050139904,,0.002127080224454403,0.0005808956075313993,1.3394750373131937e-14,12,True,0,0.017501145143403556
12,1,reference_eigen,818.4026815203805,41.13260968011208,56.39804457149382,41.13260968011208,1.695007085800171e-05,0.0006709136068820953,,1.8905848264694214e-06,inf,98.76540854489971,12,False,0,0.5371524615869582
12,2,reference_eigen,6.321202907444456,2.620147948334384,3.6911655987176344,2.620147948334384,1.5189871191978455e-05,0.0006690742447972298,,1.1399388313293457e-06,inf,15.323204378817945,12,False,0,0.13457912728436797
12,3,reference_eigen,4.983318693666445,1.6446744933565143,1.94555965327192,1.6446744933565143,1.4768913388252258e-05,0.0006680544465780258,,1.300126314163208e-06,inf,13.923584916317862,12,False,0,0.09260244432990278
12,4,reference_eigen,3.8883671548940297,1.3657561435261374,1.556631799310407,1.3657561435261374,1.4619901776313782e-05,0.0006664032116532326,,1.1594966053962708e-06,inf,10.241565838912459,12,False,0,0.07105627763446729
12,5,reference_eigen,2.715222154631181,0.9418952826690437,1.0858553487907634,0.9418952826690437,1.5370547771453857e-05,0.0006609130650758743,,0.0019647814333438873,11908.986781262349,3.185214162707152e-11,12,False,0,0.05353184550234258
12,6,reference_eigen,5.888055347775904,2.139030755807334,2.753620558722052,2.139030755807334,1.4499761164188385e-05,0.0006636036559939384,,1.7695128917694092e-06,inf,23.314123164130923,12,False,0,0.12842578326685067
12,7,reference_eigen,8.839804243798051,2.7573465688124603,3.4213086587557413,2.7573465688124603,1.4640390872955322e-05,0.0006661033257842064,,1.6400590538978577e-06,inf,33.16061831489836,12,False,0,0.16940934769549598
12,8,reference_eigen,9.470284530494503,2.765178972624293,3.4312010804572424,2.765178972624293,1.4559365808963776e-05,0.0006584236398339272,,1.8998980522155762e-06,inf,17.96974733509347,12,False,0,0.15751031893083822
12,9,reference_eigen,6.879589074196244,2.3061532720493103,2.8443493141972063,2.3061532720493103,1.4100223779678345e-05,0.0006626434624195099,,1.3401731848716736e-06,inf,25.29162022788983,12,False,0,0.1431524468702011
12,10,reference_eigen,8.416461660098244,2.67525075792873,3.2322766317212537,2.67525075792873,1.418963074684143e-05,0.0006638737395405769,,1.669861376285553e-06,inf,12.796748017889941,12,False,0,0.14731139195631335
12,11,reference_eigen,6.955627527227323,2.6149595559863457,3.5953033775979355,2.6149595559863457,1.4388933777809143e-05,0.0006593139842152596,,1.280568540096283e-06,inf,14.996679215433492,12,False,0,0.12866960425348067
12,12,reference_eigen,9.575992426928167,3.1366607427077677,3.984357950617712,3.1366607427077677,1.4640390872955322e-05,0.0006648926064372063,,1.3504177331924438e-06,inf,23.829858392899894,12,False,0,0.1558573058148591
12,13,reference_eigen,5.25887467467503,1.8796739500958901,2.3670092972865815,1.8796739500958901,1.4159828424453735e-05,0.0006666341796517372,,1.300126314163208e-06,inf,0.8686713122350339,12,False,0,0.08095387734602001
12,14,reference_eigen,4.177210023514289,1.402442161574006,1.6321079402551046,1.402442161574006,1.4730729162693024e-05,0.0006557442247867584,,1.2489035725593567e-06,inf,4.101040972194892,12,False,0,0.0769680289909964
12,15,reference_eigen,3.4437849889012235,1.2498643761882553,1.4828625267578237,1.2498643761882553,1.4560297131538391e-05,0.0006657140329480171,,1.469627022743225e-06,inf,2.791450501221086,12,False,0,0.05564097903766543
12,0,rjd,5.7175866894495,3.2108833786545086,3.8146736211112233,3.2108833786545086,3.7969090044498444e-05,0.0007651830092072487,,1.911073923110962e-06,inf,36.26927451967667,12,False,0,0.33208453296339063
12,1,rjd,239.8915091451803,40.60826944730269,49.984436074723384,40.60826944730269,1.7949379980564117e-05,0.000672362744808197,,1.2898817658424377e-06,inf,92.18216299206077,12,False,0,0.40173228645962056
12,2,rjd,5.501822412380947,2.686039599801064,3.361960940612154,2.686039599801064,1.5589408576488495e-05,0.0006750524044036865,,1.1101365089416504e-06,inf,27.520599094074036,12,False,0,0.2759108393503133
12,3,rjd,5.585707322660646,2.8346677405112604,3.4452857457678263,2.8346677405112604,1.4750286936759949e-05,0.000674503855407238,,1.1799857020378113e-06,inf,33.400597278390514,12,False,0,0.32754563131523745
12,4,rjd,5.792746141702199,3.0572885027689085,3.6671693664193343,3.0572885027689085,1.485925167798996e-05,0.0006622234359383583,,1.1492520570755005e-06,inf,27.025921283521992,12,False,0,0.3334071095268666
12,5,rjd,6.0528990594605245,3.263072936216224,3.863769956322807,3.263072936216224,1.5369616448879242e-05,0.0006684232503175735,,1.0896474123001099e-06,inf,36.94142218513775,12,False,0,0.3382587408774715
12,6,rjd,6.073257427683106,2.880160082379511,3.5259633388393,2.880160082379511,1.4699995517730713e-05,0.0006669238209724426,,1.000240445137024e-06,inf,28.387123539334,12,False,0,0.31751228999374637
12,7,rjd,6.2104870326425585,2.886061337211436,3.5287272119156103,2.886061337211436,1.449882984161377e-05,0.0006603943184018135,,1.4295801520347595e-06,inf,21.173060868452694,12,False,0,0.3174622757134072
12,8,rjd,6.235721441099778,2.940060262865417,3.507024522595238,2.940060262865417,1.4260411262512207e-05,0.0006652036681771278,,1.2405216693878174e-06,inf,40.665198550382726,12,False,0,0.30294485181605496
12,9,rjd,5.3455428832846295,2.6404159514078893,3.2182890316355226,2.6404159514078893,1.4520250260829926e-05,0.0006663436070084572,,1.519918441772461e-06,inf,34.65190632992907,12,False,0,0.3201221257892463
12,10,rjd,6.488623959069916,3.159915637792729,3.7851261701199994,3.159915637792729,1.4290213584899902e-05,0.0006666630506515503,,1.080334186553955e-06,inf,37.115859851791186,12,False,0,0.3648100876942122
12,11,rjd,5.496603865616317,2.7348209042558134,3.446334261485382,2.7348209042558134,1.4299526810646057e-05,0.0006673326715826988,,1.5599653124809265e-06,inf,29.594999532334242,12,False,0,0.3441453223436818
12,12,rjd,5.583734949079645,2.5909447937640917,3.1607216274984626,2.5909447937640917,1.4629215002059937e-05,0.000665334053337574,,1.239590346813202e-06,inf,44.678306390393544,12,False,0,0.29495701089253207
12,13,rjd,5.524497876921857,2.7956840797239897,3.3932947643224263,2.7956840797239897,1.4238990843296051e-05,0.0006645843386650085,,1.2600794434547424e-06,inf,38.39944605821622,12,False,0,0.3256828809837619
12,14,rjd,6.389407528640366,3.2511854957458666,3.8373827857730647,3.2511854957458666,1.4740042388439178e-05,0.0006610536947846413,,1.169741153717041e-06,inf,37.23641491676466,12,False,0,0.33966042144373243
12,15,rjd,5.561486314794834,2.960374258183887,3.5378197426191518,2.960374258183887,1.4348886907100677e-05,0.0006666742265224457,,1.1902302503585815e-06,inf,38.60062855359192,12,False,0,0.3301265259259753
13,0,identity,10.15276916587452,4.961476792701731,5.14261181641022,4.961476792701731,3.6728568375110626e-05,0.0007716035470366478,,3.3294782042503357e-06,inf,15.16953589982429,12,False,0,0.35898785968608726
13,1,identity,50.38398941189875,18.137201863343222,20.215996543828673,18.137201863343222,1.7229467630386353e-05,0.0006886739283800125,,1.8104910850524902e-06,inf,124.42522524629292,12,False,0,0.9978213715224322
13,2,identity,16.25460249528696,7.467201149067661,7.77507901649629,7.467201149067661,1.5609897673130035e-05,0.0006733834743499756,,1.5292316675186157e-06,inf,51.357276239017615,12,False,0,0.5156228780923041
13,3,identity,15.744894152050396,7.273259895536665,7.573283392603635,7.273259895536665,1.532025635242462e-05,0.0006759343668818474,,1.4500692486763e-06,inf,48.84245848764044,12,False,0,0.5036571924557289
13,4,identity,14.483380801515354,6.78100789925867,7.056616273341102,6.78100789925867,1.5010125935077667e-05,0.0006772736087441444,,1.5003606677055359e-06,inf,34.93957920268534,12,False,0,0.454123183498186
13,5,identity,13.18748712555668,6.257826596263684,6.5063223251545335,6.257826596263684,1.526903361082077e-05,0.0006826343014836311,,1.3299286365509033e-06,inf,27.244451843955474,12,False,0,0.44406187296705313
13,6,identity,15.620657951669255,7.226380829113278,7.523299753618279,7.226380829113278,1.5108846127986908e-05,0.0006804643198847771,,1.4202669262886047e-06,inf,60.816457872101104,12,False,0,0.507063625489771
13,7,identity,19.123832995806314,8.525674439149494,8.877376749858978,8.525674439149494,1.5290454030036926e-05,0.0006732335314154625,,1.4500692486763e-06,inf,64.62796254338119,12,False,0,0.5752253439045882
13,8,identity,19.703099147185316,8.733143834844391,9.092937530684177,8.733143834844391,1.4959834516048431e-05,0.0006681233644485474,,1.969747245311737e-06,inf,57.82436362946236,12,False,0,0.5893574217154549
13,9,identity,17.322063241098803,7.86838736298588,8.19591059777532,7.86838736298588,2.1078623831272125e-05,0.0006636539474129677,,1.4202669262886047e-06,inf,67.04600991312088,12,False,0,0.5463810376086861
13,10,identity,18.749848469880675,8.390891739160347,8.737698757265603,8.390891739160347,1.4729797840118408e-05,0.0006741927936673164,,1.8598511815071106e-06,inf,72.87757784976634,12,False,0,0.5717769053773427
13,11,identity,17.35694321346685,7.879820606751243,8.20599669391806,7.879820606751243,1.477077603340149e-05,0.0006686532869935036,,1.5301629900932312e-06,inf,54.110091626005286,12,False,0,0.524360954281485
13,12,identity,19.371110922547565,8.615148004274054,8.971650543189348,8.615148004274054,1.453980803489685e-05,0.0006629228591918945,,1.600012183189392e-06,inf,93.9572692888083,12,False,0,0.5995780810707775
13,13,identity,15.796359420726398,7.2926128870306055,7.593490239264872,7.2926128870306055,1.4670193195343018e-05,0.0006735529750585556,,1.3997778296470642e-06,inf,43.19658629454357,12,False,0,0.48884734456117496
13,14,identity,14.977335955145156,6.973494961013012,7.257676903942404,6.973494961013012,1.4579854905605316e-05,0.0006718942895531654,,1.300126314163208e-06,inf,36.25903117972119,12,False,0,0.4786101654276899
13,15,identity,13.565343468990987,6.4143383413516695,6.672248785285494,6.4143383413516695,1.4629215002059937e-05,0.0006645042449235916,,1.3494864106178284e-06,inf,44.806925461886834,12,False,0,0.4464996033818812
13,0,reference_eigen,0.7146106926593664,0.3099933019004222,0.4132878874530744,0.3099933019004222,3.671925514936447e-05,0.0007529733702540398,,0.0019882405176758766,0.000571408773609911,4.9754265000325766e-14,12,True,0,0.015825291135375754
13,1,reference_eigen,818.4026815203805,41.13260968011208,56.39804457149382,41.13260968011208,1.7229467630386353e-05,0.0006888927891850471,,1.3308599591255188e-06,inf,125.20556621889452,12,False,0,0.6176262756593617
13,2,reference_eigen,6.324405631181088,2.6187218899025355,3.68951718382751,2.6187218899025355,1.5390105545520782e-05,0.0006702635437250137,,1.0300427675247192e-06,inf,12.046397900721836,12,False,0,0.13852650242101183
13,3,reference_eigen,4.985967227318926,1.6444006103655369,1.9454900443269718,1.6444006103655369,1.516006886959076e-05,0.000675584189593792,,1.150183379650116e-06,inf,15.708482418356908,12,False,0,0.09151754213785729
13,4,reference_eigen,3.8889205277280396,1.366131875576335,1.5570451554159839,1.366131875576335,1.5009194612503052e-05,0.0006676539778709412,,1.0998919606208801e-06,inf,11.088593905703165,12,False,0,0.06991138797850238
13,5,reference_eigen,2.714727122895636,0.941445966259988,1.0859841320993775,0.941445966259988,1.4670193195343018e-05,0.0006586434319615364,,0.001923401840031147,11634.32450367771,7.989480184961703e-11,12,False,0,0.05264098249224409
13,6,reference_eigen,5.890623745665717,2.136811028437138,2.751399150352988,2.136811028437138,1.4429911971092224e-05,0.0006632944568991661,,1.2600794434547424e-06,inf,24.580380793736193,12,False,0,0.12520971450926732
13,7,reference_eigen,8.841628643718682,2.7567209244944006,3.4205439614924966,2.7567209244944006,1.4520250260829926e-05,0.0006640227511525154,,1.300126314163208e-06,inf,33.25544502451631,12,False,0,0.17546837707176358
13,8,reference_eigen,9.474743883303066,2.764715122217705,3.4296960647457544,2.764715122217705,1.442059874534607e-05,0.0006639128550887108,,1.2796372175216675e-06,inf,15.499560099252001,12,False,0,0.16053143728746339
13,9,reference_eigen,6.886254747975892,2.3064413421885304,2.844694434239681,2.3064413421885304,1.4979392290115356e-05,0.0006575742736458778,,1.0598450899124146e-06,inf,26.674233461908877,12,False,0,0.1377142489170174
13,10,reference_eigen,8.422056841987635,2.6760571599331744,3.2324981162447326,2.6760571599331744,1.4409422874450684e-05,0.0006644930690526962,,1.5702098608016968e-06,inf,15.044091810733406,12,False,0,0.13984279949602393
13,11,reference_eigen,6.9615495895762445,2.6152995365371803,3.595624476873072,2.6152995365371803,1.3980083167552948e-05,0.0006623044610023499,,1.0598450899124146e-06,inf,17.005971591103652,12,False,0,0.12373344637600692
13,12,reference_eigen,9.584199636783337,3.1349219444145024,3.9819590631238677,3.1349219444145024,1.4269724488258362e-05,0.0006558243185281754,,1.150183379650116e-06,inf,27.346517694851293,12,False,0,0.16075957506902577
13,13,reference_eigen,5.263129102466764,1.8801478320356229,2.3677590863603286,1.8801478320356229,1.415051519870758e-05,0.0006598131731152534,,1.1604279279708862e-06,inf,2.463443767083131,12,False,0,0.08342477120074314
13,14,reference_eigen,4.179319554397597,1.4029167621373777,1.6321969877056488,1.4029167621373777,1.4049932360649109e-05,0.00066362414509058,,1.1101365089416504e-06,inf,1.9735293621986727,12,False,0,0.07667598867214291
13,15,reference_eigen,3.444578807372926,1.2495739296593933,1.4822430140892227,1.2495739296593933,1.4180317521095276e-05,0.0006586434319615364,,1.2200325727462769e-06,inf,4.87970921612609,12,False,0,0.0568953375252616
13,0,rjd,5.730020737578022,3.2135449454594642,3.817552959639229,3.2135449454594642,3.758072853088379e-05,0.0008006719872355461,,2.0498409867286682e-06,inf,25.100886754005472,12,False,0,0.3134742985693787
13,1,rjd,239.8915091451803,40.60826944730269,49.984436074723384,40.60826944730269,1.7119571566581726e-05,0.000673963688313961,,1.2405216693878174e-06,inf,113.00355291236383,12,False,0,0.5431980064240219
13,2,rjd,5.51411326123731,2.690414761192417,3.3678088921306064,2.690414761192417,1.4970079064369202e-05,0.0006724828854203224,,1.0905787348747253e-06,inf,23.945139804930392,12,False,0,0.30839080409583663
13,3,rjd,5.592693891923755,2.8366168260366695,3.4469386520541447,2.8366168260366695,1.449044793844223e-05,0.0006784442812204361,,1.2600794434547424e-06,inf,19.714507689575797,12,False,0,0.3090603882891045
13,4,rjd,5.792362506521712,3.056808786542276,3.6664729030288776,3.056808786542276,1.4759600162506104e-05,0.0006608432158827782,,1.150183379650116e-06,inf,13.552459030658405,12,False,0,0.31178841311871314
13,5,rjd,6.062416197335074,3.2653677304945536,3.865948764568747,3.2653677304945536,1.4429911971092224e-05,0.0006660027429461479,,1.2088567018508911e-06,inf,25.954577672978168,12,False,0,0.30829918147588553
13,6,rjd,6.0855433381890265,2.883350275788054,3.529940375488662,2.883350275788054,1.4520250260829926e-05,0.0006644139066338539,,1.1296942830085754e-06,inf,23.82043880124096,12,False,0,0.3250951910109248
13,7,rjd,6.217167947713809,2.888137086302809,3.5310039167813603,2.888137086302809,1.4210119843482971e-05,0.0006572827696800232,,1.300126314163208e-06,inf,18.677346485222863,12,False,0,0.33260188080945363
13,8,rjd,6.242001817392851,2.941840883771171,3.5085274613846495,2.941840883771171,1.4619901776313782e-05,0.0006922334432601929,,1.1902302503585815e-06,inf,35.03307474617042,12,False,0,0.28958036975251666
13,9,rjd,5.357552208147022,2.6437342638113175,3.2211510223762825,2.6437342638113175,1.4360062777996063e-05,0.0006691543385386467,,1.0104849934577942e-06,inf,18.08196766585622,12,False,0,0.2924073409039762
13,10,rjd,6.489886063522035,3.1597205318404886,3.784168747705255,3.1597205318404886,1.4379620552062988e-05,0.000666583888232708,,1.1194497346878052e-06,inf,30.292006062098125,12,False,0,0.32257964957194957
13,11,rjd,5.503482567682965,2.7361886716468407,3.4473766566367026,2.7361886716468407,1.558009535074234e-05,0.0006615733727812767,,1.1296942830085754e-06,inf,15.457051993066479,12,False,0,0.31156320897148065
13,12,rjd,5.591461579762039,2.5942534978121197,3.165165077941936,2.5942534978121197,1.4649704098701477e-05,0.0006653247401118279,,1.0998919606208801e-06,inf,31.72329874749519,12,False,0,0.2722052344600856
13,13,rjd,5.532151803861114,2.7967787640732618,3.393242559453196,2.7967787640732618,1.4439225196838379e-05,0.0006610043346881866,,1.150183379650116e-06,inf,25.060314139821102,12,False,0,0.3124064262069824
13,14,rjd,6.394064100013521,3.252658256515165,3.838652158819285,3.252658256515165,1.4560297131538391e-05,0.0006548427045345306,,1.0896474123001099e-06,inf,27.080438906631898,12,False,0,0.3232550013438002
13,15,rjd,5.572244085606207,2.9628125997537187,3.539928386876253,2.9628125997537187,1.4199875295162201e-05,0.000661894679069519,,1.150183379650116e-06,inf,22.769469938117197,12,False,0,0.294451612812045
14,0,identity,10.149168586455803,4.96049590344801,5.141776165868409,4.96049590344801,4.563014954328537e-05,0.0007642321288585663,,3.539957106113434e-06,inf,40.857368399949486,12,False,0,0.3367392880914256
14,1,identity,50.38398941189875,18.137201863343222,20.215996543828673,18.137201863343222,1.7230398952960968e-05,0.0006958432495594025,,1.239590346813202e-06,inf,143.49939665428346,12,False,0,0.9398901375865569
14,2,identity,16.260160763585095,7.469100983368601,7.777441559559879,7.469100983368601,1.6178935766220093e-05,0.0006853137165307999,,1.7601996660232544e-06,inf,89.35162660086179,12,False,0,0.5014338697120917
14,3,identity,15.74247864399519,7.2728097789908235,7.572964093110628,7.2728097789908235,1.554936170578003e-05,0.0006790338084101677,,2.3301690816879272e-06,inf,77.71038401968558,12,False,0,0.4827110020808834
14,4,identity,14.47820798335482,6.779301884315726,7.055020620536339,6.779301884315726,1.5149824321269989e-05,0.0006804633885622025,,1.9799917936325073e-06,inf,66.27685129443546,12,False,0,0.43526266297501476
14,5,identity,13.184029618437123,6.256812861316029,6.505406158990875,6.256812861316029,1.5439465641975403e-05,0.000681423582136631,,1.8505379557609558e-06,inf,55.48657705389158,12,False,0,0.40767751927131773
14,6,identity,15.618742287277511,7.225426190630252,7.522585023402787,7.225426190630252,1.4919787645339966e-05,0.0006765825673937798,,1.519918441772461e-06,inf,83.31931010286026,12,False,0,0.4948257380474624
14,7,identity,19.13304358709019,8.529100301825851,8.881262403423793,8.529100301825851,1.486949622631073e-05,0.0006680143997073174,,1.4295801520347595e-06,inf,100.33211197828103,12,False,0,0.5577197199388034
14,8,identity,19.699234412324902,8.731681671020251,9.091530278491883,8.731681671020251,1.448020339012146e-05,0.0006756531074643135,,1.1604279279708862e-06,inf,98.69354092051158,12,False,0,0.5668700503825308
14,9,identity,17.316925895426273,7.867774031920006,8.195268489371218,7.867774031920006,1.4829449355602264e-05,0.0006732335314154625,,1.4100223779678345e-06,inf,85.0090688950466,12,False,0,0.5300024622132561
14,10,identity,18.753856128023518,8.392328577318116,8.73919210989987,8.392328577318116,1.452956348657608e-05,0.000700722448527813,,1.8887221813201904e-06,inf,77.64703516371733,12,False,0,0.5343394520384406
14,11,identity,17.354204862638817,7.879450630604802,8.20567089799785,7.879450630604802,1.4739111065864563e-05,0.0006795031949877739,,1.4798715710639954e-06,inf,83.00966104841098,12,False,0,0.516699178352494
14,12,identity,19.368196575878986,8.614011316137164,8.970569103807339,8.614011316137164,1.4279969036579132e-05,0.0006750235334038734,,1.9799917936325073e-06,inf,113.30509724832896,12,False,0,0.5752080513095796
14,13,identity,15.79370680582395,7.292096663028035,7.593065683549385,7.292096663028035,1.490022987127304e-05,0.0006805025041103363,,2.020038664340973e-06,inf,71.33907076545196,12,False,0,0.4649765775690593
14,14,identity,14.979114494309902,6.974667410043006,7.2589805439155555,6.974667410043006,2.1959654986858368e-05,0.0006727837026119232,,1.6493722796440125e-06,inf,65.37010571577096,12,False,0,0.4481063070981209
14,15,identity,13.561286622459233,6.4134700224601895,6.671455733501787,6.4134700224601895,1.4569610357284546e-05,0.000674024224281311,,2.0600855350494385e-06,inf,62.75326665216312,12,False,0,0.4143172795438746
14,0,reference_eigen,0.7131101141231518,0.3099562359013104,0.413109719831498,0.3099562359013104,3.68291512131691e-05,0.0007771831005811691,,0.0020143305882811546,0.0005370089792752975,8.333409787032548e-14,12,True,0,0.016890655766042373
14,1,reference_eigen,818.4026815203805,41.13260968011208,56.39804457149382,41.13260968011208,1.7680227756500244e-05,0.000674133189022541,,1.5292316675186157e-06,inf,144.06255252290757,12,False,0,0.5888986039666865
14,2,reference_eigen,6.322197205541899,2.6212193851781675,3.690463476769281,2.6212193851781675,1.5010125935077667e-05,0.0007102536037564278,,1.4603137969970703e-06,inf,25.56707607510497,12,False,0,0.16039849963992472
14,3,reference_eigen,4.986070942379846,1.6471859709882433,1.9474174542294729,1.6471859709882433,1.482013612985611e-05,0.0006713448092341423,,1.2600794434547424e-06,inf,17.613137088716098,12,False,0,0.10424899478493864
14,4,reference_eigen,3.888699888053456,1.3665494269074583,1.5573714518285053,1.3665494269074583,1.4618970453739166e-05,0.0006621843203902245,,1.3904646039009094e-06,inf,11.975235453358572,12,False,0,0.07413951395152274
14,5,reference_eigen,2.720597316727732,0.9458881058479791,1.0924340996563533,0.9458881058479791,1.4680437743663788e-05,0.000668712891638279,,0.0020175613462924957,12881.670826984318,6.44130620666416e-11,12,False,0,0.05450691759944568
14,6,reference_eigen,5.886097164543368,2.138843468245895,2.753909031724527,2.138843468245895,1.4309771358966827e-05,0.0006666537374258041,,1.7201527953147888e-06,inf,27.072034010471846,12,False,0,0.15357613225063618
14,7,reference_eigen,8.84937389752774,2.7610252515783733,3.4224599272343554,2.7610252515783733,1.4168210327625275e-05,0.0006621042266488075,,1.5897676348686218e-06,inf,40.5485673601041,12,False,0,0.19493503602166629
14,8,reference_eigen,9.46052344529649,2.7672640660440444,3.433038332144359,2.7672640660440444,1.414027065038681e-05,0.0006672628223896027,,2.010725438594818e-06,inf,25.00322981457575,12,False,0,0.17451320952015903
14,9,reference_eigen,6.8823165528013135,2.307370907434351,2.845236654988378,2.307370907434351,1.4199875295162201e-05,0.0006679743528366089,,1.5599653124809265e-06,inf,25.569934041975554,12,False,0,0.1549620706875251
14,10,reference_eigen,8.429762976917484,2.686683512147183,3.2581176114075623,2.686683512147183,1.4308840036392212e-05,0.0006589032709598541,,1.3206154108047485e-06,inf,13.847633325120313,12,False,0,0.15415915104233235
14,11,reference_eigen,6.960216521708451,2.6172227779533563,3.5973389347947036,2.6172227779533563,2.172030508518219e-05,0.0006864331662654877,,1.300126314163208e-06,inf,19.82544841011635,12,False,0,0.13946439490568102
14,12,reference_eigen,9.573667728570307,3.1372380312872834,3.985235708241683,3.1372380312872834,1.4340505003929138e-05,0.0006689140573143959,,1.1492520570755005e-06,inf,23.97964171430726,12,False,0,0.18657813883453997
14,13,reference_eigen,5.26079316460666,1.8832309941550704,2.3694462941233576,1.8832309941550704,1.4049932360649109e-05,0.0006641745567321777,,1.1194497346878052e-06,inf,7.9803742650651515,12,False,0,0.09277899467822644
14,14,reference_eigen,4.189530807205213,1.411159910562891,1.649429501603704,1.411159910562891,1.4060176908969879e-05,0.0006570825353264809,,1.1390075087547302e-06,inf,6.477602814707393,12,False,0,0.0798074401245905
14,15,reference_eigen,3.4450290633786596,1.2515654361697148,1.4832909633101639,1.2515654361697148,1.4320015907287598e-05,0.0006699636578559875,,1.2302771210670471e-06,inf,3.325347741725196,12,False,0,0.06074907598438354
14,0,rjd,5.720399334834133,3.2089242320331044,3.8113794998328654,3.2089242320331044,3.627873957157135e-05,0.0007642535492777824,,1.9101426005363464e-06,inf,25.1406436049327,12,False,0,0.30042181630630466
14,1,rjd,239.8915091451803,40.60826944730269,49.984436074723384,40.60826944730269,1.884903758764267e-05,0.0007624533027410507,,1.2796372175216675e-06,inf,133.6035012041707,12,False,0,0.5508430410035687
14,2,rjd,5.507229760775043,2.6836664013949094,3.3584467295498692,2.6836664013949094,1.5789642930030823e-05,0.0006631435826420784,,1.3103708624839783e-06,inf,13.329409074281802,12,False,0,0.27960393208655454
14,3,rjd,5.590100724066438,2.833593338683592,3.4427122000117905,2.833593338683592,1.5029683709144592e-05,0.0007411232218146324,,1.2703239917755127e-06,inf,22.71674978309413,12,False,0,0.2961722510947657
14,4,rjd,5.7898779152929,3.054381191679009,3.662806055191083,3.054381191679009,1.7900019884109497e-05,0.0007686829194426537,,1.2293457984924316e-06,inf,18.738846838151943,12,False,0,0.3036707780907977
14,5,rjd,6.057548909279391,3.261801553480416,3.8612176956702333,3.261801553480416,2.2219493985176086e-05,0.000779951922595501,,1.6801059246063232e-06,inf,24.273377488677202,12,False,0,0.3317125411192314
14,6,rjd,6.077726750699523,2.880622647062803,3.526603436675185,2.880622647062803,1.7119571566581726e-05,0.0008502528071403503,,1.4500692486763e-06,inf,22.98647289643708,12,False,0,0.30712197380660466
14,7,rjd,6.214853949617448,2.883329965404579,3.522125613165375,2.883329965404579,1.689046621322632e-05,0.000775432214140892,,1.2200325727462769e-06,inf,7.437176464168203,12,False,0,0.33562433507614153
14,8,rjd,6.235124700192226,2.938752003466189,3.5049229901443315,2.938752003466189,1.7809681594371796e-05,0.0007187630981206894,,1.2489035725593567e-06,inf,29.999277020874253,12,False,0,0.29304241631798167
14,9,rjd,5.349700487467575,2.6407570300846213,3.2177835588391455,2.6407570300846213,1.5730038285255432e-05,0.0007580826058983803,,1.239590346813202e-06,inf,30.138867632583377,12,False,0,0.2709464892349556
14,10,rjd,6.487289549516411,3.158729857510525,3.782884217615372,3.158729857510525,1.5300698578357697e-05,0.0006915032863616943,,1.3802200555801392e-06,inf,31.358597418822345,12,False,0,0.3805171276812104
14,11,rjd,5.49687015282082,2.7305179037479674,3.439580651415579,2.7305179037479674,1.5700235962867737e-05,0.0006957044824957848,,1.3597309589385986e-06,inf,26.649998818216904,12,False,0,0.2821517182921033
14,12,rjd,5.590649715403104,2.593087343881308,3.162696021116654,2.593087343881308,1.585017889738083e-05,0.0006772736087441444,,1.2600794434547424e-06,inf,34.31185173086536,12,False,0,0.2508108109156248
14,13,rjd,5.519729450767319,2.792261136201646,3.388219464232079,2.792261136201646,1.449882984161377e-05,0.000667124055325985,,1.1995434761047363e-06,inf,26.847214600482285,12,False,0,0.28807111163380467
14,14,rjd,6.387343839437865,3.2492558367963436,3.833257677850218,3.2492558367963436,1.4689750969409943e-05,0.0007233526557683945,,1.1399388313293457e-06,inf,23.953088598333125,12,False,0,0.3486190353582019
14,15,rjd,5.567151476605402,2.9601619398346366,3.5366021457334846,2.9601619398346366,1.5039928257465363e-05,0.0006939331069588661,,1.1604279279708862e-06,inf,31.72670879921835,12,False,0,0.2899862027721613
15,0,identity,10.14778186288018,4.9596293712185044,5.140929154717721,4.9596293712185044,3.681983798742294e-05,0.0007684724405407906,,2.7194619178771973e-06,inf,51.51385362877354,12,False,0,0.29565288902825976
15,1,identity,50.38398941189875,18.137201863343222,20.215996543828673,18.137201863343222,1.8290244042873383e-05,0.0006911130622029305,,1.2898817658424377e-06,inf,154.49851727512524,12,False,0,0.9673322475459863
15,2,identity,16.25454326240327,7.466735399565165,7.775105774698838,7.466735399565165,1.5339814126491547e-05,0.0006922828033566475,,1.369975507259369e-06,inf,86.55381448145565,12,False,0,0.4751081593465037
15,3,identity,15.738244580170827,7.2710747605555435,7.571213967939004,7.2710747605555435,1.485925167798996e-05,0.0006829127669334412,,1.3299286365509033e-06,inf,97.74583129531528,12,False,0,0.44145881271148907
15,4,identity,14.483333070577144,6.781122441248975,7.057051256695663,6.781122441248975,1.5140511095523834e-05,0.0006754044443368912,,1.2405216693878174e-06,inf,90.37412932101677,12,False,0,0.38617974350668366
15,5,identity,13.183224732859028,6.256398732109995,6.504984309901458,6.256398732109995,1.4560297131538391e-05,0.0006810426712036133,,1.1799857020378113e-06,inf,75.46352806059468,12,False,0,0.3563532931868895
15,6,identity,15.614009588448521,7.2236733633518675,7.5206331762618674,7.2236733633518675,1.4710240066051483e-05,0.0006777523085474968,,1.1203810572624207e-06,inf,99.92243120680278,12,False,0,0.4614995346149742
15,7,identity,19.123528061937776,8.525458878575918,8.877645707258447,8.525458878575918,1.4989636838436127e-05,0.0006705941632390022,,1.1399388313293457e-06,inf,126.56816633546174,12,False,0,0.5134920423589256
15,8,identity,19.696576495477025,8.73068103246052,9.090540956530246,8.73068103246052,1.449044793844223e-05,0.0006754240021109581,,6.669200956821442e-06,inf,130.14951384098268,12,False,0,0.531759254921159
15,9,identity,17.30838535728156,7.864557745021664,8.191977122917113,7.864557745021664,1.4589168131351471e-05,0.0006748642772436142,,1.2489035725593567e-06,inf,110.97826678175137,12,False,0,0.4964279448713636
15,10,identity,18.74317630464393,8.388460093167009,8.735174998136443,8.388460093167009,1.4419667422771454e-05,0.0006683124229311943,,1.0402873158454895e-06,inf,126.1933834324202,12,False,0,0.49284671807630115
15,11,identity,17.35013179362086,7.877859535326138,8.204045970993892,7.877859535326138,1.4450401067733765e-05,0.0006722630932927132,,1.1790543794631958e-06,inf,98.75362237738186,12,False,0,0.4898575914540462
15,12,identity,19.36094161588873,8.611369153857686,8.967881283935805,8.611369153857686,1.4499761164188385e-05,0.0006791241466999054,,1.080334186553955e-06,inf,121.33688741053192,12,False,0,0.548706314292836
15,13,identity,15.791042327252795,7.290958656959771,7.591936538566674,7.290958656959771,1.4520250260829926e-05,0.0006728526204824448,,1.280568540096283e-06,inf,91.52606244472895,12,False,0,0.43679111524462916
15,14,identity,14.972185784398306,6.9718993027844425,7.256119682610429,6.9718993027844425,1.4649704098701477e-05,0.0006685731932520866,,1.2600794434547424e-06,inf,98.34574841749328,12,False,0,0.39924166814390194
15,15,identity,13.557101701556928,6.411614200586141,6.669630823349779,6.411614200586141,1.4349818229675293e-05,0.0006748838350176811,,1.2116506695747375e-06,inf,81.12576550880225,12,False,0,0.37776330410745407
15,0,reference_eigen,0.7147778474248627,0.31076982769245515,0.4144827276213418,0.31076982769245515,3.4700147807598114e-05,0.0007630325853824615,,0.001857152208685875,0.0006391613270856696,1.693505785400389e-13,12,True,0,0.016913399875805608
15,1,reference_eigen,818.4026815203805,41.13260968011208,56.39804457149382,41.13260968011208,1.7469748854637146e-05,0.0006688544526696205,,1.4500692486763e-06,inf,155.62037699363967,12,False,0,0.6180380414803781
15,2,reference_eigen,6.31599136333998,2.618457497481896,3.688798597376541,2.618457497481896,1.5410594642162323e-05,0.0006697932258248329,,1.0998919606208801e-06,inf,25.36138598871564,12,False,0,0.18448669632234893
15,3,reference_eigen,4.978264082083336,1.6440999580642237,1.945310500907508,1.6440999580642237,1.4540739357471466e-05,0.0006694728508591652,,1.2498348951339722e-06,inf,20.89164814802776,12,False,0,0.11930835112952252
15,4,reference_eigen,3.8844684061903143,1.3637226879870434,1.5552657729955481,1.3637226879870434,1.4040619134902954e-05,0.0006579943001270294,,1.3103708624839783e-06,inf,12.593475917864328,12,False,0,0.07381373694663461
15,5,reference_eigen,2.712057498045882,0.9419516658549312,1.0863535898382093,0.9419516658549312,1.4320015907287598e-05,0.0006650928407907486,,0.001726473681628704,12876.966618566146,3.695833886008152e-11,12,False,0,0.05522081678172
15,6,reference_eigen,5.88131753701937,2.1374388768309887,2.752107822593457,2.1374388768309887,1.4410354197025299e-05,0.0006621638312935829,,1.3206154108047485e-06,inf,34.198128963821915,12,False,0,0.1752356599327799
15,7,reference_eigen,8.836259947083017,2.7541114485996965,3.4165712522691956,2.7541114485996965,1.4290213584899902e-05,0.0006572632119059563,,1.0896474123001099e-06,inf,52.96782980114414,12,False,0,0.20738229695055044
15,8,reference_eigen,9.45601377826019,2.7649340582216206,3.429395173576592,2.7649340582216206,1.4579854905605316e-05,0.000662543810904026,,1.080334186553955e-06,inf,35.74078088207816,12,False,0,0.199823046331995
15,9,reference_eigen,6.8728937323195884,2.306036298006002,2.8448823033353747,2.306036298006002,1.415051519870758e-05,0.0006617540493607521,,1.130625605583191e-06,inf,31.810587077144064,12,False,0,0.1732020162342744
15,10,reference_eigen,8.40529571572518,2.675965547573569,3.2335057047277385,2.675965547573569,1.3889744877815247e-05,0.0006600925698876381,,1.1203810572624207e-06,inf,21.599980746324977,12,False,0,0.16282760234270208
15,11,reference_eigen,6.951623045185726,2.6148998607808656,3.5954980668263596,2.6148998607808656,1.453980803489685e-05,0.0006538340821862221,,1.0905787348747253e-06,inf,21.746826050019543,12,False,0,0.17273756211242955
15,12,reference_eigen,9.565872329130979,3.136039076383828,3.9850702610264044,3.136039076383828,1.4338642358779907e-05,0.0006613126024603844,,1.1101365089416504e-06,inf,34.75697249258306,12,False,0,0.21838641157451918
15,13,reference_eigen,5.254266467510673,1.8799170411517312,2.3675722985949514,1.8799170411517312,1.4030374586582184e-05,0.0006612138822674751,,1.0896474123001099e-06,inf,6.827276781768184,12,False,0,0.11163673719488201
15,14,reference_eigen,4.1722689602727785,1.4029538573162013,1.633236424027574,1.4029538573162013,1.3859942555427551e-05,0.0006543640047311783,,1.1492520570755005e-06,inf,9.754516722066018,12,False,0,0.08280710591561741
15,15,reference_eigen,3.439430234505405,1.249398041688055,1.4825535672777672,1.249398041688055,1.41095370054245e-05,0.0006628138944506645,,1.2693926692008972e-06,inf,2.1881721891578336,12,False,0,0.06608271351517266
15,0,rjd,5.726212653961853,3.212925761432411,3.81676160326382,3.212925761432411,3.613065928220749e-05,0.0007578227669000626,,2.3795291781425476e-06,inf,22.290986435584866,12,False,0,0.30903080706544667
15,1,rjd,239.8915091451803,40.60826944730269,49.984436074723384,40.60826944730269,1.698918640613556e-05,0.0006839530542492867,,1.4891847968101501e-06,inf,149.29968768813146,12,False,0,0.5046251510051956
15,2,rjd,5.522422736674505,2.693827727026205,3.3724614868508214,2.693827727026205,1.5280209481716156e-05,0.0006742030382156372,,1.3504177331924438e-06,inf,23.124567944441704,12,False,0,0.2669440257962308
15,3,rjd,5.595607871200876,2.837102401145022,3.447493468299726,2.837102401145022,1.527927815914154e-05,0.0006694039329886436,,1.1604279279708862e-06,inf,18.820955843823675,12,False,0,0.30195267371953577
15,4,rjd,5.807247781001728,3.061395094735982,3.671548195397672,3.061395094735982,1.4690682291984558e-05,0.0006652632728219032,,1.469627022743225e-06,inf,13.824372447987667,12,False,0,0.3214179621818528
15,5,rjd,6.061640272264376,3.264259050689243,3.8646557214412285,3.264259050689243,1.4679506421089172e-05,0.0006658630445599556,,1.239590346813202e-06,inf,20.664195954753936,12,False,0,0.37479735693127775
15,6,rjd,6.095600788183374,2.8874508810571995,3.534914829354846,2.8874508810571995,1.4220364391803741e-05,0.0006583444774150848,,1.1101365089416504e-06,inf,25.39487952383041,12,False,0,0.2949050934439025
15,7,rjd,6.223995746086631,2.8925314258214545,3.5370841807842544,2.8925314258214545,1.496821641921997e-05,0.0006688926368951797,,1.210719347000122e-06,inf,6.192273135646353,12,False,0,0.31958801929092945
15,8,rjd,6.242121457594303,2.941599826803854,3.5089165366694366,2.941599826803854,1.4089979231357574e-05,0.0006646933034062386,,1.239590346813202e-06,inf,27.781449720351453,12,False,0,0.31965264405404203
15,9,rjd,5.350605242973852,2.641394823461205,3.21887104686217,2.641394823461205,1.4470890164375305e-05,0.0006585344672203064,,1.1995434761047363e-06,inf,23.86857701321959,12,False,0,0.2889675837947016
15,10,rjd,6.488785099395202,3.1580280191566077,3.782717867014002,3.1580280191566077,1.4409422874450684e-05,0.0006659431383013725,,1.239590346813202e-06,inf,24.613194463068137,12,False,0,0.3780959803605605
15,11,rjd,5.5008358059226685,2.7351021828024016,3.4463227990152374,2.7351021828024016,1.4270655810832977e-05,0.0006651543080806732,,1.1799857020378113e-06,inf,24.12912967279842,12,False,0,0.26309361404723575
15,12,rjd,5.59619906381263,2.595769664775035,3.16622660884805,2.595769664775035,1.4350749552249908e-05,0.0006565740332007408,,1.2600794434547424e-06,inf,35.077454787659775,12,False,0,0.261707007670169
15,13,rjd,5.529709622097189,2.7966342197871947,3.3937340291779114,2.7966342197871947,1.4259479939937592e-05,0.000665152445435524,,1.189298927783966e-06,inf,27.520896523465733,12,False,0,0.268258687553042
15,14,rjd,6.393688124159432,3.2515737364661286,3.837335971596182,3.2515737364661286,1.4069490134716034e-05,0.0006654141470789909,,1.1799857020378113e-06,inf,18.659605787238938,12,False,0,0.389846326765476
15,15,rjd,5.572494022862209,2.9640290424946016,3.5415859884744783,2.9640290424946016,1.4028511941432953e-05,0.0006577335298061371,,1.2097880244255066e-06,inf,26.695813821302455,12,False,0,0.30278584191380575
16,0,identity,10.179439907586769,4.975444871669253,5.15701091371609,4.975444871669253,3.8188882172107697e-05,0.0007720328867435455,,2.670101821422577e-06,inf,39.90528467648247,12,False,0,0.31459512604578505
16,1,identity,50.38398941189875,18.137201863343222,20.215996543828673,18.137201863343222,1.745857298374176e-05,0.0006911130622029305,,1.2703239917755127e-06,inf,3.607599566516522,12,False,0,0.9940390321982963
16,2,identity,16.30770728798681,7.488817922382909,7.796458307967806,7.488817922382909,1.5689991414546967e-05,0.0006840545684099197,,1.2293457984924316e-06,inf,72.64000702637573,12,False,0,0.5134597151575647
16,3,identity,15.794938795110399,7.293835040113338,7.594349696662132,7.293835040113338,1.488998532295227e-05,0.0006769625470042229,,1.300126314163208e-06,inf,69.64195164198458,12,False,0,0.4621099744896308
16,4,identity,14.506456760599212,6.792023275682747,7.067206883009781,6.792023275682747,1.4719553291797638e-05,0.0006818827241659164,,1.2889504432678223e-06,inf,53.465782401811985,12,False,0,0.40225165274324265
16,5,identity,13.22847931246526,6.275737761547279,6.524852594530105,6.275737761547279,1.4689750969409943e-05,0.0006877342239022255,,1.1594966053962708e-06,inf,69.90977754045701,12,False,0,0.3782421639959919
16,6,identity,15.638509774226652,7.233676282257376,7.530972166422156,7.233676282257376,1.4940276741981506e-05,0.0006846040487289429,,1.239590346813202e-06,inf,70.97883812787285,12,False,0,0.4902421934375099
16,7,identity,19.17690359722251,8.545679990682961,8.897509654292127,8.545679990682961,1.4609657227993011e-05,0.000695924274623394,,1.169741153717041e-06,inf,70.25818095596371,12,False,0,0.5400008132954821
16,8,identity,19.723568152685967,8.742499274038284,9.10056278525785,8.742499274038284,1.4938414096832275e-05,0.0006804438307881355,,1.1604279279708862e-06,inf,84.54112761449079,12,False,0,0.5400788049220973
16,9,identity,17.39538581475557,7.897396661899953,8.22586430549129,7.897396661899953,1.4399178326129913e-05,0.0006748726591467857,,1.1203810572624207e-06,inf,70.85941893831047,12,False,0,0.5145163104312833
16,10,identity,18.768601957635468,8.397827603258964,8.745196430051163,8.397827603258964,1.4550052583217621e-05,0.0006671342998743057,,1.1399388313293457e-06,inf,102.9308811672975,12,False,0,0.503439580578449
16,11,identity,17.406216956265222,7.899711598846449,8.226071920788986,7.899711598846449,1.4559365808963776e-05,0.0006785141304135323,,1.1408701539039612e-06,inf,61.127417179681174,12,False,0,0.5082330276901049
16,12,identity,19.390289384836358,8.62300534750571,8.978932535745935,8.62300534750571,1.4870427548885345e-05,0.0006760638207197189,,1.1799857020378113e-06,inf,114.81957672193035,12,False,0,0.563643773332466
16,13,identity,15.839623328936717,7.311606487169411,7.612093491559102,7.311606487169411,1.4619901776313782e-05,0.0007033832371234894,,1.1408701539039612e-06,inf,61.35142738904308,12,False,0,0.4543567426344306
16,14,identity,15.021403883020092,6.9929556295203685,7.276690156260149,6.9929556295203685,1.4489516615867615e-05,0.0006826426833868027,,1.0104849934577942e-06,inf,66.61277748906534,12,False,0,0.4156711007679461
16,15,identity,13.602638815317121,6.431763255105754,6.689620805127689,6.431763255105754,1.5249475836753845e-05,0.000675862655043602,,1.1706724762916565e-06,inf,57.42558315138045,12,False,0,0.3921220467028158
16,0,reference_eigen,0.7796035783586329,0.34060315786504153,0.44736449357373287,0.34060315786504153,3.495998680591583e-05,0.0007617529481649399,,0.002060379832983017,0.001895118473418951,4.6021780481471116e-14,12,True,0,0.021441803893779435
16,1,reference_eigen,818.4026815203805,41.13260968011208,56.39804457149382,41.13260968011208,1.7239712178707123e-05,0.0006779246032238007,,1.389533281326294e-06,inf,3.6096185668229706,12,False,0,0.5806134119856774
16,2,reference_eigen,6.364636631282984,2.6196245127459465,3.6850774263476,2.6196245127459465,1.5009194612503052e-05,0.0006622839719057083,,1.0598450899124146e-06,inf,16.824951171216057,12,False,0,0.1784060474671851
16,3,reference_eigen,5.0532882523317415,1.6681680709456408,1.975646304287761,1.6681680709456408,1.4780089259147644e-05,0.0006650639697909355,,1.4500692486763e-06,inf,12.343674132703848,12,False,0,0.11627565386219803
16,4,reference_eigen,3.9210272984825205,1.3827464305068933,1.5769983916022563,1.3827464305068933,1.4728866517543793e-05,0.0006903437897562981,,1.1194497346878052e-06,inf,4.328233724797693,12,False,0,0.07572883941354575
16,5,reference_eigen,2.765268318508778,0.9574921481573466,1.105280442689641,0.9574921481573466,1.483876258134842e-05,0.0006701331585645676,,0.001928401179611683,19439.756731869995,6.931782989704171e-11,12,False,0,0.05771605845923678
16,6,reference_eigen,5.9330235966233955,2.1492907767144835,2.753685526294724,2.1492907767144835,1.4609657227993011e-05,0.0006575342267751694,,1.2796372175216675e-06,inf,17.38489349803492,12,False,0,0.1704521657420439
16,7,reference_eigen,8.944860616625746,2.7653903682425254,3.4315516314782495,2.7653903682425254,1.4680437743663788e-05,0.0006625941023230553,,1.1399388313293457e-06,inf,24.459967061459505,12,False,0,0.20440118645088504
16,8,reference_eigen,9.50774158233895,2.772732292683597,3.4437934641626886,2.772732292683597,1.4190562069416046e-05,0.0006614839658141136,,1.2693926692008972e-06,inf,17.030726629951616,12,False,0,0.19943097514996322
16,9,reference_eigen,6.983723753959517,2.347794792645168,2.904721266216078,2.347794792645168,1.4409422874450684e-05,0.0006555542349815369,,1.1995434761047363e-06,inf,15.784454855709253,12,False,0,0.16286280549470647
16,10,reference_eigen,8.521193067864058,2.6938986072723643,3.2657806805438376,2.6938986072723643,1.4009885489940643e-05,0.0006629424169659615,,1.0998919606208801e-06,inf,19.454497403848734,12,False,0,0.1609684631878935
16,11,reference_eigen,7.023635638245583,2.6397946582399423,3.635071986432664,2.6397946582399423,1.4060176908969879e-05,0.000661124475300312,,1.210719347000122e-06,inf,11.15849968697223,12,False,0,0.1716459667497273
16,12,reference_eigen,9.647761331242798,3.151940250006514,3.9910822548698985,3.151940250006514,1.413002610206604e-05,0.0006540538743138313,,1.1902302503585815e-06,inf,26.84943612606948,12,False,0,0.21954894935244934
16,13,reference_eigen,5.321581581318849,1.904813448996175,2.4013151886596655,1.904813448996175,1.3859942555427551e-05,0.0006596548482775688,,1.2200325727462769e-06,inf,3.3420275096572727,12,False,0,0.11183842126469362
16,14,reference_eigen,4.24256036665712,1.4173553658743197,1.651473755408706,1.4173553658743197,1.4249235391616821e-05,0.0006635347381234169,,1.0896474123001099e-06,inf,5.582596998019019,12,False,0,0.08298524715018997
16,15,reference_eigen,3.5352176166975586,1.2883113886817998,1.5395737074545615,1.2883113886817998,1.4059245586395264e-05,0.0006552543491125107,,1.2097880244255066e-06,inf,0.39787241214752633,12,False,0,0.06528798956149681
16,0,rjd,5.6883454155135285,3.1973866272481177,3.796974426655536,3.1973866272481177,3.6220066249370575e-05,0.0007743919268250465,,2.3497268557548523e-06,inf,10.459218012734103,12,False,0,0.2755950081285252
16,1,rjd,239.8915091451803,40.60826944730269,49.984436074723384,40.60826944730269,1.6709789633750916e-05,0.0006794026121497154,,1.5599653124809265e-06,inf,3.426170547745871,12,False,0,0.6971581852305516
16,2,rjd,5.503093493246697,2.6862107956484933,3.358142972846335,2.6862107956484933,2.6749446988105774e-05,0.0006756335496902466,,1.3504177331924438e-06,inf,1.022269213987082,12,False,0,0.19737809603418496
16,3,rjd,5.576311249642653,2.8279694221755536,3.4309875481588565,2.8279694221755536,1.4829449355602264e-05,0.0006636437028646469,,1.2898817658424377e-06,inf,9.298161816974497,12,False,0,0.2691164598181087
16,4,rjd,5.763319570562902,3.0436717581079145,3.648331974920347,3.0436717581079145,1.407042145729065e-05,0.0006685135886073112,,1.5003606677055359e-06,inf,9.774722739206354,12,False,0,0.29939202772002405
16,5,rjd,6.042154985361325,3.255331438540539,3.8528232983424435,3.255331438540539,1.4230608940124512e-05,0.0006682239472866058,,1.3094395399093628e-06,inf,7.297287568899282,12,False,0,0.36235987915184054
16,6,rjd,6.083686079285504,2.878584729335435,3.5148313276539165,2.878584729335435,1.4089047908782959e-05,0.0006564436480402946,,1.4603137969970703e-06,inf,9.127093157738127,12,False,0,0.2396008597210085
16,7,rjd,6.242186801341417,2.8967736568997875,3.533528088035002,2.8967736568997875,1.3830140233039856e-05,0.0006632041186094284,,1.3494864106178284e-06,inf,3.104711341600078,12,False,0,0.2806587286201387
16,8,rjd,6.225497217761012,2.9371858705756275,3.498494763955914,2.9371858705756275,1.4018267393112183e-05,0.0006659235805273056,,1.3997778296470642e-06,inf,8.41430558698954,12,False,0,0.32506302836730144
16,9,rjd,5.331140728531365,2.63018168635189,3.19686618272706,2.63018168635189,1.3959594070911407e-05,0.0006564930081367493,,1.3904646039009094e-06,inf,15.440307283164598,12,False,0,0.25002360245400695
16,10,rjd,6.439026859227117,3.1430517704895813,3.755235357114673,3.1430517704895813,2.0180828869342804e-05,0.0006607836112380028,,1.3206154108047485e-06,inf,11.851477984005536,12,False,0,0.36451573564889345
16,11,rjd,5.49372013863297,2.733793503878874,3.4405852648030884,2.733793503878874,1.4069490134716034e-05,0.0006665140390396118,,1.1706724762916565e-06,inf,15.040604081434022,12,False,0,0.2008032703923686
16,12,rjd,5.602598818865013,2.588933133413521,3.1466618800835415,2.588933133413521,1.4079734683036804e-05,0.0006652530282735825,,1.2908130884170532e-06,inf,16.922004863260675,12,False,0,0.24138975891676107
16,13,rjd,5.464135249879454,2.7722583921058406,3.357423647254599,2.7722583921058406,1.3980083167552948e-05,0.000658833421766758,,1.300126314163208e-06,inf,13.32086400611464,12,False,0,0.2280085647270894
16,14,rjd,6.3591921067459705,3.2401715951405183,3.818459438773231,3.2401715951405183,1.411978155374527e-05,0.0006661033257842064,,1.2200325727462769e-06,inf,5.169362659924683,12,False,0,0.38350198665083923
16,15,rjd,5.522902063644095,2.9474066924922218,3.519682308395101,2.9474066924922218,1.4220364391803741e-05,0.0006664944812655449,,1.2498348951339722e-06,inf,15.225885560208072,12,False,0,0.28424912213781983
17,0,identity,10.175367441045555,4.9731781469849565,5.154900029720543,4.9731781469849565,3.5978853702545166e-05,0.0007858136668801308,,2.8405338525772095e-06,inf,36.5614244527157,12,False,0,0.30274413629101293
17,1,identity,50.38398941189875,18.137201863343222,20.215996543828673,18.137201863343222,1.8370337784290314e-05,0.0007081041112542152,,1.1194497346878052e-06,inf,126.3345560430812,12,False,0,0.9538452424130938
17,2,identity,16.309141631316763,7.487176657824977,7.796766712052604,7.487176657824977,1.546088606119156e-05,0.0006816834211349487,,1.2703239917755127e-06,inf,89.66673173834363,12,False,0,0.48219525397502433
17,3,identity,15.790085238537037,7.2915283911087565,7.592201992336037,7.2915283911087565,2.1498650312423706e-05,0.0006750831380486488,,1.1101365089416504e-06,inf,78.38686935927007,12,False,0,0.4392316850953726
17,4,identity,14.502800988146184,6.789207937639612,7.065326569654317,6.789207937639612,1.4959834516048431e-05,0.000694863498210907,,1.0998919606208801e-06,inf,59.33154334852082,12,False,0,0.39054349916712733
17,5,identity,13.224009674620183,6.273638484303494,6.522661885773265,6.273638484303494,1.4400109648704529e-05,0.0006775939837098122,,1.0998919606208801e-06,inf,62.095867464779644,12,False,0,0.3611395283763478
17,6,identity,15.6319924714346,7.231400778019294,7.5282504952179226,7.231400778019294,1.48797407746315e-05,0.0006659841164946556,,9.499490261077881e-07,inf,83.39934393189455,12,False,0,0.4660889082202481
17,7,identity,19.17748936203402,8.544532466628512,8.897533535446309,8.544532466628512,1.519918441772461e-05,0.0006758542731404305,,1.1995434761047363e-06,inf,104.70505045161117,12,False,0,0.5113960122826551
17,8,identity,19.725508314612174,8.740452818764652,9.101046043961315,8.740452818764652,1.4370307326316833e-05,0.0006712423637509346,,1.0794028639793396e-06,inf,108.50413578742969,12,False,0,0.5169008410968531
17,9,identity,17.38751943422401,7.894809522929678,8.222745216042375,7.894809522929678,1.4190562069416046e-05,0.0007445728406310081,,1.0794028639793396e-06,inf,85.41175985325393,12,False,0,0.4932961592313792
17,10,identity,18.76476705493626,8.396800496026215,8.743626377130472,8.396800496026215,1.5029683709144592e-05,0.0007015224546194077,,1.1799857020378113e-06,inf,115.87950965724072,12,False,0,0.47772525104392566
17,11,identity,17.397211903889765,7.896235569399219,8.22231176589327,7.896235569399219,1.5039928257465363e-05,0.0006882529705762863,,1.2293457984924316e-06,inf,81.96063934099891,12,False,0,0.4967185424480349
17,12,identity,19.38744379612242,8.621067651801935,8.977807933488126,8.621067651801935,1.4839693903923035e-05,0.0006749927997589111,,1.1203810572624207e-06,inf,117.5924741452881,12,False,0,0.5376243476704559
17,13,identity,15.836679415780011,7.308831714813119,7.610627814481505,7.308831714813119,1.414027065038681e-05,0.0006652036681771278,,1.0896474123001099e-06,inf,68.0263402954471,12,False,0,0.4337308016753404
17,14,identity,15.022045119704988,6.991261878481085,7.2766876211777465,6.991261878481085,1.4378689229488373e-05,0.0006724139675498009,,1.0905787348747253e-06,inf,78.24111772687453,12,False,0,0.390589271492897
17,15,identity,13.597500708368608,6.428747474796726,6.687239640112461,6.428747474796726,1.4649704098701477e-05,0.00067848339676857,,1.0700896382331848e-06,inf,59.56525563832868,12,False,0,0.3728382593744543
17,0,reference_eigen,0.7738826639922245,0.3390096023528225,0.4455062319768236,0.3390096023528225,3.587920218706131e-05,0.0007926514372229576,,0.0027465643361210823,0.0022900787183027815,1.762045365600634e-13,12,True,0,0.019496091023159842
17,1,reference_eigen,818.4026815203805,41.13260968011208,56.39804457149382,41.13260968011208,1.7399899661540985e-05,0.0006970427930355072,,1.5497207641601562e-06,inf,127.13900477431866,12,False,0,0.7164786932914929
17,2,reference_eigen,6.3643800858685875,2.619978723927984,3.68536353392344,2.619978723927984,2.1540559828281403e-05,0.0006687529385089874,,1.1101365089416504e-06,inf,14.613571615350223,12,False,0,0.17565795643832308
17,3,reference_eigen,5.049902016668798,1.666887548068382,1.9738176438488555,1.666887548068382,1.4290213584899902e-05,0.0006717527285218239,,1.0598450899124146e-06,inf,21.16090810801783,12,False,0,0.11423106194649674
17,4,reference_eigen,3.9241896076341103,1.3831156591575628,1.5786872817567874,1.3831156591575628,2.4419277906417847e-05,0.0006730249151587486,,1.1203810572624207e-06,inf,15.305116828495667,12,False,0,0.07511645503809648
17,5,reference_eigen,2.7662774062287583,0.9579753080713521,1.1069902083531866,0.9579753080713521,1.4278106391429901e-05,0.0006611030548810959,,0.0023516668006777763,25326.255799037794,3.6729710337385855e-10,12,False,0,0.05146358702758752
17,6,reference_eigen,5.929336411924703,2.147506491744634,2.7525325593858883,2.147506491744634,1.4220364391803741e-05,0.0006674230098724365,,1.369975507259369e-06,inf,29.477043900423784,12,False,0,0.17691530868254124
17,7,reference_eigen,8.954240657765594,2.7641904262069588,3.429079027663392,2.7641904262069588,1.4330260455608368e-05,0.0006676642224192619,,1.169741153717041e-06,inf,42.63778192005805,12,False,0,0.19955783433393043
17,8,reference_eigen,9.521142913482084,2.7729476400896083,3.444352159746523,2.7729476400896083,1.4290213584899902e-05,0.0006578825414180756,,1.1604279279708862e-06,inf,43.92408822864137,12,False,0,0.19308474491605426
17,9,reference_eigen,6.972662101977596,2.345505391023791,2.902732750655537,2.345505391023791,1.4170072972774506e-05,0.0006834231317043304,,1.4603137969970703e-06,inf,28.164666853798327,12,False,0,0.16427197208295738
17,10,reference_eigen,8.52309242169661,2.6936893057783284,3.2657246255240193,2.6936893057783284,1.4310702681541443e-05,0.0006703240796923637,,1.4398247003555298e-06,inf,40.509826495061034,12,False,0,0.14973485002656936
17,11,reference_eigen,7.019170513272236,2.6385247930149087,3.6334801217338244,2.6385247930149087,1.4240853488445282e-05,0.0006698025390505791,,1.0691583156585693e-06,inf,22.243418200024585,12,False,0,0.17123649128197396
17,12,reference_eigen,9.640323783894576,3.151650456379246,3.990932415857829,3.151650456379246,1.4299526810646057e-05,0.0006803832948207855,,1.2908130884170532e-06,inf,42.354510047354616,12,False,0,0.21273364714812565
17,13,reference_eigen,5.320460268256273,1.9038768380944733,2.39982248859908,1.9038768380944733,1.4350749552249908e-05,0.000668124295771122,,1.109205186367035e-06,inf,9.249297956664584,12,False,0,0.11266229228258696
17,14,reference_eigen,4.243910778653556,1.4163944227838852,1.6499092728200138,1.4163944227838852,2.8938986361026764e-05,0.0006683142855763435,,9.397044777870178e-07,inf,16.551572405984807,12,False,0,0.07438815550477056
17,15,reference_eigen,3.5273604851532454,1.2862314037980456,1.536924993488026,1.2862314037980456,1.4329329133033752e-05,0.000664752908051014,,1.1296942830085754e-06,inf,12.035324958711353,12,False,0,0.06266292060093996
17,0,rjd,5.686373309716251,3.1969350230018803,3.7970445660989585,3.1969350230018803,3.9878301322460175e-05,0.0007717534899711609,,1.9408762454986572e-06,inf,19.764527214688734,12,False,0,0.31373574238058166
17,1,rjd,239.8915091451803,40.60826944730269,49.984436074723384,40.60826944730269,1.749955117702484e-05,0.0006756233051419258,,1.130625605583191e-06,inf,122.54660363219305,12,False,0,0.42580446374546993
17,2,rjd,5.501492316312769,2.685693531946638,3.357431498609619,2.685693531946638,1.5390105545520782e-05,0.000669003464281559,,1.0505318641662598e-06,inf,17.45642024726072,12,False,0,0.21998105847329746
17,3,rjd,5.576058648131904,2.8275868393130548,3.4300918396337727,2.8275868393130548,2.8139911592006683e-05,0.0006750738248229027,,1.1594966053962708e-06,inf,13.587808189293728,12,False,0,0.30302030955603687
17,4,rjd,5.763034101272368,3.043727524856582,3.6479039538160105,3.043727524856582,1.4870427548885345e-05,0.0006753737106919289,,1.239590346813202e-06,inf,10.69776667891972,12,False,0,0.33016591058679556
17,5,rjd,6.039540058411082,3.25473186443936,3.8519154909823543,3.25473186443936,1.4799647033214569e-05,0.0006669936701655388,,1.0402873158454895e-06,inf,20.49763156477838,12,False,0,0.38033746869870516
17,6,rjd,6.08429211360952,2.8790285813392784,3.515356653750856,2.8790285813392784,1.4320015907287598e-05,0.0007356135174632072,,1.1594966053962708e-06,inf,12.598214970349229,12,False,0,0.2786994753696341
17,7,rjd,6.235588356535682,2.895467366885751,3.5305346022335504,2.895467366885751,1.4740042388439178e-05,0.0006641633808612823,,1.0998919606208801e-06,inf,2.1025452123907016,12,False,0,0.29842499643969905
17,8,rjd,6.22499765872431,2.9383903110087166,3.4987432968923846,2.9383903110087166,1.5200115740299225e-05,0.0006658732891082764,,1.3597309589385986e-06,inf,2.0590409649455594,12,False,0,0.330438590240017
17,9,rjd,5.332540773330749,2.6299727699623507,3.196197119065024,2.6299727699623507,1.4190562069416046e-05,0.0006918823346495628,,1.1110678315162659e-06,inf,14.624813761389454,12,False,0,0.28982371134386675
17,10,rjd,6.43838840309163,3.142550924432123,3.754223024305612,3.142550924432123,1.4239922165870667e-05,0.0006836624816060066,,1.109205186367035e-06,inf,19.117672261064403,12,False,0,0.3879499323507252
17,11,rjd,5.49374593446809,2.733056684427326,3.439440054854416,2.733056684427326,1.4670193195343018e-05,0.0006685443222522736,,1.1604279279708862e-06,inf,19.60950526008175,12,False,0,0.2605943908007991
17,12,rjd,5.603458749482436,2.5883565107392963,3.1456185675257164,2.5883565107392963,2.8810463845729828e-05,0.000710763968527317,,1.0794028639793396e-06,inf,18.95404754348551,12,False,0,0.25382383625904853
17,13,rjd,5.462461220925722,2.7718898702818615,3.356696388892265,2.7718898702818615,1.4909543097019196e-05,0.0006917444989085197,,1.0691583156585693e-06,inf,18.59002668497498,12,False,0,0.2721631230554472
17,14,rjd,6.356673838261562,3.2400019251478325,3.817467359073883,3.2400019251478325,1.4510005712509155e-05,0.0006590429693460464,,1.2703239917755127e-06,inf,8.880996947731104,12,False,0,0.4027620895970799
17,15,rjd,5.521615923425619,2.946242111492306,3.517308448381907,2.946242111492306,1.3799406588077545e-05,0.0006698733195662498,,1.109205186367035e-06,inf,10.762715157527001,12,False,0,0.31726289252673573
18,0,identity,10.170760314781816,4.979556265879237,5.193678905224288,4.979556265879237,3.7219375371932983e-05,0.0008010920137166977,,2.6300549507141113e-06,inf,15.419716093159774,12,False,0,0.3127317963254701
18,1,identity,50.38398941189875,18.137201863343222,20.215996543828673,18.137201863343222,1.783948391675949e-05,0.000682072713971138,,1.3103708624839783e-06,inf,186.4074825931006,12,False,0,0.953002270384066
18,2,identity,16.299566314810825,7.497560206013247,7.83942783956792,7.497560206013247,3.044959157705307e-05,0.000689823180437088,,1.2004747986793518e-06,inf,40.41514745737688,12,False,0,0.4927952346827753
18,3,identity,15.785402155874962,7.299014711289073,7.619746965270532,7.299014711289073,1.4590099453926086e-05,0.0007109129801392555,,1.1799857020378113e-06,inf,34.587665445743795,12,False,0,0.4496127059898224
18,4,identity,14.499112002785022,6.799363907655485,7.112064845011965,6.799363907655485,1.5049241483211517e-05,0.0008509419858455658,,1.3103708624839783e-06,inf,29.80395805199831,12,False,0,0.40091658453861706
18,5,identity,13.218008326640193,6.278743676159112,6.546543089281618,6.278743676159112,1.525040715932846e-05,0.0006945924833416939,,1.3904646039009094e-06,inf,25.61449531760819,12,False,0,0.37206362521138236
18,6,identity,15.623265395231739,7.240665854695984,7.571860238828794,7.240665854695984,1.8279068171977997e-05,0.0007314523681998253,,1.2498348951339722e-06,inf,37.20555483383786,12,False,0,0.4761661853523581
18,7,identity,19.17106492178463,8.556591092672358,8.936656442577306,8.556591092672358,1.5609897673130035e-05,0.000746382400393486,,1.1194497346878052e-06,inf,45.76393278466347,12,False,0,0.5238641362912829
18,8,identity,19.720464133757407,8.746227855184095,9.10104751903144,8.746227855184095,1.559033989906311e-05,0.0007083425298333168,,1.1296942830085754e-06,inf,44.57079314944466,12,False,0,0.52791026951116
18,9,identity,17.38242911692086,7.902512352676719,8.248327514913697,7.902512352676719,1.4880672097206116e-05,0.0008158227428793907,,1.3299286365509033e-06,inf,38.29524421734878,12,False,0,0.5028329169043578
18,10,identity,18.765710180799317,8.400547892012549,8.744028929771744,8.400547892012549,1.6289763152599335e-05,0.0006700530648231506,,1.1194497346878052e-06,inf,45.401946794415686,12,False,0,0.48418691596661384
18,11,identity,17.394162250338475,7.902540302743735,8.23818023387436,7.902540302743735,1.4959834516048431e-05,0.0006949529051780701,,1.130625605583191e-06,inf,41.928732465768206,12,False,0,0.5036252212959028
18,12,identity,19.374794217971488,8.623446039961005,8.974861795819887,8.623446039961005,1.4689750969409943e-05,0.0006888033822178841,,1.1399388313293457e-06,inf,51.95779219417224,12,False,0,0.5461889531141328
18,13,identity,15.833214768375818,7.315244423872078,7.627769120291271,7.315244423872078,1.4680437743663788e-05,0.0007342630997300148,,1.1604279279708862e-06,inf,33.757150884273145,12,False,0,0.448500070071859
18,14,identity,15.019447300400262,6.998359162707548,7.300303968236787,6.998359162707548,1.5470199286937714e-05,0.00069432333111763,,1.1799857020378113e-06,inf,28.81037620678576,12,False,0,0.3999559188497803
18,15,identity,13.594243181326682,6.437194833827125,6.725904351995558,6.437194833827125,1.4749355614185333e-05,0.0006889235228300095,,1.130625605583191e-06,inf,22.10125681274564,12,False,0,0.3870974054372446
18,0,reference_eigen,0.7762703109406327,0.3422651776980721,0.4480764478117335,0.3422651776980721,3.978051245212555e-05,0.000826922245323658,,0.0020343102514743805,0.002666124157603727,1.1023347223524666e-13,12,True,0,0.02245176713295901
18,1,reference_eigen,818.4026815203805,41.13260968011208,56.39804457149382,41.13260968011208,1.894962042570114e-05,0.0007661627605557442,,1.7294660210609436e-06,inf,188.42907542669883,12,False,0,0.5078004912446924
18,2,reference_eigen,6.371876511085928,2.623694686211082,3.6885215275466026,2.623694686211082,1.6159377992153168e-05,0.0007302630692720413,,1.1799857020378113e-06,inf,9.431379065146288,12,False,0,0.16226123664310962
18,3,reference_eigen,5.056666991746413,1.668487029065228,1.9743772679259282,1.668487029065228,2.139899879693985e-05,0.0007239030674099922,,1.239590346813202e-06,inf,11.343965726863077,12,False,0,0.10273123232478588
18,4,reference_eigen,3.934270781837351,1.385481305285674,1.58207722722166,1.385481305285674,1.600012183189392e-05,0.0007689632475376129,,1.2004747986793518e-06,inf,7.069907130586324,12,False,0,0.07133763895437252
18,5,reference_eigen,2.77169002416232,0.9598507956508819,1.1086201698390985,0.9598507956508819,1.5508383512496948e-05,0.0007563121616840363,,0.002005591057240963,27165.600999479186,3.0865759434848906e-10,12,False,0,0.05521339942718646
18,6,reference_eigen,5.937920688962999,2.1496424373028358,2.7541370729537062,2.1496424373028358,1.5210360288619995e-05,0.0007162131369113922,,1.5897676348686218e-06,inf,11.098502336060223,12,False,0,0.15961107539668037
18,7,reference_eigen,8.978227255956169,2.7685951932079367,3.432563424647987,2.7685951932079367,1.5319325029850006e-05,0.0006691934540867805,,1.2302771210670471e-06,inf,23.14044334685981,12,False,0,0.18371680389478062
18,8,reference_eigen,9.542883415816917,2.775293787030778,3.4483919752406744,2.775293787030778,1.4409422874450684e-05,0.0007121730595827103,,1.369975507259369e-06,inf,21.898857661058194,12,False,0,0.17224618670889102
18,9,reference_eigen,6.977325852162277,2.346358234666104,2.9026470569066234,2.346358234666104,1.4709308743476868e-05,0.0006981836631894112,,1.4081597328186035e-06,inf,15.031441886802227,12,False,0,0.15052766689986852
18,10,reference_eigen,8.535121067025637,2.6955657034547587,3.2684920804183535,2.6955657034547587,1.4719553291797638e-05,0.0008835112676024437,,1.1799857020378113e-06,inf,24.648383254086255,12,False,0,0.14855453417979678
18,11,reference_eigen,7.02781537288154,2.640100712756417,3.635032152104178,2.640100712756417,1.955963671207428e-05,0.0009934501722455025,,1.300126314163208e-06,inf,15.993312765107271,12,False,0,0.14935964346753608
18,12,reference_eigen,9.641543503980442,3.1531072184724738,3.9917034217682135,3.1531072184724738,1.9290484488010406e-05,0.0009930608794093132,,1.5096738934516907e-06,inf,26.64377228475713,12,False,0,0.19023364001411733
18,13,reference_eigen,5.327560409621274,1.90566322736712,2.4005651995403143,1.90566322736712,1.8979422748088837e-05,0.000991281121969223,,1.4407560229301453e-06,inf,3.4055625013220077,12,False,0,0.0997569105675455
18,14,reference_eigen,4.252046731591942,1.4178575190743357,1.6515581934523622,1.4178575190743357,1.893937587738037e-05,0.0009891903027892113,,1.3997778296470642e-06,inf,8.303364496687962,12,False,0,0.07859212154339643
18,15,reference_eigen,3.5308500550655344,1.2882206371969103,1.5366908612950936,1.2882206371969103,1.9050203263759613e-05,0.000992700457572937,,1.300126314163208e-06,inf,5.354344370604908,12,False,0,0.06194951745076752
18,0,rjd,5.68935589877933,3.198206000745704,3.7977294642326442,3.198206000745704,4.405900835990906e-05,0.0011095991358160973,,1.7900019884109497e-06,inf,19.54953675247318,12,False,0,0.3418543080863348
18,1,rjd,239.8915091451803,40.60826944730269,49.984436074723384,40.60826944730269,2.0879320800304413e-05,0.0009941700845956802,,1.4193356037139893e-06,inf,179.41879689506584,12,False,0,0.33088796890202254
18,2,rjd,5.495833039817091,2.6840264956176334,3.358634973395278,2.6840264956176334,1.9679777324199677e-05,0.0009928103536367416,,1.1799857020378113e-06,inf,21.13524246259483,12,False,0,0.25989478763034857
18,3,rjd,5.57340582761707,2.8272618433497945,3.4318559244480595,2.8272618433497945,1.96993350982666e-05,0.0009945603087544441,,1.0905787348747253e-06,inf,20.20264091986602,12,False,0,0.3311366618670878
18,4,rjd,5.760675405348653,3.044289634757372,3.6516208767957137,3.044289634757372,1.9259750843048096e-05,0.0010028211399912834,,1.1194497346878052e-06,inf,16.462717546742933,12,False,0,0.3524929373029197
18,5,rjd,6.045365912833126,3.256166957466315,3.854601554188571,3.256166957466315,1.9130297005176544e-05,0.0009901802986860275,,1.0998919606208801e-06,inf,19.876832970046422,12,False,0,0.402782195344728
18,6,rjd,6.077669738924936,2.877641651701923,3.517435345917878,2.877641651701923,1.9430182874202728e-05,0.0009895805269479752,,1.1799857020378113e-06,inf,26.316303550502994,12,False,0,0.30167536289165353
18,7,rjd,6.229575854341854,2.8934940015073765,3.5314515631815944,2.8934940015073765,1.8940307199954987e-05,0.000989370048046112,,1.169741153717041e-06,inf,20.56511066074144,12,False,0,0.32180513948638323
18,8,rjd,6.2232848556056615,2.9385750467001484,3.5006728978485344,2.9385750467001484,1.948978751897812e-05,0.0009849797934293747,,1.1799857020378113e-06,inf,22.426083823277338,12,False,0,0.3451824550155202
18,9,rjd,5.332289172436142,2.6307039546197792,3.1996937608909137,2.6307039546197792,1.9039958715438843e-05,0.0009854007512331009,,1.019798219203949e-06,inf,22.333170802272186,12,False,0,0.3144496724737983
18,10,rjd,6.437148865160246,3.1424430903979466,3.755315288095797,3.1424430903979466,1.9039958715438843e-05,0.0009866906329989433,,1.2097880244255066e-06,inf,23.821945297274482,12,False,0,0.4065685636824215
18,11,rjd,5.492023308222461,2.7333065375126346,3.442715379517803,2.7333065375126346,1.9529834389686584e-05,0.0010098209604620934,,1.4398247003555298e-06,inf,14.418463422439011,12,False,0,0.2912739048758013
18,12,rjd,5.596398613431634,2.5858157965103974,3.1448216667233937,2.5858157965103974,2.1678395569324493e-05,0.001000991091132164,,1.130625605583191e-06,inf,22.62099584369348,12,False,0,0.28555507087656745
18,13,rjd,5.462974277757991,2.771757355693327,3.358329041731527,2.771757355693327,1.9309110939502716e-05,0.0009905016049742699,,1.0700896382331848e-06,inf,20.90170253794357,12,False,0,0.28608457726323416
18,14,rjd,6.360848844252993,3.241179621134079,3.8196494158012273,3.241179621134079,1.8829479813575745e-05,0.000988120213150978,,1.150183379650116e-06,inf,22.154448457228707,12,False,0,0.42182258784532917
18,15,rjd,5.521405191980983,2.946123286755355,3.5197003136172045,2.946123286755355,1.884065568447113e-05,0.0009891204535961151,,1.2200325727462769e-06,inf,20.862448049804904,12,False,0,0.336043088739824
19,0,identity,28.465393436896846,9.843640574232886,12.827905991310534,9.843640574232886,4.070065915584564e-05,0.0007870616391301155,,2.629123628139496e-06,inf,18.714796786448616,12,False,0,0.3266370483614227
19,1,identity,50.38398941189875,18.137201863343222,20.215996543828673,18.137201863343222,1.8339604139328003e-05,0.000703263096511364,,1.5301629900932312e-06,inf,114.55061387482411,12,False,0,0.9737088582019053
19,2,identity,26.679973408095282,10.605003957820134,13.549519159694803,10.605003957820134,1.634005457162857e-05,0.000695093534886837,,1.169741153717041e-06,inf,0.9015798008448543,12,False,0,0.486752457814814
19,3,identity,26.664747669918054,10.50041163479041,13.461060716751183,10.50041163479041,1.5739351511001587e-05,0.0006921030580997467,,1.3792887330055237e-06,inf,0.5294146070178423,12,False,0,0.46107156074867406
19,4,identity,26.888444444357745,10.296250375655404,13.295381739658016,10.296250375655404,1.517031341791153e-05,0.0006889533251523972,,1.669861376285553e-06,inf,2.240768082797495,12,False,0,0.4123690101247869
19,5,identity,27.23333788810724,10.120611420031333,13.141833782001546,10.120611420031333,1.5369616448879242e-05,0.0006771432235836983,,1.5301629900932312e-06,inf,11.168769020788726,12,False,0,0.39125446638367084
19,6,identity,26.696462486082247,10.475741075652817,13.442246694503432,10.475741075652817,1.4870427548885345e-05,0.0006819944828748703,,1.7704442143440247e-06,inf,0.5529387278310356,12,False,0,0.4764172726508221
19,7,identity,26.44090651656829,11.135331140849708,13.933091091328608,11.135331140849708,1.4688819646835327e-05,0.0006808238103985786,,1.3504177331924438e-06,inf,6.854028628074653,12,False,0,0.5295654742032407
19,8,identity,26.368103859115003,11.228113901744152,13.9909019558239,11.228113901744152,1.4768913388252258e-05,0.0006781434640288353,,1.860782504081726e-06,inf,15.885437695527717,12,False,0,0.5503825544811185
19,9,identity,26.475087807027798,10.775824618762751,13.670025463635485,10.775824618762751,1.4729797840118408e-05,0.0006834631785750389,,1.300126314163208e-06,inf,4.277136267730075,12,False,0,0.5113179717442563
19,10,identity,26.460544253837387,11.051498340063013,13.874177075472998,11.051498340063013,2.9919669032096863e-05,0.0006804224103689194,,1.369975507259369e-06,inf,11.376016327919567,12,False,0,0.5096642940617273
19,11,identity,26.591217061546306,10.796199247592227,13.695119045706903,10.796199247592227,1.4780089259147644e-05,0.0006818929687142372,,1.4901161193847656e-06,inf,12.991539145400925,12,False,0,0.49230506910734967
19,12,identity,26.36471774231479,11.158725871615033,13.94258148566506,11.158725871615033,1.4410354197025299e-05,0.0006702439859509468,,1.1706724762916565e-06,inf,17.38247646234742,12,False,0,0.5506695249585086
19,13,identity,26.67151330455972,10.510661944322162,13.470663759615073,10.510661944322162,1.4569610357284546e-05,0.0006776032969355583,,1.4407560229301453e-06,inf,3.6662117075971734,12,False,0,0.45159835185355124
19,14,identity,26.863586465910632,10.388913531716682,13.376234480806536,10.388913531716682,1.4520250260829926e-05,0.0006818128749728203,,1.6605481505393982e-06,inf,4.290765287212066,12,False,0,0.43297713209280475
19,15,identity,27.018498660950886,10.154374122712301,13.168452242413975,10.154374122712301,1.4619901776313782e-05,0.0006694933399558067,,1.2405216693878174e-06,inf,9.89714477113042,12,False,0,0.3952561445275943
19,0,reference_eigen,5.564952566580502,2.8586451449946413,3.2874577969460796,2.8586451449946413,4.2479485273361206e-05,0.0007715830579400063,,2.619810402393341e-06,inf,7.3815323670900375,12,False,0,0.08323027416972963
19,1,reference_eigen,818.4026815203805,41.13260968011208,56.39804457149382,41.13260968011208,1.7219223082065582e-05,0.0006877928972244263,,1.239590346813202e-06,inf,115.30721851928926,12,False,0,0.46787023816296003
19,2,reference_eigen,8.565268205677262,3.8729995280294447,5.097633397032871,3.8729995280294447,1.560896635055542e-05,0.000680173747241497,,1.369975507259369e-06,inf,15.720046068260244,12,False,0,0.1686277760898673
19,3,reference_eigen,7.796066834272391,3.1941203970472127,3.644415691766414,3.1941203970472127,1.4940276741981506e-05,0.0006688227877020836,,1.2097880244255066e-06,inf,14.573300201452923,12,False,0,0.12469334167781249
19,4,reference_eigen,6.993613613751113,3.1054490233407526,3.36317793393863,3.1054490233407526,1.4970079064369202e-05,0.0006735939532518387,,1.2302771210670471e-06,inf,4.7595652674120466,12,False,0,0.10484262707452145
19,5,reference_eigen,6.41793634314093,2.8745216308730424,3.259203411933896,2.8745216308730424,1.4550052583217621e-05,0.0006728125736117363,,1.1399388313293457e-06,inf,8.649200796854238,12,False,0,0.09384565412855048
19,6,reference_eigen,8.394467753620772,3.4946561447562265,4.230584466612214,3.4946561447562265,1.4740042388439178e-05,0.0006685825064778328,,1.2200325727462769e-06,inf,14.993109687077135,12,False,0,0.16628033147710997
19,7,reference_eigen,11.171612075076617,3.8682433618217695,4.678902514983354,3.8682433618217695,2.275034785270691e-05,0.000682903453707695,,1.369975507259369e-06,inf,28.659579488940413,12,False,0,0.204816712783331
19,8,reference_eigen,11.754963915118442,3.8591053784309537,4.4934702191289935,3.8591053784309537,1.529976725578308e-05,0.0006786826997995377,,1.2703239917755127e-06,inf,26.88457204547049,12,False,0,0.1854591049142157
19,9,reference_eigen,9.267375191624922,3.616492142281092,4.321018942098168,3.616492142281092,1.4670193195343018e-05,0.0006928732618689537,,1.1604279279708862e-06,inf,22.6237759957149,12,False,0,0.17241675344997992
19,10,reference_eigen,10.723160248181697,3.835247855840839,4.322714446721572,3.835247855840839,1.4829449355602264e-05,0.0006711939349770546,,1.2097880244255066e-06,inf,35.45542626155712,12,False,0,0.17919266756631722
19,11,reference_eigen,9.223360107007435,3.8763429150691193,5.053480088322337,3.8763429150691193,1.4849938452243805e-05,0.0006745737046003342,,1.2898817658424377e-06,inf,21.216325684119028,12,False,0,0.1631576628510054
19,12,reference_eigen,11.683692170587783,4.209002985561799,5.224594781434682,4.209002985561799,1.4650635421276093e-05,0.0006717033684253693,,1.7900019884109497e-06,inf,41.302453172054584,12,False,0,0.19245595388050424
19,13,reference_eigen,7.880000101280787,3.3796650126065595,4.008224006480335,3.3796650126065595,1.4360062777996063e-05,0.0006637740880250931,,1.4202669262886047e-06,inf,1.2473155365396082,12,False,0,0.12151839501488891
19,14,reference_eigen,7.299807482354651,3.065234463683626,3.3672452263443122,3.065234463683626,1.442059874534607e-05,0.0006677433848381042,,1.2302771210670471e-06,inf,7.360519773336517,12,False,0,0.11496117059350738
19,15,reference_eigen,6.718923316877881,3.104963580979738,3.4101271018455392,3.104963580979738,1.4060176908969879e-05,0.0006693731993436813,,1.0998919606208801e-06,inf,3.292333537535867,12,False,0,0.10330146309917851
19,0,rjd,7.42019116861031,4.6305185427028235,5.536362361190984,4.6305185427028235,3.612879663705826e-05,0.0007767332717776299,,1.8104910850524902e-06,inf,56.958773354893125,12,False,0,0.3976648335854768
19,1,rjd,239.8915091451803,40.60826944730269,49.984436074723384,40.60826944730269,1.7309561371803284e-05,0.0006747841835021973,,1.3299286365509033e-06,inf,108.71952620174149,12,False,0,0.3561067978922916
19,2,rjd,7.26486161270518,3.7259474686388723,4.643240681519092,3.7259474686388723,1.5409663319587708e-05,0.0006727827712893486,,1.169741153717041e-06,inf,44.702716769958926,12,False,0,0.3593117487417633
19,3,rjd,7.338533157800313,3.875159387112102,4.781775638347436,3.875159387112102,1.5029683709144592e-05,0.0006721038371324539,,1.2004747986793518e-06,inf,61.759507067241145,12,False,0,0.39431713219491915
19,4,rjd,7.518718277584245,4.177343040389393,5.076061297102738,4.177343040389393,1.4710240066051483e-05,0.0006634732708334923,,1.1799857020378113e-06,inf,60.464563223609105,12,False,0,0.4115961173383563
19,5,rjd,7.749157322013977,4.431643801705244,5.345421785361648,4.431643801705244,1.4170072972774506e-05,0.0006709527224302292,,1.0896474123001099e-06,inf,65.11633700069089,12,False,0,0.42543329414754066
19,6,rjd,7.920661219964798,3.9088366386071076,4.8636559311199035,3.9088366386071076,1.4630146324634552e-05,0.0006722444668412209,,1.0104849934577942e-06,inf,61.8550196140219,12,False,0,0.3912574566359565
19,7,rjd,7.92873996954075,3.7428009010233376,4.794706513085756,3.7428009010233376,1.4400109648704529e-05,0.0006619337946176529,,1.2004747986793518e-06,inf,58.06862993613372,12,False,0,0.4171022385483289
19,8,rjd,7.9607202630759675,3.750950921589175,4.95551685632989,3.750950921589175,1.4730729162693024e-05,0.0006683729588985443,,1.1101365089416504e-06,inf,69.60341052116466,12,False,0,0.3687145319105667
19,9,rjd,7.117197377893698,3.594388149379764,4.546150583944807,3.594388149379764,1.4499761164188385e-05,0.0006679045036435127,,1.0598450899124146e-06,inf,60.95896567170061,12,False,0,0.3816775630177
19,10,rjd,8.073983143753091,3.9683186449300454,5.146273468523288,3.9683186449300454,1.4499761164188385e-05,0.0006668837741017342,,1.019798219203949e-06,inf,69.1009800471573,12,False,0,0.44647617484196683
19,11,rjd,7.203480309447472,3.7206480017576036,4.702309996895466,3.7206480017576036,1.488998532295227e-05,0.0006665345281362534,,1.0794028639793396e-06,inf,45.879390320215734,12,False,0,0.3871447102179258
19,12,rjd,7.392156348699265,3.445620956126278,4.48472633520551,3.445620956126278,1.4409422874450684e-05,0.0006703333929181099,,1.2004747986793518e-06,inf,60.45808728983653,12,False,0,0.350117916819273
19,13,rjd,7.2077732830961425,3.842301171337634,4.72479211792425,3.842301171337634,1.3948418200016022e-05,0.0006683133542537689,,1.0998919606208801e-06,inf,62.73735368087149,12,False,0,0.38099454686944567
19,14,rjd,8.086253851187426,4.300052768566347,5.420347517296265,4.300052768566347,1.4009885489940643e-05,0.0006625326350331306,,1.1604279279708862e-06,inf,67.14756739402765,12,False,0,0.42632931391769324
19,15,rjd,7.253756588873637,4.125794846993678,4.959445115582483,4.125794846993678,1.4000572264194489e-05,0.0006929347291588783,,1.109205186367035e-06,inf,61.07713455121007,12,False,0,0.3991008908753955
20,0,identity,10.193664049868495,4.980986135592394,5.163614512097972,4.980986135592394,3.95188108086586e-05,0.0007689623162150383,,2.650544047355652e-06,inf,16.084690475714737,12,False,0,0.3295360868250272
20,1,identity,50.38398941189875,18.137201863343222,20.215996543828673,18.137201863343222,1.7070211470127106e-05,0.0006846338510513306,,1.3103708624839783e-06,inf,161.16158715229486,12,False,0,0.981927131292559
20,2,identity,16.33920143994123,7.499180132591517,7.809095376516922,7.499180132591517,1.5189871191978455e-05,0.0006830627098679543,,1.0794028639793396e-06,inf,13.08180633429005,12,False,0,0.48468886843545167
20,3,identity,15.815942705736052,7.3011067571178305,7.602736258989386,7.3011067571178305,1.5050172805786133e-05,0.0006784340366721153,,1.3494864106178284e-06,inf,19.768520156215565,12,False,0,0.4699207275954661
20,4,identity,14.515157993681482,6.793987782528665,7.07072082449956,6.793987782528665,1.4699995517730713e-05,0.0006972029805183411,,1.1995434761047363e-06,inf,13.803984925637153,12,False,0,0.41965612178159095
20,5,identity,13.248633115887609,6.283210267874057,6.533193847981862,6.283210267874057,1.530814915895462e-05,0.0006730137392878532,,1.0896474123001099e-06,inf,6.503082777777458,12,False,0,0.41172442940178966
20,6,identity,15.640030168001621,7.234953050163169,7.531683137404373,7.234953050163169,1.446995884180069e-05,0.0006760135293006897,,1.2004747986793518e-06,inf,30.582999125204747,12,False,0,0.47221913271020616
20,7,identity,19.225471779381262,8.562044343639055,8.9155108915205,8.562044343639055,1.411978155374527e-05,0.0006950628012418747,,1.2898817658424377e-06,inf,46.03649721368284,12,False,0,0.5311503123997092
20,8,identity,19.76776006626856,8.75611515564987,9.116847465872521,8.75611515564987,1.6489997506141663e-05,0.0006734440103173256,,1.3299286365509033e-06,inf,67.4953847153608,12,False,0,0.5697304504421958
20,9,identity,17.399489198964734,7.898577384224189,8.227568356120612,7.898577384224189,1.4860183000564575e-05,0.0006793439388275146,,1.6093254089355469e-06,inf,24.36939070540049,12,False,0,0.51898855767893
20,10,identity,18.841456592812236,8.424209196537518,8.772411986128668,8.424209196537518,1.450907438993454e-05,0.000673564150929451,,1.2293457984924316e-06,inf,48.83755010445876,12,False,0,0.544138771698572
20,11,identity,17.41956322388559,7.90379156738836,8.231139110176478,7.90379156738836,1.4409422874450684e-05,0.0006667729467153549,,1.5702098608016968e-06,inf,17.460157404351094,12,False,0,0.49567639860271334
20,12,identity,19.42752094102399,8.635248934066212,8.992651198138253,8.635248934066212,2.3259781301021576e-05,0.0006859330460429192,,1.2498348951339722e-06,inf,65.26778384268472,12,False,0,0.5650167808758654
20,13,identity,15.865580303793278,7.320005111500901,7.622544718556756,7.320005111500901,1.4550052583217621e-05,0.0006747841835021973,,1.3383105397224426e-06,inf,2.876206355757784,12,False,0,0.4557190910148242
20,14,identity,15.066815945522816,7.009177673723076,7.295314029843912,7.009177673723076,1.421850174665451e-05,0.0006728433072566986,,1.4901161193847656e-06,inf,16.45198461180677,12,False,0,0.4525502099883277
20,15,identity,13.628817464132654,6.440970967953907,6.700640648310183,6.440970967953907,1.4520250260829926e-05,0.0006658127531409264,,1.3904646039009094e-06,inf,0.6414351544440535,12,False,0,0.3975360436329779
20,0,reference_eigen,0.773758539269485,0.34144174308068337,0.44848941005964005,0.34144174308068337,3.7969090044498444e-05,0.0007508629932999611,,0.0019282111898064613,0.0033196901193984023,3.214582766368559e-14,12,True,0,0.022671441282553093
20,1,reference_eigen,818.4026815203805,41.13260968011208,56.39804457149382,41.13260968011208,1.746043562889099e-05,0.0006750626489520073,,1.319684088230133e-06,inf,161.82346736815515,12,False,0,0.514208372425832
20,2,reference_eigen,6.3710331073089135,2.622740608329082,3.689271925829424,2.622740608329082,1.486949622631073e-05,0.0006680833175778389,,1.2200325727462769e-06,inf,36.2858870553381,12,False,0,0.15842833349282343
20,3,reference_eigen,5.0576443318170154,1.6690352435539686,1.9744078180581024,1.6690352435539686,1.4279969036579132e-05,0.0006580939516425133,,1.239590346813202e-06,inf,24.254496480636835,12,False,0,0.1029926519334888
20,4,reference_eigen,3.9332867828954687,1.387639252057718,1.5855143655665231,1.387639252057718,1.4259479939937592e-05,0.0006636129692196846,,1.150183379650116e-06,inf,10.9263549895213,12,False,0,0.07372373586090168
20,5,reference_eigen,2.7761039783705312,0.9631765593336827,1.1101440443744814,0.9631765593336827,1.4039687812328339e-05,0.0006615240126848221,,0.0019033923745155334,39068.95507011609,4.839067431909931e-10,12,False,0,0.05502393154604004
20,6,reference_eigen,5.933711828247182,2.151036260520118,2.755511024919769,2.151036260520118,1.4029443264007568e-05,0.0006618127226829529,,1.4808028936386108e-06,inf,40.212769369717705,12,False,0,0.14343854431145295
20,7,reference_eigen,8.991759621748528,2.7700100900197855,3.4360950416244935,2.7700100900197855,1.3910233974456787e-05,0.0006664833053946495,,1.300126314163208e-06,inf,55.82190541504859,12,False,0,0.19324911590982366
20,8,reference_eigen,9.54369705175566,2.7747138880802154,3.446928822906473,2.7747138880802154,1.382920891046524e-05,0.0006592236459255219,,1.2898817658424377e-06,inf,34.155470077695966,12,False,0,0.16249026290231275
20,9,reference_eigen,6.977967590637668,2.348997709279596,2.903115506756232,2.348997709279596,1.413002610206604e-05,0.0006528031080961227,,1.0700896382331848e-06,inf,36.2785196440137,12,False,0,0.1510910977296347
20,10,reference_eigen,8.571610411810493,2.7025211710837813,3.2792292213350835,2.7025211710837813,1.3959594070911407e-05,0.000673023983836174,,1.080334186553955e-06,inf,35.30746230001009,12,False,0,0.15680847167547268
20,11,reference_eigen,7.026627590581468,2.6415078439317607,3.6360773770484154,2.6415078439317607,1.4298595488071442e-05,0.0006615836173295975,,1.1706724762916565e-06,inf,25.08355008422197,12,False,0,0.13457529370478075
20,12,reference_eigen,9.637580465343701,3.1521826316315518,3.9922546481816497,3.1521826316315518,1.3999640941619873e-05,0.0006543947383761406,,1.1902302503585815e-06,inf,47.01346220126723,12,False,0,0.17090785806980008
20,13,reference_eigen,5.327407040825532,1.9053537665541205,2.3991370319768732,1.9053537665541205,1.4028511941432953e-05,0.0006649941205978394,,1.1194497346878052e-06,inf,4.586770430346198,12,False,0,0.09134114909921572
20,14,reference_eigen,4.264876017874996,1.421593694966094,1.6556999520073592,1.421593694966094,1.413002610206604e-05,0.0006612427532672882,,1.039355993270874e-06,inf,7.476763293213567,12,False,0,0.08061189790501043
20,15,reference_eigen,3.5268971572606884,1.2858497690513329,1.534422796257296,1.2858497690513329,1.4049932360649109e-05,0.0006540240719914436,,1.280568540096283e-06,inf,3.1377939181841743,12,False,0,0.06307442449561111
20,0,rjd,5.693243148139875,3.1992199552936,3.801103790583781,3.1992199552936,3.67090106010437e-05,0.000776093453168869,,1.9203871488571167e-06,inf,52.828361825789116,12,False,0,0.3751213254187486
20,1,rjd,239.8915091451803,40.60826944730269,49.984436074723384,40.60826944730269,1.7199665307998657e-05,0.0006809737533330917,,1.300126314163208e-06,inf,150.42902596590756,12,False,0,0.4159367265285445
20,2,rjd,5.503435777778831,2.680991068752852,3.350241703957085,2.680991068752852,1.535937190055847e-05,0.0006628530099987984,,1.9399449229240417e-06,inf,37.16764762268686,12,False,0,0.3793705713616072
20,3,rjd,5.591007143683694,2.829653715601049,3.430558136177067,2.829653715601049,1.4710240066051483e-05,0.0006710635498166084,,1.4202669262886047e-06,inf,49.840246422193786,12,False,0,0.36869517053329187
20,4,rjd,5.790327514101507,3.0490997061617406,3.650911406984477,3.0490997061617406,1.444946974515915e-05,0.0006647733971476555,,1.4798715710639954e-06,inf,43.23815524940764,12,False,0,0.3630022426577005
20,5,rjd,6.0583710340909125,3.261826453644922,3.8586550666203254,3.261826453644922,1.4210119843482971e-05,0.0006610630080103874,,1.4007091522216797e-06,inf,52.90149606309014,12,False,0,0.35759252651778206
20,6,rjd,6.094635108585386,2.883176817289632,3.5192584139131573,2.883176817289632,1.4609657227993011e-05,0.0006676940247416496,,1.4705583453178406e-06,inf,42.67055881159123,12,False,0,0.4103295912452877
20,7,rjd,6.247568950342412,2.8998125251808005,3.5330489623081847,2.8998125251808005,1.4380551874637604e-05,0.0006668129935860634,,1.369975507259369e-06,inf,30.310979174770736,12,False,0,0.4174107490473444
20,8,rjd,6.2561132976016935,2.951170725893634,3.510084078807,2.951170725893634,1.4349818229675293e-05,0.000687803141772747,,1.239590346813202e-06,inf,68.76878480413792,12,False,0,0.31046874506902766
20,9,rjd,5.333549927138033,2.6263043300931175,3.188935760597979,2.6263043300931175,2.275034785270691e-05,0.0006681028753519058,,1.2908130884170532e-06,inf,55.064828187034806,12,False,0,0.3550459265638201
20,10,rjd,6.437024075016685,3.1421511126997035,3.7532010118582186,3.1421511126997035,1.4229677617549896e-05,0.0006637144833803177,,1.1492520570755005e-06,inf,63.26726939511159,12,False,0,0.3637865368235109
20,11,rjd,5.493953424600895,2.7291829657027025,3.4330259353329096,2.7291829657027025,1.4590099453926086e-05,0.0006584236398339272,,1.300126314163208e-06,inf,51.39887097180413,12,False,0,0.36954563401353063
20,12,rjd,5.6185359755970214,2.5937345093511888,3.1523077976224068,2.5937345093511888,1.4500692486763e-05,0.0006716437637805939,,1.3401731848716736e-06,inf,69.94238096212484,12,False,0,0.34094628317717546
20,13,rjd,5.46908485945264,2.7725947612089326,3.3565434689841123,2.7725947612089326,1.4089047908782959e-05,0.0006659934297204018,,1.6596168279647827e-06,inf,58.39073798992611,12,False,0,0.3607802465093549
20,14,rjd,6.374657230086143,3.2452671972237543,3.820332827523085,3.2452671972237543,1.3920478522777557e-05,0.0006874632090330124,,1.389533281326294e-06,inf,59.82795620482327,12,False,0,0.35241378839801624
20,15,rjd,5.5312339237779895,2.9480281711102165,3.5171975084466034,2.9480281711102165,1.516006886959076e-05,0.001161457970738411,,1.5599653124809265e-06,inf,58.17411092418132,12,False,0,0.3742801091794135
21,0,identity,10.186813018408607,4.97841450856202,5.161564360671074,4.97841450856202,4.289019852876663e-05,0.0010923389345407486,,2.670101821422577e-06,inf,22.332302028261672,12,False,0,0.32946668063730283
21,1,identity,50.38398941189875,18.137201863343222,20.215996543828673,18.137201863343222,2.2230669856071472e-05,0.0010458100587129593,,1.2498348951339722e-06,inf,205.8171835573661,12,False,0,0.9961207767486214
21,2,identity,16.334916691617188,7.4983663213324965,7.809566688497593,7.4983663213324965,2.021901309490204e-05,0.0010036909952759743,,1.3299286365509033e-06,inf,82.7987505310621,12,False,0,0.4938771302082541
21,3,identity,15.807587941373141,7.298306220986237,7.600441283284242,7.298306220986237,1.9748695194721222e-05,0.0010095909237861633,,1.4500692486763e-06,inf,72.9744648255933,12,False,0,0.47658162399182163
21,4,identity,14.507796958970802,6.790657666396496,7.067781522040862,6.790657666396496,2.0149163901805878e-05,0.0007630530744791031,,1.4901161193847656e-06,inf,49.81209364258319,12,False,0,0.42508021792393247
21,5,identity,13.238559555116868,6.279636064038193,6.529825595344645,6.279636064038193,1.566018909215927e-05,0.0007204031571745872,,1.300126314163208e-06,inf,53.64787097047631,12,False,0,0.4108526048945375
21,6,identity,15.63384765390413,7.231392373725437,7.529625128358809,7.231392373725437,1.5089288353919983e-05,0.0008249916136264801,,1.389533281326294e-06,inf,76.13096669722812,12,False,0,0.4842617255909173
21,7,identity,19.216573093382532,8.56006414719003,8.91506635434072,8.56006414719003,1.920945942401886e-05,0.0009984606876969337,,1.1511147022247314e-06,inf,110.43792162340239,12,False,0,0.5564146468871316
21,8,identity,19.751189307720463,8.750447868766315,9.111445945067095,8.750447868766315,1.9249506294727325e-05,0.0009981710463762283,,1.3299286365509033e-06,inf,120.65396236427563,12,False,0,0.573243991662678
21,9,identity,17.39449160741543,7.896903931667221,8.226196331923884,7.896903931667221,1.9478611648082733e-05,0.0009941617026925087,,1.280568540096283e-06,inf,76.19703739904725,12,False,0,0.5230428231584214
21,10,identity,18.82432500471349,8.419799592482633,8.768747854387728,8.419799592482633,1.9089318811893463e-05,0.0009937305003404617,,1.2703239917755127e-06,inf,123.3871299799953,12,False,0,0.5415698185337241
21,11,identity,17.414248194845005,7.902423035574812,8.230276337185177,7.902423035574812,1.8970109522342682e-05,0.0009963400661945343,,1.2004747986793518e-06,inf,67.89125274959736,12,False,0,0.4947452342796209
21,12,identity,19.411422712070507,8.629785401278081,8.987454445908778,8.629785401278081,1.9120052456855774e-05,0.0009925095364451408,,1.2097880244255066e-06,inf,128.10807754294535,12,False,0,0.5682709017210865
21,13,identity,15.859737681651938,7.318070033331716,7.621163556794631,7.318070033331716,1.8870458006858826e-05,0.00099268089979887,,1.5487894415855408e-06,inf,63.59065357500842,12,False,0,0.45789215110050396
21,14,identity,15.057174353545712,7.006559360172217,7.293295782461339,7.006559360172217,1.891050487756729e-05,0.001007051207125187,,1.3206154108047485e-06,inf,73.96664116196933,12,False,0,0.4587891224658577
21,15,identity,13.617667423188786,6.436664466351987,6.696890190455125,6.436664466351987,1.9009225070476532e-05,0.0009949607774615288,,1.1604279279708862e-06,inf,46.27670245936948,12,False,0,0.406126185739082
21,0,reference_eigen,0.7750862000419042,0.3410874390576555,0.44830475576179607,0.3410874390576555,3.7600286304950714e-05,0.0007721921429038048,,0.002058379352092743,0.0032117321382805933,9.739040690143339e-14,12,True,0,0.021457945522473137
21,1,reference_eigen,818.4026815203805,41.13260968011208,56.39804457149382,41.13260968011208,1.7610378563404083e-05,0.0007000528275966644,,1.5310943126678467e-06,inf,208.52340674158768,12,False,0,0.5394568197503727
21,2,reference_eigen,6.369437850380666,2.6209746994209406,3.6856836088178326,2.6209746994209406,1.5470199286937714e-05,0.0006720228120684624,,1.3103708624839783e-06,inf,35.429045079006244,12,False,0,0.15601344388158567
21,3,reference_eigen,5.054708944689315,1.669622802667563,1.9756152276947758,1.669622802667563,1.4919787645339966e-05,0.0006747441366314888,,1.519918441772461e-06,inf,27.798888260727665,12,False,0,0.10276322528103227
21,4,reference_eigen,3.928724235678137,1.3875942878311394,1.583180672500288,1.3875942878311394,1.4839693903923035e-05,0.0006735837087035179,,1.3494864106178284e-06,inf,14.43773134641372,12,False,0,0.07102883924775234
21,5,reference_eigen,2.7734846805049775,0.9621249637797119,1.1083992961785198,0.9621249637797119,1.4630146324634552e-05,0.0006674826145172119,,0.0018869023770093918,37238.58002348042,4.530384841487179e-10,12,False,0,0.055335873064161656
21,6,reference_eigen,5.9221342432274,2.150764848941852,2.756018421974601,2.150764848941852,1.4239922165870667e-05,0.0006712339818477631,,1.519918441772461e-06,inf,38.9146066300511,12,False,0,0.1382734276726413
21,7,reference_eigen,8.969094473532396,2.7687974356720413,3.4336331364449686,2.7687974356720413,1.4360062777996063e-05,0.0006702439859509468,,1.2302771210670471e-06,inf,55.570142337190255,12,False,0,0.18171776134698464
21,8,reference_eigen,9.514407669313496,2.7748332774486473,3.447773180161513,2.7748332774486473,1.4600344002246857e-05,0.0006596827879548073,,1.169741153717041e-06,inf,32.94095263940524,12,False,0,0.1698429850955911
21,9,reference_eigen,6.974819108135134,2.34953811764364,2.9039437307892326,2.34953811764364,1.4009885489940643e-05,0.0006678840145468712,,1.0896474123001099e-06,inf,37.676215611804025,12,False,0,0.14904034101437452
21,10,reference_eigen,8.56490043886591,2.702599120117197,3.2792894650625817,2.702599120117197,1.4310702681541443e-05,0.0006692027673125267,,1.280568540096283e-06,inf,31.574363534618552,12,False,0,0.1553095242929492
21,11,reference_eigen,7.023771206006275,2.641108614143586,3.6354739519555497,2.641108614143586,1.3980083167552948e-05,0.0006661536172032356,,1.2498348951339722e-06,inf,33.00141731835895,12,False,0,0.13638508685247222
21,12,reference_eigen,9.634349285946453,3.1541632499328194,3.993025930998857,3.1541632499328194,1.4499761164188385e-05,0.0006610536947846413,,1.580454409122467e-06,inf,48.77388772681761,12,False,0,0.18347580324222817
21,13,reference_eigen,5.323787965637445,1.9052944270098178,2.3996015816523406,1.9052944270098178,1.448020339012146e-05,0.0006708744913339615,,1.7294660210609436e-06,inf,6.96015385398862,12,False,0,0.09115957685476976
21,14,reference_eigen,4.261622732992577,1.422661339460549,1.6574325412322908,1.422661339460549,1.418963074684143e-05,0.0006686430424451828,,1.5795230865478516e-06,inf,5.5979546307893555,12,False,0,0.08065880883090774
21,15,reference_eigen,3.5258428710725824,1.286004498517517,1.5355748391850372,1.286004498517517,1.370999962091446e-05,0.0006612939760088921,,1.4603137969970703e-06,inf,2.6334460021940735,12,False,0,0.0614445905902704
21,0,rjd,5.686427555635232,3.194617871622929,3.7952436609850553,3.194617871622929,3.734976053237915e-05,0.0007739625871181488,,1.8598511815071106e-06,inf,46.2672456129371,12,False,0,0.35344831081582156
21,1,rjd,239.8915091451803,40.60826944730269,49.984436074723384,40.60826944730269,1.7239712178707123e-05,0.0006804922595620155,,1.210719347000122e-06,inf,187.3409770202749,12,False,0,0.45763457138650254
21,2,rjd,5.499559921031082,2.6787329099926045,3.3469694983519,2.6787329099926045,1.5469267964363098e-05,0.0006629936397075653,,1.1799857020378113e-06,inf,39.286358674267234,12,False,0,0.3333340867902893
21,3,rjd,5.581234208162873,2.8254356946776986,3.4257637269613523,2.8254356946776986,1.4779157936573029e-05,0.0006679045036435127,,1.0691583156585693e-06,inf,41.63474088043951,12,False,0,0.3482137834522509
21,4,rjd,5.781852282893208,3.044164564641878,3.6455509915913353,3.044164564641878,1.4279969036579132e-05,0.0006654029712080956,,1.3206154108047485e-06,inf,39.39468998689556,12,False,0,0.34555899514422767
21,5,rjd,6.045226288030986,3.2547501926438995,3.850442535524845,3.2547501926438995,1.484062522649765e-05,0.0006619933992624283,,1.239590346813202e-06,inf,44.81286075526739,12,False,0,0.3557166242539183
21,6,rjd,6.084414959372458,2.8775111989091675,3.5137446287669265,2.8775111989091675,1.4348886907100677e-05,0.000666443258523941,,1.3113021850585938e-06,inf,41.133160450525196,12,False,0,0.36519256714061993
21,7,rjd,6.242180927065341,2.896704420251047,3.5311792340844144,2.896704420251047,1.4139339327812195e-05,0.0006665326654911041,,1.0896474123001099e-06,inf,26.454924502985026,12,False,0,0.35545592377855045
21,8,rjd,6.235439671756724,2.9421633461350956,3.501733166200424,2.9421633461350956,1.4569610357284546e-05,0.000659523531794548,,1.3597309589385986e-06,inf,64.61148186497465,12,False,0,0.3048838241419807
21,9,rjd,5.327250768748181,2.623705395357618,3.1862104631838246,2.623705395357618,1.4078803360462189e-05,0.0006641736254096031,,1.2200325727462769e-06,inf,48.49423445654482,12,False,0,0.33474646164321836
21,10,rjd,6.424504553525182,3.1366629752983264,3.7457426490317736,3.1366629752983264,1.4389865100383759e-05,0.0006620641797780991,,1.2004747986793518e-06,inf,56.35766458035526,12,False,0,0.3690629366660148
21,11,rjd,5.4912103485947,2.726499489554265,3.4291089603481337,2.726499489554265,1.414865255355835e-05,0.0006645042449235916,,1.3606622815132141e-06,inf,40.46910180538589,12,False,0,0.36202416489119554
21,12,rjd,5.596412076863503,2.585310614529745,3.142463642568662,2.585310614529745,1.4320015907287598e-05,0.0006638830527663231,,1.3094395399093628e-06,inf,61.214296447306836,12,False,0,0.3321927427857016
21,13,rjd,5.465722095166483,2.77039808216938,3.353853780293044,2.77039808216938,1.3880431652069092e-05,0.000671854242682457,,1.4100223779678345e-06,inf,57.420897395993435,12,False,0,0.34320036701393125
21,14,rjd,6.364953567466081,3.2416522629079685,3.8169847397187384,3.2416522629079685,1.4330260455608368e-05,0.0006625941023230553,,1.4500692486763e-06,inf,53.484490711380204,12,False,0,0.3352738758692719
21,15,rjd,5.517543521751522,2.94228683325342,3.5108111181362696,2.94228683325342,1.4720484614372253e-05,0.0006544124335050583,,1.6093254089355469e-06,inf,56.10491821119164,12,False,0,0.34023946056336535
22,0,identity,10.194475396000852,4.9814723005590915,5.164134344907824,4.9814723005590915,3.63597646355629e-05,0.0007701627910137177,,2.650544047355652e-06,inf,29.14449373056874,12,False,0,0.31047290654470655
22,1,identity,50.38398941189875,18.137201863343222,20.215996543828673,18.137201863343222,1.734960824251175e-05,0.0006899125874042511,,1.0700896382331848e-06,inf,230.2361331243158,12,False,0,0.9664883088506239
22,2,identity,16.332650833820207,7.496630199383783,7.8064098077595965,7.496630199383783,1.5259720385074615e-05,0.0006829435005784035,,1.389533281326294e-06,inf,92.25124299253024,12,False,0,0.48141264816424023
22,3,identity,15.819038400251555,7.302276653389443,7.603961021307302,7.302276653389443,1.5109777450561523e-05,0.0006722426041960716,,1.0691583156585693e-06,inf,75.58193781667919,12,False,0,0.45808442375886765
22,4,identity,14.513210310395861,6.793279486401447,7.070008311722052,6.793279486401447,1.4970079064369202e-05,0.0006806040182709694,,1.150183379650116e-06,inf,64.0012524634415,12,False,0,0.4090661915721016
22,5,identity,13.255140094950411,6.285944057111657,6.5360656738830105,6.285944057111657,1.4590099453926086e-05,0.0006750235334038734,,1.0598450899124146e-06,inf,58.754692656736424,12,False,0,0.3796518136364159
22,6,identity,15.637527486839241,7.232927440296201,7.530599099097486,7.232927440296201,1.4399178326129913e-05,0.000663132406771183,,1.0505318641662598e-06,inf,81.44306079539126,12,False,0,0.46918001559251127
22,7,identity,19.22139178664232,8.560644897792335,8.914015178427865,8.560644897792335,2.0570121705532074e-05,0.000666583888232708,,1.1399388313293457e-06,inf,110.87584372681187,12,False,0,0.5221907651708411
22,8,identity,19.78556006255686,8.76233506365872,9.123296645857009,8.76233506365872,1.4560297131538391e-05,0.000675104558467865,,1.080334186553955e-06,inf,129.96157946002825,12,False,0,0.5447612764863745
22,9,identity,17.40196673550668,7.899427418807354,8.228462539175284,7.899427418807354,1.4400109648704529e-05,0.0006730137392878532,,1.0794028639793396e-06,inf,78.99881956514088,12,False,0,0.5141579260608122
22,10,identity,18.858010933596752,8.430162046466664,8.778544128280672,8.430162046466664,1.4400109648704529e-05,0.0006620930507779121,,1.0691583156585693e-06,inf,98.19496012378586,12,False,0,0.5134745531445546
22,11,identity,17.417687328609716,7.903045769226159,8.230346575818677,7.903045769226159,1.4709308743476868e-05,0.0006722444668412209,,1.0505318641662598e-06,inf,81.49974599299766,12,False,0,0.4878527197735603
22,12,identity,19.444427642324957,8.641256015356404,8.99888603775483,8.641256015356404,1.4718621969223022e-05,0.0006737923249602318,,1.1296942830085754e-06,inf,109.41176163141634,12,False,0,0.5529120436253968
22,13,identity,15.865753813539039,7.319959841674375,7.6225009559095565,7.319959841674375,2.4349428713321686e-05,0.0006662234663963318,,1.1101365089416504e-06,inf,66.96883238316371,12,False,0,0.4424637578444322
22,14,identity,15.07574889344684,7.012680528849722,7.298955539137538,7.012680528849722,1.4499761164188385e-05,0.0006727138534188271,,1.148320734500885e-06,inf,76.65949944033477,12,False,0,0.42692106109264477
22,15,identity,13.632742508108826,6.442658119506936,6.702442099438565,6.442658119506936,1.4428980648517609e-05,0.0006695641204714775,,1.189298927783966e-06,inf,44.7417479880089,12,False,0,0.3904263399659386
22,0,reference_eigen,0.7753963711191072,0.34167262748540767,0.4484961277486731,0.34167262748540767,3.5120174288749695e-05,0.000781581737101078,,0.0020986897870898247,0.0029805230358896824,2.874942174138602e-14,12,True,0,0.020074620942634805
22,1,reference_eigen,818.4026815203805,41.13260968011208,56.39804457149382,41.13260968011208,1.6889534890651703e-05,0.0006861928850412369,,1.3597309589385986e-06,inf,232.54806934897522,12,False,0,0.5658500428803002
22,2,reference_eigen,6.368641067780096,2.620343694785106,3.6855325692524175,2.620343694785106,1.5280209481716156e-05,0.0006710430607199669,,1.2703239917755127e-06,inf,33.022916954222296,12,False,0,0.1650629040185811
22,3,reference_eigen,5.060315413319591,1.669458550820628,1.9727647618833886,1.669458550820628,1.4729797840118408e-05,0.0006758728995919228,,1.0998919606208801e-06,inf,24.485277898807695,12,False,0,0.11165061311625563
22,4,reference_eigen,3.93506594655827,1.3878007667301357,1.586314208241093,1.3878007667301357,1.4680437743663788e-05,0.0006764838472008705,,1.3904646039009094e-06,inf,15.116307077602677,12,False,0,0.07221844923239845
22,5,reference_eigen,2.783118944366565,0.9638928224831788,1.1123168800849104,0.9638928224831788,1.4688819646835327e-05,0.000673443078994751,,0.0018996316939592361,36249.16605176478,1.493494954577267e-10,12,False,0,0.056310942168596924
22,6,reference_eigen,5.933567978286084,2.1501530180510446,2.7535553089791334,2.1501530180510446,1.4710240066051483e-05,0.0006658844649791718,,1.5897676348686218e-06,inf,34.79648035088414,12,False,0,0.15339127847585174
22,7,reference_eigen,8.990089296178867,2.7681950055592934,3.43041388686306,2.7681950055592934,1.4550052583217621e-05,0.0006778240203857422,,1.1594966053962708e-06,inf,55.64936605343076,12,False,0,0.19294724293854423
22,8,reference_eigen,9.54905136574668,2.7782019855652194,3.457010577190073,2.7782019855652194,1.4599412679672241e-05,0.0006697028875350952,,1.2498348951339722e-06,inf,30.18484178004185,12,False,0,0.18679158850800667
22,9,reference_eigen,6.97877813112065,2.3486967809889885,2.9014019287621955,2.3486967809889885,1.4360062777996063e-05,0.0006640525534749031,,1.2200325727462769e-06,inf,32.59883376660037,12,False,0,0.1592275071054228
22,10,reference_eigen,8.574985949742718,2.704465377134306,3.2843581541036437,2.704465377134306,2.9520131647586823e-05,0.0006793634966015816,,1.1799857020378113e-06,inf,27.343070150805303,12,False,0,0.16568808834398027
22,11,reference_eigen,7.025127192962011,2.6399821589009647,3.6334748260925016,2.6399821589009647,1.488998532295227e-05,0.0006743641570210457,,1.1604279279708862e-06,inf,30.063959755588545,12,False,0,0.15235950479373128
22,12,reference_eigen,9.64042120869609,3.154445725838605,3.989373511700632,3.154445725838605,1.443084329366684e-05,0.0006631137803196907,,1.1399388313293457e-06,inf,38.09432791520324,12,False,0,0.20844797806320478
22,13,reference_eigen,5.328104972301259,1.904913258880435,2.397635349445219,1.904913258880435,1.418963074684143e-05,0.0006703631952404976,,1.2507662177085876e-06,inf,7.518616983948762,12,False,0,0.10005461659126771
22,14,reference_eigen,4.271877800245512,1.4221279953995074,1.6565953369134574,1.4221279953995074,1.445971429347992e-05,0.0006709136068820953,,1.1296942830085754e-06,inf,6.839206155176772,12,False,0,0.08184339881138941
22,15,reference_eigen,3.5287752787434177,1.2847768102109063,1.531880628171663,1.2847768102109063,1.4379620552062988e-05,0.0006654635071754456,,1.150183379650116e-06,inf,0.7538304122483792,12,False,0,0.06815078820684552
22,0,rjd,5.680317953412334,3.193643094287879,3.7944582803773104,3.193643094287879,4.2069703340530396e-05,0.0007470427080988884,,1.9492581486701965e-06,inf,45.13085442742157,12,False,0,0.33001108517681566
22,1,rjd,239.8915091451803,40.60826944730269,49.984436074723384,40.60826944730269,1.7589889466762543e-05,0.0006866129115223885,,1.1799857020378113e-06,inf,213.9807663974582,12,False,0,0.5131414417957173
22,2,rjd,5.500047665778362,2.678662913427721,3.3470125790607894,2.678662913427721,1.5430152416229248e-05,0.0006943242624402046,,1.0598450899124146e-06,inf,35.699244415604205,12,False,0,0.29089414724603313
22,3,rjd,5.582845151303328,2.8257010009088392,3.425039598914564,2.8257010009088392,1.488998532295227e-05,0.0006670542061328888,,1.1799857020378113e-06,inf,41.369166190187414,12,False,0,0.32332424479405936
22,4,rjd,5.783901039415886,3.045783244394369,3.646832326792549,3.045783244394369,1.4760531485080719e-05,0.0006806133314967155,,1.2600794434547424e-06,inf,39.673687717060936,12,False,0,0.3178394157784342
22,5,rjd,6.049164557702682,3.25701478550613,3.85194340550315,3.25701478550613,1.4790333807468414e-05,0.0006731040775775909,,1.0496005415916443e-06,inf,44.83744677468948,12,False,0,0.3612751885674834
22,6,rjd,6.0862858286269965,2.878377288736563,3.513175147985497,2.878377288736563,1.4670193195343018e-05,0.000661834143102169,,1.2889504432678223e-06,inf,38.023457184195365,12,False,0,0.3392676777683848
22,7,rjd,6.225020206860006,2.8938349034955277,3.526644784099038,2.8938349034955277,1.9990839064121246e-05,0.0006736135110259056,,1.1995434761047363e-06,inf,27.012637761176965,12,False,0,0.34353615170278606
22,8,rjd,6.227410575551566,2.94386509961142,3.502382655842979,2.94386509961142,1.4740042388439178e-05,0.0006702635437250137,,1.1799857020378113e-06,inf,50.51559739213393,12,False,0,0.309957730239515
22,9,rjd,5.3281958254808375,2.6238230068174078,3.1855676884328226,2.6238230068174078,1.4360062777996063e-05,0.0006864434108138084,,1.109205186367035e-06,inf,46.7828865439705,12,False,0,0.2998567266365013
22,10,rjd,6.423272265296271,3.136910126956587,3.743495462934541,3.136910126956587,1.4719553291797638e-05,0.0006629740819334984,,1.1101365089416504e-06,inf,51.515089369370884,12,False,0,0.38706120545185263
22,11,rjd,5.492768895512768,2.728506079837566,3.4320733017868923,2.728506079837566,1.4390796422958374e-05,0.0006677936762571335,,1.1594966053962708e-06,inf,43.74374035320447,12,False,0,0.3198455952775633
22,12,rjd,5.598013348410103,2.5860841755150425,3.14309227929201,2.5860841755150425,1.4710240066051483e-05,0.0006682844832539558,,1.0300427675247192e-06,inf,54.20863824646652,12,False,0,0.302281443366721
22,13,rjd,5.4624420808232,2.7699930353742035,3.3530050048250284,2.7699930353742035,1.4668330550193787e-05,0.0006601745262742043,,1.0598450899124146e-06,inf,51.025711294996256,12,False,0,0.30575056354941604
22,14,rjd,6.355904646468262,3.241069906225321,3.8155640965235498,3.241069906225321,1.4060176908969879e-05,0.000666043721139431,,1.06077641248703e-06,inf,45.907853754312576,12,False,0,0.35340998900959614
22,15,rjd,5.510178117969641,2.9409359093266607,3.5093968898355197,2.9409359093266607,1.4650635421276093e-05,0.0006703035905957222,,1.109205186367035e-06,inf,51.509642236597166,12,False,0,0.31859955215003594
23,0,identity,10.186808064156061,4.978152928450384,5.160631069937066,4.978152928450384,4.3939799070358276e-05,0.0011194990947842598,,2.6905909180641174e-06,inf,53.06552017442596,12,False,0,0.28569739553598683
23,1,identity,50.38398941189875,18.137201863343222,20.215996543828673,18.137201863343222,2.245977520942688e-05,0.0010447502136230469,,1.019798219203949e-06,inf,203.05997491700194,12,False,0,0.9793672028481127
23,2,identity,16.335146847867957,7.4974749260829405,7.807337639881759,7.4974749260829405,2.0898878574371338e-05,0.0010187700390815735,,1.0691583156585693e-06,inf,114.75652842094519,12,False,0,0.47477174392938876
23,3,identity,15.807494638910013,7.297982236101349,7.599459197074834,7.297982236101349,1.9390136003494263e-05,0.0010123103857040405,,1.1203810572624207e-06,inf,109.97710893779782,12,False,0,0.43491905859886204
23,4,identity,14.507827321487516,6.79143000761276,7.06799120958014,6.79143000761276,1.995079219341278e-05,0.001008470542728901,,1.1101365089416504e-06,inf,86.60746121535703,12,False,0,0.3736628571557992
23,5,identity,13.238378416996914,6.279377495930528,6.529157124446327,6.279377495930528,1.9379891455173492e-05,0.0010072104632854462,,1.2507662177085876e-06,inf,86.63463695080964,12,False,0,0.3451883091756621
23,6,identity,15.63378222507427,7.2318363873914855,7.529109101781672,7.2318363873914855,1.9449740648269653e-05,0.001009020023047924,,1.0402873158454895e-06,inf,115.96212282593595,12,False,0,0.453616892873098
23,7,identity,19.216098397690246,8.55864553003714,8.912008076682344,8.55864553003714,1.9420869648456573e-05,0.001004769466817379,,1.0998919606208801e-06,inf,157.1958282184192,12,False,0,0.5121286708268911
23,8,identity,19.750972265517685,8.750047326639534,9.11062886632388,8.750047326639534,1.909025013446808e-05,0.0010017799213528633,,1.1902302503585815e-06,inf,183.68412955730219,12,False,0,0.5238109337379036
23,9,identity,17.394307270337166,7.89666675531874,8.225581387040037,7.89666675531874,1.883041113615036e-05,0.0010001901537179947,,1.0598450899124146e-06,inf,106.76251679454089,12,False,0,0.4934892061529255
23,10,identity,18.82409107397653,8.41807145596175,8.766048989079401,8.41807145596175,1.89291313290596e-05,0.0010025203227996826,,1.0300427675247192e-06,inf,137.84790607694967,12,False,0,0.4773501940687165
23,11,identity,17.414029622526908,7.9020522220983,8.229267420112425,7.9020522220983,1.9010156393051147e-05,0.000998120754957199,,1.1902302503585815e-06,inf,100.7682718241752,12,False,0,0.47353034395403654
23,12,identity,19.411214598632263,8.629386420130606,8.986625132048642,8.629386420130606,1.9020400941371918e-05,0.0010015210136771202,,1.1511147022247314e-06,inf,160.2704327150813,12,False,0,0.5349874170562485
23,13,identity,15.859588058782762,7.317728011270276,7.620155727108327,7.317728011270276,1.919921487569809e-05,0.0010019810870289803,,1.191161572933197e-06,inf,100.09458206374478,12,False,0,0.4272480293998453
23,14,identity,15.0566027009758,7.005155019826517,7.291138180302867,7.005155019826517,2.5840476155281067e-05,0.0010023098438978195,,1.1902302503585815e-06,inf,113.89340556541319,12,False,0,0.3968132901893155
23,15,identity,13.617663777011382,6.436653070168726,6.696119822676698,6.436653070168726,1.9690021872520447e-05,0.0010008513927459717,,1.2498348951339722e-06,inf,79.05103210864011,12,False,0,0.36345537190446636
23,0,reference_eigen,0.7749418867857106,0.34207979814955547,0.44967070529699993,0.34207979814955547,4.1289255023002625e-05,0.001093849539756775,,0.002062130719423294,0.002991546172328489,2.682609042822256e-13,12,True,0,0.019938525890977204
23,1,reference_eigen,818.4026815203805,41.13260968011208,56.39804457149382,41.13260968011208,2.1270476281642914e-05,0.0006984630599617958,,1.4193356037139893e-06,inf,204.52109208214043,12,False,0,0.5625194473337212
23,2,reference_eigen,6.368744808511989,2.6183582678683934,3.682477886465095,2.6183582678683934,1.522991806268692e-05,0.0006728526204824448,,1.4193356037139893e-06,inf,36.49086819775658,12,False,0,0.18633916273172105
23,3,reference_eigen,5.0578540266111895,1.6681227034379904,1.972539259371769,1.6681227034379904,1.4579854905605316e-05,0.0006705122068524361,,1.0402873158454895e-06,inf,25.693505491954035,12,False,0,0.12153641354191223
23,4,reference_eigen,3.9334222824541456,1.3864253618332578,1.5849855445965206,1.3864253618332578,1.4499761164188385e-05,0.0006603337824344635,,1.2489035725593567e-06,inf,11.851428312611304,12,False,0,0.07397791415206827
23,5,reference_eigen,2.7779835080780573,0.963041378674548,1.1110569901526535,0.963041378674548,1.4410354197025299e-05,0.0006659133359789848,,0.001865391619503498,35068.85472028605,7.23379709599465e-11,12,False,0,0.056110268480579276
23,6,reference_eigen,5.932585093384107,2.1477168574425125,2.751062027621008,2.1477168574425125,1.4240853488445282e-05,0.0006660735234618187,,1.2693926692008972e-06,inf,39.498405357463575,12,False,0,0.17195846712137045
23,7,reference_eigen,8.989874563983259,2.7644697525146835,3.4259526935951197,2.7644697525146835,1.4180317521095276e-05,0.0006597535684704781,,1.2097880244255066e-06,inf,63.66354724572613,12,False,0,0.20420291040336544
23,8,reference_eigen,9.539877788503675,2.7746823077266094,3.449485448955957,2.7746823077266094,1.4199875295162201e-05,0.0006659030914306641,,1.1995434761047363e-06,inf,44.329457703450814,12,False,0,0.18780645286377404
23,9,reference_eigen,6.976978641666075,2.3479841288084558,2.901624082656612,2.3479841288084558,1.4100223779678345e-05,0.0006696740165352821,,1.1995434761047363e-06,inf,33.557011770622815,12,False,0,0.17279895150863664
23,10,reference_eigen,8.568431275208942,2.70257241175504,3.2797985977778863,2.70257241175504,1.4029443264007568e-05,0.0006568441167473793,,1.169741153717041e-06,inf,33.76456714769988,12,False,0,0.17255903155106664
23,11,reference_eigen,7.02642579865427,2.640212567189964,3.634004946136516,2.640212567189964,1.409929245710373e-05,0.00066327303647995,,1.150183379650116e-06,inf,24.270902433185785,12,False,0,0.17979872201862607
23,12,reference_eigen,9.63353547132671,3.1518515478003275,3.9906545201279973,3.1518515478003275,1.41095370054245e-05,0.0006649736315011978,,1.1296942830085754e-06,inf,48.525454545712265,12,False,0,0.23695728173244354
23,13,reference_eigen,5.327139380377861,1.9039714767225626,2.3969373188831087,1.9039714767225626,1.4039687812328339e-05,0.0006589433178305626,,1.3401731848716736e-06,inf,7.13949760615435,12,False,0,0.11724830951088289
23,14,reference_eigen,4.265548749196671,1.421395894086805,1.656336662414741,1.421395894086805,1.4279969036579132e-05,0.0006643040105700493,,1.169741153717041e-06,inf,11.950036266424876,12,False,0,0.07829833144058988
23,15,reference_eigen,3.525446805227129,1.2842151774728572,1.5327528770968244,1.2842151774728572,1.420825719833374e-05,0.0006682146340608597,,1.4007091522216797e-06,inf,0.624896741950874,12,False,0,0.07140611082016833
23,0,rjd,5.689294972558001,3.1969009671375694,3.79882749612653,3.1969009671375694,3.5449862480163574e-05,0.0007679834961891174,,1.9315630197525024e-06,inf,32.54010818530162,12,False,0,0.31047506805547426
23,1,rjd,239.8915091451803,40.60826944730269,49.984436074723384,40.60826944730269,1.662876456975937e-05,0.000686323270201683,,1.4202669262886047e-06,inf,191.61490353592868,12,False,0,0.5385896672938589
23,2,rjd,5.518902514392859,2.685667635795832,3.356337108314415,2.685667635795832,1.6028992831707e-05,0.0006696628406643867,,1.4705583453178406e-06,inf,28.048297240620688,12,False,0,0.25299588673402784
23,3,rjd,5.590019422806749,2.8283156246558643,3.4282237871853742,2.8283156246558643,1.4829449355602264e-05,0.0006714239716529846,,1.300126314163208e-06,inf,28.035611146571625,12,False,0,0.30263097935054595
23,4,rjd,5.79675212413441,3.049229773805653,3.650246893924298,3.049229773805653,1.4579854905605316e-05,0.0006726337596774101,,1.2796372175216675e-06,inf,26.69518246655083,12,False,0,0.32409563143614417
23,5,rjd,6.047290851975965,3.256223710219831,3.8514328521763677,3.256223710219831,1.4609657227993011e-05,0.0006614942103624344,,1.1594966053962708e-06,inf,29.37518161988664,12,False,0,0.38430594335672597
23,6,rjd,6.106104006155213,2.885604238120095,3.5224049990368456,2.885604238120095,1.4249235391616821e-05,0.0006660232320427895,,1.2097880244255066e-06,inf,28.578016754185853,12,False,0,0.2971548879239954
23,7,rjd,6.239750068956422,2.8999978189463946,3.5343225343510887,2.8999978189463946,1.4340505003929138e-05,0.0006658341735601425,,1.0402873158454895e-06,inf,8.901514062132264,12,False,0,0.309662344754581
23,8,rjd,6.2360174074135495,2.944712083722182,3.503165732231741,2.944712083722182,1.4419667422771454e-05,0.0006600730121135712,,1.0905787348747253e-06,inf,40.68895523045108,12,False,0,0.3251221309603619
23,9,rjd,5.332299396759065,2.625394803137542,3.1875305948951467,2.625394803137542,1.4049932360649109e-05,0.0006667338311672211,,1.080334186553955e-06,inf,35.83722017441984,12,False,0,0.2761976993578716
23,10,rjd,6.419717660038845,3.135461622577917,3.7440543447454293,3.135461622577917,1.3939104974269867e-05,0.0006857039406895638,,1.4100223779678345e-06,inf,37.08970476813951,12,False,0,0.4058509688655645
23,11,rjd,5.494919524715175,2.7275045743634303,3.4298990122952784,2.7275045743634303,1.4320015907287598e-05,0.00066390261054039,,1.080334186553955e-06,inf,36.68451740352357,12,False,0,0.27964504857625305
23,12,rjd,5.601595204329726,2.588004506873313,3.1459541363768286,2.588004506873313,1.4689750969409943e-05,0.0006725825369358063,,1.4193356037139893e-06,inf,44.8675007402488,12,False,0,0.2863994326895962
23,13,rjd,5.4694863990230855,2.7721291453987797,3.3552370195100187,2.7721291453987797,1.4069490134716034e-05,0.0006715236231684685,,1.2712553143501282e-06,inf,41.23176325718074,12,False,0,0.2709795021633475
23,14,rjd,6.363732707776352,3.2421763717055727,3.8164421408523768,3.2421763717055727,1.41095370054245e-05,0.0006678830832242966,,1.1594966053962708e-06,inf,30.243181907761855,12,False,0,0.38340535200883064
23,15,rjd,5.52535616665095,2.945855338471392,3.5146620800588506,2.945855338471392,1.4339573681354523e-05,0.0006638439372181892,,1.1511147022247314e-06,inf,39.22125736840182,12,False,0,0.3094574481889529
24,0,identity,10.247501233400834,5.0055292046696955,5.1928472183018535,5.0055292046696955,3.792066127061844e-05,0.0007724128663539886,,2.50060111284256e-06,inf,64.56791644741179,12,False,0,0.2962919449366852
24,1,identity,50.38398941189875,18.137201863343222,20.215996543828673,18.137201863343222,1.748930662870407e-05,0.0006887931376695633,,1.1799857020378113e-06,inf,4.6009668969333575,12,False,0,0.9940383329617537
24,2,identity,16.44482251653252,7.539724431658024,7.855191174204443,7.539724431658024,1.6100704669952393e-05,0.0006773937493562698,,1.000240445137024e-06,inf,119.72713372445695,12,False,0,0.4887116731584824
24,3,identity,15.884502710715754,7.329062603153906,7.635699539273137,7.329062603153906,1.6699545085430145e-05,0.0006769439205527306,,1.1604279279708862e-06,inf,117.43828499819114,12,False,0,0.44327992480167383
24,4,identity,14.570641981421216,6.818240429792614,7.099897978222417,6.818240429792614,1.5330500900745392e-05,0.0006855940446257591,,1.169741153717041e-06,inf,101.5244858754269,12,False,0,0.3800052652631344
24,5,identity,13.282330969924423,6.299191453473767,6.554699636312339,6.299191453473767,1.4909543097019196e-05,0.000681133009493351,,1.1101365089416504e-06,inf,96.63201552128425,12,False,0,0.3575395570502588
24,6,identity,15.718095661748533,7.266084794274796,7.568225863783551,7.266084794274796,1.5399418771266937e-05,0.0006765127182006836,,1.4500692486763e-06,inf,128.97237961911463,12,False,0,0.4683934328960629
24,7,identity,19.279447797215475,8.582054122387134,8.939187374648997,8.582054122387134,1.482013612985611e-05,0.0006833532825112343,,1.1399388313293457e-06,inf,154.13572596418857,12,False,0,0.515258935691576
24,8,identity,19.843999267694155,8.783508955661462,9.147178009032343,8.783508955661462,1.5029683709144592e-05,0.0006762240082025528,,1.1799857020378113e-06,inf,157.30362504726224,12,False,0,0.5237983900462885
24,9,identity,17.475048000321333,7.928056340368953,8.262466723864069,7.928056340368953,1.4878809452056885e-05,0.0006774039939045906,,1.319684088230133e-06,inf,129.95415121994878,12,False,0,0.5024882937635895
24,10,identity,18.90102512062004,8.447639089921804,8.798904703949624,8.447639089921804,1.5189871191978455e-05,0.0006764233112335205,,1.0998919606208801e-06,inf,156.49069697014315,12,False,0,0.4970039070295894
24,11,identity,17.508403416625498,7.939906283671298,8.271847574562068,7.939906283671298,1.4630146324634552e-05,0.0006768135353922844,,1.1203810572624207e-06,inf,128.49051332127215,12,False,0,0.4839267922028189
24,12,identity,19.46443084534543,8.64989468743852,9.01367561132419,8.64989468743852,1.4709308743476868e-05,0.000674104318022728,,1.019798219203949e-06,inf,171.33922632884702,12,False,0,0.5518119817859701
24,13,identity,15.947300137383806,7.352823652568111,7.660459477695152,7.352823652568111,1.4980323612689972e-05,0.0006681643426418304,,1.150183379650116e-06,inf,107.16160809969519,12,False,0,0.42693373122361494
24,14,identity,15.134969382628336,7.036103055136799,7.326664051787297,7.036103055136799,1.4659948647022247e-05,0.0006742831319570541,,1.000240445137024e-06,inf,107.4443548677608,12,False,0,0.39882034777568853
24,15,identity,13.660428368553909,6.45511748250075,6.718902104482696,6.45511748250075,1.4839693903923035e-05,0.0006733238697052002,,1.210719347000122e-06,inf,98.49282535380905,12,False,0,0.3709715888290966
24,0,reference_eigen,0.799351379593721,0.3584141931672317,0.46925577864939594,0.3584141931672317,3.47895547747612e-05,0.0007665520533919334,,0.002253688871860504,0.005007074613644818,1.7562941780740608e-13,12,True,0,0.01978926686188502
24,1,reference_eigen,818.4026815203805,41.13260968011208,56.39804457149382,41.13260968011208,1.810956746339798e-05,0.0006773825734853745,,1.319684088230133e-06,inf,4.603545370979031,12,False,0,0.5806211491427112
24,2,reference_eigen,6.3800025228791695,2.611012196194331,3.6688425467841546,2.611012196194331,1.5739351511001587e-05,0.0006771637126803398,,1.1194497346878052e-06,inf,34.004401687805455,12,False,0,0.1837587837689389
24,3,reference_eigen,5.074208510429253,1.6728431170526834,1.9768618115323835,1.6728431170526834,1.4998950064182281e-05,0.0006891535595059395,,1.2796372175216675e-06,inf,24.037619012088385,12,False,0,0.11929204684209174
24,4,reference_eigen,3.953678531681579,1.3955688090255676,1.5877869979153965,1.3955688090255676,1.5319325029850006e-05,0.0006629340350627899,,1.300126314163208e-06,inf,9.890082709465055,12,False,0,0.0786018728698663
24,5,reference_eigen,2.82101094956839,0.9839911624359207,1.1292812037181719,0.9839911624359207,1.4659948647022247e-05,0.0006701527163386345,,0.0021008094772696495,96512.98795047676,3.263864347717785e-10,12,False,0,0.05641076914115886
24,6,reference_eigen,5.934462886857777,2.1529319209140088,2.755031190418542,2.1529319209140088,1.4849938452243805e-05,0.0006686737760901451,,1.4193356037139893e-06,inf,34.00570813376146,12,False,0,0.16183558936472725
24,7,reference_eigen,8.996701061892168,2.77433930829012,3.440140515626965,2.77433930829012,1.4339573681354523e-05,0.0006584245711565018,,1.2200325727462769e-06,inf,51.37830369442368,12,False,0,0.1953033654450288
24,8,reference_eigen,9.569391440791428,2.7820619038940064,3.464223697117699,2.7820619038940064,1.449044793844223e-05,0.0006639845669269562,,1.1902302503585815e-06,inf,34.626097240769575,12,False,0,0.1961243031102721
24,9,reference_eigen,6.992116308147101,2.351053577168073,2.902527774191219,2.351053577168073,1.4440156519412994e-05,0.0006672842428088188,,1.2600794434547424e-06,inf,33.23050588408577,12,False,0,0.167782208461445
24,10,reference_eigen,8.621488920563612,2.7119948460547696,3.2920429966763787,2.7119948460547696,1.4269724488258362e-05,0.0006600627675652504,,1.1902302503585815e-06,inf,24.48969823180171,12,False,0,0.17030016351283056
24,11,reference_eigen,7.050733013885148,2.639707570838625,3.6303465699293813,2.639707570838625,1.4560297131538391e-05,0.0006663836538791656,,1.3206154108047485e-06,inf,28.620875743134146,12,False,0,0.16979875947400133
24,12,reference_eigen,9.691841857184372,3.155389762355322,3.9879154305025946,3.155389762355322,1.4049932360649109e-05,0.0006645945832133293,,1.1203810572624207e-06,inf,42.39835045297601,12,False,0,0.22032499838668287
24,13,reference_eigen,5.325216288079691,1.8954173322149708,2.3876530727072898,1.8954173322149708,1.4410354197025299e-05,0.0006650229915976524,,1.300126314163208e-06,inf,7.178994682981053,12,False,0,0.11683827045471644
24,14,reference_eigen,4.285145246304368,1.4274600302880738,1.6692926144734974,1.4274600302880738,1.4649704098701477e-05,0.0006587542593479156,,1.148320734500885e-06,inf,8.791518488091365,12,False,0,0.0834071620205253
24,15,reference_eigen,3.5364797384626305,1.286567238527098,1.5349304303431968,1.286567238527098,1.4470890164375305e-05,0.0006689829751849174,,1.019798219203949e-06,inf,1.0356634807734526,12,False,0,0.07295875134617841
24,0,rjd,5.740991003260201,3.2252819514270836,3.831417946743443,3.2252819514270836,3.715977072715759e-05,0.0007800431922078133,,1.9799917936325073e-06,inf,24.954895277713618,12,False,0,0.3307124560836489
24,1,rjd,239.8915091451803,40.60826944730269,49.984436074723384,40.60826944730269,1.7589889466762543e-05,0.0006862636655569077,,1.1203810572624207e-06,inf,4.369584493472818,12,False,0,0.6971968311293296
24,2,rjd,5.548738682096806,2.696191096603247,3.3683929236773844,2.696191096603247,1.556985080242157e-05,0.0006706947460770607,,1.1799857020378113e-06,inf,14.08828146557956,12,False,0,0.2671189782284377
24,3,rjd,5.645821624025486,2.851694909251004,3.457887880042331,2.851694909251004,1.5269964933395386e-05,0.0006767632439732552,,1.2498348951339722e-06,inf,21.349610169226864,12,False,0,0.32156840936276027
24,4,rjd,5.867356204945329,3.076620435534224,3.6838018898877256,3.076620435534224,1.5000812709331512e-05,0.0006715934723615646,,1.2004747986793518e-06,inf,24.25923222595572,12,False,0,0.33464160672453014
24,5,rjd,6.10649208278674,3.2802931654830934,3.882658336111346,3.2802931654830934,1.4909543097019196e-05,0.0006676940247416496,,1.2312084436416626e-06,inf,22.651233596147396,12,False,0,0.38590258419602813
24,6,rjd,6.11961849662667,2.895405405456702,3.5404733564768134,2.895405405456702,1.453980803489685e-05,0.000674673356115818,,1.2600794434547424e-06,inf,27.62058560943443,12,False,0,0.3294480531935268
24,7,rjd,6.257574271289209,2.9101471123457303,3.5529570929616208,2.9101471123457303,1.4429911971092224e-05,0.0006736535578966141,,1.3401731848716736e-06,inf,11.660144970217889,12,False,0,0.33541627257253825
24,8,rjd,6.285572175387199,2.965372990749734,3.527630776000013,2.965372990749734,1.4520250260829926e-05,0.0006720246747136116,,1.8700957298278809e-06,inf,36.73137641501779,12,False,0,0.34377895539397735
24,9,rjd,5.3751021499565335,2.6463385825778074,3.215482397150142,2.6463385825778074,1.4429911971092224e-05,0.0006632441654801369,,1.4603137969970703e-06,inf,29.890695040995013,12,False,0,0.29338091398042077
24,10,rjd,6.4977024256861515,3.169494254418125,3.7865881215352637,3.169494254418125,1.4360062777996063e-05,0.0006751026958227158,,1.4798715710639954e-06,inf,26.419812278930596,12,False,0,0.40603894239294336
24,11,rjd,5.592869707575969,2.7614481832192674,3.4707127510602533,2.7614481832192674,1.451931893825531e-05,0.0006740940734744072,,1.3997778296470642e-06,inf,27.6515685779704,12,False,0,0.2900229245037813
24,12,rjd,5.625428233067637,2.5980852648438444,3.1578649822857,2.5980852648438444,1.4409422874450684e-05,0.0006634937599301338,,1.4798715710639954e-06,inf,33.33771988107355,12,False,0,0.30148817629950364
24,13,rjd,5.508453535786751,2.794739238527515,3.3863134091237583,2.794739238527515,1.4250166714191437e-05,0.000669633038341999,,1.6512349247932434e-06,inf,29.14670545994753,12,False,0,0.29921701618876895
24,14,rjd,6.413780915901647,3.2680415081176473,3.848854519301767,3.2680415081176473,1.4320015907287598e-05,0.0006691841408610344,,1.4798715710639954e-06,inf,22.59968862903765,12,False,0,0.39626603042698516
24,15,rjd,5.550185863253591,2.9596754921091395,3.5319628451967633,2.9596754921091395,1.4450401067733765e-05,0.0006620241329073906,,1.6391277313232422e-06,inf,31.150901766658595,12,False,0,0.32987481659476814
25,0,identity,10.247893980221498,5.007404039233215,5.188943694797145,5.007404039233215,3.734976053237915e-05,0.0007744422182440758,,2.878718078136444e-06,inf,45.01004201057913,12,False,0,0.2776857389011917
25,1,identity,50.38398941189875,18.137201863343222,20.215996543828673,18.137201863343222,1.730024814605713e-05,0.0006961328908801079,,1.0691583156585693e-06,inf,223.47350300152632,12,False,0,0.9557281891186348
25,2,identity,16.449441994227726,7.541053265950835,7.852637496861256,7.541053265950835,1.580081880092621e-05,0.0006905635818839073,,1.1492520570755005e-06,inf,108.2978848583204,12,False,0,0.46738833919260914
25,3,identity,15.886339353038942,7.330739318636336,7.631287513239329,7.330739318636336,1.550000160932541e-05,0.0006866827607154846,,1.1203810572624207e-06,inf,105.11879410394408,12,False,0,0.4145578179865227
25,4,identity,14.572066668723929,6.820988942683874,7.094872790753908,6.820988942683874,1.5350058674812317e-05,0.0006765024736523628,,1.1008232831954956e-06,inf,77.23390729093254,12,False,0,0.3592157090277229
25,5,identity,13.283562379057557,6.301604786100787,6.549145441676422,6.301604786100787,1.552049070596695e-05,0.0006880238652229309,,1.0598450899124146e-06,inf,73.94368879578393,12,False,0,0.3320023614108357
25,6,identity,15.722000054543793,7.271776679985738,7.565327144521296,7.271776679985738,1.4839693903923035e-05,0.0006780745461583138,,9.797513484954834e-07,inf,110.0639785341983,12,False,0,0.43469262744648585
25,7,identity,19.28363148900312,8.590230763612068,8.938512748086314,8.590230763612068,1.4780089259147644e-05,0.0006706323474645615,,1.0700896382331848e-06,inf,127.76320191509782,12,False,0,0.4869017450607461
25,8,identity,19.844808287846828,8.79066572346153,9.14642626127624,8.79066572346153,1.5010125935077667e-05,0.0006807241588830948,,1.0486692190170288e-06,inf,136.8353674046834,12,False,0,0.5049254640463259
25,9,identity,17.477558513924542,7.928781030578205,8.257655784062273,7.928781030578205,1.4858320355415344e-05,0.0006782738491892815,,1.1101365089416504e-06,inf,126.32841422929879,12,False,0,0.47031396253754726
25,10,identity,18.902422741950637,8.448029656639278,8.79541841338099,8.448029656639278,1.5020370483398438e-05,0.0006829127669334412,,9.890645742416382e-07,inf,145.7444084362795,12,False,0,0.4574140775149527
25,11,identity,17.508766224515647,7.938248309261328,8.265391848370742,7.938248309261328,1.4939345419406891e-05,0.0006702831014990807,,1.1399388313293457e-06,inf,110.20191722592138,12,False,0,0.4594994587989995
25,12,identity,19.470093470926038,8.650251733000855,9.008408240770855,8.650251733000855,1.4170072972774506e-05,0.0006782542914152145,,1.019798219203949e-06,inf,166.7546213907071,12,False,0,0.5225503428025328
25,13,identity,15.949218812444423,7.354547504525749,7.656231061218862,7.354547504525749,1.4720484614372253e-05,0.000675983726978302,,1.0104849934577942e-06,inf,90.4683171955154,12,False,0,0.4071608776754824
25,14,identity,15.135591533733512,7.04110501715638,7.324269689726666,7.04110501715638,1.4798715710639954e-05,0.0006700428202748299,,1.0896474123001099e-06,inf,94.52928434424425,12,False,0,0.37432205191053347
25,15,identity,13.662733667724483,6.45682575079054,6.715332477884919,6.45682575079054,1.5390105545520782e-05,0.000689302571117878,,1.0505318641662598e-06,inf,80.36656552577571,12,False,0,0.3442261138143744
25,0,reference_eigen,0.8067327659255942,0.36274137678683227,0.47548147387973394,0.36274137678683227,4.1049905121326447e-05,0.0011131493374705315,,0.002087470144033432,0.008487168810888217,3.930735345550222e-14,12,True,0,0.017536731813323183
25,1,reference_eigen,818.4026815203805,41.13260968011208,56.39804457149382,41.13260968011208,2.1000392735004425e-05,0.0010037999600172043,,1.730397343635559e-06,inf,225.31255986655108,12,False,0,0.6424167636303093
25,2,reference_eigen,6.3841418364719855,2.6128631690571686,3.6704756510222194,2.6128631690571686,1.9529834389686584e-05,0.0010003000497817993,,1.2302771210670471e-06,inf,27.96946740555209,12,False,0,0.1828087357478179
25,3,reference_eigen,5.0784547172804855,1.673638402520179,1.9783445867719447,1.673638402520179,1.963973045349121e-05,0.0009973496198654175,,1.3597309589385986e-06,inf,26.873834006207165,12,False,0,0.11873820223652634
25,4,reference_eigen,3.9550336452301145,1.3961833687819398,1.5909141273446672,1.3961833687819398,1.9819475710391998e-05,0.0010020295158028603,,1.2600794434547424e-06,inf,9.863172593703373,12,False,0,0.07673396409984466
25,5,reference_eigen,2.827472129493805,0.9849393808774053,1.1313794173313778,0.9849393808774053,1.910049468278885e-05,0.0008153822273015976,,0.002299058251082897,149328.30744843037,3.718065325369525e-10,12,False,0,0.052990413021002644
25,6,reference_eigen,5.94114616441226,2.153135393843589,2.7540321090276234,2.153135393843589,1.5540048480033875e-05,0.0006714332848787308,,1.3886019587516785e-06,inf,39.16360706307057,12,False,0,0.16620978295913902
25,7,reference_eigen,9.010082601762363,2.7769243125235277,3.4409397252555003,2.7769243125235277,1.491885632276535e-05,0.000734853558242321,,1.8700957298278809e-06,inf,56.7037234596321,12,False,0,0.1946559466534933
25,8,reference_eigen,9.584283241783428,2.7868563957118857,3.47443446871404,2.7868563957118857,1.959037035703659e-05,0.0009984197095036507,,1.2796372175216675e-06,inf,48.934273468071495,12,False,0,0.19454756187114508
25,9,reference_eigen,6.993123965319852,2.3499278859865997,2.9018692889898774,2.3499278859865997,1.9249506294727325e-05,0.000994180329144001,,1.1604279279708862e-06,inf,37.52427049845245,12,False,0,0.17186022792789013
25,10,reference_eigen,8.624344166350372,2.7130289690847826,3.293391422128908,2.7130289690847826,1.9449740648269653e-05,0.000993211753666401,,1.1194497346878052e-06,inf,43.70328024209224,12,False,0,0.1624768381360191
25,11,reference_eigen,7.049895495767175,2.639357075699576,3.6311749531357105,2.639357075699576,1.934915781021118e-05,0.000991220586001873,,1.1194497346878052e-06,inf,23.627796650547673,12,False,0,0.17245004303716854
25,12,reference_eigen,9.699251535051783,3.154653341835795,3.987324283144635,3.154653341835795,2.0588748157024384e-05,0.001016520895063877,,9.899958968162537e-07,inf,54.17648102936901,12,False,0,0.22347626958435424
25,13,reference_eigen,5.327385913478372,1.89592737113154,2.3892673581852355,1.89592737113154,2.0328909158706665e-05,0.0010026097297668457,,1.2302771210670471e-06,inf,9.928696423441412,12,False,0,0.11528617529146544
25,14,reference_eigen,4.294324370820391,1.4306733230277136,1.6734395178120494,1.4306733230277136,1.927930861711502e-05,0.0009979214519262314,,1.1902302503585815e-06,inf,16.84324583820271,12,False,0,0.0772719113103792
25,15,reference_eigen,3.53643303597336,1.2861995638755865,1.5351342895693656,1.2861995638755865,1.9039958715438843e-05,0.000995471142232418,,1.1902302503585815e-06,inf,8.504816639939923,12,False,0,0.06949046294652239
25,0,rjd,5.737759189576619,3.222665256182089,3.8290971190236993,3.222665256182089,3.79905104637146e-05,0.0007739923894405365,,1.9902363419532776e-06,inf,35.20254885385953,12,False,0,0.36786068635158087
25,1,rjd,239.8915091451803,40.60826944730269,49.984436074723384,40.60826944730269,1.7179176211357117e-05,0.0006824629381299019,,1.280568540096283e-06,inf,214.04771523224264,12,False,0,0.44573396330537196
25,2,rjd,5.552021042691624,2.6963768265550456,3.367252956877272,2.6963768265550456,1.5540048480033875e-05,0.0006742347031831741,,1.3997778296470642e-06,inf,22.075354754469046,12,False,0,0.2988596558811116
25,3,rjd,5.643829049065111,2.849644670831504,3.4550913686411806,2.849644670831504,1.531001180410385e-05,0.000663253478705883,,1.280568540096283e-06,inf,25.44705717924773,12,False,0,0.3543594746549368
25,4,rjd,5.86531838585062,3.0735551975675337,3.6808099019665335,3.0735551975675337,1.4839693903923035e-05,0.0006695045158267021,,1.259148120880127e-06,inf,28.54327404827299,12,False,0,0.3688454600260553
25,5,rjd,6.100145916862876,3.2776130738790172,3.878974309751999,3.2776130738790172,1.48797407746315e-05,0.0006705634295940399,,1.109205186367035e-06,inf,40.51085606710599,12,False,0,0.4129539558326481
25,6,rjd,6.117573028843071,2.8944247619967003,3.5381027789208384,2.8944247619967003,1.4329329133033752e-05,0.0006614523008465767,,1.1799857020378113e-06,inf,28.68224111507235,12,False,0,0.3818319573290195
25,7,rjd,6.247469251470358,2.9082613568454234,3.55022207784652,2.9082613568454234,1.4320015907287598e-05,0.0006676735356450081,,1.2498348951339722e-06,inf,5.571477949065731,12,False,0,0.3663892884331881
25,8,rjd,6.279417915488291,2.9631582828281218,3.5240656360937623,2.9631582828281218,1.4639459550380707e-05,0.000667814165353775,,1.3103708624839783e-06,inf,29.636281286954357,12,False,0,0.35531218661951586
25,9,rjd,5.374355493638067,2.6456784184093984,3.2142764195104925,2.6456784184093984,1.4439225196838379e-05,0.0006597423925995827,,1.1688098311424255e-06,inf,29.857800644329654,12,False,0,0.34006637142843954
25,10,rjd,6.494019976241194,3.168881253970851,3.7856537921680338,3.168881253970851,3.1189993023872375e-05,0.0006682928651571274,,1.2489035725593567e-06,inf,28.46429660154474,12,False,0,0.4385352814624958
25,11,rjd,5.592483620297055,2.758980468202847,3.468676812361447,2.758980468202847,1.4220364391803741e-05,0.0006640246137976646,,1.169741153717041e-06,inf,28.602036794016467,12,False,0,0.3301432199034715
25,12,rjd,5.637843518204264,2.600107458774415,3.1578568579480906,2.600107458774415,1.418963074684143e-05,0.0006567547097802162,,1.0998919606208801e-06,inf,34.79164734298885,12,False,0,0.3112001782528725
25,13,rjd,5.5043734058668425,2.7928312079477147,3.3842326033329555,2.7928312079477147,1.4100223779678345e-05,0.0006661238148808479,,1.0998919606208801e-06,inf,29.044679869481122,12,False,0,0.3276173003653499
25,14,rjd,6.408604291692465,3.2663799326303042,3.8466267384373416,3.2663799326303042,1.3939104974269867e-05,0.0007908632978796959,,1.0915100574493408e-06,inf,26.21695530789038,12,False,0,0.4206967139890652
25,15,rjd,5.550776757158793,2.959469659508124,3.5318818140888544,2.959469659508124,1.9369646906852722e-05,0.000992131419479847,,1.130625605583191e-06,inf,26.46176529959959,12,False,0,0.36185631310815924
26,0,identity,10.251097470282572,5.005452399931325,5.18888137335885,5.005452399931325,3.6728568375110626e-05,0.0007747532799839973,,2.400018274784088e-06,inf,22.87830984593872,12,False,0,0.2843137251833323
26,1,identity,50.38398941189875,18.137201863343222,20.215996543828673,18.137201863343222,2.396944910287857e-05,0.0010232413187623024,,1.0700896382331848e-06,inf,258.3378322218604,12,False,0,0.9781480604368608
26,2,identity,16.45277183398674,7.5414259323511015,7.853157034135778,7.5414259323511015,2.0189210772514343e-05,0.001014149747788906,,1.0095536708831787e-06,inf,58.093134890813104,12,False,0,0.46978985346532337
26,3,identity,15.889615719120513,7.32888978531908,7.63174141180737,7.32888978531908,2.038944512605667e-05,0.0010120812803506851,,1.3904646039009094e-06,inf,53.88281265926814,12,False,0,0.42271681642175996
26,4,identity,14.575411061432813,6.817551852075495,7.095290128091282,6.817551852075495,1.9890256226062775e-05,0.00100638996809721,,1.2898817658424377e-06,inf,33.971979501273054,12,False,0,0.371454787910433
26,5,identity,13.287901147724508,6.29891781774616,6.549591223170385,6.29891781774616,1.963973045349121e-05,0.0010066814720630646,,1.389533281326294e-06,inf,38.195373773072326,12,False,0,0.33945043293140836
26,6,identity,15.724143922640925,7.267292850855163,7.5648831953695055,7.267292850855163,1.9670464098453522e-05,0.001004571095108986,,1.3094395399093628e-06,inf,50.4486137743385,12,False,0,0.43659288977924343
26,7,identity,19.28828870226967,8.584079969442161,8.93830725585033,8.584079969442161,2.0040199160575867e-05,0.0010062698274850845,,1.2405216693878174e-06,inf,65.87871347740293,12,False,0,0.4957474479554368
26,8,identity,19.846734626672667,8.7837969059915,9.145462478719672,8.7837969059915,1.950003206729889e-05,0.0006953021511435509,,1.1902302503585815e-06,inf,77.79058250761538,12,False,0,0.5138494295322089
26,9,identity,17.479310554130542,7.927953217497647,8.257965556981095,7.927953217497647,2.0650215446949005e-05,0.0010095098987221718,,1.1399388313293457e-06,inf,67.21977574948622,12,False,0,0.47996578341454293
26,10,identity,18.908412004454757,8.447521904968012,8.796910418983819,8.447521904968012,1.9700266420841217e-05,0.0010035494342446327,,1.0207295417785645e-06,inf,66.60325595209017,12,False,0,0.4710217033560213
26,11,identity,17.513850956172888,7.938029772014784,8.26699346549739,7.938029772014784,1.9759871065616608e-05,0.0010048793628811836,,1.0794028639793396e-06,inf,56.94262329696494,12,False,0,0.46641481961558573
26,12,identity,19.47130307911908,8.650808876300777,9.00870521547236,8.650808876300777,1.921970397233963e-05,0.0009997691959142685,,1.0300427675247192e-06,inf,89.88266265823833,12,False,0,0.5258536377171273
26,13,identity,15.952568147560912,7.3525302934080985,7.656672768571632,7.3525302934080985,1.9419938325881958e-05,0.0010023117065429688,,1.0300427675247192e-06,inf,47.33084250668284,12,False,0,0.42127374211319624
26,14,identity,15.13876428225564,7.036490421681564,7.323840512878145,7.036490421681564,1.9130297005176544e-05,0.0010019401088356972,,1.0505318641662598e-06,inf,51.87803724582811,12,False,0,0.38804588420319186
26,15,identity,13.665076313026407,6.455164073517591,6.715639928076458,6.455164073517591,1.955963671207428e-05,0.0009988406673073769,,1.1296942830085754e-06,inf,43.9728292479635,12,False,0,0.3598576300547696
26,0,reference_eigen,0.7984285051441518,0.35774356066978275,0.4697123863802656,0.35774356066978275,4.1709281504154205e-05,0.0011008493602275848,,0.0019302219152450562,0.006717830075433893,7.586124026547154e-14,12,True,0,0.018981420028060178
26,1,reference_eigen,818.4026815203805,41.13260968011208,56.39804457149382,41.13260968011208,2.1119602024555206e-05,0.0010045897215604782,,1.1101365089416504e-06,inf,261.0484153991872,12,False,0,0.6251051556427238
26,2,reference_eigen,6.388796255143744,2.611866356359698,3.668856786899482,2.611866356359698,1.9980594515800476e-05,0.0010951394215226173,,1.1101365089416504e-06,inf,20.418698961322587,12,False,0,0.16793223265955012
26,3,reference_eigen,5.074170331298425,1.6709844217036383,1.9753609291300747,1.6709844217036383,1.5708617866039276e-05,0.0006701834499835968,,1.0989606380462646e-06,inf,17.535431680428612,12,False,0,0.10923715151516619
26,4,reference_eigen,3.9512044341936656,1.3947158874928858,1.589412057395824,1.3947158874928858,1.4979392290115356e-05,0.0006773034110665321,,1.0998919606208801e-06,inf,7.830666165172682,12,False,0,0.07224755759813509
26,5,reference_eigen,2.815001800810397,0.9797283616200604,1.1279483087625146,0.9797283616200604,1.4559365808963776e-05,0.0006724828854203224,,0.0019065514206886292,98280.06379104502,3.501327594083357e-10,12,False,0,0.054688798594738054
26,6,reference_eigen,5.936232074647735,2.1496300206061147,2.7518066934320933,2.1496300206061147,1.48797407746315e-05,0.0006618546321988106,,1.2498348951339722e-06,inf,15.46580528705286,12,False,0,0.14935469604295332
26,7,reference_eigen,9.009400988867046,2.7750145472441203,3.4387821778484433,2.7750145472441203,1.4639459550380707e-05,0.0006729336455464363,,1.239590346813202e-06,inf,32.536510690521474,12,False,0,0.17950253952223882
26,8,reference_eigen,9.575382171100753,2.782470684197454,3.466233094502405,2.782470684197454,1.483038067817688e-05,0.0008123721927404404,,1.0598450899124146e-06,inf,29.36845461679433,12,False,0,0.18211321963165963
26,9,reference_eigen,6.994493435601707,2.3492670579114265,2.901248779472291,2.3492670579114265,1.5269964933395386e-05,0.0006721829995512962,,1.0887160897254944e-06,inf,22.616701820267426,12,False,0,0.15910917355246548
26,10,reference_eigen,8.630319542848321,2.715295326733906,3.297663096194591,2.715295326733906,1.4720484614372253e-05,0.0006637442857027054,,1.1008232831954956e-06,inf,33.14142567499199,12,False,0,0.1677338341169026
26,11,reference_eigen,7.0513673573765985,2.6394716040736435,3.631350348930143,2.6394716040736435,1.4320015907287598e-05,0.0006708446890115738,,1.2908130884170532e-06,inf,20.969144581467482,12,False,0,0.15568252536652688
26,12,reference_eigen,9.708857089392358,3.1542916105684276,3.9866817649522623,3.1542916105684276,1.408066600561142e-05,0.00067131407558918,,1.1902302503585815e-06,inf,38.20114507995159,12,False,0,0.2076432261034752
26,13,reference_eigen,5.327857773873833,1.8955015776007231,2.3888278307596043,1.8955015776007231,1.443084329366684e-05,0.0006598141044378281,,1.2796372175216675e-06,inf,7.637584574602142,12,False,0,0.10498740764478537
26,14,reference_eigen,4.290428496852383,1.4287552647891433,1.6716208347704677,1.4287552647891433,1.3949349522590637e-05,0.0006679538637399673,,1.1101365089416504e-06,inf,14.03322915343923,12,False,0,0.08220746239212678
26,15,reference_eigen,3.5382057470101884,1.2866416360478812,1.5355622349933067,1.2866416360478812,1.4220364391803741e-05,0.0006748130545020103,,1.239590346813202e-06,inf,9.65565386074362,12,False,0,0.068972627075818
26,0,rjd,5.741886079346391,3.2231797579296257,3.8299244488556194,3.2231797579296257,4.316866397857666e-05,0.0011000502854585648,,1.7294660210609436e-06,inf,29.009299464678374,12,False,0,0.3945250317216874
26,1,rjd,239.8915091451803,40.60826944730269,49.984436074723384,40.60826944730269,2.132914960384369e-05,0.0010139793157577515,,1.2796372175216675e-06,inf,247.74146145202292,12,False,0,0.41388677313168637
26,2,rjd,5.5482831429042,2.6961103276838143,3.366224562079704,2.6961103276838143,1.9809231162071228e-05,0.0010030213743448257,,1.1194497346878052e-06,inf,25.267594571555797,12,False,0,0.34465035695842794
26,3,rjd,5.644466865191929,2.849813678650906,3.4555661946440503,2.849813678650906,1.9430182874202728e-05,0.0009993696585297585,,1.3206154108047485e-06,inf,28.63152726718466,12,False,0,0.3817891293939767
26,4,rjd,5.872743372726326,3.075783064255963,3.6840604860987543,3.075783064255963,1.934915781021118e-05,0.0009947409853339195,,1.150183379650116e-06,inf,31.100744654794948,12,False,0,0.38323262788515805
26,5,rjd,6.108468283285471,3.2798545772957097,3.8816921346958653,3.2798545772957097,1.9519589841365814e-05,0.00099245086312294,,1.2712553143501282e-06,inf,31.73149580070293,12,False,0,0.4414244056807823
26,6,rjd,6.1230050493924795,2.896687347156255,3.540385425618987,2.896687347156255,1.9259750843048096e-05,0.000994349829852581,,1.300126314163208e-06,inf,33.679248959180754,12,False,0,0.39369295280591204
26,7,rjd,6.252021582750116,2.9092418602672327,3.5512999193601087,2.9092418602672327,1.928955316543579e-05,0.0009990604594349861,,1.4202669262886047e-06,inf,26.84283231818019,12,False,0,0.37879236890927315
26,8,rjd,6.285808483452622,2.9651975263396615,3.527175017632845,2.9651975263396615,1.9369646906852722e-05,0.0009918706491589546,,1.0998919606208801e-06,inf,36.644604817193525,12,False,0,0.3658938302392994
26,9,rjd,5.373716636605455,2.645639554438024,3.2142482151959726,2.645639554438024,1.9169412553310394e-05,0.0009911609813570976,,1.1604279279708862e-06,inf,30.726388093068778,12,False,0,0.35408697067090805
26,10,rjd,6.495607162400117,3.1687610479512394,3.784821847110369,3.1687610479512394,1.8919818103313446e-05,0.0009873509407043457,,1.169741153717041e-06,inf,29.928531227457505,12,False,0,0.4730133885710759
26,11,rjd,5.5909433732612435,2.758618886501073,3.46873578649024,2.758618886501073,1.911912113428116e-05,0.0009905202314257622,,1.2097880244255066e-06,inf,20.25672588487344,12,False,0,0.3695391227565136
26,12,rjd,5.644326432337288,2.6019540592976558,3.159140593419851,2.6019540592976558,1.8999911844730377e-05,0.0009932396933436394,,1.2302771210670471e-06,inf,29.95942662136953,12,False,0,0.355354658704667
26,13,rjd,5.508073357706788,2.793969554309728,3.3852659226062767,2.793969554309728,1.853983849287033e-05,0.0009917998686432838,,1.0998919606208801e-06,inf,31.62585502379131,12,False,0,0.35589044721414037
26,14,rjd,6.411102416538424,3.2664301743401833,3.846951921242115,3.2664301743401833,1.8849968910217285e-05,0.0009911097586154938,,1.1203810572624207e-06,inf,31.6776162337519,12,False,0,0.4312435663594849
26,15,rjd,5.553400043428742,2.960393356833786,3.5330861057003746,2.960393356833786,1.8940307199954987e-05,0.000990760512650013,,1.1203810572624207e-06,inf,30.69853506009765,12,False,0,0.37641381215369774
27,0,identity,10.248841768138215,5.007129174445716,5.188811810626294,5.007129174445716,3.903917968273163e-05,0.0007756035774946213,,2.2901222109794617e-06,inf,11.892931106956553,12,False,0,0.31096362612143036
27,1,identity,50.38398941189875,18.137201863343222,20.215996543828673,18.137201863343222,1.7269514501094818e-05,0.000843241810798645,,1.6996636986732483e-06,inf,170.0734357232608,12,False,0,0.9826342866776586
27,2,identity,16.45153708783845,7.545482794200012,7.85314893080524,7.545482794200012,1.558009535074234e-05,0.0006763143464922905,,1.2898817658424377e-06,inf,26.267926664964122,12,False,0,0.48965640409520933
27,3,identity,15.887641884231007,7.330795291969054,7.631648851295476,7.330795291969054,1.5068799257278442e-05,0.0006802035495638847,,1.3997778296470642e-06,inf,9.764548094018089,12,False,0,0.44551364713814723
27,4,identity,14.57320523163434,6.819202586009239,7.09513205110947,6.819202586009239,1.452956348657608e-05,0.0006802445277571678,,1.41095370054245e-06,inf,4.104464888857295,12,False,0,0.3975658716569252
27,5,identity,13.285480973741963,6.301731547031276,6.549461614974312,6.301731547031276,1.4919787645339966e-05,0.000677403062582016,,1.5096738934516907e-06,inf,4.75955484735676,12,False,0,0.37071850006641216
27,6,identity,15.723187298413292,7.266986974561024,7.564846723567644,7.266986974561024,1.4510005712509155e-05,0.0006680237129330635,,1.889653503894806e-06,inf,22.13770257527858,12,False,0,0.4635003777589983
27,7,identity,19.287024717529466,8.58410108176483,8.938296124011766,8.58410108176483,1.4729797840118408e-05,0.0006787842139601707,,2.100132405757904e-06,inf,22.392944761956876,12,False,0,0.5219449574091376
27,8,identity,19.846461361518635,8.785085445865072,9.14545952625888,8.785085445865072,1.4419667422771454e-05,0.000682963989675045,,1.8905848264694214e-06,inf,24.485928241754436,12,False,0,0.5380445483104791
27,9,identity,17.478188910147107,7.928959111307094,8.257919722232598,7.928959111307094,1.5139579772949219e-05,0.0006716223433613777,,1.6903504729270935e-06,inf,22.969446003450603,12,False,0,0.4987039388264039
27,10,identity,18.905010198924476,8.452323233112528,8.796766075408701,8.452323233112528,1.4849938452243805e-05,0.0006767436861991882,,1.4500692486763e-06,inf,1.4564250013935842,12,False,0,0.49299127094523537
27,11,identity,17.50960134911039,7.942359337096254,8.266766853899949,7.942359337096254,1.4260411262512207e-05,0.0006755935028195381,,1.9799917936325073e-06,inf,22.912628802642516,12,False,0,0.48528934247890926
27,12,identity,19.47097014203716,8.655456779370517,9.00871069628516,8.655456779370517,1.4709308743476868e-05,0.0006659543141722679,,1.730397343635559e-06,inf,39.35611899624402,12,False,0,0.5419835018083367
27,13,identity,15.950301901679218,7.356407305663719,7.656576550178494,7.356407305663719,1.4690682291984558e-05,0.0006771525368094444,,1.4100223779678345e-06,inf,4.225132214709792,12,False,0,0.4414879421873306
27,14,identity,15.137488990868736,7.038330141015138,7.323833688929348,7.038330141015138,1.4570541679859161e-05,0.0006730947643518448,,1.0505318641662598e-06,inf,3.198485074220093,12,False,0,0.41873235041381746
27,15,identity,13.663324071079874,6.458276321079165,6.715577024782744,6.458276321079165,1.456867903470993e-05,0.0006753336638212204,,1.2405216693878174e-06,inf,1.624282358019932,12,False,0,0.38291268526845923
27,0,reference_eigen,0.7994587576227923,0.35820987021014683,0.46962457771392946,0.35820987021014683,3.67993488907814e-05,0.0007687332108616829,,0.002091430127620697,0.005940089105102281,1.1455946977404565e-13,12,True,0,0.02123627658837849
27,1,reference_eigen,818.4026815203805,41.13260968011208,56.39804457149382,41.13260968011208,1.7150305211544037e-05,0.0006832228973507881,,1.4500692486763e-06,inf,171.49244014677117,12,False,0,0.5103888557547128
27,2,reference_eigen,6.400967848421831,2.6183266114596027,3.6770704694657272,2.6183266114596027,1.5599653124809265e-05,0.0006671128794550896,,1.239590346813202e-06,inf,28.43528045980696,12,False,0,0.16890285193370613
27,3,reference_eigen,5.079085482016588,1.6732545668549017,1.9782117668756234,1.6732545668549017,1.4639459550380707e-05,0.0006708437576889992,,1.389533281326294e-06,inf,20.608171033163835,12,False,0,0.11288915527335161
27,4,reference_eigen,3.951010823971908,1.3951076050012656,1.5904874320965237,1.3951076050012656,1.4650635421276093e-05,0.0006685927510261536,,1.1399388313293457e-06,inf,8.993854126118196,12,False,0,0.07672227996255791
27,5,reference_eigen,2.8173395219420247,0.9805709723746594,1.1293821694515107,0.9805709723746594,1.446995884180069e-05,0.0006630830466747284,,0.0020865602418780327,87968.3175722436,3.466206442442685e-11,12,False,0,0.055758021431005875
27,6,reference_eigen,5.937537643904569,2.1498037914022667,2.751846913601551,2.1498037914022667,1.4720484614372253e-05,0.0006699943915009499,,1.9399449229240417e-06,inf,17.14988952964742,12,False,0,0.1552092838434411
27,7,reference_eigen,9.022957771881567,2.778382353210449,3.441023888609889,2.778382353210449,1.4188699424266815e-05,0.0006710141897201538,,1.469627022743225e-06,inf,36.404918303306495,12,False,0,0.19403618452766871
27,8,reference_eigen,9.581044887172318,2.784410092904445,3.4690542049415076,2.784410092904445,1.4569610357284546e-05,0.0006618127226829529,,1.7294660210609436e-06,inf,31.133109693766862,12,False,0,0.1835282964867514
27,9,reference_eigen,6.997420468456632,2.350493847761098,2.902670471057985,2.350493847761098,1.4229677617549896e-05,0.0006677638739347458,,1.4603137969970703e-06,inf,27.607942021876315,12,False,0,0.1627508785870896
27,10,reference_eigen,8.646110230403357,2.720625398541646,3.305527302612642,2.720625398541646,1.4299526810646057e-05,0.0006687929853796959,,1.2693926692008972e-06,inf,44.29709235138905,12,False,0,0.1674519640507401
27,11,reference_eigen,7.057470168209693,2.6431601376647125,3.636010165447917,2.6431601376647125,1.4239922165870667e-05,0.0006659645587205887,,1.3504177331924438e-06,inf,28.61432721002731,12,False,0,0.16402843402957543
27,12,reference_eigen,9.717962701415892,3.158885908646647,3.9934635287040257,3.158885908646647,1.5050172805786133e-05,0.0006597638130187988,,1.3597309589385986e-06,inf,49.560313803543934,12,False,0,0.20557833998686198
27,13,reference_eigen,5.332025337957974,1.8981996006760282,2.39184848190751,1.8981996006760282,1.4360062777996063e-05,0.0006676129996776581,,1.369975507259369e-06,inf,7.600918940829579,12,False,0,0.10739693514614072
27,14,reference_eigen,4.298293330980597,1.4315348717690277,1.6757239579003353,1.4315348717690277,1.4039687812328339e-05,0.0006655743345618248,,1.0598450899124146e-06,inf,14.585354886972299,12,False,0,0.08100145867486043
27,15,reference_eigen,3.5398929281467835,1.2878298119236842,1.5352224024836305,1.2878298119236842,1.4198943972587585e-05,0.0006570536643266678,,1.0598450899124146e-06,inf,10.888717412369576,12,False,0,0.0668815428933778
27,0,rjd,5.7438521881865885,3.2224861811469565,3.828407042127484,3.2224861811469565,3.5599805414676666e-05,0.0007683122530579567,,1.600012183189392e-06,inf,42.750000558228535,12,False,0,0.3674802312063029
27,1,rjd,239.8915091451803,40.60826944730269,49.984436074723384,40.60826944730269,1.6919337213039398e-05,0.0006854338571429253,,1.1594966053962708e-06,inf,162.39912950812,12,False,0,0.39168415434950316
27,2,rjd,5.545297065729832,2.692965182209936,3.3627650899083603,2.692965182209936,1.5430152416229248e-05,0.0006680646911263466,,1.2004747986793518e-06,inf,26.041564188225745,12,False,0,0.3338655802660671
27,3,rjd,5.643288698535121,2.848958723056447,3.45538786582722,2.848958723056447,3.422889858484268e-05,0.000674503855407238,,1.1604279279708862e-06,inf,46.19482373259975,12,False,0,0.3602525766037212
27,4,rjd,5.875741364561231,3.0771268986422,3.6868105590017404,3.0771268986422,1.453980803489685e-05,0.0006693536415696144,,1.2498348951339722e-06,inf,44.114383025754464,12,False,0,0.35562989220115715
27,5,rjd,6.114564944743881,3.28041149979316,3.8838533449210213,3.28041149979316,1.4279969036579132e-05,0.0006590839475393295,,1.1594966053962708e-06,inf,49.78548423756083,12,False,0,0.40675277772406054
27,6,rjd,6.121253462812283,2.8960495415979035,3.539752175710978,2.8960495415979035,1.4389865100383759e-05,0.0006690835580229759,,1.0896474123001099e-06,inf,44.23316789418771,12,False,0,0.36661594800145625
27,7,rjd,6.242775440651527,2.9056930874338933,3.5470071972204824,2.9056930874338933,1.4210119843482971e-05,0.0006686225533485413,,1.0496005415916443e-06,inf,42.19218425596808,12,False,0,0.3544227352884691
27,8,rjd,6.284784795557619,2.964195624764093,3.526249225549658,2.964195624764093,1.4040619134902954e-05,0.0006562639027833939,,1.0402873158454895e-06,inf,53.2375250541495,12,False,0,0.3346365642942203
27,9,rjd,5.3728375430829365,2.645003368926458,3.214081138561637,2.645003368926458,1.379009336233139e-05,0.0006662830710411072,,1.0300427675247192e-06,inf,49.589206854609756,12,False,0,0.3336448469489118
27,10,rjd,6.486625670715981,3.164876822665354,3.782580906234436,3.164876822665354,1.4180317521095276e-05,0.0006683245301246643,,1.0598450899124146e-06,inf,56.60412789002895,12,False,0,0.43172573430201133
27,11,rjd,5.590757038131674,2.7578993475782316,3.4702829815296727,2.7578993475782316,1.4268793165683746e-05,0.0006607146933674812,,1.2600794434547424e-06,inf,32.304685781286395,12,False,0,0.34957434787349195
27,12,rjd,5.636443912777445,2.5979439441731507,3.1573385610441367,2.5979439441731507,2.1719373762607574e-05,0.0006629535928368568,,1.2600794434547424e-06,inf,45.1463922368457,12,False,0,0.33922226269045813
27,13,rjd,5.511152842314769,2.793242311715198,3.3858494226193834,2.793242311715198,1.4349818229675293e-05,0.0006683738902211189,,1.0710209608078003e-06,inf,43.245318745851506,12,False,0,0.33863792589768166
27,14,rjd,6.409380852124656,3.264666915325338,3.8450132498474856,3.264666915325338,1.4209188520908356e-05,0.0006699040532112122,,1.080334186553955e-06,inf,51.342631623963335,12,False,0,0.39076369012681017
27,15,rjd,5.556702069112929,2.9598030534124184,3.533184333961293,2.9598030534124184,1.4149583876132965e-05,0.0006654327735304832,,1.1594966053962708e-06,inf,44.670544269424795,12,False,0,0.35143428572904334
28,0,identity,10.248321771777498,5.004998972881083,5.188518223793699,5.004998972881083,3.696884959936142e-05,0.0007787831127643585,,2.250075340270996e-06,inf,19.152171985098143,12,False,0,0.33709160207929545
28,1,identity,50.38398941189875,18.137201863343222,20.215996543828673,18.137201863343222,1.7299316823482513e-05,0.0006870143115520477,,1.169741153717041e-06,inf,168.4947611699208,12,False,0,0.9788059645426999
28,2,identity,16.451349538164653,7.5415184591607005,7.853901614255916,7.5415184591607005,1.6219913959503174e-05,0.0006825430318713188,,1.039355993270874e-06,inf,17.1361050896546,12,False,0,0.49897627706967124
28,3,identity,15.887393984806042,7.328735907800139,7.631418096660199,7.328735907800139,1.5430152416229248e-05,0.0006714332848787308,,1.0598450899124146e-06,inf,9.58242831594977,12,False,0,0.47693789878005666
28,4,identity,14.572899236992466,6.817334686697563,7.094788553980943,6.817334686697563,1.4989636838436127e-05,0.0006792442873120308,,1.0794028639793396e-06,inf,6.2954918038353105,12,False,0,0.4362447327902039
28,5,identity,13.28509324636369,6.29857774642305,6.548668004727897,6.29857774642305,1.488812267780304e-05,0.0006772242486476898,,9.899958968162537e-07,inf,4.439960450347957,12,False,0,0.4117771385426823
28,6,identity,15.723114874815984,7.267501124720966,7.564921274153838,7.267501124720966,1.4489516615867615e-05,0.0006684530526399612,,1.0300427675247192e-06,inf,10.953208371707866,12,False,0,0.47971725037816054
28,7,identity,19.286920212677767,8.584522756820588,8.938447101467297,8.584522756820588,1.4440156519412994e-05,0.0006739133968949318,,9.601935744285583e-07,inf,22.223427660576263,12,False,0,0.5516164726087862
28,8,identity,19.84642758808349,8.783893780307158,9.145697759544191,8.783893780307158,1.4520250260829926e-05,0.0006740335375070572,,1.0998919606208801e-06,inf,41.290655394354715,12,False,0,0.5635403845039066
28,9,identity,17.478098803745837,7.928088349358625,8.25844495052051,7.928088349358625,1.451093703508377e-05,0.0006742142140865326,,1.130625605583191e-06,inf,22.003750775043024,12,False,0,0.5251692078360706
28,10,identity,18.90476719020895,8.447280443890122,8.796430934041439,8.447280443890122,1.4990568161010742e-05,0.000666523352265358,,1.1101365089416504e-06,inf,28.97103376642123,12,False,0,0.5459632698931138
28,11,identity,17.509383140128367,7.937388398982081,8.265866041346365,7.937388398982081,1.4670193195343018e-05,0.0006722742691636086,,1.0794028639793396e-06,inf,11.291474896210232,12,False,0,0.5030407951641462
28,12,identity,19.47101834088439,8.650780121890241,9.008675363519774,8.650780121890241,1.4749355614185333e-05,0.0006725741550326347,,1.0505318641662598e-06,inf,38.53813725004722,12,False,0,0.5607277067935824
28,13,identity,15.950245441839586,7.352252622750082,7.656348459724755,7.352252622750082,1.4500692486763e-05,0.0006635431200265884,,1.0300427675247192e-06,inf,8.835714066827014,12,False,0,0.4698595714641882
28,14,identity,15.137354509136618,7.0366481327230135,7.324446315052282,7.0366481327230135,1.4320015907287598e-05,0.0006698127835988998,,1.0998919606208801e-06,inf,12.675739099119841,12,False,0,0.457895336035298
28,15,identity,13.663213695130242,6.454944492284338,6.715649189278716,6.454944492284338,1.4659948647022247e-05,0.0006843945011496544,,1.150183379650116e-06,inf,4.319137172560792,12,False,0,0.41753773140318784
28,0,reference_eigen,0.7996096175130973,0.35831680220203643,0.4706190191671754,0.35831680220203643,3.714859485626221e-05,0.000789932906627655,,0.002081410028040409,0.0046423195332083115,3.7332171776803246e-13,12,True,0,0.021259445882675067
28,1,reference_eigen,818.4026815203805,41.13260968011208,56.39804457149382,41.13260968011208,1.6910023987293243e-05,0.0006795842200517654,,1.1296942830085754e-06,inf,169.81707729523768,12,False,0,0.5348407586900819
28,2,reference_eigen,6.391678334338413,2.6143405300805043,3.6708188728590803,2.6143405300805043,1.593027263879776e-05,0.0006748931482434273,,1.2097880244255066e-06,inf,30.327143777088047,12,False,0,0.14656189776102713
28,3,reference_eigen,5.076489449175289,1.672320356307178,1.9762765920897691,1.672320356307178,1.550000160932541e-05,0.0006631221622228622,,1.5702098608016968e-06,inf,17.665856930758512,12,False,0,0.10112806615809167
28,4,reference_eigen,3.9517681276162353,1.3949667726675807,1.5894827931130258,1.3949667726675807,1.490022987127304e-05,0.0006724148988723755,,1.1902302503585815e-06,inf,7.352204449977849,12,False,0,0.07420500445255052
28,5,reference_eigen,2.8172709906922933,0.9805068435338182,1.1290735234652356,0.9805068435338182,1.4769844710826874e-05,0.000676104798913002,,0.002178039401769638,68210.91111491459,1.6226644488255574e-10,12,False,0,0.05753650026435352
28,6,reference_eigen,5.93677994867271,2.1500235498408795,2.7520288549926555,2.1500235498408795,1.4780089259147644e-05,0.0006632525473833084,,1.4808028936386108e-06,inf,28.306592762100664,12,False,0,0.12774321158257348
28,7,reference_eigen,9.01316387283787,2.7783697431467083,3.4406813166868884,2.7783697431467083,1.4720484614372253e-05,0.0006697438657283783,,1.0998919606208801e-06,inf,39.498796351451446,12,False,0,0.17802079031044613
28,8,reference_eigen,9.576651739400546,2.7835251112814534,3.467905721045957,2.7835251112814534,1.4259479939937592e-05,0.0006677238270640373,,1.1706724762916565e-06,inf,22.951311543802355,12,False,0,0.1709704677143576
28,9,reference_eigen,6.995481448092923,2.3500115170825735,2.9017305781031304,2.3500115170825735,1.4220364391803741e-05,0.0006606029346585274,,1.1101365089416504e-06,inf,28.982165575485134,12,False,0,0.14635869960822595
28,10,reference_eigen,8.634443290440434,2.7180142105569844,3.3021124982864998,2.7180142105569844,1.446995884180069e-05,0.0006687836721539497,,1.0794028639793396e-06,inf,20.273666088830993,12,False,0,0.16693814320546815
28,11,reference_eigen,7.053486890788023,2.6408278438419956,3.6325966512502883,2.6408278438419956,1.4638528227806091e-05,0.0006642639636993408,,1.169741153717041e-06,inf,20.789799241792593,12,False,0,0.13946040637970897
28,12,reference_eigen,9.710267165574395,3.155336271884318,3.987219592735428,3.155336271884318,1.3899989426136017e-05,0.0006632423028349876,,1.1101365089416504e-06,inf,28.798864518073206,12,False,0,0.18079135580412486
28,13,reference_eigen,5.329639896482297,1.896483559137366,2.389567236247675,1.896483559137366,1.4560297131538391e-05,0.0006586741656064987,,1.039355993270874e-06,inf,4.049696879347184,12,False,0,0.0881629653078563
28,14,reference_eigen,4.29480478264634,1.4310583779001016,1.6748761704533823,1.4310583779001016,1.4760531485080719e-05,0.0006673233583569527,,1.0905787348747253e-06,inf,4.313116716939355,12,False,0,0.0820871992163858
28,15,reference_eigen,3.540188714875252,1.2877987262847674,1.5362695260184613,1.2877987262847674,3.114994615316391e-05,0.0006751026958227158,,1.150183379650116e-06,inf,2.2165938390978113,12,False,0,0.06348264370190812
28,0,rjd,5.737173006374705,3.220366123084932,3.826340784732844,3.220366123084932,3.693997859954834e-05,0.0007671425119042397,,1.8598511815071106e-06,inf,48.25667502263522,12,False,0,0.34830730893080347
28,1,rjd,239.8915091451803,40.60826944730269,49.984436074723384,40.60826944730269,1.6489997506141663e-05,0.0006761541590094566,,1.2796372175216675e-06,inf,158.96317480533082,12,False,0,0.45083400393101186
28,2,rjd,5.538282447482508,2.6913203269180364,3.3600528637976574,2.6913203269180364,1.5119090676307678e-05,0.0006728032603859901,,1.2200325727462769e-06,inf,27.68188982393624,12,False,0,0.3236226546382577
28,3,rjd,5.639397523551047,2.847405064801432,3.452550132426651,2.847405064801432,1.4559365808963776e-05,0.0006734533235430717,,1.1799857020378113e-06,inf,44.726088049088744,12,False,0,0.34215088347775163
28,4,rjd,5.8727271814360735,3.075567115670313,3.6839437023033623,3.075567115670313,1.4659948647022247e-05,0.0006621647626161575,,1.3690441846847534e-06,inf,41.04566094580632,12,False,0,0.33211692296381984
28,5,rjd,6.105236906467617,3.2779293623162715,3.8793104664486147,3.2779293623162715,1.4629215002059937e-05,0.0006698137149214745,,1.0998919606208801e-06,inf,49.843961949573455,12,False,0,0.36392612984936584
28,6,rjd,6.120605313627567,2.89575179652974,3.5394507223357476,2.89575179652974,1.4199875295162201e-05,0.0006674127653241158,,1.150183379650116e-06,inf,41.52111741578965,12,False,0,0.3626157396883058
28,7,rjd,6.236782848208826,2.9040571247164513,3.5453855759665336,2.9040571247164513,1.4000572264194489e-05,0.0006671743467450142,,1.1688098311424255e-06,inf,30.542367432222964,12,False,0,0.35338085122444374
28,8,rjd,6.282869785030087,2.9641285706349247,3.525887417900284,2.9641285706349247,1.4831312000751495e-05,0.0006630038842558861,,1.0794028639793396e-06,inf,61.80956332033634,12,False,0,0.3118926390910192
28,9,rjd,5.371166763779463,2.644499507382127,3.2129379721997204,2.644499507382127,1.4069490134716034e-05,0.0006723925471305847,,4.5299530029296875e-06,inf,47.26969139934987,12,False,0,0.31170850132434147
28,10,rjd,6.488724863611821,3.164005472747757,3.7774655039790996,3.164005472747757,1.4040619134902954e-05,0.0006651841104030609,,1.169741153717041e-06,inf,57.114905959909464,12,False,0,0.39503673323505445
28,11,rjd,5.5844136835013805,2.7550831232676276,3.4640827436683472,2.7550831232676276,1.4360062777996063e-05,0.0006597628816962242,,1.471489667892456e-06,inf,40.78496256333883,12,False,0,0.34467011146525867
28,12,rjd,5.642275087224132,2.6008399546454806,3.1578642489315163,2.6008399546454806,1.4290213584899902e-05,0.0006771627813577652,,1.169741153717041e-06,inf,63.27771243741725,12,False,0,0.33730896893544104
28,13,rjd,5.502928926583862,2.7911782150030104,3.381625614439808,2.7911782150030104,1.414027065038681e-05,0.0006701741367578506,,1.150183379650116e-06,inf,49.084801046087634,12,False,0,0.3239231577719833
28,14,rjd,6.403765580597336,3.263481901283579,3.843366999647242,3.263481901283579,1.4049001038074493e-05,0.0006558336317539215,,1.1706724762916565e-06,inf,51.55923975899704,12,False,0,0.33756431158773176
28,15,rjd,5.550008725727856,2.9585116065814505,3.5308089009976684,2.9585116065814505,1.3810582458972931e-05,0.0006642742082476616,,1.4705583453178406e-06,inf,49.64259884457887,12,False,0,0.3288867315760954
29,0,identity,10.247574749439085,5.008512355155626,5.201128673167116,5.008512355155626,4.352908581495285e-05,0.0011024698615074158,,2.5602057576179504e-06,inf,30.368806526726477,12,False,0,0.3438784794222937
29,1,identity,50.38398941189875,18.137201863343222,20.215996543828673,18.137201863343222,3.3698976039886475e-05,0.0010164100676774979,,1.1604279279708862e-06,inf,169.98423326867035,12,False,0,1.0001212631042744
29,2,identity,16.449840180516592,7.547224334896244,7.876808530763953,7.547224334896244,2.0490027964115143e-05,0.0010114805772900581,,1.280568540096283e-06,inf,72.35054027677936,12,False,0,0.5122438146900037
29,3,identity,15.8872444307546,7.333141153967537,7.646441309522712,7.333141153967537,1.983996480703354e-05,0.0010051997378468513,,1.1399388313293457e-06,inf,70.79612924302707,12,False,0,0.49287595621759417
29,4,identity,14.572367720114203,6.822271739500844,7.11184825650214,6.822271739500844,2.613011747598648e-05,0.0009924201294779778,,1.1101365089416504e-06,inf,51.37055481945862,12,False,0,0.4458205384239838
29,5,identity,13.284653471653117,6.302401088125237,6.561413108543727,6.302401088125237,1.559033989906311e-05,0.0006703240796923637,,1.1008232831954956e-06,inf,40.64336331407834,12,False,0,0.42643698793433904
29,6,identity,15.72106770193914,7.2722408448705025,7.5806781464431,7.2722408448705025,1.4768913388252258e-05,0.0006761839613318443,,1.2498348951339722e-06,inf,74.85840652396479,12,False,0,0.4988482775871075
29,7,identity,19.285296596622636,8.592106611209212,8.961990349528646,8.592106611209212,1.482013612985611e-05,0.0006749136373400688,,1.019798219203949e-06,inf,85.6828723453419,12,False,0,0.5640037624734037
29,8,identity,19.846392052441608,8.789626811560188,9.158341180388131,8.789626811560188,1.451931893825531e-05,0.0006675440818071365,,1.2097880244255066e-06,inf,95.50631160762923,12,False,0,0.5750070451458341
29,9,identity,17.4780390635213,7.932045529281861,8.269991121974648,7.932045529281861,1.4689750969409943e-05,0.0006761243566870689,,1.0095536708831787e-06,inf,91.31438250772452,12,False,0,0.5406236448825855
29,10,identity,18.9057754129915,8.451741081701579,8.810652629316877,8.451741081701579,1.4619901776313782e-05,0.0006735231727361679,,1.0486692190170288e-06,inf,84.43846361514917,12,False,0,0.5594188527878426
29,11,identity,17.511047107408032,7.942157486652012,8.282128120169757,7.942157486652012,1.4759600162506104e-05,0.0006679035723209381,,1.2302771210670471e-06,inf,88.20422185508022,12,False,0,0.5134151673502577
29,12,identity,19.47080471078903,8.654651627630297,9.023815520652377,8.654651627630297,1.4860183000564575e-05,0.0006763944402337074,,1.080334186553955e-06,inf,105.67224301843517,12,False,0,0.5854836362348341
29,13,identity,15.949966727271633,7.356593330979096,7.670847779828892,7.356593330979096,1.5019439160823822e-05,0.0006755637004971504,,1.0998919606208801e-06,inf,65.38449656537755,12,False,0,0.4791218720289996
29,14,identity,15.137469226260004,7.042304360593799,7.338455419828895,7.042304360593799,1.453980803489685e-05,0.0006673624739050865,,1.0794028639793396e-06,inf,59.48473193301191,12,False,0,0.47196632628428187
29,15,identity,13.662124866414326,6.4588912075573095,6.7293842979418415,6.4588912075573095,2.0990148186683655e-05,0.0006699832156300545,,9.993091225624084e-07,inf,57.28531559525725,12,False,0,0.4292317883588492
29,0,reference_eigen,0.8047077947900827,0.36103472162513894,0.4737120969261579,0.36103472162513894,4.155002534389496e-05,0.001044880598783493,,0.0022292183712124825,0.00446827185822127,3.489899665163407e-13,12,True,0,0.021674560140891596
29,1,reference_eigen,818.4026815203805,41.13260968011208,56.39804457149382,41.13260968011208,1.7999671399593353e-05,0.000836632214486599,,1.4100223779678345e-06,inf,171.87110178073655,12,False,0,0.6277096904338892
29,2,reference_eigen,6.402149404845905,2.622242438007736,3.684658574304862,2.622242438007736,2.107955515384674e-05,0.001028209924697876,,1.4500692486763e-06,inf,19.829844141691943,12,False,0,0.14488548177382268
29,3,reference_eigen,5.084410779531116,1.6749988832039453,1.980196951629807,1.6749988832039453,2.023950219154358e-05,0.00099978968501091,,1.2302771210670471e-06,inf,22.541949831451646,12,False,0,0.0974095489591306
29,4,reference_eigen,3.9570305930335548,1.3959383155723502,1.5911450913175051,1.3959383155723502,1.9709579646587372e-05,0.000996619462966919,,1.1101365089416504e-06,inf,13.722392700564919,12,False,0,0.06987791931150704
29,5,reference_eigen,2.823919203062113,0.9838750299476074,1.132062220222601,0.9838750299476074,1.9480474293231964e-05,0.000996580347418785,,0.001818171702325344,72807.47851857216,8.100164122917513e-10,12,False,0,0.05802531360661237
29,6,reference_eigen,5.940934876823268,2.1518755663773015,2.7556411793828173,2.1518755663773015,1.9200146198272705e-05,0.000996180810034275,,1.4500692486763e-06,inf,27.11865795395691,12,False,0,0.12297466553817035
29,7,reference_eigen,9.023082166079925,2.7837359020481935,3.452431702542854,2.7837359020481935,1.916009932756424e-05,0.0009897714480757713,,1.2703239917755127e-06,inf,42.00726734836366,12,False,0,0.17208944055720618
29,8,reference_eigen,9.585909406788055,2.7857724142540157,3.4705231708397966,2.7857724142540157,1.8889084458351135e-05,0.0009908415377140045,,1.2312084436416626e-06,inf,29.183175156833116,12,False,0,0.1678963196181168
29,9,reference_eigen,6.999886030706046,2.3510537761244805,2.902893172123858,2.3510537761244805,1.9389204680919647e-05,0.0009917495772242546,,1.2200325727462769e-06,inf,32.78005370954682,12,False,0,0.1393970168497882
29,10,reference_eigen,8.638047976960355,2.7195944314722347,3.3041960298267306,2.7195944314722347,1.916009932756424e-05,0.0009919703006744385,,1.0896474123001099e-06,inf,22.99526761493867,12,False,0,0.15865495112941796
29,11,reference_eigen,7.065243149504724,2.6428251981556166,3.635765016920292,2.6428251981556166,1.928955316543579e-05,0.0009931102395057678,,1.0496005415916443e-06,inf,29.97298193904777,12,False,0,0.1330191302192733
29,12,reference_eigen,9.719643475580392,3.1583489335056454,3.992259454314506,3.1583489335056454,1.9350089132785797e-05,0.000993579626083374,,1.1101365089416504e-06,inf,38.45409395492193,12,False,0,0.17823724844543978
29,13,reference_eigen,5.335219107145736,1.8988616882347968,2.3929173581841674,1.8988616882347968,1.8989667296409607e-05,0.000992930494248867,,1.1604279279708862e-06,inf,6.831832996712165,12,False,0,0.08315615953603367
29,14,reference_eigen,4.299123636104851,1.432734470904009,1.6768437971004913,1.432734470904009,1.925881952047348e-05,0.0009924303740262985,,1.1194497346878052e-06,inf,6.876077182865204,12,False,0,0.07767689354702323
29,15,reference_eigen,3.5426903659189892,1.2892076721964476,1.5374053098763065,1.2892076721964476,1.9028782844543457e-05,0.0009891409426927567,,1.0794028639793396e-06,inf,5.653201015291446,12,False,0,0.06159499997033966
29,0,rjd,5.733367573147129,3.220438160539309,3.8255227237660545,3.220438160539309,3.78582626581192e-05,0.0007746228948235512,,1.8309801816940308e-06,inf,26.834016628136865,12,False,0,0.2961163229485589
29,1,rjd,239.8915091451803,40.60826944730269,49.984436074723384,40.60826944730269,1.7669983208179474e-05,0.0006676334887742996,,1.1995434761047363e-06,inf,156.10965811749628,12,False,0,0.542806741721971
29,2,rjd,5.5278598264688625,2.6912048673284668,3.366203746563734,2.6912048673284668,1.5579164028167725e-05,0.0006743427366018295,,1.2200325727462769e-06,inf,23.251989893220845,12,False,0,0.27700589669261916
29,3,rjd,5.635891603575797,2.847095555049115,3.4546299044835833,2.847095555049115,1.5059486031532288e-05,0.000670374371111393,,1.3103708624839783e-06,inf,21.009715652838658,12,False,0,0.2918593259427477
29,4,rjd,5.870069482029069,3.076250827092514,3.6857391940711888,3.076250827092514,1.450907438993454e-05,0.0006597442552447319,,1.1604279279708862e-06,inf,19.1450578334634,12,False,0,0.28722595323539857
29,5,rjd,6.102302993933615,3.277620745854935,3.8829670826432716,3.277620745854935,1.4390796422958374e-05,0.000669434666633606,,1.3802200555801392e-06,inf,25.626876956815632,12,False,0,0.3158103573803809
29,6,rjd,6.110494130265449,2.894107112694062,3.539321480520842,2.894107112694062,1.4499761164188385e-05,0.0006664441898465157,,1.189298927783966e-06,inf,24.88215260534625,12,False,0,0.3108740598607417
29,7,rjd,6.234760252151139,2.90280578407656,3.545798325883979,2.90280578407656,1.4789402484893799e-05,0.0007474925369024277,,1.319684088230133e-06,inf,12.15061523655483,12,False,0,0.3182588714823276
29,8,rjd,6.282796909611402,2.964358311537439,3.5278758831428547,2.964358311537439,2.7379952371120453e-05,0.0009862296283245087,,1.3299286365509033e-06,inf,30.714608013425376,12,False,0,0.2902531896564827
29,9,rjd,5.369347476995895,2.6443086268459233,3.2133275669667483,2.6443086268459233,1.9799917936325073e-05,0.0009918212890625,,1.2703239917755127e-06,inf,25.334838694634456,12,False,0,0.25934890404609445
29,10,rjd,6.483209136216197,3.1614388491809384,3.776033166076746,3.1614388491809384,1.993030309677124e-05,0.0009885402396321297,,1.1008232831954956e-06,inf,33.673722859548775,12,False,0,0.36156062182872306
29,11,rjd,5.586713959560155,2.756766485860539,3.467207194611627,2.756766485860539,1.9098632037639618e-05,0.00099107064306736,,1.0496005415916443e-06,inf,19.360950275550675,12,False,0,0.3009135227595332
29,12,rjd,5.637588973531223,2.59986730569242,3.1583928044981446,2.59986730569242,1.9259750843048096e-05,0.0009891213849186897,,1.0998919606208801e-06,inf,31.264252403246957,12,False,0,0.2852970745745577
29,13,rjd,5.499638795697661,2.7910707747058283,3.3830697350600305,2.7910707747058283,1.887977123260498e-05,0.0009719198569655418,,1.12876296043396e-06,inf,28.143819375566498,12,False,0,0.2853874009769872
29,14,rjd,6.399330771983044,3.2619695931846273,3.8439168992159103,3.2619695931846273,1.4750286936759949e-05,0.0006593447178602219,,1.0998919606208801e-06,inf,27.889112374476145,12,False,0,0.3006341871583201
29,15,rjd,5.544685393278263,2.9576171177858828,3.5304654281518517,2.9576171177858828,1.4569610357284546e-05,0.0006650732830166817,,1.2405216693878174e-06,inf,26.962439480649977,12,False,0,0.2893759093300817
30,0,identity,10.252517389446574,5.006343063160322,5.190018716866108,5.006343063160322,3.6640092730522156e-05,0.0009524906054139137,,3.1301751732826233e-06,inf,17.64659243778218,12,False,0,0.324842742942459
30,1,identity,50.38398941189875,18.137201863343222,20.215996543828673,18.137201863343222,1.891888678073883e-05,0.0007319925352931023,,1.1902302503585815e-06,inf,174.58547956260855,12,False,0,0.9495471219530088
30,2,identity,16.451853560657902,7.541587682295542,7.853259559239422,7.541587682295542,1.548975706100464e-05,0.0006832238286733627,,1.150183379650116e-06,inf,70.33935067245368,12,False,0,0.4948385177815991
30,3,identity,15.892705572794808,7.330294452199713,7.633137142678417,7.330294452199713,1.5409663319587708e-05,0.0006719436496496201,,1.2498348951339722e-06,inf,48.289051656035355,12,False,0,0.46795850716118637
30,4,identity,14.574246102470367,6.817057140757877,7.094672823866274,6.817057140757877,1.490022987127304e-05,0.0006729830056428909,,1.2200325727462769e-06,inf,32.67422647824293,12,False,0,0.43266323242548616
30,5,identity,13.286842681890493,6.298634854653507,6.549284121091173,6.298634854653507,1.5010125935077667e-05,0.00067165307700634,,1.1101365089416504e-06,inf,32.373692801365536,12,False,0,0.39571549213022744
30,6,identity,15.73129587147739,7.269583728820997,7.567791641338195,7.269583728820997,1.4279969036579132e-05,0.0006641335785388947,,1.1604279279708862e-06,inf,58.473079720020365,12,False,0,0.47691388781685196
30,7,identity,19.284924483827428,8.583297260287267,8.937459218439363,8.583297260287267,1.4520250260829926e-05,0.0006722928956151009,,1.1399388313293457e-06,inf,81.10964278209933,12,False,0,0.5510226483070187
30,8,identity,19.846951946911542,8.784097067830213,9.145629197014658,8.784097067830213,1.4510005712509155e-05,0.0008135419338941574,,1.2088567018508911e-06,inf,54.95946246050091,12,False,0,0.5485639555960617
30,9,identity,17.49164528713145,7.932465613098109,8.262740962596888,7.932465613098109,1.5409663319587708e-05,0.0006761625409126282,,1.0998919606208801e-06,inf,58.98677504436953,12,False,0,0.5217081642783591
30,10,identity,18.90635985564369,8.447476825865389,8.796534052327386,8.447476825865389,1.490022987127304e-05,0.0006677340716123581,,9.695068001747131e-07,inf,62.234116693210424,12,False,0,0.5140147293282943
30,11,identity,17.517214153721916,7.939733887817342,8.268403656217874,7.939733887817342,1.5200115740299225e-05,0.0006829742342233658,,1.1194497346878052e-06,inf,43.22091234106452,12,False,0,0.5004008430240452
30,12,identity,19.47756627542092,8.653080363371153,9.0110808062534,8.653080363371153,1.5138648450374603e-05,0.0006770826876163483,,1.1203810572624207e-06,inf,74.21583795142575,12,False,0,0.5526744629336834
30,13,identity,15.953038608609969,7.353170076374241,7.657064936378475,7.353170076374241,1.4489516615867615e-05,0.0006812531501054764,,1.1203810572624207e-06,inf,42.73429611883503,12,False,0,0.45569534470520306
30,14,identity,15.139326440049052,7.037226874401362,7.324534915913714,7.037226874401362,1.4720484614372253e-05,0.0006948430091142654,,1.0896474123001099e-06,inf,43.03993373424552,12,False,0,0.43838266645530993
30,15,identity,13.670189460647249,6.4575629036942335,6.717961652510034,6.4575629036942335,1.5169382095336914e-05,0.0006802529096603394,,1.0998919606208801e-06,inf,34.98804292500813,12,False,0,0.4022237884264556
30,0,reference_eigen,0.7996007595564513,0.3579866689964132,0.47010786923117126,0.3579866689964132,3.662891685962677e-05,0.000772673636674881,,0.0021127592772245407,0.003992535187093769,2.0839974681888713e-13,12,True,0,0.02125136111006936
30,1,reference_eigen,818.4026815203805,41.13260968011208,56.39804457149382,41.13260968011208,1.6689300537109375e-05,0.0006814831867814064,,1.2200325727462769e-06,inf,176.53365008031975,12,False,0,0.6050408222906325
30,2,reference_eigen,6.392424136418946,2.6155197462151945,3.672970654990075,2.6155197462151945,1.4930032193660736e-05,0.0006620427593588829,,1.1594966053962708e-06,inf,24.923339246820447,12,False,0,0.15237971571330136
30,3,reference_eigen,5.079925217781284,1.6727522972303275,1.9769174715307773,1.6727522972303275,1.4849938452243805e-05,0.0006704432889819145,,1.1203810572624207e-06,inf,15.435691560822102,12,False,0,0.10571138335428956
30,4,reference_eigen,3.9558088017640842,1.3956826046039763,1.5900199816851155,1.3956826046039763,1.4659017324447632e-05,0.0006693648174405098,,1.2200325727462769e-06,inf,11.847755074681983,12,False,0,0.07290233913969058
30,5,reference_eigen,2.8178282399599355,0.9805884602885562,1.1291081347239111,0.9805884602885562,1.4510005712509155e-05,0.0006585130468010902,,0.0019333204254508018,59143.82364787863,9.863072127037198e-11,12,False,0,0.056884937107841586
30,6,reference_eigen,5.93986597580168,2.1511969389727366,2.7535544593158656,2.1511969389727366,2.0959414541721344e-05,0.0006587328389286995,,1.519918441772461e-06,inf,26.503955556478687,12,False,0,0.14435991213560487
30,7,reference_eigen,9.013522643949281,2.779527360218668,3.4435149598850274,2.779527360218668,1.415051519870758e-05,0.0006625344976782799,,1.1399388313293457e-06,inf,38.080450809425734,12,False,0,0.18874126657130874
30,8,reference_eigen,9.580100797973211,2.7837042077190004,3.4680529771291253,2.7837042077190004,1.4450401067733765e-05,0.0006685331463813782,,1.280568540096283e-06,inf,11.308409461328957,12,False,0,0.19192792824333318
30,9,reference_eigen,6.99971675031723,2.350984605164948,2.9032717798424743,2.350984605164948,1.4910474419593811e-05,0.0006578443571925163,,1.1902302503585815e-06,inf,25.115405586115568,12,False,0,0.15263139162766035
30,10,reference_eigen,8.634418917535868,2.718333832137398,3.3021211720803993,2.718333832137398,1.4038756489753723e-05,0.0006661145016551018,,1.2498348951339722e-06,inf,12.53514292833437,12,False,0,0.17280558986828579
30,11,reference_eigen,7.062191944836557,2.641029185518372,3.6324511598526,2.641029185518372,1.3919547200202942e-05,0.0006609326228499413,,1.169741153717041e-06,inf,19.539625459379828,12,False,0,0.14645634619288103
30,12,reference_eigen,9.714924550883296,3.15551254298815,3.9873962804733365,3.15551254298815,1.4249235391616821e-05,0.0006524138152599335,,1.2200325727462769e-06,inf,18.317388159080707,12,False,0,0.19829802227938392
30,13,reference_eigen,5.331546939629035,1.897145178547892,2.39052561215059,1.897145178547892,1.3910233974456787e-05,0.000662313774228096,,1.0207295417785645e-06,inf,5.126380048300421,12,False,0,0.09326534154170739
30,14,reference_eigen,4.296155906187346,1.431873294342667,1.6754947127329922,1.431873294342667,1.4369376003742218e-05,0.0006655938923358917,,1.239590346813202e-06,inf,2.779348863764043,12,False,0,0.0852497857135622
30,15,reference_eigen,3.540922688044271,1.2883552579933,1.537499118589539,1.2883552579933,1.3699755072593689e-05,0.0006580231711268425,,1.2004747986793518e-06,inf,1.645929464117044,12,False,0,0.06699241900340921
30,0,rjd,5.736495573330168,3.22130090421635,3.827589072092101,3.22130090421635,3.565941005945206e-05,0.0007601231336593628,,1.9399449229240417e-06,inf,28.308137290333175,12,False,0,0.34699855404148383
30,1,rjd,239.8915091451803,40.60826944730269,49.984436074723384,40.60826944730269,1.6730278730392456e-05,0.0006697345525026321,,1.2200325727462769e-06,inf,165.95499901955344,12,False,0,0.5425896714146944
30,2,rjd,5.532077533711073,2.6917883771058513,3.361267397166342,2.6917883771058513,1.544039696455002e-05,0.0006751827895641327,,1.1399388313293457e-06,inf,22.89704940365502,12,False,0,0.31279666113268284
30,3,rjd,5.63946566969172,2.8483616355464343,3.453677305862371,2.8483616355464343,1.4649704098701477e-05,0.0006725741550326347,,1.2898817658424377e-06,inf,26.40611380625399,12,False,0,0.3427671335100978
30,4,rjd,5.870052264804392,3.0759562451631224,3.684563384527983,3.0759562451631224,1.4599412679672241e-05,0.0006619943305850029,,1.2200325727462769e-06,inf,21.640690899657365,12,False,0,0.3184017940482273
30,5,rjd,6.104292033062078,3.277797140801592,3.8790160510501304,3.277797140801592,1.4269724488258362e-05,0.0006685229018330574,,1.239590346813202e-06,inf,27.535371566746775,12,False,0,0.36926634328448216
30,6,rjd,6.115931384551814,2.89579210983012,3.5395413617162776,2.89579210983012,1.4579854905605316e-05,0.0006697643548250198,,1.389533281326294e-06,inf,24.744287362840243,12,False,0,0.361700740366867
30,7,rjd,6.235639961302699,2.903581425098691,3.544526621222991,2.903581425098691,1.4360062777996063e-05,0.0006677042692899704,,1.280568540096283e-06,inf,15.053767873452363,12,False,0,0.35062787961528435
30,8,rjd,6.282460538476561,2.964258426235685,3.5263776493953127,2.964258426235685,1.488998532295227e-05,0.0006589526310563087,,1.1399388313293457e-06,inf,44.12555408607753,12,False,0,0.3406202014367952
30,9,rjd,5.374907983870291,2.647006037542844,3.215572959625114,2.647006037542844,1.4530494809150696e-05,0.0006670933216810226,,1.1203810572624207e-06,inf,29.67683050124827,12,False,0,0.31201331772425583
30,10,rjd,6.489617878945697,3.1646586152652665,3.7782769527441813,3.1646586152652665,1.4289282262325287e-05,0.0006662625819444656,,1.1194497346878052e-06,inf,36.60997345328325,12,False,0,0.4253057682612329
30,11,rjd,5.589251093025505,2.757342379860153,3.4667446833479287,2.757342379860153,1.4349818229675293e-05,0.0006587933748960495,,1.0896474123001099e-06,inf,29.24628175286782,12,False,0,0.32986693598878564
30,12,rjd,5.643050720090638,2.6012583534833293,3.158312264977858,2.6012583534833293,1.4759600162506104e-05,0.0006745439022779465,,1.0794028639793396e-06,inf,43.654409697991184,12,False,0,0.34079471615533813
30,13,rjd,5.502392843953572,2.791855051956966,3.3826922180185695,2.791855051956966,1.4609657227993011e-05,0.0006694430485367775,,1.0691583156585693e-06,inf,31.83584670556295,12,False,0,0.3270197034222427
30,14,rjd,6.4067353074214415,3.264966991646167,3.845029584744042,3.264966991646167,1.4510005712509155e-05,0.000661834143102169,,9.704381227493286e-07,inf,31.292678011286984,12,False,0,0.37154919865376845
30,15,rjd,5.54834843738065,2.9592760383052945,3.531572528361518,2.9592760383052945,1.4159828424453735e-05,0.00066385418176651,,1.1194497346878052e-06,inf,31.856545766659384,12,False,0,0.33576772780878356
31,0,identity,10.25515364712,5.008593872468055,5.1937315267334565,5.008593872468055,3.528967499732971e-05,0.0007700920104980469,,2.9802322387695312e-06,inf,25.06488961130023,12,False,0,0.2927656511566422
31,1,identity,50.38398941189875,18.137201863343222,20.215996543828673,18.137201863343222,1.701992005109787e-05,0.0006793038919568062,,1.2293457984924316e-06,inf,130.50194835683203,12,False,0,0.9760172096262321
31,2,identity,16.461356241805753,7.545294900406541,7.857084907333691,7.545294900406541,1.5508383512496948e-05,0.0006825234740972519,,1.0896474123001099e-06,inf,77.28822460680877,12,False,0,0.48193299623625835
31,3,identity,15.897201757747943,7.3332198473253465,7.637617030363836,7.3332198473253465,1.5059486031532288e-05,0.0006767138838768005,,1.1203810572624207e-06,inf,55.96426919996287,12,False,0,0.43504306722715186
31,4,identity,14.574064805646305,6.81808171705932,7.096936567390602,6.81808171705932,1.4689750969409943e-05,0.0006774533540010452,,1.1511147022247314e-06,inf,48.38606973783864,12,False,0,0.37937593971068456
31,5,identity,13.2911319690261,6.301420266719396,6.55313489843182,6.301420266719396,1.48797407746315e-05,0.000667273998260498,,1.0989606380462646e-06,inf,39.276331806983336,12,False,0,0.3435315307959851
31,6,identity,15.734654624798415,7.271179202264168,7.56918902191382,7.271179202264168,1.4959834516048431e-05,0.0006752926856279373,,1.019798219203949e-06,inf,60.10840186939582,12,False,0,0.46618013374994915
31,7,identity,19.288292629506092,8.58533541240183,8.94053345400291,8.58533541240183,1.4290213584899902e-05,0.0006788931787014008,,1.019798219203949e-06,inf,84.88455993479752,12,False,0,0.5154021246086726
31,8,identity,19.851565376593864,8.786026173968468,9.14732619940347,8.786026173968468,1.451931893825531e-05,0.0006654327735304832,,1.1799857020378113e-06,inf,59.491229232155916,12,False,0,0.5187540774608176
31,9,identity,17.492820988550225,7.935327671345387,8.269412699259822,7.935327671345387,1.4680437743663788e-05,0.0006723236292600632,,1.0998919606208801e-06,inf,67.88265010848484,12,False,0,0.5012440745638563
31,10,identity,18.907978971681338,8.44851690383034,8.797140288578671,8.44851690383034,1.4419667422771454e-05,0.0006740139797329903,,9.797513484954834e-07,inf,81.67907539216347,12,False,0,0.47284321272047497
31,11,identity,17.51852080785845,7.941441388719335,8.272018844830468,7.941441388719335,1.4299526810646057e-05,0.0006676139310002327,,1.1194497346878052e-06,inf,51.61505177699696,12,False,0,0.48443547877523185
31,12,identity,19.481445010633635,8.654866674903012,9.0125279272178,8.654866674903012,1.4920718967914581e-05,0.0006813639774918556,,1.0794028639793396e-06,inf,79.42369872439943,12,False,0,0.5350966176167913
31,13,identity,15.95692278027597,7.35586310140952,7.661315649657363,7.35586310140952,1.4308840036392212e-05,0.00067877396941185,,9.899958968162537e-07,inf,58.39817401648716,12,False,0,0.42888005249026334
31,14,identity,15.143437887566963,7.040034440454459,7.32867614519012,7.040034440454459,1.4600344002246857e-05,0.0006737932562828064,,1.000240445137024e-06,inf,53.47480888539761,12,False,0,0.39138012605932104
31,15,identity,13.670405154446303,6.459350733303934,6.7221847304059965,6.459350733303934,1.4250166714191437e-05,0.0006680423393845558,,1.0598450899124146e-06,inf,45.91740824022264,12,False,0,0.3672871713377666
31,0,reference_eigen,0.8037121944121423,0.3591809765106494,0.47152913070390223,0.3591809765106494,3.6289915442466736e-05,0.0007622130215167999,,0.002104388549923897,0.0036557908405872442,2.030536148714739e-13,12,True,0,0.021742630774191658
31,1,reference_eigen,818.4026815203805,41.13260968011208,56.39804457149382,41.13260968011208,1.6420148313045502e-05,0.0006855931133031845,,1.239590346813202e-06,inf,131.8792811835686,12,False,0,0.620422472973336
31,2,reference_eigen,6.40430695021198,2.6154410641690338,3.673029893929514,2.6154410641690338,1.521967351436615e-05,0.0006740028038620949,,1.280568540096283e-06,inf,26.200520633901235,12,False,0,0.17748934799692667
31,3,reference_eigen,5.088953546129766,1.6743810624159465,1.9781400855303355,1.6743810624159465,1.4610588550567627e-05,0.0006611933931708336,,1.2498348951339722e-06,inf,14.57344638410766,12,False,0,0.11985800436195082
31,4,reference_eigen,3.958480737965325,1.396533424322465,1.5912282802916167,1.396533424322465,1.517031341791153e-05,0.0006714537739753723,,1.2097880244255066e-06,inf,9.041853466515143,12,False,0,0.07432481813561122
31,5,reference_eigen,2.826351562112285,0.9837808660437588,1.1343247347074463,0.9837808660437588,1.4360062777996063e-05,0.0006677731871604919,,0.0018528522923588753,64991.865432023944,4.179706928812108e-11,12,False,0,0.05850140879713702
31,6,reference_eigen,5.946080078449969,2.1499941278289723,2.751775762780004,2.1499941278289723,1.4550052583217621e-05,0.00065610371530056,,1.3094395399093628e-06,inf,20.31136735578147,12,False,0,0.1786953981097303
31,7,reference_eigen,9.02355822110815,2.7804358035473795,3.4440415785946525,2.7804358035473795,1.4078803360462189e-05,0.0006704945117235184,,1.1110678315162659e-06,inf,38.5429782992731,12,False,0,0.20640266148471964
31,8,reference_eigen,9.596496740166517,2.7850765457283844,3.4701235927000784,2.7850765457283844,1.3859942555427551e-05,0.0006669331341981888,,1.1101365089416504e-06,inf,25.06587102086756,12,False,0,0.209615480590934
31,9,reference_eigen,7.009440692098879,2.352198383822994,2.90413121462886,2.352198383822994,1.4039687812328339e-05,0.0006550140678882599,,1.019798219203949e-06,inf,22.669486511573048,12,False,0,0.16870051042430126
31,10,reference_eigen,8.644661232036459,2.719586861462361,3.3031364424851932,2.719586861462361,1.3980083167552948e-05,0.0006638234481215477,,1.0710209608078003e-06,inf,21.005987667823902,12,False,0,0.17492471058230405
31,11,reference_eigen,7.069992839155974,2.6420181472487783,3.6330935236070987,2.6420181472487783,1.4260411262512207e-05,0.0006649233400821686,,1.0505318641662598e-06,inf,13.897232671562154,12,False,0,0.1729089801141594
31,12,reference_eigen,9.725552989965692,3.158416255917646,3.98946863700435,3.158416255917646,1.4089979231357574e-05,0.0006658835336565971,,1.0598450899124146e-06,inf,28.69548022941853,12,False,0,0.23098797271777982
31,13,reference_eigen,5.342112083392335,1.898350018308138,2.3913057061987466,1.898350018308138,1.4849938452243805e-05,0.0006562136113643646,,1.0402873158454895e-06,inf,4.905469967549491,12,False,0,0.1103915664352645
31,14,reference_eigen,4.306470279943144,1.4345739589415396,1.678975675728287,1.4345739589415396,1.3870187103748322e-05,0.000665273517370224,,9.397044777870178e-07,inf,7.087376695216556,12,False,0,0.08487615116646478
31,15,reference_eigen,3.544823276244142,1.289391434060043,1.5381971194570347,1.289391434060043,1.3929791748523712e-05,0.0006649736315011978,,1.0598450899124146e-06,inf,3.2247518752453996,12,False,0,0.06814331160892097
31,0,rjd,5.741759050938906,3.2215389369772716,3.827184609929122,3.2215389369772716,4.176050424575806e-05,0.0010899389162659645,,1.7397105693817139e-06,inf,18.326626264455868,12,False,0,0.31245341899488566
31,1,rjd,239.8915091451803,40.60826944730269,49.984436074723384,40.60826944730269,2.745073288679123e-05,0.0010031694546341896,,1.1799857020378113e-06,inf,124.37024078595037,12,False,0,0.5994796489472858
31,2,rjd,5.52938152256569,2.6888563906421843,3.356814543888473,2.6888563906421843,2.028048038482666e-05,0.0009978804737329483,,1.1101365089416504e-06,inf,13.938722069235133,12,False,0,0.2576010870524544
31,3,rjd,5.641485968762392,2.8486966268645166,3.4532410863797045,2.8486966268645166,1.9820407032966614e-05,0.0009963996708393097,,1.1203810572624207e-06,inf,15.701430763402321,12,False,0,0.3053375008770435
31,4,rjd,5.869977198005873,3.0759688171932362,3.6846219796967032,3.0759688171932362,1.948978751897812e-05,0.0009936811402440071,,1.1296942830085754e-06,inf,12.285857213296676,12,False,0,0.3218789831124409
31,5,rjd,6.109117044072469,3.278445180972457,3.8787907009632887,3.278445180972457,1.9799917936325073e-05,0.0009948210790753365,,1.1296942830085754e-06,inf,18.087163441696,12,False,0,0.3997964652792368
31,6,rjd,6.118612769753278,2.8943993732960007,3.537214824282155,2.8943993732960007,1.9130297005176544e-05,0.0009601814672350883,,1.1799857020378113e-06,inf,14.371881420377628,12,False,0,0.28140250330301414
31,7,rjd,6.236992651367282,2.9031743151408413,3.543163276237222,2.9031743151408413,1.446995884180069e-05,0.0006632227450609207,,1.2200325727462769e-06,inf,1.528363943013904,12,False,0,0.3075431559761842
31,8,rjd,6.289750267504633,2.9661362382021315,3.527422213619309,2.9661362382021315,1.5089288353919983e-05,0.0006730938330292702,,1.1110678315162659e-06,inf,26.828972809215973,12,False,0,0.3409543774071008
31,9,rjd,5.3800808426882325,2.6485638193222814,3.217044244183642,2.6485638193222814,1.4400109648704529e-05,0.0006677526980638504,,1.1296942830085754e-06,inf,16.03192805758179,12,False,0,0.273799900677195
31,10,rjd,6.491511945209505,3.1660119005489875,3.779690032227122,3.1660119005489875,1.409929245710373e-05,0.0006589032709598541,,1.0905787348747253e-06,inf,27.16111352185326,12,False,0,0.4116980984781923
31,11,rjd,5.594628612802425,2.758594491436719,3.467961742622877,2.758594491436719,1.4279037714004517e-05,0.0006671743467450142,,1.0700896382331848e-06,inf,19.44729194620522,12,False,0,0.2595653436057044
31,12,rjd,5.639648172863456,2.599985419456636,3.15653918292439,2.599985419456636,1.4049932360649109e-05,0.0006668837741017342,,1.080334186553955e-06,inf,29.5883500709832,12,False,0,0.2801797958479423
31,13,rjd,5.5097927311160415,2.793360539786453,3.383283929622936,2.793360539786453,1.3969838619232178e-05,0.0006577735766768456,,1.1101365089416504e-06,inf,25.139617450411485,12,False,0,0.27266408682892385
31,14,rjd,6.413960546346419,3.2671870929408895,3.8465229984525515,3.2671870929408895,1.4118850231170654e-05,0.0006686132401227951,,1.0598450899124146e-06,inf,19.703044266881122,12,False,0,0.3978933489743375
31,15,rjd,5.551332765058018,2.960334655206694,3.532749121296869,2.960334655206694,1.3950280845165253e-05,0.0006690230220556259,,1.1296942830085754e-06,inf,24.02511862336895,12,False,0,0.3092087580435577
