building,site,common_days,overlap,method,calibrated,n,mae,rmse,bias,coverage90,coverage95,width90,normalized_is90,interval_score90,reservation_loss,normalized_reservation_loss
Bear_assembly_Beatrice,Bear,0,0.0,individual_0,False,117,14.52575010433075,18.017321137458968,7.755573156147334,0.9230769230769231,0.9572649572649573,71.79432056475085,1.88613072651186,83.55141395712936,26.390597005644324,0.5957543211522192
Bear_assembly_Beatrice,Bear,0,0.0,individual_0,True,117,14.52575010433075,18.017321137458968,7.755573156147334,0.6752136752136753,0.7606837606837606,31.831571138770883,2.2033528854015234,97.60365304173442,22.393110148284165,0.5055130860444204
Bear_assembly_Beatrice,Bear,0,0.0,individual_1,False,117,15.803095753968906,19.624592071281867,12.276741688870478,0.8974358974358975,0.9829059829059829,74.20275470028947,1.8514191831884228,82.01376946380685,31.31606864289947,0.7069443412559651
Bear_assembly_Beatrice,Bear,0,0.0,individual_1,True,117,15.803095753968906,19.624592071281867,12.276741688870478,0.6495726495726496,0.7948717948717948,36.12919875082808,2.45907692834316,108.9316617901636,21.3586411605894,0.4821604741506725
Bear_assembly_Beatrice,Bear,0,0.0,individual_2,False,117,14.68482297845759,18.254291033910704,-10.799056676357639,0.9743589743589743,1.0,71.94887547323309,1.6382395205383364,72.57038253894697,23.256471058065337,0.5250030200010504
Bear_assembly_Beatrice,Bear,0,0.0,individual_2,True,117,14.68482297845759,18.254291033910704,-10.799056676357639,0.6495726495726496,0.7521367521367521,41.232599763601286,2.0047522673065634,88.80608550235135,22.540702508721214,0.5088449086053356
Bear_assembly_Beatrice,Bear,0,0.0,individual_3,False,117,12.277867471382638,16.242571313171325,-2.1487845787154223,0.9572649572649573,1.0,72.03723805993083,1.6469004154236184,72.9540410010185,21.805243687022962,0.4922422993137557
Bear_assembly_Beatrice,Bear,0,0.0,individual_3,True,117,12.277867471382638,16.242571313171325,-2.1487845787154223,0.7094017094017094,0.7948717948717948,34.63052147821649,1.9975859303798522,88.48863264783621,22.52645276219375,0.5085232278162559
Bear_assembly_Beatrice,Bear,0,0.0,seasonal_naive,False,117,14.364064957264958,19.69979351282734,4.224201709401709,0.8290598290598291,0.9487179487179487,60.68327347209761,1.8226082030853694,80.73750685312736,25.920400834149703,0.5851398814372996
Bear_assembly_Beatrice,Bear,0,0.0,seasonal_naive,True,117,14.364064957264958,19.69979351282734,4.224201709401709,0.6666666666666666,0.7948717948717948,40.98000000000005,2.523801194120559,111.79880341880335,25.29928290598291,0.5711184597327682
Bear_assembly_Beatrice,Bear,0,0.0,equal_weight,False,117,12.569173006979,15.38592272326781,1.771118397486188,0.9743589743589743,1.0,72.37708002124407,1.6504477595698486,73.11118049036779,22.06564203919006,0.49812065983327275
Bear_assembly_Beatrice,Bear,0,0.0,equal_weight,True,117,12.569173006979,15.38592272326781,1.771118397486188,0.7350427350427351,0.7692307692307693,32.445739480918604,1.7760763061844085,78.67624687494302,21.52012806232847,0.485805958923145
Bear_assembly_Beatrice,Bear,0,0.0,naive_independence,False,117,12.543755204501492,15.37484557263839,1.6223043790229905,0.7692307692307693,0.8461538461538461,36.23764276692897,1.6511504085077147,73.14230628215357,21.372470720759157,0.4824726694461789
Bear_assembly_Beatrice,Bear,0,0.0,naive_independence,True,117,12.543755204501492,15.37484557263839,1.6223043790229905,0.7350427350427351,0.7692307692307693,32.665061913953835,1.7694117462075332,78.38102162801657,21.53077455958632,0.48604629819039014
Bear_assembly_Beatrice,Bear,0,0.0,duplicate_aware_independence,False,117,12.543755204501492,15.37484557263839,1.6223043790229905,0.7692307692307693,0.8461538461538461,36.23764276692897,1.6511504085077147,73.14230628215357,21.372470720759157,0.4824726694461789
Bear_assembly_Beatrice,Bear,0,0.0,duplicate_aware_independence,True,117,12.543755204501492,15.37484557263839,1.6223043790229905,0.7350427350427351,0.7692307692307693,32.665061913953835,1.7694117462075332,78.38102162801657,21.53077455958632,0.48604629819039014
Bear_assembly_Beatrice,Bear,0,0.0,common_corrected,False,117,12.392882767138188,15.551781905949136,0.20633505018621714,0.9743589743589743,1.0,71.13365484693091,1.6314603923925175,72.27008217587128,21.23916490792794,0.47946335843999277
Bear_assembly_Beatrice,Bear,0,0.0,common_corrected,True,117,12.392882767138188,15.551781905949136,0.20633505018621714,0.717948717948718,0.7606837606837606,34.25429740363811,1.7709534067941861,78.44931377767846,21.858503129340775,0.4934446041686329
Bear_assembly_Beatrice,Bear,0,0.0,ci,False,117,14.856071967630275,18.939439246114357,4.23219720495744,0.9230769230769231,0.9572649572649573,71.70695458081502,1.8841584838058558,83.46404797319353,26.467182722071776,0.5974832047955272
Bear_assembly_Beatrice,Bear,0,0.0,ci,True,117,14.856071967630275,18.939439246114357,4.23219720495744,0.7264957264957265,0.7692307692307693,38.78740456020163,2.2542193285087264,99.8569238171045,25.329999387020617,0.5718118686884235
Bear_assembly_Beatrice,Bear,0,0.0,ci_cleaned_mask,True,117,14.856071967630275,18.939439246114357,4.23219720495744,0.7264957264957265,0.7692307692307693,38.78740456020163,2.2542193285087264,99.8569238171045,25.329999387020617,0.5718118686884235
Bear_assembly_Beatrice,Bear,0,0.0,exact_lineage,False,117,12.392882767138184,15.551781905949133,0.20633505018621756,0.9743589743589743,1.0,71.13365484693091,1.6314603923925175,72.27008217587128,21.23916490792794,0.47946335843999277
Bear_assembly_Beatrice,Bear,0,0.0,exact_lineage,True,117,12.392882767138184,15.551781905949133,0.20633505018621756,0.717948717948718,0.7606837606837606,34.25429740363811,1.7709534067941861,78.44931377767846,21.85850312934078,0.49344460416863295
Bear_assembly_Beatrice,Bear,0,0.0,exact_lineage_cleaned_mask,True,117,12.392882767138184,15.551781905949133,0.20633505018621756,0.717948717948718,0.7606837606837606,34.25429740363811,1.7709534067941861,78.44931377767846,21.85850312934078,0.49344460416863295
Bear_assembly_Beatrice,Bear,0,0.0,shrinkage,False,117,12.8289029321443,16.47221675059246,-7.008182772050101,0.5897435897435898,0.6923076923076923,32.872447904179865,2.123743921721027,94.07715226123543,29.200790853564083,0.659193019708963
Bear_assembly_Beatrice,Bear,0,0.0,shrinkage,True,117,12.8289029321443,16.47221675059246,-7.008182772050101,0.6666666666666666,0.7606837606837606,37.200109308687395,1.851970639203338,82.03819774395397,22.23643318768465,0.5019761832497548
Bear_assembly_Beatrice,Bear,0,0.0,shrinkage_cleaned_mask,True,117,12.8289029321443,16.47221675059246,-7.008182772050101,0.6666666666666666,0.7606837606837606,37.200109308687395,1.851970639203338,82.03819774395397,22.23643318768465,0.5019761832497548
Bear_assembly_Beatrice,Bear,0,0.0,pooled_privileged,False,117,12.826376007576025,15.608450159129834,3.8687070406398756,0.9572649572649573,1.0,71.03391842453395,1.6570539944952787,73.40382206668812,23.014706617161583,0.5195453105623985
Bear_assembly_Beatrice,Bear,0,0.0,pooled_privileged,True,117,12.826376007576025,15.608450159129834,3.8687070406398756,0.6923076923076923,0.7777777777777778,29.142156335317967,1.8932486348597488,83.86672153285778,21.11225390882643,0.4765984071052314
Bear_assembly_Beatrice,Bear,0,0.0,sketch_512,False,117,13.449964946087494,17.59976090364894,1.3752294782895587,0.9230769230769231,0.9572649572649573,71.65681799846493,1.8830266759283574,83.41391139084344,22.886635948299244,0.5166541802718911
Bear_assembly_Beatrice,Bear,0,0.0,sketch_512,True,117,13.449964946087494,17.59976090364894,1.3752294782895587,0.6837606837606838,0.7692307692307693,34.172411449693314,2.170828985283621,96.16291629742791,24.1785067326162,0.5458175069659604
Bear_assembly_Beatrice,Bear,0,0.0,uninflated_512,False,117,12.473925178458158,15.578221135866595,0.45518751573382465,0.9658119658119658,1.0,71.14178217101733,1.6337857412146004,72.37308997872272,21.34682885173611,0.48189381727888486
Bear_assembly_Beatrice,Bear,0,0.0,uninflated_512,True,117,12.473925178458158,15.578221135866595,0.45518751573382465,0.717948717948718,0.7521367521367521,34.676974231651634,1.7513296659734947,77.5800255201624,21.974310426770128,0.49605889507875295
Bear_assembly_Beatrice,Bear,0,0.0,sketch_2048,False,117,12.399112468650415,15.687154810438717,-0.08156432564685469,0.9658119658119658,1.0,71.3830504489344,1.63982386801625,72.64056562335274,21.20367447927643,0.47866218004208994
Bear_assembly_Beatrice,Bear,0,0.0,sketch_2048,True,117,12.399112468650415,15.687154810438717,-0.08156432564685469,0.7094017094017094,0.7606837606837606,34.46081102312536,1.7979078896590617,79.64333767230451,22.09650829777248,0.498817449940914
Bear_assembly_Beatrice,Bear,0,0.0,sketch_2048_cleaned_mask,True,117,12.399112468650415,15.687154810438717,-0.08156432564685469,0.7094017094017094,0.7606837606837606,34.46081102312536,1.7979078896590617,79.64333767230451,22.09650829777248,0.498817449940914
Bear_assembly_Beatrice,Bear,0,0.0,uninflated_2048,False,117,12.400091500029543,15.557383807858628,0.30616336577565667,0.9743589743589743,1.0,71.13220284772818,1.6324505402096765,72.3139435312839,21.292635637114234,0.48067043298859363
Bear_assembly_Beatrice,Bear,0,0.0,uninflated_2048,True,117,12.400091500029543,15.557383807858628,0.30616336577565667,0.7264957264957265,0.7606837606837606,34.61121886127267,1.758037928796693,77.87718670639194,21.764349479459387,0.49131913335199723
Bear_assembly_Beatrice,Bear,21,0.5,individual_0,False,117,14.954783155271125,18.63682415180323,11.855106706030769,0.8974358974358975,0.9829059829059829,67.30533386335605,1.6821034206255399,74.51345616711367,29.092755866911798,0.6567541847663524
Bear_assembly_Beatrice,Bear,21,0.5,individual_0,True,117,14.954783155271125,18.63682415180323,11.855106706030769,0.8034188034188035,0.8461538461538461,47.32019744350492,1.8646740480459012,82.60093062134818,20.0221435809192,0.451989720221623
Bear_assembly_Beatrice,Bear,21,0.5,individual_1,False,117,12.247057674211455,14.67117073237363,0.3798956916150066,0.9914529914529915,1.0,66.0864445851676,1.4943249382745176,66.19528527332483,20.33227685406517,0.4589908213172245
Bear_assembly_Beatrice,Bear,21,0.5,individual_1,True,117,12.247057674211455,14.67117073237363,0.3798956916150066,0.7350427350427351,0.7948717948717948,31.97051358387044,1.5979858431370284,70.78723378017918,21.156218743710937,0.4775908909189014
Bear_assembly_Beatrice,Bear,21,0.5,individual_2,False,117,11.857631721314922,14.674253560426227,-2.5547103010101226,0.9829059829059829,1.0,66.10500618556823,1.5186225102590423,67.27161390023106,19.844522229755594,0.44798000844958613
Bear_assembly_Beatrice,Bear,21,0.5,individual_2,True,117,11.857631721314922,14.674253560426227,-2.5547103010101226,0.7094017094017094,0.8205128205128205,32.05815689331349,1.6676520220371776,73.87329121526608,20.989858529346765,0.4738353935895281
Bear_assembly_Beatrice,Bear,21,0.5,individual_3,False,117,16.979196479759153,21.179357983034468,14.750437171768565,0.8717948717948718,0.905982905982906,66.28939801678831,1.9683548919712752,87.19376238452818,31.782710500383086,0.7174785441376544
Bear_assembly_Beatrice,Bear,21,0.5,individual_3,True,117,16.979196479759153,21.179357983034468,14.750437171768565,0.7094017094017094,0.811965811965812,45.999150207575255,2.387335545515394,105.75367741705239,20.259063510921198,0.4573380672876475
Bear_assembly_Beatrice,Bear,21,0.5,seasonal_naive,False,117,14.364064957264958,19.69979351282734,4.224201709401709,0.8290598290598291,0.9487179487179487,60.68327347209761,1.8226082030853694,80.73750685312736,25.920400834149703,0.5851398814372996
Bear_assembly_Beatrice,Bear,21,0.5,seasonal_naive,True,117,14.364064957264958,19.69979351282734,4.224201709401709,0.6666666666666666,0.7948717948717948,40.98000000000005,2.523801194120559,111.79880341880335,25.29928290598291,0.5711184597327682
Bear_assembly_Beatrice,Bear,21,0.5,equal_weight,False,117,12.823383758114726,15.682945105356286,6.1076823171010535,0.9658119658119658,1.0,66.40780312439135,1.543675781988546,68.38141835218619,23.91911449032485,0.5399618588657912
Bear_assembly_Beatrice,Bear,21,0.5,equal_weight,True,117,12.823383758114726,15.682945105356286,6.1076823171010535,0.7435897435897436,0.8290598290598291,34.14079270174694,1.730571817269851,76.66049879514846,20.35394134437861,0.45947988618063146
Bear_assembly_Beatrice,Bear,21,0.5,naive_independence,False,117,12.810774365030483,15.65983936868383,6.043947412562176,0.7350427350427351,0.8034188034188035,33.22032287293991,1.7595237265146983,77.94300425469264,19.51880319107959,0.4406270666146109
Bear_assembly_Beatrice,Bear,21,0.5,naive_independence,True,117,12.810774365030483,15.65983936868383,6.043947412562176,0.7435897435897436,0.8290598290598291,34.10323091352257,1.7273684747625262,76.51859781653977,20.352268060729333,0.4594421126522661
Bear_assembly_Beatrice,Bear,21,0.5,duplicate_aware_independence,False,117,12.810774365030483,15.65983936868383,6.043947412562176,0.7350427350427351,0.8034188034188035,33.22032287293991,1.7595237265146983,77.94300425469264,19.51880319107959,0.4406270666146109
Bear_assembly_Beatrice,Bear,21,0.5,duplicate_aware_independence,True,117,12.810774365030483,15.65983936868383,6.043947412562176,0.7435897435897436,0.8290598290598291,34.10323091352257,1.7273684747625262,76.51859781653977,20.352268060729333,0.4594421126522661
Bear_assembly_Beatrice,Bear,21,0.5,common_corrected,False,117,12.598985512691792,15.298824464072053,4.816248194664211,0.9658119658119658,1.0,65.33501653482975,1.523017370966057,67.46629649622206,22.7156136948693,0.5127934397788932
Bear_assembly_Beatrice,Bear,21,0.5,common_corrected,True,117,12.598985512691792,15.298824464072053,4.816248194664211,0.7606837606837606,0.8290598290598291,33.43825946695365,1.682068672739381,74.51191691271323,20.425746762096324,0.4611008570089275
Bear_assembly_Beatrice,Bear,21,0.5,ci,False,117,12.260391208346384,15.015122681535287,-0.5449738870290715,0.9743589743589743,1.0,66.02736478854904,1.5193268184074484,67.30281319136911,21.31622017019565,0.4812028418421185
Bear_assembly_Beatrice,Bear,21,0.5,ci,True,117,12.260391208346384,15.015122681535287,-0.5449738870290715,0.7008547008547008,0.7863247863247863,30.384762722746736,1.805039140567959,79.95923629393576,21.783147371706534,0.49174348622027053
Bear_assembly_Beatrice,Bear,21,0.5,ci_cleaned_mask,True,117,12.260391208346384,15.015122681535287,-0.5449738870290715,0.7008547008547008,0.7863247863247863,30.384762722746736,1.805039140567959,79.95923629393576,21.783147371706534,0.49174348622027053
Bear_assembly_Beatrice,Bear,21,0.5,exact_lineage,False,117,12.435617039241238,15.103222306456823,3.2742477909198597,0.9658119658119658,1.0,65.75409268555504,1.5292082987847673,67.74054088749836,21.855028098662174,0.4933661571163563
Bear_assembly_Beatrice,Bear,21,0.5,exact_lineage,True,117,12.435617039241238,15.103222306456823,3.2742477909198597,0.7606837606837606,0.811965811965812,34.16015111527556,1.6370906089083832,72.51948829824293,20.607338075953862,0.4652001886720649
Bear_assembly_Beatrice,Bear,21,0.5,exact_lineage_cleaned_mask,True,117,12.435617039241238,15.103222306456823,3.2742477909198597,0.7606837606837606,0.811965811965812,34.16015111527556,1.6370906089083832,72.51948829824293,20.607338075953862,0.4652001886720649
Bear_assembly_Beatrice,Bear,21,0.5,shrinkage,False,117,12.995245322147456,15.795985314058415,5.737030446064454,0.7606837606837606,0.8205128205128205,34.182431624163485,1.744032474609518,77.25677610388065,19.654837396058998,0.443697969687537
Bear_assembly_Beatrice,Bear,21,0.5,shrinkage,True,117,12.995245322147456,15.795985314058415,5.737030446064454,0.7521367521367521,0.811965811965812,33.07108243477518,1.7805453046359885,78.87421360882486,20.4619527631354,0.46191818908997356
Bear_assembly_Beatrice,Bear,21,0.5,shrinkage_cleaned_mask,True,117,12.995245322147456,15.795985314058415,5.737030446064454,0.7521367521367521,0.811965811965812,33.07108243477518,1.7805453046359885,78.87421360882486,20.4619527631354,0.46191818908997356
Bear_assembly_Beatrice,Bear,21,0.5,pooled_privileged,False,117,13.66380963390908,16.983271808856145,8.13138189901476,0.9230769230769231,0.9658119658119658,65.50625940913535,1.6911058624876547,74.91224440383233,25.34339607908512,0.572114292206348
Bear_assembly_Beatrice,Bear,21,0.5,pooled_privileged,True,117,13.66380963390908,16.983271808856145,8.13138189901476,0.7435897435897436,0.8461538461538461,33.14580466229394,1.9822628684705592,87.80985494135044,20.647895743000923,0.46611575740262345
Bear_assembly_Beatrice,Bear,21,0.5,sketch_512,False,117,12.260391208346384,15.015122681535287,-0.5449738870290715,0.9743589743589743,1.0,66.02736478854904,1.5193268184074484,67.30281319136911,21.31622017019565,0.4812028418421185
Bear_assembly_Beatrice,Bear,21,0.5,sketch_512,True,117,12.260391208346384,15.015122681535287,-0.5449738870290715,0.7008547008547008,0.7863247863247863,30.384762722746736,1.805039140567959,79.95923629393576,21.783147371706534,0.49174348622027053
Bear_assembly_Beatrice,Bear,21,0.5,uninflated_512,False,117,12.697571933149234,15.366593666813339,3.676042157028016,0.9572649572649573,1.0,65.73393768535644,1.535879944520651,68.036080017856,22.20441711776003,0.5012534367351601
Bear_assembly_Beatrice,Bear,21,0.5,uninflated_512,True,117,12.697571933149234,15.366593666813339,3.676042157028016,0.7606837606837606,0.811965811965812,34.22737021428795,1.664116965560824,73.71669604247873,20.82877070162713,0.4701989177103173
Bear_assembly_Beatrice,Bear,21,0.5,sketch_2048,False,117,12.441378746588857,15.153648550613728,2.944059633300895,0.9658119658119658,1.0,65.96620379574493,1.529981993722315,67.77481385972395,21.841533686820306,0.49306152762409877
Bear_assembly_Beatrice,Bear,21,0.5,sketch_2048,True,117,12.441378746588857,15.153648550613728,2.944059633300895,0.7606837606837606,0.8205128205128205,34.380341357286014,1.6483715029281498,73.01920691944112,20.853566270703112,0.47075866508622116
Bear_assembly_Beatrice,Bear,21,0.5,sketch_2048_cleaned_mask,True,117,12.441378746588857,15.153648550613728,2.944059633300895,0.7606837606837606,0.8205128205128205,34.380341357286014,1.6483715029281498,73.01920691944112,20.853566270703112,0.47075866508622116
Bear_assembly_Beatrice,Bear,21,0.5,uninflated_2048,False,117,12.41370505942868,15.10337473491348,3.241328817173898,0.9658119658119658,1.0,65.74146923295345,1.5264102520466851,67.61659361385564,21.9019577743634,0.49442557070534393
Bear_assembly_Beatrice,Bear,21,0.5,uninflated_2048,True,117,12.41370505942868,15.10337473491348,3.241328817173898,0.7606837606837606,0.8205128205128205,34.32255660882568,1.6402161721948205,72.65794382962451,20.672810759159336,0.46667820123573484
Bear_assembly_Beatrice,Bear,21,0.5,exact_r0.5,False,117,11.961337323936904,14.563331663031413,-1.4249455938655327,0.9914529914529915,1.0,71.51729984303743,1.615913051154473,71.58136939183487,20.566243972089993,0.46427251015287335
Bear_assembly_Beatrice,Bear,21,0.5,exact_r0.5,True,117,11.961337323936904,14.563331663031413,-1.4249455938655327,0.7094017094017094,0.811965811965812,30.519808756152567,1.6877497759113458,74.76357720125104,21.042510295386293,0.4750239804611186
Bear_assembly_Beatrice,Bear,21,0.5,sketch_2048_r0.5,False,117,12.012519647260168,14.591976527407619,-1.936038391097119,0.9914529914529915,1.0,71.63008004700416,1.62401013055393,71.94005207657057,20.62005539576053,0.46548727570638543
Bear_assembly_Beatrice,Bear,21,0.5,sketch_2048_r0.5,True,117,12.012519647260168,14.591976527407619,-1.936038391097119,0.717948717948718,0.811965811965812,31.62822439911033,1.647664145170845,72.98787253738284,20.88007841783005,0.4713571633396149
Bear_assembly_Beatrice,Bear,21,0.5,exact_r1.0,False,117,11.866096895275614,14.661531911618829,-2.4941234783380026,1.0,1.0,86.13976277133874,1.9445613861284146,86.13976277133874,21.975282395413824,0.49608083677713066
Bear_assembly_Beatrice,Bear,21,0.5,exact_r1.0,True,117,11.866096895275614,14.661531911618829,-2.4941234783380026,0.7094017094017094,0.811965811965812,32.02683480371342,1.6642858851665379,73.72417880690439,20.95683151500988,0.4730898255183796
Bear_assembly_Beatrice,Bear,21,0.5,sketch_2048_r1.0,False,117,11.857631721314922,14.674253560426227,-2.5547103010101226,1.0,1.0,86.14016367576126,1.9445704363420961,86.14016367576126,21.924379115576393,0.494931721093333
Bear_assembly_Beatrice,Bear,21,0.5,sketch_2048_r1.0,True,117,11.857631721314922,14.674253560426227,-2.5547103010101226,0.7094017094017094,0.811965811965812,32.02698386030818,1.6688993145859397,73.92854351278842,20.98732253168261,0.47377814473053
Bear_assembly_Beatrice,Bear,38,0.9047619047619048,individual_0,False,117,12.760810598955803,16.013157306591648,6.100879817399245,0.905982905982906,0.9658119658119658,59.16824368878479,1.5288893787640336,67.72641343689433,23.008697987995056,0.5194096688113085
Bear_assembly_Beatrice,Bear,38,0.9047619047619048,individual_0,True,117,12.760810598955803,16.013157306591648,6.100879817399245,0.7435897435897436,0.8376068376068376,35.154086250509636,1.8349641249991702,81.2848468291592,20.644946273073455,0.46604917461732226
Bear_assembly_Beatrice,Bear,38,0.9047619047619048,individual_1,False,117,14.760838579823604,18.92250759136762,11.171958949097583,0.8717948717948718,0.8974358974358975,59.43834910665085,1.9058941474122193,84.42688973282422,26.561353457244188,0.5996090613039285
Bear_assembly_Beatrice,Bear,38,0.9047619047619048,individual_1,True,117,14.760838579823604,18.92250759136762,11.171958949097583,0.8205128205128205,0.8717948717948718,47.94440821220478,2.057405857039191,91.13852291522119,20.258625368881518,0.45732817645367496
Bear_assembly_Beatrice,Bear,38,0.9047619047619048,individual_2,False,117,12.832894675062127,16.219706422149873,6.215973374699157,0.8974358974358975,0.9658119658119658,59.39104895608449,1.5567308753519793,68.95973007497669,23.116427866851183,0.5218416161004136
Bear_assembly_Beatrice,Bear,38,0.9047619047619048,individual_2,True,117,12.832894675062127,16.219706422149873,6.215973374699157,0.7435897435897436,0.811965811965812,35.67883934757743,1.8777408573652556,83.17976133503859,20.173610043739057,0.4554089986758115
Bear_assembly_Beatrice,Bear,38,0.9047619047619048,individual_3,False,117,14.35998145314051,18.256343467826163,10.14242092540742,0.8632478632478633,0.9145299145299145,59.20553998498585,1.7813501134882654,78.90986485856475,25.974313067584333,0.5863569227200253
Bear_assembly_Beatrice,Bear,38,0.9047619047619048,individual_3,True,117,14.35998145314051,18.256343467826163,10.14242092540742,0.7521367521367521,0.8376068376068376,40.158006103724006,2.0966393281832802,92.87647879625236,20.92739838562107,0.47242538757426394
Bear_assembly_Beatrice,Bear,38,0.9047619047619048,seasonal_naive,False,117,14.364064957264958,19.69979351282734,4.224201709401709,0.8290598290598291,0.9487179487179487,60.68327347209761,1.8226082030853694,80.73750685312736,25.920400834149703,0.5851398814372996
Bear_assembly_Beatrice,Bear,38,0.9047619047619048,seasonal_naive,True,117,14.364064957264958,19.69979351282734,4.224201709401709,0.6666666666666666,0.7948717948717948,40.98000000000005,2.523801194120559,111.79880341880335,25.29928290598291,0.5711184597327682
Bear_assembly_Beatrice,Bear,38,0.9047619047619048,equal_weight,False,117,13.418791764968912,17.179321187157747,8.407808266650852,0.8803418803418803,0.9316239316239316,59.29739832407251,1.6829487600458297,74.5509028312532,24.543293288389425,0.5540523781533631
Bear_assembly_Beatrice,Bear,38,0.9047619047619048,equal_weight,True,117,13.418791764968912,17.179321187157747,8.407808266650852,0.7777777777777778,0.8547008547008547,38.872429307506394,1.9376840528125983,85.83511213672786,20.253061038460523,0.4572025645210644
Bear_assembly_Beatrice,Bear,38,0.9047619047619048,naive_independence,False,117,13.418217520838361,17.178226557387582,8.406281055442003,0.6239316239316239,0.717948717948718,29.650166582089827,2.365321778465622,104.7785162907964,20.322231606696594,0.4587640549607987
Bear_assembly_Beatrice,Bear,38,0.9047619047619048,naive_independence,True,117,13.418217520838361,17.178226557387582,8.406281055442003,0.7777777777777778,0.8547008547008547,38.8673423668674,1.9375473589078904,85.82905689948628,20.25350377458625,0.4572125590641956
Bear_assembly_Beatrice,Bear,38,0.9047619047619048,duplicate_aware_independence,False,117,13.418217520838361,17.178226557387582,8.406281055442003,0.6239316239316239,0.717948717948718,29.650166582089827,2.365321778465622,104.7785162907964,20.322231606696594,0.4587640549607987
Bear_assembly_Beatrice,Bear,38,0.9047619047619048,duplicate_aware_independence,True,117,13.418217520838361,17.178226557387582,8.406281055442003,0.7777777777777778,0.8547008547008547,38.8673423668674,1.9375473589078904,85.82905689948628,20.25350377458625,0.4572125590641956
Bear_assembly_Beatrice,Bear,38,0.9047619047619048,common_corrected,False,117,13.405611261898704,17.153724704180927,8.36922423845036,0.8803418803418803,0.9145299145299145,58.32749293182813,1.6824547077530267,74.52901740886321,24.349516094616494,0.5496779564414827
Bear_assembly_Beatrice,Bear,38,0.9047619047619048,common_corrected,True,117,13.405611261898704,17.153724704180927,8.36922423845036,0.7777777777777778,0.8547008547008547,38.65921783483987,1.9377843257643939,85.83955400641717,20.266571986294935,0.45750756730495334
Bear_assembly_Beatrice,Bear,38,0.9047619047619048,ci,False,117,13.229412265267923,16.841168144230846,7.663917523078284,0.8803418803418803,0.9572649572649573,59.14010510843336,1.6253792668648652,72.00070178290892,24.183374259380994,0.5459273889100039
Bear_assembly_Beatrice,Bear,38,0.9047619047619048,ci,True,117,13.229412265267923,16.841168144230846,7.663917523078284,0.7264957264957265,0.8376068376068376,34.96214482682465,2.050174101949691,90.81817218097659,20.347019513286703,0.4593236293599764
Bear_assembly_Beatrice,Bear,38,0.9047619047619048,ci_cleaned_mask,True,117,13.229412265267923,16.841168144230846,7.663917523078284,0.7264957264957265,0.8376068376068376,34.96214482682465,2.050174101949691,90.81817218097659,20.347019513286703,0.4593236293599764
Bear_assembly_Beatrice,Bear,38,0.9047619047619048,exact_lineage,False,117,13.347043597461669,17.016737718497183,7.986197899455159,0.8803418803418803,0.9401709401709402,59.067174677650605,1.6493408759963193,73.06214799948349,24.3457009239725,0.5495918309022763
Bear_assembly_Beatrice,Bear,38,0.9047619047619048,exact_lineage,True,117,13.347043597461669,17.016737718497183,7.986197899455159,0.7435897435897436,0.8461538461538461,36.71815372125381,1.9855582830392384,87.95583450836448,20.569380462677756,0.46434331483457547
Bear_assembly_Beatrice,Bear,38,0.9047619047619048,exact_lineage_cleaned_mask,True,117,13.347043597461669,17.016737718497183,7.986197899455159,0.7435897435897436,0.8461538461538461,36.71815372125381,1.9855582830392384,87.95583450836448,20.569380462677756,0.46434331483457547
Bear_assembly_Beatrice,Bear,38,0.9047619047619048,shrinkage,False,117,13.362901172936745,17.035726579953526,8.020205073638445,0.7008547008547008,0.7692307692307693,33.29154519211949,2.1241557026512683,94.09539324447091,20.609182709479693,0.46524183033684885
Bear_assembly_Beatrice,Bear,38,0.9047619047619048,shrinkage,True,117,13.362901172936745,17.035726579953526,8.020205073638445,0.717948717948718,0.8461538461538461,36.175099485982635,2.0047877612434473,88.80765780514662,20.539704839428158,0.4636734027147377
Bear_assembly_Beatrice,Bear,38,0.9047619047619048,shrinkage_cleaned_mask,True,117,13.362901172936745,17.035726579953526,8.020205073638445,0.717948717948718,0.8461538461538461,36.175099485982635,2.0047877612434473,88.80765780514662,20.539704839428158,0.4636734027147377
Bear_assembly_Beatrice,Bear,38,0.9047619047619048,pooled_privileged,False,117,14.144209643530864,18.11573312375327,10.142630239738839,0.8717948717948718,0.9145299145299145,58.84321432808494,1.7782694503618932,78.77339830483334,25.65607107519182,0.5791727714066094
Bear_assembly_Beatrice,Bear,38,0.9047619047619048,pooled_privileged,True,117,14.144209643530864,18.11573312375327,10.142630239738839,0.7777777777777778,0.8376068376068376,41.05825941616077,2.049675014411026,90.79606370834648,20.207545433167557,0.45617507285320463
Bear_assembly_Beatrice,Bear,38,0.9047619047619048,sketch_512,False,117,13.229412265267923,16.841168144230846,7.663917523078284,0.8803418803418803,0.9572649572649573,59.14010510843336,1.6253792668648652,72.00070178290892,24.183374259380994,0.5459273889100039
Bear_assembly_Beatrice,Bear,38,0.9047619047619048,sketch_512,True,117,13.229412265267923,16.841168144230846,7.663917523078284,0.7264957264957265,0.8376068376068376,34.96214482682465,2.050174101949691,90.81817218097659,20.347019513286703,0.4593236293599764
Bear_assembly_Beatrice,Bear,38,0.9047619047619048,uninflated_512,False,117,13.262159941678489,16.92741788796885,7.799382672894651,0.8803418803418803,0.9401709401709402,59.02396496081713,1.6382890855440468,72.57257815892797,24.20571432308127,0.5464317044994319
Bear_assembly_Beatrice,Bear,38,0.9047619047619048,uninflated_512,True,117,13.262159941678489,16.92741788796885,7.799382672894651,0.7264957264957265,0.8461538461538461,36.367097790005715,1.9877079778566276,88.05106122783017,20.40372520084227,0.46060373145042594
Bear_assembly_Beatrice,Bear,38,0.9047619047619048,sketch_2048,False,117,13.229412265267923,16.841168144230846,7.663917523078284,0.8803418803418803,0.9572649572649573,59.14010510843336,1.6253792668648652,72.00070178290892,24.183374259380994,0.5459273889100039
Bear_assembly_Beatrice,Bear,38,0.9047619047619048,sketch_2048,True,117,13.229412265267923,16.841168144230846,7.663917523078284,0.7264957264957265,0.8376068376068376,34.96214482682465,2.050174101949691,90.81817218097659,20.347019513286703,0.4593236293599764
Bear_assembly_Beatrice,Bear,38,0.9047619047619048,sketch_2048_cleaned_mask,True,117,13.229412265267923,16.841168144230846,7.663917523078284,0.7264957264957265,0.8376068376068376,34.96214482682465,2.050174101949691,90.81817218097659,20.347019513286703,0.4593236293599764
Bear_assembly_Beatrice,Bear,38,0.9047619047619048,uninflated_2048,False,117,13.294675432034229,16.961180938506935,7.891786991495446,0.8803418803418803,0.9401709401709402,59.05913136436773,1.6440264789021697,72.8267319780463,24.25655075201111,0.5475793110579504
Bear_assembly_Beatrice,Bear,38,0.9047619047619048,uninflated_2048,True,117,13.294675432034229,16.961180938506935,7.891786991495446,0.7435897435897436,0.8461538461538461,36.54594340797987,1.9811498615585417,87.76055120013251,20.526499641983126,0.4633753020905699
Bobcat_assembly_Adam,Bobcat,0,0.0,individual_0,False,117,13.053622476995997,14.919416568159482,9.475355823215288,0.9829059829059829,0.9914529914529915,63.055883166425176,0.9040869792316025,64.38548618610398,28.242057554379564,0.39656882341186406
Bobcat_assembly_Adam,Bobcat,0,0.0,individual_0,True,117,13.053622476995997,14.919416568159482,9.475355823215288,0.905982905982906,0.9401709401709402,46.114114791387955,0.7631108954399811,54.34572905648465,20.792700123954578,0.2919665682231322
Bobcat_assembly_Adam,Bobcat,0,0.0,individual_1,False,117,12.833312904778456,14.792140486011098,8.596249373450203,0.9829059829059829,0.9914529914529915,62.9008079615433,0.9247045448470704,65.85378737461798,27.96883284039222,0.3927322614636288
Bobcat_assembly_Adam,Bobcat,0,0.0,individual_1,True,117,12.833312904778456,14.792140486011098,8.596249373450203,0.8717948717948718,0.9316239316239316,42.42360787170039,0.8068074347307752,57.457623145789135,21.48403948081802,0.3016742049561058
Bobcat_assembly_Adam,Bobcat,0,0.0,individual_2,False,117,8.520675792739953,11.437045494743945,2.5925984326383746,0.9829059829059829,0.9829059829059829,63.65859535759946,0.9352988317131454,66.60827043469594,23.087012826658178,0.32418280768437385
Bobcat_assembly_Adam,Bobcat,0,0.0,individual_2,True,117,8.520675792739953,11.437045494743945,2.5925984326383746,0.9316239316239316,0.9743589743589743,44.193944748213404,0.7456713080472307,53.10375086305727,18.621421610991966,0.2614779480676394
Bobcat_assembly_Adam,Bobcat,0,0.0,individual_3,False,117,16.311281007296373,17.646920323804157,13.950950361775195,0.9829059829059829,1.0,63.80428146356034,0.9085398934320735,64.70260506108878,31.47451454826188,0.4419582807601859
Bobcat_assembly_Adam,Bobcat,0,0.0,individual_3,True,117,16.311281007296373,17.646920323804157,13.950950361775195,0.7948717948717948,0.9145299145299145,42.30547631490552,0.891510434228417,63.48983456942022,17.820970291101162,0.25023818490532884
Bobcat_assembly_Adam,Bobcat,0,0.0,seasonal_naive,False,117,9.862905982905982,13.297912327668543,1.957774358974359,0.9401709401709402,0.9658119658119658,54.93827037830742,0.9141678776520076,65.10340775880725,17.827374596012117,0.25032811276056455
Bobcat_assembly_Adam,Bobcat,0,0.0,seasonal_naive,True,117,9.862905982905982,13.297912327668543,1.957774358974359,0.8717948717948718,0.9487179487179487,38.20000000000004,0.8520363865456003,60.67864957264954,16.036047863247862,0.2251746927807806
Bobcat_assembly_Adam,Bobcat,0,0.0,equal_weight,False,117,12.393932983675201,14.11843937141055,8.653788497769765,0.9829059829059829,0.9914529914529915,63.324905277206526,0.912559476893959,64.98886384083481,27.444246038884167,0.3853661278081444
Bobcat_assembly_Adam,Bobcat,0,0.0,equal_weight,True,117,12.393932983675201,14.11843937141055,8.653788497769765,0.9145299145299145,0.9401709401709402,44.81496443386755,0.7460307618261323,53.12934973445754,19.716359970601886,0.276852834126948
Bobcat_assembly_Adam,Bobcat,0,0.0,naive_independence,False,117,12.39315141977443,14.118052852918089,8.651805805191982,0.7521367521367521,0.8461538461538461,31.675432731161944,0.8316406213363203,59.22614412870075,22.09048339519443,0.31018975836882956
Bobcat_assembly_Adam,Bobcat,0,0.0,naive_independence,True,117,12.39315141977443,14.118052852918089,8.651805805191982,0.9145299145299145,0.9401709401709402,44.80237060399062,0.7460388146306313,53.12992322323101,19.72838643334057,0.2770217070983632
Bobcat_assembly_Adam,Bobcat,0,0.0,duplicate_aware_independence,False,117,12.39315141977443,14.118052852918089,8.651805805191982,0.7521367521367521,0.8461538461538461,31.675432731161944,0.8316406213363203,59.22614412870075,22.09048339519443,0.31018975836882956
Bobcat_assembly_Adam,Bobcat,0,0.0,duplicate_aware_independence,True,117,12.39315141977443,14.118052852918089,8.651805805191982,0.9145299145299145,0.9401709401709402,44.80237060399062,0.7460388146306313,53.12992322323101,19.72838643334057,0.2770217070983632
Bobcat_assembly_Adam,Bobcat,0,0.0,common_corrected,False,117,12.432035265577833,14.17462438146729,8.651225501923657,0.9829059829059829,0.9914529914529915,62.29506658051252,0.9027836374402618,64.29266735690962,27.334782186694436,0.3838290602278016
Bobcat_assembly_Adam,Bobcat,0,0.0,common_corrected,True,117,12.432035265577833,14.17462438146729,8.651225501923657,0.905982905982906,0.9401709401709402,44.134157475112396,0.7489685400886926,53.33856664177621,20.07161422078624,0.2818412369632643
Bobcat_assembly_Adam,Bobcat,0,0.0,ci,False,117,13.029299634780468,15.03277135723439,8.993620705141934,0.9829059829059829,0.9914529914529915,62.88544763630157,0.9244888585042251,65.83842704937626,28.3622744680464,0.39825688314034763
Bobcat_assembly_Adam,Bobcat,0,0.0,ci,True,117,13.029299634780468,15.03277135723439,8.993620705141934,0.8461538461538461,0.9230769230769231,41.57068420023711,0.8148133600744668,58.02777337188944,21.667085106627283,0.3042444917816353
Bobcat_assembly_Adam,Bobcat,0,0.0,ci_cleaned_mask,True,117,13.029299634780468,15.03277135723439,8.993620705141934,0.8461538461538461,0.9230769230769231,41.57068420023711,0.8148133600744668,58.02777337188944,21.667085106627283,0.3042444917816353
Bobcat_assembly_Adam,Bobcat,0,0.0,exact_lineage,False,117,12.432035265577834,14.174624381467286,8.651225501923658,0.9829059829059829,0.9914529914529915,62.29506658051252,0.9027836374402618,64.29266735690962,27.334782186694444,0.3838290602278017
Bobcat_assembly_Adam,Bobcat,0,0.0,exact_lineage,True,117,12.432035265577834,14.174624381467286,8.651225501923658,0.905982905982906,0.9401709401709402,44.134157475112396,0.7489685400886924,53.3385666417762,20.071614220786238,0.28184123696326424
Bobcat_assembly_Adam,Bobcat,0,0.0,exact_lineage_cleaned_mask,True,117,12.432035265577834,14.174624381467286,8.651225501923658,0.905982905982906,0.9401709401709402,44.134157475112396,0.7489685400886924,53.3385666417762,20.071614220786238,0.28184123696326424
Bobcat_assembly_Adam,Bobcat,0,0.0,shrinkage,False,117,12.373086368483449,14.111296010096481,8.607169804103616,0.9914529914529915,1.0,72.64940711001148,1.0293925645160629,73.30925261091333,29.235796508638703,0.41052268945403464
Bobcat_assembly_Adam,Bobcat,0,0.0,shrinkage,True,117,12.373086368483449,14.111296010096481,8.607169804103616,0.9145299145299145,0.9401709401709402,44.60008843957396,0.7470375371683443,53.20104827826756,19.79360751490544,0.27793752732598037
Bobcat_assembly_Adam,Bobcat,0,0.0,shrinkage_cleaned_mask,True,117,12.373086368483449,14.111296010096481,8.607169804103616,0.9145299145299145,0.9401709401709402,44.60008843957396,0.7470375371683443,53.20104827826756,19.79360751490544,0.27793752732598037
Bobcat_assembly_Adam,Bobcat,0,0.0,pooled_privileged,False,117,12.420178728952104,14.148634690803723,8.712865529233321,0.9829059829059829,0.9914529914529915,62.23993614103279,0.8972060010876937,63.8954502344657,27.253220832155396,0.38268379344463094
Bobcat_assembly_Adam,Bobcat,0,0.0,pooled_privileged,True,117,12.420178728952104,14.148634690803723,8.712865529233321,0.905982905982906,0.9401709401709402,44.459913072021,0.7445379529663099,53.02303781267289,19.61116587165553,0.27537572149205225
Bobcat_assembly_Adam,Bobcat,0,0.0,sketch_512,False,117,12.384695920626077,14.14810623095719,8.561175481324018,0.9829059829059829,0.9914529914529915,62.81967001333807,0.9111449530916682,64.88812707012087,27.466144202859983,0.3856736170590975
Bobcat_assembly_Adam,Bobcat,0,0.0,sketch_512,True,117,12.384695920626077,14.14810623095719,8.561175481324018,0.905982905982906,0.9401709401709402,42.02965673478827,0.7475353350088983,53.23649946462764,20.349536650265186,0.28574376320966166
Bobcat_assembly_Adam,Bobcat,0,0.0,uninflated_512,False,117,12.379160245685515,14.141340326137543,8.565004080603327,0.9829059829059829,0.9914529914529915,62.281610956128475,0.9029407323242106,64.30385503100817,27.29469104562998,0.38326610915348425
Bobcat_assembly_Adam,Bobcat,0,0.0,uninflated_512,True,117,12.379160245685515,14.141340326137543,8.565004080603327,0.905982905982906,0.9401709401709402,44.50052576132822,0.7517195282676379,53.53448110074138,20.196493304661807,0.28359476187078664
Bobcat_assembly_Adam,Bobcat,0,0.0,sketch_2048,False,117,12.448011288229834,14.198045507492456,8.664332575686998,0.9829059829059829,0.9914529914529915,62.530607988404356,0.9062308371462575,64.53816323744952,27.4152176438146,0.38495851740454307
Bobcat_assembly_Adam,Bobcat,0,0.0,sketch_2048,True,117,12.448011288229834,14.198045507492456,8.664332575686998,0.905982905982906,0.9401709401709402,43.822365521379126,0.7494339671028158,53.3717125063632,20.136414285086214,0.28275114535811025
Bobcat_assembly_Adam,Bobcat,0,0.0,sketch_2048_cleaned_mask,True,117,12.448011288229834,14.198045507492456,8.664332575686998,0.905982905982906,0.9401709401709402,43.822365521379126,0.7494339671028158,53.3717125063632,20.136414285086214,0.28275114535811025
Bobcat_assembly_Adam,Bobcat,0,0.0,uninflated_2048,False,117,12.429421121341631,14.169791472171244,8.663268924819894,0.9829059829059829,0.9914529914529915,62.27837607164136,0.9022229905291945,64.25274030920622,27.32399462220661,0.38367758359589615
Bobcat_assembly_Adam,Bobcat,0,0.0,uninflated_2048,True,117,12.429421121341631,14.169791472171244,8.663268924819894,0.905982905982906,0.9401709401709402,44.112266490295454,0.7480934146407027,53.2762436808919,19.98857549491366,0.28067522525347643
Bobcat_assembly_Adam,Bobcat,21,0.5,individual_0,False,117,25.45539971389976,26.851723243236897,23.915284173576342,0.5384615384615384,0.7435897435897436,52.523056630576036,1.530696710834669,109.0101441504262,38.28696104742623,0.5376171713182831
Bobcat_assembly_Adam,Bobcat,21,0.5,individual_0,True,117,25.45539971389976,26.851723243236897,23.915284173576342,0.8034188034188035,0.8974358974358975,63.88442146941343,1.1252831146918643,80.1381969885542,21.685898790274646,0.304508669431359
Bobcat_assembly_Adam,Bobcat,21,0.5,individual_1,False,117,13.298204786166368,15.061058541765185,9.415663637812607,0.9572649572649573,0.9829059829059829,52.353192786477415,0.7945749473250023,56.58647394557008,26.38497994547255,0.3704921439443453
Bobcat_assembly_Adam,Bobcat,21,0.5,individual_1,True,117,13.298204786166368,15.061058541765185,9.415663637812607,0.8974358974358975,0.9316239316239316,44.79686614465294,0.7787349735129345,55.458413882220924,20.0733592942581,0.28186574090502453
Bobcat_assembly_Adam,Bobcat,21,0.5,individual_2,False,117,27.61630769871287,29.1798315690599,26.78916907778207,0.4017094017094017,0.6495726495726496,52.62821289773896,1.9218565794804234,136.86699741542355,40.77078576176057,0.5724944971869195
Bobcat_assembly_Adam,Bobcat,21,0.5,individual_2,True,117,27.61630769871287,29.1798315690599,26.78916907778207,0.7264957264957265,0.8205128205128205,65.91793408101653,1.3208744880407852,94.06743826308428,20.804091173119986,0.29212651885549157
Bobcat_assembly_Adam,Bobcat,21,0.5,individual_3,False,117,24.209202061554265,25.726463186348074,22.60045027643617,0.5897435897435898,0.8034188034188035,52.22755752222675,1.4432204114399947,102.78042931582677,36.92758152094773,0.5185290599670563
Bobcat_assembly_Adam,Bobcat,21,0.5,individual_3,True,117,24.209202061554265,25.726463186348074,22.60045027643617,0.7521367521367521,0.8461538461538461,61.055286785004306,1.1669143346217112,83.10300723057536,23.818543432752037,0.334454801188736
Bobcat_assembly_Adam,Bobcat,21,0.5,seasonal_naive,False,117,9.862905982905982,13.297912327668543,1.957774358974359,0.9401709401709402,0.9658119658119658,54.93827037830742,0.9141678776520076,65.10340775880725,17.827374596012117,0.25032811276056455
Bobcat_assembly_Adam,Bobcat,21,0.5,seasonal_naive,True,117,9.862905982905982,13.297912327668543,1.957774358974359,0.8717948717948718,0.9487179487179487,38.20000000000004,0.8520363865456003,60.67864957264954,16.036047863247862,0.2251746927807806
Bobcat_assembly_Adam,Bobcat,21,0.5,equal_weight,False,117,22.453563289859574,23.76466755853637,20.680141791401798,0.7008547008547008,0.8888888888888888,52.426021284623,1.1481350369587167,81.76562018923879,35.23164605632671,0.49471510340627034
Bobcat_assembly_Adam,Bobcat,21,0.5,equal_weight,True,117,22.453563289859574,23.76466755853637,20.680141791401798,0.7521367521367521,0.8803418803418803,55.787602806402504,1.0654871136199418,75.8797631326959,21.05378121054982,0.2956326119993977
Bobcat_assembly_Adam,Bobcat,21,0.5,naive_independence,False,117,22.43436356471877,23.744023926822717,20.65807530312706,0.11965811965811966,0.1282051282051282,26.215969207983882,3.1603207523478063,225.0655001323956,29.7788705912183,0.4181484174853363
Bobcat_assembly_Adam,Bobcat,21,0.5,naive_independence,True,117,22.43436356471877,23.744023926822717,20.65807530312706,0.7521367521367521,0.8803418803418803,55.75961415209143,1.064172764149521,75.78616038028882,21.055808100569685,0.29566107314776896
Bobcat_assembly_Adam,Bobcat,21,0.5,duplicate_aware_independence,False,117,22.43436356471877,23.744023926822717,20.65807530312706,0.11965811965811966,0.1282051282051282,26.215969207983882,3.1603207523478063,225.0655001323956,29.7788705912183,0.4181484174853363
Bobcat_assembly_Adam,Bobcat,21,0.5,duplicate_aware_independence,True,117,22.43436356471877,23.744023926822717,20.65807530312706,0.7521367521367521,0.8803418803418803,55.75961415209143,1.064172764149521,75.78616038028882,21.055808100569685,0.29566107314776896
Bobcat_assembly_Adam,Bobcat,21,0.5,common_corrected,False,117,22.109515377047153,23.40155408453774,20.276839843626707,0.7094017094017094,0.8888888888888888,51.49034764354618,1.1388198787359558,81.10223159405884,34.68154051533411,0.486990641166799
Bobcat_assembly_Adam,Bobcat,21,0.5,common_corrected,True,117,22.109515377047153,23.40155408453774,20.276839843626707,0.7521367521367521,0.8717948717948718,55.471086793899445,1.043632482252461,74.3233630314476,21.207072022654646,0.2977850882090085
Bobcat_assembly_Adam,Bobcat,21,0.5,ci,False,117,24.364181286657153,25.844255721440213,22.748910677676122,0.5897435897435898,0.8034188034188035,52.22205407090549,1.445146343698887,102.91758656695285,37.07463394842819,0.5205939381379721
Bobcat_assembly_Adam,Bobcat,21,0.5,ci,True,117,24.364181286657153,25.844255721440213,22.748910677676122,0.7521367521367521,0.8461538461538461,61.048853116369074,1.16762577953271,83.15367351329101,23.89367900396048,0.33550983852137856
Bobcat_assembly_Adam,Bobcat,21,0.5,ci_cleaned_mask,True,117,24.364181286657153,25.844255721440213,22.748910677676122,0.7521367521367521,0.8461538461538461,61.048853116369074,1.16762577953271,83.15367351329101,23.89367900396048,0.33550983852137856
Bobcat_assembly_Adam,Bobcat,21,0.5,exact_lineage,False,117,21.17316449776851,22.448154424447406,19.202994242275167,0.7606837606837606,0.9145299145299145,51.87544611560192,1.0444154219360895,74.37912088809504,33.91615427051642,0.4762432541544137
Bobcat_assembly_Adam,Bobcat,21,0.5,exact_lineage,True,117,21.17316449776851,22.448154424447406,19.202994242275167,0.811965811965812,0.8803418803418803,54.72203659310206,0.9960712936186203,70.93624395538096,21.406971888760737,0.30059203860733696
Bobcat_assembly_Adam,Bobcat,21,0.5,exact_lineage_cleaned_mask,True,117,21.17316449776851,22.448154424447406,19.202994242275167,0.811965811965812,0.8803418803418803,54.72203659310206,0.9960712936186203,70.93624395538096,21.406971888760737,0.30059203860733696
Bobcat_assembly_Adam,Bobcat,21,0.5,shrinkage,False,117,22.19669644663516,23.50121403008677,20.383167507911654,0.9487179487179487,1.0,72.19359979336859,1.0361573032746731,73.79101045490451,39.46019378287844,0.5540914499571784
Bobcat_assembly_Adam,Bobcat,21,0.5,shrinkage,True,117,22.19669644663516,23.50121403008677,20.383167507911654,0.7606837606837606,0.8803418803418803,55.64874810238308,1.0494472646747546,74.73746875570434,20.964478976708342,0.2943786494743807
Bobcat_assembly_Adam,Bobcat,21,0.5,shrinkage_cleaned_mask,True,117,22.19669644663516,23.50121403008677,20.383167507911654,0.7606837606837606,0.8803418803418803,55.64874810238308,1.0494472646747546,74.73746875570434,20.964478976708342,0.2943786494743807
Bobcat_assembly_Adam,Bobcat,21,0.5,pooled_privileged,False,117,17.288547981195716,18.58790490965559,14.72191094808766,0.8888888888888888,0.9572649572649573,51.67163332440246,0.8506437687537534,60.57947286105074,29.98569427702384,0.4210525906524535
Bobcat_assembly_Adam,Bobcat,21,0.5,pooled_privileged,True,117,17.288547981195716,18.58790490965559,14.72191094808766,0.811965811965812,0.905982905982906,46.34459919473814,0.8862399759547056,63.114493450510516,20.736722135899846,0.29118053750220885
Bobcat_assembly_Adam,Bobcat,21,0.5,sketch_512,False,117,24.364181286657153,25.844255721440213,22.748910677676122,0.5897435897435898,0.8034188034188035,52.22205407090549,1.445146343698887,102.91758656695285,37.07463394842819,0.5205939381379721
Bobcat_assembly_Adam,Bobcat,21,0.5,sketch_512,True,117,24.364181286657153,25.844255721440213,22.748910677676122,0.7521367521367521,0.8461538461538461,61.048853116369074,1.16762577953271,83.15367351329101,23.89367900396048,0.33550983852137856
Bobcat_assembly_Adam,Bobcat,21,0.5,uninflated_512,False,117,21.902294435473397,23.185575902525834,20.005681775665376,0.7264957264957265,0.8974358974358975,51.86058230795922,1.100702019085238,78.3876289259936,34.66812240042187,0.48680222691854863
Bobcat_assembly_Adam,Bobcat,21,0.5,uninflated_512,True,117,21.902294435473397,23.185575902525834,20.005681775665376,0.7606837606837606,0.8803418803418803,53.558465167157344,1.0637849317055477,75.75854049300186,22.099574938832536,0.31031741984521527
Bobcat_assembly_Adam,Bobcat,21,0.5,sketch_2048,False,117,21.017118040842487,22.295518474176923,19.024489891762066,0.7777777777777778,0.9230769230769231,52.080499986902595,1.0301914287714817,73.36614455235636,33.85949293543111,0.475447628023263
Bobcat_assembly_Adam,Bobcat,21,0.5,sketch_2048,True,117,21.017118040842487,22.295518474176923,19.024489891762066,0.7863247863247863,0.8717948717948718,53.57185890302314,1.0052416898718706,71.5893231776772,21.606308136172,0.3033910747946619
Bobcat_assembly_Adam,Bobcat,21,0.5,sketch_2048_cleaned_mask,True,117,21.017118040842487,22.295518474176923,19.024489891762066,0.7863247863247863,0.8717948717948718,53.57185890302314,1.0052416898718706,71.5893231776772,21.606308136172,0.3033910747946619
Bobcat_assembly_Adam,Bobcat,21,0.5,uninflated_2048,False,117,21.199719946112836,22.467656081452045,19.238609169707118,0.7606837606837606,0.9145299145299145,51.84385081777742,1.0452736300875451,74.44023906626781,33.94738748396937,0.4766818241377288
Bobcat_assembly_Adam,Bobcat,21,0.5,uninflated_2048,True,117,21.199719946112836,22.467656081452045,19.238609169707118,0.8034188034188035,0.8803418803418803,54.154279458344,1.0048938716813678,71.56455294669907,21.540535264773286,0.3024675064543317
Bobcat_assembly_Adam,Bobcat,21,0.5,exact_r0.5,False,117,23.991165096141703,25.28649482269281,22.32524637491605,0.7350427350427351,0.9316239316239316,57.64850432890986,1.1300849791929597,80.48016671890647,37.95446309199627,0.5329483074184833
Bobcat_assembly_Adam,Bobcat,21,0.5,exact_r0.5,True,117,23.991165096141703,25.28649482269281,22.32524637491605,0.7863247863247863,0.8803418803418803,59.8626991663872,1.0837632573869156,77.18131755066113,21.731600707739858,0.30515040580633623
Bobcat_assembly_Adam,Bobcat,21,0.5,sketch_2048_r0.5,False,117,23.834827584212448,25.13940850909826,22.1639837673218,0.7435897435897436,0.9316239316239316,57.83714840861179,1.1205318285431605,79.7998292477052,37.838616759635926,0.5313216184411572
Bobcat_assembly_Adam,Bobcat,21,0.5,sketch_2048_r0.5,True,117,23.834827584212448,25.13940850909826,22.1639837673218,0.7863247863247863,0.8717948717948718,59.08473673109221,1.0945230933104546,77.94759035751936,21.736062836137112,0.30521306204181076
Bobcat_assembly_Adam,Bobcat,21,0.5,exact_r1.0,False,117,25.254292889533506,26.596725769268694,23.680472805784344,0.9145299145299145,0.9914529914529915,71.86930954646392,1.0914250847205544,77.72696248226893,42.52139965732591,0.5970762363706196
Bobcat_assembly_Adam,Bobcat,21,0.5,exact_r1.0,True,117,25.254292889533506,26.596725769268694,23.680472805784344,0.7777777777777778,0.8888888888888888,62.79936004988862,1.1220583146352099,79.9085395282984,21.661027114751683,0.304159426778644
Bobcat_assembly_Adam,Bobcat,21,0.5,sketch_2048_r1.0,False,117,25.363815765881974,26.732083716548665,23.738465706289876,0.9145299145299145,0.9914529914529915,71.94273059792839,1.1029435607316824,78.54726262499388,42.67562478866754,0.5992418320875368
Bobcat_assembly_Adam,Bobcat,21,0.5,sketch_2048_r1.0,True,117,25.363815765881974,26.732083716548665,23.738465706289876,0.811965811965812,0.8974358974358975,63.91495489073454,1.1234549890083463,80.00800513351538,21.771412661658772,0.30570943659553956
Bobcat_assembly_Adam,Bobcat,38,0.9047619047619048,individual_0,False,117,31.089027691594623,32.496107078705016,30.070820927921996,0.2564102564102564,0.48717948717948717,53.79833583320248,2.518364826401844,179.3479471186241,44.242566278165604,0.6212444833337849
Bobcat_assembly_Adam,Bobcat,38,0.9047619047619048,individual_0,True,117,31.089027691594623,32.496107078705016,30.070820927921996,0.7692307692307693,0.8034188034188035,74.86169673786053,1.3351983847501352,95.08752933274538,22.212092936423062,0.31189737307033766
Bobcat_assembly_Adam,Bobcat,38,0.9047619047619048,individual_1,False,117,28.696393046493508,30.061682766858542,27.538695738801305,0.3504273504273504,0.6410256410256411,53.69383105521849,2.0083334320405126,143.02553561343805,41.87101290377862,0.587943647177347
Bobcat_assembly_Adam,Bobcat,38,0.9047619047619048,individual_1,True,117,28.696393046493508,30.061682766858542,27.538695738801305,0.7777777777777778,0.8290598290598291,69.62781241282067,1.2580359411574358,89.59232637091722,21.912840007114546,0.30769532858933885
Bobcat_assembly_Adam,Bobcat,38,0.9047619047619048,individual_2,False,117,24.07644015702634,25.459492679160768,22.28384755485706,0.5897435897435898,0.811965811965812,53.49977386002149,1.3147858087484676,93.63382669088764,37.159697291123834,0.5217883790763965
Bobcat_assembly_Adam,Bobcat,38,0.9047619047619048,individual_2,True,117,24.07644015702634,25.459492679160768,22.28384755485706,0.7777777777777778,0.811965811965812,59.86815616052493,1.1401283754684923,81.19541753770432,22.536656573589738,0.31645482500051775
Bobcat_assembly_Adam,Bobcat,38,0.9047619047619048,individual_3,False,117,28.691941612500568,30.059992994276335,27.419866329427176,0.358974358974359,0.6153846153846154,53.56344831130536,2.0284509060212192,144.458222260673,41.757478528346965,0.5863494221958618
Bobcat_assembly_Adam,Bobcat,38,0.9047619047619048,individual_3,True,117,28.691941612500568,30.059992994276335,27.419866329427176,0.7692307692307693,0.7948717948717948,69.60791548223214,1.2585896177303646,89.63175701880486,22.253085799421427,0.31247298592773104
Bobcat_assembly_Adam,Bobcat,38,0.9047619047619048,seasonal_naive,False,117,9.862905982905982,13.297912327668543,1.957774358974359,0.9401709401709402,0.9658119658119658,54.93827037830742,0.9141678776520076,65.10340775880725,17.827374596012117,0.25032811276056455
Bobcat_assembly_Adam,Bobcat,38,0.9047619047619048,seasonal_naive,True,117,9.862905982905982,13.297912327668543,1.957774358974359,0.8717948717948718,0.9487179487179487,38.20000000000004,0.8520363865456003,60.67864957264954,16.036047863247862,0.2251746927807806
Bobcat_assembly_Adam,Bobcat,38,0.9047619047619048,equal_weight,False,117,28.111434001055496,29.482689324425614,26.828307637751887,0.4017094017094017,0.6666666666666666,53.63578340488971,1.9103020666973545,136.04413087683704,41.2064912421453,0.5786125786821354
Bobcat_assembly_Adam,Bobcat,38,0.9047619047619048,equal_weight,True,117,28.111434001055496,29.482689324425614,26.828307637751887,0.7692307692307693,0.8205128205128205,68.35081942108192,1.2486267394899877,88.92224037488104,22.24646660746259,0.3123800406753535
Bobcat_assembly_Adam,Bobcat,38,0.9047619047619048,naive_independence,False,117,28.101909097804832,29.473071602669965,26.81749829622173,0.06837606837606838,0.09401709401709402,26.81919482852742,4.635251550224724,330.10421730635056,35.380830562994376,0.4968099197689437
Bobcat_assembly_Adam,Bobcat,38,0.9047619047619048,naive_independence,True,117,28.101909097804832,29.473071602669965,26.81749829622173,0.7692307692307693,0.8205128205128205,68.33701844426731,1.2482960840455692,88.89869240655717,22.246850185726714,0.31238542679782694
Bobcat_assembly_Adam,Bobcat,38,0.9047619047619048,duplicate_aware_independence,False,117,28.101909097804832,29.473071602669965,26.81749829622173,0.06837606837606838,0.09401709401709402,26.81919482852742,4.635251550224724,330.10421730635056,35.380830562994376,0.4968099197689437
Bobcat_assembly_Adam,Bobcat,38,0.9047619047619048,duplicate_aware_independence,True,117,28.101909097804832,29.473071602669965,26.81749829622173,0.7692307692307693,0.8205128205128205,68.33701844426731,1.2482960840455692,88.89869240655717,22.246850185726714,0.31238542679782694
Bobcat_assembly_Adam,Bobcat,38,0.9047619047619048,common_corrected,False,117,27.908275988756614,29.277617203187123,26.594476157632993,0.39316239316239315,0.6495726495726496,52.67559244421787,1.9415268201669134,138.2678338825893,40.77479239029968,0.5725507573925559
Bobcat_assembly_Adam,Bobcat,38,0.9047619047619048,common_corrected,True,117,27.908275988756614,29.277617203187123,26.594476157632993,0.7692307692307693,0.8205128205128205,67.83798837605215,1.2461795578947616,88.74796181494843,22.308908860085133,0.3132568411919599
Bobcat_assembly_Adam,Bobcat,38,0.9047619047619048,ci,False,117,25.080093267256483,26.425392759070725,23.326321333670737,0.5384615384615384,0.8034188034188035,53.47150006016995,1.4092020847167548,100.35777911111407,38.19493765113388,0.5363249988225733
Bobcat_assembly_Adam,Bobcat,38,0.9047619047619048,ci,True,117,25.080093267256483,26.425392759070725,23.326321333670737,0.7606837606837606,0.8290598290598291,60.96549863094151,1.1797337782122386,84.01595712054385,22.99896850227188,0.32294650845005857
Bobcat_assembly_Adam,Bobcat,38,0.9047619047619048,ci_cleaned_mask,True,117,25.080093267256483,26.425392759070725,23.326321333670737,0.7606837606837606,0.8290598290598291,60.96549863094151,1.1797337782122386,84.01595712054385,22.99896850227188,0.32294650845005857
Bobcat_assembly_Adam,Bobcat,38,0.9047619047619048,exact_lineage,False,117,26.04120728160459,27.401432826908433,24.463050122825706,0.49572649572649574,0.7606837606837606,53.40547558879761,1.575793024880056,112.22172464180905,39.0688575421818,0.5485963916657396
Bobcat_assembly_Adam,Bobcat,38,0.9047619047619048,exact_lineage,True,117,26.04120728160459,27.401432826908433,24.463050122825706,0.7692307692307693,0.811965811965812,64.22407380369536,1.1884764253221762,84.63857374666237,22.552111823314554,0.3166718442522881
Bobcat_assembly_Adam,Bobcat,38,0.9047619047619048,exact_lineage_cleaned_mask,True,117,26.04120728160459,27.401432826908433,24.463050122825706,0.7692307692307693,0.811965811965812,64.22407380369536,1.1884764253221762,84.63857374666237,22.552111823314554,0.3166718442522881
Bobcat_assembly_Adam,Bobcat,38,0.9047619047619048,shrinkage,False,117,28.132191964103043,29.50331943884449,26.851661840826306,0.8205128205128205,0.9829059829059829,71.55230101720642,1.2012710650424048,85.54975720343896,45.42587686400212,0.6378602729536605
Bobcat_assembly_Adam,Bobcat,38,0.9047619047619048,shrinkage,True,117,28.132191964103043,29.50331943884449,26.851661840826306,0.7692307692307693,0.811965811965812,68.22725521048721,1.2530602120990368,89.23797469689175,22.272939509385687,0.31275176740056554
Bobcat_assembly_Adam,Bobcat,38,0.9047619047619048,shrinkage_cleaned_mask,True,117,28.132191964103043,29.50331943884449,26.851661840826306,0.7692307692307693,0.811965811965812,68.22725521048721,1.2530602120990368,89.23797469689175,22.272939509385687,0.31275176740056554
Bobcat_assembly_Adam,Bobcat,38,0.9047619047619048,pooled_privileged,False,117,23.95838442332606,25.241589287731443,22.1171993328293,0.6153846153846154,0.8376068376068376,53.29037238322593,1.2686475223663378,90.34804106544713,37.057160653987616,0.520348581941665
Bobcat_assembly_Adam,Bobcat,38,0.9047619047619048,pooled_privileged,True,117,23.95838442332606,25.241589287731443,22.1171993328293,0.8034188034188035,0.8376068376068376,60.630330619681615,1.0784578895693417,76.80349031259946,22.461029932671575,0.31539289217392535
Bobcat_assembly_Adam,Bobcat,38,0.9047619047619048,sketch_512,False,117,25.080093267256483,26.425392759070725,23.326321333670737,0.5384615384615384,0.8034188034188035,53.47150006016995,1.4092020847167548,100.35777911111407,38.19493765113388,0.5363249988225733
Bobcat_assembly_Adam,Bobcat,38,0.9047619047619048,sketch_512,True,117,25.080093267256483,26.425392759070725,23.326321333670737,0.7606837606837606,0.8290598290598291,60.96549863094151,1.1797337782122386,84.01595712054385,22.99896850227188,0.32294650845005857
Bobcat_assembly_Adam,Bobcat,38,0.9047619047619048,uninflated_512,False,117,26.320922312682978,27.681333881581665,24.76306709092015,0.49572649572649574,0.7606837606837606,53.33572600564552,1.6235107282914472,115.61999007909911,39.33627615266703,0.5523514255726837
Bobcat_assembly_Adam,Bobcat,38,0.9047619047619048,uninflated_512,True,117,26.320922312682978,27.681333881581665,24.76306709092015,0.7606837606837606,0.811965811965812,65.03638390354286,1.1910036253746104,84.81855090351051,22.535258443908837,0.31643519276793464
Bobcat_assembly_Adam,Bobcat,38,0.9047619047619048,sketch_2048,False,117,25.080093267256483,26.425392759070725,23.326321333670737,0.5384615384615384,0.8034188034188035,53.47150006016995,1.4092020847167548,100.35777911111407,38.19493765113388,0.5363249988225733
Bobcat_assembly_Adam,Bobcat,38,0.9047619047619048,sketch_2048,True,117,25.080093267256483,26.425392759070725,23.326321333670737,0.7606837606837606,0.8290598290598291,60.96549863094151,1.1797337782122386,84.01595712054385,22.99896850227188,0.32294650845005857
Bobcat_assembly_Adam,Bobcat,38,0.9047619047619048,sketch_2048_cleaned_mask,True,117,25.080093267256483,26.425392759070725,23.326321333670737,0.7606837606837606,0.8290598290598291,60.96549863094151,1.1797337782122386,84.01595712054385,22.99896850227188,0.32294650845005857
Bobcat_assembly_Adam,Bobcat,38,0.9047619047619048,uninflated_2048,False,117,26.001696976183048,27.366953210121,24.430297848571914,0.49572649572649574,0.7606837606837606,53.35941887280645,1.5749617803166829,112.16252670335648,39.0214798181935,0.5479311239804161
Bobcat_assembly_Adam,Bobcat,38,0.9047619047619048,uninflated_2048,True,117,26.001696976183048,27.366953210121,24.430297848571914,0.7606837606837606,0.811965811965812,64.03731565549002,1.1910416260709282,84.82125716227105,22.52084821896405,0.3162328475266062
Bull_assembly_Amalia,Bull,0,0.0,individual_0,False,116,74.45428916390826,123.23762654715537,16.111526496227903,0.9568965517241379,0.9655172413793104,407.39218368671516,1.0451399288050567,635.9541861803942,201.99766358169055,0.3319670320947788
Bull_assembly_Amalia,Bull,0,0.0,individual_0,True,116,74.45428916390826,123.23762654715537,16.111526496227903,0.9913793103448276,0.9913793103448276,1094.7784252232395,1.8255744042441862,1110.8385131646999,165.9896222399457,0.2727906911222458
Bull_assembly_Amalia,Bull,0,0.0,individual_1,False,116,109.82645620201365,137.08462448468143,77.6409922868221,0.9137931034482759,0.9655172413793104,413.77753392540467,0.9318817356353031,567.0380343040771,237.67000960796378,0.3905916846190928
Bull_assembly_Amalia,Bull,0,0.0,individual_1,True,116,109.82645620201365,137.08462448468143,77.6409922868221,1.0,1.0,1302.3801973432594,2.1403578690216243,1302.3801973432594,151.6224876746859,0.24917945257241578
Bull_assembly_Amalia,Bull,0,0.0,individual_2,False,116,66.3982660666178,116.76422634179636,2.2240988914793807,0.9568965517241379,0.9655172413793104,410.1662715766539,1.052722890026745,640.5683204218157,188.55530727207912,0.309875592771484
Bull_assembly_Amalia,Bull,0,0.0,individual_2,True,116,66.3982660666178,116.76422634179636,2.2240988914793807,0.9827586206896551,0.9827586206896551,1058.243398990498,1.7712473454541804,1077.7811975764664,153.67846187531174,0.2525582820169909
Bull_assembly_Amalia,Bull,0,0.0,individual_3,False,116,64.85316340880227,117.185784096132,-13.811771559098439,0.9568965517241379,0.9655172413793104,417.46620563121155,1.0734070014175927,653.1543358096985,177.15994766565322,0.29114822909250715
Bull_assembly_Amalia,Bull,0,0.0,individual_3,True,116,64.85316340880227,117.185784096132,-13.811771559098439,0.9741379310344828,0.9827586206896551,1055.6985657018097,1.7790905726197495,1082.5537002927394,164.02327576899333,0.26955915769528555
Bull_assembly_Amalia,Bull,0,0.0,seasonal_naive,False,116,160.43965517241378,253.38959032043644,-119.31896551724138,0.75,0.7586206896551724,572.3566685819955,2.5392249626975123,1545.0856867821788,449.4679402487966,0.7386646731475904
Bull_assembly_Amalia,Bull,0,0.0,seasonal_naive,True,116,160.43965517241378,253.38959032043644,-119.31896551724138,0.9224137931034483,0.9396551724137931,952.0,1.7685467680949658,1076.1379310344828,516.5896551724136,0.8489738524579429
Bull_assembly_Amalia,Bull,0,0.0,equal_weight,False,116,72.28493284273682,117.34209339555746,20.541211528857726,0.9568965517241379,0.9655172413793104,411.77236449959446,1.0154584710886116,617.8934014314169,200.18360656489588,0.3289857742265535
Bull_assembly_Amalia,Bull,0,0.0,equal_weight,True,116,72.28493284273682,117.34209339555746,20.541211528857726,0.9913793103448276,0.9913793103448276,1130.2181308291013,1.8701685019337633,1137.9734472754353,154.3780426304743,0.25370798713181275
Bull_assembly_Amalia,Bull,0,0.0,naive_independence,False,116,72.30544498910092,117.39353669995401,20.584324328156494,0.8103448275862069,0.9051724137931034,206.07179234483473,0.9145687664380696,556.5033155236156,163.78974043638374,0.26917536102219025
Bull_assembly_Amalia,Bull,0,0.0,naive_independence,True,116,72.30544498910092,117.39353669995401,20.584324328156494,0.9913793103448276,0.9913793103448276,1130.6021215839269,1.8708743887356927,1138.4029703031986,154.2239673034486,0.2534547766336078
Bull_assembly_Amalia,Bull,0,0.0,duplicate_aware_independence,False,116,72.30544498910092,117.39353669995401,20.584324328156494,0.8103448275862069,0.9051724137931034,206.07179234483473,0.9145687664380696,556.5033155236156,163.78974043638374,0.26917536102219025
Bull_assembly_Amalia,Bull,0,0.0,duplicate_aware_independence,True,116,72.30544498910092,117.39353669995401,20.584324328156494,0.9913793103448276,0.9913793103448276,1130.6021215839269,1.8708743887356927,1138.4029703031986,154.2239673034486,0.2534547766336078
Bull_assembly_Amalia,Bull,0,0.0,common_corrected,False,116,72.4934137590793,118.31638063008539,19.327856409740345,0.9568965517241379,0.9655172413793104,404.89265980957543,1.016931477304085,618.7897067424876,199.2622745019651,0.3274716385425969
Bull_assembly_Amalia,Bull,0,0.0,common_corrected,True,116,72.4934137590793,118.31638063008539,19.327856409740345,0.9913793103448276,0.9913793103448276,1119.6948271551662,1.856314674473477,1129.5435716911554,155.41952061337508,0.25541957304248747
Bull_assembly_Amalia,Bull,0,0.0,ci,False,116,74.45428916390826,123.23762654715537,16.111526496227903,0.9568965517241379,0.9655172413793104,407.39218368671516,1.0451399288050567,635.9541861803942,201.99766358169055,0.3319670320947788
Bull_assembly_Amalia,Bull,0,0.0,ci,True,116,74.45428916390826,123.23762654715537,16.111526496227903,0.9913793103448276,0.9913793103448276,1094.7784252232395,1.8255744042441862,1110.8385131646999,165.9896222399457,0.2727906911222458
Bull_assembly_Amalia,Bull,0,0.0,ci_cleaned_mask,True,115,69.51910224961331,108.33067148469507,21.834242242350125,1.0,1.0,1094.7529806730527,1.7991391159035528,1094.7529806730527,146.78678611858382,0.24123236315954188
Bull_assembly_Amalia,Bull,0,0.0,exact_lineage,False,116,72.4934137590793,118.3163806300854,19.327856409740345,0.9568965517241379,0.9655172413793104,404.89265980957543,1.016931477304085,618.7897067424876,199.2622745019651,0.3274716385425969
Bull_assembly_Amalia,Bull,0,0.0,exact_lineage,True,116,72.4934137590793,118.3163806300854,19.327856409740345,0.9913793103448276,0.9913793103448276,1119.6948271551662,1.8563146744734769,1129.5435716911552,155.4195206133751,0.2554195730424875
Bull_assembly_Amalia,Bull,0,0.0,exact_lineage_cleaned_mask,True,115,67.7548350019985,103.94969847398922,24.864880994376104,1.0,1.0,1119.686829956261,1.8401159064192398,1119.686829956261,136.58621916811396,0.22446854581537679
Bull_assembly_Amalia,Bull,0,0.0,shrinkage,False,116,66.44065931832813,115.3524195413192,1.2290265101358093,0.6982758620689655,0.75,129.04677777133517,1.0057561716290782,611.9896771675084,148.11550704435777,0.24341600991262932
Bull_assembly_Amalia,Bull,0,0.0,shrinkage,True,116,66.44065931832813,115.3524195413192,1.2290265101358093,0.9913793103448276,0.9913793103448276,1082.1928323609773,1.8046293029900622,1098.093688806337,157.7666393322957,0.25927687525716914
Bull_assembly_Amalia,Bull,0,0.0,shrinkage_cleaned_mask,True,115,61.51126171619554,99.66993291465482,6.74685616295068,1.0,1.0,1082.1928323609773,1.778497514986502,1082.1928323609773,139.2573333563764,0.22885830871530824
Bull_assembly_Amalia,Bull,0,0.0,pooled_privileged,False,116,71.46203890683783,117.24913298239686,20.430361597800253,0.9568965517241379,0.9655172413793104,404.5608171934681,1.0150697568284675,617.6568738104223,199.77669315720843,0.32831704453000954
Bull_assembly_Amalia,Bull,0,0.0,pooled_privileged,True,116,71.46203890683783,117.24913298239686,20.430361597800253,0.9913793103448276,0.9913793103448276,1115.1371695045457,1.8486988507124802,1124.9094410178056,151.1047720168542,0.24832862822449017
Bull_assembly_Amalia,Bull,0,0.0,sketch_512,False,116,74.05323692516288,123.08756066754349,15.639332975987829,0.9568965517241379,0.9655172413793104,407.3850773465485,1.0451282501023809,635.9470798402276,201.52365201312105,0.33118803192811114
Bull_assembly_Amalia,Bull,0,0.0,sketch_512,True,116,74.05323692516288,123.08756066754349,15.639332975987829,0.9913793103448276,0.9913793103448276,1094.7593284702618,1.8255430202554004,1110.8194164117224,165.8909804265654,0.27262858117776584
Bull_assembly_Amalia,Bull,0,0.0,uninflated_512,False,116,72.30826501923498,118.1889779552043,18.837309514445884,0.9568965517241379,0.9655172413793104,404.915863156022,1.0168874463172888,618.7629144541031,198.7990982462939,0.32671044534755905
Bull_assembly_Amalia,Bull,0,0.0,uninflated_512,True,116,72.30826501923498,118.1889779552043,18.837309514445884,0.9913793103448276,0.9913793103448276,1121.709073852547,1.8597081649006078,1131.6084669108454,154.78920770618507,0.25438370410528915
Bull_assembly_Amalia,Bull,0,0.0,sketch_2048,False,116,72.50326393501038,118.67955953071977,18.648718966014204,0.9568965517241379,0.9655172413793104,406.28469152835396,1.0209799292645032,621.2531376198457,199.44285334525412,0.32776840545367325
Bull_assembly_Amalia,Bull,0,0.0,sketch_2048,True,116,72.50326393501038,118.67955953071977,18.648718966014204,0.9913793103448276,0.9913793103448276,1116.4528861554538,1.8519643441713294,1126.8964517307866,155.96973632207644,0.2563238086291315
Bull_assembly_Amalia,Bull,0,0.0,sketch_2048_cleaned_mask,True,115,67.74512772674721,104.24998481090309,24.199481112547144,1.0,1.0,1116.4374112950952,1.834775746291376,1116.4374112950952,137.08753079216575,0.22529241144352444
Bull_assembly_Amalia,Bull,0,0.0,uninflated_2048,False,116,72.37229314474918,118.27208182804587,19.268579885861605,0.9568965517241379,0.9655172413793104,404.87900659299663,1.0169428440428432,618.7966232566282,199.20718398212665,0.3273811016718082
Bull_assembly_Amalia,Bull,0,0.0,uninflated_2048,True,116,72.37229314474918,118.27208182804587,19.268579885861605,0.9913793103448276,0.9913793103448276,1120.0969680425019,1.856850780060384,1129.8697850362123,155.3674340196964,0.2553339728845012
Bull_assembly_Amalia,Bull,21,0.5,individual_0,False,116,154.37362796655583,174.86851550969695,126.15181179246873,0.8793103448275862,0.9482758620689655,471.08896644324585,1.0219041522606496,621.8155154098087,291.3238686086692,0.47876751802764506
Bull_assembly_Amalia,Bull,21,0.5,individual_0,True,116,154.37362796655583,174.86851550969695,126.15181179246873,1.0,1.0,1350.8612502923359,2.2200326086941753,1350.8612502923359,170.2801595005897,0.27984184654282335
Bull_assembly_Amalia,Bull,21,0.5,individual_1,False,116,70.26917616607825,121.39559579391623,10.179524425456464,0.9568965517241379,0.9655172413793104,469.7759823141424,1.1193642532971553,681.1187316887944,210.20107196329587,0.3454486787891804
Bull_assembly_Amalia,Bull,21,0.5,individual_1,True,116,70.26917616607825,121.39559579391623,10.179524425456464,0.9827586206896551,0.9913793103448276,1070.6721834409736,1.79163270248961,1090.1854247867748,158.2088170473056,0.2600035590272065
Bull_assembly_Amalia,Bull,21,0.5,individual_2,False,116,64.43648839786246,117.10060292934689,-7.9186699528421975,0.9568965517241379,0.9655172413793104,469.2582275867426,1.1174951171785268,679.981386433464,191.2708240673924,0.3143383278108876
Bull_assembly_Amalia,Bull,21,0.5,individual_2,True,116,64.43648839786246,117.10060292934689,-7.9186699528421975,0.9827586206896551,0.9827586206896551,1067.03967456266,1.7922073038141297,1090.5350622923775,154.66608594823737,0.2541813633264531
Bull_assembly_Amalia,Bull,21,0.5,individual_3,False,116,84.30800547923752,123.34407168609967,39.23388389438921,0.9655172413793104,0.9655172413793104,466.4462896689759,1.049059409578551,638.3391397515463,224.2571675515965,0.36854874961451256
Bull_assembly_Amalia,Bull,21,0.5,individual_3,True,116,84.30800547923752,123.34407168609967,39.23388389438921,0.9913793103448276,0.9913793103448276,1158.0502835641018,1.907578806763977,1160.737135952281,160.58609220498852,0.2639104209412281
Bull_assembly_Amalia,Bull,21,0.5,seasonal_naive,False,116,160.43965517241378,253.38959032043644,-119.31896551724138,0.75,0.7586206896551724,572.3566685819955,2.5392249626975123,1545.0856867821788,449.4679402487966,0.7386646731475904
Bull_assembly_Amalia,Bull,21,0.5,seasonal_naive,True,116,160.43965517241378,253.38959032043644,-119.31896551724138,0.9224137931034483,0.9396551724137931,952.0,1.7685467680949658,1076.1379310344828,516.5896551724136,0.8489738524579429
Bull_assembly_Amalia,Bull,21,0.5,equal_weight,False,116,86.52162027805342,124.98328601832317,41.911637539868046,0.9655172413793104,0.9655172413793104,469.05639868961146,1.0543926453069132,641.5843450047956,228.00293320526856,0.37470461639496766
Bull_assembly_Amalia,Bull,21,0.5,equal_weight,True,116,86.52162027805342,124.98328601832317,41.911637539868046,0.9913793103448276,1.0,1165.2902867026226,1.9183748168457453,1167.3063690437737,156.78348568155292,0.25766114072963464
Bull_assembly_Amalia,Bull,21,0.5,naive_independence,False,116,86.40336743014335,124.9188899910932,41.76674437616484,0.75,0.8793103448275862,234.5653132909212,0.9698284036068815,590.1280930445504,183.62386150337122,0.3017711553896513
Bull_assembly_Amalia,Bull,21,0.5,naive_independence,True,116,86.40336743014335,124.9188899910932,41.76674437616484,0.9913793103448276,1.0,1165.1079616273084,1.9181358871739442,1167.16098341569,156.70014674455854,0.2575241798406748
Bull_assembly_Amalia,Bull,21,0.5,duplicate_aware_independence,False,116,86.40336743014335,124.9188899910932,41.76674437616484,0.75,0.8793103448275862,234.5653132909212,0.9698284036068815,590.1280930445504,183.62386150337122,0.3017711553896513
Bull_assembly_Amalia,Bull,21,0.5,duplicate_aware_independence,True,116,86.40336743014335,124.9188899910932,41.76674437616484,0.9913793103448276,1.0,1165.1079616273084,1.9181358871739442,1167.16098341569,156.70014674455854,0.2575241798406748
Bull_assembly_Amalia,Bull,21,0.5,common_corrected,False,116,84.49309666166714,123.87770244706188,39.42148939835731,0.9655172413793104,0.9655172413793104,460.7626263972548,1.0476179860314256,637.462052087408,224.1707707312919,0.3684067633384815
Bull_assembly_Amalia,Bull,21,0.5,common_corrected,True,116,84.49309666166714,123.87770244706188,39.42148939835731,0.9913793103448276,0.9913793103448276,1159.5298152372172,1.9105898380911468,1162.5693097353872,156.41502431235867,0.2570556038882468
Bull_assembly_Amalia,Bull,21,0.5,ci,False,116,82.06762164421453,121.94494787219509,36.99350005936619,0.9655172413793104,0.9655172413793104,466.3494885146089,1.0489003246101964,638.2423385971792,221.99201862331088,0.36482615820606523
Bull_assembly_Amalia,Bull,21,0.5,ci,True,116,82.06762164421453,121.94494787219509,36.99350005936619,0.9913793103448276,0.9913793103448276,1157.809954491394,1.90718384512146,1160.4968068795736,159.31868781782276,0.2618275430236765
Bull_assembly_Amalia,Bull,21,0.5,ci_cleaned_mask,True,115,77.59987064162785,109.1444285985081,42.496565163723155,1.0,1.0,1157.786123781054,1.9027290538768022,1157.786123781054,140.96694462722814,0.23166791833928746
Bull_assembly_Amalia,Bull,21,0.5,exact_lineage,False,116,81.9087698374841,122.55904044693128,35.76038935571017,0.9655172413793104,0.9655172413793104,463.6299608768348,1.0538388572976147,641.2473721334477,221.7339941984303,0.3644021156650933
Bull_assembly_Amalia,Bull,21,0.5,exact_lineage,True,116,81.9087698374841,122.55904044693128,35.76038935571017,0.9913793103448276,0.9913793103448276,1154.3137080340175,1.9036913913320086,1158.3716937284737,158.493980919356,0.2604722030827203
Bull_assembly_Amalia,Bull,21,0.5,exact_lineage_cleaned_mask,True,115,77.39462901337927,109.59055438385275,41.297740259755834,1.0,1.0,1154.3077637981103,1.8970126469658477,1154.3077637981103,139.8844942697633,0.22988899760235423
Bull_assembly_Amalia,Bull,21,0.5,shrinkage,False,116,66.16362756271022,118.59004308110278,1.6390849344877076,0.6810344827586207,0.7327586206896551,136.0952906866512,1.0446308356939287,635.6444095789514,151.89108061224275,0.24962086362015445
Bull_assembly_Amalia,Bull,21,0.5,shrinkage,True,116,66.16362756271022,118.59004308110278,1.6390849344877076,0.9827586206896551,0.9827586206896551,1063.5979548368434,1.785500584243039,1086.4541098101106,153.9086097015225,0.2529365115937867
Bull_assembly_Amalia,Bull,21,0.5,shrinkage_cleaned_mask,True,115,61.107673308494185,102.66000280396098,7.284627993027201,0.991304347826087,0.991304347826087,1063.5979548368434,1.7527303342535263,1066.5138347439422,134.26111694534652,0.22064742595427042
Bull_assembly_Amalia,Bull,21,0.5,pooled_privileged,False,116,77.87288286662681,119.88052410954593,32.43288297598046,0.9655172413793104,0.9655172413793104,460.73728020679795,1.0523424708676405,640.3368402629701,218.4075635602757,0.35893539250187834
Bull_assembly_Amalia,Bull,21,0.5,pooled_privileged,True,116,77.87288286662681,119.88052410954593,32.43288297598046,0.9913793103448276,0.9913793103448276,1145.3398225116039,1.8886855190286052,1149.240813694497,153.64757840571676,0.25250752750052546
Bull_assembly_Amalia,Bull,21,0.5,sketch_512,False,116,82.06762164421453,121.94494787219509,36.99350005936619,0.9655172413793104,0.9655172413793104,466.3494885146089,1.0489003246101964,638.2423385971792,221.99201862331088,0.36482615820606523
Bull_assembly_Amalia,Bull,21,0.5,sketch_512,True,116,82.06762164421453,121.94494787219509,36.99350005936619,0.9913793103448276,0.9913793103448276,1157.809954491394,1.90718384512146,1160.4968068795736,159.31868781782276,0.2618275430236765
Bull_assembly_Amalia,Bull,21,0.5,uninflated_512,False,116,81.34983962445658,122.23792661883034,35.46842637396602,0.9655172413793104,0.9655172413793104,463.73720033234605,1.0531113436705573,640.8046894611289,221.19591543378883,0.36351782617696754
Bull_assembly_Amalia,Bull,21,0.5,uninflated_512,True,116,81.34983962445658,122.23792661883034,35.46842637396602,0.9913793103448276,0.9913793103448276,1157.4043701926335,1.909134939845011,1161.6840228904434,156.84638200213746,0.25776450581071486
Bull_assembly_Amalia,Bull,21,0.5,sketch_2048,False,116,81.92720966861998,122.88482956248173,35.86263961441207,0.9655172413793104,0.9655172413793104,465.68590493367395,1.0587711709614163,644.248621473941,222.81092865117438,0.36617197145302166
Bull_assembly_Amalia,Bull,21,0.5,sketch_2048,True,116,81.92720966861998,122.88482956248173,35.86263961441207,0.9913793103448276,0.9913793103448276,1155.6803255298087,1.9062675081078115,1159.9392276083959,161.74244799350598,0.2658107993533007
Bull_assembly_Amalia,Bull,21,0.5,sketch_2048_cleaned_mask,True,115,77.39039983615626,109.83280687011924,41.423709005858676,1.0,1.0,1155.6608725631784,1.8992363731856285,1155.6608725631784,143.20478187784533,0.23534562518611984
Bull_assembly_Amalia,Bull,21,0.5,uninflated_2048,False,116,82.97195587677389,123.53473697412005,37.40697396859916,0.9655172413793104,0.9655172413793104,463.68155817238926,1.056020872010585,642.5750999838295,223.81801961756216,0.36782704504760316
Bull_assembly_Amalia,Bull,21,0.5,uninflated_2048,True,116,82.97195587677389,123.53473697412005,37.40697396859916,0.9913793103448276,0.9913793103448276,1154.9175637149608,1.904957302096646,1159.1419841249208,159.30090633548022,0.2617983205771648
Bull_assembly_Amalia,Bull,21,0.5,exact_r0.5,False,116,88.0003115989233,124.77941908062371,44.839996068664114,0.9655172413793104,0.9655172413793104,508.98132597106854,1.0809174491245521,657.7243465113189,235.55474956751092,0.38711542363029267
Bull_assembly_Amalia,Bull,21,0.5,exact_r0.5,True,116,88.0003115989233,124.77941908062371,44.839996068664114,0.9913793103448276,1.0,1163.9321640463177,1.912929306824695,1163.9928463294193,161.10056829689964,0.2647559213212183
Bull_assembly_Amalia,Bull,21,0.5,sketch_2048_r0.5,False,116,84.30800547923752,123.34407168609967,39.23388389438921,0.9655172413793104,0.9655172413793104,509.073049630052,1.0950043397052813,666.2960380027372,232.50683330065544,0.3821064165990196
Bull_assembly_Amalia,Bull,21,0.5,sketch_2048_r0.5,True,116,84.30800547923752,123.34407168609967,39.23388389438921,0.9913793103448276,0.9913793103448276,1157.680171725132,1.9070799857703,1160.4336098020112,160.58621022195632,0.2639106148926919
Bull_assembly_Amalia,Bull,21,0.5,exact_r1.0,False,116,84.30800547923752,123.34407168609967,39.23388389438921,0.9655172413793104,0.9741379310344828,619.6003463050072,1.2141047002143421,738.7670734629651,254.698427345625,0.41857652957921976
Bull_assembly_Amalia,Bull,21,0.5,exact_r1.0,True,116,84.30800547923752,123.34407168609967,39.23388389438921,0.9913793103448276,0.9913793103448276,1157.0510168075284,1.9062319164126238,1159.9175705202645,160.58640121561646,0.2639109287755229
Bull_assembly_Amalia,Bull,21,0.5,sketch_2048_r1.0,False,116,84.30800547923752,123.34407168609967,39.23388389438921,0.9655172413793104,0.9741379310344828,619.6003463050072,1.2141047002143421,738.7670734629651,254.698427345625,0.41857652957921976
Bull_assembly_Amalia,Bull,21,0.5,sketch_2048_r1.0,True,116,84.30800547923752,123.34407168609967,39.23388389438921,0.9913793103448276,0.9913793103448276,1157.0510168075284,1.9062319164126238,1159.9175705202645,160.58640121561646,0.2639109287755229
Bull_assembly_Amalia,Bull,38,0.9047619047619048,individual_0,False,116,73.0573035315401,120.98215526875168,15.774470162925416,0.9568965517241379,0.9655172413793104,436.7436739076931,1.072700188560442,652.72424928926,205.9883272129527,0.3385253691481324
Bull_assembly_Amalia,Bull,38,0.9047619047619048,individual_0,True,116,73.0573035315401,120.98215526875168,15.774470162925416,0.9913793103448276,0.9913793103448276,1098.165670059026,1.8315941664720885,1114.5014609510524,159.91385860864395,0.26280565869845757
Bull_assembly_Amalia,Bull,38,0.9047619047619048,individual_1,False,116,77.32959070529832,122.06239899866141,27.082670811536246,0.9568965517241379,0.9655172413793104,438.1103552999096,1.0550250757488018,641.9691707835283,214.21934513013497,0.35205238990984
Bull_assembly_Amalia,Bull,38,0.9047619047619048,individual_1,True,116,77.32959070529832,122.06239899866141,27.082670811536246,0.9913793103448276,0.9913793103448276,1124.856750115688,1.867978206948975,1136.640680986295,158.2887230443005,0.2601348781533718
Bull_assembly_Amalia,Bull,38,0.9047619047619048,individual_2,False,116,91.9471283749899,128.60521870354827,48.68702713926509,0.9655172413793104,0.9655172413793104,438.14298068827566,1.0288289092173055,626.0291408330592,229.9789291565537,0.377952007972416
Bull_assembly_Amalia,Bull,38,0.9047619047619048,individual_2,True,116,91.9471283749899,128.60521870354827,48.68702713926509,0.9913793103448276,0.9913793103448276,1167.07055287647,1.9247124906864592,1171.1627619520957,159.82692054174615,0.26266278292686507
Bull_assembly_Amalia,Bull,38,0.9047619047619048,individual_3,False,116,129.19993107760584,154.65491407368017,93.26157363905631,0.9137931034482759,0.9655172413793104,441.6396935592916,1.0042247820556645,611.057846335058,265.0348193678693,0.4355635645842307
Bull_assembly_Amalia,Bull,38,0.9047619047619048,individual_3,True,116,129.19993107760584,154.65491407368017,93.26157363905631,1.0,1.0,1262.2801635202752,2.0744566651211502,1262.2801635202752,169.82758756323435,0.2790980806982621
Bull_assembly_Amalia,Bull,38,0.9047619047619048,seasonal_naive,False,116,160.43965517241378,253.38959032043644,-119.31896551724138,0.75,0.7586206896551724,572.3566685819955,2.5392249626975123,1545.0856867821788,449.4679402487966,0.7386646731475904
Bull_assembly_Amalia,Bull,38,0.9047619047619048,seasonal_naive,True,116,160.43965517241378,253.38959032043644,-119.31896551724138,0.9224137931034483,0.9396551724137931,952.0,1.7685467680949658,1076.1379310344828,516.5896551724136,0.8489738524579429
Bull_assembly_Amalia,Bull,38,0.9047619047619048,equal_weight,False,116,90.96588918161311,128.52084684255513,46.20143543819577,0.9655172413793104,0.9655172413793104,438.59422402760316,1.031529837174822,627.6726207095941,228.215049582778,0.37505321272549913
Bull_assembly_Amalia,Bull,38,0.9047619047619048,equal_weight,True,116,90.96588918161311,128.52084684255513,46.20143543819577,0.9913793103448276,0.9913793103448276,1167.0529207327415,1.9249916952332968,1171.3326543229334,161.60291314342797,0.26558148496801104
Bull_assembly_Amalia,Bull,38,0.9047619047619048,naive_independence,False,116,90.76732622597257,128.40955259929783,45.95541314478702,0.6724137931034483,0.8362068965517241,219.3234042437656,1.061691150033781,646.0253911326722,187.51995344538133,0.30817407142256087
Bull_assembly_Amalia,Bull,38,0.9047619047619048,naive_independence,True,116,90.76732622597257,128.40955259929783,45.95541314478702,0.9913793103448276,0.9913793103448276,1166.5520668196145,1.9243085315113457,1170.9169579966835,161.53285212746528,0.26546634528212415
Bull_assembly_Amalia,Bull,38,0.9047619047619048,duplicate_aware_independence,False,116,90.76732622597257,128.40955259929783,45.95541314478702,0.6724137931034483,0.8362068965517241,219.3234042437656,1.061691150033781,646.0253911326722,187.51995344538133,0.30817407142256087
Bull_assembly_Amalia,Bull,38,0.9047619047619048,duplicate_aware_independence,True,116,90.76732622597257,128.40955259929783,45.95541314478702,0.9913793103448276,0.9913793103448276,1166.5520668196145,1.9243085315113457,1170.9169579966835,161.53285212746528,0.26546634528212415
Bull_assembly_Amalia,Bull,38,0.9047619047619048,common_corrected,False,116,87.96548402018298,126.93398084867168,42.3182362700555,0.9655172413793104,0.9655172413793104,429.59936089283525,1.025904786705561,624.2498499448291,223.5489062902921,0.3673847787809201
Bull_assembly_Amalia,Bull,38,0.9047619047619048,common_corrected,True,116,87.96548402018298,126.93398084867168,42.3182362700555,0.9913793103448276,0.9913793103448276,1157.133473150063,1.911034114787315,1162.8396463831064,160.85277931561086,0.26434869991456594
Bull_assembly_Amalia,Bull,38,0.9047619047619048,ci,False,116,74.69954989448938,121.735127872498,22.080904429070653,0.9568965517241379,0.9655172413793104,436.7025425789381,1.0726325925056621,652.6831179605052,212.28423865838062,0.34887219692728155
Bull_assembly_Amalia,Bull,38,0.9047619047619048,ci,True,116,74.69954989448938,121.735127872498,22.080904429070653,0.9913793103448276,0.9913793103448276,1098.0622478095438,1.8314242002625574,1114.3980387015704,160.59218260967847,0.26392043003506277
Bull_assembly_Amalia,Bull,38,0.9047619047619048,ci_cleaned_mask,True,115,69.75862756897435,106.55586674117143,27.86339592261662,1.0,1.0,1098.0774320486707,1.8046025863068182,1098.0774320486707,140.89571438576692,0.23155085712464765
Bull_assembly_Amalia,Bull,38,0.9047619047619048,exact_lineage,False,116,75.05969866491377,121.6508535489851,22.223134635740315,0.9568965517241379,0.9655172413793104,436.38899152102624,1.0679093397755506,649.8090795056385,211.5928352351251,0.34773593060455016
Bull_assembly_Amalia,Bull,38,0.9047619047619048,exact_lineage,True,116,75.05969866491377,121.6508535489851,22.223134635740315,0.9913793103448276,0.9913793103448276,1105.681843770385,1.841976560404814,1120.8190139428702,159.8993710065998,0.2627818494812246
Bull_assembly_Amalia,Bull,38,0.9047619047619048,exact_lineage_cleaned_mask,True,115,70.14753192805006,106.61301576375804,27.98123905347929,1.0,1.0,1105.6936287352783,1.81711919746495,1105.6936287352783,140.264818348382,0.23051402985953262
Bull_assembly_Amalia,Bull,38,0.9047619047619048,shrinkage,False,116,83.22690060459809,124.5100677263134,36.265015421861406,0.5344827586206896,0.6206896551724138,136.15848702934431,1.3233706460080112,805.2539942276248,167.33334207436752,0.27499898738414535
Bull_assembly_Amalia,Bull,38,0.9047619047619048,shrinkage,True,116,83.22690060459809,124.5100677263134,36.265015421861406,0.9913793103448276,0.9913793103448276,1139.5093104181922,1.8869833123301847,1148.2050428414568,159.08768226168186,0.2614479038362238
Bull_assembly_Amalia,Bull,38,0.9047619047619048,shrinkage_cleaned_mask,True,115,78.5576571032117,110.87338222353281,41.973319062608304,1.0,1.0,1139.5093104181922,1.8726925703817061,1139.5093104181922,139.55942276724053,0.22935476854248477
Bull_assembly_Amalia,Bull,38,0.9047619047619048,pooled_privileged,False,116,113.57063653149625,141.48383676961328,75.66445590382607,0.9568965517241379,0.9655172413793104,437.0109341487697,0.9922896743900674,603.7954870343965,250.37376834963226,0.4114692978109617
Bull_assembly_Amalia,Bull,38,0.9047619047619048,pooled_privileged,True,116,113.57063653149625,141.48383676961328,75.66445590382607,1.0,1.0,1218.3997438817353,2.0023426989683264,1218.3997438817353,163.49148834115746,0.26868520751688363
Bull_assembly_Amalia,Bull,38,0.9047619047619048,sketch_512,False,116,74.69954989448938,121.735127872498,22.080904429070653,0.9568965517241379,0.9655172413793104,436.7025425789381,1.0726325925056621,652.6831179605052,212.28423865838062,0.34887219692728155
Bull_assembly_Amalia,Bull,38,0.9047619047619048,sketch_512,True,116,74.69954989448938,121.735127872498,22.080904429070653,0.9913793103448276,0.9913793103448276,1098.0622478095438,1.8314242002625574,1114.3980387015704,160.59218260967847,0.26392043003506277
Bull_assembly_Amalia,Bull,38,0.9047619047619048,uninflated_512,False,116,74.55615474677639,121.46668412340058,20.46495167714427,0.9568965517241379,0.9655172413793104,436.9576832321234,1.070084710364053,651.1327644918522,210.2148950245144,0.34547139588662507
Bull_assembly_Amalia,Bull,38,0.9047619047619048,uninflated_512,True,116,74.55615474677639,121.46668412340058,20.46495167714427,0.9913793103448276,0.9913793103448276,1103.1705803925715,1.838423658361741,1118.657118807963,160.45942138141032,0.2637022475563946
Bull_assembly_Amalia,Bull,38,0.9047619047619048,sketch_2048,False,116,74.69954989448938,121.735127872498,22.080904429070653,0.9568965517241379,0.9655172413793104,436.7025425789381,1.0726325925056621,652.6831179605052,212.28423865838062,0.34887219692728155
Bull_assembly_Amalia,Bull,38,0.9047619047619048,sketch_2048,True,116,74.69954989448938,121.735127872498,22.080904429070653,0.9913793103448276,0.9913793103448276,1098.0622478095438,1.8314242002625574,1114.3980387015704,160.59218260967847,0.26392043003506277
Bull_assembly_Amalia,Bull,38,0.9047619047619048,sketch_2048_cleaned_mask,True,115,69.75862756897435,106.55586674117143,27.86339592261662,1.0,1.0,1098.0774320486707,1.8046025863068182,1098.0774320486707,140.89571438576692,0.23155085712464765
Bull_assembly_Amalia,Bull,38,0.9047619047619048,uninflated_2048,False,116,75.12067880550462,121.70084363678968,22.322333626492206,0.9568965517241379,0.9655172413793104,436.5411309452035,1.0681351921425575,649.9465077621792,211.76617315089356,0.34802079762938026
Bull_assembly_Amalia,Bull,38,0.9047619047619048,uninflated_2048,True,116,75.12067880550462,121.70084363678968,22.322333626492206,0.9913793103448276,0.9913793103448276,1106.1586222562044,1.842728914366479,1121.2768116388756,158.97267175600726,0.2612588932528757
Crow_education_Kate,Crow,0,0.0,individual_0,False,117,5.263421409405541,6.384446234245973,-2.1876045072637327,1.0,1.0,38.780041688266955,0.5163039453464552,38.780041688266955,8.697857019303427,0.11580023382193547
Crow_education_Kate,Crow,0,0.0,individual_0,True,117,5.263421409405541,6.384446234245973,-2.1876045072637327,1.0,1.0,35.010624487855566,0.466119239825161,35.010624487855566,7.7946633206157125,0.1037754280263911
Crow_education_Kate,Crow,0,0.0,individual_1,False,117,9.252027673905896,10.47968893992687,-8.806595082229705,0.9829059829059829,1.0,38.650460733531965,0.5237081891795193,39.33618092970475,9.83750283798235,0.13097308064895533
Crow_education_Kate,Crow,0,0.0,individual_1,True,117,9.252027673905896,10.47968893992687,-8.806595082229705,0.905982905982906,0.9743589743589743,33.1984743018212,0.489895729697999,36.79649747368098,8.383128242161472,0.1116100446865375
Crow_education_Kate,Crow,0,0.0,individual_2,False,117,5.713741967939181,6.8402971792615554,-3.1452159203015464,1.0,1.0,39.15285213529475,0.5212674135710152,39.15285213529475,8.624885966156466,0.11482872267868519
Crow_education_Kate,Crow,0,0.0,individual_2,True,117,5.713741967939181,6.8402971792615554,-3.1452159203015464,0.9743589743589743,1.0,34.27066149990872,0.4592629316609558,34.495641174572796,9.043174741159419,0.12039767349529817
Crow_education_Kate,Crow,0,0.0,individual_3,False,117,4.352918609130205,5.568622926449759,-2.161154246833657,1.0,1.0,38.2226412499085,0.5088829103775994,38.2226412499085,8.170878457829977,0.10878422510825579
Crow_education_Kate,Crow,0,0.0,individual_3,True,117,4.352918609130205,5.568622926449759,-2.161154246833657,1.0,1.0,32.653810280783524,0.4347414377242409,32.653810280783524,7.089815815582717,0.09439133425358205
Crow_education_Kate,Crow,0,0.0,seasonal_naive,False,117,7.419264957264956,9.972436034467126,-1.97463247863248,0.8974358974358975,0.9401709401709402,33.608996026443386,0.5804539109811842,43.59840181128777,15.865649723243958,0.21122972516231509
Crow_education_Kate,Crow,0,0.0,seasonal_naive,True,117,7.419264957264956,9.972436034467126,-1.97463247863248,0.9401709401709402,0.9829059829059829,41.34919999999999,0.6016327878959469,45.18916581196579,16.402517948717946,0.21837740141216386
Crow_education_Kate,Crow,0,0.0,equal_weight,False,117,5.365632839124789,6.532651055107235,-4.07514243915716,1.0,1.0,38.66664413139514,0.5147942098367256,38.66664413139514,7.0819669974498405,0.09428683782727891
Crow_education_Kate,Crow,0,0.0,equal_weight,True,117,5.365632839124789,6.532651055107235,-4.07514243915716,0.9914529914529915,1.0,32.45290716546659,0.43408010431908084,32.6041369493029,6.915148204500179,0.09206587061816159
Crow_education_Kate,Crow,0,0.0,naive_independence,False,117,5.366771213565467,6.533441947834105,-4.080454632347218,0.8461538461538461,0.9316239316239316,19.348169050460374,0.3356293544959374,25.209414873683848,8.826270173779458,0.11750988175948314
Crow_education_Kate,Crow,0,0.0,naive_independence,True,117,5.366771213565467,6.533441947834105,-4.080454632347218,0.9914529914529915,1.0,32.27798385288889,0.43191959716476613,32.44185936404079,6.9121483041899765,0.0920259309920453
Crow_education_Kate,Crow,0,0.0,duplicate_aware_independence,False,117,5.366771213565467,6.533441947834105,-4.080454632347218,0.8461538461538461,0.9316239316239316,19.348169050460374,0.3356293544959374,25.209414873683848,8.826270173779458,0.11750988175948314
Crow_education_Kate,Crow,0,0.0,duplicate_aware_independence,True,117,5.366771213565467,6.533441947834105,-4.080454632347218,0.9914529914529915,1.0,32.27798385288889,0.43191959716476613,32.44185936404079,6.9121483041899765,0.0920259309920453
Crow_education_Kate,Crow,0,0.0,common_corrected,False,117,5.291840457619617,6.430370331792995,-3.9555306999879765,1.0,1.0,37.94412880149469,0.5051748928076323,37.94412880149469,6.94796492062273,0.09250278092742807
Crow_education_Kate,Crow,0,0.0,common_corrected,True,117,5.291840457619617,6.430370331792995,-3.9555306999879765,0.9914529914529915,1.0,31.798823498595375,0.424290729660727,31.868848441874814,6.746022839335088,0.08981419451129151
Crow_education_Kate,Crow,0,0.0,ci,False,117,4.352918609130205,5.568622926449759,-2.161154246833657,1.0,1.0,38.2226412499085,0.5088829103775994,38.2226412499085,8.170878457829977,0.10878422510825579
Crow_education_Kate,Crow,0,0.0,ci,True,117,4.352918609130205,5.568622926449759,-2.161154246833657,1.0,1.0,32.653810280783524,0.4347414377242409,32.653810280783524,7.089815815582717,0.09439133425358205
Crow_education_Kate,Crow,0,0.0,ci_cleaned_mask,True,117,4.352918609130205,5.568622926449759,-2.161154246833657,1.0,1.0,32.653810280783524,0.4347414377242409,32.653810280783524,7.089815815582717,0.09439133425358205
Crow_education_Kate,Crow,0,0.0,exact_lineage,False,117,5.291840457619618,6.430370331792996,-3.955530699987979,1.0,1.0,37.9441288014947,0.5051748928076324,37.9441288014947,6.94796492062273,0.09250278092742807
Crow_education_Kate,Crow,0,0.0,exact_lineage,True,117,5.291840457619618,6.430370331792996,-3.955530699987979,0.9914529914529915,1.0,31.798823498595375,0.42429072966072695,31.86884844187481,6.746022839335088,0.08981419451129151
Crow_education_Kate,Crow,0,0.0,exact_lineage_cleaned_mask,True,117,5.291840457619618,6.430370331792996,-3.955530699987979,0.9914529914529915,1.0,31.798823498595375,0.42429072966072695,31.86884844187481,6.746022839335088,0.08981419451129151
Crow_education_Kate,Crow,0,0.0,shrinkage,False,117,4.609444607688589,5.672344704651505,-2.175310137230294,1.0,1.0,31.202363154781214,0.41541737707364346,31.202363154781214,7.0310279126168265,0.09360865262358481
Crow_education_Kate,Crow,0,0.0,shrinkage,True,117,4.609444607688589,5.672344704651505,-2.175310137230294,1.0,1.0,33.53688855995634,0.4464984338422886,33.53688855995634,6.758225446337877,0.08997665576364644
Crow_education_Kate,Crow,0,0.0,shrinkage_cleaned_mask,True,117,4.609444607688589,5.672344704651505,-2.175310137230294,1.0,1.0,33.53688855995634,0.4464984338422886,33.53688855995634,6.758225446337877,0.08997665576364644
Crow_education_Kate,Crow,0,0.0,pooled_privileged,False,117,6.493745806484204,7.656398879168365,-5.745404325764991,1.0,1.0,37.86627324828945,0.5041383511347244,37.86627324828945,6.863993631159032,0.09138481647565046
Crow_education_Kate,Crow,0,0.0,pooled_privileged,True,117,6.493745806484204,7.656398879168365,-5.745404325764991,0.9829059829059829,0.9914529914529915,30.590671587523573,0.4135914080427798,31.065213021072935,6.9059524299064154,0.0919434412834682
Crow_education_Kate,Crow,0,0.0,sketch_512,False,117,4.537944424406033,5.735935377193454,-2.5166247112398237,1.0,1.0,38.21962900802569,0.5088428064400912,38.21962900802569,7.878887503592338,0.10489675941416964
Crow_education_Kate,Crow,0,0.0,sketch_512,True,117,4.537944424406033,5.735935377193454,-2.5166247112398237,1.0,1.0,32.651236906161984,0.43470717671233594,32.651236906161984,6.919185662304001,0.09211962392276192
Crow_education_Kate,Crow,0,0.0,uninflated_512,False,117,5.213309714213163,6.342716737705196,-3.8229450260597178,1.0,1.0,37.94294420973643,0.5051591215662465,37.94294420973643,6.9885487342789245,0.09304309966345042
Crow_education_Kate,Crow,0,0.0,uninflated_512,True,117,5.213309714213163,6.342716737705196,-3.8229450260597178,0.9914529914529915,1.0,31.892289979556374,0.4254674202082723,31.95723069984376,6.717003632900387,0.0894278429211231
Crow_education_Kate,Crow,0,0.0,sketch_2048,False,117,5.276885380343246,6.41409141998762,-3.9012744844859664,1.0,1.0,38.10681976536331,0.5073409035404934,38.10681976536331,7.0016826930933,0.09321796060889215
Crow_education_Kate,Crow,0,0.0,sketch_2048,True,117,5.276885380343246,6.41409141998762,-3.9012744844859664,1.0,1.0,32.81392319190832,0.4368731251623091,32.81392319190832,6.774028885876477,0.09018705724411447
Crow_education_Kate,Crow,0,0.0,sketch_2048_cleaned_mask,True,117,5.276885380343246,6.41409141998762,-3.9012744844859664,1.0,1.0,32.81392319190832,0.4368731251623091,32.81392319190832,6.774028885876477,0.09018705724411447
Crow_education_Kate,Crow,0,0.0,uninflated_2048,False,117,5.310893728437338,6.456365742246247,-3.9780045071359216,1.0,1.0,37.95090528429196,0.5052651125353966,37.95090528429196,6.978631934226876,0.09291107084735883
Crow_education_Kate,Crow,0,0.0,uninflated_2048,True,117,5.310893728437338,6.456365742246247,-3.9780045071359216,0.9914529914529915,1.0,31.91892848275891,0.4259757231657635,31.995409780324255,6.778198346554279,0.09024256798892544
Crow_education_Kate,Crow,21,0.5,individual_0,False,117,4.2152753377175936,5.275240743136997,-0.012279571639422325,1.0,1.0,33.01769925375934,0.4395861285558221,33.01769925375934,8.893431400077118,0.11840404289501073
Crow_education_Kate,Crow,21,0.5,individual_0,True,117,4.2152753377175936,5.275240743136997,-0.012279571639422325,1.0,1.0,37.788265756767316,0.503099786608074,37.788265756767316,7.1756711791936585,0.09553438261123494
Crow_education_Kate,Crow,21,0.5,individual_1,False,117,4.564216087838668,5.782730622592025,-2.805172476066431,1.0,1.0,32.761602792409256,0.43617654961706814,32.761602792409256,7.285668146822461,0.09699884386219021
Crow_education_Kate,Crow,21,0.5,individual_1,True,117,4.564216087838668,5.782730622592025,-2.805172476066431,1.0,1.0,31.296275518072544,0.4166676935140921,31.296275518072544,7.061982305795256,0.09402076861490578
Crow_education_Kate,Crow,21,0.5,individual_2,False,117,4.379890734417155,5.590271883745103,2.157237259288275,0.9829059829059829,1.0,32.7599117365203,0.44146960389053774,33.15916873633338,10.58877134919725,0.1409752075025777
Crow_education_Kate,Crow,21,0.5,individual_2,True,117,4.379890734417155,5.590271883745103,2.157237259288275,1.0,1.0,38.00646686266586,0.5060048400053854,38.00646686266586,6.917287120207368,0.09209434739565611
Crow_education_Kate,Crow,21,0.5,individual_3,False,117,5.592755726003587,7.190473374444127,4.057772585012704,0.9658119658119658,0.9914529914529915,32.7937506566397,0.45969812984875436,34.52832929175184,12.540124526485153,0.1669548429113479
Crow_education_Kate,Crow,21,0.5,individual_3,True,117,5.592755726003587,7.190473374444127,4.057772585012704,1.0,1.0,45.06177850448699,0.5999367977274198,45.06177850448699,7.914499661311353,0.10537088725756982
Crow_education_Kate,Crow,21,0.5,seasonal_naive,False,117,7.419264957264956,9.972436034467126,-1.97463247863248,0.8974358974358975,0.9401709401709402,33.608996026443386,0.5804539109811842,43.59840181128777,15.865649723243958,0.21122972516231509
Crow_education_Kate,Crow,21,0.5,seasonal_naive,True,117,7.419264957264956,9.972436034467126,-1.97463247863248,0.9401709401709402,0.9829059829059829,41.34919999999999,0.6016327878959469,45.18916581196579,16.402517948717946,0.21837740141216386
Crow_education_Kate,Crow,21,0.5,equal_weight,False,117,4.004789762847124,5.2127451688168245,0.8493894491487803,1.0,1.0,32.827979729149,0.4370602689950468,32.827979729149,9.533239880659632,0.1269222297872857
Crow_education_Kate,Crow,21,0.5,equal_weight,True,117,4.004789762847124,5.2127451688168245,0.8493894491487803,1.0,1.0,36.575846593287146,0.4869580608577416,36.575846593287146,6.883836832064782,0.0916490019295573
Crow_education_Kate,Crow,21,0.5,naive_independence,False,117,4.004126160282674,5.2121708097298525,0.8494755645318934,0.905982905982906,0.9316239316239316,16.41624957152801,0.31006945496777416,23.289588426134717,6.96812663868616,0.09277120700764709
Crow_education_Kate,Crow,21,0.5,naive_independence,True,117,4.004126160282674,5.2121708097298525,0.8494755645318934,1.0,1.0,36.57690017475365,0.4869720878738102,36.57690017475365,6.880995664742477,0.09161117561906265
Crow_education_Kate,Crow,21,0.5,duplicate_aware_independence,False,117,4.004126160282674,5.2121708097298525,0.8494755645318934,0.905982905982906,0.9316239316239316,16.41624957152801,0.31006945496777416,23.289588426134717,6.96812663868616,0.09277120700764709
Crow_education_Kate,Crow,21,0.5,duplicate_aware_independence,True,117,4.004126160282674,5.2121708097298525,0.8494755645318934,1.0,1.0,36.57690017475365,0.4869720878738102,36.57690017475365,6.880995664742477,0.09161117561906265
Crow_education_Kate,Crow,21,0.5,common_corrected,False,117,3.9803923970062165,5.187538237634614,0.8130406923186685,1.0,1.0,32.304911309151834,0.4300963185408011,32.304911309151834,9.380144221305587,0.12488396759109459
Crow_education_Kate,Crow,21,0.5,common_corrected,True,117,3.9803923970062165,5.187538237634614,0.8130406923186685,1.0,1.0,36.48001255318519,0.4856821598826764,36.48001255318519,6.81993338209783,0.09079821369151449
Crow_education_Kate,Crow,21,0.5,ci,False,117,4.271824330638473,5.248709119838097,-1.2303216769976384,1.0,1.0,32.692945984670644,0.4352624768320184,32.692945984670644,8.010795329156107,0.10665293418334867
Crow_education_Kate,Crow,21,0.5,ci,True,117,4.271824330638473,5.248709119838097,-1.2303216769976384,1.0,1.0,34.74611115845638,0.46259760164170216,34.74611115845638,6.6907657776026035,0.08907852126962591
Crow_education_Kate,Crow,21,0.5,ci_cleaned_mask,True,117,4.271824330638473,5.248709119838097,-1.2303216769976384,1.0,1.0,34.74611115845638,0.46259760164170216,34.74611115845638,6.6907657776026035,0.08907852126962591
Crow_education_Kate,Crow,21,0.5,exact_lineage,False,117,3.9169278250780932,5.132344104486772,0.6371739866720644,1.0,1.0,32.54302425387599,0.43326647121333783,32.54302425387599,9.255828739155167,0.12322887463328253
Crow_education_Kate,Crow,21,0.5,exact_lineage,True,117,3.9169278250780932,5.132344104486772,0.6371739866720644,1.0,1.0,36.41124112554175,0.4847665610882027,36.41124112554175,6.6784905283751925,0.08891509288403598
Crow_education_Kate,Crow,21,0.5,exact_lineage_cleaned_mask,True,117,3.9169278250780932,5.132344104486772,0.6371739866720644,1.0,1.0,36.41124112554175,0.4847665610882027,36.41124112554175,6.6784905283751925,0.08891509288403598
Crow_education_Kate,Crow,21,0.5,shrinkage,False,117,5.256982245127297,6.810001970259142,3.636761163934293,0.9572649572649573,0.9658119658119658,29.128633399534802,0.4231671199183843,31.78445312969072,11.313162612277418,0.15061950005154495
Crow_education_Kate,Crow,21,0.5,shrinkage,True,117,5.256982245127297,6.810001970259142,3.636761163934293,1.0,1.0,44.02906797505044,0.5861876500334854,44.02906797505044,7.692689301417724,0.10241778151177465
Crow_education_Kate,Crow,21,0.5,shrinkage_cleaned_mask,True,117,5.256982245127297,6.810001970259142,3.636761163934293,1.0,1.0,44.02906797505044,0.5861876500334854,44.02906797505044,7.692689301417724,0.10241778151177465
Crow_education_Kate,Crow,21,0.5,pooled_privileged,False,117,6.364611988149736,7.518569791771965,-5.5270180461587906,0.9914529914529915,1.0,32.35192738294205,0.43383267091786254,32.58555200975169,7.118778017340877,0.09477692690337496
Crow_education_Kate,Crow,21,0.5,pooled_privileged,True,117,6.364611988149736,7.518569791771965,-5.5270180461587906,0.9829059829059829,0.9914529914529915,30.125323120211554,0.4081747624790198,30.658364027052126,6.866020581447952,0.09141180258462896
Crow_education_Kate,Crow,21,0.5,sketch_512,False,117,4.271824330638473,5.248709119838097,-1.2303216769976384,1.0,1.0,32.692945984670644,0.4352624768320184,32.692945984670644,8.010795329156107,0.10665293418334867
Crow_education_Kate,Crow,21,0.5,sketch_512,True,117,4.271824330638473,5.248709119838097,-1.2303216769976384,1.0,1.0,34.74611115845638,0.46259760164170216,34.74611115845638,6.6907657776026035,0.08907852126962591
Crow_education_Kate,Crow,21,0.5,uninflated_512,False,117,3.902660941506537,5.102799970052228,0.5103798809712645,1.0,1.0,32.55307764675377,0.4334003185786563,32.55307764675377,9.141722025214676,0.1217096976537534
Crow_education_Kate,Crow,21,0.5,uninflated_512,True,117,3.902660941506537,5.102799970052228,0.5103798809712645,1.0,1.0,36.25775382484093,0.4827230847157576,36.25775382484093,6.691281866641165,0.0890853922990307
Crow_education_Kate,Crow,21,0.5,sketch_2048,False,117,3.911853731702287,5.096780651011289,0.1730039206288646,1.0,1.0,32.6752129075489,0.4350263848299858,32.6752129075489,8.857674636879457,0.11792798982471821
Crow_education_Kate,Crow,21,0.5,sketch_2048,True,117,3.911853731702287,5.096780651011289,0.1730039206288646,1.0,1.0,36.82088824165627,0.4902204598733016,36.82088824165627,6.7586276538387935,0.08998201061399035
Crow_education_Kate,Crow,21,0.5,sketch_2048_cleaned_mask,True,117,3.911853731702287,5.096780651011289,0.1730039206288646,1.0,1.0,36.82088824165627,0.4902204598733016,36.82088824165627,6.7586276538387935,0.08998201061399035
Crow_education_Kate,Crow,21,0.5,uninflated_2048,False,117,3.908387269843763,5.096413625235604,0.45918415726964873,1.0,1.0,32.54773717313808,0.43332921737613667,32.54773717313808,9.082998724027517,0.12092787610929974
Crow_education_Kate,Crow,21,0.5,uninflated_2048,True,117,3.908387269843763,5.096413625235604,0.45918415726964873,1.0,1.0,36.11583328256445,0.4808336041295306,36.11583328256445,6.66211301390619,0.08869704837022947
Crow_education_Kate,Crow,21,0.5,exact_r0.5,False,117,4.206692615428141,5.501219866640883,1.928640013821861,1.0,1.0,36.12884332298436,0.4810068152687013,36.12884332298436,11.206858760556896,0.14920420765732775
Crow_education_Kate,Crow,21,0.5,exact_r0.5,True,117,4.206692615428141,5.501219866640883,1.928640013821861,1.0,1.0,38.8220790355414,0.516863615921958,38.8220790355414,6.748215246408546,0.08984338345417432
Crow_education_Kate,Crow,21,0.5,sketch_2048_r0.5,False,117,4.060684834109796,5.306415189936778,1.4116769840016197,1.0,1.0,36.23806596069953,0.4824609673613369,36.23806596069953,10.712379958111203,0.1426208893967354
Crow_education_Kate,Crow,21,0.5,sketch_2048_r0.5,True,117,4.060684834109796,5.306415189936778,1.4116769840016197,1.0,1.0,36.886920492380575,0.49109959022192573,36.886920492380575,6.724905757070039,0.08953304904540231
Crow_education_Kate,Crow,21,0.5,exact_r1.0,False,117,4.633837261159317,5.973685987108561,2.784525881253769,1.0,1.0,45.10047300294943,0.6004519627801022,45.10047300294943,14.322791384493003,0.19068864751698586
Crow_education_Kate,Crow,21,0.5,exact_r1.0,True,117,4.633837261159317,5.973685987108561,2.784525881253769,1.0,1.0,39.870069202666414,0.5308161913812732,39.870069202666414,7.044125307725165,0.09378302677260081
Crow_education_Kate,Crow,21,0.5,sketch_2048_r1.0,False,117,4.3993802548709855,5.611602857086283,2.1341208824187556,1.0,1.0,45.16765457667159,0.6013463948141407,45.16765457667159,13.6895737627057,0.18225820901927278
Crow_education_Kate,Crow,21,0.5,sketch_2048_r1.0,True,117,4.3993802548709855,5.611602857086283,2.1341208824187556,1.0,1.0,37.962429648412424,0.5054185438986436,37.962429648412424,6.990178269157137,0.09306479472230218
Crow_education_Kate,Crow,38,0.9047619047619048,individual_0,False,117,4.529206790853461,5.726266693436269,-2.5712173716091544,0.9914529914529915,1.0,31.874374134849386,0.42492987888334677,31.916855499968445,7.051805975268764,0.09388528450062318
Crow_education_Kate,Crow,38,0.9047619047619048,individual_0,True,117,4.529206790853461,5.726266693436269,-2.5712173716091544,1.0,1.0,33.035470108787,0.43982272351971397,33.035470108787,6.9865598406476535,0.09301662022753454
Crow_education_Kate,Crow,38,0.9047619047619048,individual_1,False,117,4.30118237290608,5.523184035501768,-1.5402457038961732,1.0,1.0,31.664510544792673,0.4215702461889615,31.664510544792673,7.64346075442959,0.10176236981216998
Crow_education_Kate,Crow,38,0.9047619047619048,individual_1,True,117,4.30118237290608,5.523184035501768,-1.5402457038961732,1.0,1.0,34.73315966176227,0.46242516993327176,34.73315966176227,7.015641499905753,0.09340380329280497
Crow_education_Kate,Crow,38,0.9047619047619048,individual_2,False,117,4.225582958988898,5.465923996932169,-0.10988622162289612,1.0,1.0,31.722250882489075,0.4223389809004383,31.722250882489075,8.696256418633604,0.11577892398303956
Crow_education_Kate,Crow,38,0.9047619047619048,individual_2,True,117,4.225582958988898,5.465923996932169,-0.10988622162289612,1.0,1.0,36.72043743024912,0.4888830928157913,36.72043743024912,7.157206028978071,0.09528854404343867
Crow_education_Kate,Crow,38,0.9047619047619048,individual_3,False,117,4.141977471510014,5.309630995912364,-0.649255154602072,1.0,1.0,31.636802423189504,0.4212013499248251,31.636802423189504,8.185421289879447,0.10897784330041786
Crow_education_Kate,Crow,38,0.9047619047619048,individual_3,True,117,4.141977471510014,5.309630995912364,-0.649255154602072,1.0,1.0,35.44306920699636,0.4718766579432592,35.44306920699636,7.035041273107551,0.09366208510496571
Crow_education_Kate,Crow,38,0.9047619047619048,seasonal_naive,False,117,7.419264957264956,9.972436034467126,-1.97463247863248,0.8974358974358975,0.9401709401709402,33.608996026443386,0.5804539109811842,43.59840181128777,15.865649723243958,0.21122972516231509
Crow_education_Kate,Crow,38,0.9047619047619048,seasonal_naive,True,117,7.419264957264956,9.972436034467126,-1.97463247863248,0.9401709401709402,0.9829059829059829,41.34919999999999,0.6016327878959469,45.18916581196579,16.402517948717946,0.21837740141216386
Crow_education_Kate,Crow,38,0.9047619047619048,equal_weight,False,117,4.228937898949304,5.390326389489253,-1.2176511129325742,1.0,1.0,31.72092696782829,0.42232135476253574,31.72092696782829,7.811234468702194,0.10399605051062528
Crow_education_Kate,Crow,38,0.9047619047619048,equal_weight,True,117,4.228937898949304,5.390326389489253,-1.2176511129325742,1.0,1.0,35.098159682521995,0.46728465286742243,35.098159682521995,6.976862501875601,0.09288751324235854
Crow_education_Kate,Crow,38,0.9047619047619048,naive_independence,False,117,4.228417375344487,5.389952711982671,-1.2140242380884871,0.8632478632478633,0.9145299145299145,15.862028935404522,0.32076561649757396,24.092986489947172,7.2348199657171826,0.09632186891901243
Crow_education_Kate,Crow,38,0.9047619047619048,naive_independence,True,117,4.228417375344487,5.389952711982671,-1.2140242380884871,1.0,1.0,35.097795949371765,0.4672798102511605,35.097795949371765,6.97747215076674,0.09289562989499912
Crow_education_Kate,Crow,38,0.9047619047619048,duplicate_aware_independence,False,117,4.228417375344487,5.389952711982671,-1.2140242380884871,0.8632478632478633,0.9145299145299145,15.862028935404522,0.32076561649757396,24.092986489947172,7.2348199657171826,0.09632186891901243
Crow_education_Kate,Crow,38,0.9047619047619048,duplicate_aware_independence,True,117,4.228417375344487,5.389952711982671,-1.2140242380884871,1.0,1.0,35.097795949371765,0.4672798102511605,35.097795949371765,6.97747215076674,0.09289562989499912
Crow_education_Kate,Crow,38,0.9047619047619048,common_corrected,False,117,4.218984490130172,5.383526269037641,-1.1341448309262698,1.0,1.0,31.29060582873463,0.4165922092483045,31.29060582873463,7.79965816574336,0.10384192765180485
Crow_education_Kate,Crow,38,0.9047619047619048,common_corrected,True,117,4.218984490130172,5.383526269037641,-1.1341448309262698,1.0,1.0,34.99977536208019,0.4659747983496615,34.99977536208019,6.984845432602913,0.09299379519695442
Crow_education_Kate,Crow,38,0.9047619047619048,ci,False,117,4.141977471510014,5.309630995912364,-0.649255154602072,1.0,1.0,31.636802423189504,0.4212013499248251,31.636802423189504,8.185421289879447,0.10897784330041786
Crow_education_Kate,Crow,38,0.9047619047619048,ci,True,117,4.141977471510014,5.309630995912364,-0.649255154602072,1.0,1.0,35.44306920699636,0.4718766579432592,35.44306920699636,7.035041273107551,0.09366208510496571
Crow_education_Kate,Crow,38,0.9047619047619048,ci_cleaned_mask,True,117,4.141977471510014,5.309630995912364,-0.649255154602072,1.0,1.0,35.44306920699636,0.4718766579432592,35.44306920699636,7.035041273107551,0.09366208510496571
Crow_education_Kate,Crow,38,0.9047619047619048,exact_lineage,False,117,4.191107142324702,5.384204725295361,-0.8672306661010023,1.0,1.0,31.627805497531835,0.4210815679954919,31.627805497531835,8.046328937724077,0.10712601625075631
Crow_education_Kate,Crow,38,0.9047619047619048,exact_lineage,True,117,4.191107142324702,5.384204725295361,-0.8672306661010023,1.0,1.0,35.167024408171294,0.468201493798996,35.167024408171294,7.0653757158068995,0.09406594729189828
Crow_education_Kate,Crow,38,0.9047619047619048,exact_lineage_cleaned_mask,True,117,4.191107142324702,5.384204725295361,-0.8672306661010023,1.0,1.0,35.167024408171294,0.468201493798996,35.167024408171294,7.0653757158068995,0.09406594729189828
Crow_education_Kate,Crow,38,0.9047619047619048,shrinkage,False,117,4.2270786256235064,5.408887239841487,-1.045679291656091,1.0,1.0,31.57329353903867,0.42035581479840084,31.57329353903867,7.930039624375474,0.10557778090417906
Crow_education_Kate,Crow,38,0.9047619047619048,shrinkage,True,117,4.2270786256235064,5.408887239841487,-1.045679291656091,1.0,1.0,34.75590155901267,0.4627279476190059,34.75590155901267,7.0167643127758685,0.09341875203162754
Crow_education_Kate,Crow,38,0.9047619047619048,shrinkage_cleaned_mask,True,117,4.2270786256235064,5.408887239841487,-1.045679291656091,1.0,1.0,34.75590155901267,0.4627279476190059,34.75590155901267,7.0167643127758685,0.09341875203162754
Crow_education_Kate,Crow,38,0.9047619047619048,pooled_privileged,False,117,4.950719881140085,6.181920361855275,-3.2330654589333205,0.9914529914529915,1.0,31.65486843115632,0.4227444183942506,31.75270364786834,7.003003151288706,0.09323554072862057
Crow_education_Kate,Crow,38,0.9047619047619048,pooled_privileged,True,117,4.950719881140085,6.181920361855275,-3.2330654589333205,0.9914529914529915,1.0,32.542028119133754,0.43354783173678685,32.56415748930278,7.218919881624538,0.09611018074666948
Crow_education_Kate,Crow,38,0.9047619047619048,sketch_512,False,117,4.141977471510014,5.309630995912364,-0.649255154602072,1.0,1.0,31.636802423189504,0.4212013499248251,31.636802423189504,8.185421289879447,0.10897784330041786
Crow_education_Kate,Crow,38,0.9047619047619048,sketch_512,True,117,4.141977471510014,5.309630995912364,-0.649255154602072,1.0,1.0,35.44306920699636,0.4718766579432592,35.44306920699636,7.035041273107551,0.09366208510496571
Crow_education_Kate,Crow,38,0.9047619047619048,uninflated_512,False,117,4.189480249719317,5.388659987776072,-0.880985290164553,1.0,1.0,31.628048857837285,0.42108480800969444,31.628048857837285,8.062604632527504,0.1073427051730585
Crow_education_Kate,Crow,38,0.9047619047619048,uninflated_512,True,117,4.189480249719317,5.388659987776072,-0.880985290164553,1.0,1.0,35.196151258649735,0.4685892785244076,35.196151258649735,7.092709115682676,0.09442985464169015
Crow_education_Kate,Crow,38,0.9047619047619048,sketch_2048,False,117,4.141977471510014,5.309630995912364,-0.649255154602072,1.0,1.0,31.636802423189504,0.4212013499248251,31.636802423189504,8.185421289879447,0.10897784330041786
Crow_education_Kate,Crow,38,0.9047619047619048,sketch_2048,True,117,4.141977471510014,5.309630995912364,-0.649255154602072,1.0,1.0,35.44306920699636,0.4718766579432592,35.44306920699636,7.035041273107551,0.09366208510496571
Crow_education_Kate,Crow,38,0.9047619047619048,sketch_2048_cleaned_mask,True,117,4.141977471510014,5.309630995912364,-0.649255154602072,1.0,1.0,35.44306920699636,0.4718766579432592,35.44306920699636,7.035041273107551,0.09366208510496571
Crow_education_Kate,Crow,38,0.9047619047619048,uninflated_2048,False,117,4.181261966018866,5.371476300866634,-0.8825317738447296,1.0,1.0,31.630983553126732,0.4211238795189133,31.630983553126732,8.024980302060168,0.1068417879636997
Crow_education_Kate,Crow,38,0.9047619047619048,uninflated_2048,True,117,4.181261966018866,5.371476300866634,-0.8825317738447296,1.0,1.0,35.13141547672597,0.46772740890907816,35.13141547672597,7.041096616090159,0.09374270382883089
Eagle_assembly_Benny,Eagle,0,0.0,individual_0,False,117,20.360687399732303,24.607661046892293,15.6879041730595,0.8717948717948718,0.9316239316239316,72.14317512226086,1.7982857296117596,96.86669650357878,34.14519720776148,0.6338899032365392
Eagle_assembly_Benny,Eagle,0,0.0,individual_0,True,117,20.360687399732303,24.607661046892293,15.6879041730595,0.8034188034188035,0.905982905982906,64.34800827981057,1.8759085728889808,101.04793882656756,26.626702732797938,0.494312506561385
Eagle_assembly_Benny,Eagle,0,0.0,individual_1,False,117,14.34565096176722,16.92141433300824,3.1537405409545105,0.9658119658119658,1.0,71.78203886430883,1.3532682943536847,72.89532858906409,24.960495503299924,0.4633801346365148
Eagle_assembly_Benny,Eagle,0,0.0,individual_1,True,117,14.34565096176722,16.92141433300824,3.1537405409545105,0.8974358974358975,0.9316239316239316,51.9572030924448,1.1744295718522508,63.26197835424119,23.631753644362274,0.43871265231789247
Eagle_assembly_Benny,Eagle,0,0.0,individual_2,False,117,11.161883431241364,13.676370633480037,-1.8548960475490577,1.0,1.0,71.31805325466442,1.3239869022148008,71.31805325466442,20.30302657064248,0.37691636308218535
Eagle_assembly_Benny,Eagle,0,0.0,individual_2,True,117,11.161883431241364,13.676370633480037,-1.8548960475490577,0.8974358974358975,0.9145299145299145,44.647359372758906,1.0391069266136095,55.97267088182803,19.976174920174515,0.3708485123145598
Eagle_assembly_Benny,Eagle,0,0.0,individual_3,False,117,14.975056780930116,19.038521400368786,6.8863453717877,0.9316239316239316,0.9572649572649573,71.92344949349068,1.5985037374212026,86.10521333895339,26.68006463748837,0.49530314581278306
Eagle_assembly_Benny,Eagle,0,0.0,individual_3,True,117,14.975056780930116,19.038521400368786,6.8863453717877,0.8632478632478633,0.9230769230769231,53.86141368350317,1.5674632161771216,84.43318052394994,24.299893007939275,0.4511163527255761
Eagle_assembly_Benny,Eagle,0,0.0,seasonal_naive,False,117,9.713679487179487,13.87069110163616,5.713676068376069,0.9743589743589743,0.9743589743589743,65.46888731571278,1.348137142819095,72.61893330313683,22.722037029527858,0.4218241811973045
Eagle_assembly_Benny,Eagle,0,0.0,seasonal_naive,True,117,9.713679487179487,13.87069110163616,5.713676068376069,0.9487179487179487,0.9829059829059829,55.25008000000001,1.2355340582276164,66.55344068376068,20.77425299145301,0.3856644651497344
Eagle_assembly_Benny,Eagle,0,0.0,equal_weight,False,117,14.50516346365151,17.254024255175597,5.968273509563164,0.9743589743589743,0.9829059829059829,71.76708417490545,1.4004947670330488,75.43923600079347,25.534571710328496,0.47403759574618504
Eagle_assembly_Benny,Eagle,0,0.0,equal_weight,True,117,14.50516346365151,17.254024255175597,5.968273509563164,0.8803418803418803,0.8974358974358975,50.00768354202475,1.3038275048323105,70.23214449401029,22.68989552470687,0.4212274889229304
Eagle_assembly_Benny,Eagle,0,0.0,naive_independence,False,117,14.46311527879293,17.2006984795081,5.901655111327293,0.717948717948718,0.811965811965812,35.894158069079076,1.5260770962951729,82.20387032699311,22.235763734185575,0.4127967408151191
Eagle_assembly_Benny,Eagle,0,0.0,naive_independence,True,117,14.46311527879293,17.2006984795081,5.901655111327293,0.8803418803418803,0.8974358974358975,49.98027787355054,1.2980550700635385,69.92120576073454,22.656303927776204,0.4206038763545689
Eagle_assembly_Benny,Eagle,0,0.0,duplicate_aware_independence,False,117,14.46311527879293,17.2006984795081,5.901655111327293,0.717948717948718,0.811965811965812,35.894158069079076,1.5260770962951729,82.20387032699311,22.235763734185575,0.4127967408151191
Eagle_assembly_Benny,Eagle,0,0.0,duplicate_aware_independence,True,117,14.46311527879293,17.2006984795081,5.901655111327293,0.8803418803418803,0.8974358974358975,49.98027787355054,1.2980550700635385,69.92120576073454,22.656303927776204,0.4206038763545689
Eagle_assembly_Benny,Eagle,0,0.0,common_corrected,False,117,13.522816313971173,16.058234441535436,4.351212370740794,0.9829059829059829,0.9914529914529915,70.59368865532295,1.3527025408618871,72.86485363678962,24.03541012947677,0.4462063495641883
Eagle_assembly_Benny,Eagle,0,0.0,common_corrected,True,117,13.522816313971173,16.058234441535436,4.351212370740794,0.8717948717948718,0.9145299145299145,47.768704056908945,1.1839537828056914,63.775010758753545,22.05560162380164,0.40945211398449105
Eagle_assembly_Benny,Eagle,0,0.0,ci,False,117,11.005363812732309,13.571817965374967,-1.4450345058854166,1.0,1.0,71.30212181542916,1.3236911423627251,71.30212181542916,20.625123144226198,0.38289593803146676
Eagle_assembly_Benny,Eagle,0,0.0,ci,True,117,11.005363812732309,13.571817965374967,-1.4450345058854166,0.8974358974358975,0.9230769230769231,45.99099802260372,1.037428685891907,55.882270545567685,20.327877657052742,0.37737771208726134
Eagle_assembly_Benny,Eagle,0,0.0,ci_cleaned_mask,True,117,11.005363812732309,13.571817965374967,-1.4450345058854166,0.8974358974358975,0.9230769230769231,45.99099802260372,1.037428685891907,55.882270545567685,20.327877657052742,0.37737771208726134
Eagle_assembly_Benny,Eagle,0,0.0,exact_lineage,False,117,13.522816313971177,16.058234441535436,4.351212370740792,0.9829059829059829,0.9914529914529915,70.59368865532295,1.352702540861887,72.8648536367896,24.03541012947677,0.4462063495641883
Eagle_assembly_Benny,Eagle,0,0.0,exact_lineage,True,117,13.522816313971177,16.058234441535436,4.351212370740792,0.8717948717948718,0.9145299145299145,47.76870405690897,1.1839537828056914,63.775010758753545,22.05560162380164,0.40945211398449105
Eagle_assembly_Benny,Eagle,0,0.0,exact_lineage_cleaned_mask,True,117,13.522816313971177,16.058234441535436,4.351212370740792,0.8717948717948718,0.9145299145299145,47.76870405690897,1.1839537828056914,63.775010758753545,22.05560162380164,0.40945211398449105
Eagle_assembly_Benny,Eagle,0,0.0,shrinkage,False,117,13.516697782697268,16.762535902386162,4.26298242141292,0.8632478632478633,0.8974358974358975,43.349259059909365,1.3774103572738354,74.19576813732289,21.26936654073774,0.3948560207860233
Eagle_assembly_Benny,Eagle,0,0.0,shrinkage,True,117,13.516697782697268,16.762535902386162,4.26298242141292,0.8717948717948718,0.9145299145299145,49.95031906201223,1.3411283433576469,72.24139638611246,21.922492296684133,0.4069810004638107
Eagle_assembly_Benny,Eagle,0,0.0,shrinkage_cleaned_mask,True,117,13.516697782697268,16.762535902386162,4.26298242141292,0.8717948717948718,0.9145299145299145,49.95031906201223,1.3411283433576469,72.24139638611246,21.922492296684133,0.4069810004638107
Eagle_assembly_Benny,Eagle,0,0.0,pooled_privileged,False,117,14.444561885695112,17.03784532195427,4.7218191467783655,0.9743589743589743,0.9829059829059829,70.4755139128426,1.3699050101372139,73.7914841176782,24.611993499526765,0.45691035500380867
Eagle_assembly_Benny,Eagle,0,0.0,pooled_privileged,True,117,14.444561885695112,17.03784532195427,4.7218191467783655,0.8717948717948718,0.8888888888888888,47.615457606071594,1.284423103119535,69.18690442976825,22.763521511510653,0.42259432155144827
Eagle_assembly_Benny,Eagle,0,0.0,sketch_512,False,117,11.70985566402694,14.220348336735743,-0.21446169075784274,1.0,1.0,71.18437934327255,1.321505307446381,71.18437934327255,21.710393193182874,0.4030434780246546
Eagle_assembly_Benny,Eagle,0,0.0,sketch_512,True,117,11.70985566402694,14.220348336735743,-0.21446169075784274,0.8888888888888888,0.9230769230769231,46.714812716582834,1.0358313386449738,55.79622762789802,21.5350269513187,0.39978788429034845
Eagle_assembly_Benny,Eagle,0,0.0,uninflated_512,False,117,13.564987509299462,16.082826159324334,4.322005882391716,0.9829059829059829,0.9914529914529915,70.57471965293269,1.3524758741298857,72.85264397668128,24.068464696280106,0.4468199924148944
Eagle_assembly_Benny,Eagle,0,0.0,uninflated_512,True,117,13.564987509299462,16.082826159324334,4.322005882391716,0.8632478632478633,0.9145299145299145,47.56920006436895,1.1877009256697724,63.97685485093174,21.99059581356611,0.4082453109747065
Eagle_assembly_Benny,Eagle,0,0.0,sketch_2048,False,117,13.122808543600849,15.631042891828093,3.673608497184141,0.9829059829059829,1.0,70.873455868781,1.3476844068779492,72.59454616916524,23.588593742698873,0.4379114085669004
Eagle_assembly_Benny,Eagle,0,0.0,sketch_2048,True,117,13.122808543600849,15.631042891828093,3.673608497184141,0.8632478632478633,0.9230769230769231,47.74880164827112,1.1382195656563332,61.31148538039663,21.776038747831034,0.40426215759562434
Eagle_assembly_Benny,Eagle,0,0.0,sketch_2048_cleaned_mask,True,117,13.122808543600849,15.631042891828093,3.673608497184141,0.8632478632478633,0.9230769230769231,47.74880164827112,1.1382195656563332,61.31148538039663,21.776038747831034,0.40426215759562434
Eagle_assembly_Benny,Eagle,0,0.0,uninflated_2048,False,117,13.490347746945444,16.054629649515633,4.322232167017972,0.9829059829059829,0.9914529914529915,70.58035257125945,1.354725832853192,72.97384055028871,24.004391264072694,0.4456304985749597
Eagle_assembly_Benny,Eagle,0,0.0,uninflated_2048,True,117,13.490347746945444,16.054629649515633,4.322232167017972,0.8717948717948718,0.9145299145299145,47.768871881473586,1.1874335976344088,63.962454923688774,22.0057839827996,0.4085272723605839
Eagle_assembly_Benny,Eagle,21,0.5,individual_0,False,117,13.473030065630956,16.034788793796388,-2.0760089463966196,0.9743589743589743,1.0,67.90948435503293,1.276599683255022,68.76548706257407,21.81026286621749,0.40489751263429474
Eagle_assembly_Benny,Eagle,21,0.5,individual_0,True,117,13.473030065630956,16.034788793796388,-2.0760089463966196,0.9230769230769231,0.9401709401709402,51.45761434838607,1.1449805298508484,61.67567237021557,21.962985069444183,0.40773273019172723
Eagle_assembly_Benny,Eagle,21,0.5,individual_1,False,117,11.923212246079611,14.273305250407752,-1.0629202057807945,1.0,1.0,67.99240226206514,1.2622477190122485,67.99240226206514,19.621264604593197,0.3642597653164797
Eagle_assembly_Benny,Eagle,21,0.5,individual_1,True,117,11.923212246079611,14.273305250407752,-1.0629202057807945,0.905982905982906,0.9487179487179487,44.67085826766404,1.0404201592792286,56.04340964595457,19.294786546223854,0.3581988501145738
Eagle_assembly_Benny,Eagle,21,0.5,individual_2,False,117,14.217213784098522,17.46587797808236,4.139194529621814,0.9230769230769231,0.9743589743589743,67.59943000053211,1.4479449454804454,77.99519357695516,23.505466472798187,0.43636818898163804
Eagle_assembly_Benny,Eagle,21,0.5,individual_2,True,117,14.217213784098522,17.46587797808236,4.139194529621814,0.8803418803418803,0.9230769230769231,49.967169974052,1.419255120681346,76.44978368697332,22.5189004553248,0.4180530439980703
Eagle_assembly_Benny,Eagle,21,0.5,individual_3,False,117,16.500129007967498,20.196327125479353,8.975253217487971,0.9145299145299145,0.9316239316239316,67.51206131260653,1.6055059129167424,86.48239344855571,27.128477711375083,0.503627728572886
Eagle_assembly_Benny,Eagle,21,0.5,individual_3,True,117,16.500129007967498,20.196327125479353,8.975253217487971,0.8717948717948718,0.9230769230769231,53.78992640225914,1.6405897734058459,88.37222530909413,24.971231549106967,0.4635794443958452
Eagle_assembly_Benny,Eagle,21,0.5,seasonal_naive,False,117,9.713679487179487,13.87069110163616,5.713676068376069,0.9743589743589743,0.9743589743589743,65.46888731571278,1.348137142819095,72.61893330313683,22.722037029527858,0.4218241811973045
Eagle_assembly_Benny,Eagle,21,0.5,seasonal_naive,True,117,9.713679487179487,13.87069110163616,5.713676068376069,0.9487179487179487,0.9829059829059829,55.25008000000001,1.2355340582276164,66.55344068376068,20.77425299145301,0.3856644651497344
Eagle_assembly_Benny,Eagle,21,0.5,equal_weight,False,117,13.520797004795984,16.19237023467028,2.4938796487330923,0.9743589743589743,0.9829059829059829,67.74368957455485,1.3171730442087117,70.95101707980872,22.330426447946127,0.41455411061739816
Eagle_assembly_Benny,Eagle,21,0.5,equal_weight,True,117,13.520797004795984,16.19237023467028,2.4938796487330923,0.8803418803418803,0.9316239316239316,48.20522736677964,1.2347578030440656,66.51162681956983,21.866754560878334,0.40594625499897763
Eagle_assembly_Benny,Eagle,21,0.5,naive_independence,False,117,13.525801308913515,16.199573865433035,2.5174113996809764,0.717948717948718,0.8290598290598291,33.87606124025979,1.4412504265193085,77.63458573484883,22.643086980962,0.42035850980752104
Eagle_assembly_Benny,Eagle,21,0.5,naive_independence,True,117,13.525801308913515,16.199573865433035,2.5174113996809764,0.8803418803418803,0.9316239316239316,48.240686474991726,1.2355703166237684,66.55539378331429,21.86998800144418,0.4060062823379599
Eagle_assembly_Benny,Eagle,21,0.5,duplicate_aware_independence,False,117,13.525801308913515,16.199573865433035,2.5174113996809764,0.717948717948718,0.8290598290598291,33.87606124025979,1.4412504265193085,77.63458573484883,22.643086980962,0.42035850980752104
Eagle_assembly_Benny,Eagle,21,0.5,duplicate_aware_independence,True,117,13.525801308913515,16.199573865433035,2.5174113996809764,0.8803418803418803,0.9316239316239316,48.240686474991726,1.2355703166237684,66.55539378331429,21.86998800144418,0.4060062823379599
Eagle_assembly_Benny,Eagle,21,0.5,common_corrected,False,117,13.657660467535212,16.370040485206246,3.0663810361963413,0.9658119658119658,0.9829059829059829,66.66563104593362,1.3126888883587235,70.70947294883831,22.53924893243803,0.41843080412960015
Eagle_assembly_Benny,Eagle,21,0.5,common_corrected,True,117,13.657660467535212,16.370040485206246,3.0663810361963413,0.8803418803418803,0.9145299145299145,49.05834772114772,1.2522920488461824,67.45612881864841,21.919848167716783,0.4069319134239831
Eagle_assembly_Benny,Eagle,21,0.5,ci,False,117,15.4887189423767,18.762028648235137,7.8772644329057435,0.9145299145299145,0.9743589743589743,67.46575720414324,1.4674073961848608,79.04356051584395,26.01864272958545,0.4830241518843542
Eagle_assembly_Benny,Eagle,21,0.5,ci,True,117,15.4887189423767,18.762028648235137,7.8772644329057435,0.8888888888888888,0.8974358974358975,51.882013617930326,1.4735298614938375,79.37335404040601,23.96513714435748,0.44490176387190583
Eagle_assembly_Benny,Eagle,21,0.5,ci_cleaned_mask,True,117,15.4887189423767,18.762028648235137,7.8772644329057435,0.8888888888888888,0.8974358974358975,51.882013617930326,1.4735298614938375,79.37335404040601,23.96513714435748,0.44490176387190583
Eagle_assembly_Benny,Eagle,21,0.5,exact_lineage,False,117,13.961811161307443,16.728782059963617,4.329147501471809,0.9658119658119658,0.9829059829059829,67.15295439596872,1.3324678397916505,71.77488855775047,23.322650239793685,0.43297428958360057
Eagle_assembly_Benny,Eagle,21,0.5,exact_lineage,True,117,13.961811161307443,16.728782059963617,4.329147501471809,0.8717948717948718,0.8974358974358975,48.888437973902974,1.277965592460627,68.83906330815732,22.16283640406706,0.4114428784270695
Eagle_assembly_Benny,Eagle,21,0.5,exact_lineage_cleaned_mask,True,117,13.961811161307443,16.728782059963617,4.329147501471809,0.8717948717948718,0.8974358974358975,48.888437973902974,1.277965592460627,68.83906330815732,22.16283640406706,0.4114428784270695
Eagle_assembly_Benny,Eagle,21,0.5,shrinkage,False,117,13.372191962342722,16.227673908258534,2.6787775506285554,0.8717948717948718,0.8888888888888888,44.16565543820514,1.3007377967107099,70.06571386845873,21.386008549218896,0.3970214260996769
Eagle_assembly_Benny,Eagle,21,0.5,shrinkage,True,117,13.372191962342722,16.227673908258534,2.6787775506285554,0.8803418803418803,0.9145299145299145,49.19986722103413,1.279913365685126,68.9439823177944,21.401484411064768,0.3973087283667656
Eagle_assembly_Benny,Eagle,21,0.5,shrinkage_cleaned_mask,True,117,13.372191962342722,16.227673908258534,2.6787775506285554,0.8803418803418803,0.9145299145299145,49.19986722103413,1.279913365685126,68.9439823177944,21.401484411064768,0.3973087283667656
Eagle_assembly_Benny,Eagle,21,0.5,pooled_privileged,False,117,14.129933967622744,16.93271421606225,5.773712318975093,0.9658119658119658,0.9829059829059829,66.77055890873491,1.3293502865684284,71.60695802427912,24.477877708858042,0.45442055694956973
Eagle_assembly_Benny,Eagle,21,0.5,pooled_privileged,True,117,14.129933967622744,16.93271421606225,5.773712318975093,0.8717948717948718,0.8888888888888888,49.58560383228758,1.2799861128189343,68.94790092450748,22.46267463319584,0.4170092374348263
Eagle_assembly_Benny,Eagle,21,0.5,sketch_512,False,117,15.4887189423767,18.762028648235137,7.8772644329057435,0.9145299145299145,0.9743589743589743,67.46575720414324,1.4674073961848608,79.04356051584395,26.01864272958545,0.4830241518843542
Eagle_assembly_Benny,Eagle,21,0.5,sketch_512,True,117,15.4887189423767,18.762028648235137,7.8772644329057435,0.8888888888888888,0.8974358974358975,51.882013617930326,1.4735298614938375,79.37335404040601,23.96513714435748,0.44490176387190583
Eagle_assembly_Benny,Eagle,21,0.5,uninflated_512,False,117,13.88547866684956,16.648055492323927,4.2684946430781725,0.9658119658119658,0.9829059829059829,67.10323465646539,1.3330882982561487,71.80831025530607,23.228207779245697,0.4312210086810502
Eagle_assembly_Benny,Eagle,21,0.5,uninflated_512,True,117,13.88547866684956,16.648055492323927,4.2684946430781725,0.8717948717948718,0.8974358974358975,48.534245353060975,1.2720559237144458,68.52073231133814,22.091209357601322,0.410113155207812
Eagle_assembly_Benny,Eagle,21,0.5,sketch_2048,False,117,14.610686687658633,17.32513583988818,5.228749617350706,0.9658119658119658,0.9829059829059829,67.38133770113964,1.335920944512565,71.96089395249278,24.076964893737596,0.4469777946765429
Eagle_assembly_Benny,Eagle,21,0.5,sketch_2048,True,117,14.610686687658633,17.32513583988818,5.228749617350706,0.8632478632478633,0.905982905982906,47.281307102953235,1.2899865249489615,69.48658444446134,22.660363429806083,0.42067923914522004
Eagle_assembly_Benny,Eagle,21,0.5,sketch_2048_cleaned_mask,True,117,14.610686687658633,17.32513583988818,5.228749617350706,0.8632478632478633,0.905982905982906,47.281307102953235,1.2899865249489615,69.48658444446134,22.660363429806083,0.42067923914522004
Eagle_assembly_Benny,Eagle,21,0.5,uninflated_2048,False,117,13.885054869718816,16.62383941803173,4.03850177200719,0.9658119658119658,0.9829059829059829,67.14065730156992,1.3270716884353289,71.48421875644307,23.16361585234477,0.43002188922527546
Eagle_assembly_Benny,Eagle,21,0.5,uninflated_2048,True,117,13.885054869718816,16.62383941803173,4.03850177200719,0.8717948717948718,0.8974358974358975,48.69639610872921,1.2650088573713603,68.14113410541587,22.114881909586476,0.41055262526258796
Eagle_assembly_Benny,Eagle,38,0.9047619047619048,individual_0,False,117,12.846868450706,15.207951961291883,0.20763784294628887,0.9572649572649573,1.0,62.653786297215845,1.193132542646295,64.26943504801872,21.121680176213022,0.3921142912611269
Eagle_assembly_Benny,Eagle,38,0.9047619047619048,individual_0,True,117,12.846868450706,15.207951961291883,0.20763784294628887,0.905982905982906,0.9401709401709402,46.87653735137172,1.0933700859504065,58.8956173859621,21.501124623991924,0.39915850315490203
Eagle_assembly_Benny,Eagle,38,0.9047619047619048,individual_1,False,117,13.45908533001208,16.17275797428279,1.8076065144600622,0.9487179487179487,0.9829059829059829,62.60999807685881,1.2372969517831842,66.64840094074508,22.162132218346034,0.4114298055425919
Eagle_assembly_Benny,Eagle,38,0.9047619047619048,individual_1,True,117,13.45908533001208,16.17275797428279,1.8076065144600622,0.8888888888888888,0.9230769230769231,50.49884311173998,1.2158469170861685,65.49297054012925,22.598865845473277,0.41953756473798764
Eagle_assembly_Benny,Eagle,38,0.9047619047619048,individual_2,False,117,14.142360224969492,17.215974371398648,3.921875168490513,0.9230769230769231,0.9743589743589743,62.59694965118891,1.351576321114532,72.80418853520594,23.049358691798435,0.4279007575181687
Eagle_assembly_Benny,Eagle,38,0.9047619047619048,individual_2,True,117,14.142360224969492,17.215974371398648,3.921875168490513,0.8717948717948718,0.8974358974358975,51.55196112427486,1.3717749625322138,73.89221122024031,22.99049327172184,0.426807948031397
Eagle_assembly_Benny,Eagle,38,0.9047619047619048,individual_3,False,117,13.810446307702058,16.777340338182448,0.07304016019939266,0.9230769230769231,0.9829059829059829,62.394989482951615,1.297340961863518,69.88273951416257,22.212863738208757,0.41237161290780205
Eagle_assembly_Benny,Eagle,38,0.9047619047619048,individual_3,True,117,13.810446307702058,16.777340338182448,0.07304016019939266,0.8888888888888888,0.9230769230769231,51.8798763297912,1.2883152675809655,69.39656027445362,22.699656961593103,0.4214087055152849
Eagle_assembly_Benny,Eagle,38,0.9047619047619048,seasonal_naive,False,117,9.713679487179487,13.87069110163616,5.713676068376069,0.9743589743589743,0.9743589743589743,65.46888731571278,1.348137142819095,72.61893330313683,22.722037029527858,0.4218241811973045
Eagle_assembly_Benny,Eagle,38,0.9047619047619048,seasonal_naive,True,117,9.713679487179487,13.87069110163616,5.713676068376069,0.9487179487179487,0.9829059829059829,55.25008000000001,1.2355340582276164,66.55344068376068,20.77425299145301,0.3856644651497344
Eagle_assembly_Benny,Eagle,38,0.9047619047619048,equal_weight,False,117,13.490066696227462,16.192969835222854,1.5025399215240642,0.9401709401709402,0.9829059829059829,62.56169266861499,1.2443451511285177,67.02806017711602,21.950642443022744,0.4075035950011947
Eagle_assembly_Benny,Eagle,38,0.9047619047619048,equal_weight,True,117,13.490066696227462,16.192969835222854,1.5025399215240642,0.8632478632478633,0.9230769230769231,49.38277297354448,1.2277446901632878,66.13385755533044,22.366102438088394,0.415216418988369
Eagle_assembly_Benny,Eagle,38,0.9047619047619048,naive_independence,False,117,13.490299570353248,16.193731630957306,1.501093359908928,0.6923076923076923,0.7948717948717948,31.281816922095878,1.5594605467258087,84.00210767485041,23.672826068532057,0.4394751430079962
Eagle_assembly_Benny,Eagle,38,0.9047619047619048,naive_independence,True,117,13.490299570353248,16.193731630957306,1.501093359908928,0.8632478632478633,0.9230769230769231,49.39428364116751,1.227791024345583,66.13635339851054,22.366689223367587,0.4152273123875661
Eagle_assembly_Benny,Eagle,38,0.9047619047619048,duplicate_aware_independence,False,117,13.490299570353248,16.193731630957306,1.501093359908928,0.6923076923076923,0.7948717948717948,31.281816922095878,1.5594605467258087,84.00210767485041,23.672826068532057,0.4394751430079962
Eagle_assembly_Benny,Eagle,38,0.9047619047619048,duplicate_aware_independence,True,117,13.490299570353248,16.193731630957306,1.501093359908928,0.8632478632478633,0.9230769230769231,49.39428364116751,1.227791024345583,66.13635339851054,22.366689223367587,0.4152273123875661
Eagle_assembly_Benny,Eagle,38,0.9047619047619048,common_corrected,False,117,13.496845082548486,16.212956656695727,1.463604521597768,0.9401709401709402,0.9829059829059829,61.571876631788015,1.2396864553794202,66.77711425689911,21.88166306541254,0.4062230245381631
Eagle_assembly_Benny,Eagle,38,0.9047619047619048,common_corrected,True,117,13.496845082548486,16.212956656695727,1.463604521597768,0.8632478632478633,0.9230769230769231,49.59425738939832,1.2313869559906698,66.33005232720494,22.363692051572755,0.41517167126979926
Eagle_assembly_Benny,Eagle,38,0.9047619047619048,ci,False,117,13.810446307702058,16.777340338182448,0.07304016019939266,0.9230769230769231,0.9829059829059829,62.394989482951615,1.297340961863518,69.88273951416257,22.212863738208757,0.41237161290780205
Eagle_assembly_Benny,Eagle,38,0.9047619047619048,ci,True,117,13.810446307702058,16.777340338182448,0.07304016019939266,0.8888888888888888,0.9230769230769231,51.8798763297912,1.2883152675809655,69.39656027445362,22.699656961593103,0.4214087055152849
Eagle_assembly_Benny,Eagle,38,0.9047619047619048,ci_cleaned_mask,True,117,13.810446307702058,16.777340338182448,0.07304016019939266,0.8888888888888888,0.9230769230769231,51.8798763297912,1.2883152675809655,69.39656027445362,22.699656961593103,0.4214087055152849
Eagle_assembly_Benny,Eagle,38,0.9047619047619048,exact_lineage,False,117,13.590717789040273,16.51396370050397,0.8682899436599951,0.9230769230769231,0.9829059829059829,62.376840536516035,1.2895232369977832,69.46162891452437,21.89043479016257,0.40638586757928485
Eagle_assembly_Benny,Eagle,38,0.9047619047619048,exact_lineage,True,117,13.590717789040273,16.51396370050397,0.8682899436599951,0.8888888888888888,0.9230769230769231,51.754761508100046,1.2792131006534362,68.90626174915516,22.558620655546626,0.4187904312716581
Eagle_assembly_Benny,Eagle,38,0.9047619047619048,exact_lineage_cleaned_mask,True,117,13.590717789040273,16.51396370050397,0.8682899436599951,0.8888888888888888,0.9230769230769231,51.754761508100046,1.2792131006534362,68.90626174915516,22.558620655546626,0.4187904312716581
Eagle_assembly_Benny,Eagle,38,0.9047619047619048,shrinkage,False,117,13.835517684993764,16.760673006076424,1.4243840957074851,0.8290598290598291,0.8803418803418803,44.20164728603764,1.3490206657640926,72.66652526672624,22.748543460278448,0.42231626090975727
Eagle_assembly_Benny,Eagle,38,0.9047619047619048,shrinkage,True,117,13.835517684993764,16.760673006076424,1.4243840957074851,0.8803418803418803,0.905982905982906,52.096458153324534,1.301431202873749,70.10306497637377,22.806399480928192,0.4233903313597877
Eagle_assembly_Benny,Eagle,38,0.9047619047619048,shrinkage_cleaned_mask,True,117,13.835517684993764,16.760673006076424,1.4243840957074851,0.8803418803418803,0.905982905982906,52.096458153324534,1.301431202873749,70.10306497637377,22.806399480928192,0.4233903313597877
Eagle_assembly_Benny,Eagle,38,0.9047619047619048,pooled_privileged,False,117,14.418412434154044,17.513112538981762,7.277301735735568,0.9316239316239316,0.9743589743589743,62.3572488473385,1.320065955690035,71.1068470315559,25.04816242309811,0.46500763073705814
Eagle_assembly_Benny,Eagle,38,0.9047619047619048,pooled_privileged,True,117,14.418412434154044,17.513112538981762,7.277301735735568,0.8632478632478633,0.8974358974358975,49.351456775893915,1.3386680952561538,72.10887233709924,23.066528778698903,0.4282195122952366
Eagle_assembly_Benny,Eagle,38,0.9047619047619048,sketch_512,False,117,13.810446307702058,16.777340338182448,0.07304016019939266,0.9230769230769231,0.9829059829059829,62.394989482951615,1.297340961863518,69.88273951416257,22.212863738208757,0.41237161290780205
Eagle_assembly_Benny,Eagle,38,0.9047619047619048,sketch_512,True,117,13.810446307702058,16.777340338182448,0.07304016019939266,0.8888888888888888,0.9230769230769231,51.8798763297912,1.2883152675809655,69.39656027445362,22.699656961593103,0.4214087055152849
Eagle_assembly_Benny,Eagle,38,0.9047619047619048,uninflated_512,False,117,13.521393128842867,16.42851117206899,0.7603829682101977,0.9230769230769231,0.9829059829059829,62.341231442298835,1.2846601414440626,69.19967276744876,21.808257932019966,0.40486029195178613
Eagle_assembly_Benny,Eagle,38,0.9047619047619048,uninflated_512,True,117,13.521393128842867,16.42851117206899,0.7603829682101977,0.8888888888888888,0.9230769230769231,51.62438724057271,1.267997899675468,68.30214225275343,22.459826774343973,0.41695636824326604
Eagle_assembly_Benny,Eagle,38,0.9047619047619048,sketch_2048,False,117,13.810446307702058,16.777340338182448,0.07304016019939266,0.9230769230769231,0.9829059829059829,62.394989482951615,1.297340961863518,69.88273951416257,22.212863738208757,0.41237161290780205
Eagle_assembly_Benny,Eagle,38,0.9047619047619048,sketch_2048,True,117,13.810446307702058,16.777340338182448,0.07304016019939266,0.8888888888888888,0.9230769230769231,51.8798763297912,1.2883152675809655,69.39656027445362,22.699656961593103,0.4214087055152849
Eagle_assembly_Benny,Eagle,38,0.9047619047619048,sketch_2048_cleaned_mask,True,117,13.810446307702058,16.777340338182448,0.07304016019939266,0.8888888888888888,0.9230769230769231,51.8798763297912,1.2883152675809655,69.39656027445362,22.699656961593103,0.4214087055152849
Eagle_assembly_Benny,Eagle,38,0.9047619047619048,uninflated_2048,False,117,13.560293743518475,16.48979488035881,0.7359590449642492,0.9230769230769231,0.9829059829059829,62.340266864295415,1.288968167149447,69.43172944879893,21.79196016634454,0.4045577314176031
Eagle_assembly_Benny,Eagle,38,0.9047619047619048,uninflated_2048,True,117,13.560293743518475,16.48979488035881,0.7359590449642492,0.8974358974358975,0.9230769230769231,51.75662314557641,1.2775680184737848,68.8176475352982,22.499348405948624,0.4176900691816788
Fox_assembly_Adrianne,Fox,0,0.0,individual_0,False,117,84.65772919690458,94.36116385552225,-41.405119499807554,1.0,1.0,432.5651363648241,2.095035850061676,432.5651363648241,103.7301005251486,0.502394347258264
Fox_assembly_Adrianne,Fox,0,0.0,individual_0,True,117,84.65772919690458,94.36116385552225,-41.405119499807554,0.5641025641025641,0.9572649572649573,188.54616826535633,2.169074768008919,447.8520607566956,207.97693463550655,1.0072913820771627
Fox_assembly_Adrianne,Fox,0,0.0,individual_1,False,117,83.60371888876408,91.6607692182255,-44.707528696860905,1.0,1.0,428.2985538708833,2.074371578878913,428.2985538708833,92.40498289834156,0.4475435850500142
Fox_assembly_Adrianne,Fox,0,0.0,individual_1,True,117,83.60371888876408,91.6607692182255,-44.707528696860905,0.5811965811965812,0.9914529914529915,188.7636357894393,1.9636401692906,405.43567670960334,193.21672791056372,0.9358035074348657
Fox_assembly_Adrianne,Fox,0,0.0,individual_2,False,117,66.59515422794631,73.48785322660915,-1.0541635653191939,1.0,1.0,437.36574324314233,2.1182865530578763,437.36574324314233,112.20484937619545,0.5434399636766841
Fox_assembly_Adrianne,Fox,0,0.0,individual_2,True,117,66.59515422794631,73.48785322660915,-1.0541635653191939,1.0,1.0,362.3592071579162,1.7550085889388238,362.3592071579162,182.44157712456843,0.883616390885923
Fox_assembly_Adrianne,Fox,0,0.0,individual_3,False,117,83.12683517346417,89.4166860769536,-8.896833607489569,1.0,1.0,428.0879226131164,2.0733514318557997,428.0879226131164,105.51232590252513,0.511026171103042
Fox_assembly_Adrianne,Fox,0,0.0,individual_3,True,117,83.12683517346417,89.4166860769536,-8.896833607489569,0.9230769230769231,0.9658119658119658,258.50954395390625,1.3598465127939061,280.7695115215378,215.08389339236837,1.0417124024711357
Fox_assembly_Adrianne,Fox,0,0.0,seasonal_naive,False,117,123.71999999999998,131.54761664296484,-9.978803418803416,0.7264957264957265,0.9401709401709402,301.9283854559624,1.9618669302761718,405.069553439655,201.2253568750605,0.9745915728149482
Fox_assembly_Adrianne,Fox,0,0.0,seasonal_naive,True,117,123.71999999999998,131.54761664296484,-9.978803418803416,0.3076923076923077,0.8376068376068376,200.89600000000044,4.237636479405874,874.9510427350405,301.210358974359,1.4588473443893224
Fox_assembly_Adrianne,Fox,0,0.0,equal_weight,False,117,78.0393296363317,81.71410144874683,-24.015911342369307,1.0,1.0,431.214851378083,2.0884960362458975,431.214851378083,90.94869739919525,0.4404903806372034
Fox_assembly_Adrianne,Fox,0,0.0,equal_weight,True,117,78.0393296363317,81.71410144874683,-24.015911342369307,0.8205128205128205,1.0,202.3951688120164,1.1962642031209818,246.9944312104022,223.88259184381099,1.0843269988405195
Fox_assembly_Adrianne,Fox,0,0.0,naive_independence,False,117,78.1766343738425,81.86730831357922,-24.163910458594422,0.8717948717948718,0.9914529914529915,215.76259055165224,1.167827051980988,241.12297074812113,123.24642894728207,0.5969174705260231
Fox_assembly_Adrianne,Fox,0,0.0,naive_independence,True,117,78.1766343738425,81.86730831357922,-24.163910458594422,0.8205128205128205,1.0,202.56807937812033,1.2000826553945674,247.78283267302038,224.2243643958414,1.0859823004098694
Fox_assembly_Adrianne,Fox,0,0.0,duplicate_aware_independence,False,117,78.1766343738425,81.86730831357922,-24.163910458594422,0.8717948717948718,0.9914529914529915,215.76259055165224,1.167827051980988,241.12297074812113,123.24642894728207,0.5969174705260231
Fox_assembly_Adrianne,Fox,0,0.0,duplicate_aware_independence,True,117,78.1766343738425,81.86730831357922,-24.163910458594422,0.8205128205128205,1.0,202.56807937812033,1.2000826553945674,247.78283267302038,224.2243643958414,1.0859823004098694
Fox_assembly_Adrianne,Fox,0,0.0,common_corrected,False,117,80.2045867545817,84.21535058054424,-26.406693835860384,1.0,1.0,424.10876228213124,2.0540792278667888,424.10876228213124,90.35412819824296,0.4376107130759069
Fox_assembly_Adrianne,Fox,0,0.0,common_corrected,True,117,80.2045867545817,84.21535058054424,-26.406693835860384,0.7863247863247863,1.0,202.8854711415445,1.2704632828660432,262.31442444446645,226.30886954827594,1.0960781510849582
Fox_assembly_Adrianne,Fox,0,0.0,ci,False,117,73.8939038043182,80.56467932091336,-27.991388518765838,1.0,1.0,427.8952605979203,2.0724183149796382,427.8952605979203,92.9108695249058,0.44999373770823714
Fox_assembly_Adrianne,Fox,0,0.0,ci,True,117,73.8939038043182,80.56467932091336,-27.991388518765838,0.7606837606837606,0.9829059829059829,199.05673338199966,1.3593478743311802,280.66655690402166,210.31526259039018,1.0186165686972672
Fox_assembly_Adrianne,Fox,0,0.0,ci_cleaned_mask,True,117,73.8939038043182,80.56467932091336,-27.991388518765838,0.7606837606837606,0.9829059829059829,199.05673338199966,1.3593478743311802,280.66655690402166,210.31526259039018,1.0186165686972672
Fox_assembly_Adrianne,Fox,0,0.0,exact_lineage,False,117,80.20458675458168,84.21535058054424,-26.406693835860384,1.0,1.0,424.10876228213124,2.0540792278667888,424.10876228213124,90.35412819824296,0.4376107130759069
Fox_assembly_Adrianne,Fox,0,0.0,exact_lineage,True,117,80.20458675458168,84.21535058054424,-26.406693835860384,0.7863247863247863,1.0,202.8854711415445,1.2704632828660432,262.31442444446645,226.30886954827596,1.0960781510849582
Fox_assembly_Adrianne,Fox,0,0.0,exact_lineage_cleaned_mask,True,117,80.20458675458168,84.21535058054424,-26.406693835860384,0.7863247863247863,1.0,202.8854711415445,1.2704632828660432,262.31442444446645,226.30886954827596,1.0960781510849582
Fox_assembly_Adrianne,Fox,0,0.0,shrinkage,False,117,80.49449443309294,86.82985756608188,-35.06362925659835,0.1623931623931624,0.27350427350427353,96.17982081736055,3.8389652853434595,792.636814355961,204.8025782315604,0.9919170721569774
Fox_assembly_Adrianne,Fox,0,0.0,shrinkage,True,117,80.49449443309294,86.82985756608188,-35.06362925659835,0.6495726495726496,1.0,183.08623802156717,1.7129385228825558,353.6729386819037,216.8972849889569,1.0504951731700887
Fox_assembly_Adrianne,Fox,0,0.0,shrinkage_cleaned_mask,True,117,80.49449443309294,86.82985756608188,-35.06362925659835,0.6495726495726496,1.0,183.08623802156717,1.7129385228825558,353.6729386819037,216.8972849889569,1.0504951731700887
Fox_assembly_Adrianne,Fox,0,0.0,pooled_privileged,False,117,78.59884600037279,83.37632118606544,-32.89260272617123,1.0,1.0,423.89680226266285,2.0530526452732447,423.89680226266285,85.3812936034353,0.41352586231770283
Fox_assembly_Adrianne,Fox,0,0.0,pooled_privileged,True,117,78.59884600037279,83.37632118606544,-32.89260272617123,0.6153846153846154,1.0,173.17651131451728,1.6109696091342782,332.61926693724206,229.3391067672,1.1107544508468576
Fox_assembly_Adrianne,Fox,0,0.0,sketch_512,False,117,79.52670360158474,83.79577319465349,-27.24727130668798,1.0,1.0,427.58971805298813,2.0709384856278525,427.58971805298813,90.04742240161544,0.43612524976567274
Fox_assembly_Adrianne,Fox,0,0.0,sketch_512,True,117,79.52670360158474,83.79577319465349,-27.24727130668798,0.7521367521367521,1.0,198.97835732866548,1.3004611149903795,268.50812100728695,229.77541165617592,1.1128675993813035
Fox_assembly_Adrianne,Fox,0,0.0,uninflated_512,False,117,80.3614559635256,84.5483698491606,-27.7513328637041,1.0,1.0,424.14603537171075,2.0542597520291563,424.14603537171075,90.04644368965744,0.4361205095856015
Fox_assembly_Adrianne,Fox,0,0.0,uninflated_512,True,117,80.3614559635256,84.5483698491606,-27.7513328637041,0.7606837606837606,1.0,199.15388040329614,1.31157529017893,270.8028811212374,225.12672492592898,1.0903526888237423
Fox_assembly_Adrianne,Fox,0,0.0,sketch_2048,False,117,81.00219609954449,85.21490899898477,-27.03452407552357,1.0,1.0,425.7734277707414,2.062141675770721,425.7734277707414,91.29238636908572,0.44215496396271675
Fox_assembly_Adrianne,Fox,0,0.0,sketch_2048,True,117,81.00219609954449,85.21490899898477,-27.03452407552357,0.7863247863247863,1.0,204.55593377536056,1.2965510857097475,267.70081150520025,225.29227753992507,1.0911545071679296
Fox_assembly_Adrianne,Fox,0,0.0,sketch_2048_cleaned_mask,True,117,81.00219609954449,85.21490899898477,-27.03452407552357,0.7863247863247863,1.0,204.55593377536056,1.2965510857097475,267.70081150520025,225.29227753992507,1.0911545071679296
Fox_assembly_Adrianne,Fox,0,0.0,uninflated_2048,False,117,80.31466706746926,84.34579073322178,-26.225958655519882,1.0,1.0,424.1884352579271,2.054465106724193,424.1884352579271,90.63901992881654,0.43899052466671984
Fox_assembly_Adrianne,Fox,0,0.0,uninflated_2048,True,117,80.31466706746926,84.34579073322178,-26.225958655519882,0.7948717948717948,1.0,204.35126426782384,1.2668977830007941,261.57825043800506,225.58620276407862,1.0925780705346262
Fox_assembly_Adrianne,Fox,21,0.5,individual_0,False,117,104.58270800669625,123.51293579438187,-85.93169824959395,1.0,1.0,474.2555852630646,2.296954538611077,474.2555852630646,144.66340972774728,0.7006459931532231
Fox_assembly_Adrianne,Fox,21,0.5,individual_0,True,117,104.58270800669625,123.51293579438187,-85.93169824959395,0.49572649572649574,0.7435897435897436,219.93582168637354,3.7040410937174792,764.7788178697015,214.7559760923909,1.0401242058238478
Fox_assembly_Adrianne,Fox,21,0.5,individual_1,False,117,84.39184872048781,100.77925987948761,-67.32948487638187,1.0,1.0,468.15920332192314,2.2674280288472666,468.15920332192314,94.13021376559554,0.4558993682897473
Fox_assembly_Adrianne,Fox,21,0.5,individual_1,True,117,84.39184872048781,100.77925987948761,-67.32948487638187,0.4700854700854701,1.0,186.06695398485144,2.890007123818081,596.7040256484771,226.31158820919129,1.096091318332161
Fox_assembly_Adrianne,Fox,21,0.5,individual_2,False,117,85.80286628715648,95.43328402467445,-41.362344118564955,1.0,1.0,474.6381576928186,2.2988074455797602,474.6381576928186,102.39002061726256,0.4959039595387121
Fox_assembly_Adrianne,Fox,21,0.5,individual_2,True,117,85.80286628715648,95.43328402467445,-41.362344118564955,0.7863247863247863,0.9572649572649573,244.57880349262135,1.606766137112069,331.7513698802828,215.0562969240921,1.0415787449349325
Fox_assembly_Adrianne,Fox,21,0.5,individual_3,False,117,95.3891141339648,115.47234360870608,-83.1694327116297,1.0,1.0,476.27679060993626,2.3067438103439266,476.27679060993626,118.93500517824289,0.5760360203082527
Fox_assembly_Adrianne,Fox,21,0.5,individual_3,True,117,95.3891141339648,115.47234360870608,-83.1694327116297,0.4700854700854701,0.9658119658119658,204.32817284890584,3.477858755389448,718.0786174796704,218.9385896598922,1.060381791639731
Fox_assembly_Adrianne,Fox,21,0.5,seasonal_naive,False,117,123.71999999999998,131.54761664296484,-9.978803418803416,0.7264957264957265,0.9401709401709402,301.9283854559624,1.9618669302761718,405.069553439655,201.2253568750605,0.9745915728149482
Fox_assembly_Adrianne,Fox,21,0.5,seasonal_naive,True,117,123.71999999999998,131.54761664296484,-9.978803418803416,0.3076923076923077,0.8376068376068376,200.89600000000044,4.237636479405874,874.9510427350405,301.210358974359,1.4588473443893224
Fox_assembly_Adrianne,Fox,21,0.5,equal_weight,False,117,90.09852125379584,105.93919441599868,-69.4482399890426,1.0,1.0,473.07100133848115,2.2912172621161075,473.07100133848115,102.61072741626022,0.49697290527053467
Fox_assembly_Adrianne,Fox,21,0.5,equal_weight,True,117,90.09852125379584,105.93919441599868,-69.4482399890426,0.46153846153846156,1.0,174.04388343783873,3.444209211715318,711.1309466569559,226.95769676477784,1.0992206056306264
Fox_assembly_Adrianne,Fox,21,0.5,naive_independence,False,117,90.05384272427857,105.8928186832215,-69.43518933142684,0.5982905982905983,0.7948717948717948,236.64884684815553,2.2355066254399945,461.5683441643499,201.3808352249881,0.975344598636086
Fox_assembly_Adrianne,Fox,21,0.5,naive_independence,True,117,90.05384272427857,105.8928186832215,-69.43518933142684,0.452991452991453,1.0,173.93741868249805,3.443312717290285,710.9458461331614,227.10710205685317,1.0999442179071894
Fox_assembly_Adrianne,Fox,21,0.5,duplicate_aware_independence,False,117,90.05384272427857,105.8928186832215,-69.43518933142684,0.5982905982905983,0.7948717948717948,236.64884684815553,2.2355066254399945,461.5683441643499,201.3808352249881,0.975344598636086
Fox_assembly_Adrianne,Fox,21,0.5,duplicate_aware_independence,True,117,90.05384272427857,105.8928186832215,-69.43518933142684,0.452991452991453,1.0,173.93741868249805,3.443312717290285,710.9458461331614,227.10710205685317,1.0999442179071894
Fox_assembly_Adrianne,Fox,21,0.5,common_corrected,False,117,88.92705172803625,104.82168788516307,-69.17152700824894,1.0,1.0,464.3937809462765,2.249191018500342,464.3937809462765,101.8004033760618,0.49304827572537707
Fox_assembly_Adrianne,Fox,21,0.5,common_corrected,True,117,88.92705172803625,104.82168788516307,-69.17152700824894,0.4444444444444444,1.0,169.31260008238618,3.463234119068168,715.0590472873921,229.7599919762054,1.1127929174903723
Fox_assembly_Adrianne,Fox,21,0.5,ci,False,117,84.39184872048781,100.77925987948761,-67.32948487638187,1.0,1.0,468.15920332192314,2.2674280288472666,468.15920332192314,94.13021376559554,0.4558993682897473
Fox_assembly_Adrianne,Fox,21,0.5,ci,True,117,84.39184872048781,100.77925987948761,-67.32948487638187,0.4700854700854701,1.0,186.06695398485144,2.890007123818081,596.7040256484771,226.31158820919129,1.096091318332161
Fox_assembly_Adrianne,Fox,21,0.5,ci_cleaned_mask,True,117,84.39184872048781,100.77925987948761,-67.32948487638187,0.4700854700854701,1.0,186.06695398485144,2.890007123818081,596.7040256484771,226.31158820919129,1.096091318332161
Fox_assembly_Adrianne,Fox,21,0.5,exact_lineage,False,117,86.81857799592206,103.05483385854961,-68.5824806302559,1.0,1.0,467.3355578299397,2.263438879726401,467.3355578299397,97.34022842340174,0.4714463812641252
Fox_assembly_Adrianne,Fox,21,0.5,exact_lineage,True,117,86.81857799592206,103.05483385854961,-68.5824806302559,0.4358974358974359,1.0,167.7219868113024,3.3934893385407245,700.6587397706018,227.88963332498966,1.1037342391611387
Fox_assembly_Adrianne,Fox,21,0.5,exact_lineage_cleaned_mask,True,117,86.81857799592206,103.05483385854961,-68.5824806302559,0.4358974358974359,1.0,167.7219868113024,3.3934893385407245,700.6587397706018,227.88963332498966,1.1037342391611387
Fox_assembly_Adrianne,Fox,21,0.5,shrinkage,False,117,91.50480806122879,110.38309441859167,-78.36847197068904,0.38461538461538464,0.39316239316239315,106.38098381576708,5.463872420154186,1128.133782739049,281.87746260513416,1.3652126346680724
Fox_assembly_Adrianne,Fox,21,0.5,shrinkage,True,117,91.50480806122879,110.38309441859167,-78.36847197068904,0.4188034188034188,1.0,186.9455181335226,3.5105446910198297,724.8273307309264,218.43554540291643,1.057945405384961
Fox_assembly_Adrianne,Fox,21,0.5,shrinkage_cleaned_mask,True,117,91.50480806122879,110.38309441859167,-78.36847197068904,0.4188034188034188,1.0,186.9455181335226,3.5105446910198297,724.8273307309264,218.43554540291643,1.057945405384961
Fox_assembly_Adrianne,Fox,21,0.5,pooled_privileged,False,117,80.74502342958968,90.32015723208524,-49.33577336567877,1.0,1.0,466.3964051416112,2.258890296437269,466.3964051416112,85.6657596520608,0.41490361220990213
Fox_assembly_Adrianne,Fox,21,0.5,pooled_privileged,True,117,80.74502342958968,90.32015723208524,-49.33577336567877,0.452991452991453,1.0,161.55834184986102,2.434218337078911,502.5966438184322,226.99757005043384,1.0994137232813253
Fox_assembly_Adrianne,Fox,21,0.5,sketch_512,False,117,84.39184872048781,100.77925987948761,-67.32948487638187,1.0,1.0,468.15920332192314,2.2674280288472666,468.15920332192314,94.13021376559554,0.4558993682897473
Fox_assembly_Adrianne,Fox,21,0.5,sketch_512,True,117,84.39184872048781,100.77925987948761,-67.32948487638187,0.4700854700854701,1.0,186.06695398485144,2.890007123818081,596.7040256484771,226.31158820919129,1.096091318332161
Fox_assembly_Adrianne,Fox,21,0.5,uninflated_512,False,117,87.10425552027522,103.78791950476447,-69.76435053514214,1.0,1.0,467.31286665646087,2.263328979926529,467.31286665646087,98.61804639867886,0.47763521675502096
Fox_assembly_Adrianne,Fox,21,0.5,uninflated_512,True,117,87.10425552027522,103.78791950476447,-69.76435053514214,0.42735042735042733,1.0,168.29242911423208,3.4413966902167625,710.5502412024331,227.36512635232228,1.1011939028765734
Fox_assembly_Adrianne,Fox,21,0.5,sketch_2048,False,117,85.62153038565026,102.37473984442187,-68.55916654154433,1.0,1.0,468.15120587198896,2.267389294925106,468.15120587198896,96.46547551773929,0.46720970441885395
Fox_assembly_Adrianne,Fox,21,0.5,sketch_2048,True,117,85.62153038565026,102.37473984442187,-68.55916654154433,0.4700854700854701,1.0,186.06377544828027,3.009259628122258,621.3262657808665,229.77659746767654,1.112873342603298
Fox_assembly_Adrianne,Fox,21,0.5,sketch_2048_cleaned_mask,True,117,85.62153038565026,102.37473984442187,-68.55916654154433,0.4700854700854701,1.0,186.06377544828027,3.009259628122258,621.3262657808665,229.77659746767654,1.112873342603298
Fox_assembly_Adrianne,Fox,21,0.5,uninflated_2048,False,117,86.68135051297229,102.78345076494875,-68.18837961317458,1.0,1.0,467.4633183876962,2.2640576604052436,467.4633183876962,96.95282917132833,0.4695700966236165
Fox_assembly_Adrianne,Fox,21,0.5,uninflated_2048,True,117,86.68135051297229,102.78345076494875,-68.18837961317458,0.4358974358974359,1.0,167.37382040080104,3.380473384416446,697.9713165599102,227.51049411781426,1.101897960264805
Fox_assembly_Adrianne,Fox,38,0.9047619047619048,individual_0,False,117,102.12728810287128,120.25959230420533,-81.99835443536386,1.0,1.0,522.5621264079451,2.53091684158699,522.5621264079451,117.5426532426955,0.5692924643079043
Fox_assembly_Adrianne,Fox,38,0.9047619047619048,individual_0,True,117,102.12728810287128,120.25959230420533,-81.99835443536386,0.48717948717948717,1.0,216.33041894986582,3.4117420545997157,704.4274049277415,224.50634557349332,1.0873480153659754
Fox_assembly_Adrianne,Fox,38,0.9047619047619048,individual_1,False,117,98.65109554059133,115.83454544294223,-78.25968930456293,1.0,1.0,529.2673753275877,2.56339226711086,529.2673753275877,106.6154301040919,0.5163688181505076
Fox_assembly_Adrianne,Fox,38,0.9047619047619048,individual_1,True,117,98.65109554059133,115.83454544294223,-78.25968930456293,0.46153846153846156,0.9743589743589743,199.69245507103957,3.5713066276634535,737.3729372460923,229.98328707361395,1.1138743990867517
Fox_assembly_Adrianne,Fox,38,0.9047619047619048,individual_2,False,117,107.004912297708,126.37905687246271,-89.30628018849319,1.0,1.0,519.4541237355011,2.515863901640008,519.4541237355011,128.96244029519258,0.6246017374409877
Fox_assembly_Adrianne,Fox,38,0.9047619047619048,individual_2,True,117,107.004912297708,126.37905687246271,-89.30628018849319,0.5128205128205128,0.9658119658119658,240.72196135992036,3.373829365804729,696.5995162555367,214.78699019391118,1.0402744159288242
Fox_assembly_Adrianne,Fox,38,0.9047619047619048,individual_3,False,117,114.03200556081136,134.67348426076092,-104.52323458697043,1.0,1.0,513.5434981584998,2.4872370627223535,513.5434981584998,141.64898287062744,0.6860462674653708
Fox_assembly_Adrianne,Fox,38,0.9047619047619048,individual_3,True,117,114.03200556081136,134.67348426076092,-104.52323458697043,0.4444444444444444,0.9914529914529915,242.19273232083893,3.9266423651108666,810.7396300975348,226.6885674499872,1.0979171358976578
Fox_assembly_Adrianne,Fox,38,0.9047619047619048,seasonal_naive,False,117,123.71999999999998,131.54761664296484,-9.978803418803416,0.7264957264957265,0.9401709401709402,301.9283854559624,1.9618669302761718,405.069553439655,201.2253568750605,0.9745915728149482
Fox_assembly_Adrianne,Fox,38,0.9047619047619048,seasonal_naive,True,117,123.71999999999998,131.54761664296484,-9.978803418803416,0.3076923076923077,0.8376068376068376,200.89600000000044,4.237636479405874,874.9510427350405,301.210358974359,1.4588473443893224
Fox_assembly_Adrianne,Fox,38,0.9047619047619048,equal_weight,False,117,104.60710592033334,123.70780268028608,-88.5218896288476,1.0,1.0,520.6555587645115,2.5216827928212284,520.6555587645115,121.38026056227471,0.5878790868465193
Fox_assembly_Adrianne,Fox,38,0.9047619047619048,equal_weight,True,117,104.60710592033334,123.70780268028608,-88.5218896288476,0.4700854700854701,0.9829059829059829,219.86395039162588,3.6627992895540387,756.2635618461042,226.4100790917956,1.0965683376585318
Fox_assembly_Adrianne,Fox,38,0.9047619047619048,naive_independence,False,117,104.73668740195261,123.87691245623212,-88.74496434861662,0.5470085470085471,0.6923076923076923,260.5555645122833,2.8818286763981615,595.0154095690216,237.03534502442093,1.148029519279315
Fox_assembly_Adrianne,Fox,38,0.9047619047619048,naive_independence,True,117,104.73668740195261,123.87691245623212,-88.74496434861662,0.4700854700854701,0.9829059829059829,220.26745855100674,3.665308561295116,756.781654876743,226.15973432502992,1.0953558468284639
Fox_assembly_Adrianne,Fox,38,0.9047619047619048,duplicate_aware_independence,False,117,104.73668740195261,123.87691245623212,-88.74496434861662,0.5470085470085471,0.6923076923076923,260.5555645122833,2.8818286763981615,595.0154095690216,237.03534502442093,1.148029519279315
Fox_assembly_Adrianne,Fox,38,0.9047619047619048,duplicate_aware_independence,True,117,104.73668740195261,123.87691245623212,-88.74496434861662,0.4700854700854701,0.9829059829059829,220.26745855100674,3.665308561295116,756.781654876743,226.15973432502992,1.0953558468284639
Fox_assembly_Adrianne,Fox,38,0.9047619047619048,common_corrected,False,117,107.09731152466058,126.74062971156289,-93.01995003864847,1.0,1.0,509.3800542031882,2.4670723207845198,509.3800542031882,130.01431831922991,0.6296962815569787
Fox_assembly_Adrianne,Fox,38,0.9047619047619048,common_corrected,True,117,107.09731152466058,126.74062971156289,-93.01995003864847,0.46153846153846156,0.9829059829059829,226.80464492178652,3.7255162963798205,769.2128345801193,223.64490328597225,1.0831758056259984
Fox_assembly_Adrianne,Fox,38,0.9047619047619048,ci,False,117,114.03200556081136,134.67348426076092,-104.52323458697043,1.0,1.0,513.5434981584998,2.4872370627223535,513.5434981584998,141.64898287062744,0.6860462674653708
Fox_assembly_Adrianne,Fox,38,0.9047619047619048,ci,True,117,114.03200556081136,134.67348426076092,-104.52323458697043,0.4444444444444444,0.9914529914529915,242.19273232083893,3.9266423651108666,810.7396300975348,226.6885674499872,1.0979171358976578
Fox_assembly_Adrianne,Fox,38,0.9047619047619048,ci_cleaned_mask,True,117,114.03200556081136,134.67348426076092,-104.52323458697043,0.4444444444444444,0.9914529914529915,242.19273232083893,3.9266423651108666,810.7396300975348,226.6885674499872,1.0979171358976578
Fox_assembly_Adrianne,Fox,38,0.9047619047619048,exact_lineage,False,117,114.03200556081136,134.67348426076092,-104.52323458697043,1.0,1.0,513.5434981584998,2.4872370627223535,513.5434981584998,141.64898287062744,0.6860462674653708
Fox_assembly_Adrianne,Fox,38,0.9047619047619048,exact_lineage,True,117,114.03200556081136,134.67348426076092,-104.52323458697043,0.4444444444444444,0.9914529914529915,242.19273232083893,3.9266423651108666,810.7396300975348,226.6885674499872,1.0979171358976578
Fox_assembly_Adrianne,Fox,38,0.9047619047619048,exact_lineage_cleaned_mask,True,117,114.03200556081136,134.67348426076092,-104.52323458697043,0.4444444444444444,0.9914529914529915,242.19273232083893,3.9266423651108666,810.7396300975348,226.6885674499872,1.0979171358976578
Fox_assembly_Adrianne,Fox,38,0.9047619047619048,shrinkage,False,117,102.22832365223162,120.81684605477889,-85.66908738854407,0.3504273504273504,0.38461538461538464,115.05958128692889,5.978506244358338,1234.3909860887034,307.4735467374432,1.4891817421394504
Fox_assembly_Adrianne,Fox,38,0.9047619047619048,shrinkage,True,117,102.22832365223162,120.81684605477889,-85.66908738854407,0.46153846153846156,0.9914529914529915,210.3651854102341,3.698901339063873,763.7176051594018,231.03453920931608,1.1189659118477162
Fox_assembly_Adrianne,Fox,38,0.9047619047619048,shrinkage_cleaned_mask,True,117,102.22832365223162,120.81684605477889,-85.66908738854407,0.46153846153846156,0.9914529914529915,210.3651854102341,3.698901339063873,763.7176051594018,231.03453920931608,1.1189659118477162
Fox_assembly_Adrianne,Fox,38,0.9047619047619048,pooled_privileged,False,117,109.14396334015169,131.56293271258684,-100.28731071525885,1.0,1.0,514.9439887426215,2.494020036509992,514.9439887426215,140.19373068877042,0.6789980677017644
Fox_assembly_Adrianne,Fox,38,0.9047619047619048,pooled_privileged,True,117,109.14396334015169,131.56293271258684,-100.28731071525885,0.47863247863247865,0.9572649572649573,253.76004374830646,3.581145186098564,739.4043188909418,209.30810477057165,1.013738617235617
Fox_assembly_Adrianne,Fox,38,0.9047619047619048,sketch_512,False,117,114.03200556081136,134.67348426076092,-104.52323458697043,1.0,1.0,513.5434981584998,2.4872370627223535,513.5434981584998,141.64898287062744,0.6860462674653708
Fox_assembly_Adrianne,Fox,38,0.9047619047619048,sketch_512,True,117,114.03200556081136,134.67348426076092,-104.52323458697043,0.4444444444444444,0.9914529914529915,242.19273232083893,3.9266423651108666,810.7396300975348,226.6885674499872,1.0979171358976578
Fox_assembly_Adrianne,Fox,38,0.9047619047619048,uninflated_512,False,117,114.03200556081136,134.67348426076092,-104.52323458697043,1.0,1.0,513.2636968648743,2.485881905563907,513.2636968648743,141.6643172596007,0.6861205362677707
Fox_assembly_Adrianne,Fox,38,0.9047619047619048,uninflated_512,True,117,114.03200556081136,134.67348426076092,-104.52323458697043,0.4444444444444444,0.9914529914529915,241.98611890964833,3.9301053798111503,811.4546438411027,226.70274451279354,1.0979857994406272
Fox_assembly_Adrianne,Fox,38,0.9047619047619048,sketch_2048,False,117,114.03200556081136,134.67348426076092,-104.52323458697043,1.0,1.0,513.5434981584998,2.4872370627223535,513.5434981584998,141.64898287062744,0.6860462674653708
Fox_assembly_Adrianne,Fox,38,0.9047619047619048,sketch_2048,True,117,114.03200556081136,134.67348426076092,-104.52323458697043,0.4444444444444444,0.9914529914529915,242.19273232083893,3.9266423651108666,810.7396300975348,226.6885674499872,1.0979171358976578
Fox_assembly_Adrianne,Fox,38,0.9047619047619048,sketch_2048_cleaned_mask,True,117,114.03200556081136,134.67348426076092,-104.52323458697043,0.4444444444444444,0.9914529914529915,242.19273232083893,3.9266423651108666,810.7396300975348,226.6885674499872,1.0979171358976578
Fox_assembly_Adrianne,Fox,38,0.9047619047619048,uninflated_2048,False,117,114.03200556081136,134.67348426076092,-104.52323458697043,1.0,1.0,513.5889518382729,2.487457207807189,513.5889518382729,141.66238246023246,0.6861111654847409
Fox_assembly_Adrianne,Fox,38,0.9047619047619048,uninflated_2048,True,117,114.03200556081136,134.67348426076092,-104.52323458697043,0.4444444444444444,0.9914529914529915,242.27849780865697,3.9252007348262286,810.441974570235,226.70956470807832,1.0980188315840544
Gator_assembly_Alexa,Gator,0,0.0,individual_0,False,106,0.04741204774745146,0.055523588428079335,0.029964688392622146,1.0,1.0,0.8651644206364191,4.629071597040669,0.8651644206364191,0.2513037592402013,1.3446034838934213
Gator_assembly_Alexa,Gator,0,0.0,individual_0,True,106,0.04741204774745146,0.055523588428079335,0.029964688392622146,1.0,1.0,0.19485592181713168,1.0425787187773448,0.19485592181713168,0.05369684231121792,0.287305535993706
Gator_assembly_Alexa,Gator,0,0.0,individual_1,False,106,0.4284495348121973,0.4310254604783008,0.4284495348121973,0.660377358490566,1.0,0.8760528663503094,6.332692235387425,1.1835677833110811,0.6525742477872161,3.491605576163034
Gator_assembly_Alexa,Gator,0,0.0,individual_1,True,106,0.4284495348121973,0.4310254604783008,0.4284495348121973,0.18867924528301888,0.6981132075471698,0.771853552560819,9.177001938436891,1.7151636994171326,0.13249495110675613,0.7089156700045635
Gator_assembly_Alexa,Gator,0,0.0,individual_2,False,106,0.1264416268610304,0.12810879430235234,0.1264416268610304,1.0,1.0,0.8649155899448778,4.627740225732268,0.8649155899448778,0.34771703818592187,1.8604637764571064
Gator_assembly_Alexa,Gator,0,0.0,individual_2,True,106,0.1264416268610304,0.12810879430235234,0.1264416268610304,0.16037735849056603,0.33962264150943394,0.21943212038349383,3.2153286660215956,0.6009386340605792,0.061398096036923484,0.3285111774104476
Gator_assembly_Alexa,Gator,0,0.0,individual_3,False,106,0.12735544795114723,0.13248988227392908,0.12735544795114723,1.0,1.0,0.8775068416617113,4.695109854329232,0.8775068416617113,0.3518521382483775,1.8825886740990527
Gator_assembly_Alexa,Gator,0,0.0,individual_3,True,106,0.12735544795114723,0.13248988227392908,0.12735544795114723,0.5094339622641509,0.5094339622641509,0.2594445540400817,2.9446273408517616,0.5503450862515988,0.07308963715935494,0.39106689473371525
Gator_assembly_Alexa,Gator,0,0.0,seasonal_naive,False,106,0.0,0.0,0.0,1.0,1.0,0.3508704660918696,1.8773362266001672,0.3508704660918696,0.08976483671797716,0.48028773046228274
Gator_assembly_Alexa,Gator,0,0.0,seasonal_naive,True,106,0.0,0.0,0.0,1.0,1.0,0.0,0.0,0.0,0.0,0.0
Gator_assembly_Alexa,Gator,0,0.0,equal_weight,False,106,0.17805282450424928,0.1790413529063858,0.17805282450424928,1.0,1.0,0.8703990561329716,4.657079570923978,0.8703990561329716,0.4007310966982966,2.14411607034474
Gator_assembly_Alexa,Gator,0,0.0,equal_weight,True,106,0.17805282450424928,0.1790413529063858,0.17805282450424928,0.10377358490566038,0.10377358490566038,0.29471889998111134,4.899391936292284,0.9156867629230184,0.06462824453927773,0.3457941219349951
Gator_assembly_Alexa,Gator,0,0.0,naive_independence,False,106,0.1768344384112132,0.17785131320487932,0.1768344384112132,1.0,1.0,0.43541934475046556,2.329715917008889,0.43541934475046556,0.2882298112413114,1.5421767248080744
Gator_assembly_Alexa,Gator,0,0.0,naive_independence,True,106,0.1768344384112132,0.17785131320487932,0.1768344384112132,0.10377358490566038,0.10377358490566038,0.2930003643627424,4.874382606958408,0.9110125682232688,0.06453917767431205,0.34531756870994823
Gator_assembly_Alexa,Gator,0,0.0,duplicate_aware_independence,False,106,0.1768344384112132,0.17785131320487932,0.1768344384112132,1.0,1.0,0.43541934475046556,2.329715917008889,0.43541934475046556,0.2882298112413114,1.5421767248080744
Gator_assembly_Alexa,Gator,0,0.0,duplicate_aware_independence,True,106,0.1768344384112132,0.17785131320487932,0.1768344384112132,0.10377358490566038,0.10377358490566038,0.2930003643627424,4.874382606958408,0.9110125682232688,0.06453917767431205,0.34531756870994823
Gator_assembly_Alexa,Gator,0,0.0,common_corrected,False,106,0.14906787668162255,0.1508896981071236,0.14906787668162255,1.0,1.0,0.8561613691569205,4.580900672651771,0.8561613691569205,0.36810365465014494,1.969542588510978
Gator_assembly_Alexa,Gator,0,0.0,common_corrected,True,106,0.14906787668162255,0.1508896981071236,0.14906787668162255,0.10377358490566038,0.10377358490566038,0.25472858285533284,4.0849747548441915,0.7634737858339767,0.058881868375701,0.31504807407376056
Gator_assembly_Alexa,Gator,0,0.0,ci,False,106,0.09111525261697981,0.1058741430726274,0.09111525261697981,1.0,1.0,0.8639274474032324,4.6224531583676685,0.8639274474032324,0.31213786280163036,1.670097013459156
Gator_assembly_Alexa,Gator,0,0.0,ci,True,106,0.09111525261697981,0.1058741430726274,0.09111525261697981,0.5,0.5283018867924528,0.21918142515302838,2.728433219357829,0.5099388281183539,0.09730148504550651,0.5206126489144154
Gator_assembly_Alexa,Gator,0,0.0,ci_cleaned_mask,True,106,0.09111525261697981,0.1058741430726274,0.09111525261697981,0.5,0.5283018867924528,0.21918142515302838,2.728433219357829,0.5099388281183539,0.09730148504550651,0.5206126489144154
Gator_assembly_Alexa,Gator,0,0.0,exact_lineage,False,106,0.14906787668162258,0.15088969810712363,0.14906787668162258,1.0,1.0,0.8561613691569205,4.580900672651771,0.8561613691569205,0.36810365465014505,1.9695425885109785
Gator_assembly_Alexa,Gator,0,0.0,exact_lineage,True,106,0.14906787668162258,0.15088969810712363,0.14906787668162258,0.10377358490566038,0.10377358490566038,0.2547285828553329,4.084974754844193,0.7634737858339771,0.058881868375701,0.31504807407376056
Gator_assembly_Alexa,Gator,0,0.0,exact_lineage_cleaned_mask,True,106,0.14906787668162258,0.15088969810712363,0.14906787668162258,0.10377358490566038,0.10377358490566038,0.2547285828553329,4.084974754844193,0.7634737858339771,0.058881868375701,0.31504807407376056
Gator_assembly_Alexa,Gator,0,0.0,shrinkage,False,106,0.25407333604303023,0.2546442365692575,0.25407333604303023,0.0,0.0,0.010106282375271312,26.70177873194822,4.990510179483162,0.25665887365566153,1.373256081536393
Gator_assembly_Alexa,Gator,0,0.0,shrinkage,True,106,0.25407333604303023,0.2546442365692575,0.25407333604303023,0.0,0.0,0.4349573190669798,6.243248098793389,1.1668508492577874,0.07724851167354599,0.4133189978370033
Gator_assembly_Alexa,Gator,0,0.0,shrinkage_cleaned_mask,True,106,0.25407333604303023,0.2546442365692575,0.25407333604303023,0.0,0.0,0.4349573190669798,6.243248098793389,1.1668508492577874,0.07724851167354599,0.4133189978370033
Gator_assembly_Alexa,Gator,0,0.0,pooled_privileged,False,106,0.15750958755059855,0.15894686522743776,0.15750958755059855,1.0,1.0,0.8557969800341384,4.578951004706226,0.8557969800341384,0.37645214214106726,2.0142112611940846
Gator_assembly_Alexa,Gator,0,0.0,pooled_privileged,True,106,0.15750958755059855,0.15894686522743776,0.15750958755059855,0.10377358490566038,0.10377358490566038,0.2613500729644813,4.500326790955381,0.8411022683815405,0.06580653711387102,0.3520985891090398
Gator_assembly_Alexa,Gator,0,0.0,sketch_512,False,106,0.116606335419313,0.12275897554793268,0.116606335419313,1.0,1.0,0.863351579167947,4.619371969141652,0.863351579167947,0.33748161853284453,1.8056990528164847
Gator_assembly_Alexa,Gator,0,0.0,sketch_512,True,106,0.116606335419313,0.12275897554793268,0.116606335419313,0.3018867924528302,0.3018867924528302,0.23153093243014228,3.092281077038742,0.577941280530529,0.07735618519275596,0.4138951061669802
Gator_assembly_Alexa,Gator,0,0.0,uninflated_512,False,106,0.15439247184022692,0.15611781122991128,0.15439247184022692,1.0,1.0,0.8561559273774637,4.5808715563518865,0.8561559273774637,0.37342685761279215,1.9980244435802683
Gator_assembly_Alexa,Gator,0,0.0,uninflated_512,True,106,0.15439247184022692,0.15611781122991128,0.15439247184022692,0.10377358490566038,0.10377358490566038,0.26385937350688327,4.196038600703629,0.7842314012309954,0.06587167139717384,0.35244709079685643
Gator_assembly_Alexa,Gator,0,0.0,sketch_2048,False,106,0.13684212841045845,0.13929638581996615,0.13684212841045845,1.0,1.0,0.8595213362807643,4.598878213115738,0.8595213362807643,0.35673750252455855,1.9087278685372975
Gator_assembly_Alexa,Gator,0,0.0,sketch_2048,True,106,0.13684212841045845,0.13929638581996615,0.13684212841045845,0.12264150943396226,0.12264150943396226,0.2434145672365538,3.4909137340417433,0.6524449438489445,0.05843595700823674,0.3126622204756573
Gator_assembly_Alexa,Gator,0,0.0,sketch_2048_cleaned_mask,True,106,0.13684212841045845,0.13929638581996615,0.13684212841045845,0.12264150943396226,0.12264150943396226,0.2434145672365538,3.4909137340417433,0.6524449438489445,0.05843595700823674,0.3126622204756573
Gator_assembly_Alexa,Gator,0,0.0,uninflated_2048,False,106,0.14837210657537114,0.1502631174335452,0.14837210657537114,1.0,1.0,0.8561543656895829,4.580863200523977,0.8561543656895829,0.3674060928140023,1.9658102763563796
Gator_assembly_Alexa,Gator,0,0.0,uninflated_2048,True,106,0.14837210657537114,0.1502631174335452,0.14837210657537114,0.10377358490566038,0.10377358490566038,0.2556077335228653,3.9873162207329194,0.7452215969634061,0.059852391130880644,0.3202408665801595
Gator_assembly_Alexa,Gator,21,0.5,individual_0,False,106,0.2768403783425098,0.2791187358794642,0.2768403783425098,0.8113207547169812,1.0,0.5985692897991699,3.889709723413279,0.7269791336673356,0.4299751666924349,2.3005867833823315
Gator_assembly_Alexa,Gator,21,0.5,individual_0,True,106,0.2768403783425098,0.2791187358794642,0.2768403783425098,0.8113207547169812,0.8584905660377359,0.5912896686999537,3.9244358899595593,0.7334693862225441,0.08403047281969767,0.44960595435654027
Gator_assembly_Alexa,Gator,21,0.5,individual_1,False,106,0.04484710626214475,0.05055530480714607,0.04024003125170618,1.0,1.0,0.5823914313554593,3.116091657195377,0.5823914313554593,0.1892359622112632,1.0125090640764445
Gator_assembly_Alexa,Gator,21,0.5,individual_1,True,106,0.04484710626214475,0.05055530480714607,0.04024003125170618,0.5094339622641509,0.5188679245283019,0.1029206932305241,1.3246811344438354,0.24758031112367482,0.06179701455291432,0.33064559524809795
Gator_assembly_Alexa,Gator,21,0.5,individual_2,False,106,0.1000550726165476,0.10612093836332162,0.1000550726165476,1.0,1.0,0.5864300008959864,3.137700067234911,0.5864300008959864,0.2500842097601916,1.3380782712003867
Gator_assembly_Alexa,Gator,21,0.5,individual_2,True,106,0.1000550726165476,0.10612093836332162,0.1000550726165476,0.5094339622641509,0.5094339622641509,0.21093487541699132,2.456940182040484,0.4591973108586849,0.08556939247884013,0.4578399606498453
Gator_assembly_Alexa,Gator,21,0.5,individual_3,False,106,0.03145132497565471,0.047705401986331025,0.0011773434606164456,1.0,1.0,0.6039232957399711,3.2312981306427657,0.6039232957399711,0.1556818722575396,0.8329775425940048
Gator_assembly_Alexa,Gator,21,0.5,individual_3,True,106,0.03145132497565471,0.047705401986331025,0.0011773434606164456,1.0,1.0,0.2805825560282616,1.5012600030177703,0.2805825560282616,0.029498080728168882,0.1578298002194004
Gator_assembly_Alexa,Gator,21,0.5,seasonal_naive,False,106,0.0,0.0,0.0,1.0,1.0,0.3508704660918696,1.8773362266001672,0.3508704660918696,0.08976483671797716,0.48028773046228274
Gator_assembly_Alexa,Gator,21,0.5,seasonal_naive,True,106,0.0,0.0,0.0,1.0,1.0,0.0,0.0,0.0,0.0,0.0
Gator_assembly_Alexa,Gator,21,0.5,equal_weight,False,106,0.10457820641784504,0.10811443566600583,0.10457820641784504,1.0,1.0,0.5914978845557041,3.164815833610334,0.5914978845557041,0.255903884003571,1.3692165012309743
Gator_assembly_Alexa,Gator,21,0.5,equal_weight,True,106,0.10457820641784504,0.10811443566600583,0.10457820641784504,0.3113207547169811,0.6981132075471698,0.2070955729250326,2.3414215665029867,0.43760710772851247,0.0675017485159494,0.36116883606460465
Gator_assembly_Alexa,Gator,21,0.5,naive_independence,False,106,0.10408651914395331,0.1076416186307222,0.10408651914395331,1.0,1.0,0.29631593525639777,1.5854416188739333,0.29631593525639777,0.1798944144093838,0.9625270114508081
Gator_assembly_Alexa,Gator,21,0.5,naive_independence,True,106,0.10408651914395331,0.1076416186307222,0.10408651914395331,0.3113207547169811,0.6698113207547169,0.2050690852501839,2.374214985781525,0.44373613360250014,0.06757168869306629,0.36154305173929185
Gator_assembly_Alexa,Gator,21,0.5,duplicate_aware_independence,False,106,0.10408651914395331,0.1076416186307222,0.10408651914395331,1.0,1.0,0.29631593525639777,1.5854416188739333,0.29631593525639777,0.1798944144093838,0.9625270114508081
Gator_assembly_Alexa,Gator,21,0.5,duplicate_aware_independence,True,106,0.10408651914395331,0.1076416186307222,0.10408651914395331,0.3113207547169811,0.6698113207547169,0.2050690852501839,2.374214985781525,0.44373613360250014,0.06757168869306629,0.36154305173929185
Gator_assembly_Alexa,Gator,21,0.5,common_corrected,False,106,0.0819382508506315,0.08669503187893815,0.0819382508506315,1.0,1.0,0.5797386644495538,3.1018979991521305,0.5797386644495538,0.23025551201272224,1.2319846092793445
Gator_assembly_Alexa,Gator,21,0.5,common_corrected,True,106,0.0819382508506315,0.08669503187893815,0.0819382508506315,0.4339622641509434,0.5094339622641509,0.1657143933850758,2.074474254603721,0.38771517765177216,0.06829321002305562,0.36540355942505137
Gator_assembly_Alexa,Gator,21,0.5,ci,False,106,0.04484710626214475,0.05055530480714607,0.04024003125170618,1.0,1.0,0.5823914313554593,3.116091657195377,0.5823914313554593,0.1892359622112632,1.0125090640764445
Gator_assembly_Alexa,Gator,21,0.5,ci,True,106,0.04484710626214475,0.05055530480714607,0.04024003125170618,0.5094339622641509,0.5188679245283019,0.1029206932305241,1.3246811344438354,0.24758031112367482,0.06179701455291432,0.33064559524809795
Gator_assembly_Alexa,Gator,21,0.5,ci_cleaned_mask,True,106,0.04484710626214475,0.05055530480714607,0.04024003125170618,0.5094339622641509,0.5188679245283019,0.1029206932305241,1.3246811344438354,0.24758031112367482,0.06179701455291432,0.33064559524809795
Gator_assembly_Alexa,Gator,21,0.5,exact_lineage,False,106,0.058602585196132935,0.06537444953299404,0.05858628685038768,1.0,1.0,0.5816142349903329,3.1119332596314973,0.5816142349903329,0.20738338401925707,1.1096070408854142
Gator_assembly_Alexa,Gator,21,0.5,exact_lineage,True,106,0.058602585196132935,0.06537444953299404,0.05858628685038768,0.5094339622641509,0.5094339622641509,0.12756745072355888,1.677681171033176,0.3135553270071391,0.06629096752258036,0.3546905392542499
Gator_assembly_Alexa,Gator,21,0.5,exact_lineage_cleaned_mask,True,106,0.058602585196132935,0.06537444953299404,0.05858628685038768,0.5094339622641509,0.5094339622641509,0.12756745072355888,1.677681171033176,0.3135553270071391,0.06629096752258036,0.3546905392542499
Gator_assembly_Alexa,Gator,21,0.5,shrinkage,False,106,0.10673229931216158,0.110180529594682,0.10673229931216158,0.0,0.0,0.005948883261647118,11.134980375988512,2.081106036888407,0.1082542300137791,0.5792154294182239
Gator_assembly_Alexa,Gator,21,0.5,shrinkage,True,106,0.10673229931216158,0.110180529594682,0.10673229931216158,0.3113207547169811,0.7075471698113207,0.21291531905916103,2.301499539410707,0.43014575900752827,0.06691401696567237,0.35802417204331866
Gator_assembly_Alexa,Gator,21,0.5,shrinkage_cleaned_mask,True,106,0.10673229931216158,0.110180529594682,0.10673229931216158,0.3113207547169811,0.7075471698113207,0.21291531905916103,2.301499539410707,0.43014575900752827,0.06691401696567237,0.35802417204331866
Gator_assembly_Alexa,Gator,21,0.5,pooled_privileged,False,106,0.12744640238323482,0.12955448979777268,0.12744640238323482,1.0,1.0,0.5848950347804929,3.1294872144196924,0.5848950347804929,0.27708284194745686,1.482534744947981
Gator_assembly_Alexa,Gator,21,0.5,pooled_privileged,True,106,0.12744640238323482,0.12955448979777268,0.12744640238323482,0.2358490566037736,0.4056603773584906,0.22437521320781126,3.227567883007772,0.6032261197585015,0.06003195680124694,0.32120163464304946
Gator_assembly_Alexa,Gator,21,0.5,sketch_512,False,106,0.04484710626214475,0.05055530480714607,0.04024003125170618,1.0,1.0,0.5823914313554593,3.116091657195377,0.5823914313554593,0.1892359622112632,1.0125090640764445
Gator_assembly_Alexa,Gator,21,0.5,sketch_512,True,106,0.04484710626214475,0.05055530480714607,0.04024003125170618,0.5094339622641509,0.5188679245283019,0.1029206932305241,1.3246811344438354,0.24758031112367482,0.06179701455291432,0.33064559524809795
Gator_assembly_Alexa,Gator,21,0.5,uninflated_512,False,106,0.06150343817009569,0.06817910418143405,0.06150343817009569,1.0,1.0,0.5816631813151621,3.112195147472285,0.5816631813151621,0.21031305750677584,1.1252822905907827
Gator_assembly_Alexa,Gator,21,0.5,uninflated_512,True,106,0.06150343817009569,0.06817910418143405,0.06150343817009569,0.5094339622641509,0.5094339622641509,0.13326052774241084,1.7522770495875315,0.3274971506964945,0.06628395005003801,0.3546529921914559
Gator_assembly_Alexa,Gator,21,0.5,sketch_2048,False,106,0.048788032811532225,0.053486646590455336,0.04418095780109365,1.0,1.0,0.5823639656336513,3.115944701553558,0.5823639656336513,0.19316986207624234,1.0335574378840282
Gator_assembly_Alexa,Gator,21,0.5,sketch_2048,True,106,0.048788032811532225,0.053486646590455336,0.04418095780109365,0.4056603773584906,0.41509433962264153,0.10291583946555372,1.388223625451935,0.25945627831631063,0.0657369286180135,0.351726148098521
Gator_assembly_Alexa,Gator,21,0.5,sketch_2048_cleaned_mask,True,106,0.048788032811532225,0.053486646590455336,0.04418095780109365,0.4056603773584906,0.41509433962264153,0.10291583946555372,1.388223625451935,0.25945627831631063,0.0657369286180135,0.351726148098521
Gator_assembly_Alexa,Gator,21,0.5,uninflated_2048,False,106,0.05837226796734952,0.06496375779412536,0.05837226796734952,1.0,1.0,0.5815726831252126,3.111710935927419,0.5815726831252126,0.20715873472771115,1.1084050524194236
Gator_assembly_Alexa,Gator,21,0.5,uninflated_2048,True,106,0.05837226796734952,0.06496375779412536,0.05837226796734952,0.5094339622641509,0.5094339622641509,0.1254467064009011,1.6796566540796911,0.31392454092176253,0.06960799327482267,0.3724383214446714
Gator_assembly_Alexa,Gator,38,0.9047619047619048,individual_0,False,106,0.10470454838440069,0.10991352943339801,0.10470454838440069,1.0,1.0,0.5370783038739341,2.8736432781421644,0.5370783038739341,0.242107809448239,1.29540045499578
Gator_assembly_Alexa,Gator,38,0.9047619047619048,individual_0,True,106,0.10470454838440069,0.10991352943339801,0.10470454838440069,0.8113207547169812,0.9056603773584906,0.2785622841515407,1.8798348047635947,0.35133744545994816,0.060930736619635315,0.3260105657896106
Gator_assembly_Alexa,Gator,38,0.9047619047619048,individual_1,False,106,0.10822407377452076,0.11346889850466839,0.10822407377452076,1.0,1.0,0.53410417849663,2.857730188119359,0.53410417849663,0.24486645039617128,1.3101605932468572
Gator_assembly_Alexa,Gator,38,0.9047619047619048,individual_1,True,106,0.10822407377452076,0.11346889850466839,0.10822407377452076,0.9056603773584906,0.9056603773584906,0.2928497033555998,1.88503427164321,0.3523092156424177,0.06556749268838283,0.35081957932307994
Gator_assembly_Alexa,Gator,38,0.9047619047619048,individual_2,False,106,0.07795185929690546,0.08372439520959446,0.07795185929690546,1.0,1.0,0.5350085275011446,2.862568917256568,0.5350085275011446,0.2148255997652499,1.1494266967879099
Gator_assembly_Alexa,Gator,38,0.9047619047619048,individual_2,True,106,0.07795185929690546,0.08372439520959446,0.07795185929690546,0.8113207547169812,0.8113207547169812,0.22569888810431285,1.552023872145106,0.29007022380399694,0.05307440600866832,0.283975183819746
Gator_assembly_Alexa,Gator,38,0.9047619047619048,individual_3,False,106,0.1671461603613621,0.17078595367829716,0.1671461603613621,1.0,1.0,0.539199827660488,2.884994514125215,0.539199827660488,0.30509218080422285,1.6323990156704948
Gator_assembly_Alexa,Gator,38,0.9047619047619048,individual_3,True,106,0.1671461603613621,0.17078595367829716,0.1671461603613621,0.8113207547169812,0.8962264150943396,0.38058043555769766,2.5799475581135436,0.48218714867460666,0.07786465794126227,0.41661569511150515
Gator_assembly_Alexa,Gator,38,0.9047619047619048,seasonal_naive,False,106,0.0,0.0,0.0,1.0,1.0,0.3508704660918696,1.8773362266001672,0.3508704660918696,0.08976483671797716,0.48028773046228274
Gator_assembly_Alexa,Gator,38,0.9047619047619048,seasonal_naive,True,106,0.0,0.0,0.0,1.0,1.0,0.0,0.0,0.0,0.0,0.0
Gator_assembly_Alexa,Gator,38,0.9047619047619048,equal_weight,False,106,0.11450666045429725,0.1188139282244719,0.11450666045429725,1.0,1.0,0.5362778496962359,2.8693604394003804,0.5362778496962359,0.25170513757219215,1.3467510630032045
Gator_assembly_Alexa,Gator,38,0.9047619047619048,equal_weight,True,106,0.11450666045429725,0.1188139282244719,0.11450666045429725,0.8113207547169812,0.9056603773584906,0.2888437547579359,1.9230150942244626,0.3594077570399651,0.0624921651776266,0.3343650061898396
Gator_assembly_Alexa,Gator,38,0.9047619047619048,naive_independence,False,106,0.11431751699222621,0.11862763944932272,0.11431751699222621,0.7075471698113207,0.9056603773584906,0.2681682429002221,2.0857118821923195,0.38981546825177776,0.18292425612592805,0.978738212349785
Gator_assembly_Alexa,Gator,38,0.9047619047619048,naive_independence,True,106,0.11431751699222621,0.11862763944932272,0.11431751699222621,0.8113207547169812,0.9056603773584906,0.2884068357572114,1.9210423697813666,0.3590390587029211,0.062419514320433626,0.33397628699206533
Gator_assembly_Alexa,Gator,38,0.9047619047619048,duplicate_aware_independence,False,106,0.11431751699222621,0.11862763944932272,0.11431751699222621,0.7075471698113207,0.9056603773584906,0.2681682429002221,2.0857118821923195,0.38981546825177776,0.18292425612592805,0.978738212349785
Gator_assembly_Alexa,Gator,38,0.9047619047619048,duplicate_aware_independence,True,106,0.11431751699222621,0.11862763944932272,0.11431751699222621,0.8113207547169812,0.9056603773584906,0.2884068357572114,1.9210423697813666,0.3590390587029211,0.062419514320433626,0.33397628699206533
Gator_assembly_Alexa,Gator,38,0.9047619047619048,common_corrected,False,106,0.11113907217507338,0.11554093261588678,0.11113907217507338,1.0,1.0,0.5261254375471395,2.8150398483082704,0.5261254375471395,0.24574021008397753,1.3148356539139243
Gator_assembly_Alexa,Gator,38,0.9047619047619048,common_corrected,True,106,0.11113907217507338,0.11554093261588678,0.11113907217507338,0.8113207547169812,0.9056603773584906,0.28009790897689796,1.8902761504949421,0.3532889125394595,0.062240058327558065,0.33301610575977664
Gator_assembly_Alexa,Gator,38,0.9047619047619048,ci,False,106,0.10822407377452076,0.11346889850466839,0.10822407377452076,1.0,1.0,0.53410417849663,2.857730188119359,0.53410417849663,0.24486645039617128,1.3101605932468572
Gator_assembly_Alexa,Gator,38,0.9047619047619048,ci,True,106,0.10822407377452076,0.11346889850466839,0.10822407377452076,0.7075471698113207,0.9056603773584906,0.2654629896577469,2.0266590159782076,0.3787786031452381,0.06556749268838283,0.35081957932307994
Gator_assembly_Alexa,Gator,38,0.9047619047619048,ci_cleaned_mask,True,106,0.10822407377452076,0.11346889850466839,0.10822407377452076,0.7075471698113207,0.9056603773584906,0.2654629896577469,2.0266590159782076,0.3787786031452381,0.06556749268838283,0.35081957932307994
Gator_assembly_Alexa,Gator,38,0.9047619047619048,exact_lineage,False,106,0.09938045612257594,0.10449434091051728,0.09938045612257594,1.0,1.0,0.5338950108175451,2.8566110341884112,0.5338950108175451,0.23596932039601187,1.2625564028796434
Gator_assembly_Alexa,Gator,38,0.9047619047619048,exact_lineage,True,106,0.09938045612257594,0.10449434091051728,0.09938045612257594,0.7075471698113207,0.7264150943396226,0.24786953687940066,1.8906166939994145,0.35335255945387245,0.06202281366643022,0.3318537358489846
Gator_assembly_Alexa,Gator,38,0.9047619047619048,exact_lineage_cleaned_mask,True,106,0.09938045612257594,0.10449434091051728,0.09938045612257594,0.7075471698113207,0.7264150943396226,0.24786953687940066,1.8906166939994145,0.35335255945387245,0.06202281366643022,0.3318537358489846
Gator_assembly_Alexa,Gator,38,0.9047619047619048,shrinkage,False,106,0.14776366137909544,0.1514778258150363,0.14776366137909544,0.0,0.0,0.03107363553726719,14.315882982152695,2.6756105077465047,0.1557133752758085,0.8331460998342372
Gator_assembly_Alexa,Gator,38,0.9047619047619048,shrinkage,True,106,0.14776366137909544,0.1514778258150363,0.14776366137909544,0.8773584905660378,0.9056603773584906,0.35132564671118793,2.273717265507466,0.4249533063954697,0.07317520649564907,0.3915247343937482
Gator_assembly_Alexa,Gator,38,0.9047619047619048,shrinkage_cleaned_mask,True,106,0.14776366137909544,0.1514778258150363,0.14776366137909544,0.8773584905660378,0.9056603773584906,0.35132564671118793,2.273717265507466,0.4249533063954697,0.07317520649564907,0.3915247343937482
Gator_assembly_Alexa,Gator,38,0.9047619047619048,pooled_privileged,False,106,0.14601753702200249,0.14936528909869035,0.14601753702200249,1.0,1.0,0.5349437116846818,2.8622221195290263,0.5349437116846818,0.2828746953560729,1.5135241193010383
Gator_assembly_Alexa,Gator,38,0.9047619047619048,pooled_privileged,True,106,0.14601753702200249,0.14936528909869035,0.14601753702200249,0.5377358490566038,0.6132075471698113,0.308056633830606,2.5700439359358453,0.48033618107474324,0.07488232739243603,0.4006587032296581
Gator_assembly_Alexa,Gator,38,0.9047619047619048,sketch_512,False,106,0.10822407377452076,0.11346889850466839,0.10822407377452076,1.0,1.0,0.53410417849663,2.857730188119359,0.53410417849663,0.24486645039617128,1.3101605932468572
Gator_assembly_Alexa,Gator,38,0.9047619047619048,sketch_512,True,106,0.10822407377452076,0.11346889850466839,0.10822407377452076,0.7075471698113207,0.9056603773584906,0.2654629896577469,2.0266590159782076,0.3787786031452381,0.06556749268838283,0.35081957932307994
Gator_assembly_Alexa,Gator,38,0.9047619047619048,uninflated_512,False,106,0.1031617028775516,0.10814910878882077,0.1031617028775516,1.0,1.0,0.5341796041759378,2.8581337540328926,0.5341796041759378,0.23982337600444179,1.283177569128337
Gator_assembly_Alexa,Gator,38,0.9047619047619048,uninflated_512,True,106,0.1031617028775516,0.10814910878882077,0.1031617028775516,0.7075471698113207,0.8018867924528302,0.2597702195080454,1.9008826095608056,0.3552712389780024,0.06267091124322619,0.335321388948554
Gator_assembly_Alexa,Gator,38,0.9047619047619048,sketch_2048,False,106,0.10822407377452076,0.11346889850466839,0.10822407377452076,1.0,1.0,0.53410417849663,2.857730188119359,0.53410417849663,0.24486645039617128,1.3101605932468572
Gator_assembly_Alexa,Gator,38,0.9047619047619048,sketch_2048,True,106,0.10822407377452076,0.11346889850466839,0.10822407377452076,0.7075471698113207,0.9056603773584906,0.2654629896577469,2.0266590159782076,0.3787786031452381,0.06556749268838283,0.35081957932307994
Gator_assembly_Alexa,Gator,38,0.9047619047619048,sketch_2048_cleaned_mask,True,106,0.10822407377452076,0.11346889850466839,0.10822407377452076,0.7075471698113207,0.9056603773584906,0.2654629896577469,2.0266590159782076,0.3787786031452381,0.06556749268838283,0.35081957932307994
Gator_assembly_Alexa,Gator,38,0.9047619047619048,uninflated_2048,False,106,0.09960429878418577,0.10472232084198398,0.09960429878418577,1.0,1.0,0.5339370853884288,2.8568361546353342,0.5339370853884288,0.236203927192396,1.2638116690830496
Gator_assembly_Alexa,Gator,38,0.9047619047619048,uninflated_2048,True,106,0.09960429878418577,0.10472232084198398,0.09960429878418577,0.7075471698113207,0.7358490566037735,0.24754227963236852,1.8966978890233372,0.35448912290063633,0.06266860529569707,0.33530905095134017
Hog_assembly_Colette,Hog,0,0.0,individual_0,False,117,128.71801266867996,151.3758953436844,104.19721816143974,1.0,1.0,799.5026058685078,2.1604421328936962,799.5026058685078,317.24540130589605,0.8572709162135628
Hog_assembly_Colette,Hog,0,0.0,individual_0,True,117,128.71801266867996,151.3758953436844,104.19721816143974,0.8632478632478633,0.9401709401709402,448.16395924233916,1.5836264616629119,586.0436914947544,211.1634867802073,0.5706128915904147
Hog_assembly_Colette,Hog,0,0.0,individual_1,False,117,117.54902194527813,147.05195022504662,72.53061113784425,0.9829059829059829,0.9914529914529915,813.9244400558215,2.2789001407472655,843.3396911220108,308.624850633062,0.8339761817803909
Hog_assembly_Colette,Hog,0,0.0,individual_1,True,117,117.54902194527813,147.05195022504662,72.53061113784425,0.8461538461538461,0.905982905982906,408.8966027920796,1.6771764163629743,620.6631943376296,208.19305674564922,0.5625860982411912
Hog_assembly_Colette,Hog,0,0.0,individual_2,False,117,92.97074771594137,126.15297068060448,21.027825269272082,0.9829059829059829,0.9829059829059829,788.3708488004255,2.223445307296479,822.817834425704,253.4596342825381,0.6849069269723966
Hog_assembly_Colette,Hog,0,0.0,individual_2,True,117,92.97074771594137,126.15297068060448,21.027825269272082,0.9230769230769231,0.9572649572649573,466.9189571721597,1.5887919083867879,587.9552391605474,194.97070162847285,0.5268562170856461
Hog_assembly_Colette,Hog,0,0.0,individual_3,False,117,78.89629657519613,112.70516016775706,-14.901733793097902,0.9829059829059829,0.9829059829059829,804.6856607239622,2.273671739486613,841.404846226712,222.7980711114677,0.6020522465136603
Hog_assembly_Colette,Hog,0,0.0,individual_3,True,117,78.89629657519613,112.70516016775706,-14.901733793097902,0.9316239316239316,0.9743589743589743,379.14048332883823,1.4392213236014162,532.6044984596091,186.8465005549039,0.5049027347997795
Hog_assembly_Colette,Hog,0,0.0,seasonal_naive,False,117,113.98798290598286,146.01901206455167,73.75234188034187,0.9316239316239316,0.9658119658119658,478.93673718683647,1.592621140672267,589.3723015035299,209.43423019247118,0.5659400377894309
Hog_assembly_Colette,Hog,0,0.0,seasonal_naive,True,117,113.98798290598286,146.01901206455167,73.75234188034187,0.9658119658119658,0.9743589743589743,556.3384,1.7138450927608249,634.2329641025638,269.6832017094018,0.7287467823494318
Hog_assembly_Colette,Hog,0,0.0,equal_weight,False,117,94.60942386316388,121.47201983240959,45.713480193864534,0.9829059829059829,1.0,800.2266710595466,2.2088026420433593,817.3991060790903,272.9570224227772,0.7375934079298861
Hog_assembly_Colette,Hog,0,0.0,equal_weight,True,117,94.60942386316388,121.47201983240959,45.713480193864534,0.9487179487179487,0.9572649572649573,417.61398711777207,1.4429789710116827,533.9950697925331,189.2321718418606,0.5113493739048228
Hog_assembly_Colette,Hog,0,0.0,naive_independence,False,117,94.50850777800801,121.40694833624468,45.46412643812798,0.9401709401709402,0.9572649572649573,400.72601801121726,1.4220655914769575,526.2557736637658,192.19484760682292,0.5193552134127185
Hog_assembly_Colette,Hog,0,0.0,naive_independence,True,117,94.50850777800801,121.40694833624468,45.46412643812798,0.9487179487179487,0.9572649572649573,418.35432384793705,1.4441175579672445,534.4164202300753,189.27417191345373,0.5114628678741836
Hog_assembly_Colette,Hog,0,0.0,duplicate_aware_independence,False,117,94.50850777800801,121.40694833624468,45.46412643812798,0.9401709401709402,0.9572649572649573,400.72601801121726,1.4220655914769575,526.2557736637658,192.19484760682292,0.5193552134127185
Hog_assembly_Colette,Hog,0,0.0,duplicate_aware_independence,True,117,94.50850777800801,121.40694833624468,45.46412643812798,0.9487179487179487,0.9572649572649573,418.35432384793705,1.4441175579672445,534.4164202300753,189.27417191345373,0.5114628678741836
Hog_assembly_Colette,Hog,0,0.0,common_corrected,False,117,92.5799446090578,121.7979713707749,35.8980478217043,0.9829059829059829,0.9914529914529915,785.9899118787042,2.191316614159418,810.9281505988916,262.5801037930919,0.7095525584659523
Hog_assembly_Colette,Hog,0,0.0,common_corrected,True,117,92.5799446090578,121.7979713707749,35.8980478217043,0.9401709401709402,0.9572649572649573,422.58759453212053,1.4771874010509882,546.6543900967816,192.02794662538142,0.5189042081130725
Hog_assembly_Colette,Hog,0,0.0,ci,False,117,92.97074771594137,126.15297068060448,21.027825269272082,0.9829059829059829,0.9829059829059829,788.3708488004255,2.223445307296479,822.817834425704,253.4596342825381,0.6849069269723966
Hog_assembly_Colette,Hog,0,0.0,ci,True,117,92.97074771594137,126.15297068060448,21.027825269272082,0.9230769230769231,0.9572649572649573,466.9189571721597,1.5887919083867879,587.9552391605474,194.97070162847285,0.5268562170856461
Hog_assembly_Colette,Hog,0,0.0,ci_cleaned_mask,True,117,92.97074771594137,126.15297068060448,21.027825269272082,0.9230769230769231,0.9572649572649573,466.9189571721597,1.5887919083867879,587.9552391605474,194.97070162847285,0.5268562170856461
Hog_assembly_Colette,Hog,0,0.0,exact_lineage,False,117,92.57994460905782,121.7979713707749,35.898047821704274,0.9829059829059829,0.9914529914529915,785.9899118787042,2.191316614159418,810.9281505988916,262.5801037930919,0.7095525584659523
Hog_assembly_Colette,Hog,0,0.0,exact_lineage,True,117,92.57994460905782,121.7979713707749,35.898047821704274,0.9401709401709402,0.9572649572649573,422.5875945321205,1.4771874010509882,546.6543900967816,192.02794662538136,0.5189042081130723
Hog_assembly_Colette,Hog,0,0.0,exact_lineage_cleaned_mask,True,117,92.57994460905782,121.7979713707749,35.898047821704274,0.9401709401709402,0.9572649572649573,422.5875945321205,1.4771874010509882,546.6543900967816,192.02794662538136,0.5189042081130723
Hog_assembly_Colette,Hog,0,0.0,shrinkage,False,117,95.6342659900703,119.8900324605853,53.971611259397974,0.7264957264957265,0.8290598290598291,257.03292813447916,1.5484902885281744,573.0410465482573,169.07330693224296,0.45687542875146187
Hog_assembly_Colette,Hog,0,0.0,shrinkage,True,117,95.6342659900703,119.8900324605853,53.971611259397974,0.9401709401709402,0.9658119658119658,404.2949901421729,1.3747800116005864,508.7570664521423,194.92974423547477,0.5267455406765426
Hog_assembly_Colette,Hog,0,0.0,shrinkage_cleaned_mask,True,117,95.6342659900703,119.8900324605853,53.971611259397974,0.9401709401709402,0.9658119658119658,404.2949901421729,1.3747800116005864,508.7570664521423,194.92974423547477,0.5267455406765426
Hog_assembly_Colette,Hog,0,0.0,pooled_privileged,False,117,88.24145067589536,117.96942921326148,27.40922962753922,0.9829059829059829,0.9914529914529915,786.1108869835696,2.194345221495162,812.04893019313,254.44943413427004,0.6875815965571075
Hog_assembly_Colette,Hog,0,0.0,pooled_privileged,True,117,88.24145067589536,117.96942921326148,27.40922962753922,0.9401709401709402,0.9572649572649573,412.4309267240878,1.4527136233967954,537.59751756497,187.84892584250179,0.5076115212508905
Hog_assembly_Colette,Hog,0,0.0,sketch_512,False,117,92.97074771594137,126.15297068060448,21.027825269272082,0.9829059829059829,0.9829059829059829,788.3708488004255,2.223445307296479,822.817834425704,253.4596342825381,0.6849069269723966
Hog_assembly_Colette,Hog,0,0.0,sketch_512,True,117,92.97074771594137,126.15297068060448,21.027825269272082,0.9230769230769231,0.9572649572649573,466.9189571721597,1.5887919083867879,587.9552391605474,194.97070162847285,0.5268562170856461
Hog_assembly_Colette,Hog,0,0.0,uninflated_512,False,117,91.98466974880621,120.9794609843981,36.00934717165138,0.9829059829059829,0.9914529914529915,785.9277217217784,2.1884276983080473,809.8590658425172,262.1949377255816,0.7085117501004733
Hog_assembly_Colette,Hog,0,0.0,uninflated_512,True,117,91.98466974880621,120.9794609843981,36.00934717165138,0.9401709401709402,0.9572649572649573,422.8427182103856,1.4702281409253126,544.079016046868,190.92150047224126,0.5159143330714202
Hog_assembly_Colette,Hog,0,0.0,sketch_2048,False,117,92.1693652794146,122.31682269791739,31.954566478929497,0.9829059829059829,0.9914529914529915,787.9893272510338,2.201187954249393,814.5811816174909,260.0917288345336,0.702828390134985
Hog_assembly_Colette,Hog,0,0.0,sketch_2048,True,117,92.1693652794146,122.31682269791739,31.954566478929497,0.9316239316239316,0.9487179487179487,425.33174154219705,1.492599220079633,552.3577548326247,192.86116468097856,0.5211557572387245
Hog_assembly_Colette,Hog,0,0.0,sketch_2048_cleaned_mask,True,117,92.1693652794146,122.31682269791739,31.954566478929497,0.9316239316239316,0.9487179487179487,425.33174154219705,1.492599220079633,552.3577548326247,192.86116468097856,0.5211557572387245
Hog_assembly_Colette,Hog,0,0.0,uninflated_2048,False,117,92.45002532573149,121.69390006909241,35.39862992906948,0.9829059829059829,0.9914529914529915,785.8952395554445,2.191329092980004,810.9327685654757,262.03456482888305,0.7080783852052766
Hog_assembly_Colette,Hog,0,0.0,uninflated_2048,True,117,92.45002532573149,121.69390006909241,35.39862992906948,0.9401709401709402,0.9572649572649573,422.7018221830519,1.4764104412799541,546.3668649869261,191.82140731217743,0.5183460908148053
Hog_assembly_Colette,Hog,21,0.5,individual_0,False,117,91.73863318256531,128.24595029338224,-8.630626173047553,0.9829059829059829,1.0,985.7501682926779,2.6951993445465647,997.3971838874982,270.55423902384797,0.7311005279152861
Hog_assembly_Colette,Hog,21,0.5,individual_0,True,117,91.73863318256531,128.24595029338224,-8.630626173047553,0.9487179487179487,0.9743589743589743,473.2495332530082,1.6732125016740445,619.1962908390411,209.6033197070964,0.5663969570151414
Hog_assembly_Colette,Hog,21,0.5,individual_1,False,117,103.78408609253508,133.85117379341398,47.02683445897551,1.0,1.0,968.7165507353108,2.6176975980791566,968.7165507353108,309.4178749302747,0.8361191180154087
Hog_assembly_Colette,Hog,21,0.5,individual_1,True,117,103.78408609253508,133.85117379341398,47.02683445897551,0.9230769230769231,0.9658119658119658,466.6139481429465,1.5915420727943694,588.9729769545625,210.56958263969136,0.5690080243659023
Hog_assembly_Colette,Hog,21,0.5,individual_2,False,117,93.90766745764536,125.01968727290613,36.561484936879786,0.9914529914529915,1.0,956.8125976957633,2.5935405457481004,959.7768869531976,301.42977203374727,0.8145334046820535
Hog_assembly_Colette,Hog,21,0.5,individual_2,True,117,93.90766745764536,125.01968727290613,36.561484936879786,0.9145299145299145,0.9230769230769231,382.7185555740022,1.481950275355057,548.4169600631556,188.1240141391635,0.5083548738578884
Hog_assembly_Colette,Hog,21,0.5,individual_3,False,117,82.40517328245294,118.47568231818518,-48.12154235088295,0.9829059829059829,1.0,972.124329794165,2.6541876056814004,982.2202015491747,227.65276343978934,0.6151707551606064
Hog_assembly_Colette,Hog,21,0.5,individual_3,True,117,82.40517328245294,118.47568231818518,-48.12154235088295,0.9658119658119658,0.9829059829059829,534.4703722572042,1.7025264667703468,630.0443441731247,197.60315234044242,0.533969711637333
Hog_assembly_Colette,Hog,21,0.5,seasonal_naive,False,117,113.98798290598286,146.01901206455167,73.75234188034187,0.9316239316239316,0.9658119658119658,478.93673718683647,1.592621140672267,589.3723015035299,209.43423019247118,0.5659400377894309
Hog_assembly_Colette,Hog,21,0.5,seasonal_naive,True,117,113.98798290598286,146.01901206455167,73.75234188034187,0.9658119658119658,0.9743589743589743,556.3384,1.7138450927608249,634.2329641025638,269.6832017094018,0.7287467823494318
Hog_assembly_Colette,Hog,21,0.5,equal_weight,False,117,87.10729729514948,118.50291788568697,6.7090377179811975,0.9914529914529915,1.0,969.4996577890478,2.6306853126563223,973.5228408416848,276.23799695160045,0.7464593647847992
Hog_assembly_Colette,Hog,21,0.5,equal_weight,True,117,87.10729729514948,118.50291788568697,6.7090377179811975,0.9487179487179487,0.9572649572649573,441.8892501459884,1.5363144075038009,568.5351870949921,197.8466572615958,0.5346277186123762
Hog_assembly_Colette,Hog,21,0.5,naive_independence,False,117,87.12585503004124,118.44550476961287,7.126588168805464,0.9487179487179487,0.9743589743589743,485.3400166589266,1.5920603554262833,589.164774877998,183.30346039580556,0.49532861561359465
Hog_assembly_Colette,Hog,21,0.5,naive_independence,True,117,87.12585503004124,118.44550476961287,7.126588168805464,0.9487179487179487,0.9572649572649573,440.2780484662667,1.5328500031714714,567.2531345700445,197.3572537933219,0.5333052365277873
Hog_assembly_Colette,Hog,21,0.5,duplicate_aware_independence,False,117,87.12585503004124,118.44550476961287,7.126588168805464,0.9487179487179487,0.9743589743589743,485.3400166589266,1.5920603554262833,589.164774877998,183.30346039580556,0.49532861561359465
Hog_assembly_Colette,Hog,21,0.5,duplicate_aware_independence,True,117,87.12585503004124,118.44550476961287,7.126588168805464,0.9487179487179487,0.9572649572649573,440.2780484662667,1.5328500031714714,567.2531345700445,197.3572537933219,0.5333052365277873
Hog_assembly_Colette,Hog,21,0.5,common_corrected,False,117,88.57864605030854,118.70102935924852,19.12706725995979,0.9914529914529915,1.0,953.0364594109442,2.5850951952266072,956.6515638322478,283.61534689562615,0.7663946814819351
Hog_assembly_Colette,Hog,21,0.5,common_corrected,True,117,88.57864605030854,118.70102935924852,19.12706725995979,0.9487179487179487,0.9487179487179487,418.2841799397541,1.4816694115623723,548.3130223872851,189.42223404096498,0.5118629662055877
Hog_assembly_Colette,Hog,21,0.5,ci,False,117,93.90766745764536,125.01968727290613,36.561484936879786,0.9914529914529915,1.0,956.8125976957633,2.5935405457481004,959.7768869531976,301.42977203374727,0.8145334046820535
Hog_assembly_Colette,Hog,21,0.5,ci,True,117,93.90766745764536,125.01968727290613,36.561484936879786,0.9145299145299145,0.9230769230769231,382.7185555740022,1.481950275355057,548.4169600631556,188.1240141391635,0.5083548738578884
Hog_assembly_Colette,Hog,21,0.5,ci_cleaned_mask,True,117,93.90766745764536,125.01968727290613,36.561484936879786,0.9145299145299145,0.9230769230769231,382.7185555740022,1.481950275355057,548.4169600631556,188.1240141391635,0.5083548738578884
Hog_assembly_Colette,Hog,21,0.5,exact_lineage,False,117,90.72851726603598,120.96686620248202,33.738068954637285,0.9914529914529915,1.0,956.4813424597761,2.5887518099570825,958.0047465725586,297.79703397522513,0.8047169008935863
Hog_assembly_Colette,Hog,21,0.5,exact_lineage,True,117,90.72851726603598,120.96686620248202,33.738068954637285,0.9230769230769231,0.9487179487179487,386.16699362984093,1.4471000357960213,535.5201289384675,185.6865648338791,0.5017683184954972
Hog_assembly_Colette,Hog,21,0.5,exact_lineage_cleaned_mask,True,117,90.72851726603598,120.96686620248202,33.738068954637285,0.9230769230769231,0.9487179487179487,386.16699362984093,1.4471000357960213,535.5201289384675,185.6865648338791,0.5017683184954972
Hog_assembly_Colette,Hog,21,0.5,shrinkage,False,117,84.29051941165864,115.38598661776344,-1.4442113804681291,0.8888888888888888,0.9487179487179487,336.6265699055599,1.4069637055182795,520.6671041068912,165.67896902042585,0.4477031376492936
Hog_assembly_Colette,Hog,21,0.5,shrinkage,True,117,84.29051941165864,115.38598661776344,-1.4442113804681291,0.9487179487179487,0.9829059829059829,468.33562562882383,1.5425068378935054,570.8267847998549,200.54720081659465,0.5419252158751852
Hog_assembly_Colette,Hog,21,0.5,shrinkage_cleaned_mask,True,117,84.29051941165864,115.38598661776344,-1.4442113804681291,0.9487179487179487,0.9829059829059829,468.33562562882383,1.5425068378935054,570.8267847998549,200.54720081659465,0.5419252158751852
Hog_assembly_Colette,Hog,21,0.5,pooled_privileged,False,117,92.96057071442709,121.86122672584033,37.02703677266435,1.0,1.0,953.6106661457198,2.576877981879745,953.6106661457198,298.35074999390133,0.80621317045872
Hog_assembly_Colette,Hog,21,0.5,pooled_privileged,True,117,92.96057071442709,121.86122672584033,37.02703677266435,0.9230769230769231,0.9572649572649573,411.254861347277,1.4495495708713877,536.4266145351443,187.65195121601724,0.5070792499624112
Hog_assembly_Colette,Hog,21,0.5,sketch_512,False,117,93.90766745764536,125.01968727290613,36.561484936879786,0.9914529914529915,1.0,956.8125976957633,2.5935405457481004,959.7768869531976,301.42977203374727,0.8145334046820535
Hog_assembly_Colette,Hog,21,0.5,sketch_512,True,117,93.90766745764536,125.01968727290613,36.561484936879786,0.9145299145299145,0.9230769230769231,382.7185555740022,1.481950275355057,548.4169600631556,188.1240141391635,0.5083548738578884
Hog_assembly_Colette,Hog,21,0.5,uninflated_512,False,117,90.5412569695726,120.74222245923146,33.17273427376683,0.9914529914529915,1.0,956.3979640317951,2.5888351773794605,958.0355978832329,297.33010393429606,0.8034551472405871
Hog_assembly_Colette,Hog,21,0.5,uninflated_512,True,117,90.5412569695726,120.74222245923146,33.17273427376683,0.9230769230769231,0.9401709401709402,388.1670543704742,1.447154811859164,535.5403996064733,185.2998549943874,0.5007233384987968
Hog_assembly_Colette,Hog,21,0.5,sketch_2048,False,117,93.90766745764536,125.01968727290613,36.561484936879786,0.9914529914529915,1.0,956.8125976957633,2.5935405457481004,959.7768869531976,301.42977203374727,0.8145334046820535
Hog_assembly_Colette,Hog,21,0.5,sketch_2048,True,117,93.90766745764536,125.01968727290613,36.561484936879786,0.9145299145299145,0.9230769230769231,382.7185555740022,1.481950275355057,548.4169600631556,188.1240141391635,0.5083548738578884
Hog_assembly_Colette,Hog,21,0.5,sketch_2048_cleaned_mask,True,117,93.90766745764536,125.01968727290613,36.561484936879786,0.9145299145299145,0.9230769230769231,382.7185555740022,1.481950275355057,548.4169600631556,188.1240141391635,0.5083548738578884
Hog_assembly_Colette,Hog,21,0.5,uninflated_2048,False,117,90.73675487563426,120.88713849368472,33.53757845004302,0.9914529914529915,1.0,956.1791440024095,2.587591964191943,957.5755290075444,297.47332131416766,0.8038421539362077
Hog_assembly_Colette,Hog,21,0.5,uninflated_2048,True,117,90.73675487563426,120.88713849368472,33.53757845004302,0.9230769230769231,0.9487179487179487,386.90337076547564,1.4458341212048766,535.0516590826832,186.1341203622553,0.5029777177059763
Hog_assembly_Colette,Hog,38,0.9047619047619048,individual_0,False,117,141.2516777654152,170.458504002489,111.70695997373215,1.0,1.0,921.9411775648288,2.491299652359446,921.9411775648288,363.02184464031285,0.9809695210058031
Hog_assembly_Colette,Hog,38,0.9047619047619048,individual_0,True,117,141.2516777654152,170.458504002489,111.70695997373215,0.8717948717948718,0.9316239316239316,488.150964005213,1.8314262393337812,677.7455542593634,208.25619230268506,0.5627567052117036
Hog_assembly_Colette,Hog,38,0.9047619047619048,individual_1,False,117,139.10201499346363,171.58221771031035,103.47775557495319,0.9914529914529915,1.0,927.130591937109,2.5109605917033093,929.2169902329457,359.13947967462167,0.9704784672111278
Hog_assembly_Colette,Hog,38,0.9047619047619048,individual_1,True,117,139.10201499346363,171.58221771031035,103.47775557495319,0.8632478632478633,0.9230769230769231,504.93686313249015,1.9113695970395912,707.3297406786802,212.78632398025002,0.5749981754357261
Hog_assembly_Colette,Hog,38,0.9047619047619048,individual_2,False,117,135.85507488894578,164.7397679741972,102.40875606062535,1.0,1.0,938.0753221375915,2.53489786637068,938.0753221375915,359.59554407087205,0.9717108593631231
Hog_assembly_Colette,Hog,38,0.9047619047619048,individual_2,True,117,135.85507488894578,164.7397679741972,102.40875606062535,0.8717948717948718,0.905982905982906,486.07962846445344,1.7698728987772663,654.9668575168912,205.4640844280443,0.5552117798447558
Hog_assembly_Colette,Hog,38,0.9047619047619048,individual_3,False,117,119.33765945925849,150.33204468318348,73.10562121420253,0.9914529914529915,1.0,921.6663383147611,2.504996859301513,927.0100254995036,330.09102963794487,0.8919827939089503
Hog_assembly_Colette,Hog,38,0.9047619047619048,individual_3,True,117,119.33765945925849,150.33204468318348,73.10562121420253,0.8888888888888888,0.9572649572649573,483.12607710869736,1.7062760572228306,631.4319339132328,206.535433296131,0.5581068138529666
Hog_assembly_Colette,Hog,38,0.9047619047619048,seasonal_naive,False,117,113.98798290598286,146.01901206455167,73.75234188034187,0.9316239316239316,0.9658119658119658,478.93673718683647,1.592621140672267,589.3723015035299,209.43423019247118,0.5659400377894309
Hog_assembly_Colette,Hog,38,0.9047619047619048,seasonal_naive,True,117,113.98798290598286,146.01901206455167,73.75234188034187,0.9658119658119658,0.9743589743589743,556.3384,1.7138450927608249,634.2329641025638,269.6832017094018,0.7287467823494318
Hog_assembly_Colette,Hog,38,0.9047619047619048,equal_weight,False,117,133.02076804718618,163.42195316265355,97.6747732058783,0.9914529914529915,1.0,926.7417348511395,2.50596776746744,927.3693239953527,352.57399490034857,0.9527369991720048
Hog_assembly_Colette,Hog,38,0.9047619047619048,equal_weight,True,117,133.02076804718618,163.42195316265355,97.6747732058783,0.8888888888888888,0.9316239316239316,499.8403775436185,1.7922792009846402,663.2586310987547,205.8410152926298,0.5562303347751102
Hog_assembly_Colette,Hog,38,0.9047619047619048,naive_independence,False,117,132.97391295037173,163.38062134130297,97.61282236609291,0.8632478632478633,0.9145299145299145,463.5652171621866,1.8128931672658444,670.8871250575509,253.26122337746511,0.6843707745248638
Hog_assembly_Colette,Hog,38,0.9047619047619048,naive_independence,True,117,132.97391295037173,163.38062134130297,97.61282236609291,0.8888888888888888,0.9316239316239316,500.02052964218217,1.7919364294125386,663.1317835609566,205.8244015435136,0.5561854405579901
Hog_assembly_Colette,Hog,38,0.9047619047619048,duplicate_aware_independence,False,117,132.97391295037173,163.38062134130297,97.61282236609291,0.8632478632478633,0.9145299145299145,463.5652171621866,1.8128931672658444,670.8871250575509,253.26122337746511,0.6843707745248638
Hog_assembly_Colette,Hog,38,0.9047619047619048,duplicate_aware_independence,True,117,132.97391295037173,163.38062134130297,97.61282236609291,0.8888888888888888,0.9316239316239316,500.02052964218217,1.7919364294125386,663.1317835609566,205.8244015435136,0.5561854405579901
Hog_assembly_Colette,Hog,38,0.9047619047619048,common_corrected,False,117,131.98343460619265,162.4335462269198,96.36158675362775,0.9914529914529915,1.0,910.773644508359,2.466723495003947,912.8464179557675,347.5472312229216,0.939153513688533
Hog_assembly_Colette,Hog,38,0.9047619047619048,common_corrected,True,117,131.98343460619265,162.4335462269198,96.36158675362775,0.8888888888888888,0.9316239316239316,500.3405198336062,1.786237155309707,661.022685415074,205.20174785406505,0.5545028853605307
Hog_assembly_Colette,Hog,38,0.9047619047619048,ci,False,117,129.76352325479783,155.43058744049938,97.16432937625713,1.0,1.0,921.5308618495462,2.4901908837918665,921.5308618495462,348.37424104925594,0.9413882867336926
Hog_assembly_Colette,Hog,38,0.9047619047619048,ci,True,117,129.76352325479783,155.43058744049938,97.16432937625713,0.8717948717948718,0.9401709401709402,458.71198299131606,1.659741870402224,614.2112904816887,194.8268916689979,0.5264676091020087
Hog_assembly_Colette,Hog,38,0.9047619047619048,ci_cleaned_mask,True,117,129.76352325479783,155.43058744049938,97.16432937625713,0.8717948717948718,0.9401709401709402,458.71198299131606,1.659741870402224,614.2112904816887,194.8268916689979,0.5264676091020087
Hog_assembly_Colette,Hog,38,0.9047619047619048,exact_lineage,False,117,127.7053996894904,157.23564416160974,91.3167598318071,0.9914529914529915,1.0,920.9574368269019,2.490196311765667,921.532870549123,344.5957506066632,0.9311779260782126
Hog_assembly_Colette,Hog,38,0.9047619047619048,exact_lineage,True,117,127.7053996894904,157.23564416160974,91.3167598318071,0.8888888888888888,0.9316239316239316,495.9627603180298,1.7282891739734352,639.5782035760186,202.45493685350257,0.5470803626906208
Hog_assembly_Colette,Hog,38,0.9047619047619048,exact_lineage_cleaned_mask,True,117,127.7053996894904,157.23564416160974,91.3167598318071,0.8888888888888888,0.9316239316239316,495.9627603180298,1.7282891739734352,639.5782035760186,202.45493685350257,0.5470803626906208
Hog_assembly_Colette,Hog,38,0.9047619047619048,shrinkage,False,117,138.7904818761579,168.1365364597465,107.27625074416275,0.6581196581196581,0.7692307692307693,339.07148317243576,2.297378045655826,850.1777049250454,234.72692362301194,0.6342867825537513
Hog_assembly_Colette,Hog,38,0.9047619047619048,shrinkage,True,117,138.7904818761579,168.1365364597465,107.27625074416275,0.8717948717948718,0.9145299145299145,492.0765218939865,1.8148243299930744,671.6017795300169,206.46979376081308,0.5579294405503114
Hog_assembly_Colette,Hog,38,0.9047619047619048,shrinkage_cleaned_mask,True,117,138.7904818761579,168.1365364597465,107.27625074416275,0.8717948717948718,0.9145299145299145,492.0765218939865,1.8148243299930744,671.6017795300169,206.46979376081308,0.5579294405503114
Hog_assembly_Colette,Hog,38,0.9047619047619048,pooled_privileged,False,117,107.92105758396632,139.36085560973982,60.06808155052694,0.9914529914529915,1.0,923.7354116830696,2.51040542735493,929.011543701212,317.0533551678614,0.8567519628480277
Hog_assembly_Colette,Hog,38,0.9047619047619048,pooled_privileged,True,117,107.92105758396632,139.36085560973982,60.06808155052694,0.8888888888888888,0.9316239316239316,417.18238559918325,1.6106983373749575,596.0620274862576,194.43926697133455,0.5254201569455866
Hog_assembly_Colette,Hog,38,0.9047619047619048,sketch_512,False,117,129.76352325479783,155.43058744049938,97.16432937625713,1.0,1.0,921.5308618495462,2.4901908837918665,921.5308618495462,348.37424104925594,0.9413882867336926
Hog_assembly_Colette,Hog,38,0.9047619047619048,sketch_512,True,117,129.76352325479783,155.43058744049938,97.16432937625713,0.8717948717948718,0.9401709401709402,458.71198299131606,1.659741870402224,614.2112904816887,194.8268916689979,0.5264676091020087
Hog_assembly_Colette,Hog,38,0.9047619047619048,uninflated_512,False,117,125.27462313815887,155.31571908229355,88.43008284860544,0.9914529914529915,1.0,921.1392554237606,2.492308948979662,922.314682258924,341.8918996367402,0.9238714914104463
Hog_assembly_Colette,Hog,38,0.9047619047619048,uninflated_512,True,117,125.27462313815887,155.31571908229355,88.43008284860544,0.8974358974358975,0.9230769230769231,500.6320682350905,1.7250141021080583,638.3662162467082,201.97798862883673,0.5457915375733373
Hog_assembly_Colette,Hog,38,0.9047619047619048,sketch_2048,False,117,129.76352325479783,155.43058744049938,97.16432937625713,1.0,1.0,921.5308618495462,2.4901908837918665,921.5308618495462,348.37424104925594,0.9413882867336926
Hog_assembly_Colette,Hog,38,0.9047619047619048,sketch_2048,True,117,129.76352325479783,155.43058744049938,97.16432937625713,0.8717948717948718,0.9401709401709402,458.71198299131606,1.659741870402224,614.2112904816887,194.8268916689979,0.5264676091020087
Hog_assembly_Colette,Hog,38,0.9047619047619048,sketch_2048_cleaned_mask,True,117,129.76352325479783,155.43058744049938,97.16432937625713,0.8717948717948718,0.9401709401709402,458.71198299131606,1.659741870402224,614.2112904816887,194.8268916689979,0.5264676091020087
Hog_assembly_Colette,Hog,38,0.9047619047619048,uninflated_2048,False,117,127.93109746858734,157.27021823910803,91.51414009033972,0.9914529914529915,1.0,920.5708704743761,2.4892246185460616,921.1732815328975,344.67955090381633,0.9314043739864367
Hog_assembly_Colette,Hog,38,0.9047619047619048,uninflated_2048,True,117,127.93109746858734,157.27021823910803,91.51414009033972,0.8974358974358975,0.9230769230769231,497.8023082885931,1.722827717512604,637.557113260388,202.43167465239654,0.5470175028087337
Lamb_assembly_Alden,Lamb,0,0.0,individual_0,False,117,1.0632554892309585,1.1239993574785738,1.0632554892309585,1.0,1.0,3.9017655088252754,1.7859485582723933,3.9017655088252754,2.0614624563566295,0.9435897399613968
Lamb_assembly_Alden,Lamb,0,0.0,individual_0,True,117,1.0632554892309585,1.1239993574785738,1.0632554892309585,0.7606837606837606,0.8034188034188035,2.7206786490582364,1.7273352189717601,3.7737128252353807,0.5839004626981534,0.2672677758752131
Lamb_assembly_Alden,Lamb,0,0.0,individual_1,False,117,0.9867122423016599,1.0781783474574285,0.9867122423016599,0.9914529914529915,1.0,3.985815511211354,1.8347804521915774,4.0084486484610515,2.006422115683215,0.9183962174777505
Lamb_assembly_Alden,Lamb,0,0.0,individual_1,True,117,0.9867122423016599,1.0781783474574285,0.9867122423016599,0.811965811965812,0.8632478632478633,2.87853186225366,1.7646121235772079,3.8551517558202573,0.6442926720883003,0.29491100021743927
Lamb_assembly_Alden,Lamb,0,0.0,individual_2,False,117,0.953287862893049,1.0542818579968378,0.953287862893049,0.9829059829059829,1.0,3.910028042625799,1.818516509172975,3.972916778512419,1.953608672787369,0.894222009165156
Lamb_assembly_Alden,Lamb,0,0.0,individual_2,True,117,0.953287862893049,1.0542818579968378,0.953287862893049,0.8205128205128205,0.8547008547008547,2.892217031557844,1.8298512979143176,3.9976799149174074,0.6711682285603062,0.307212703440091
Lamb_assembly_Alden,Lamb,0,0.0,individual_3,False,117,0.8276061622696848,0.9103409796257699,0.8276061622696848,0.9914529914529915,1.0,3.8945837942106887,1.7862116491850701,3.9023402840863057,1.823975797667456,0.8348853714555214
Lamb_assembly_Alden,Lamb,0,0.0,individual_3,True,117,0.8276061622696848,0.9103409796257699,0.8276061622696848,0.8461538461538461,0.905982905982906,2.4614987033876683,1.5361657056942277,3.356064394215215,0.553925789100827,0.25354751898772315
Lamb_assembly_Alden,Lamb,0,0.0,seasonal_naive,False,117,0.04786324786324787,0.07623624998624876,0.020512820512820516,1.0,1.0,2.68458272813133,1.2288095330240976,2.68458272813133,0.7073222089767486,0.3237614040358871
Lamb_assembly_Alden,Lamb,0,0.0,seasonal_naive,True,117,0.04786324786324787,0.07623624998624876,0.020512820512820516,0.9487179487179487,0.9487179487179487,0.20000000000000015,0.13849215734187723,0.30256410256410265,0.12051282051282039,0.05516213046667984
Lamb_assembly_Alden,Lamb,0,0.0,equal_weight,False,117,0.957715439173838,1.0286466573530397,0.957715439173838,1.0,1.0,3.919786030714249,1.7941970614215788,3.919786030714249,1.9605326809200951,0.8973913237521395
Lamb_assembly_Alden,Lamb,0,0.0,equal_weight,True,117,0.957715439173838,1.0286466573530397,0.957715439173838,0.8034188034188035,0.8290598290598291,2.6740173155587073,1.6939248554361264,3.7007211349222224,0.5631571339911186,0.25777296694466484
Lamb_assembly_Alden,Lamb,0,0.0,naive_independence,False,117,0.9571779883829589,1.0280587913801267,0.9571779883829589,0.6581196581196581,0.7435897435897436,1.9612436220167442,2.22383042309089,4.858406924489342,1.4589321412913747,0.6677945531229684
Lamb_assembly_Alden,Lamb,0,0.0,naive_independence,True,117,0.9571779883829589,1.0280587913801267,0.9571779883829589,0.8034188034188035,0.8376068376068376,2.671843338303667,1.693334384000759,3.699431130756206,0.5616004770988402,0.25706044100577874
Lamb_assembly_Alden,Lamb,0,0.0,duplicate_aware_independence,False,117,0.9571779883829589,1.0280587913801267,0.9571779883829589,0.6581196581196581,0.7435897435897436,1.9612436220167442,2.22383042309089,4.858406924489342,1.4589321412913747,0.6677945531229684
Lamb_assembly_Alden,Lamb,0,0.0,duplicate_aware_independence,True,117,0.9571779883829589,1.0280587913801267,0.9571779883829589,0.8034188034188035,0.8376068376068376,2.671843338303667,1.693334384000759,3.699431130756206,0.5616004770988402,0.25706044100577874
Lamb_assembly_Alden,Lamb,0,0.0,common_corrected,False,117,0.9479263602734322,1.019059074854944,0.9479263602734322,0.9914529914529915,1.0,3.8459496531702313,1.760832183629981,3.8468937132001564,1.931853695303089,0.8842641399427701
Lamb_assembly_Alden,Lamb,0,0.0,common_corrected,True,117,0.9479263602734322,1.019059074854944,0.9479263602734322,0.811965811965812,0.8290598290598291,2.672505684601861,1.669568905464554,3.647510640648142,0.5388924759259043,0.24666634585466776
Lamb_assembly_Alden,Lamb,0,0.0,ci,False,117,0.9149045296230519,1.0025290237416515,0.9149045296230519,0.9914529914529915,1.0,3.8871780563530214,1.7828218332620145,3.894934546228638,1.9093795203761081,0.8739770736856061
Lamb_assembly_Alden,Lamb,0,0.0,ci,True,117,0.9149045296230519,1.0025290237416515,0.9149045296230519,0.8376068376068376,0.8974358974358975,2.8086262241670785,1.6381611556561428,3.5788940646865064,0.531950882575635,0.2434889820156607
Lamb_assembly_Alden,Lamb,0,0.0,ci_cleaned_mask,True,117,0.9149045296230519,1.0025290237416515,0.9149045296230519,0.8376068376068376,0.8974358974358975,2.8086262241670785,1.6381611556561428,3.5788940646865064,0.531950882575635,0.2434889820156607
Lamb_assembly_Alden,Lamb,0,0.0,exact_lineage,False,117,0.9479263602734325,1.019059074854944,0.9479263602734325,0.9914529914529915,1.0,3.8459496531702313,1.760832183629981,3.846893713200157,1.931853695303089,0.8842641399427701
Lamb_assembly_Alden,Lamb,0,0.0,exact_lineage,True,117,0.9479263602734325,1.019059074854944,0.9479263602734325,0.811965811965812,0.8290598290598291,2.672505684601861,1.669568905464554,3.647510640648142,0.5388924759259043,0.24666634585466776
Lamb_assembly_Alden,Lamb,0,0.0,exact_lineage_cleaned_mask,True,117,0.9479263602734325,1.019059074854944,0.9479263602734325,0.811965811965812,0.8290598290598291,2.672505684601861,1.669568905464554,3.647510640648142,0.5388924759259043,0.24666634585466776
Lamb_assembly_Alden,Lamb,0,0.0,shrinkage,False,117,0.918615356604518,0.9873126317390142,0.918615356604518,0.042735042735042736,0.15384615384615385,0.9415202663565373,4.558288541328139,9.958502403357006,1.159488901527025,0.5307309030568816
Lamb_assembly_Alden,Lamb,0,0.0,shrinkage,True,117,0.918615356604518,0.9873126317390142,0.918615356604518,0.8376068376068376,0.8717948717948718,2.623916285629384,1.5765522370871774,3.444296932873849,0.5548866895324965,0.2539873503247684
Lamb_assembly_Alden,Lamb,0,0.0,shrinkage_cleaned_mask,True,117,0.918615356604518,0.9873126317390142,0.918615356604518,0.8376068376068376,0.8717948717948718,2.623916285629384,1.5765522370871774,3.444296932873849,0.5548866895324965,0.2539873503247684
Lamb_assembly_Alden,Lamb,0,0.0,pooled_privileged,False,117,0.9712317806616726,1.043819714720357,0.9712317806616726,0.9914529914529915,1.0,3.842457529400449,1.7610789206593247,3.8474327600984473,1.9542657092912834,0.8945227533780629
Lamb_assembly_Alden,Lamb,0,0.0,pooled_privileged,True,117,0.9712317806616726,1.043819714720357,0.9712317806616726,0.8034188034188035,0.8290598290598291,2.743043727126704,1.7249694396593944,3.7685443022789245,0.5496395308611106,0.2515855772189803
Lamb_assembly_Alden,Lamb,0,0.0,sketch_512,False,117,0.9454298974162849,1.016198886010202,0.9454298974162849,0.9914529914529915,1.0,3.883129998645529,1.7785422877669819,3.885585014334999,1.938869254583006,0.8874753600822435
Lamb_assembly_Alden,Lamb,0,0.0,sketch_512,True,117,0.9454298974162849,1.016198886010202,0.9454298974162849,0.8205128205128205,0.8461538461538461,2.678594230071532,1.6460603645221181,3.596151482632566,0.5458114618510842,0.24983336163504521
Lamb_assembly_Alden,Lamb,0,0.0,uninflated_512,False,117,0.9486717326714318,1.0183786640137027,0.9486717326714318,1.0,1.0,3.8461714504709885,1.760501583526788,3.8461714504709885,1.9326558111446401,0.8846312910766724
Lamb_assembly_Alden,Lamb,0,0.0,uninflated_512,True,117,0.9486717326714318,1.0183786640137027,0.9486717326714318,0.811965811965812,0.8290598290598291,2.6461486663989118,1.6681260063902512,3.644358336056415,0.5361562831925656,0.24541391296083842
Lamb_assembly_Alden,Lamb,0,0.0,sketch_2048,False,117,0.9447822134438654,1.0165330403587365,0.9447822134438654,0.9914529914529915,1.0,3.863159616073765,1.7697311036616612,3.866335202197461,1.9331124539878133,0.884840309436583
Lamb_assembly_Alden,Lamb,0,0.0,sketch_2048,True,117,0.9447822134438654,1.0165330403587365,0.9447822134438654,0.8205128205128205,0.8290598290598291,2.698481891963763,1.6555461475282962,3.6168750923839625,0.5396487575003345,0.24701251734663635
Lamb_assembly_Alden,Lamb,0,0.0,sketch_2048_cleaned_mask,True,117,0.9447822134438654,1.0165330403587365,0.9447822134438654,0.8205128205128205,0.8290598290598291,2.698481891963763,1.6555461475282962,3.6168750923839625,0.5396487575003345,0.24701251734663635
Lamb_assembly_Alden,Lamb,0,0.0,uninflated_2048,False,117,0.9485556705345702,1.0198111228141455,0.9485556705345702,0.9914529914529915,1.0,3.8460540873307023,1.7613473074010033,3.84801910516805,1.9325097234452349,0.8845644225999421
Lamb_assembly_Alden,Lamb,0,0.0,uninflated_2048,True,117,0.9485556705345702,1.0198111228141455,0.9485556705345702,0.811965811965812,0.8290598290598291,2.6840102505380155,1.6676873565819628,3.643400016913064,0.5395737875132404,0.24697820146064536
Lamb_assembly_Alden,Lamb,21,0.5,individual_0,False,117,0.5517405454670177,0.6628952225161946,0.5478268589501879,1.0,1.0,3.7558371364929264,1.7191530100549244,3.7558371364929264,1.5087002862631818,0.6905748423431299
Lamb_assembly_Alden,Lamb,21,0.5,individual_0,True,117,0.5517405454670177,0.6628952225161946,0.5478268589501879,0.8461538461538461,0.8803418803418803,1.9691037012029105,1.2464179161677222,2.723051799201571,0.5484258236800686,0.25103002907411
Lamb_assembly_Alden,Lamb,21,0.5,individual_1,False,117,1.1581880035507435,1.2430794796652183,1.1581880035507435,0.8888888888888888,0.9914529914529915,3.7247300117251596,1.8903511629569671,4.12985409519746,2.111103149260141,0.9663116907608854
Lamb_assembly_Alden,Lamb,21,0.5,individual_1,True,117,1.1581880035507435,1.2430794796652183,1.1581880035507435,0.811965811965812,0.8461538461538461,3.30288180931719,1.982206834635149,4.330531371081934,0.6028668754919128,0.2759492400759697
Lamb_assembly_Alden,Lamb,21,0.5,individual_2,False,117,0.7668686884926005,0.8776513912633777,0.7668686884926005,0.9829059829059829,1.0,3.7134068287531172,1.7013123132831747,3.7168605293588666,1.7168869712031405,0.7858677831872277
Lamb_assembly_Alden,Lamb,21,0.5,individual_2,True,117,0.7668686884926005,0.8776513912633777,0.7668686884926005,0.8803418803418803,0.9145299145299145,2.770106737604046,1.5392354558358006,3.362770883698141,0.49552736242855666,0.22681690545269337
Lamb_assembly_Alden,Lamb,21,0.5,individual_3,False,117,1.177995265281372,1.2303342683283287,1.177995265281372,0.9401709401709402,1.0,3.687320926810146,1.7590797734416628,3.843065219037532,2.1213398693701873,0.9709973274247553
Lamb_assembly_Alden,Lamb,21,0.5,individual_3,True,117,1.177995265281372,1.2303342683283287,1.177995265281372,0.8376068376068376,0.8888888888888888,3.1405152090467516,1.8048802942858688,3.9431257116471405,0.48139585158688714,0.22034851278357856
Lamb_assembly_Alden,Lamb,21,0.5,seasonal_naive,False,117,0.04786324786324787,0.07623624998624876,0.020512820512820516,1.0,1.0,2.68458272813133,1.2288095330240976,2.68458272813133,0.7073222089767486,0.3237614040358871
Lamb_assembly_Alden,Lamb,21,0.5,seasonal_naive,True,117,0.04786324786324787,0.07623624998624876,0.020512820512820516,0.9487179487179487,0.9487179487179487,0.20000000000000015,0.13849215734187723,0.30256410256410265,0.12051282051282039,0.05516213046667984
Lamb_assembly_Alden,Lamb,21,0.5,equal_weight,False,117,0.9127197040687259,0.9878939166248917,0.9127197040687259,1.0,1.0,3.7184895260843747,1.702057951212151,3.7184895260843747,1.8640383170724057,0.8532231210230427
Lamb_assembly_Alden,Lamb,21,0.5,equal_weight,True,117,0.9127197040687259,0.9878939166248917,0.9127197040687259,0.8461538461538461,0.905982905982906,2.841725617666565,1.5889359769228626,3.4713517149040114,0.47356562603260377,0.2167643968217174
Lamb_assembly_Alden,Lamb,21,0.5,naive_independence,False,117,0.9148331038944373,0.9898278372888081,0.9148331038944373,0.6752136752136753,0.7435897435897436,1.8600145390935654,2.196888258049496,4.799546320803603,1.3906893458133014,0.6365578932260908
Lamb_assembly_Alden,Lamb,21,0.5,naive_independence,True,117,0.9148331038944373,0.9898278372888081,0.9148331038944373,0.8461538461538461,0.905982905982906,2.845066956146936,1.59107600582225,3.4760270404663536,0.4741065962216067,0.21701201419568128
Lamb_assembly_Alden,Lamb,21,0.5,duplicate_aware_independence,False,117,0.9148331038944373,0.9898278372888081,0.9148331038944373,0.6752136752136753,0.7435897435897436,1.8600145390935654,2.196888258049496,4.799546320803603,1.3906893458133014,0.6365578932260908
Lamb_assembly_Alden,Lamb,21,0.5,duplicate_aware_independence,True,117,0.9148331038944373,0.9898278372888081,0.9148331038944373,0.8461538461538461,0.905982905982906,2.845066956146936,1.59107600582225,3.4760270404663536,0.4741065962216067,0.21701201419568128
Lamb_assembly_Alden,Lamb,21,0.5,common_corrected,False,117,0.9569974396821346,1.0284498107888926,0.9569974396821346,0.9658119658119658,1.0,3.6474885057153026,1.6744956021508195,3.6582740050876588,1.8901515286914499,0.8651758774194502
Lamb_assembly_Alden,Lamb,21,0.5,common_corrected,True,117,0.9569974396821346,1.0284498107888926,0.9569974396821346,0.8461538461538461,0.905982905982906,2.9128853268940182,1.6260563383584103,3.5524486453018564,0.4594247765565553,0.21029172959520862
Lamb_assembly_Alden,Lamb,21,0.5,ci,False,117,1.177995265281372,1.2303342683283287,1.177995265281372,0.9401709401709402,1.0,3.687320926810146,1.7590797734416628,3.843065219037532,2.1213398693701873,0.9709973274247553
Lamb_assembly_Alden,Lamb,21,0.5,ci,True,117,1.177995265281372,1.2303342683283287,1.177995265281372,0.8376068376068376,0.8888888888888888,3.1405152090467516,1.8048802942858688,3.9431257116471405,0.48139585158688714,0.22034851278357856
Lamb_assembly_Alden,Lamb,21,0.5,ci_cleaned_mask,True,117,1.177995265281372,1.2303342683283287,1.177995265281372,0.8376068376068376,0.8888888888888888,3.1405152090467516,1.8048802942858688,3.9431257116471405,0.48139585158688714,0.22034851278357856
Lamb_assembly_Alden,Lamb,21,0.5,exact_lineage,False,117,1.01498107192265,1.0805475575179797,1.01498107192265,0.9487179487179487,1.0,3.6665684985511366,1.7005832348494478,3.715267710196877,1.953016484973187,0.8939509480338368
Lamb_assembly_Alden,Lamb,21,0.5,exact_lineage,True,117,1.01498107192265,1.0805475575179797,1.01498107192265,0.8461538461538461,0.905982905982906,2.9879446219709864,1.675091406001941,3.659575658993402,0.4597460368958338,0.21043877954950926
Lamb_assembly_Alden,Lamb,21,0.5,exact_lineage_cleaned_mask,True,117,1.01498107192265,1.0805475575179797,1.01498107192265,0.8461538461538461,0.905982905982906,2.9879446219709864,1.675091406001941,3.659575658993402,0.4597460368958338,0.21043877954950926
Lamb_assembly_Alden,Lamb,21,0.5,shrinkage,False,117,0.785597284113689,0.8629679429584769,0.785597284113689,0.18803418803418803,0.28205128205128205,0.9440514081763843,3.4300339108523805,7.493602178783293,1.0271183829175452,0.47014116840121134
Lamb_assembly_Alden,Lamb,21,0.5,shrinkage,True,117,0.785597284113689,0.8629679429584769,0.785597284113689,0.8632478632478633,0.8888888888888888,2.499401698483292,1.4409923297039384,3.148138922858647,0.4766102902620589,0.21815802585419508
Lamb_assembly_Alden,Lamb,21,0.5,shrinkage_cleaned_mask,True,117,0.785597284113689,0.8629679429584769,0.785597284113689,0.8632478632478633,0.8888888888888888,2.499401698483292,1.4409923297039384,3.148138922858647,0.4766102902620589,0.21815802585419508
Lamb_assembly_Alden,Lamb,21,0.5,pooled_privileged,False,117,0.8292454662123352,0.9213564052455939,0.8292454662123352,1.0,1.0,3.6582604818441373,1.674489412179327,3.6582604818441373,1.7651554003889713,0.8079616100252383
Lamb_assembly_Alden,Lamb,21,0.5,pooled_privileged,True,117,0.8292454662123352,0.9213564052455939,0.8292454662123352,0.8034188034188035,0.8632478632478633,2.554159729322925,1.617289619112912,3.5332959756355318,0.5514443035749456,0.2524116727951989
Lamb_assembly_Alden,Lamb,21,0.5,sketch_512,False,117,1.1326691440634986,1.1946783119395679,1.1326691440634986,0.9401709401709402,1.0,3.6867901093187943,1.7588368032449047,3.8425344015461813,2.0758779466242774,0.9501881180551247
Lamb_assembly_Alden,Lamb,21,0.5,sketch_512,True,117,1.1326691440634986,1.1946783119395679,1.1326691440634986,0.8376068376068376,0.8888888888888888,3.1400631083378885,1.8046733549894498,3.9426736109382774,0.48656196745168184,0.22271319030193001
Lamb_assembly_Alden,Lamb,21,0.5,uninflated_512,False,117,1.009681393335126,1.0732973236205592,1.009681393335126,0.9487179487179487,1.0,3.663407310955389,1.6979323002617683,3.7094762079207055,1.9469080649389179,0.8911549512142305
Lamb_assembly_Alden,Lamb,21,0.5,uninflated_512,True,117,1.009681393335126,1.0732973236205592,1.009681393335126,0.8461538461538461,0.905982905982906,2.959976648964182,1.6620254725627226,3.6310304871867376,0.4587799734588017,0.20999658495871065
Lamb_assembly_Alden,Lamb,21,0.5,sketch_2048,False,117,1.0756981612760301,1.1399349675021608,1.0756981612760301,0.9401709401709402,1.0,3.681669184090684,1.7286681591237087,3.7766249023420317,2.017596853521551,0.9235112114173674
Lamb_assembly_Alden,Lamb,21,0.5,sketch_2048,True,117,1.0756981612760301,1.1399349675021608,1.0756981612760301,0.8717948717948718,0.8974358974358975,3.121308508769506,1.7139621947125103,3.7444967514790912,0.47173292061214817,0.21592551565471815
Lamb_assembly_Alden,Lamb,21,0.5,sketch_2048_cleaned_mask,True,117,1.0756981612760301,1.1399349675021608,1.0756981612760301,0.8717948717948718,0.8974358974358975,3.121308508769506,1.7139621947125103,3.7444967514790912,0.47173292061214817,0.21592551565471815
Lamb_assembly_Alden,Lamb,21,0.5,uninflated_2048,False,117,1.0070075147269715,1.0741431815705151,1.0070075147269715,0.9487179487179487,1.0,3.6679973776309787,1.701577774624684,3.71744048330067,1.9454084846131128,0.8904685508360356
Lamb_assembly_Alden,Lamb,21,0.5,uninflated_2048,True,117,1.0070075147269715,1.0741431815705151,1.0070075147269715,0.8547008547008547,0.905982905982906,2.986606667731259,1.6723459217606218,3.6535775938933828,0.4567569708070448,0.20907059936036693
Lamb_assembly_Alden,Lamb,38,0.9047619047619048,individual_0,False,117,1.1767123203397578,1.2352548915794497,1.1767123203397578,0.9487179487179487,1.0,3.8572620728657943,1.835668571201009,4.0103889238976995,2.163533764748776,0.9903106681288139
Lamb_assembly_Alden,Lamb,38,0.9047619047619048,individual_0,True,117,1.1767123203397578,1.2352548915794497,1.1767123203397578,0.8717948717948718,0.8717948717948718,3.4126749084872046,1.835177537500913,4.00931616155758,0.4877419295487619,0.22325329236632357
Lamb_assembly_Alden,Lamb,38,0.9047619047619048,individual_1,False,117,1.032561752654172,1.091908757555944,1.032561752654172,0.9829059829059829,1.0,3.8655144306291804,1.7716651349234707,3.8705604842949577,2.021494436448538,0.9252952454894957
Lamb_assembly_Alden,Lamb,38,0.9047619047619048,individual_1,True,117,1.032561752654172,1.091908757555944,1.032561752654172,0.8717948717948718,0.8888888888888888,3.087985360473532,1.6532783151246782,3.611920554241614,0.4486125910925224,0.20534268614357457
Lamb_assembly_Alden,Lamb,38,0.9047619047619048,individual_2,False,117,1.2524792578660195,1.3016920080545586,1.2524792578660195,0.9316239316239316,1.0,3.861136116071049,1.8457093259577433,4.032324981580288,2.240291816915239,1.025445002135412
Lamb_assembly_Alden,Lamb,38,0.9047619047619048,individual_2,True,117,1.2524792578660195,1.3016920080545586,1.2524792578660195,0.8803418803418803,0.905982905982906,3.5283392563646365,1.8298477305113185,3.997672121204698,0.43792629591207477,0.20045126623952716
Lamb_assembly_Alden,Lamb,38,0.9047619047619048,individual_3,False,117,1.0537777060957465,1.1131516947529843,1.0537777060957465,0.9829059829059829,1.0,3.8354491213279442,1.7686164772743203,3.8639000756238486,2.035018640822825,0.931485656791612
Lamb_assembly_Alden,Lamb,38,0.9047619047619048,individual_3,True,117,1.0537777060957465,1.1131516947529843,1.0537777060957465,0.8717948717948718,0.905982905982906,3.156791098577493,1.6670472058997536,3.6420014783937296,0.4489258115960765,0.20548605603740303
Lamb_assembly_Alden,Lamb,38,0.9047619047619048,seasonal_naive,False,117,0.04786324786324787,0.07623624998624876,0.020512820512820516,1.0,1.0,2.68458272813133,1.2288095330240976,2.68458272813133,0.7073222089767486,0.3237614040358871
Lamb_assembly_Alden,Lamb,38,0.9047619047619048,seasonal_naive,True,117,0.04786324786324787,0.07623624998624876,0.020512820512820516,0.9487179487179487,0.9487179487179487,0.20000000000000015,0.13849215734187723,0.30256410256410265,0.12051282051282039,0.05516213046667984
Lamb_assembly_Alden,Lamb,38,0.9047619047619048,equal_weight,False,117,1.1288827592389241,1.1845410665972491,1.1288827592389241,0.9572649572649573,1.0,3.854523816723089,1.7960486212866358,3.923831137380699,2.1150036627381303,0.9680970662291908
Lamb_assembly_Alden,Lamb,38,0.9047619047619048,equal_weight,True,117,1.1288827592389241,1.1845410665972491,1.1288827592389241,0.8717948717948718,0.905982905982906,3.3197129291131913,1.7429515842872632,3.807829930836779,0.43918591326730877,0.20102782877114694
Lamb_assembly_Alden,Lamb,38,0.9047619047619048,naive_independence,False,117,1.1287388477565488,1.184404352919343,1.1287388477565488,0.36752136752136755,0.6410256410256411,1.9273879711216526,2.9143343306949365,6.366952239481347,1.6218315507332315,0.7423582255881802
Lamb_assembly_Alden,Lamb,38,0.9047619047619048,naive_independence,True,117,1.1287388477565488,1.184404352919343,1.1287388477565488,0.8717948717948718,0.905982905982906,3.3198580413937617,1.7427040116531145,3.807289058390943,0.4391924446604963,0.20103081837475598
Lamb_assembly_Alden,Lamb,38,0.9047619047619048,duplicate_aware_independence,False,117,1.1287388477565488,1.184404352919343,1.1287388477565488,0.36752136752136755,0.6410256410256411,1.9273879711216526,2.9143343306949365,6.366952239481347,1.6218315507332315,0.7423582255881802
Lamb_assembly_Alden,Lamb,38,0.9047619047619048,duplicate_aware_independence,True,117,1.1287388477565488,1.184404352919343,1.1287388477565488,0.8717948717948718,0.905982905982906,3.3198580413937617,1.7427040116531145,3.807289058390943,0.4391924446604963,0.20103081837475598
Lamb_assembly_Alden,Lamb,38,0.9047619047619048,common_corrected,False,117,1.1258585902411309,1.1816638472325123,1.1258585902411309,0.9487179487179487,1.0,3.7584120227603623,1.7717610487684328,3.870770027470408,2.0873907627826367,0.955457860015058
Lamb_assembly_Alden,Lamb,38,0.9047619047619048,common_corrected,True,117,1.1258585902411309,1.1816638472325123,1.1258585902411309,0.8717948717948718,0.8974358974358975,3.3003443973026885,1.7427023262894479,3.8072853763734553,0.44438220000225903,0.2034063163511062
Lamb_assembly_Alden,Lamb,38,0.9047619047619048,ci,False,117,1.0537777060957465,1.1131516947529843,1.0537777060957465,0.9829059829059829,1.0,3.8354491213279442,1.7686164772743203,3.8639000756238486,2.035018640822825,0.931485656791612
Lamb_assembly_Alden,Lamb,38,0.9047619047619048,ci,True,117,1.0537777060957465,1.1131516947529843,1.0537777060957465,0.8717948717948718,0.9145299145299145,3.168484247110897,1.6655385903512174,3.6387056028848344,0.44686646465720115,0.20454343462969715
Lamb_assembly_Alden,Lamb,38,0.9047619047619048,ci_cleaned_mask,True,117,1.0537777060957465,1.1131516947529843,1.0537777060957465,0.8717948717948718,0.9145299145299145,3.168484247110897,1.6655385903512174,3.6387056028848344,0.44686646465720115,0.20454343462969715
Lamb_assembly_Alden,Lamb,38,0.9047619047619048,exact_lineage,False,117,1.1049739259271782,1.1625262734455448,1.1049739259271782,0.9572649572649573,1.0,3.8303897179409234,1.7756702432245195,3.8793104526833293,2.084920489760106,0.9543271461028178
Lamb_assembly_Alden,Lamb,38,0.9047619047619048,exact_lineage,True,117,1.1049739259271782,1.1625262734455448,1.1049739259271782,0.8717948717948718,0.905982905982906,3.262601941810777,1.7151709070445689,3.74713742781071,0.4537909646886734,0.20771297437266556
Lamb_assembly_Alden,Lamb,38,0.9047619047619048,exact_lineage_cleaned_mask,True,117,1.1049739259271782,1.1625262734455448,1.1049739259271782,0.8717948717948718,0.905982905982906,3.262601941810777,1.7151709070445689,3.74713742781071,0.4537909646886734,0.20771297437266556
Lamb_assembly_Alden,Lamb,38,0.9047619047619048,shrinkage,False,117,1.0838356770976727,1.1405652410672529,1.0838356770976727,0.0,0.008547008547008548,0.9347776120506188,6.071177954654528,13.263715033497887,1.322984217149983,0.6055673386552433
Lamb_assembly_Alden,Lamb,38,0.9047619047619048,shrinkage,True,117,1.0838356770976727,1.1405652410672529,1.0838356770976727,0.8717948717948718,0.905982905982906,3.191610986344544,1.6967985853854681,3.706999378685787,0.43635417942227966,0.19973166400509376
Lamb_assembly_Alden,Lamb,38,0.9047619047619048,shrinkage_cleaned_mask,True,117,1.0838356770976727,1.1405652410672529,1.0838356770976727,0.8717948717948718,0.905982905982906,3.191610986344544,1.6967985853854681,3.706999378685787,0.43635417942227966,0.19973166400509376
Lamb_assembly_Alden,Lamb,38,0.9047619047619048,pooled_privileged,False,117,1.2675148094085273,1.3124307475119155,1.2675148094085273,0.9316239316239316,1.0,3.797563242833628,1.8209822906476452,3.978303776399679,2.2390632221777467,1.0248826395343889
Lamb_assembly_Alden,Lamb,38,0.9047619047619048,pooled_privileged,True,117,1.2675148094085273,1.3124307475119155,1.2675148094085273,0.8547008547008547,0.8974358974358975,3.428088049820935,1.8264450801813477,3.990238343991699,0.4410922566152633,0.20190041610274098
Lamb_assembly_Alden,Lamb,38,0.9047619047619048,sketch_512,False,117,1.0537777060957465,1.1131516947529843,1.0537777060957465,0.9829059829059829,1.0,3.8354491213279442,1.7686164772743203,3.8639000756238486,2.035018640822825,0.931485656791612
Lamb_assembly_Alden,Lamb,38,0.9047619047619048,sketch_512,True,117,1.0537777060957465,1.1131516947529843,1.0537777060957465,0.8717948717948718,0.9145299145299145,3.168484247110897,1.6655385903512174,3.6387056028848344,0.44686646465720115,0.20454343462969715
Lamb_assembly_Alden,Lamb,38,0.9047619047619048,uninflated_512,False,117,1.1066480369700917,1.164332744607265,1.1066480369700917,0.9572649572649573,1.0,3.8217153772106536,1.7766151644628796,3.8813748240669916,2.0843754035363995,0.9540776447032178
Lamb_assembly_Alden,Lamb,38,0.9047619047619048,uninflated_512,True,117,1.1066480369700917,1.164332744607265,1.1066480369700917,0.8717948717948718,0.905982905982906,3.260198359540066,1.7206061590105084,3.7590118340214866,0.4514768050312827,0.20665371796825557
Lamb_assembly_Alden,Lamb,38,0.9047619047619048,sketch_2048,False,117,1.0537777060957465,1.1131516947529843,1.0537777060957465,0.9829059829059829,1.0,3.8354491213279442,1.7686164772743203,3.8639000756238486,2.035018640822825,0.931485656791612
Lamb_assembly_Alden,Lamb,38,0.9047619047619048,sketch_2048,True,117,1.0537777060957465,1.1131516947529843,1.0537777060957465,0.8717948717948718,0.9145299145299145,3.168484247110897,1.6655385903512174,3.6387056028848344,0.44686646465720115,0.20454343462969715
Lamb_assembly_Alden,Lamb,38,0.9047619047619048,sketch_2048_cleaned_mask,True,117,1.0537777060957465,1.1131516947529843,1.0537777060957465,0.8717948717948718,0.9145299145299145,3.168484247110897,1.6655385903512174,3.6387056028848344,0.44686646465720115,0.20454343462969715
Lamb_assembly_Alden,Lamb,38,0.9047619047619048,uninflated_2048,False,117,1.1087550033587548,1.1662716753946802,1.1087550033587548,0.9572649572649573,1.0,3.8277843451094418,1.777173440593047,3.8825944910831542,2.088035022442526,0.9557527559046571
Lamb_assembly_Alden,Lamb,38,0.9047619047619048,uninflated_2048,True,117,1.1087550033587548,1.1662716753946802,1.1087550033587548,0.8717948717948718,0.905982905982906,3.263572450821043,1.7208908451254226,3.7596337883655067,0.4556599452832057,0.20856845971403068
Moose_education_Abbie,Moose,0,0.0,individual_0,False,117,120.90358036651149,134.98099535197295,116.79116747864123,0.8974358974358975,0.9487179487179487,390.96711174381045,0.3539064010351123,463.49240182711225,220.2950712763239,0.16820952303390446
Moose_education_Abbie,Moose,0,0.0,individual_0,True,117,120.90358036651149,134.98099535197295,116.79116747864123,0.8205128205128205,0.9316239316239316,354.50592664534474,0.366058166933452,479.4069237068775,94.33892876451728,0.0720338685703243
Moose_education_Abbie,Moose,0,0.0,individual_1,False,117,66.54944831523342,81.92789152112795,49.778988264329165,0.9914529914529915,0.9914529914529915,381.32852111415997,0.2991908210195536,391.83431504314706,153.94484335024893,0.1175468362657715
Moose_education_Abbie,Moose,0,0.0,individual_1,True,117,66.54944831523342,81.92789152112795,49.778988264329165,0.811965811965812,0.8974358974358975,205.14830918764997,0.28293552698738583,370.54562048622705,101.19511835758264,0.07726901239173531
Moose_education_Abbie,Moose,0,0.0,individual_2,False,117,101.62318955565924,121.60165921027193,83.56924102144613,0.905982905982906,0.9572649572649573,393.7131022874613,0.34945615025062976,457.66414492415737,191.81676457615936,0.14646449551651958
Moose_education_Abbie,Moose,0,0.0,individual_2,True,117,101.62318955565924,121.60165921027193,83.56924102144613,0.7094017094017094,0.7863247863247863,274.13603967176067,0.42853706833350025,561.2322198550379,128.41950500413793,0.09805659091619334
Moose_education_Abbie,Moose,0,0.0,individual_3,False,117,118.77448085986967,132.82764725574228,114.8070003027347,0.8974358974358975,0.9658119658119658,392.682333269923,0.3424396576506683,448.47501752197843,219.005029895809,0.16722449307361895
Moose_education_Abbie,Moose,0,0.0,individual_3,True,117,118.77448085986967,132.82764725574228,114.8070003027347,0.7692307692307693,0.8461538461538461,333.7890090903345,0.3740877049647081,489.9227828628123,97.07697261827006,0.07412454199309901
Moose_education_Abbie,Moose,0,0.0,seasonal_naive,False,117,38.3696846153846,56.076081127485395,8.211867521367509,0.9914529914529915,0.9914529914529915,490.1531211417151,0.38073630600228425,498.6301022407138,141.52898285812913,0.10806652443067223
Moose_education_Abbie,Moose,0,0.0,seasonal_naive,True,117,38.3696846153846,56.076081127485395,8.211867521367509,0.9316239316239316,0.9914529914529915,164.66680000000036,0.17930734264587633,234.82929572649584,86.09393418803421,0.06573828239541744
Moose_education_Abbie,Moose,0,0.0,equal_weight,False,117,98.7226023480077,113.52700790850957,91.23659926678778,0.9316239316239316,0.9914529914529915,388.70799819992044,0.3169877322659238,415.14198372209165,195.57018665112176,0.1493304758279103
Moose_education_Abbie,Moose,0,0.0,equal_weight,True,117,98.7226023480077,113.52700790850957,91.23659926678778,0.7863247863247863,0.8632478632478633,283.1420393658457,0.3503679282461552,458.858252100075,96.83970097151943,0.07394336975761431
Moose_education_Abbie,Moose,0,0.0,naive_independence,False,117,98.26303270469901,113.02853297716076,90.72916876874424,0.5470085470085471,0.6410256410256411,194.78495581938105,0.5071565188998428,664.1959353084545,148.07385099254824,0.11306395419989994
Moose_education_Abbie,Moose,0,0.0,naive_independence,True,117,98.26303270469901,113.02853297716076,90.72916876874424,0.7863247863247863,0.8632478632478633,283.2108332918717,0.3480673766623847,455.84534197476995,96.78627768093062,0.07390257762287983
Moose_education_Abbie,Moose,0,0.0,duplicate_aware_independence,False,117,98.26303270469901,113.02853297716076,90.72916876874424,0.5470085470085471,0.6410256410256411,194.78495581938105,0.5071565188998428,664.1959353084545,148.07385099254824,0.11306395419989994
Moose_education_Abbie,Moose,0,0.0,duplicate_aware_independence,True,117,98.26303270469901,113.02853297716076,90.72916876874424,0.7863247863247863,0.8632478632478633,283.2108332918717,0.3480673766623847,455.84534197476995,96.78627768093062,0.07390257762287983
Moose_education_Abbie,Moose,0,0.0,common_corrected,False,117,78.1299898515467,92.69268399375927,66.56832322984556,0.9743589743589743,0.9914529914529915,380.7517336789716,0.2994343042904129,392.1531921408352,169.7957816930906,0.1296500520247152
Moose_education_Abbie,Moose,0,0.0,common_corrected,True,117,78.1299898515467,92.69268399375927,66.56832322984556,0.811965811965812,0.8717948717948718,240.67464767166666,0.30130468595746457,394.60273159154764,97.3897223416324,0.07436334661769171
Moose_education_Abbie,Moose,0,0.0,ci,False,117,66.54944831523342,81.92789152112795,49.778988264329165,0.9914529914529915,0.9914529914529915,381.32852111415997,0.2991908210195536,391.83431504314706,153.94484335024893,0.1175468362657715
Moose_education_Abbie,Moose,0,0.0,ci,True,117,66.54944831523342,81.92789152112795,49.778988264329165,0.811965811965812,0.8974358974358975,205.14830918764997,0.28293552698738583,370.54562048622705,101.19511835758264,0.07726901239173531
Moose_education_Abbie,Moose,0,0.0,ci_cleaned_mask,True,117,66.54944831523342,81.92789152112795,49.778988264329165,0.811965811965812,0.8974358974358975,205.14830918764997,0.28293552698738583,370.54562048622705,101.19511835758264,0.07726901239173531
Moose_education_Abbie,Moose,0,0.0,exact_lineage,False,117,78.1299898515467,92.69268399375929,66.56832322984559,0.9743589743589743,0.9914529914529915,380.7517336789716,0.2994343042904129,392.1531921408352,169.79578169309056,0.12965005202471516
Moose_education_Abbie,Moose,0,0.0,exact_lineage,True,117,78.1299898515467,92.69268399375929,66.56832322984559,0.811965811965812,0.8717948717948718,240.67464767166635,0.30130468595746485,394.60273159154804,97.38972234163238,0.07436334661769169
Moose_education_Abbie,Moose,0,0.0,exact_lineage_cleaned_mask,True,117,78.1299898515467,92.69268399375929,66.56832322984559,0.811965811965812,0.8717948717948718,240.67464767166635,0.30130468595746485,394.60273159154804,97.38972234163238,0.07436334661769169
Moose_education_Abbie,Moose,0,0.0,shrinkage,False,117,101.735664317262,121.53508612326318,85.51830264189135,1.0,1.0,559.9371981630904,0.4275482355835936,559.9371981630904,232.51687419131233,0.1775416593682934
Moose_education_Abbie,Moose,0,0.0,shrinkage,True,117,101.735664317262,121.53508612326318,85.51830264189135,0.717948717948718,0.7863247863247863,270.821217085558,0.430921982160671,564.3556147263174,125.40163996610481,0.09575225593635393
Moose_education_Abbie,Moose,0,0.0,shrinkage_cleaned_mask,True,117,101.735664317262,121.53508612326318,85.51830264189135,0.717948717948718,0.7863247863247863,270.821217085558,0.430921982160671,564.3556147263174,125.40163996610481,0.09575225593635393
Moose_education_Abbie,Moose,0,0.0,pooled_privileged,False,117,86.8444086902292,101.94292247193232,77.40694802269277,0.9487179487179487,0.9829059829059829,381.38423181086375,0.30490304378131383,399.31530956564256,180.51980083861937,0.13783853365993606
Moose_education_Abbie,Moose,0,0.0,pooled_privileged,True,117,86.8444086902292,101.94292247193232,77.40694802269277,0.7606837606837606,0.8632478632478633,244.04192083739653,0.3358018249142525,439.7818008157263,94.89810762481231,0.07246083776593962
Moose_education_Abbie,Moose,0,0.0,sketch_512,False,117,66.54944831523342,81.92789152112795,49.778988264329165,0.9914529914529915,0.9914529914529915,381.32852111415997,0.2991908210195536,391.83431504314706,153.94484335024893,0.1175468362657715
Moose_education_Abbie,Moose,0,0.0,sketch_512,True,117,66.54944831523342,81.92789152112795,49.778988264329165,0.811965811965812,0.8974358974358975,205.14830918764997,0.28293552698738583,370.54562048622705,101.19511835758264,0.07726901239173531
Moose_education_Abbie,Moose,0,0.0,uninflated_512,False,117,78.11420652407755,92.67076010621709,66.50571185967655,0.9743589743589743,0.9914529914529915,380.766411117563,0.299604856779317,392.3765556699732,169.76332164487,0.1296252666802351
Moose_education_Abbie,Moose,0,0.0,uninflated_512,True,117,78.11420652407755,92.67076010621709,66.50571185967655,0.811965811965812,0.8632478632478633,245.31363508919654,0.29781979344143195,390.0387530999435,97.3718087433598,0.07434966842778125
Moose_education_Abbie,Moose,0,0.0,sketch_2048,False,117,66.85194010646498,82.11413961001071,50.34317362928321,0.9914529914529915,0.9914529914529915,381.32736157442764,0.2991899356360351,391.83315550341473,154.50873206471573,0.11797740173941157
Moose_education_Abbie,Moose,0,0.0,sketch_2048,True,117,66.85194010646498,82.11413961001071,50.34317362928321,0.811965811965812,0.8974358974358975,208.31039276488272,0.28136544619306714,368.4893691262829,98.22825853928717,0.07500362319327268
Moose_education_Abbie,Moose,0,0.0,sketch_2048_cleaned_mask,True,117,66.85194010646498,82.11413961001071,50.34317362928321,0.811965811965812,0.8974358974358975,208.31039276488272,0.28136544619306714,368.4893691262829,98.22825853928717,0.07500362319327268
Moose_education_Abbie,Moose,0,0.0,uninflated_2048,False,117,78.0092240723155,92.53571020413041,66.33884332503197,0.9743589743589743,0.9914529914529915,380.7242580377518,0.2995651037842807,392.3244932854125,169.5793058877683,0.12948475875804935
Moose_education_Abbie,Moose,0,0.0,uninflated_2048,True,117,78.0092240723155,92.53571020413041,66.33884332503197,0.811965811965812,0.8717948717948718,241.11242486865154,0.3002971441435385,393.283207632919,97.50377773331029,0.07445043527983213
Moose_education_Abbie,Moose,21,0.5,individual_0,False,117,80.77253795742162,96.06453814809717,67.99671375743621,0.9401709401709402,0.9743589743589743,361.2458770975246,0.29964968559505,392.4352655870993,165.70446677712826,0.1265260686935934
Moose_education_Abbie,Moose,21,0.5,individual_0,True,117,80.77253795742162,96.06453814809717,67.99671375743621,0.811965811965812,0.8888888888888888,250.18190107868486,0.3149588628092556,412.48488123760876,98.78936953158036,0.07543206769652863
Moose_education_Abbie,Moose,21,0.5,individual_1,False,117,136.27743784683972,155.74086384693356,83.1356200537948,0.7692307692307693,0.8376068376068376,370.3236238231798,0.47720806322410825,624.9740347958897,219.64543856864537,0.1677134864804186
Moose_education_Abbie,Moose,21,0.5,individual_1,True,117,136.27743784683972,155.74086384693356,83.1356200537948,0.7777777777777778,0.811965811965812,391.87195486905745,0.4559681352964923,597.1572301802853,217.85486325519977,0.16634626651636786
Moose_education_Abbie,Moose,21,0.5,individual_2,False,117,114.21491998039856,131.71936364721503,106.53189037852398,0.8290598290598291,0.9572649572649573,369.67211833259756,0.3618593915913448,473.9080108238278,206.30973418236618,0.15753081438911495
Moose_education_Abbie,Moose,21,0.5,individual_2,True,117,114.21491998039856,131.71936364721503,106.53189037852398,0.7692307692307693,0.8717948717948718,328.1834050023329,0.3941185678445157,516.1561392521771,109.36221807972618,0.0835051208115597
Moose_education_Abbie,Moose,21,0.5,individual_3,False,117,88.14406585885311,103.79950266359725,77.14326814594126,0.9230769230769231,0.9743589743589743,360.8391327639737,0.307507198310665,402.7258323310055,175.15391081064283,0.13374132986400475
Moose_education_Abbie,Moose,21,0.5,individual_3,True,117,88.14406585885311,103.79950266359725,77.14326814594126,0.8205128205128205,0.8974358974358975,281.8837079775548,0.32161949261319334,421.20795405143457,98.61343390603916,0.07529772947695115
Moose_education_Abbie,Moose,21,0.5,seasonal_naive,False,117,38.3696846153846,56.076081127485395,8.211867521367509,0.9914529914529915,0.9914529914529915,490.1531211417151,0.38073630600228425,498.6301022407138,141.52898285812913,0.10806652443067223
Moose_education_Abbie,Moose,21,0.5,seasonal_naive,True,117,38.3696846153846,56.076081127485395,8.211867521367509,0.9316239316239316,0.9914529914529915,164.66680000000036,0.17930734264587633,234.82929572649584,86.09393418803421,0.06573828239541744
Moose_education_Abbie,Moose,21,0.5,equal_weight,False,117,96.05126439826016,114.6808619038013,83.70187308392407,0.8717948717948718,0.9572649572649573,364.8869633960282,0.32594266759913093,426.8697865356464,183.7712757342604,0.14032124486261413
Moose_education_Abbie,Moose,21,0.5,equal_weight,True,117,96.05126439826016,114.6808619038013,83.70187308392407,0.8034188034188035,0.8547008547008547,296.5555498821689,0.3545710335200673,464.3628356646555,111.43681480798978,0.08508920948012186
Moose_education_Abbie,Moose,21,0.5,naive_independence,False,117,95.64932052094991,114.20697580585092,83.48437516068633,0.48717948717948717,0.5982905982905983,182.71793908753568,0.5674731124706885,743.1893718284325,142.9289555624815,0.10913549406079262
Moose_education_Abbie,Moose,21,0.5,naive_independence,True,117,95.64932052094991,114.20697580585092,83.48437516068633,0.8034188034188035,0.8547008547008547,296.2168174814415,0.3526794002631117,461.8854641362569,110.60037913607778,0.08445053679168762
Moose_education_Abbie,Moose,21,0.5,duplicate_aware_independence,False,117,95.64932052094991,114.20697580585092,83.48437516068633,0.48717948717948717,0.5982905982905983,182.71793908753568,0.5674731124706885,743.1893718284325,142.9289555624815,0.10913549406079262
Moose_education_Abbie,Moose,21,0.5,duplicate_aware_independence,True,117,95.64932052094991,114.20697580585092,83.48437516068633,0.8034188034188035,0.8547008547008547,296.2168174814415,0.3526794002631117,461.8854641362569,110.60037913607778,0.08445053679168762
Moose_education_Abbie,Moose,21,0.5,common_corrected,False,117,88.2287554414094,104.97504858323167,77.50570278833595,0.9230769230769231,0.9743589743589743,358.5517997378373,0.306084698446571,400.86285987083164,174.86393380236163,0.13351991367901622
Moose_education_Abbie,Moose,21,0.5,common_corrected,True,117,88.2287554414094,104.97504858323167,77.50570278833595,0.8034188034188035,0.8547008547008547,271.24112163036546,0.33366468997178345,436.98290877925433,98.45140253483508,0.0751740080540938
Moose_education_Abbie,Moose,21,0.5,ci,False,117,82.5668115235243,97.89503033001017,70.27024360393156,0.9316239316239316,0.9743589743589743,360.65976401852276,0.3009001876907928,394.0729817124659,168.23499752134973,0.12845829244713441
Moose_education_Abbie,Moose,21,0.5,ci,True,117,82.5668115235243,97.89503033001017,70.27024360393156,0.8205128205128205,0.8888888888888888,260.4767839264374,0.31230623728562834,409.0108785874789,98.10189580245999,0.074907137077774
Moose_education_Abbie,Moose,21,0.5,ci_cleaned_mask,True,117,82.5668115235243,97.89503033001017,70.27024360393156,0.8205128205128205,0.8888888888888888,260.4767839264374,0.31230623728562834,409.0108785874789,98.10189580245999,0.074907137077774
Moose_education_Abbie,Moose,21,0.5,exact_lineage,False,117,82.91028088053473,98.36695432209338,70.7991410795082,0.9230769230769231,0.9743589743589743,359.770273881162,0.30023586209791125,393.20294979515864,168.42966247009895,0.12860693171532508
Moose_education_Abbie,Moose,21,0.5,exact_lineage,True,117,82.91028088053473,98.36695432209338,70.7991410795082,0.811965811965812,0.9145299145299145,267.6112811825937,0.3114429279298556,407.88024821273405,97.010991657195,0.07407416126543473
Moose_education_Abbie,Moose,21,0.5,exact_lineage_cleaned_mask,True,117,82.91028088053473,98.36695432209338,70.7991410795082,0.811965811965812,0.9145299145299145,267.6112811825937,0.3114429279298556,407.88024821273405,97.010991657195,0.07407416126543473
Moose_education_Abbie,Moose,21,0.5,shrinkage,False,117,130.39037881158043,149.85938798108774,86.33540119039345,0.9145299145299145,0.9914529914529915,476.77342489248343,0.39986936152444746,523.6876480559959,222.99249395452844,0.1702691795640884
Moose_education_Abbie,Moose,21,0.5,shrinkage,True,117,130.39037881158043,149.85938798108774,86.33540119039345,0.7606837606837606,0.8205128205128205,362.7587548639073,0.45997891773725874,602.4099387530596,198.42039720042442,0.15150679577127857
Moose_education_Abbie,Moose,21,0.5,shrinkage_cleaned_mask,True,117,130.39037881158043,149.85938798108774,86.33540119039345,0.7606837606837606,0.8205128205128205,362.7587548639073,0.45997891773725874,602.4099387530596,198.42039720042442,0.15150679577127857
Moose_education_Abbie,Moose,21,0.5,pooled_privileged,False,117,107.35483068086067,122.1936442883215,99.62350231475682,0.8717948717948718,0.9487179487179487,361.029735915257,0.3369802308570149,441.32509644174723,197.69922794091013,0.15095613643756406
Moose_education_Abbie,Moose,21,0.5,pooled_privileged,True,117,107.35483068086067,122.1936442883215,99.62350231475682,0.7521367521367521,0.8717948717948718,283.0274352159321,0.38601045140929235,505.5373701373379,101.94197498006493,0.07783928568706872
Moose_education_Abbie,Moose,21,0.5,sketch_512,False,117,82.5668115235243,97.89503033001017,70.27024360393156,0.9316239316239316,0.9743589743589743,360.65976401852276,0.3009001876907928,394.0729817124659,168.23499752134973,0.12845829244713441
Moose_education_Abbie,Moose,21,0.5,sketch_512,True,117,82.5668115235243,97.89503033001017,70.27024360393156,0.8205128205128205,0.8888888888888888,260.4767839264374,0.31230623728562834,409.0108785874789,98.10189580245999,0.074907137077774
Moose_education_Abbie,Moose,21,0.5,uninflated_512,False,117,81.87215610891393,97.51099329493842,69.78207601225893,0.9230769230769231,0.9743589743589743,359.75419639210793,0.29841531083222617,390.8186705724213,167.3991962954214,0.12782010419920847
Moose_education_Abbie,Moose,21,0.5,uninflated_512,True,117,81.87215610891393,97.51099329493842,69.78207601225893,0.811965811965812,0.9145299145299145,265.54488295164214,0.3094020238133977,405.2073845740171,98.23560577157745,0.07500923327992605
Moose_education_Abbie,Moose,21,0.5,sketch_2048,False,117,82.74557225291461,97.9288935165778,70.57716497352858,0.9316239316239316,0.9743589743589743,360.5389457968005,0.3018696996986794,395.3427000555681,168.3595265737006,0.12855337842603737
Moose_education_Abbie,Moose,21,0.5,sketch_2048,True,117,82.74557225291461,97.9288935165778,70.57716497352858,0.811965811965812,0.9145299145299145,262.2923598484855,0.3121945045377599,408.8645481466594,98.69139243251608,0.0753572558498252
Moose_education_Abbie,Moose,21,0.5,sketch_2048_cleaned_mask,True,117,82.74557225291461,97.9288935165778,70.57716497352858,0.811965811965812,0.9145299145299145,262.2923598484855,0.3121945045377599,408.8645481466594,98.69139243251608,0.0753572558498252
Moose_education_Abbie,Moose,21,0.5,uninflated_2048,False,117,82.62011829204437,98.13987716567766,70.56801129892563,0.9230769230769231,0.9743589743589743,359.7675524952136,0.29985676957629426,392.7064724699533,168.20830548211106,0.12843791135025773
Moose_education_Abbie,Moose,21,0.5,uninflated_2048,True,117,82.62011829204437,98.13987716567766,70.56801129892563,0.811965811965812,0.9145299145299145,267.29816849203235,0.3106084538506511,406.78738186699485,97.20531255479042,0.07422253782833589
Moose_education_Abbie,Moose,38,0.9047619047619048,individual_0,False,117,118.14137500554071,134.90669072718094,107.42460435634776,0.7948717948717948,0.8974358974358975,346.9484963367721,0.38867936133862374,509.0326996080341,203.64665308865455,0.15549737987794535
Moose_education_Abbie,Moose,38,0.9047619047619048,individual_0,True,117,118.14137500554071,134.90669072718094,107.42460435634776,0.7948717948717948,0.905982905982906,347.99722449572573,0.387835600150062,507.9276704288185,122.4603661825894,0.0935064033288906
Moose_education_Abbie,Moose,38,0.9047619047619048,individual_1,False,117,93.3200261319456,110.46395509053991,78.16971346393963,0.8717948717948718,0.9658119658119658,345.15490223728204,0.3177574089701237,416.1499883900394,173.20452839742282,0.1322528504166951
Moose_education_Abbie,Moose,38,0.9047619047619048,individual_1,True,117,93.3200261319456,110.46395509053991,78.16971346393963,0.8034188034188035,0.8376068376068376,290.16137862444697,0.3419256324269777,447.801826009106,114.05484423729845,0.08708824413414894
Moose_education_Abbie,Moose,38,0.9047619047619048,individual_2,False,117,96.12668446364148,111.38941673427092,86.4569939128421,0.8717948717948718,0.9487179487179487,341.66156518610074,0.31545472607252306,413.1342869962993,179.52968118683435,0.1370825133213587
Moose_education_Abbie,Moose,38,0.9047619047619048,individual_2,True,117,96.12668446364148,111.38941673427092,86.4569939128421,0.8290598290598291,0.8547008547008547,299.1119357581064,0.3355388858401557,439.43744348669554,101.00628175502987,0.07712482344251047
Moose_education_Abbie,Moose,38,0.9047619047619048,individual_3,False,117,78.68600644202128,94.72693956928603,62.53283348789198,0.9316239316239316,0.9743589743589743,341.6523586697679,0.293082365208079,383.83439515688815,157.2211237147721,0.12004848804694332
Moose_education_Abbie,Moose,38,0.9047619047619048,individual_3,True,117,78.68600644202128,94.72693956928603,62.53283348789198,0.8205128205128205,0.8974358974358975,246.67176385617168,0.31055468913188683,406.7169690726494,102.89742205831948,0.07856883127511206
Moose_education_Abbie,Moose,38,0.9047619047619048,seasonal_naive,False,117,38.3696846153846,56.076081127485395,8.211867521367509,0.9914529914529915,0.9914529914529915,490.1531211417151,0.38073630600228425,498.6301022407138,141.52898285812913,0.10806652443067223
Moose_education_Abbie,Moose,38,0.9047619047619048,seasonal_naive,True,117,38.3696846153846,56.076081127485395,8.211867521367509,0.9316239316239316,0.9914529914529915,164.66680000000036,0.17930734264587633,234.82929572649584,86.09393418803421,0.06573828239541744
Moose_education_Abbie,Moose,38,0.9047619047619048,equal_weight,False,117,94.29548135425865,110.77340331516986,83.64603630525535,0.8547008547008547,0.9658119658119658,343.7006852663656,0.3160802622982708,413.9535185412889,177.49727284303893,0.1355306382106753
Moose_education_Abbie,Moose,38,0.9047619047619048,equal_weight,True,117,94.29548135425865,110.77340331516986,83.64603630525535,0.8205128205128205,0.8461538461538461,293.96965661259435,0.3402862102460179,445.6547619208633,103.94991595508537,0.07937247838053922
Moose_education_Abbie,Moose,38,0.9047619047619048,naive_independence,False,117,94.14917320522815,110.61774035918735,83.47763314697556,0.4700854700854701,0.5897435897435898,171.91509419803882,0.5511830256919685,721.8551110607333,139.83640139264045,0.10677412910218685
Moose_education_Abbie,Moose,38,0.9047619047619048,naive_independence,True,117,94.14917320522815,110.61774035918735,83.47763314697556,0.8205128205128205,0.8461538461538461,293.5914092623675,0.33995585288833136,445.22211044937944,103.86582980037619,0.0793082731675245
Moose_education_Abbie,Moose,38,0.9047619047619048,duplicate_aware_independence,False,117,94.14917320522815,110.61774035918735,83.47763314697556,0.4700854700854701,0.5897435897435898,171.91509419803882,0.5511830256919685,721.8551110607333,139.83640139264045,0.10677412910218685
Moose_education_Abbie,Moose,38,0.9047619047619048,duplicate_aware_independence,True,117,94.14917320522815,110.61774035918735,83.47763314697556,0.8205128205128205,0.8461538461538461,293.5914092623675,0.33995585288833136,445.22211044937944,103.86582980037619,0.0793082731675245
Moose_education_Abbie,Moose,38,0.9047619047619048,common_corrected,False,117,91.70194992582121,107.92625143842325,80.59111998374621,0.8547008547008547,0.9572649572649573,337.37195098431283,0.3103749705390336,406.481601184386,172.92794887525588,0.13204166407813972
Moose_education_Abbie,Moose,38,0.9047619047619048,common_corrected,True,117,91.70194992582121,107.92625143842325,80.59111998374621,0.8205128205128205,0.8547008547008547,279.9289616523316,0.33866493843439816,443.53146840657706,102.82277073493637,0.07851183016552131
Moose_education_Abbie,Moose,38,0.9047619047619048,ci,False,117,81.54122076874624,97.28572690475173,65.79950380933523,0.9316239316239316,0.9658119658119658,341.31817230040684,0.2959403602750871,387.5773593817318,160.40229757020273,0.12247751986236109
Moose_education_Abbie,Moose,38,0.9047619047619048,ci,True,117,81.54122076874624,97.28572690475173,65.79950380933523,0.8034188034188035,0.905982905982906,246.43048250951875,0.31747453582910956,415.7795244731463,104.92917616502325,0.08012020683349727
Moose_education_Abbie,Moose,38,0.9047619047619048,ci_cleaned_mask,True,117,81.54122076874624,97.28572690475173,65.79950380933523,0.8034188034188035,0.905982905982906,246.43048250951875,0.31747453582910956,415.7795244731463,104.92917616502325,0.08012020683349727
Moose_education_Abbie,Moose,38,0.9047619047619048,exact_lineage,False,117,85.35134053023873,100.93679377364776,72.18812947334035,0.9145299145299145,0.9743589743589743,341.1644659460693,0.299708295956417,392.51202446199534,165.665356425552,0.12649620541273915
Moose_education_Abbie,Moose,38,0.9047619047619048,exact_lineage,True,117,85.35134053023873,100.93679377364776,72.18812947334035,0.8290598290598291,0.8974358974358975,266.19092671680875,0.3185069741838376,417.1316541079077,102.41727217313725,0.07820220580907983
Moose_education_Abbie,Moose,38,0.9047619047619048,exact_lineage_cleaned_mask,True,117,85.35134053023873,100.93679377364776,72.18812947334035,0.8290598290598291,0.8974358974358975,266.19092671680875,0.3185069741838376,417.1316541079077,102.41727217313725,0.07820220580907983
Moose_education_Abbie,Moose,38,0.9047619047619048,shrinkage,False,117,93.92395154922694,111.48514490746588,80.5558501190968,1.0,1.0,609.9139956532392,0.46570875011473944,609.9139956532392,238.65481576365167,0.18222837441058376
Moose_education_Abbie,Moose,38,0.9047619047619048,shrinkage,True,117,93.92395154922694,111.48514490746588,80.5558501190968,0.8034188034188035,0.8461538461538461,291.8247505018958,0.3446699969282308,451.3959743219212,111.47849242750739,0.08512103303595372
Moose_education_Abbie,Moose,38,0.9047619047619048,shrinkage_cleaned_mask,True,117,93.92395154922694,111.48514490746588,80.5558501190968,0.8034188034188035,0.8461538461538461,291.8247505018958,0.3446699969282308,451.3959743219212,111.47849242750739,0.08512103303595372
Moose_education_Abbie,Moose,38,0.9047619047619048,pooled_privileged,False,117,99.3302832364366,117.1579622366801,86.82319227866736,0.8632478632478633,0.9487179487179487,344.9159957211603,0.3329320925061716,436.02346481916845,182.93487848749123,0.1396826015142596
Moose_education_Abbie,Moose,38,0.9047619047619048,pooled_privileged,True,117,99.3302832364366,117.1579622366801,86.82319227866736,0.7863247863247863,0.8632478632478633,285.8129234741395,0.3661889445820874,479.5781962419151,114.1620557289598,0.0871701070363538
Moose_education_Abbie,Moose,38,0.9047619047619048,sketch_512,False,117,81.54122076874624,97.28572690475173,65.79950380933523,0.9316239316239316,0.9658119658119658,341.31817230040684,0.2959403602750871,387.5773593817318,160.40229757020273,0.12247751986236109
Moose_education_Abbie,Moose,38,0.9047619047619048,sketch_512,True,117,81.54122076874624,97.28572690475173,65.79950380933523,0.8034188034188035,0.905982905982906,246.43048250951875,0.31747453582910956,415.7795244731463,104.92917616502325,0.08012020683349727
Moose_education_Abbie,Moose,38,0.9047619047619048,uninflated_512,False,117,85.64817266851844,101.24985146923184,72.8559003992377,0.9145299145299145,0.9743589743589743,341.00340731877725,0.29967078260200375,392.46289521571225,166.1740509135396,0.12688462652764934
Moose_education_Abbie,Moose,38,0.9047619047619048,uninflated_512,True,117,85.64817266851844,101.24985146923184,72.8559003992377,0.8290598290598291,0.8974358974358975,267.58666335283425,0.31879071322938785,417.50325205394535,101.66715754294515,0.07762944481431794
Moose_education_Abbie,Moose,38,0.9047619047619048,sketch_2048,False,117,81.54122076874624,97.28572690475173,65.79950380933523,0.9316239316239316,0.9658119658119658,341.31817230040684,0.2959403602750871,387.5773593817318,160.40229757020273,0.12247751986236109
Moose_education_Abbie,Moose,38,0.9047619047619048,sketch_2048,True,117,81.54122076874624,97.28572690475173,65.79950380933523,0.8034188034188035,0.905982905982906,246.43048250951875,0.31747453582910956,415.7795244731463,104.92917616502325,0.08012020683349727
Moose_education_Abbie,Moose,38,0.9047619047619048,sketch_2048_cleaned_mask,True,117,81.54122076874624,97.28572690475173,65.79950380933523,0.8034188034188035,0.905982905982906,246.43048250951875,0.31747453582910956,415.7795244731463,104.92917616502325,0.08012020683349727
Moose_education_Abbie,Moose,38,0.9047619047619048,uninflated_2048,False,117,84.73462692820137,100.33901376228349,71.31309514988558,0.9145299145299145,0.9743589743589743,341.1650337264454,0.29891182392345655,391.4689273762539,164.93750136641185,0.12594044103895427
Moose_education_Abbie,Moose,38,0.9047619047619048,uninflated_2048,True,117,84.73462692820137,100.33901376228349,71.31309514988558,0.8290598290598291,0.905982905982906,266.19788443539596,0.3159545490327079,413.7888785595681,102.43521791711592,0.07821590854431422
Mouse_health_Buddy,Mouse,0,0.0,individual_0,False,113,4.376305656950809,4.603721283276544,-4.376305656950809,1.0,1.0,31.023457247166867,1.9352259571640613,31.023457247166867,3.560570892498981,0.2221064260694573
Mouse_health_Buddy,Mouse,0,0.0,individual_0,True,113,4.376305656950809,4.603721283276544,-4.376305656950809,0.7345132743362832,0.7345132743362832,10.315080409162098,0.9566568996858993,15.336092572417186,0.9386926300089461,0.0585551226260512
Mouse_health_Buddy,Mouse,0,0.0,individual_1,False,113,2.6053956769957045,2.6918616670632876,2.6053956769957045,1.0,1.0,31.11525471319212,1.940952231887043,31.11525471319212,10.565757202655272,0.6590860403715612
Mouse_health_Buddy,Mouse,0,0.0,individual_1,True,113,2.6053956769957045,2.6918616670632876,2.6053956769957045,1.0,1.0,8.803106348542286,0.5491328633571468,8.803106348542286,0.1529576086007147,0.009541410299681414
Mouse_health_Buddy,Mouse,0,0.0,individual_2,False,113,2.535562737618605,2.791827102814789,2.535562737618605,1.0,1.0,31.332112787011294,1.9544797175612514,31.332112787011294,10.551404081241126,0.6581907006643942
Mouse_health_Buddy,Mouse,0,0.0,individual_2,True,113,2.535562737618605,2.791827102814789,2.535562737618605,1.0,1.0,8.869586578457074,0.5532798630143524,8.869586578457074,0.8778199053359146,0.054757916017773856
Mouse_health_Buddy,Mouse,0,0.0,individual_3,False,113,3.6905206938557553,3.9248604942356304,3.6905206938557553,1.0,1.0,31.23099379384529,1.9481719711750867,31.23099379384529,11.680492291267559,0.728622593362962
Mouse_health_Buddy,Mouse,0,0.0,individual_3,True,113,3.6905206938557553,3.9248604942356304,3.6905206938557553,0.911504424778761,0.9292035398230089,11.669049272315975,0.7322274925476129,11.738282150545414,1.1333978935758617,0.07070072835429657
Mouse_health_Buddy,Mouse,0,0.0,seasonal_naive,False,113,0.0,0.0,0.0,1.0,1.0,9.307064049401365,0.5805694636124029,9.307064049401365,2.3810698404565085,0.1485298084078856
Mouse_health_Buddy,Mouse,0,0.0,seasonal_naive,True,113,0.0,0.0,0.0,1.0,1.0,0.0,0.0,0.0,0.0,0.0
Mouse_health_Buddy,Mouse,0,0.0,equal_weight,False,113,1.1137933628798145,1.4189464733104422,1.1137933628798145,1.0,1.0,31.16882007589569,1.9442936093319545,31.16882007589569,9.087858766470122,0.5668955603431348
Mouse_health_Buddy,Mouse,0,0.0,equal_weight,True,113,1.1137933628798145,1.4189464733104422,1.1137933628798145,1.0,1.0,6.0142763875905985,0.37516720609490184,6.0142763875905985,0.4790383592215993,0.029882145624745966
Mouse_health_Buddy,Mouse,0,0.0,naive_independence,False,113,1.0952369866309044,1.4049303249815734,1.0952369866309044,1.0,1.0,15.587246870273045,0.9723237646839439,15.587246870273045,5.082995448542903,0.3170744206165262
Mouse_health_Buddy,Mouse,0,0.0,naive_independence,True,113,1.0952369866309044,1.4049303249815734,1.0952369866309044,1.0,1.0,5.997798304845539,0.3741393124852866,5.997798304845539,0.4777693604597366,0.029802986189870602
Mouse_health_Buddy,Mouse,0,0.0,duplicate_aware_independence,False,113,1.0952369866309044,1.4049303249815734,1.0952369866309044,1.0,1.0,15.587246870273045,0.9723237646839439,15.587246870273045,5.082995448542903,0.3170744206165262
Mouse_health_Buddy,Mouse,0,0.0,duplicate_aware_independence,True,113,1.0952369866309044,1.4049303249815734,1.0952369866309044,1.0,1.0,5.997798304845539,0.3741393124852866,5.997798304845539,0.4777693604597366,0.029802986189870602
Mouse_health_Buddy,Mouse,0,0.0,common_corrected,False,113,0.715200983465648,1.1385386101746657,0.6721661228465008,1.0,1.0,30.62556555156374,1.910405695149533,30.62556555156374,8.507248173930327,0.530677395464363
Mouse_health_Buddy,Mouse,0,0.0,common_corrected,True,113,0.715200983465648,1.1385386101746657,0.6721661228465008,1.0,1.0,5.623081483351793,0.35076468618998763,5.623081483351793,0.4482761245101086,0.027963214583638783
Mouse_health_Buddy,Mouse,0,0.0,ci,False,113,3.6713478709893828,3.783248677088382,-1.1438807696909041,1.0,1.0,31.011755075705807,1.93449598223618,31.011755075705807,6.790001958357648,0.4235565344738785
Mouse_health_Buddy,Mouse,0,0.0,ci,True,113,3.6713478709893828,3.783248677088382,-1.1438807696909041,0.5398230088495575,0.5398230088495575,8.345051206688941,0.7590896977407489,12.16890807889701,2.8529807794871367,0.17796734953703036
Mouse_health_Buddy,Mouse,0,0.0,ci_cleaned_mask,True,113,3.6713478709893828,3.783248677088382,-1.1438807696909041,0.5398230088495575,0.5398230088495575,8.345051206688941,0.7590896977407489,12.16890807889701,2.8529807794871367,0.17796734953703036
Mouse_health_Buddy,Mouse,0,0.0,exact_lineage,False,113,0.7152009834656476,1.1385386101746657,0.6721661228465006,1.0,1.0,30.62556555156374,1.910405695149533,30.62556555156374,8.507248173930327,0.530677395464363
Mouse_health_Buddy,Mouse,0,0.0,exact_lineage,True,113,0.7152009834656476,1.1385386101746657,0.6721661228465006,1.0,1.0,5.623081483351791,0.35076468618998746,5.623081483351791,0.44827612451010845,0.027963214583638773
Mouse_health_Buddy,Mouse,0,0.0,exact_lineage_cleaned_mask,True,113,0.7152009834656476,1.1385386101746657,0.6721661228465006,1.0,1.0,5.623081483351791,0.35076468618998746,5.623081483351791,0.44827612451010845,0.027963214583638773
Mouse_health_Buddy,Mouse,0,0.0,shrinkage,False,113,2.5447362234732576,2.761224070446726,2.5447362234732576,0.0,0.17699115044247787,2.285014712723531,1.8919430335348184,30.329592054953363,3.129322252814631,0.1952053764907531
Mouse_health_Buddy,Mouse,0,0.0,shrinkage,True,113,2.5447362234732576,2.761224070446726,2.5447362234732576,1.0,1.0,8.921258357477527,0.5565031197654148,8.921258357477527,0.7912411422182698,0.04935718107100303
Mouse_health_Buddy,Mouse,0,0.0,shrinkage_cleaned_mask,True,113,2.5447362234732576,2.761224070446726,2.5447362234732576,1.0,1.0,8.921258357477527,0.5565031197654148,8.921258357477527,0.7912411422182698,0.04935718107100303
Mouse_health_Buddy,Mouse,0,0.0,pooled_privileged,False,113,0.8201115596777613,1.0663188815009164,0.8201115596777613,1.0,1.0,30.601695670239003,1.9089167052679081,30.601695670239003,8.649086867086467,0.539525214021112
Mouse_health_Buddy,Mouse,0,0.0,pooled_privileged,True,113,0.8201115596777613,1.0663188815009164,0.8201115596777613,1.0,1.0,4.748350292168055,0.29619944243803925,4.748350292168055,0.3183161103773157,0.019856381398044784
Mouse_health_Buddy,Mouse,0,0.0,sketch_512,False,113,0.7480990342892789,0.9790464608505153,0.12792320143632796,1.0,1.0,30.931908914728204,1.929515223255236,30.931908914728204,8.04137851169009,0.5016167058113781
Mouse_health_Buddy,Mouse,0,0.0,sketch_512,True,113,0.7480990342892789,0.9790464608505153,0.12792320143632796,1.0,1.0,4.92250300447239,0.30706299148342014,4.92250300447239,0.4367807075181736,0.02724613688420704
Mouse_health_Buddy,Mouse,0,0.0,uninflated_512,False,113,0.6565374389306072,1.042311185672136,0.5138379396504378,1.0,1.0,30.617999083875713,1.9099337031159809,30.617999083875713,8.34698422582332,0.5206802197819977
Mouse_health_Buddy,Mouse,0,0.0,uninflated_512,True,113,0.6565374389306072,1.042311185672136,0.5138379396504378,1.0,1.0,5.016794363174562,0.31294483384041194,5.016794363174562,0.42509365300990576,0.026517104943408223
Mouse_health_Buddy,Mouse,0,0.0,sketch_2048,False,113,0.654207195801567,1.0832179487007452,0.5021064489956583,1.0,1.0,30.760345667504385,1.9188132035970882,30.760345667504385,8.371669929180657,0.5222201001869237
Mouse_health_Buddy,Mouse,0,0.0,sketch_2048,True,113,0.654207195801567,1.0832179487007452,0.5021064489956583,1.0,1.0,5.604722492319007,0.349619462570617,5.604722492319007,0.45093347093343855,0.028128978371170066
Mouse_health_Buddy,Mouse,0,0.0,sketch_2048_cleaned_mask,True,113,0.654207195801567,1.0832179487007452,0.5021064489956583,1.0,1.0,5.604722492319007,0.349619462570617,5.604722492319007,0.45093347093343855,0.028128978371170066
Mouse_health_Buddy,Mouse,0,0.0,uninflated_2048,False,113,0.7326983710484077,1.159586925182607,0.6920239672804637,1.0,1.0,30.61723955624152,1.9098863242058495,30.61723955624152,8.52497593993695,0.5317832436187198
Mouse_health_Buddy,Mouse,0,0.0,uninflated_2048,True,113,0.7326983710484077,1.159586925182607,0.6920239672804637,1.0,1.0,5.7557964006237405,0.3590433686966257,5.7557964006237405,0.4424324176382612,0.027598687408786602
Mouse_health_Buddy,Mouse,21,0.5,individual_0,False,113,1.1030753741036214,1.4305403908648537,-0.9082865732738523,1.0,1.0,29.665004766068314,1.8504864491830182,29.665004766068314,6.681050707587245,0.41676021622744486
Mouse_health_Buddy,Mouse,21,0.5,individual_0,True,113,1.1030753741036214,1.4305403908648537,-0.9082865732738523,0.8141592920353983,0.8141592920353983,4.045627503868765,0.4444138853655923,7.124364533065188,0.33784953654382244,0.021074865625917986
Mouse_health_Buddy,Mouse,21,0.5,individual_1,False,113,1.604354354901047,1.8792121016633936,1.604354354901047,1.0,1.0,30.422573704837024,1.8977431769863105,30.422573704837024,9.387504049923498,0.5855872659728713
Mouse_health_Buddy,Mouse,21,0.5,individual_1,True,113,1.604354354901047,1.8792121016633936,1.604354354901047,1.0,1.0,8.137468844249181,0.5076107671540372,8.137468844249181,0.46318776810481505,0.028893394592866814
Mouse_health_Buddy,Mouse,21,0.5,individual_2,False,113,7.411110468577233,7.554807914513729,7.411110468577233,1.0,1.0,29.793760162957703,1.8585181390169443,29.793760162957703,15.033387846412202,0.9377743477364522
Mouse_health_Buddy,Mouse,21,0.5,individual_2,True,113,7.411110468577233,7.554807914513729,7.411110468577233,0.911504424778761,0.9203539823008849,18.746912792234514,1.1731309982415947,18.806372059316537,1.8808361296146687,0.11732550857253972
Mouse_health_Buddy,Mouse,21,0.5,individual_3,False,113,0.9766201566996768,1.13498119722932,0.16644828153581562,1.0,1.0,29.691129920095552,1.8521161217177593,29.691129920095552,7.762469283063424,0.48421850371447217
Mouse_health_Buddy,Mouse,21,0.5,individual_3,True,113,0.9766201566996768,1.13498119722932,0.16644828153581562,1.0,1.0,4.406095781899082,0.2748497970083869,4.406095781899082,0.9624967740584635,0.060040011853118413
Mouse_health_Buddy,Mouse,21,0.5,seasonal_naive,False,113,0.0,0.0,0.0,1.0,1.0,9.307064049401365,0.5805694636124029,9.307064049401365,2.3810698404565085,0.1485298084078856
Mouse_health_Buddy,Mouse,21,0.5,seasonal_naive,True,113,0.0,0.0,0.0,1.0,1.0,0.0,0.0,0.0,0.0,0.0
Mouse_health_Buddy,Mouse,21,0.5,equal_weight,False,113,2.0684066329350603,2.318588484757079,2.0684066329350603,1.0,1.0,29.864947132112636,1.8629587424423746,29.864947132112636,9.708896106914274,0.6056355232047985
Mouse_health_Buddy,Mouse,21,0.5,equal_weight,True,113,2.0684066329350603,2.318588484757079,2.0684066329350603,1.0,1.0,7.482036611266356,0.46672527008242376,7.482036611266356,0.8346229881410204,0.05206331641983059
Mouse_health_Buddy,Mouse,21,0.5,naive_independence,False,113,2.0629378970123966,2.3159255763865305,2.0629378970123966,1.0,1.0,14.944035412149562,0.9322005927309024,14.944035412149562,5.886140555306346,0.3671741643554306
Mouse_health_Buddy,Mouse,21,0.5,naive_independence,True,113,2.0629378970123966,2.3159255763865305,2.0629378970123966,1.0,1.0,7.494575923129611,0.46750746536160925,7.494575923129611,0.834179781194251,0.05203566941772666
Mouse_health_Buddy,Mouse,21,0.5,duplicate_aware_independence,False,113,2.0629378970123966,2.3159255763865305,2.0629378970123966,1.0,1.0,14.944035412149562,0.9322005927309024,14.944035412149562,5.886140555306346,0.3671741643554306
Mouse_health_Buddy,Mouse,21,0.5,duplicate_aware_independence,True,113,2.0629378970123966,2.3159255763865305,2.0629378970123966,1.0,1.0,7.494575923129611,0.46750746536160925,7.494575923129611,0.834179781194251,0.05203566941772666
Mouse_health_Buddy,Mouse,21,0.5,common_corrected,False,113,1.8660363788283882,2.148278181788679,1.8233650889732549,1.0,1.0,29.31827572780673,1.828857685193227,29.31827572780673,9.323997054019074,0.5816257349946635
Mouse_health_Buddy,Mouse,21,0.5,common_corrected,True,113,1.8660363788283882,2.148278181788679,1.8233650889732549,1.0,1.0,7.381012098025983,0.4604234173013161,7.381012098025983,0.6774033315205967,0.04225604194219159
Mouse_health_Buddy,Mouse,21,0.5,ci,False,113,1.2065933270609248,2.031601868342603,0.050379549299315686,1.0,1.0,29.634503778049652,1.8485838145648776,29.634503778049652,7.6319136193637656,0.4760745142411702
Mouse_health_Buddy,Mouse,21,0.5,ci,True,113,1.2065933270609248,2.031601868342603,0.050379549299315686,0.7345132743362832,0.7345132743362832,4.1511174926403545,0.7867371796840358,12.612122717933946,1.1121622480783642,0.0693760606341106
Mouse_health_Buddy,Mouse,21,0.5,ci_cleaned_mask,True,113,1.2065933270609248,2.031601868342603,0.050379549299315686,0.7345132743362832,0.7345132743362832,4.1511174926403545,0.7867371796840358,12.612122717933946,1.1121622480783642,0.0693760606341106
Mouse_health_Buddy,Mouse,21,0.5,exact_lineage,False,113,1.6904456745311007,1.9017320451244444,1.2957189900190036,1.0,1.0,29.498055591717907,1.840072252816831,29.498055591717907,8.842344880711849,0.5515805411053285
Mouse_health_Buddy,Mouse,21,0.5,exact_lineage,True,113,1.6904456745311007,1.9017320451244444,1.2957189900190036,1.0,1.0,6.966873747810299,0.4345896980349798,6.966873747810299,1.0991161417529125,0.06856225179908007
Mouse_health_Buddy,Mouse,21,0.5,exact_lineage_cleaned_mask,True,113,1.6904456745311007,1.9017320451244444,1.2957189900190036,1.0,1.0,6.966873747810299,0.4345896980349798,6.966873747810299,1.0991161417529125,0.06856225179908007
Mouse_health_Buddy,Mouse,21,0.5,shrinkage,False,113,1.604354354901047,1.8792121016633936,1.604354354901047,0.45132743362831856,0.45132743362831856,2.834170220361258,0.841351135787572,13.487634813048464,2.3294334129801872,0.1453087568664259
Mouse_health_Buddy,Mouse,21,0.5,shrinkage,True,113,1.604354354901047,1.8792121016633936,1.604354354901047,1.0,1.0,8.059011669756442,0.5027166523751962,8.059011669756442,0.4510432480999497,0.028135826209579683
Mouse_health_Buddy,Mouse,21,0.5,shrinkage_cleaned_mask,True,113,1.604354354901047,1.8792121016633936,1.604354354901047,1.0,1.0,8.059011669756442,0.5027166523751962,8.059011669756442,0.4510432480999497,0.028135826209579683
Mouse_health_Buddy,Mouse,21,0.5,pooled_privileged,False,113,1.148826589379112,1.3440577231428283,1.0484112073521032,1.0,1.0,29.440867072670812,1.8365048649003273,29.440867072670812,8.580406291036356,0.535240957999411
Mouse_health_Buddy,Mouse,21,0.5,pooled_privileged,True,113,1.148826589379112,1.3440577231428283,1.0484112073521032,1.0,1.0,5.6769175433122525,0.3541229495787799,5.6769175433122525,0.42104877087832865,0.026264787452409958
Mouse_health_Buddy,Mouse,21,0.5,sketch_512,False,113,1.2065933270609248,2.031601868342603,0.050379549299315686,1.0,1.0,29.634503778049652,1.8485838145648776,29.634503778049652,7.6319136193637656,0.4760745142411702
Mouse_health_Buddy,Mouse,21,0.5,sketch_512,True,113,1.2065933270609248,2.031601868342603,0.050379549299315686,0.7345132743362832,0.7345132743362832,4.1511174926403545,0.7867371796840358,12.612122717933946,1.1121622480783642,0.0693760606341106
Mouse_health_Buddy,Mouse,21,0.5,uninflated_512,False,113,1.5795406598661301,1.7907508998299577,1.121722939662632,1.0,1.0,29.49780523344658,1.8400566356075236,29.49780523344658,8.668284780024893,0.5407227691209778
Mouse_health_Buddy,Mouse,21,0.5,uninflated_512,True,113,1.5795406598661301,1.7907508998299577,1.121722939662632,0.9380530973451328,1.0,6.409040174336992,0.4053547160100891,6.498210018071994,0.8853132466758911,0.05522534647052706
Mouse_health_Buddy,Mouse,21,0.5,sketch_2048,False,113,1.6067183099058941,1.8099480019348368,1.036058585177929,1.0,1.0,29.596275863843587,1.8461991786015028,29.596275863843587,8.607812628684437,0.5369505500537335
Mouse_health_Buddy,Mouse,21,0.5,sketch_2048,True,113,1.6067183099058941,1.8099480019348368,1.036058585177929,0.8053097345132744,1.0,5.109388086165894,0.41033837783572275,6.578102714327708,1.1057353740862446,0.06897515581960581
Mouse_health_Buddy,Mouse,21,0.5,sketch_2048_cleaned_mask,True,113,1.6067183099058941,1.8099480019348368,1.036058585177929,0.8053097345132744,1.0,5.109388086165894,0.41033837783572275,6.578102714327708,1.1057353740862446,0.06897515581960581
Mouse_health_Buddy,Mouse,21,0.5,uninflated_2048,False,113,1.6395854841634305,1.8526463899246062,1.242885382058374,1.0,1.0,29.48681018860732,1.8393707708438514,29.48681018860732,8.786634308539062,0.5481053466903963
Mouse_health_Buddy,Mouse,21,0.5,uninflated_2048,True,113,1.6395854841634305,1.8526463899246062,1.242885382058374,1.0,1.0,6.541070228672022,0.40802831203847073,6.541070228672022,0.9940390916668729,0.062007604030179256
Mouse_health_Buddy,Mouse,38,0.9047619047619048,individual_0,False,113,3.063435431756095,3.5629944775805966,3.063435431756095,1.0,1.0,23.287915974671474,1.4526872077274846,23.287915974671474,9.021292182289809,0.562743173955017
Mouse_health_Buddy,Mouse,38,0.9047619047619048,individual_0,True,113,3.063435431756095,3.5629944775805966,3.063435431756095,1.0,1.0,12.833627555663028,0.8005545278988251,12.833627555663028,1.4834502476906217,0.09253679893315295
Mouse_health_Buddy,Mouse,38,0.9047619047619048,individual_1,False,113,4.094645073957152,4.359274622427294,4.094645073957152,1.0,1.0,23.470159862698,1.4640554798008896,23.470159862698,10.099126132982157,0.6299778545476517
Mouse_health_Buddy,Mouse,38,0.9047619047619048,individual_1,True,113,4.094645073957152,4.359274622427294,4.094645073957152,1.0,1.0,13.969672893825464,0.8714204023695997,13.969672893825464,0.9475966970806541,0.05911055336300018
Mouse_health_Buddy,Mouse,38,0.9047619047619048,individual_2,False,113,1.6559651333683216,1.9325711807068662,0.596839875895462,1.0,1.0,23.371445635132364,1.4578977413514178,23.371445635132364,6.576066411170238,0.41021135438067724
Mouse_health_Buddy,Mouse,38,0.9047619047619048,individual_2,True,113,1.6559651333683216,1.9325711807068662,0.596839875895462,1.0,1.0,8.195993078293554,0.5112614762269648,8.195993078293554,1.3820223678862824,0.0862097843707963
Mouse_health_Buddy,Mouse,38,0.9047619047619048,individual_3,False,113,1.8508251249981762,2.3895219770792675,1.5301683695427128,1.0,1.0,23.42034075300562,1.4609477915290316,23.42034075300562,7.521903972112569,0.4692121738126733
Mouse_health_Buddy,Mouse,38,0.9047619047619048,individual_3,True,113,1.8508251249981762,2.3895219770792675,1.5301683695427128,1.0,1.0,9.506079521734588,0.592983937759113,9.506079521734588,1.2875911440314274,0.08031921730360154
Mouse_health_Buddy,Mouse,38,0.9047619047619048,seasonal_naive,False,113,0.0,0.0,0.0,1.0,1.0,9.307064049401365,0.5805694636124029,9.307064049401365,2.3810698404565085,0.1485298084078856
Mouse_health_Buddy,Mouse,38,0.9047619047619048,seasonal_naive,True,113,0.0,0.0,0.0,1.0,1.0,0.0,0.0,0.0,0.0,0.0
Mouse_health_Buddy,Mouse,38,0.9047619047619048,equal_weight,False,113,2.321272187787856,2.899856533757146,2.321272187787856,1.0,1.0,23.385242746902968,1.4587583974871812,23.385242746902968,8.30402850286731,0.5180006657461299
Mouse_health_Buddy,Mouse,38,0.9047619047619048,equal_weight,True,113,2.321272187787856,2.899856533757146,2.321272187787856,1.0,1.0,11.125635920384026,0.6940109624645481,11.125635920384026,1.279461251073371,0.07981207911600213
Mouse_health_Buddy,Mouse,38,0.9047619047619048,naive_independence,False,113,2.319682411552541,2.8989984737012664,2.319682411552541,1.0,1.0,11.693578056681732,0.7294388761098238,11.693578056681732,5.311305321849346,0.3313162631545566
Mouse_health_Buddy,Mouse,38,0.9047619047619048,naive_independence,True,113,2.319682411552541,2.8989984737012664,2.319682411552541,1.0,1.0,11.125699316452891,0.6940149170759595,11.125699316452891,1.279494219448898,0.07981413566487665
Mouse_health_Buddy,Mouse,38,0.9047619047619048,duplicate_aware_independence,False,113,2.319682411552541,2.8989984737012664,2.319682411552541,1.0,1.0,11.693578056681732,0.7294388761098238,11.693578056681732,5.311305321849346,0.3313162631545566
Mouse_health_Buddy,Mouse,38,0.9047619047619048,duplicate_aware_independence,True,113,2.319682411552541,2.8989984737012664,2.319682411552541,1.0,1.0,11.125699316452891,0.6940149170759595,11.125699316452891,1.279494219448898,0.07981413566487665
Mouse_health_Buddy,Mouse,38,0.9047619047619048,common_corrected,False,113,2.299727464791671,2.891239776708468,2.299727464791671,1.0,1.0,22.98169515887919,1.4335853240584975,22.98169515887919,8.17924230802435,0.5102165725217075
Mouse_health_Buddy,Mouse,38,0.9047619047619048,common_corrected,True,113,2.299727464791671,2.891239776708468,2.299727464791671,1.0,1.0,11.138553895705943,0.6948167785590539,11.138553895705943,1.2825345838954902,0.08000379190303887
Mouse_health_Buddy,Mouse,38,0.9047619047619048,ci,False,113,3.063435431756095,3.5629944775805966,3.063435431756095,1.0,1.0,23.287915974671474,1.4526872077274846,23.287915974671474,9.021292182289809,0.562743173955017
Mouse_health_Buddy,Mouse,38,0.9047619047619048,ci,True,113,3.063435431756095,3.5629944775805966,3.063435431756095,1.0,1.0,12.833627555663028,0.8005545278988251,12.833627555663028,1.5456666524799707,0.09641782355753681
Mouse_health_Buddy,Mouse,38,0.9047619047619048,ci_cleaned_mask,True,113,3.063435431756095,3.5629944775805966,3.063435431756095,1.0,1.0,12.833627555663028,0.8005545278988251,12.833627555663028,1.5456666524799707,0.09641782355753681
Mouse_health_Buddy,Mouse,38,0.9047619047619048,exact_lineage,False,113,2.605362199140157,3.2622633679677877,2.605362199140157,1.0,1.0,23.280329676545524,1.4522139786822768,23.280329676545524,8.561278111448999,0.5340477528270852
Mouse_health_Buddy,Mouse,38,0.9047619047619048,exact_lineage,True,113,2.605362199140157,3.2622633679677877,2.605362199140157,1.0,1.0,12.77440347341768,0.7968601626855192,12.77440347341768,1.417300425815738,0.08841040994516404
Mouse_health_Buddy,Mouse,38,0.9047619047619048,exact_lineage_cleaned_mask,True,113,2.605362199140157,3.2622633679677877,2.605362199140157,1.0,1.0,12.77440347341768,0.7968601626855192,12.77440347341768,1.417300425815738,0.08841040994516404
Mouse_health_Buddy,Mouse,38,0.9047619047619048,shrinkage,False,113,4.094645073957152,4.359274622427294,4.094645073957152,0.18584070796460178,0.45132743362831856,5.997321907356891,1.9175632850702062,30.740308320528126,5.628968061455566,0.35113188764837233
Mouse_health_Buddy,Mouse,38,0.9047619047619048,shrinkage,True,113,4.094645073957152,4.359274622427294,4.094645073957152,1.0,1.0,13.935506711200984,0.8692891349565154,13.935506711200984,0.9509802916431437,0.05932162010432692
Mouse_health_Buddy,Mouse,38,0.9047619047619048,shrinkage_cleaned_mask,True,113,4.094645073957152,4.359274622427294,4.094645073957152,1.0,1.0,13.935506711200984,0.8692891349565154,13.935506711200984,0.9509802916431437,0.05932162010432692
Mouse_health_Buddy,Mouse,38,0.9047619047619048,pooled_privileged,False,113,1.4152182106495972,1.8459319426548406,0.9376481463692318,1.0,1.0,23.39455868210456,1.4593395203283186,23.39455868210456,6.9227878008376065,0.43183964125542784
Mouse_health_Buddy,Mouse,38,0.9047619047619048,pooled_privileged,True,113,1.4152182106495972,1.8459319426548406,0.9376481463692318,1.0,1.0,7.794061731675765,0.4861892230355936,7.794061731675765,0.9028710147692885,0.056320590249887365
Mouse_health_Buddy,Mouse,38,0.9047619047619048,sketch_512,False,113,3.063435431756095,3.5629944775805966,3.063435431756095,1.0,1.0,23.287915974671474,1.4526872077274846,23.287915974671474,9.021292182289809,0.562743173955017
Mouse_health_Buddy,Mouse,38,0.9047619047619048,sketch_512,True,113,3.063435431756095,3.5629944775805966,3.063435431756095,1.0,1.0,12.833627555663028,0.8005545278988251,12.833627555663028,1.5456666524799707,0.09641782355753681
Mouse_health_Buddy,Mouse,38,0.9047619047619048,uninflated_512,False,113,2.419864293850476,3.1056486635402725,2.419864293850476,1.0,1.0,23.308101135443387,1.453946346796484,23.308101135443387,8.382885108721089,0.5229196968304565
Mouse_health_Buddy,Mouse,38,0.9047619047619048,uninflated_512,True,113,2.419864293850476,3.1056486635402725,2.419864293850476,1.0,1.0,12.157764789918673,0.7583945855903768,12.157764789918673,1.3217404919283915,0.08244943457577439
Mouse_health_Buddy,Mouse,38,0.9047619047619048,sketch_2048,False,113,3.063435431756095,3.5629944775805966,3.063435431756095,1.0,1.0,23.287915974671474,1.4526872077274846,23.287915974671474,9.021292182289809,0.562743173955017
Mouse_health_Buddy,Mouse,38,0.9047619047619048,sketch_2048,True,113,3.063435431756095,3.5629944775805966,3.063435431756095,1.0,1.0,12.833627555663028,0.8005545278988251,12.833627555663028,1.5456666524799707,0.09641782355753681
Mouse_health_Buddy,Mouse,38,0.9047619047619048,sketch_2048_cleaned_mask,True,113,3.063435431756095,3.5629944775805966,3.063435431756095,1.0,1.0,12.833627555663028,0.8005545278988251,12.833627555663028,1.5456666524799707,0.09641782355753681
Mouse_health_Buddy,Mouse,38,0.9047619047619048,uninflated_2048,False,113,2.603968088553017,3.261525836460497,2.603968088553017,1.0,1.0,23.263495297672424,1.4511638595189482,23.263495297672424,8.55557718277134,0.5336921320763401
Mouse_health_Buddy,Mouse,38,0.9047619047619048,uninflated_2048,True,113,2.603968088553017,3.261525836460497,2.603968088553017,1.0,1.0,12.733532135683005,0.794310631437019,12.733532135683005,1.3865390360146939,0.0864915316090992
Panther_assembly_Carrol,Panther,0,0.0,individual_0,False,117,15.6045697183657,19.218166118647982,-14.873179723210734,1.0,1.0,77.63374990651745,5.282063892998585,77.63374990651745,21.430852640036914,1.458117546330313
Panther_assembly_Carrol,Panther,0,0.0,individual_0,True,117,15.6045697183657,19.218166118647982,-14.873179723210734,0.905982905982906,1.0,65.46694648809509,4.764113968217378,70.02112049893627,17.739620239325482,1.2069725815702441
Panther_assembly_Carrol,Panther,0,0.0,individual_1,False,117,10.561322429172517,12.794066375805738,-4.783418309210817,1.0,1.0,78.25530692344094,5.324353539968941,78.25530692344094,17.288763649746873,1.1762970916499287
Panther_assembly_Carrol,Panther,0,0.0,individual_1,True,117,10.561322429172517,12.794066375805738,-4.783418309210817,0.9316239316239316,1.0,45.3740538614828,3.2513577515883676,47.78720963182711,17.09620466741215,1.1631957169374159
Panther_assembly_Carrol,Panther,0,0.0,individual_2,False,117,9.469748887260476,11.034219253458064,-1.3999738968126094,1.0,1.0,78.59391392183518,5.347391764997211,78.59391392183518,18.76808895309413,1.2769477851977582
Panther_assembly_Carrol,Panther,0,0.0,individual_2,True,117,9.469748887260476,11.034219253458064,-1.3999738968126094,0.9743589743589743,1.0,39.26537727892801,2.712604407900568,39.868819549382515,15.972655228260013,1.086751387870605
Panther_assembly_Carrol,Panther,0,0.0,individual_3,False,117,10.568559755075691,12.012511212882767,5.701321260228829,1.0,1.0,77.80915101863941,5.29399787637884,77.80915101863941,25.607601244830917,1.7422961802631112
Panther_assembly_Carrol,Panther,0,0.0,individual_3,True,117,10.568559755075691,12.012511212882767,5.701321260228829,0.8461538461538461,1.0,33.37099007316534,2.8487988495842873,41.8705532350251,16.305950052688548,1.109428181919033
Panther_assembly_Carrol,Panther,0,0.0,seasonal_naive,False,117,13.20425982905983,19.460015844948355,3.2724188034188044,0.5384615384615384,0.5897435897435898,25.135515456627665,9.679429127720695,142.26453813544018,26.115010304945926,1.776819400880963
Panther_assembly_Carrol,Panther,0,0.0,seasonal_naive,True,117,13.20425982905983,19.460015844948355,3.2724188034188044,0.6666666666666666,0.9829059829059829,37.40716,7.147034324147448,105.04437025641022,26.177015042735047,1.78103809425936
Panther_assembly_Carrol,Panther,0,0.0,equal_weight,False,117,9.638453437920383,11.761181604085301,-3.8388126672513327,1.0,1.0,78.04978447740893,5.310370153971309,78.04978447740893,16.870121704678155,1.147813429520959
Panther_assembly_Carrol,Panther,0,0.0,equal_weight,True,117,9.638453437920383,11.761181604085301,-3.8388126672513327,0.9743589743589743,1.0,43.30015090805482,2.9864703677865974,43.89399642501295,16.1578277701181,1.099350202155644
Panther_assembly_Carrol,Panther,0,0.0,naive_independence,False,117,9.63991236987583,11.770572568043594,-3.8601301121942315,0.8803418803418803,0.9914529914529915,39.03490421663455,2.928216407737691,43.03780205532809,18.683919224497938,1.2712210248024818
Panther_assembly_Carrol,Panther,0,0.0,naive_independence,True,117,9.63991236987583,11.770572568043594,-3.8601301121942315,0.9743589743589743,1.0,43.343581892093454,2.9896430894124473,43.9406278710185,16.164258516365265,1.0997877388274921
Panther_assembly_Carrol,Panther,0,0.0,duplicate_aware_independence,False,117,9.63991236987583,11.770572568043594,-3.8601301121942315,0.8803418803418803,0.9914529914529915,39.03490421663455,2.928216407737691,43.03780205532809,18.683919224497938,1.2712210248024818
Panther_assembly_Carrol,Panther,0,0.0,duplicate_aware_independence,True,117,9.63991236987583,11.770572568043594,-3.8601301121942315,0.9743589743589743,1.0,43.343581892093454,2.9896430894124473,43.9406278710185,16.164258516365265,1.0997877388274921
Panther_assembly_Carrol,Panther,0,0.0,common_corrected,False,117,9.75374938295931,12.10380258213523,-4.512481527365985,1.0,1.0,76.76511582608994,5.222963556895035,76.76511582608994,16.726929284838782,1.1380708689529664
Panther_assembly_Carrol,Panther,0,0.0,common_corrected,True,117,9.75374938295931,12.10380258213523,-4.512481527365985,0.9401709401709402,1.0,44.9813257486398,3.1210031279384487,45.8713073526044,16.35716719263662,1.1129129061008243
Panther_assembly_Carrol,Panther,0,0.0,ci,False,117,14.912969160155436,18.35843562069695,-11.69125533557826,1.0,1.0,77.59025180607985,5.279104358697947,77.59025180607985,22.377943775312207,1.5225559625480087
Panther_assembly_Carrol,Panther,0,0.0,ci,True,117,14.912969160155436,18.35843562069695,-11.69125533557826,0.8974358974358975,1.0,65.10558970955371,4.761091414815367,69.9766961679088,20.548545787222473,1.3980869388250954
Panther_assembly_Carrol,Panther,0,0.0,ci_cleaned_mask,True,117,14.912969160155436,18.35843562069695,-11.69125533557826,0.8974358974358975,1.0,65.10558970955371,4.761091414815367,69.9766961679088,20.548545787222473,1.3980869388250954
Panther_assembly_Carrol,Panther,0,0.0,exact_lineage,False,117,9.753749382959313,12.103802582135232,-4.512481527365982,1.0,1.0,76.76511582608994,5.222963556895035,76.76511582608994,16.72692928483879,1.1380708689529668
Panther_assembly_Carrol,Panther,0,0.0,exact_lineage,True,117,9.753749382959313,12.103802582135232,-4.512481527365982,0.9401709401709402,1.0,44.98132574863981,3.1210031279384487,45.8713073526044,16.357167192636624,1.1129129061008245
Panther_assembly_Carrol,Panther,0,0.0,exact_lineage_cleaned_mask,True,117,9.753749382959313,12.103802582135232,-4.512481527365982,0.9401709401709402,1.0,44.98132574863981,3.1210031279384487,45.8713073526044,16.357167192636624,1.1129129061008245
Panther_assembly_Carrol,Panther,0,0.0,shrinkage,False,117,15.6045697183657,19.218166118647982,-14.873179723210734,0.5042735042735043,0.5811965811965812,24.770009490407897,10.408979712711679,152.98719291710935,42.03944025398083,2.8602896255148127
Panther_assembly_Carrol,Panther,0,0.0,shrinkage,True,117,15.6045697183657,19.218166118647982,-14.873179723210734,0.905982905982906,1.0,65.48122175365235,4.7533385819259655,69.86274800260912,17.71394117832352,1.2052254233937048
Panther_assembly_Carrol,Panther,0,0.0,shrinkage_cleaned_mask,True,117,15.6045697183657,19.218166118647982,-14.873179723210734,0.905982905982906,1.0,65.48122175365235,4.7533385819259655,69.86274800260912,17.71394117832352,1.2052254233937048
Panther_assembly_Carrol,Panther,0,0.0,pooled_privileged,False,117,9.654786998329941,11.685385992249314,-3.3290046096853594,1.0,1.0,76.7471100993125,5.221738478892325,76.7471100993125,17.14364641042541,1.166423569747476
Panther_assembly_Carrol,Panther,0,0.0,pooled_privileged,True,117,9.654786998329941,11.685385992249314,-3.3290046096853594,0.9316239316239316,1.0,42.15515934659479,2.934373721674533,43.12829989479995,16.350386107700444,1.1124515330003382
Panther_assembly_Carrol,Panther,0,0.0,sketch_512,False,117,11.608748433471167,14.910631280517874,-7.067401678479473,1.0,1.0,77.50159292784224,5.273072164451289,77.50159292784224,19.85348455752116,1.3507961944098203
Panther_assembly_Carrol,Panther,0,0.0,sketch_512,True,117,11.608748433471167,14.910631280517874,-7.067401678479473,0.9145299145299145,1.0,50.5858302480316,4.438134049015069,65.22999263025534,20.353949164130388,1.38484692661685
Panther_assembly_Carrol,Panther,0,0.0,uninflated_512,False,117,9.84556596554401,12.217673570398471,-4.678533825706339,1.0,1.0,76.78809162752106,5.2245267900416765,76.78809162752106,16.744457492811726,1.1392634574155145
Panther_assembly_Carrol,Panther,0,0.0,uninflated_512,True,117,9.84556596554401,12.217673570398471,-4.678533825706339,0.9401709401709402,1.0,45.46563428102508,3.1513966292321043,46.31801938146544,16.414251071931805,1.1167967929162939
Panther_assembly_Carrol,Panther,0,0.0,sketch_2048,False,117,9.783864334376291,12.191974503609579,-4.6394568385805455,1.0,1.0,77.10054481200937,5.245785555540259,77.10054481200937,16.880266320055586,1.1485036513208593
Panther_assembly_Carrol,Panther,0,0.0,sketch_2048,True,117,9.783864334376291,12.191974503609579,-4.6394568385805455,0.9230769230769231,1.0,44.78848068322465,3.1492472322495435,46.2864283687147,16.51147902977735,1.1234120122782898
Panther_assembly_Carrol,Panther,0,0.0,sketch_2048_cleaned_mask,True,117,9.783864334376291,12.191974503609579,-4.6394568385805455,0.9230769230769231,1.0,44.78848068322465,3.1492472322495435,46.2864283687147,16.51147902977735,1.1234120122782898
Panther_assembly_Carrol,Panther,0,0.0,uninflated_2048,False,117,9.708613742612844,12.033259583518689,-4.352564241581209,1.0,1.0,76.77190905108431,5.223425755983743,76.77190905108431,16.811049654724997,1.1437942710683697
Panther_assembly_Carrol,Panther,0,0.0,uninflated_2048,True,117,9.708613742612844,12.033259583518689,-4.352564241581209,0.9401709401709402,1.0,44.42041385675393,3.0954487218164166,45.49571848922145,16.390607377891225,1.1151881175304053
Panther_assembly_Carrol,Panther,21,0.5,individual_0,False,117,11.131087415846054,13.759534602606003,-6.31608906887996,1.0,1.0,85.00074300802801,5.7833011552500615,85.00074300802801,17.762534925992988,1.2085316565757867
Panther_assembly_Carrol,Panther,21,0.5,individual_0,True,117,11.131087415846054,13.759534602606003,-6.31608906887996,0.9401709401709402,1.0,51.63379856860123,3.6094850231579985,53.05082696000691,17.486843983868138,1.1897741294335589
Panther_assembly_Carrol,Panther,21,0.5,individual_1,False,117,9.984552616208793,11.608138281122027,-1.7800454014042426,1.0,1.0,86.01362546799515,5.852215897563635,86.01362546799515,20.265961374602803,1.3788603920665023
Panther_assembly_Carrol,Panther,21,0.5,individual_1,True,117,9.984552616208793,11.608138281122027,-1.7800454014042426,0.9316239316239316,1.0,38.82487606466718,2.7686003396583545,40.691826284993695,16.551465815219483,1.126132642878194
Panther_assembly_Carrol,Panther,21,0.5,individual_2,False,117,10.84726802555633,13.951439794405095,-6.847541019161296,1.0,1.0,85.55442781722817,5.820972896500479,85.55442781722817,18.14470933905391,1.234534131923014
Panther_assembly_Carrol,Panther,21,0.5,individual_2,True,117,10.84726802555633,13.951439794405095,-6.847541019161296,0.9401709401709402,1.0,53.1622457519888,3.7905572191869803,55.71215667246475,17.98200951823191,1.2234643220787638
Panther_assembly_Carrol,Panther,21,0.5,individual_3,False,117,12.565243035420158,15.939150789040607,-10.355750507804652,1.0,1.0,85.66086520761156,5.828214709465667,85.66086520761156,17.575984805116647,1.1958391142356064
Panther_assembly_Carrol,Panther,21,0.5,individual_3,True,117,12.565243035420158,15.939150789040607,-10.355750507804652,0.9316239316239316,1.0,57.77953943992813,4.149897922613339,60.99360855683359,17.47145281542446,1.1887269413844783
Panther_assembly_Carrol,Panther,21,0.5,seasonal_naive,False,117,13.20425982905983,19.460015844948355,3.2724188034188044,0.5384615384615384,0.5897435897435898,25.135515456627665,9.679429127720695,142.26453813544018,26.115010304945926,1.776819400880963
Panther_assembly_Carrol,Panther,21,0.5,seasonal_naive,True,117,13.20425982905983,19.460015844948355,3.2724188034188044,0.6666666666666666,0.9829059829059829,37.40716,7.147034324147448,105.04437025641022,26.177015042735047,1.78103809425936
Panther_assembly_Carrol,Panther,21,0.5,equal_weight,False,117,10.654081806819958,13.438655214353947,-6.3248564993125385,1.0,1.0,85.53775914907852,5.819838789616764,85.53775914907852,17.608747904517585,1.1980682579337636
Panther_assembly_Carrol,Panther,21,0.5,equal_weight,True,117,10.654081806819958,13.438655214353947,-6.3248564993125385,0.9316239316239316,1.0,48.891646018353654,3.5253897254778908,51.81482651762957,17.108084810037457,1.164004020960864
Panther_assembly_Carrol,Panther,21,0.5,naive_independence,False,117,10.656396379017869,13.44126082773687,-6.332646676084072,0.8461538461538461,0.9487179487179487,42.7772336394075,3.558113936800574,52.29579442888121,21.413737764458688,1.4569530802774202
Panther_assembly_Carrol,Panther,21,0.5,naive_independence,True,117,10.656396379017869,13.44126082773687,-6.332646676084072,0.9316239316239316,1.0,48.93792880562616,3.5261825951835197,51.82647981256923,17.103925773766875,1.1637210474430195
Panther_assembly_Carrol,Panther,21,0.5,duplicate_aware_independence,False,117,10.656396379017869,13.44126082773687,-6.332646676084072,0.8461538461538461,0.9487179487179487,42.7772336394075,3.558113936800574,52.29579442888121,21.413737764458688,1.4569530802774202
Panther_assembly_Carrol,Panther,21,0.5,duplicate_aware_independence,True,117,10.656396379017869,13.44126082773687,-6.332646676084072,0.9316239316239316,1.0,48.93792880562616,3.5261825951835197,51.82647981256923,17.103925773766875,1.1637210474430195
Panther_assembly_Carrol,Panther,21,0.5,common_corrected,False,117,10.695248588147725,13.488280109836676,-6.455255521161639,1.0,1.0,84.00127607192749,5.715299181600979,84.00127607192749,17.381743482697633,1.1826232760606732
Panther_assembly_Carrol,Panther,21,0.5,common_corrected,True,117,10.695248588147725,13.488280109836676,-6.455255521161639,0.9401709401709402,1.0,49.68989940075055,3.5409520887394206,52.04355616609168,17.021860786531924,1.1581374899506263
Panther_assembly_Carrol,Panther,21,0.5,ci,False,117,11.131087415846054,13.759534602606003,-6.31608906887996,1.0,1.0,85.00074300802801,5.7833011552500615,85.00074300802801,17.762534925992988,1.2085316565757867
Panther_assembly_Carrol,Panther,21,0.5,ci,True,117,11.131087415846054,13.759534602606003,-6.31608906887996,0.9401709401709402,1.0,51.63379856860123,3.6094850231579985,53.05082696000691,17.486843983868138,1.1897741294335589
Panther_assembly_Carrol,Panther,21,0.5,ci_cleaned_mask,True,117,11.131087415846054,13.759534602606003,-6.31608906887996,0.9401709401709402,1.0,51.63379856860123,3.6094850231579985,53.05082696000691,17.486843983868138,1.1897741294335589
Panther_assembly_Carrol,Panther,21,0.5,exact_lineage,False,117,10.707543995797472,13.48057439960378,-6.5562206418247655,1.0,1.0,84.61606945644517,5.75712864291034,84.61606945644517,17.197918376910934,1.1701161389576509
Panther_assembly_Carrol,Panther,21,0.5,exact_lineage,True,117,10.707543995797472,13.48057439960378,-6.5562206418247655,0.9401709401709402,1.0,50.691472682280406,3.5354395630990845,51.96253517778399,16.874999218154407,1.1481452869650675
Panther_assembly_Carrol,Panther,21,0.5,exact_lineage_cleaned_mask,True,117,10.707543995797472,13.48057439960378,-6.5562206418247655,0.9401709401709402,1.0,50.691472682280406,3.5354395630990845,51.96253517778399,16.874999218154407,1.1481452869650675
Panther_assembly_Carrol,Panther,21,0.5,shrinkage,False,117,11.23709337973698,14.461266345354959,-7.956096713458517,0.6410256410256411,0.6581196581196581,26.130388799734508,6.239032366325913,91.69890561680553,27.71546263205003,1.8857113642299144
Panther_assembly_Carrol,Panther,21,0.5,shrinkage,True,117,11.23709337973698,14.461266345354959,-7.956096713458517,0.9316239316239316,1.0,53.70751626396857,3.8881864897485148,57.14707425920132,17.776885706827425,1.2095080584805407
Panther_assembly_Carrol,Panther,21,0.5,shrinkage_cleaned_mask,True,117,11.23709337973698,14.461266345354959,-7.956096713458517,0.9316239316239316,1.0,53.70751626396857,3.8881864897485148,57.14707425920132,17.776885706827425,1.2095080584805407
Panther_assembly_Carrol,Panther,21,0.5,pooled_privileged,False,117,10.047783406471082,12.54759945248253,-5.2279242617144135,1.0,1.0,84.10239509442681,5.722179142163004,84.10239509442681,17.2222864945023,1.1717741028486734
Panther_assembly_Carrol,Panther,21,0.5,pooled_privileged,True,117,10.047783406471082,12.54759945248253,-5.2279242617144135,0.9829059829059829,1.0,47.34742732186519,3.25520738436943,47.8437900584579,16.44533929799212,1.118911981176146
Panther_assembly_Carrol,Panther,21,0.5,sketch_512,False,117,11.131087415846054,13.759534602606003,-6.31608906887996,1.0,1.0,85.00074300802801,5.7833011552500615,85.00074300802801,17.762534925992988,1.2085316565757867
Panther_assembly_Carrol,Panther,21,0.5,sketch_512,True,117,11.131087415846054,13.759534602606003,-6.31608906887996,0.9401709401709402,1.0,51.63379856860123,3.6094850231579985,53.05082696000691,17.486843983868138,1.1897741294335589
Panther_assembly_Carrol,Panther,21,0.5,uninflated_512,False,117,10.711441477930006,13.473145498304339,-6.560859036965228,1.0,1.0,84.60699249762256,5.756511062585894,84.60699249762256,17.162473411653238,1.1677045258203014
Panther_assembly_Carrol,Panther,21,0.5,uninflated_512,True,117,10.711441477930006,13.473145498304339,-6.560859036965228,0.9487179487179487,1.0,50.56890264816546,3.522831207252001,51.777222397705295,16.81838288931808,1.1442932114610425
Panther_assembly_Carrol,Panther,21,0.5,sketch_2048,False,117,10.88132135648498,13.68142634616144,-6.566805983388443,1.0,1.0,84.97744592800898,5.781716062872983,84.97744592800898,17.54499131547929,1.1937303716754617
Panther_assembly_Carrol,Panther,21,0.5,sketch_2048,True,117,10.88132135648498,13.68142634616144,-6.566805983388443,0.9316239316239316,1.0,51.23933650047893,3.5828871141534244,52.65990109134514,17.337159606262066,1.1795898674695156
Panther_assembly_Carrol,Panther,21,0.5,sketch_2048_cleaned_mask,True,117,10.88132135648498,13.68142634616144,-6.566805983388443,0.9316239316239316,1.0,51.23933650047893,3.5828871141534244,52.65990109134514,17.337159606262066,1.1795898674695156
Panther_assembly_Carrol,Panther,21,0.5,uninflated_2048,False,117,10.703859999402887,13.473774723119202,-6.5550269765480405,1.0,1.0,84.63348823849662,5.758313786225519,84.63348823849662,17.18932358782525,1.169531364614635
Panther_assembly_Carrol,Panther,21,0.5,uninflated_2048,True,117,10.703859999402887,13.473774723119202,-6.5550269765480405,0.9487179487179487,1.0,50.612872797672075,3.5274131868281486,51.84456657674162,16.847748092084263,1.1462911682443824
Panther_assembly_Carrol,Panther,38,0.9047619047619048,individual_0,False,117,10.773365520494199,13.682679406551069,-6.546835343774743,1.0,1.0,79.89636709791867,5.4360083898800236,79.89636709791867,17.785570191597824,1.2100989355602934
Panther_assembly_Carrol,Panther,38,0.9047619047619048,individual_0,True,117,10.773365520494199,13.682679406551069,-6.546835343774743,0.905982905982906,1.0,49.07502964937762,3.672937186880573,53.98342253424735,17.76367277122432,1.208609073565427
Panther_assembly_Carrol,Panther,38,0.9047619047619048,individual_1,False,117,10.794158598197443,13.589501512860352,-6.2375320038346285,1.0,1.0,80.21078862089081,5.457401077669453,80.21078862089081,17.811921924510774,1.2118918611513545
Panther_assembly_Carrol,Panther,38,0.9047619047619048,individual_1,True,117,10.794158598197443,13.589501512860352,-6.2375320038346285,0.9316239316239316,1.0,49.40608072113454,3.600995890537129,52.926056943558336,17.765254618182674,1.2087166996521872
Panther_assembly_Carrol,Panther,38,0.9047619047619048,individual_2,False,117,11.526503963451992,14.445449731942322,-7.537307595418352,1.0,1.0,80.1385620942366,5.452486911742698,80.1385620942366,18.131312356199416,1.2336226247564008
Panther_assembly_Carrol,Panther,38,0.9047619047619048,individual_2,True,117,11.526503963451992,14.445449731942322,-7.537307595418352,0.9316239316239316,1.0,53.25036015225294,3.8531835101795036,56.632613885966244,18.13789916258194,1.2340707794855643
Panther_assembly_Carrol,Panther,38,0.9047619047619048,individual_3,False,117,11.202603456734694,13.983313193674915,-6.476878194447668,1.0,1.0,79.4191310405898,5.403538087339064,79.4191310405898,18.27489912703042,1.2433920162727448
Panther_assembly_Carrol,Panther,38,0.9047619047619048,individual_3,True,117,11.202603456734694,13.983313193674915,-6.476878194447668,0.905982905982906,1.0,49.854014241516296,3.737680077871008,54.93498872299389,18.267439576645614,1.2428844815756186
Panther_assembly_Carrol,Panther,38,0.9047619047619048,seasonal_naive,False,117,13.20425982905983,19.460015844948355,3.2724188034188044,0.5384615384615384,0.5897435897435898,25.135515456627665,9.679429127720695,142.26453813544018,26.115010304945926,1.776819400880963
Panther_assembly_Carrol,Panther,38,0.9047619047619048,seasonal_naive,True,117,13.20425982905983,19.460015844948355,3.2724188034188044,0.6666666666666666,0.9829059829059829,37.40716,7.147034324147448,105.04437025641022,26.177015042735047,1.78103809425936
Panther_assembly_Carrol,Panther,38,0.9047619047619048,equal_weight,False,117,11.051186298058328,13.90272536426995,-6.69963828436885,1.0,1.0,79.90281922496729,5.436447381264023,79.90281922496729,17.987955355965706,1.2238688664276471
Panther_assembly_Carrol,Panther,38,0.9047619047619048,equal_weight,True,117,11.051186298058328,13.90272536426995,-6.69963828436885,0.905982905982906,1.0,50.17627649684515,3.7117796284587037,54.554313848006764,17.971902028680155,1.2227766262547894
Panther_assembly_Carrol,Panther,38,0.9047619047619048,naive_independence,False,117,11.05155017966933,13.90276616703109,-6.698661535630488,0.8034188034188035,0.8888888888888888,39.95717042451792,3.99650599774717,58.739112857051516,22.6403579086996,1.5404101589593262
Panther_assembly_Carrol,Panther,38,0.9047619047619048,naive_independence,True,117,11.05155017966933,13.90276616703109,-6.698661535630488,0.905982905982906,1.0,50.17790241385162,3.711857291184587,54.55545530497518,17.972939806328974,1.222847234821996
Panther_assembly_Carrol,Panther,38,0.9047619047619048,duplicate_aware_independence,False,117,11.05155017966933,13.90276616703109,-6.698661535630488,0.8034188034188035,0.8888888888888888,39.95717042451792,3.99650599774717,58.739112857051516,22.6403579086996,1.5404101589593262
Panther_assembly_Carrol,Panther,38,0.9047619047619048,duplicate_aware_independence,True,117,11.05155017966933,13.90276616703109,-6.698661535630488,0.905982905982906,1.0,50.17790241385162,3.711857291184587,54.55545530497518,17.972939806328974,1.222847234821996
Panther_assembly_Carrol,Panther,38,0.9047619047619048,common_corrected,False,117,11.061747112247799,13.905845700479302,-6.678117295334745,1.0,1.0,78.47109455752478,5.339035351319318,78.47109455752478,17.989652039238536,1.2239843057754058
Panther_assembly_Carrol,Panther,38,0.9047619047619048,common_corrected,True,117,11.061747112247799,13.905845700479302,-6.678117295334745,0.905982905982906,1.0,50.10290187426248,3.713426241010267,54.578515127962966,17.983412795424506,1.2235597985925197
Panther_assembly_Carrol,Panther,38,0.9047619047619048,ci,False,117,11.202603456734694,13.983313193674915,-6.476878194447668,1.0,1.0,79.4191310405898,5.403538087339064,79.4191310405898,18.27489912703042,1.2433920162727448
Panther_assembly_Carrol,Panther,38,0.9047619047619048,ci,True,117,11.202603456734694,13.983313193674915,-6.476878194447668,0.905982905982906,1.0,49.854014241516296,3.737680077871008,54.93498872299389,18.267439576645614,1.2428844815756186
Panther_assembly_Carrol,Panther,38,0.9047619047619048,ci_cleaned_mask,True,117,11.202603456734694,13.983313193674915,-6.476878194447668,0.905982905982906,1.0,49.854014241516296,3.737680077871008,54.93498872299389,18.267439576645614,1.2428844815756186
Panther_assembly_Carrol,Panther,38,0.9047619047619048,exact_lineage,False,117,11.206190769313958,13.985881868376465,-6.487703097183025,1.0,1.0,79.41841127552607,5.403489115789202,79.41841127552607,18.26174324157116,1.2424969129491459
Panther_assembly_Carrol,Panther,38,0.9047619047619048,exact_lineage,True,117,11.206190769313958,13.985881868376465,-6.487703097183025,0.905982905982906,1.0,49.93293926421262,3.7379740604201985,54.93930956578623,18.25338336252044,1.2419281214720266
Panther_assembly_Carrol,Panther,38,0.9047619047619048,exact_lineage_cleaned_mask,True,117,11.206190769313958,13.985881868376465,-6.487703097183025,0.905982905982906,1.0,49.93293926421262,3.7379740604201985,54.93930956578623,18.25338336252044,1.2419281214720266
Panther_assembly_Carrol,Panther,38,0.9047619047619048,shrinkage,False,117,10.771672022883594,13.653929231439173,-6.462946385804051,0.6752136752136753,0.7521367521367521,29.067410304597782,4.971563084202691,73.07012806775407,25.013606857582015,1.7018818461711824
Panther_assembly_Carrol,Panther,38,0.9047619047619048,shrinkage,True,117,10.771672022883594,13.653929231439173,-6.462946385804051,0.905982905982906,1.0,48.88034720790609,3.64984892443337,53.644080105054464,17.7554248776971,1.2080479013864984
Panther_assembly_Carrol,Panther,38,0.9047619047619048,shrinkage_cleaned_mask,True,117,10.771672022883594,13.653929231439173,-6.462946385804051,0.905982905982906,1.0,48.88034720790609,3.64984892443337,53.644080105054464,17.7554248776971,1.2080479013864984
Panther_assembly_Carrol,Panther,38,0.9047619047619048,pooled_privileged,False,117,10.96304132052449,13.860565406829966,-6.912058927451202,1.0,1.0,79.36819991379974,5.400072822989842,79.36819991379974,17.494805896072773,1.1903158439459451
Panther_assembly_Carrol,Panther,38,0.9047619047619048,pooled_privileged,True,117,10.96304132052449,13.860565406829966,-6.912058927451202,0.9230769230769231,1.0,50.40234980452451,3.678474187870815,54.064803251863886,17.49589574496034,1.190389995348715
Panther_assembly_Carrol,Panther,38,0.9047619047619048,sketch_512,False,117,11.202603456734694,13.983313193674915,-6.476878194447668,1.0,1.0,79.4191310405898,5.403538087339064,79.4191310405898,18.27489912703042,1.2433920162727448
Panther_assembly_Carrol,Panther,38,0.9047619047619048,sketch_512,True,117,11.202603456734694,13.983313193674915,-6.476878194447668,0.905982905982906,1.0,49.854014241516296,3.737680077871008,54.93498872299389,18.267439576645614,1.2428844815756186
Panther_assembly_Carrol,Panther,38,0.9047619047619048,uninflated_512,False,117,11.162133951979365,13.948784663482426,-6.517913274292645,1.0,1.0,79.34282730975485,5.398346515606027,79.34282730975485,18.172797018932055,1.2364451682944517
Panther_assembly_Carrol,Panther,38,0.9047619047619048,uninflated_512,True,117,11.162133951979365,13.948784663482426,-6.517913274292645,0.905982905982906,1.0,49.99191388488526,3.729438903211243,54.81386309758823,18.159691473545735,1.2355534900209366
Panther_assembly_Carrol,Panther,38,0.9047619047619048,sketch_2048,False,117,11.202603456734694,13.983313193674915,-6.476878194447668,1.0,1.0,79.4191310405898,5.403538087339064,79.4191310405898,18.27489912703042,1.2433920162727448
Panther_assembly_Carrol,Panther,38,0.9047619047619048,sketch_2048,True,117,11.202603456734694,13.983313193674915,-6.476878194447668,0.905982905982906,1.0,49.854014241516296,3.737680077871008,54.93498872299389,18.267439576645614,1.2428844815756186
Panther_assembly_Carrol,Panther,38,0.9047619047619048,sketch_2048_cleaned_mask,True,117,11.202603456734694,13.983313193674915,-6.476878194447668,0.905982905982906,1.0,49.854014241516296,3.737680077871008,54.93498872299389,18.267439576645614,1.2428844815756186
Panther_assembly_Carrol,Panther,38,0.9047619047619048,uninflated_2048,False,117,11.20563912460073,13.985431154948266,-6.484075317230962,1.0,1.0,79.41087494171535,5.402976356882732,79.41087494171535,18.268510092981106,1.2429573176255244
Panther_assembly_Carrol,Panther,38,0.9047619047619048,uninflated_2048,True,117,11.20563912460073,13.985431154948266,-6.484075317230962,0.905982905982906,1.0,49.91598458639144,3.738222045639231,54.94295435745571,18.260360455240523,1.2424028305976222
Peacock_assembly_Dena,Peacock,0,0.0,individual_0,False,117,19.797247898530124,26.79430534815713,2.5261450892651114,0.9487179487179487,0.9743589743589743,118.84858089422708,0.5312450042731041,130.52856501596742,37.09735167616031,0.15098444349948836
Peacock_assembly_Dena,Peacock,0,0.0,individual_0,True,117,19.797247898530124,26.79430534815713,2.5261450892651114,0.8034188034188035,0.8888888888888888,69.19505716022051,0.5138190299989439,126.24694844034696,33.64938434099456,0.1369513816828693
Peacock_assembly_Dena,Peacock,0,0.0,individual_1,False,117,20.79008438973738,27.302588652344145,-5.975300546672283,0.9572649572649573,0.9829059829059829,119.26089663212791,0.5422601145178803,133.23501217721767,34.8788495886286,0.1419552463208746
Peacock_assembly_Dena,Peacock,0,0.0,individual_1,True,117,20.79008438973738,27.302588652344145,-5.975300546672283,0.8803418803418803,0.9145299145299145,75.51038703576866,0.48774600835165016,119.84072518388892,34.289887238358354,0.13955819778021428
Peacock_assembly_Dena,Peacock,0,0.0,individual_2,False,117,19.699022790090364,27.196470030544813,10.259790780616234,0.9572649572649573,0.9658119658119658,119.58519529559355,0.5632009047131079,138.38023005691056,43.513100789571865,0.17709623492807372
Peacock_assembly_Dena,Peacock,0,0.0,individual_2,True,117,19.699022790090364,27.196470030544813,10.259790780616234,0.8290598290598291,0.8632478632478633,67.34441475430314,0.5495136018740333,135.01721678779202,31.06776403400174,0.12644431075282297
Peacock_assembly_Dena,Peacock,0,0.0,individual_3,False,117,18.616363530844826,25.246650151379345,6.030723799149753,0.9572649572649573,0.9829059829059829,119.90203318667888,0.5262852820442632,129.3099456968188,39.20305937499223,0.159554572921558
Peacock_assembly_Dena,Peacock,0,0.0,individual_3,True,117,18.616363530844826,25.246650151379345,6.030723799149753,0.8461538461538461,0.8632478632478633,69.06548428966997,0.4845715320649568,119.06074639623657,30.84979405724498,0.12555718339323402
Peacock_assembly_Dena,Peacock,0,0.0,seasonal_naive,False,117,13.212388034188033,23.072927049516444,0.5443008547008552,0.9572649572649573,0.9572649572649573,92.52606179544208,0.5243365922516389,128.8311464982446,31.982982363801142,0.13016920549494804
Peacock_assembly_Dena,Peacock,0,0.0,seasonal_naive,True,117,13.212388034188033,23.072927049516444,0.5443008547008552,0.8376068376068376,0.9145299145299145,40.239959999999975,0.49766410147407425,122.2776317948718,27.08423914529912,0.11023155535892154
Peacock_assembly_Dena,Peacock,0,0.0,equal_weight,False,117,18.487802405225057,25.377760080069447,3.2103397805897034,0.9658119658119658,0.9743589743589743,119.37756773241664,0.5383714485612741,132.27955474597695,37.366361481356364,0.15207930051483518
Peacock_assembly_Dena,Peacock,0,0.0,equal_weight,True,117,18.487802405225057,25.377760080069447,3.2103397805897034,0.811965811965812,0.8888888888888888,63.40741774624703,0.49143665552239846,120.74752877790515,31.781820384653166,0.12935048588013437
Peacock_assembly_Dena,Peacock,0,0.0,naive_independence,False,117,18.489630135583113,25.378401891522255,3.188377120626247,0.7777777777777778,0.8803418803418803,59.698068131099866,0.5078819144293248,124.78818050953751,31.718279637207765,0.1290918780831053
Peacock_assembly_Dena,Peacock,0,0.0,naive_independence,True,117,18.489630135583113,25.378401891522255,3.188377120626247,0.811965811965812,0.8888888888888888,63.4319996487603,0.4913498498212102,120.7262003446584,31.794812029099408,0.12940336125042987
Peacock_assembly_Dena,Peacock,0,0.0,duplicate_aware_independence,False,117,18.489630135583113,25.378401891522255,3.188377120626247,0.7777777777777778,0.8803418803418803,59.698068131099866,0.5078819144293248,124.78818050953751,31.718279637207765,0.1290918780831053
Peacock_assembly_Dena,Peacock,0,0.0,duplicate_aware_independence,True,117,18.489630135583113,25.378401891522255,3.188377120626247,0.811965811965812,0.8888888888888888,63.4319996487603,0.4913498498212102,120.7262003446584,31.794812029099408,0.12940336125042987
Peacock_assembly_Dena,Peacock,0,0.0,common_corrected,False,117,18.557394219198144,25.44090088909184,2.7541873059382294,0.9658119658119658,0.9743589743589743,117.31922175058452,0.5329212559603198,130.940425316917,36.91703371953123,0.1502505580574151
Peacock_assembly_Dena,Peacock,0,0.0,common_corrected,True,117,18.557394219198144,25.44090088909184,2.7541873059382294,0.811965811965812,0.8888888888888888,63.44359424450236,0.49340842634773,121.23199905866203,32.12665630606942,0.13075395155466998
Peacock_assembly_Dena,Peacock,0,0.0,ci,False,117,21.609423791242786,28.765180575010284,-2.1128274901399298,0.9487179487179487,0.9743589743589743,118.75359919885693,0.5520339064644973,135.6364635363738,37.53364005382748,0.1527601162882741
Peacock_assembly_Dena,Peacock,0,0.0,ci,True,117,21.609423791242786,28.765180575010284,-2.1128274901399298,0.8290598290598291,0.8717948717948718,74.7930042451457,0.5326949925989167,130.88483169882724,36.964012713089325,0.15044176030981452
Peacock_assembly_Dena,Peacock,0,0.0,ci_cleaned_mask,True,117,21.609423791242786,28.765180575010284,-2.1128274901399298,0.8290598290598291,0.8717948717948718,74.7930042451457,0.5326949925989167,130.88483169882724,36.964012713089325,0.15044176030981452
Peacock_assembly_Dena,Peacock,0,0.0,exact_lineage,False,117,18.557394219198144,25.44090088909184,2.7541873059382325,0.9658119658119658,0.9743589743589743,117.31922175058452,0.53292125596032,130.94042531691701,36.91703371953123,0.1502505580574151
Peacock_assembly_Dena,Peacock,0,0.0,exact_lineage,True,117,18.557394219198144,25.44090088909184,2.7541873059382325,0.811965811965812,0.8888888888888888,63.44359424450242,0.4934084263477297,121.23199905866194,32.12665630606942,0.13075395155466998
Peacock_assembly_Dena,Peacock,0,0.0,exact_lineage_cleaned_mask,True,117,18.557394219198144,25.44090088909184,2.7541873059382325,0.811965811965812,0.8888888888888888,63.44359424450242,0.4934084263477297,121.23199905866194,32.12665630606942,0.13075395155466998
Peacock_assembly_Dena,Peacock,0,0.0,shrinkage,False,117,18.44151408190678,25.236383097768158,3.389280913375866,0.8632478632478633,0.8974358974358975,68.34625853594518,0.47526001700370174,116.77287791880357,31.618847034985354,0.12868719215718502
Peacock_assembly_Dena,Peacock,0,0.0,shrinkage,True,117,18.44151408190678,25.236383097768158,3.389280913375866,0.8034188034188035,0.8717948717948718,63.11461670885536,0.4894819194081824,120.26724397913772,31.64657672930396,0.12880005068416706
Peacock_assembly_Dena,Peacock,0,0.0,shrinkage_cleaned_mask,True,117,18.44151408190678,25.236383097768158,3.389280913375866,0.8034188034188035,0.8717948717948718,63.11461670885536,0.4894819194081824,120.26724397913772,31.64657672930396,0.12880005068416706
Peacock_assembly_Dena,Peacock,0,0.0,pooled_privileged,False,117,18.513593936910965,25.15347956509227,1.5720552088258262,0.9658119658119658,0.9743589743589743,117.16796804832968,0.5298133419560456,130.17680109097998,35.8702060061766,0.1459900194313584
Peacock_assembly_Dena,Peacock,0,0.0,pooled_privileged,True,117,18.513593936910965,25.15347956509227,1.5720552088258262,0.7948717948717948,0.905982905982906,62.28353624455355,0.4838096858062281,118.87355837919213,31.40294411792395,0.1278084776314961
Peacock_assembly_Dena,Peacock,0,0.0,sketch_512,False,117,18.675156591368008,25.584009653459997,2.2102541688106427,0.9658119658119658,0.9743589743589743,118.54210249599197,0.5363090545972926,131.77281807560686,36.92943877656735,0.15030104604506253
Peacock_assembly_Dena,Peacock,0,0.0,sketch_512,True,117,18.675156591368008,25.584009653459997,2.2102541688106427,0.8290598290598291,0.8974358974358975,65.44906048188612,0.49125112636561125,120.70194368174562,32.58841805963938,0.13263329976261526
Peacock_assembly_Dena,Peacock,0,0.0,uninflated_512,False,117,18.528445280060474,25.41396039596751,2.6923254604830587,0.9658119658119658,0.9743589743589743,117.33637222037915,0.533153906319028,130.997588240292,36.90150020111597,0.15018733738188036
Peacock_assembly_Dena,Peacock,0,0.0,uninflated_512,True,117,18.528445280060474,25.41396039596751,2.6923254604830587,0.8034188034188035,0.8888888888888888,63.18813371284343,0.49268937999625184,121.05532711316893,32.14028173986385,0.1308094064172394
Peacock_assembly_Dena,Peacock,0,0.0,sketch_2048,False,117,18.59127300425078,25.465978704337555,2.5582302992869326,0.9658119658119658,0.9743589743589743,117.85991501285358,0.5340691571969505,131.2224682537771,36.955681437795704,0.15040785241863056
Peacock_assembly_Dena,Peacock,0,0.0,sketch_2048,True,117,18.59127300425078,25.465978704337555,2.5582302992869326,0.811965811965812,0.8888888888888888,63.80912154237831,0.49254774772482585,121.02052761952572,32.2950372502696,0.13143925392821704
Peacock_assembly_Dena,Peacock,0,0.0,sketch_2048_cleaned_mask,True,117,18.59127300425078,25.465978704337555,2.5582302992869326,0.811965811965812,0.8888888888888888,63.80912154237831,0.49254774772482585,121.02052761952572,32.2950372502696,0.13143925392821704
Peacock_assembly_Dena,Peacock,0,0.0,uninflated_2048,False,117,18.55330884160733,25.43037740913061,2.747668987439513,0.9658119658119658,0.9743589743589743,117.31600797552333,0.5326991574000289,130.88585500353295,36.914797907893046,0.15024145841119485
Peacock_assembly_Dena,Peacock,0,0.0,uninflated_2048,True,117,18.55330884160733,25.43037740913061,2.747668987439513,0.811965811965812,0.8888888888888888,63.48718250219755,0.49292405502722686,121.11298750487494,32.13489543999782,0.1307874844349132
Peacock_assembly_Dena,Peacock,21,0.5,individual_0,False,117,24.144640291713138,31.78933185120245,-4.895300966383762,0.9572649572649573,0.9658119658119658,127.62932004799322,0.6281800851698139,154.3458186510711,38.129693954370246,0.15518602709869408
Peacock_assembly_Dena,Peacock,21,0.5,individual_0,True,117,24.144640291713138,31.78933185120245,-4.895300966383762,0.8888888888888888,0.905982905982906,84.4118906312057,0.5873637567899378,144.31711865428608,37.290988720309194,0.15177253698947443
Peacock_assembly_Dena,Peacock,21,0.5,individual_1,False,117,18.259873864643907,25.27470393767297,3.731690961063463,0.9658119658119658,0.9829059829059829,127.93933021822338,0.5678892361793784,139.53216781385726,40.4397658609524,0.16458790905252763
Peacock_assembly_Dena,Peacock,21,0.5,individual_1,True,117,18.259873864643907,25.27470393767297,3.731690961063463,0.8461538461538461,0.8974358974358975,63.45922255978878,0.49157011740171175,120.78032078056113,32.1646320846659,0.13090851115363816
Peacock_assembly_Dena,Peacock,21,0.5,individual_2,False,117,18.742276516332044,25.37229406573055,-1.6280441708438758,0.9658119658119658,0.9743589743589743,128.37738912481612,0.5651554662354951,138.86047195791764,35.82219925420348,0.14579463425146327
Peacock_assembly_Dena,Peacock,21,0.5,individual_2,True,117,18.742276516332044,25.37229406573055,-1.6280441708438758,0.8547008547008547,0.9145299145299145,67.58423986943914,0.47625609178534684,117.01761661912252,30.601455379622845,0.12454645687648719
Peacock_assembly_Dena,Peacock,21,0.5,individual_3,False,117,27.25309679023926,34.121631559239866,-12.919692025901274,0.9572649572649573,0.9658119658119658,128.53487532246322,0.6183967066596587,151.94201184316347,36.0887535719662,0.14687949755063112
Peacock_assembly_Dena,Peacock,21,0.5,individual_3,True,117,27.25309679023926,34.121631559239866,-12.919692025901274,0.8717948717948718,0.9401709401709402,89.50293182481307,0.5793866725297536,142.35712401317315,35.8224812666093,0.14579578202844
Peacock_assembly_Dena,Peacock,21,0.5,seasonal_naive,False,117,13.212388034188033,23.072927049516444,0.5443008547008552,0.9572649572649573,0.9572649572649573,92.52606179544208,0.5243365922516389,128.8311464982446,31.982982363801142,0.13016920549494804
Peacock_assembly_Dena,Peacock,21,0.5,seasonal_naive,True,117,13.212388034188033,23.072927049516444,0.5443008547008552,0.8376068376068376,0.9145299145299145,40.239959999999975,0.49766410147407425,122.2776317948718,27.08423914529912,0.11023155535892154
Peacock_assembly_Dena,Peacock,21,0.5,equal_weight,False,117,20.896506872160188,27.540554927591824,-3.92783655051636,0.9572649572649573,0.9743589743589743,128.1022065571888,0.5853137410277702,143.81342334695424,35.27247194004846,0.1435572704275248
Peacock_assembly_Dena,Peacock,21,0.5,equal_weight,True,117,20.896506872160188,27.540554927591824,-3.92783655051636,0.8547008547008547,0.9230769230769231,70.42867183412046,0.5156858286070021,126.7056267178341,31.884303838325586,0.12976758862524973
Peacock_assembly_Dena,Peacock,21,0.5,naive_independence,False,117,20.89166757017446,27.538673079514577,-3.9072309737524087,0.811965811965812,0.8717948717948718,64.0587927192598,0.5333561832957177,131.04728832836943,33.3441407942896,0.1357090550760168
Peacock_assembly_Dena,Peacock,21,0.5,naive_independence,True,117,20.89166757017446,27.538673079514577,-3.9072309737524087,0.8547008547008547,0.9230769230769231,70.40216759670842,0.5158283725307266,126.74065020730853,31.8891015339258,0.12978711501642184
Peacock_assembly_Dena,Peacock,21,0.5,duplicate_aware_independence,False,117,20.89166757017446,27.538673079514577,-3.9072309737524087,0.811965811965812,0.8717948717948718,64.0587927192598,0.5333561832957177,131.04728832836943,33.3441407942896,0.1357090550760168
Peacock_assembly_Dena,Peacock,21,0.5,duplicate_aware_independence,True,117,20.89166757017446,27.538673079514577,-3.9072309737524087,0.8547008547008547,0.9230769230769231,70.40216759670842,0.5158283725307266,126.74065020730853,31.8891015339258,0.12978711501642184
Peacock_assembly_Dena,Peacock,21,0.5,common_corrected,False,117,20.810160794300554,27.544462249482912,-3.4829268946940695,0.9572649572649573,0.9743589743589743,125.85919993107363,0.5817244911824284,142.9315333940552,35.191136314965284,0.1432262383312968
Peacock_assembly_Dena,Peacock,21,0.5,common_corrected,True,117,20.810160794300554,27.544462249482912,-3.4829268946940695,0.8547008547008547,0.9230769230769231,69.86819362119441,0.5200810501918373,127.78554645690201,32.0624520587712,0.1304926433450369
Peacock_assembly_Dena,Peacock,21,0.5,ci,False,117,23.024074440070326,31.05262678878462,-0.6533298150097422,0.9658119658119658,0.9658119658119658,127.56099392613615,0.6243485912976448,153.40440858042766,40.73154216711834,0.1657754246357791
Peacock_assembly_Dena,Peacock,21,0.5,ci,True,117,23.024074440070326,31.05262678878462,-0.6533298150097422,0.7863247863247863,0.8888888888888888,68.95505559459085,0.6233704194443355,153.16406868579435,40.33108901262729,0.16414559948798288
Peacock_assembly_Dena,Peacock,21,0.5,ci_cleaned_mask,True,117,23.024074440070326,31.05262678878462,-0.6533298150097422,0.7863247863247863,0.8888888888888888,68.95505559459085,0.6233704194443355,153.16406868579435,40.33108901262729,0.16414559948798288
Peacock_assembly_Dena,Peacock,21,0.5,exact_lineage,False,117,20.397867783635192,27.469349889204956,-2.0560556198213775,0.9658119658119658,0.9743589743589743,126.80337603511299,0.586599083945924,144.12923613636505,36.380190186256314,0.14806563060422712
Peacock_assembly_Dena,Peacock,21,0.5,exact_lineage,True,117,20.397867783635192,27.469349889204956,-2.0560556198213775,0.8547008547008547,0.905982905982906,66.32218499326356,0.5317925066864353,130.66308807741754,32.5112239592581,0.13231912347344904
Peacock_assembly_Dena,Peacock,21,0.5,exact_lineage_cleaned_mask,True,117,20.397867783635192,27.469349889204956,-2.0560556198213775,0.8547008547008547,0.905982905982906,66.32218499326356,0.5317925066864353,130.66308807741754,32.5112239592581,0.13231912347344904
Peacock_assembly_Dena,Peacock,21,0.5,shrinkage,False,117,18.422810864962386,25.376324078602096,0.012622593104100781,0.8717948717948718,0.9316239316239316,70.43494100813894,0.47622478087842673,117.00992343101392,30.729322721923328,0.12506687083184248
Peacock_assembly_Dena,Peacock,21,0.5,shrinkage,True,117,18.422810864962386,25.376324078602096,0.012622593104100781,0.8205128205128205,0.905982905982906,63.165644920631856,0.49114849616643275,120.6767271196729,30.73920491562733,0.12510709088663177
Peacock_assembly_Dena,Peacock,21,0.5,shrinkage_cleaned_mask,True,117,18.422810864962386,25.376324078602096,0.012622593104100781,0.8205128205128205,0.905982905982906,63.165644920631856,0.49114849616643275,120.6767271196729,30.73920491562733,0.12510709088663177
Peacock_assembly_Dena,Peacock,21,0.5,pooled_privileged,False,117,18.359828459605637,25.29126839597723,2.6450973228910195,0.9658119658119658,0.9743589743589743,125.91455159571507,0.5588156664427592,137.3027632495475,37.84685703261211,0.15403489438157875
Peacock_assembly_Dena,Peacock,21,0.5,pooled_privileged,True,117,18.359828459605637,25.29126839597723,2.6450973228910195,0.8034188034188035,0.905982905982906,63.071521298626216,0.4911317647186147,120.67261615042752,31.16347795705816,0.12683386183274853
Peacock_assembly_Dena,Peacock,21,0.5,sketch_512,False,117,23.024074440070326,31.05262678878462,-0.6533298150097422,0.9658119658119658,0.9658119658119658,127.56099392613615,0.6243485912976448,153.40440858042766,40.73154216711834,0.1657754246357791
Peacock_assembly_Dena,Peacock,21,0.5,sketch_512,True,117,23.024074440070326,31.05262678878462,-0.6533298150097422,0.7863247863247863,0.8888888888888888,68.95505559459085,0.6233704194443355,153.16406868579435,40.33108901262729,0.16414559948798288
Peacock_assembly_Dena,Peacock,21,0.5,uninflated_512,False,117,20.514549147443915,27.475126843812756,-2.5061215745743426,0.9658119658119658,0.9743589743589743,126.75774213766381,0.5848131554021588,143.69042788750878,35.9136933845979,0.14616701097748028
Peacock_assembly_Dena,Peacock,21,0.5,uninflated_512,True,117,20.514549147443915,27.475126843812756,-2.5061215745743426,0.8461538461538461,0.905982905982906,66.97875077098365,0.5278528474359716,129.69510143381885,32.349667203913626,0.13166159522150797
Peacock_assembly_Dena,Peacock,21,0.5,sketch_2048,False,117,20.738717263249047,27.767678112836027,-1.270223393555046,0.9658119658119658,0.9743589743589743,127.346709179601,0.590015732511864,144.968717413156,37.15282230582733,0.15121020630390503
Peacock_assembly_Dena,Peacock,21,0.5,sketch_2048,True,117,20.738717263249047,27.767678112836027,-1.270223393555046,0.8290598290598291,0.905982905982906,65.42786408110507,0.5404910971872559,132.80035906651082,33.259241971250695,0.1353635209348687
Peacock_assembly_Dena,Peacock,21,0.5,sketch_2048_cleaned_mask,True,117,20.738717263249047,27.767678112836027,-1.270223393555046,0.8290598290598291,0.905982905982906,65.42786408110507,0.5404910971872559,132.80035906651082,33.259241971250695,0.1353635209348687
Peacock_assembly_Dena,Peacock,21,0.5,uninflated_2048,False,117,20.481252056106385,27.542329261203893,-2.0770421945692936,0.9658119658119658,0.9743589743589743,126.78845005017637,0.5873316487004702,144.30922959592337,36.37354570887141,0.14803858789969493
Peacock_assembly_Dena,Peacock,21,0.5,uninflated_2048,True,117,20.481252056106385,27.542329261203893,-2.0770421945692936,0.8290598290598291,0.905982905982906,66.11047922171575,0.5339005496060383,131.18104083946628,32.55816317798039,0.13251016384417286
Peacock_assembly_Dena,Peacock,38,0.9047619047619048,individual_0,False,117,19.94378994648065,25.993894258556157,-4.763467022609935,0.9572649572649573,0.9658119658119658,107.7106365865444,0.5144328939379519,126.39777673695069,31.228201624894254,0.12709728405907847
Peacock_assembly_Dena,Peacock,38,0.9047619047619048,individual_0,True,117,19.94378994648065,25.993894258556157,-4.763467022609935,0.8376068376068376,0.9230769230769231,65.09226529905395,0.477145876543678,117.23623952709124,30.367910789827246,0.12359594158821488
Peacock_assembly_Dena,Peacock,38,0.9047619047619048,individual_1,False,117,20.719195009542418,26.779646403381374,-6.5864945084343,0.9487179487179487,0.9658119658119658,107.47912668542293,0.5198737610486291,127.73461486377886,30.63704178735904,0.12469129185056023
Peacock_assembly_Dena,Peacock,38,0.9047619047619048,individual_1,True,117,20.719195009542418,26.779646403381374,-6.5864945084343,0.8632478632478633,0.9316239316239316,69.05989492816805,0.48142355910758455,118.28727955978678,30.45056051719085,0.12393232201774829
Peacock_assembly_Dena,Peacock,38,0.9047619047619048,individual_2,False,117,20.34137622324233,26.4209106405215,-5.002219844030181,0.9572649572649573,0.9658119658119658,107.7092607500647,0.5102328180070319,125.36580489757081,32.52710384646588,0.13238375385337023
Peacock_assembly_Dena,Peacock,38,0.9047619047619048,individual_2,True,117,20.34137622324233,26.4209106405215,-5.002219844030181,0.8034188034188035,0.905982905982906,67.11267772638314,0.49503135541927534,121.6307578255729,31.794309357383973,0.12940131540063768
Peacock_assembly_Dena,Peacock,38,0.9047619047619048,individual_3,False,117,19.190730152859366,25.240162985102536,-3.0456540638382075,0.9572649572649573,0.9658119658119658,107.33362604234866,0.5073765744977896,124.66401690220378,31.60788816510967,0.1286425900819747
Peacock_assembly_Dena,Peacock,38,0.9047619047619048,individual_3,True,117,19.190730152859366,25.240162985102536,-3.0456540638382075,0.8461538461538461,0.9230769230769231,62.537875677960656,0.47594880699289194,116.94211578111417,30.17748652005971,0.1228209239359946
Peacock_assembly_Dena,Peacock,38,0.9047619047619048,seasonal_naive,False,117,13.212388034188033,23.072927049516444,0.5443008547008552,0.9572649572649573,0.9572649572649573,92.52606179544208,0.5243365922516389,128.8311464982446,31.982982363801142,0.13016920549494804
Peacock_assembly_Dena,Peacock,38,0.9047619047619048,seasonal_naive,True,117,13.212388034188033,23.072927049516444,0.5443008547008552,0.8376068376068376,0.9145299145299145,40.239959999999975,0.49766410147407425,122.2776317948718,27.08423914529912,0.11023155535892154
Peacock_assembly_Dena,Peacock,38,0.9047619047619048,equal_weight,False,117,19.964564194867517,25.96906303625382,-4.849458859728154,0.9572649572649573,0.9658119658119658,107.55299156081519,0.5128153096711756,126.00033120534779,31.24522706703773,0.12716657679268936
Peacock_assembly_Dena,Peacock,38,0.9047619047619048,equal_weight,True,117,19.964564194867517,25.96906303625382,-4.849458859728154,0.8376068376068376,0.9230769230769231,65.674626740856,0.4804564214844354,118.04965081013795,30.49639090513436,0.12411884950034113
Peacock_assembly_Dena,Peacock,38,0.9047619047619048,naive_independence,False,117,19.963753025037896,25.967518163693224,-4.849677046380452,0.7521367521367521,0.8290598290598291,53.77872106889662,0.5300642894236133,130.23845967143257,34.016254608276576,0.13844452608912297
Peacock_assembly_Dena,Peacock,38,0.9047619047619048,naive_independence,True,117,19.963753025037896,25.967518163693224,-4.849677046380452,0.8376068376068376,0.9230769230769231,65.67384569088287,0.480411394188423,118.03858746217651,30.495756525650407,0.12411626760624293
Peacock_assembly_Dena,Peacock,38,0.9047619047619048,duplicate_aware_independence,False,117,19.963753025037896,25.967518163693224,-4.849677046380452,0.7521367521367521,0.8290598290598291,53.77872106889662,0.5300642894236133,130.23845967143257,34.016254608276576,0.13844452608912297
Peacock_assembly_Dena,Peacock,38,0.9047619047619048,duplicate_aware_independence,True,117,19.963753025037896,25.967518163693224,-4.849677046380452,0.8376068376068376,0.9230769230769231,65.67384569088287,0.480411394188423,118.03858746217651,30.495756525650407,0.12411626760624293
Peacock_assembly_Dena,Peacock,38,0.9047619047619048,common_corrected,False,117,19.951622158202422,25.939337899046436,-4.862864546741055,0.9572649572649573,0.9658119658119658,105.77630932748933,0.5086630880478266,124.98011731954267,31.082688862266387,0.1265050540886151
Peacock_assembly_Dena,Peacock,38,0.9047619047619048,common_corrected,True,117,19.951622158202422,25.939337899046436,-4.862864546741055,0.8376068376068376,0.9230769230769231,65.46825237235021,0.4804599386797311,118.05051499606182,30.50740861749942,0.12416369106166329
Peacock_assembly_Dena,Peacock,38,0.9047619047619048,ci,False,117,20.128215833580228,25.813421967375113,-5.592202280338856,0.9572649572649573,0.9658119658119658,107.32015659861294,0.5059033647145995,124.30204463437909,30.231667300596914,0.12304143711626657
Peacock_assembly_Dena,Peacock,38,0.9047619047619048,ci,True,117,20.128215833580228,25.813421967375113,-5.592202280338856,0.8376068376068376,0.9230769230769231,66.66212528944386,0.4652813933159241,114.32109875792065,29.687729845141536,0.12082763773976729
Peacock_assembly_Dena,Peacock,38,0.9047619047619048,ci_cleaned_mask,True,117,20.128215833580228,25.813421967375113,-5.592202280338856,0.8376068376068376,0.9230769230769231,66.66212528944386,0.4652813933159241,114.32109875792065,29.687729845141536,0.12082763773976729
Peacock_assembly_Dena,Peacock,38,0.9047619047619048,exact_lineage,False,117,19.700815813991763,25.55046910064793,-4.704290035458871,0.9572649572649573,0.9658119658119658,107.24351803101088,0.5067572683409406,124.51185143559452,30.88770736583753,0.12571148874227997
Peacock_assembly_Dena,Peacock,38,0.9047619047619048,exact_lineage,True,117,19.700815813991763,25.55046910064793,-4.704290035458871,0.8461538461538461,0.9230769230769231,64.57492371433793,0.47150746434378293,115.85086395178988,30.112963196556212,0.1225583171014972
Peacock_assembly_Dena,Peacock,38,0.9047619047619048,exact_lineage_cleaned_mask,True,117,19.700815813991763,25.55046910064793,-4.704290035458871,0.8461538461538461,0.9230769230769231,64.57492371433793,0.47150746434378293,115.85086395178988,30.112963196556212,0.1225583171014972
Peacock_assembly_Dena,Peacock,38,0.9047619047619048,shrinkage,False,117,19.865223091469918,25.857479431656632,-4.562921919715253,0.8547008547008547,0.9230769230769231,70.65416521509083,0.46912385185362176,115.26520288130021,31.252330347417534,0.12719548680342346
Peacock_assembly_Dena,Peacock,38,0.9047619047619048,shrinkage,True,117,19.865223091469918,25.857479431656632,-4.562921919715253,0.8290598290598291,0.9230769230769231,64.85478066594159,0.48226490414251555,118.49400067567402,30.522782049677545,0.12422626019388475
Peacock_assembly_Dena,Peacock,38,0.9047619047619048,shrinkage_cleaned_mask,True,117,19.865223091469918,25.857479431656632,-4.562921919715253,0.8290598290598291,0.9230769230769231,64.85478066594159,0.48226490414251555,118.49400067567402,30.522782049677545,0.12422626019388475
Peacock_assembly_Dena,Peacock,38,0.9047619047619048,pooled_privileged,False,117,19.262438804558943,25.649247504971925,-2.441200551442877,0.9572649572649573,0.9658119658119658,106.93119648018853,0.5132546072118434,126.10826798995222,32.34375717945478,0.13163754170518752
Peacock_assembly_Dena,Peacock,38,0.9047619047619048,pooled_privileged,True,117,19.262438804558943,25.649247504971925,-2.441200551442877,0.8376068376068376,0.9230769230769231,64.077272774315,0.4873339555168584,119.7394825090336,31.019155713174737,0.12624647721652163
Peacock_assembly_Dena,Peacock,38,0.9047619047619048,sketch_512,False,117,20.128215833580228,25.813421967375113,-5.592202280338856,0.9572649572649573,0.9658119658119658,107.32015659861294,0.5059033647145995,124.30204463437909,30.231667300596914,0.12304143711626657
Peacock_assembly_Dena,Peacock,38,0.9047619047619048,sketch_512,True,117,20.128215833580228,25.813421967375113,-5.592202280338856,0.8376068376068376,0.9230769230769231,66.66212528944386,0.4652813933159241,114.32109875792065,29.687729845141536,0.12082763773976729
Peacock_assembly_Dena,Peacock,38,0.9047619047619048,uninflated_512,False,117,19.639365304445562,25.505780745607378,-4.419875110259475,0.9572649572649573,0.9658119658119658,107.25663413544443,0.5071818826949637,124.61618051515295,31.069168256635372,0.12645002587164708
Peacock_assembly_Dena,Peacock,38,0.9047619047619048,uninflated_512,True,117,19.639365304445562,25.505780745607378,-4.419875110259475,0.8461538461538461,0.9230769230769231,64.16088828005729,0.47236825245094227,116.06236229155132,30.123372765351288,0.12260068354763369
Peacock_assembly_Dena,Peacock,38,0.9047619047619048,sketch_2048,False,117,20.128215833580228,25.813421967375113,-5.592202280338856,0.9572649572649573,0.9658119658119658,107.32015659861294,0.5059033647145995,124.30204463437909,30.231667300596914,0.12304143711626657
Peacock_assembly_Dena,Peacock,38,0.9047619047619048,sketch_2048,True,117,20.128215833580228,25.813421967375113,-5.592202280338856,0.8376068376068376,0.9230769230769231,66.66212528944386,0.4652813933159241,114.32109875792065,29.687729845141536,0.12082763773976729
Peacock_assembly_Dena,Peacock,38,0.9047619047619048,sketch_2048_cleaned_mask,True,117,20.128215833580228,25.813421967375113,-5.592202280338856,0.8376068376068376,0.9230769230769231,66.66212528944386,0.4652813933159241,114.32109875792065,29.687729845141536,0.12082763773976729
Peacock_assembly_Dena,Peacock,38,0.9047619047619048,uninflated_2048,False,117,19.757545668102384,25.598163263739586,-4.720697608473669,0.9572649572649573,0.9658119658119658,107.23942180352748,0.5069655449729921,124.56302565782602,30.881559487534155,0.125686467172211
Peacock_assembly_Dena,Peacock,38,0.9047619047619048,uninflated_2048,True,117,19.757545668102384,25.598163263739586,-4.720697608473669,0.8461538461538461,0.9230769230769231,64.55816516744544,0.47204896330524043,115.98391194627106,30.087188362889272,0.12245341476368435
Rat_assembly_Adolfo,Rat,0,0.0,individual_0,False,117,8.270035240693879,10.447781155084957,-4.539032597359461,1.0,1.0,68.38637970335674,1.626751631768291,68.38637970335674,15.211206233432465,0.36183893150562063
Rat_assembly_Adolfo,Rat,0,0.0,individual_0,True,117,8.270035240693879,10.447781155084957,-4.539032597359461,0.8461538461538461,0.905982905982906,29.790765499664804,1.093504099068823,45.969393892545405,13.36721417152745,0.3179746838486487
Rat_assembly_Adolfo,Rat,0,0.0,individual_1,False,117,7.700999660638524,9.828193827421174,1.8255346478625207,1.0,1.0,70.24404677061597,1.6709411757396884,70.24404677061597,19.957135339273727,0.4747334574429973
Rat_assembly_Adolfo,Rat,0,0.0,individual_1,True,117,7.700999660638524,9.828193827421174,1.8255346478625207,0.8974358974358975,0.9316239316239316,33.40982902407224,0.9743250655203983,40.959272813359945,13.2113623528995,0.31426733449974564
Rat_assembly_Adolfo,Rat,0,0.0,individual_2,False,117,7.358445894289584,9.695760421627153,0.13847540270250075,1.0,1.0,68.21969802521727,1.6227866654537202,68.21969802521727,18.2516947378902,0.4341650241786704
Rat_assembly_Adolfo,Rat,0,0.0,individual_2,True,117,7.358445894289584,9.695760421627153,0.13847540270250075,0.8376068376068376,0.9230769230769231,30.12205385203046,0.9916247359825898,41.686526937386475,13.859123842377835,0.32967606156756873
Rat_assembly_Adolfo,Rat,0,0.0,individual_3,False,117,10.40876955239593,12.729731358343182,-7.145476470475753,1.0,1.0,68.87900868843829,1.6384701202862384,68.87900868843829,14.787910754188,0.3517697245294941
Rat_assembly_Adolfo,Rat,0,0.0,individual_3,True,117,10.40876955239593,12.729731358343182,-7.145476470475753,0.8803418803418803,0.8974358974358975,38.81778682362376,1.237935342522324,52.041082811094434,14.558838945860355,0.34632064330008056
Rat_assembly_Adolfo,Rat,0,0.0,seasonal_naive,False,117,9.192393162393163,11.132778237351685,2.7282905982905987,0.9914529914529915,0.9914529914529915,52.87800572538184,1.2785857869522304,53.74997104799878,17.41109787127012,0.41416919561799564
Rat_assembly_Adolfo,Rat,0,0.0,seasonal_naive,True,117,9.192393162393163,11.132778237351685,2.7282905982905987,0.8547008547008547,0.9658119658119658,28.508000000000013,1.1002656719082469,46.25364102564102,16.347589743589744,0.38887083080313806
Rat_assembly_Adolfo,Rat,0,0.0,equal_weight,False,117,7.373410492122805,9.44220996905434,-2.430124754317548,1.0,1.0,68.85281494221383,1.637847032478438,68.85281494221383,16.149452400453548,0.3841576079704748
Rat_assembly_Adolfo,Rat,0,0.0,equal_weight,True,117,7.373410492122805,9.44220996905434,-2.430124754317548,0.8205128205128205,0.8717948717948718,27.11664222845101,0.9991579406881118,42.00321240265012,12.990379093953267,0.30901066089538737
Rat_assembly_Adolfo,Rat,0,0.0,naive_independence,False,117,7.385159290031214,9.452940449317314,-2.469495834108376,0.905982905982906,0.9658119658119658,34.45905058390622,0.9419969831401079,39.60024512064648,12.961532128064228,0.3083244592126091
Rat_assembly_Adolfo,Rat,0,0.0,naive_independence,True,117,7.385159290031214,9.452940449317314,-2.469495834108376,0.8205128205128205,0.8717948717948718,27.15643382468297,1.000796257856783,42.07208498146505,13.003542341212869,0.3093237836846301
Rat_assembly_Adolfo,Rat,0,0.0,duplicate_aware_independence,False,117,7.385159290031214,9.452940449317314,-2.469495834108376,0.905982905982906,0.9658119658119658,34.45905058390622,0.9419969831401079,39.60024512064648,12.961532128064228,0.3083244592126091
Rat_assembly_Adolfo,Rat,0,0.0,duplicate_aware_independence,True,117,7.385159290031214,9.452940449317314,-2.469495834108376,0.8205128205128205,0.8717948717948718,27.15643382468297,1.000796257856783,42.07208498146505,13.003542341212869,0.3093237836846301
Rat_assembly_Adolfo,Rat,0,0.0,common_corrected,False,117,7.448092701249211,9.53242604225651,-2.708123526902196,1.0,1.0,67.53720197033752,1.606551684515015,67.53720197033752,15.903276434562278,0.3783016589356979
Rat_assembly_Adolfo,Rat,0,0.0,common_corrected,True,117,7.448092701249211,9.53242604225651,-2.708123526902196,0.8376068376068376,0.8461538461538461,27.050394544957506,1.0288426794900338,43.251117601857786,13.17271103380371,0.3133479102418479
Rat_assembly_Adolfo,Rat,0,0.0,ci,False,117,7.790968055063371,10.305801480113367,-0.302220586785307,1.0,1.0,68.21386333591077,1.622647871875359,68.21386333591077,18.840418202642606,0.4481693750611203
Rat_assembly_Adolfo,Rat,0,0.0,ci,True,117,7.790968055063371,10.305801480113367,-0.302220586785307,0.7948717948717948,0.8376068376068376,27.52602357402194,1.1653294684196132,48.98883268383633,14.889065212794938,0.35417595192906204
Rat_assembly_Adolfo,Rat,0,0.0,ci_cleaned_mask,True,117,7.790968055063371,10.305801480113367,-0.302220586785307,0.7948717948717948,0.8376068376068376,27.52602357402194,1.1653294684196132,48.98883268383633,14.889065212794938,0.35417595192906204
Rat_assembly_Adolfo,Rat,0,0.0,exact_lineage,False,117,7.44809270124921,9.532426042256509,-2.708123526902196,1.0,1.0,67.53720197033752,1.606551684515015,67.53720197033752,15.903276434562278,0.3783016589356979
Rat_assembly_Adolfo,Rat,0,0.0,exact_lineage,True,117,7.44809270124921,9.532426042256509,-2.708123526902196,0.8376068376068376,0.8461538461538461,27.050394544957513,1.0288426794900336,43.25111760185778,13.172711033803708,0.3133479102418479
Rat_assembly_Adolfo,Rat,0,0.0,exact_lineage_cleaned_mask,True,117,7.44809270124921,9.532426042256509,-2.708123526902196,0.8376068376068376,0.8461538461538461,27.050394544957513,1.0288426794900336,43.25111760185778,13.172711033803708,0.3133479102418479
Rat_assembly_Adolfo,Rat,0,0.0,shrinkage,False,117,7.360617722659148,9.42984379515932,-2.4745698004277927,0.7606837606837606,0.8547008547008547,23.973443798483004,1.0652085421910855,44.779887972421946,13.421890357097487,0.3192753021074415
Rat_assembly_Adolfo,Rat,0,0.0,shrinkage,True,117,7.360617722659148,9.42984379515932,-2.4745698004277927,0.8376068376068376,0.8803418803418803,27.794853668609854,0.9743984094056044,40.96235608844919,12.905887208545552,0.30700079704450955
Rat_assembly_Adolfo,Rat,0,0.0,shrinkage_cleaned_mask,True,117,7.360617722659148,9.42984379515932,-2.4745698004277927,0.8376068376068376,0.8803418803418803,27.794853668609854,0.9743984094056044,40.96235608844919,12.905887208545552,0.30700079704450955
Rat_assembly_Adolfo,Rat,0,0.0,pooled_privileged,False,117,8.109707693881548,10.070010675077466,-4.248944758266898,1.0,1.0,67.44276240249837,1.604305188622818,67.44276240249837,14.891008941483207,0.35422218867721383
Rat_assembly_Adolfo,Rat,0,0.0,pooled_privileged,True,117,8.109707693881548,10.070010675077466,-4.248944758266898,0.8376068376068376,0.8717948717948718,28.84533961668294,1.0631930840296766,44.695160909967726,12.98647052848477,0.3089176852870669
Rat_assembly_Adolfo,Rat,0,0.0,sketch_512,False,117,7.3948528264968365,9.525165425987181,-2.8176455355618426,1.0,1.0,68.1264773040345,1.6205691630657226,68.1264773040345,16.039512333268675,0.3815423915419185
Rat_assembly_Adolfo,Rat,0,0.0,sketch_512,True,117,7.3948528264968365,9.525165425987181,-2.8176455355618426,0.8290598290598291,0.8717948717948718,26.790061569256935,1.0455820754796914,43.95481856505229,13.297753868008714,0.3163223860872762
Rat_assembly_Adolfo,Rat,0,0.0,uninflated_512,False,117,7.420393624391182,9.500611235523412,-2.7308572532418594,1.0,1.0,67.51643583091479,1.606057706747249,67.51643583091479,15.849165786720182,0.377014493493471
Rat_assembly_Adolfo,Rat,0,0.0,uninflated_512,True,117,7.420393624391182,9.500611235523412,-2.7308572532418594,0.8376068376068376,0.8461538461538461,26.679860922962426,1.0300843717063415,43.30331661842605,13.111454230316538,0.31189075451198
Rat_assembly_Adolfo,Rat,0,0.0,sketch_2048,False,117,7.480543381214571,9.579424838887059,-2.7891465625829506,1.0,1.0,67.8124548699487,1.613099305628075,67.8124548699487,15.945244456887151,0.37929997978694374
Rat_assembly_Adolfo,Rat,0,0.0,sketch_2048,True,117,7.480543381214571,9.579424838887059,-2.7891465625829506,0.8376068376068376,0.8461538461538461,26.879759742115056,1.0459277185707583,43.969348920643114,13.278485265241162,0.3158640312053541
Rat_assembly_Adolfo,Rat,0,0.0,sketch_2048_cleaned_mask,True,117,7.480543381214571,9.579424838887059,-2.7891465625829506,0.8376068376068376,0.8461538461538461,26.879759742115056,1.0459277185707583,43.969348920643114,13.278485265241162,0.3158640312053541
Rat_assembly_Adolfo,Rat,0,0.0,uninflated_2048,False,117,7.465988396609291,9.549177620732305,-2.730372882530339,1.0,1.0,67.52488186655447,1.6062586181322123,67.52488186655447,15.876491715913057,0.37766451327952955
Rat_assembly_Adolfo,Rat,0,0.0,uninflated_2048,True,117,7.465988396609291,9.549177620732305,-2.730372882530339,0.8376068376068376,0.8547008547008547,27.262196684293702,1.0301273333474512,43.30512266616206,13.19291920842712,0.313828615335264
Rat_assembly_Adolfo,Rat,21,0.5,individual_0,False,117,7.912247086397001,10.086237089051611,1.085699683107231,1.0,1.0,83.31647838342333,1.981903673675077,83.31647838342333,22.40094505359288,0.5328659606950265
Rat_assembly_Adolfo,Rat,21,0.5,individual_0,True,117,7.912247086397001,10.086237089051611,1.085699683107231,0.8888888888888888,0.9487179487179487,34.959745609771865,0.9970742973174708,41.9156189286813,13.742754875959003,0.3269079166996846
Rat_assembly_Adolfo,Rat,21,0.5,individual_1,False,117,8.00447471461431,10.16933638051025,-1.3305489246779874,1.0,1.0,83.22529014508808,1.9797345192885836,83.22529014508808,20.235919114523988,0.4813650698088823
Rat_assembly_Adolfo,Rat,21,0.5,individual_1,True,117,8.00447471461431,10.16933638051025,-1.3305489246779874,0.8376068376068376,0.8974358974358975,30.931998159030552,1.0551226160575788,44.35588964301733,14.125064602816892,0.3360021687233289
Rat_assembly_Adolfo,Rat,21,0.5,individual_2,False,117,8.828044722517241,11.255173448406003,-2.191562289443153,1.0,1.0,81.66060252748602,1.9425142694934792,81.66060252748602,19.519037074078465,0.464312126896291
Rat_assembly_Adolfo,Rat,21,0.5,individual_2,True,117,8.828044722517241,11.255173448406003,-2.191562289443153,0.8290598290598291,0.9316239316239316,31.212620163259086,1.2353233855560621,51.93127976717835,15.244149375861436,0.3626225716242285
Rat_assembly_Adolfo,Rat,21,0.5,individual_3,False,117,8.895623878756718,11.06685819982494,-4.65575482783496,1.0,1.0,82.29597675840508,1.9576283327238269,82.29597675840508,17.54764791564716,0.4174174010131627
Rat_assembly_Adolfo,Rat,21,0.5,individual_3,True,117,8.895623878756718,11.06685819982494,-4.65575482783496,0.8974358974358975,0.9316239316239316,36.00069991350574,1.0979689701215711,46.15709087171355,14.004078445397305,0.333124191707183
Rat_assembly_Adolfo,Rat,21,0.5,seasonal_naive,False,117,9.192393162393163,11.132778237351685,2.7282905982905987,0.9914529914529915,0.9914529914529915,52.87800572538184,1.2785857869522304,53.74997104799878,17.41109787127012,0.41416919561799564
Rat_assembly_Adolfo,Rat,21,0.5,seasonal_naive,True,117,9.192393162393163,11.132778237351685,2.7282905982905987,0.8547008547008547,0.9658119658119658,28.508000000000013,1.1002656719082469,46.25364102564102,16.347589743589744,0.38887083080313806
Rat_assembly_Adolfo,Rat,21,0.5,equal_weight,False,117,7.724781315836429,9.977363942588028,-1.7730415897122178,1.0,1.0,82.55767433562043,1.9638535044994283,82.55767433562043,19.607261532019567,0.46641077989620283
Rat_assembly_Adolfo,Rat,21,0.5,equal_weight,True,117,7.724781315836429,9.977363942588028,-1.7730415897122178,0.8717948717948718,0.9145299145299145,31.01714169137526,1.0227206050896323,42.993754095135515,13.780788075544336,0.3278126373436957
Rat_assembly_Adolfo,Rat,21,0.5,naive_independence,False,117,7.730946737567212,9.98400201858459,-1.79599582344213,0.9401709401709402,0.9914529914529915,41.307480931642395,1.0394671703799891,43.69775644577618,13.908598836236294,0.3308529556704602
Rat_assembly_Adolfo,Rat,21,0.5,naive_independence,True,117,7.730946737567212,9.98400201858459,-1.79599582344213,0.8717948717948718,0.9145299145299145,31.03033610681827,1.0239186853588607,43.04411972600782,13.786001263953526,0.32793664687290536
Rat_assembly_Adolfo,Rat,21,0.5,duplicate_aware_independence,False,117,7.730946737567212,9.98400201858459,-1.79599582344213,0.9401709401709402,0.9914529914529915,41.307480931642395,1.0394671703799891,43.69775644577618,13.908598836236294,0.3308529556704602
Rat_assembly_Adolfo,Rat,21,0.5,duplicate_aware_independence,True,117,7.730946737567212,9.98400201858459,-1.79599582344213,0.8717948717948718,0.9145299145299145,31.03033610681827,1.0239186853588607,43.04411972600782,13.786001263953526,0.32793664687290536
Rat_assembly_Adolfo,Rat,21,0.5,common_corrected,False,117,7.881256492458949,10.163417659060418,-2.23003361251201,1.0,1.0,81.0587827009128,1.9281983868695531,81.0587827009128,18.91482694500795,0.4499393845803507
Rat_assembly_Adolfo,Rat,21,0.5,common_corrected,True,117,7.881256492458949,10.163417659060418,-2.23003361251201,0.8547008547008547,0.8974358974358975,31.179409070321142,1.065159060058805,44.77780781229143,13.990206232018137,0.3327942042762254
Rat_assembly_Adolfo,Rat,21,0.5,ci,False,117,8.828044722517241,11.255173448406003,-2.191562289443153,1.0,1.0,81.66060252748602,1.9425142694934792,81.66060252748602,19.519037074078465,0.464312126896291
Rat_assembly_Adolfo,Rat,21,0.5,ci,True,117,8.828044722517241,11.255173448406003,-2.191562289443153,0.8290598290598291,0.9316239316239316,31.212620163259086,1.2353233855560621,51.93127976717835,15.244149375861436,0.3626225716242285
Rat_assembly_Adolfo,Rat,21,0.5,ci_cleaned_mask,True,117,8.828044722517241,11.255173448406003,-2.191562289443153,0.8290598290598291,0.9316239316239316,31.212620163259086,1.2353233855560621,51.93127976717835,15.244149375861436,0.3626225716242285
Rat_assembly_Adolfo,Rat,21,0.5,exact_lineage,False,117,8.240889144384067,10.59911821986504,-2.7985410150666166,1.0,1.0,81.5541946053725,1.9399830745145652,81.5541946053725,18.65940977431583,0.443863608950651
Rat_assembly_Adolfo,Rat,21,0.5,exact_lineage,True,117,8.240889144384067,10.59911821986504,-2.7985410150666166,0.8547008547008547,0.8717948717948718,30.938211063337235,1.1406436902402062,47.95107684767669,14.31509665495357,0.3405225856870952
Rat_assembly_Adolfo,Rat,21,0.5,exact_lineage_cleaned_mask,True,117,8.240889144384067,10.59911821986504,-2.7985410150666166,0.8547008547008547,0.8717948717948718,30.938211063337235,1.1406436902402062,47.95107684767669,14.31509665495357,0.3405225856870952
Rat_assembly_Adolfo,Rat,21,0.5,shrinkage,False,117,8.12157573868345,10.302287179798311,-3.152607942235668,0.7435897435897436,0.8205128205128205,23.73887258442009,1.2137278929503779,51.02343524538861,15.245815202383444,0.3626621977314252
Rat_assembly_Adolfo,Rat,21,0.5,shrinkage,True,117,8.12157573868345,10.302287179798311,-3.152607942235668,0.8803418803418803,0.9145299145299145,34.036945606111985,1.0361057078461196,43.556445228556164,13.867823588215408,0.32988300812328103
Rat_assembly_Adolfo,Rat,21,0.5,shrinkage_cleaned_mask,True,117,8.12157573868345,10.302287179798311,-3.152607942235668,0.8803418803418803,0.9145299145299145,34.036945606111985,1.0361057078461196,43.556445228556164,13.867823588215408,0.32988300812328103
Rat_assembly_Adolfo,Rat,21,0.5,pooled_privileged,False,117,8.54104291997885,10.608800043979873,-4.303002524437853,1.0,1.0,81.08986356427793,1.9289377277356046,81.08986356427793,17.46547976404851,0.41546281334128554
Rat_assembly_Adolfo,Rat,21,0.5,pooled_privileged,True,117,8.54104291997885,10.608800043979873,-4.303002524437853,0.8376068376068376,0.8461538461538461,30.71403917237722,1.119295630578863,47.05363406328336,13.73583415834874,0.32674328905432104
Rat_assembly_Adolfo,Rat,21,0.5,sketch_512,False,117,8.828044722517241,11.255173448406003,-2.191562289443153,1.0,1.0,81.66060252748602,1.9425142694934792,81.66060252748602,19.519037074078465,0.464312126896291
Rat_assembly_Adolfo,Rat,21,0.5,sketch_512,True,117,8.828044722517241,11.255173448406003,-2.191562289443153,0.8290598290598291,0.9316239316239316,31.212620163259086,1.2353233855560621,51.93127976717835,15.244149375861436,0.3626225716242285
Rat_assembly_Adolfo,Rat,21,0.5,uninflated_512,False,117,8.241913011567137,10.57039284160834,-3.0105652522261415,1.0,1.0,81.59862027284933,1.9410398569816854,81.59862027284933,18.48059100438433,0.43960992967944684
Rat_assembly_Adolfo,Rat,21,0.5,uninflated_512,True,117,8.241913011567137,10.57039284160834,-3.0105652522261415,0.8547008547008547,0.8717948717948718,31.944958782312966,1.1218820158337437,47.16236210796168,14.239890970595372,0.3387336187863961
Rat_assembly_Adolfo,Rat,21,0.5,sketch_2048,False,117,8.828044722517241,11.255173448406003,-2.191562289443153,1.0,1.0,81.66060252748602,1.9425142694934792,81.66060252748602,19.519037074078465,0.464312126896291
Rat_assembly_Adolfo,Rat,21,0.5,sketch_2048,True,117,8.828044722517241,11.255173448406003,-2.191562289443153,0.8290598290598291,0.9316239316239316,31.212620163259086,1.2353233855560621,51.93127976717835,15.244149375861436,0.3626225716242285
Rat_assembly_Adolfo,Rat,21,0.5,sketch_2048_cleaned_mask,True,117,8.828044722517241,11.255173448406003,-2.191562289443153,0.8290598290598291,0.9316239316239316,31.212620163259086,1.2353233855560621,51.93127976717835,15.244149375861436,0.3626225716242285
Rat_assembly_Adolfo,Rat,21,0.5,uninflated_2048,False,117,8.25249415811949,10.618673915480125,-2.7976771232580138,1.0,1.0,81.5731333376908,1.940433582551927,81.5731333376908,18.682891172376138,0.44442217635510356
Rat_assembly_Adolfo,Rat,21,0.5,uninflated_2048,True,117,8.25249415811949,10.618673915480125,-2.7976771232580138,0.8376068376068376,0.8803418803418803,30.803872123757127,1.14696209695279,48.216693892177396,14.361463982266395,0.34162555568922226
Rat_assembly_Adolfo,Rat,38,0.9047619047619048,individual_0,False,117,7.3748475786304555,9.458231555758092,0.7942503153050783,1.0,1.0,69.70099558407948,1.6580232612709893,69.70099558407948,18.71093914128957,0.4450893717731916
Rat_assembly_Adolfo,Rat,38,0.9047619047619048,individual_0,True,117,7.3748475786304555,9.458231555758092,0.7942503153050783,0.9145299145299145,0.9743589743589743,32.60519341580017,0.8940148073581635,37.58314107849443,13.481208912737602,0.3206863514655194
Rat_assembly_Adolfo,Rat,38,0.9047619047619048,individual_1,False,117,7.610810307070415,9.890678120240974,1.755449006576359,1.0,1.0,69.11292915626083,1.6440345397566791,69.11292915626083,19.47364240326326,0.4632322941117139
Rat_assembly_Adolfo,Rat,38,0.9047619047619048,individual_1,True,117,7.610810307070415,9.890678120240974,1.755449006576359,0.9658119658119658,0.9743589743589743,37.302866195343945,1.0023981660892742,42.13942697916018,13.726521350087634,0.326521759180963
Rat_assembly_Adolfo,Rat,38,0.9047619047619048,individual_2,False,117,7.534994322362155,9.610781670581577,-2.0135563354515686,1.0,1.0,68.91145462128375,1.6392419329546315,68.91145462128375,16.17463882418306,0.3847567339379279
Rat_assembly_Adolfo,Rat,38,0.9047619047619048,individual_2,True,117,7.534994322362155,9.610781670581577,-2.0135563354515686,0.8888888888888888,0.9487179487179487,33.13230105192596,0.9242552978488443,38.85440930698452,13.44561080089241,0.3198395558494445
Rat_assembly_Adolfo,Rat,38,0.9047619047619048,individual_3,False,117,9.134813469845781,11.514279219600136,6.082247693196357,1.0,1.0,69.91555407750838,1.6631271047674463,69.91555407750838,23.969071755986477,0.570168018253909
Rat_assembly_Adolfo,Rat,38,0.9047619047619048,individual_3,True,117,9.134813469845781,11.514279219600136,6.082247693196357,0.9316239316239316,0.9572649572649573,44.10738973551,1.1859370652298937,49.85514743817263,13.553717986994666,0.32241117233448985
Rat_assembly_Adolfo,Rat,38,0.9047619047619048,seasonal_naive,False,117,9.192393162393163,11.132778237351685,2.7282905982905987,0.9914529914529915,0.9914529914529915,52.87800572538184,1.2785857869522304,53.74997104799878,17.41109787127012,0.41416919561799564
Rat_assembly_Adolfo,Rat,38,0.9047619047619048,seasonal_naive,True,117,9.192393162393163,11.132778237351685,2.7282905982905987,0.8547008547008547,0.9658119658119658,28.508000000000013,1.1002656719082469,46.25364102564102,16.347589743589744,0.38887083080313806
Rat_assembly_Adolfo,Rat,38,0.9047619047619048,equal_weight,False,117,7.421528894008908,9.634527549249656,1.6545976699065568,1.0,1.0,69.38549092671046,1.6505181452167124,69.38549092671046,19.451096004131124,0.4626959681395277
Rat_assembly_Adolfo,Rat,38,0.9047619047619048,equal_weight,True,117,7.421528894008908,9.634527549249656,1.6545976699065568,0.9401709401709402,0.9743589743589743,35.28412653611605,0.94279098292201,39.633623768934974,13.362594914598215,0.3178648025567922
Rat_assembly_Adolfo,Rat,38,0.9047619047619048,naive_independence,False,117,7.416628068332502,9.630251559814242,1.6271438127979063,0.9230769230769231,0.9743589743589743,34.70321138923447,0.9370125921135664,39.39070824318193,13.883406796853617,0.3302536961197849
Rat_assembly_Adolfo,Rat,38,0.9047619047619048,naive_independence,True,117,7.416628068332502,9.630251559814242,1.6271438127979063,0.9401709401709402,0.9743589743589743,35.25492485408052,0.9418778486142283,39.595236870607884,13.365492837340017,0.31793373734423697
Rat_assembly_Adolfo,Rat,38,0.9047619047619048,duplicate_aware_independence,False,117,7.416628068332502,9.630251559814242,1.6271438127979063,0.9230769230769231,0.9743589743589743,34.70321138923447,0.9370125921135664,39.39070824318193,13.883406796853617,0.3302536961197849
Rat_assembly_Adolfo,Rat,38,0.9047619047619048,duplicate_aware_independence,True,117,7.416628068332502,9.630251559814242,1.6271438127979063,0.9401709401709402,0.9743589743589743,35.25492485408052,0.9418778486142283,39.595236870607884,13.365492837340017,0.31793373734423697
Rat_assembly_Adolfo,Rat,38,0.9047619047619048,common_corrected,False,117,7.332414911047639,9.558705503294346,1.0894879855671633,1.0,1.0,68.11498209360268,1.6202957189616687,68.11498209360268,18.62225544686381,0.44297979461405357
Rat_assembly_Adolfo,Rat,38,0.9047619047619048,common_corrected,True,117,7.332414911047639,9.558705503294346,1.0894879855671633,0.9316239316239316,0.9743589743589743,34.6142824942379,0.9282496659123561,39.0223269938224,13.39452446310225,0.3186243316524378
Rat_assembly_Adolfo,Rat,38,0.9047619047619048,ci,False,117,7.534994322362155,9.610781670581577,-2.0135563354515686,1.0,1.0,68.91145462128375,1.6392419329546315,68.91145462128375,16.17463882418306,0.3847567339379279
Rat_assembly_Adolfo,Rat,38,0.9047619047619048,ci,True,117,7.534994322362155,9.610781670581577,-2.0135563354515686,0.8888888888888888,0.9487179487179487,33.13230105192596,0.9242552978488443,38.85440930698452,13.44561080089241,0.3198395558494445
Rat_assembly_Adolfo,Rat,38,0.9047619047619048,ci_cleaned_mask,True,117,7.534994322362155,9.610781670581577,-2.0135563354515686,0.8888888888888888,0.9487179487179487,33.13230105192596,0.9242552978488443,38.85440930698452,13.44561080089241,0.3198395558494445
Rat_assembly_Adolfo,Rat,38,0.9047619047619048,exact_lineage,False,117,7.426841845490086,9.621178300312335,-1.0656164911160955,1.0,1.0,68.88236228684812,1.6385498945294306,68.88236228684812,16.98427321513403,0.40401603779826334
Rat_assembly_Adolfo,Rat,38,0.9047619047619048,exact_lineage,True,117,7.426841845490086,9.621178300312335,-1.0656164911160955,0.905982905982906,0.9658119658119658,33.63077289031577,0.9343332680412596,39.27807317967323,13.580749440059364,0.3230541872238993
Rat_assembly_Adolfo,Rat,38,0.9047619047619048,exact_lineage_cleaned_mask,True,117,7.426841845490086,9.621178300312335,-1.0656164911160955,0.905982905982906,0.9658119658119658,33.63077289031577,0.9343332680412596,39.27807317967323,13.580749440059364,0.3230541872238993
Rat_assembly_Adolfo,Rat,38,0.9047619047619048,shrinkage,False,117,7.354516871819389,9.463673891781585,-0.6429486489186564,0.7094017094017094,0.7777777777777778,21.813632102832162,1.1449842126135195,48.13354638103112,13.88316322757061,0.33024790217762423
Rat_assembly_Adolfo,Rat,38,0.9047619047619048,shrinkage,True,117,7.354516871819389,9.463673891781585,-0.6429486489186564,0.9145299145299145,0.9658119658119658,32.857356496432544,0.9000396977887807,37.83641910607596,13.4579709098797,0.32013357386225827
Rat_assembly_Adolfo,Rat,38,0.9047619047619048,shrinkage_cleaned_mask,True,117,7.354516871819389,9.463673891781585,-0.6429486489186564,0.9145299145299145,0.9658119658119658,32.857356496432544,0.9000396977887807,37.83641910607596,13.4579709098797,0.32013357386225827
Rat_assembly_Adolfo,Rat,38,0.9047619047619048,pooled_privileged,False,117,9.347145951048594,11.669272519654866,-5.462171284373892,1.0,1.0,68.67464598938561,1.6336088108325344,68.67464598938561,15.84759980236579,0.37697724239734803
Rat_assembly_Adolfo,Rat,38,0.9047619047619048,pooled_privileged,True,117,9.347145951048594,11.669272519654866,-5.462171284373892,0.8290598290598291,0.8547008547008547,31.967804776889963,1.2668625974435666,53.25714443979527,14.650304669649838,0.348496398414927
Rat_assembly_Adolfo,Rat,38,0.9047619047619048,sketch_512,False,117,7.534994322362155,9.610781670581577,-2.0135563354515686,1.0,1.0,68.91145462128375,1.6392419329546315,68.91145462128375,16.17463882418306,0.3847567339379279
Rat_assembly_Adolfo,Rat,38,0.9047619047619048,sketch_512,True,117,7.534994322362155,9.610781670581577,-2.0135563354515686,0.8888888888888888,0.9487179487179487,33.13230105192596,0.9242552978488443,38.85440930698452,13.44561080089241,0.3198395558494445
Rat_assembly_Adolfo,Rat,38,0.9047619047619048,uninflated_512,False,117,7.479934866742054,9.680917147120427,-1.3960849699815883,1.0,1.0,68.88310613885767,1.6385675890246731,68.88310613885767,16.728995135856046,0.3979435708271867
Rat_assembly_Adolfo,Rat,38,0.9047619047619048,uninflated_512,True,117,7.479934866742054,9.680917147120427,-1.3960849699815883,0.905982905982906,0.9658119658119658,34.038179313825566,0.9386524215068143,39.4596443938182,13.670553428045173,0.32519041354014694
Rat_assembly_Adolfo,Rat,38,0.9047619047619048,sketch_2048,False,117,7.534994322362155,9.610781670581577,-2.0135563354515686,1.0,1.0,68.91145462128375,1.6392419329546315,68.91145462128375,16.17463882418306,0.3847567339379279
Rat_assembly_Adolfo,Rat,38,0.9047619047619048,sketch_2048,True,117,7.534994322362155,9.610781670581577,-2.0135563354515686,0.8888888888888888,0.9487179487179487,33.13230105192596,0.9242552978488443,38.85440930698452,13.44561080089241,0.3198395558494445
Rat_assembly_Adolfo,Rat,38,0.9047619047619048,sketch_2048_cleaned_mask,True,117,7.534994322362155,9.610781670581577,-2.0135563354515686,0.8888888888888888,0.9487179487179487,33.13230105192596,0.9242552978488443,38.85440930698452,13.44561080089241,0.3198395558494445
Rat_assembly_Adolfo,Rat,38,0.9047619047619048,uninflated_2048,False,117,7.470256733900616,9.65954197358721,-1.2039034742639159,1.0,1.0,68.87928741949062,1.6384767506444495,68.87928741949062,16.867484028898556,0.401237896886205
Rat_assembly_Adolfo,Rat,38,0.9047619047619048,uninflated_2048,True,117,7.470256733900616,9.65954197358721,-1.2039034742639159,0.9145299145299145,0.9658119658119658,33.71523301700835,0.9357274744093588,39.3366836794027,13.621557835230597,0.3240249232640671
Robin_assembly_Colleen,Robin,0,0.0,individual_0,False,117,8.34359634108084,10.420075744935964,7.335862404249966,0.9914529914529915,1.0,44.662042731951885,0.9226641799122948,44.83119622262793,18.761962235277828,0.3861371535435536
Robin_assembly_Colleen,Robin,0,0.0,individual_0,True,117,8.34359634108084,10.420075744935964,7.335862404249966,0.7521367521367521,0.8034188034188035,28.00281685029266,0.8879811338815002,43.145986721644825,10.970084656657246,0.2257736802970766
Robin_assembly_Colleen,Robin,0,0.0,individual_1,False,117,7.182386605654957,8.44610834513083,0.6933419597912313,1.0,1.0,44.60381306795895,0.9179844410338879,44.60381306795895,12.962978877917855,0.26678913978158786
Robin_assembly_Colleen,Robin,0,0.0,individual_1,True,117,7.182386605654957,8.44610834513083,0.6933419597912313,0.8376068376068376,0.905982905982906,24.733059711897827,0.660615395874277,32.098545803462265,11.40239586250663,0.23467101290964223
Robin_assembly_Colleen,Robin,0,0.0,individual_2,False,117,6.094173841140912,7.618972125298085,4.70957915341309,1.0,1.0,45.16156609577929,0.9294634731224339,45.16156609577929,16.263474389081935,0.33471614688150925
Robin_assembly_Colleen,Robin,0,0.0,individual_2,True,117,6.094173841140912,7.618972125298085,4.70957915341309,0.8974358974358975,0.9316239316239316,25.19783254867762,0.6375394961660671,30.9773142542644,11.906538756345066,0.24504670280629662
Robin_assembly_Colleen,Robin,0,0.0,individual_3,False,117,8.068156998974745,9.744660600991027,7.536959459691893,1.0,1.0,45.590306807039696,0.9382873219170469,45.590306807039696,19.200541442066182,0.3951634869509525
Robin_assembly_Colleen,Robin,0,0.0,individual_3,True,117,8.068156998974745,9.744660600991027,7.536959459691893,0.8461538461538461,0.9145299145299145,28.820351413727717,0.7678006297518196,37.30655361036461,10.266476263672965,0.2112928206370219
Robin_assembly_Colleen,Robin,0,0.0,seasonal_naive,False,117,4.53758205128205,6.926791890004773,-0.887335897435897,0.9572649572649573,1.0,40.38400262216921,0.8503511985909943,41.31759124517382,12.204985704884411,0.25118899505417547
Robin_assembly_Colleen,Robin,0,0.0,seasonal_naive,True,117,4.53758205128205,6.926791890004773,-0.887335897435897,0.9401709401709402,0.9829059829059829,35.94119999999999,0.8085443171080915,39.286242735042734,9.424078632478631,0.19395556031306752
Robin_assembly_Colleen,Robin,0,0.0,equal_weight,False,117,6.667946759714444,8.312612985043355,5.068935744286547,1.0,1.0,44.968640115448636,0.9254928922228836,44.968640115448636,16.573473821697156,0.34109619908548844
Robin_assembly_Colleen,Robin,0,0.0,equal_weight,True,117,6.667946759714444,8.312612985043355,5.068935744286547,0.811965811965812,0.905982905982906,24.516590837262388,0.6924447216012938,33.64509630186513,10.242734621589404,0.21080419743334874
Robin_assembly_Colleen,Robin,0,0.0,naive_independence,False,117,6.664265285352321,8.307256331508793,5.03847560823337,0.7863247863247863,0.8888888888888888,22.49924629909124,0.7331633163149692,35.62356620376591,10.926543407644626,0.22487756432878778
Robin_assembly_Colleen,Robin,0,0.0,naive_independence,True,117,6.664265285352321,8.307256331508793,5.03847560823337,0.811965811965812,0.905982905982906,24.514508607675367,0.6917951851462769,33.613536069114595,10.226472699284589,0.2104695132296826
Robin_assembly_Colleen,Robin,0,0.0,duplicate_aware_independence,False,117,6.664265285352321,8.307256331508793,5.03847560823337,0.7863247863247863,0.8888888888888888,22.49924629909124,0.7331633163149692,35.62356620376591,10.926543407644626,0.22487756432878778
Robin_assembly_Colleen,Robin,0,0.0,duplicate_aware_independence,True,117,6.664265285352321,8.307256331508793,5.03847560823337,0.811965811965812,0.905982905982906,24.514508607675367,0.6917951851462769,33.613536069114595,10.226472699284589,0.2104695132296826
Robin_assembly_Colleen,Robin,0,0.0,common_corrected,False,117,6.731919144901404,8.29896909959304,4.496817889145001,1.0,1.0,44.10214522975503,0.9076596898890329,44.10214522975503,15.779676516593344,0.3247591748425233
Robin_assembly_Colleen,Robin,0,0.0,common_corrected,True,117,6.731919144901404,8.29896909959304,4.496817889145001,0.811965811965812,0.905982905982906,24.686961748624242,0.6860494306284266,33.3343564349152,10.142095121572629,0.2087329508556611
Robin_assembly_Colleen,Robin,0,0.0,ci,False,117,7.867550232549212,9.307843191961048,1.6864571492211538,0.9914529914529915,1.0,44.57709828967542,0.9209159509830038,44.74625178035147,13.949259500342787,0.28708763454255914
Robin_assembly_Colleen,Robin,0,0.0,ci,True,117,7.867550232549212,9.307843191961048,1.6864571492211538,0.8034188034188035,0.8717948717948718,26.405335283686007,0.7440075049638968,36.150472915633145,12.351956172813585,0.25421377238980125
Robin_assembly_Colleen,Robin,0,0.0,ci_cleaned_mask,True,117,7.867550232549212,9.307843191961048,1.6864571492211538,0.8034188034188035,0.8717948717948718,26.405335283686007,0.7440075049638968,36.150472915633145,12.351956172813585,0.25421377238980125
Robin_assembly_Colleen,Robin,0,0.0,exact_lineage,False,117,6.731919144901406,8.29896909959304,4.496817889145,1.0,1.0,44.10214522975504,0.907659689889033,44.10214522975504,15.779676516593344,0.3247591748425233
Robin_assembly_Colleen,Robin,0,0.0,exact_lineage,True,117,6.731919144901406,8.29896909959304,4.496817889145,0.811965811965812,0.905982905982906,24.686961748624235,0.6860494306284268,33.334356434915215,10.142095121572622,0.20873295085566096
Robin_assembly_Colleen,Robin,0,0.0,exact_lineage_cleaned_mask,True,117,6.731919144901406,8.29896909959304,4.496817889145,0.811965811965812,0.905982905982906,24.686961748624235,0.6860494306284268,33.334356434915215,10.142095121572622,0.20873295085566096
Robin_assembly_Colleen,Robin,0,0.0,shrinkage,False,117,6.762521583035396,8.298590125223951,5.961284539861042,0.7606837606837606,0.8803418803418803,20.62550440984938,0.7541131585287322,36.64149505325,11.238004054610048,0.23128768956792328
Robin_assembly_Colleen,Robin,0,0.0,shrinkage,True,117,6.762521583035396,8.298590125223951,5.961284539861042,0.8803418803418803,0.9230769230769231,24.640273667268612,0.6793837247791272,33.0104774186943,10.864029678359364,0.22359097856654722
Robin_assembly_Colleen,Robin,0,0.0,shrinkage_cleaned_mask,True,117,6.762521583035396,8.298590125223951,5.961284539861042,0.8803418803418803,0.9230769230769231,24.640273667268612,0.6793837247791272,33.0104774186943,10.864029678359364,0.22359097856654722
Robin_assembly_Colleen,Robin,0,0.0,pooled_privileged,False,117,5.8978681362173395,7.078759258209901,2.3959288266853047,1.0,1.0,44.02349217250568,0.9060409430190142,44.02349217250568,13.697293626006225,0.28190196236784953
Robin_assembly_Colleen,Robin,0,0.0,pooled_privileged,True,117,5.8978681362173395,7.078759258209901,2.3959288266853047,0.8632478632478633,0.9401709401709402,21.226618300267408,0.5740219300866264,27.89106843429356,9.720945773966266,0.20006533878704327
Robin_assembly_Colleen,Robin,0,0.0,sketch_512,False,117,7.459461790494251,9.171678094601448,3.147933858632473,0.9914529914529915,1.0,44.53413391984808,0.9200317076794048,44.703287410524126,15.293893433327677,0.31476134547587453
Robin_assembly_Colleen,Robin,0,0.0,sketch_512,True,117,7.459461790494251,9.171678094601448,3.147933858632473,0.7863247863247863,0.8632478632478633,25.826391188556766,0.7491999606380438,36.40276839244152,12.491059119888718,0.2570766294491826
Robin_assembly_Colleen,Robin,0,0.0,uninflated_512,False,117,6.714627008733143,8.28485961835811,4.476537164722272,1.0,1.0,44.10264571937283,0.9076699903913988,44.10264571937283,15.759523834776545,0.32434441549617005
Robin_assembly_Colleen,Robin,0,0.0,uninflated_512,True,117,6.714627008733143,8.28485961835811,4.476537164722272,0.8290598290598291,0.8974358974358975,24.719095778470056,0.6866024493546001,33.36122698171613,10.084058496170899,0.2075385077023879
Robin_assembly_Colleen,Robin,0,0.0,sketch_2048,False,117,6.773826974188244,8.308941990137717,4.2171146288438255,1.0,1.0,44.308221513826524,0.9119009152335001,44.308221513826524,15.55269471842368,0.32008769622251887
Robin_assembly_Colleen,Robin,0,0.0,sketch_2048,True,117,6.773826974188244,8.308941990137717,4.2171146288438255,0.8290598290598291,0.905982905982906,25.037959904327163,0.6796065802961762,33.02130571313948,10.324013156071361,0.21247697885969882
Robin_assembly_Colleen,Robin,0,0.0,sketch_2048_cleaned_mask,True,117,6.773826974188244,8.308941990137717,4.2171146288438255,0.8290598290598291,0.905982905982906,25.037959904327163,0.6796065802961762,33.02130571313948,10.324013156071361,0.21247697885969882
Robin_assembly_Colleen,Robin,0,0.0,uninflated_2048,False,117,6.72796992024284,8.28315608960686,4.447006596409998,1.0,1.0,44.107113060147654,0.9077619320672784,44.107113060147654,15.731136167203912,0.32376017313309646
Robin_assembly_Colleen,Robin,0,0.0,uninflated_2048,True,117,6.72796992024284,8.28315608960686,4.447006596409998,0.8205128205128205,0.905982905982906,24.723602141877887,0.682163108056989,33.14552447028739,10.137117798705942,0.20863051331421908
Robin_assembly_Colleen,Robin,21,0.5,individual_0,False,117,11.156408254605276,13.576817706744079,10.356355561169824,0.9316239316239316,0.9829059829059829,46.951674762996184,1.040378631499761,50.5508066640546,22.368222691737586,0.4603570634938961
Robin_assembly_Colleen,Robin,21,0.5,individual_0,True,117,11.156408254605276,13.576817706744079,10.356355561169824,0.8034188034188035,0.8717948717948718,36.09497160049619,1.1283346428527723,54.824488562382285,13.21012941919866,0.27187570830305496
Robin_assembly_Colleen,Robin,21,0.5,individual_1,False,117,12.065432993473625,13.751613994574187,11.744327337000062,0.9743589743589743,1.0,47.061088779750634,0.9919267962975631,48.19658745994217,23.784186368562004,0.48949880127343326
Robin_assembly_Colleen,Robin,21,0.5,individual_1,True,117,12.065432993473625,13.751613994574187,11.744327337000062,0.6666666666666666,0.717948717948718,30.235816640631487,1.2804220046206995,62.21423935887237,12.86956490944904,0.2648666007937451
Robin_assembly_Colleen,Robin,21,0.5,individual_2,False,117,12.486754842358797,14.100896565282442,12.342725289838317,0.9658119658119658,1.0,47.08051126496799,1.0078735964386762,48.971424222671196,24.387553266873518,0.501916605644574
Robin_assembly_Colleen,Robin,21,0.5,individual_2,True,117,12.486754842358797,14.100896565282442,12.342725289838317,0.7264957264957265,0.8461538461538461,34.68429768721061,1.091619761069201,53.04055448824674,12.190104716755611,0.25088273165134406
Robin_assembly_Colleen,Robin,21,0.5,individual_3,False,117,16.83055262172278,18.725625944059537,16.777710903241324,0.7435897435897436,0.9145299145299145,46.82579977452747,1.3793520847418004,67.02113869536873,28.757374845228906,0.5918512534495168
Robin_assembly_Colleen,Robin,21,0.5,individual_3,True,117,16.83055262172278,18.725625944059537,16.777710903241324,0.6581196581196581,0.717948717948718,41.64904377503303,1.5867691608473529,77.09929696926605,14.205963407356156,0.2923708194629121
Robin_assembly_Colleen,Robin,21,0.5,seasonal_naive,False,117,4.53758205128205,6.926791890004773,-0.887335897435897,0.9572649572649573,1.0,40.38400262216921,0.8503511985909943,41.31759124517382,12.204985704884411,0.25118899505417547
Robin_assembly_Colleen,Robin,21,0.5,seasonal_naive,True,117,4.53758205128205,6.926791890004773,-0.887335897435897,0.9401709401709402,0.9829059829059829,35.94119999999999,0.8085443171080915,39.286242735042734,9.424078632478631,0.19395556031306752
Robin_assembly_Colleen,Robin,21,0.5,equal_weight,False,117,12.929456396239328,14.832558016713515,12.805279772812383,0.9401709401709402,0.9829059829059829,46.97582895701392,1.0399185777716349,50.52845318008112,24.82332638410477,0.5108851873402607
Robin_assembly_Colleen,Robin,21,0.5,equal_weight,True,117,12.929456396239328,14.832558016713515,12.805279772812383,0.7350427350427351,0.7948717948717948,36.486778617419,1.18639145681434,57.64540268849377,12.43948923665008,0.25601527735430957
Robin_assembly_Colleen,Robin,21,0.5,naive_independence,False,117,12.93109033240567,14.83580032822332,12.807163268694563,0.4444444444444444,0.5641025641025641,23.48958887929538,2.0071555333822286,97.5253895463305,18.816614944146423,0.38726195281408426
Robin_assembly_Colleen,Robin,21,0.5,naive_independence,True,117,12.93109033240567,14.83580032822332,12.807163268694563,0.7350427350427351,0.7948717948717948,36.49368079808317,1.1868785894072815,57.66907190350834,12.441307886538253,0.2560527067170971
Robin_assembly_Colleen,Robin,21,0.5,duplicate_aware_independence,False,117,12.93109033240567,14.83580032822332,12.807163268694563,0.4444444444444444,0.5641025641025641,23.48958887929538,2.0071555333822286,97.5253895463305,18.816614944146423,0.38726195281408426
Robin_assembly_Colleen,Robin,21,0.5,duplicate_aware_independence,True,117,12.93109033240567,14.83580032822332,12.807163268694563,0.7350427350427351,0.7948717948717948,36.49368079808317,1.1868785894072815,57.66907190350834,12.441307886538253,0.2560527067170971
Robin_assembly_Colleen,Robin,21,0.5,common_corrected,False,117,12.99361915967975,14.924880685048008,12.875597761549006,0.9145299145299145,0.9743589743589743,46.13535238703005,1.0422456546332994,50.64152318071812,24.67862131059787,0.5079070337502165
Robin_assembly_Colleen,Robin,21,0.5,common_corrected,True,117,12.99361915967975,14.924880685048008,12.875597761549006,0.717948717948718,0.7948717948717948,36.583026617845135,1.2003263226000909,58.32248186418731,12.505966494029245,0.25738343589859586
Robin_assembly_Colleen,Robin,21,0.5,ci,False,117,16.83055262172278,18.725625944059537,16.777710903241324,0.7435897435897436,0.9145299145299145,46.82579977452747,1.3793520847418004,67.02113869536873,28.757374845228906,0.5918512534495168
Robin_assembly_Colleen,Robin,21,0.5,ci,True,117,16.83055262172278,18.725625944059537,16.777710903241324,0.6581196581196581,0.717948717948718,41.64904377503303,1.5867691608473529,77.09929696926605,15.353014820019135,0.31597811393987146
Robin_assembly_Colleen,Robin,21,0.5,ci_cleaned_mask,True,117,16.83055262172278,18.725625944059537,16.777710903241324,0.6581196581196581,0.717948717948718,41.64904377503303,1.5867691608473529,77.09929696926605,15.353014820019135,0.31597811393987146
Robin_assembly_Colleen,Robin,21,0.5,exact_lineage,False,117,13.01817481708868,15.00342581275346,12.911887090415494,0.905982905982906,0.9829059829059829,46.51602723842271,1.048207274104043,50.931191445853266,24.81230047183901,0.5106582646802461
Robin_assembly_Colleen,Robin,21,0.5,exact_lineage,True,117,13.01817481708868,15.00342581275346,12.911887090415494,0.7350427350427351,0.7777777777777778,37.53778123388726,1.1830588877580661,57.48347697322271,12.396664096735845,0.2551338995208389
Robin_assembly_Colleen,Robin,21,0.5,exact_lineage_cleaned_mask,True,117,13.01817481708868,15.00342581275346,12.911887090415494,0.7350427350427351,0.7777777777777778,37.53778123388726,1.1830588877580661,57.48347697322271,12.396664096735845,0.2551338995208389
Robin_assembly_Colleen,Robin,21,0.5,shrinkage,False,117,12.450681857040758,14.064611502255877,12.303502536974761,0.46153846153846156,0.5811965811965812,23.556036567320298,1.7523718031195792,85.14573977297124,18.32995383605491,0.37724605294911867
Robin_assembly_Colleen,Robin,21,0.5,shrinkage,True,117,12.450681857040758,14.064611502255877,12.303502536974761,0.717948717948718,0.8290598290598291,34.22770479151436,1.1024046193046226,53.56457840324404,12.211443563919413,0.2513219032902379
Robin_assembly_Colleen,Robin,21,0.5,shrinkage_cleaned_mask,True,117,12.450681857040758,14.064611502255877,12.303502536974761,0.717948717948718,0.8290598290598291,34.22770479151436,1.1024046193046226,53.56457840324404,12.211443563919413,0.2513219032902379
Robin_assembly_Colleen,Robin,21,0.5,pooled_privileged,False,117,9.082479997883585,11.086274843533038,8.729928663883582,0.9914529914529915,1.0,46.20034923249257,0.9607679379872427,46.68261420575578,20.54958066070439,0.4229278624129237
Robin_assembly_Colleen,Robin,21,0.5,pooled_privileged,True,117,9.082479997883585,11.086274843533038,8.729928663883582,0.7777777777777778,0.8717948717948718,30.275782153645856,0.9016222439253783,43.808792642136595,10.783910141896767,0.22194205030600922
Robin_assembly_Colleen,Robin,21,0.5,sketch_512,False,117,16.83055262172278,18.725625944059537,16.777710903241324,0.7435897435897436,0.9145299145299145,46.82579977452747,1.3793520847418004,67.02113869536873,28.757374845228906,0.5918512534495168
Robin_assembly_Colleen,Robin,21,0.5,sketch_512,True,117,16.83055262172278,18.725625944059537,16.777710903241324,0.6581196581196581,0.717948717948718,41.64904377503303,1.5867691608473529,77.09929696926605,15.353014820019135,0.31597811393987146
Robin_assembly_Colleen,Robin,21,0.5,uninflated_512,False,117,13.225185009163873,15.242703881810273,13.120321045274132,0.8888888888888888,0.9743589743589743,46.48171058951696,1.072820154444389,52.12710312440895,25.011955037483034,0.514767325593118
Robin_assembly_Colleen,Robin,21,0.5,uninflated_512,True,117,13.225185009163873,15.242703881810273,13.120321045274132,0.7264957264957265,0.7435897435897436,37.11833344070347,1.2388630048709222,60.19493513837525,12.773283109192665,0.2628850393865304
Robin_assembly_Colleen,Robin,21,0.5,sketch_2048,False,117,13.32102010842751,15.326031497131964,13.216823891511192,0.8974358974358975,0.9743589743589743,46.721508652593606,1.0623853764788653,51.62008920894904,25.16980654670995,0.518016044020918
Robin_assembly_Colleen,Robin,21,0.5,sketch_2048,True,117,13.32102010842751,15.326031497131964,13.216823891511192,0.7264957264957265,0.7606837606837606,37.57836517091443,1.2220974480764113,59.380315927182096,12.425525068686246,0.2557278828908978
Robin_assembly_Colleen,Robin,21,0.5,sketch_2048_cleaned_mask,True,117,13.32102010842751,15.326031497131964,13.216823891511192,0.7264957264957265,0.7606837606837606,37.57836517091443,1.2220974480764113,59.380315927182096,12.425525068686246,0.2557278828908978
Robin_assembly_Colleen,Robin,21,0.5,uninflated_2048,False,117,13.063342080878046,15.05741079624407,12.952929214794448,0.8974358974358975,0.9743589743589743,46.50564688478061,1.0510311553682106,51.06840060365902,24.85068694166791,0.5114482909050323
Robin_assembly_Colleen,Robin,21,0.5,uninflated_2048,True,117,13.063342080878046,15.05741079624407,12.952929214794448,0.7350427350427351,0.7692307692307693,37.39693046447584,1.1992165351305044,58.268558561540864,12.48506447382151,0.256953254530298
Robin_assembly_Colleen,Robin,38,0.9047619047619048,individual_0,False,117,11.783205941625647,14.260721663785436,11.165930640928053,0.8803418803418803,0.9572649572649573,43.448091537401915,1.094662513899401,53.18839836487868,22.281459645131637,0.4585714061394541
Robin_assembly_Colleen,Robin,38,0.9047619047619048,individual_0,True,117,11.783205941625647,14.260721663785436,11.165930640928053,0.7692307692307693,0.8632478632478633,35.444850202963686,1.216037312012414,59.085860853563965,14.404082483790726,0.29644827870079915
Robin_assembly_Colleen,Robin,38,0.9047619047619048,individual_1,False,117,12.018842989309077,14.593587233420788,11.06131039021489,0.8717948717948718,0.9401709401709402,43.0252077273245,1.1249536568368743,54.66021032247154,22.068651046208117,0.45419162402458496
Robin_assembly_Colleen,Robin,38,0.9047619047619048,individual_1,True,117,12.018842989309077,14.593587233420788,11.06131039021489,0.7094017094017094,0.7606837606837606,35.662395215340986,1.28736642125595,62.55166061311049,15.30200840650224,0.31492835853151413
Robin_assembly_Colleen,Robin,38,0.9047619047619048,individual_2,False,117,13.308571987061951,15.531104795297693,13.222789720717461,0.8290598290598291,0.9401709401709402,43.06427109682634,1.1440798449614966,55.58952990750989,24.24012414171475,0.49888238875274055
Robin_assembly_Colleen,Robin,38,0.9047619047619048,individual_2,True,117,13.308571987061951,15.531104795297693,13.222789720717461,0.7692307692307693,0.8034188034188035,39.05057438898592,1.2282096941927358,59.67730296858646,14.351527491757803,0.29536665222838576
Robin_assembly_Colleen,Robin,38,0.9047619047619048,individual_3,False,117,11.0458299759426,13.391825440344066,10.116789021140692,0.8888888888888888,0.9572649572649573,42.956869146469266,1.036659846460511,50.370115156316395,21.106646297525668,0.4343927474095814
Robin_assembly_Colleen,Robin,38,0.9047619047619048,individual_3,True,117,11.0458299759426,13.391825440344066,10.116789021140692,0.811965811965812,0.8717948717948718,34.934790586341805,1.1197758857739435,54.408628354111,13.904307760050692,0.2861624894630865
Robin_assembly_Colleen,Robin,38,0.9047619047619048,seasonal_naive,False,117,4.53758205128205,6.926791890004773,-0.887335897435897,0.9572649572649573,1.0,40.38400262216921,0.8503511985909943,41.31759124517382,12.204985704884411,0.25118899505417547
Robin_assembly_Colleen,Robin,38,0.9047619047619048,seasonal_naive,True,117,4.53758205128205,6.926791890004773,-0.887335897435897,0.9401709401709402,0.9829059829059829,35.94119999999999,0.8085443171080915,39.286242735042734,9.424078632478631,0.19395556031306752
Robin_assembly_Colleen,Robin,38,0.9047619047619048,equal_weight,False,117,11.899529664893086,14.36944397243091,11.391704943250273,0.8632478632478633,0.9487179487179487,43.11542414965954,1.0906809438527338,52.99493843447014,22.422126089631842,0.46146644130673903
Robin_assembly_Colleen,Robin,38,0.9047619047619048,equal_weight,True,117,11.899529664893086,14.36944397243091,11.391704943250273,0.7606837606837606,0.8290598290598291,36.23583915729547,1.2007001975244926,58.34064801874656,14.136353329946656,0.29093818481565165
Robin_assembly_Colleen,Robin,38,0.9047619047619048,naive_independence,False,117,11.898443119019333,14.368217583495975,11.38922501172631,0.46153846153846156,0.5555555555555556,21.561138858702154,2.088630156953707,101.48414823234008,16.905312275104787,0.3479257169274009
Robin_assembly_Colleen,Robin,38,0.9047619047619048,naive_independence,True,117,11.898443119019333,14.368217583495975,11.38922501172631,0.7606837606837606,0.8290598290598291,36.2389753323313,1.2004768148310816,58.32979410940546,14.146677709036132,0.2911506693257323
Robin_assembly_Colleen,Robin,38,0.9047619047619048,duplicate_aware_independence,False,117,11.898443119019333,14.368217583495975,11.38922501172631,0.46153846153846156,0.5555555555555556,21.561138858702154,2.088630156953707,101.48414823234008,16.905312275104787,0.3479257169274009
Robin_assembly_Colleen,Robin,38,0.9047619047619048,duplicate_aware_independence,True,117,11.898443119019333,14.368217583495975,11.38922501172631,0.7606837606837606,0.8290598290598291,36.2389753323313,1.2004768148310816,58.32979410940546,14.146677709036132,0.2911506693257323
Robin_assembly_Colleen,Robin,38,0.9047619047619048,common_corrected,False,117,11.876211232966137,14.342829529532937,11.337468487962786,0.8547008547008547,0.9487179487179487,42.336308810936906,1.0963152854077027,53.26870464035031,22.168564903642746,0.45624793626024346
Robin_assembly_Colleen,Robin,38,0.9047619047619048,common_corrected,True,117,11.876211232966137,14.342829529532937,11.337468487962786,0.7606837606837606,0.8290598290598291,36.15921501478779,1.200848511395555,58.34785441994961,14.373310995467804,0.29581497527750533
Robin_assembly_Colleen,Robin,38,0.9047619047619048,ci,False,117,11.0458299759426,13.391825440344066,10.116789021140692,0.8888888888888888,0.9572649572649573,42.956869146469266,1.036659846460511,50.370115156316395,21.106646297525668,0.4343927474095814
Robin_assembly_Colleen,Robin,38,0.9047619047619048,ci,True,117,11.0458299759426,13.391825440344066,10.116789021140692,0.811965811965812,0.8717948717948718,34.934790586341805,1.1197758857739435,54.408628354111,13.904307760050692,0.2861624894630865
Robin_assembly_Colleen,Robin,38,0.9047619047619048,ci_cleaned_mask,True,117,11.0458299759426,13.391825440344066,10.116789021140692,0.811965811965812,0.8717948717948718,34.934790586341805,1.1197758857739435,54.408628354111,13.904307760050692,0.2861624894630865
Robin_assembly_Colleen,Robin,38,0.9047619047619048,exact_lineage,False,117,11.57295745373766,14.0169889637841,10.992094740997096,0.8888888888888888,0.9572649572649573,42.90650162230031,1.0685474286486971,51.91949626947463,21.969066257479643,0.4521420843030122
Robin_assembly_Colleen,Robin,38,0.9047619047619048,exact_lineage,True,117,11.57295745373766,14.0169889637841,10.992094740997096,0.7777777777777778,0.8290598290598291,35.44252821628687,1.1735777277149038,57.022798260894724,13.86360119618687,0.28532471372812845
Robin_assembly_Colleen,Robin,38,0.9047619047619048,exact_lineage_cleaned_mask,True,117,11.57295745373766,14.0169889637841,10.992094740997096,0.7777777777777778,0.8290598290598291,35.44252821628687,1.1735777277149038,57.022798260894724,13.86360119618687,0.28532471372812845
Robin_assembly_Colleen,Robin,38,0.9047619047619048,shrinkage,False,117,13.308571987061951,15.531104795297693,13.222789720717461,0.49572649572649574,0.6068376068376068,27.160349670673174,1.9137169171700337,92.98531415446048,20.171349343153114,0.4151435399359461
Robin_assembly_Colleen,Robin,38,0.9047619047619048,shrinkage,True,117,13.308571987061951,15.531104795297693,13.222789720717461,0.7692307692307693,0.8034188034188035,38.922765334888915,1.2315829532902098,59.84120576637688,14.344565293185317,0.2952233642553331
Robin_assembly_Colleen,Robin,38,0.9047619047619048,shrinkage_cleaned_mask,True,117,13.308571987061951,15.531104795297693,13.222789720717461,0.7692307692307693,0.8034188034188035,38.922765334888915,1.2315829532902098,59.84120576637688,14.344565293185317,0.2952233642553331
Robin_assembly_Colleen,Robin,38,0.9047619047619048,pooled_privileged,False,117,10.873596195420983,13.147230712333304,10.504575672244217,0.9145299145299145,0.9658119658119658,42.69538030666297,0.9937916193641897,48.28719707787312,21.42753503251152,0.44099691072564695
Robin_assembly_Colleen,Robin,38,0.9047619047619048,pooled_privileged,True,117,10.873596195420983,13.147230712333304,10.504575672244217,0.7521367521367521,0.811965811965812,33.08950105922967,1.1204925841788191,54.4434519091172,14.072327863763464,0.28962048622121617
Robin_assembly_Colleen,Robin,38,0.9047619047619048,sketch_512,False,117,11.0458299759426,13.391825440344066,10.116789021140692,0.8888888888888888,0.9572649572649573,42.956869146469266,1.036659846460511,50.370115156316395,21.106646297525668,0.4343927474095814
Robin_assembly_Colleen,Robin,38,0.9047619047619048,sketch_512,True,117,11.0458299759426,13.391825440344066,10.116789021140692,0.811965811965812,0.8717948717948718,34.934790586341805,1.1197758857739435,54.408628354111,13.904307760050692,0.2861624894630865
Robin_assembly_Colleen,Robin,38,0.9047619047619048,uninflated_512,False,117,11.554612744236778,14.0058755682315,10.948913344999115,0.8888888888888888,0.9572649572649573,42.92393518504126,1.0686831528169396,51.926090951430545,21.93034497159091,0.45134516727870927
Robin_assembly_Colleen,Robin,38,0.9047619047619048,uninflated_512,True,117,11.554612744236778,14.0058755682315,10.948913344999115,0.7777777777777778,0.8290598290598291,35.35008510383042,1.1741384376618162,57.050042515306345,13.908872806570342,0.2862564420063646
Robin_assembly_Colleen,Robin,38,0.9047619047619048,sketch_2048,False,117,11.0458299759426,13.391825440344066,10.116789021140692,0.8888888888888888,0.9572649572649573,42.956869146469266,1.036659846460511,50.370115156316395,21.106646297525668,0.4343927474095814
Robin_assembly_Colleen,Robin,38,0.9047619047619048,sketch_2048,True,117,11.0458299759426,13.391825440344066,10.116789021140692,0.811965811965812,0.8717948717948718,34.934790586341805,1.1197758857739435,54.408628354111,13.904307760050692,0.2861624894630865
Robin_assembly_Colleen,Robin,38,0.9047619047619048,sketch_2048_cleaned_mask,True,117,11.0458299759426,13.391825440344066,10.116789021140692,0.811965811965812,0.8717948717948718,34.934790586341805,1.1197758857739435,54.408628354111,13.904307760050692,0.2861624894630865
Robin_assembly_Colleen,Robin,38,0.9047619047619048,uninflated_2048,False,117,11.575905219052775,14.021732953697049,11.024797044458406,0.8888888888888888,0.9572649572649573,42.89130931879438,1.0678545826943926,51.885831677735055,21.99788184269199,0.45273513357536743
Robin_assembly_Colleen,Robin,38,0.9047619047619048,uninflated_2048,True,117,11.575905219052775,14.021732953697049,11.024797044458406,0.7777777777777778,0.8290598290598291,35.42999987035733,1.172630436203309,56.97677045081938,13.881504708551823,0.28569318325260257
Shrew_office_Doris,Shrew,0,0.0,individual_0,False,117,22.058591491480357,28.047139262710445,-3.3961023664231083,0.8547008547008547,0.9316239316239316,78.6986222153565,0.6150306727948572,120.5743317108155,45.892206982231,0.23408891872622825
Shrew_office_Doris,Shrew,0,0.0,individual_0,True,117,22.058591491480357,28.047139262710445,-3.3961023664231083,0.8888888888888888,0.9572649572649573,87.16570015430698,0.6017938922376151,117.97931321777112,45.12021770681183,0.23015112303858373
Shrew_office_Doris,Shrew,0,0.0,individual_1,False,117,12.771336530356017,16.972531949618347,0.4718510732712406,0.9829059829059829,0.9914529914529915,77.5258177357243,0.4320503316357434,84.70175928899066,26.46964567754809,0.13501749301624869
Shrew_office_Doris,Shrew,0,0.0,individual_1,True,117,12.771336530356017,16.972531949618347,0.4718510732712406,0.9572649572649573,0.9829059829059829,64.12281136264944,0.380042404122527,74.50581072747521,25.453035979270087,0.12983192708500818
Shrew_office_Doris,Shrew,0,0.0,individual_2,False,117,19.453611086119622,23.151725100693863,15.81001905643648,0.905982905982906,0.9743589743589743,78.63679763118833,0.4705675852257676,92.2529145669035,37.98543349701256,0.19375771267887817
Shrew_office_Doris,Shrew,0,0.0,individual_2,True,117,19.453611086119622,23.151725100693863,15.81001905643648,0.8717948717948718,0.9743589743589743,70.27944550622398,0.476836507105203,93.48191191548347,24.91262889590653,0.1270753956794571
Shrew_office_Doris,Shrew,0,0.0,individual_3,False,117,17.656628717595797,21.39339507783257,9.056403481571712,0.9572649572649573,0.9914529914529915,78.05946081722047,0.4366492746923326,85.60336389206596,34.89512201823725,0.17799452062158924
Shrew_office_Doris,Shrew,0,0.0,individual_3,True,117,17.656628717595797,21.39339507783257,9.056403481571712,0.8974358974358975,0.9914529914529915,69.32998031533563,0.4231305186843798,82.95306522677618,33.42171492494763,0.1704789031346101
Shrew_office_Doris,Shrew,0,0.0,seasonal_naive,False,117,10.877777777777775,15.141816779522046,2.6641025641025617,0.9487179487179487,0.9658119658119658,64.52251916778252,0.3907935735148541,76.61353497917607,24.84765478342291,0.1267439729666123
Shrew_office_Doris,Shrew,0,0.0,seasonal_naive,True,117,10.877777777777775,15.141816779522046,2.6641025641025617,0.9572649572649573,0.9829059829059829,69.40000000000003,0.40326301488319316,79.05811965811967,21.76324786324785,0.11101089913263791
Shrew_office_Doris,Shrew,0,0.0,equal_weight,False,117,15.139535539992167,19.29286941539898,5.485542811214083,0.9829059829059829,0.9914529914529915,78.18895943433444,0.4340967626798947,85.10295400407621,31.16093592807356,0.1589470255968371
Shrew_office_Doris,Shrew,0,0.0,equal_weight,True,117,15.139535539992167,19.29286941539898,5.485542811214083,0.8974358974358975,0.9914529914529915,62.89782145839219,0.39945408704790375,78.31139441564069,28.068168485557674,0.1431713060553789
Shrew_office_Doris,Shrew,0,0.0,naive_independence,False,117,15.095815622037627,19.255027254521387,5.477279543057638,0.6923076923076923,0.7692307692307693,39.11260873769353,0.5141368380339483,100.79449431708646,27.56031299185936,0.14058081518107765
Shrew_office_Doris,Shrew,0,0.0,naive_independence,True,117,15.095815622037627,19.255027254521387,5.477279543057638,0.8974358974358975,0.9914529914529915,62.92035986659748,0.39856650029341323,78.13738654173785,28.051377636142977,0.14308565857746391
Shrew_office_Doris,Shrew,0,0.0,duplicate_aware_independence,False,117,15.095815622037627,19.255027254521387,5.477279543057638,0.6923076923076923,0.7692307692307693,39.11260873769353,0.5141368380339483,100.79449431708646,27.56031299185936,0.14058081518107765
Shrew_office_Doris,Shrew,0,0.0,duplicate_aware_independence,True,117,15.095815622037627,19.255027254521387,5.477279543057638,0.8974358974358975,0.9914529914529915,62.92035986659748,0.39856650029341323,78.13738654173785,28.051377636142977,0.14308565857746391
Shrew_office_Doris,Shrew,0,0.0,common_corrected,False,117,14.120548599289107,18.41828795476514,4.932314776104369,0.9914529914529915,0.9914529914529915,76.96137918269154,0.4259887770516222,83.51341547877418,30.16969429206027,0.153890858155149
Shrew_office_Doris,Shrew,0,0.0,common_corrected,True,117,14.120548599289107,18.41828795476514,4.932314776104369,0.905982905982906,0.9914529914529915,62.68565730966079,0.3835717264927853,75.19772042403089,27.756727462857818,0.14158269445779267
Shrew_office_Doris,Shrew,0,0.0,ci,False,117,12.771336530356017,16.972531949618347,0.4718510732712406,0.9829059829059829,0.9914529914529915,77.5258177357243,0.4320503316357434,84.70175928899066,26.46964567754809,0.13501749301624869
Shrew_office_Doris,Shrew,0,0.0,ci,True,117,12.771336530356017,16.972531949618347,0.4718510732712406,0.9572649572649573,0.9829059829059829,64.12281136264944,0.380042404122527,74.50581072747521,25.453035979270087,0.12983192708500818
Shrew_office_Doris,Shrew,0,0.0,ci_cleaned_mask,True,117,12.771336530356017,16.972531949618347,0.4718510732712406,0.9572649572649573,0.9829059829059829,64.12281136264944,0.380042404122527,74.50581072747521,25.453035979270087,0.12983192708500818
Shrew_office_Doris,Shrew,0,0.0,exact_lineage,False,117,14.120548599289107,18.418287954765145,4.932314776104367,0.9914529914529915,0.9914529914529915,76.96137918269153,0.4259887770516222,83.51341547877418,30.169694292060267,0.15389085815514897
Shrew_office_Doris,Shrew,0,0.0,exact_lineage,True,117,14.120548599289107,18.418287954765145,4.932314776104367,0.905982905982906,0.9914529914529915,62.685657309660826,0.3835717264927853,75.19772042403089,27.756727462857818,0.14158269445779267
Shrew_office_Doris,Shrew,0,0.0,exact_lineage_cleaned_mask,True,117,14.120548599289107,18.418287954765145,4.932314776104367,0.905982905982906,0.9914529914529915,62.685657309660826,0.3835717264927853,75.19772042403089,27.756727462857818,0.14158269445779267
Shrew_office_Doris,Shrew,0,0.0,shrinkage,False,117,13.948981422551043,17.913142032403666,6.231396040722406,0.6153846153846154,0.7094017094017094,30.22272029042757,0.5459245203484059,107.02634375361019,24.534578936010305,0.12514702238568925
Shrew_office_Doris,Shrew,0,0.0,shrinkage,True,117,13.948981422551043,17.913142032403666,6.231396040722406,0.905982905982906,0.9914529914529915,59.56465319347739,0.38302207943750455,75.08996429202185,25.476959643585662,0.1299539579281483
Shrew_office_Doris,Shrew,0,0.0,shrinkage_cleaned_mask,True,117,13.948981422551043,17.913142032403666,6.231396040722406,0.905982905982906,0.9914529914529915,59.56465319347739,0.38302207943750455,75.08996429202185,25.476959643585662,0.1299539579281483
Shrew_office_Doris,Shrew,0,0.0,pooled_privileged,False,117,14.762764295687328,18.658592772013616,6.793478107495913,0.9829059829059829,0.9914529914529915,76.81716313701283,0.42919426251045534,84.14183822922205,30.42709718777418,0.15520382977924194
Shrew_office_Doris,Shrew,0,0.0,pooled_privileged,True,117,14.762764295687328,18.658592772013616,6.793478107495913,0.9230769230769231,0.9914529914529915,64.13530383636028,0.39423158555888765,77.28754364729554,26.680196344731332,0.13609147880292255
Shrew_office_Doris,Shrew,0,0.0,sketch_512,False,117,12.72076567806232,16.924249542223386,0.5224219255649382,0.9829059829059829,0.9914529914529915,77.52501541537676,0.4320462391260346,84.7009569686431,26.510945084368135,0.13522815478482048
Shrew_office_Doris,Shrew,0,0.0,sketch_512,True,117,12.72076567806232,16.924249542223386,0.5224219255649382,0.9572649572649573,0.9829059829059829,64.12214775099334,0.3800390191440034,74.50514711581909,25.491509707695297,0.13002817551319798
Shrew_office_Doris,Shrew,0,0.0,uninflated_512,False,117,14.236276529423659,18.498642415782637,4.956584311679566,0.9914529914529915,0.9914529914529915,76.94953018368643,0.4257856460013827,83.47359243950844,30.240029325230104,0.15424962607994447
Shrew_office_Doris,Shrew,0,0.0,uninflated_512,True,117,14.236276529423659,18.498642415782637,4.956584311679566,0.905982905982906,0.9914529914529915,62.685277140117876,0.3837817172616244,75.23888828400632,27.809569164140992,0.141852231652241
Shrew_office_Doris,Shrew,0,0.0,sketch_2048,False,117,13.89622421954055,18.194617946660763,4.68235816394915,0.9914529914529915,0.9914529914529915,77.24808083337452,0.42740969447056915,83.79198072077624,29.922846645924068,0.1526317271964546
Shrew_office_Doris,Shrew,0,0.0,sketch_2048,True,117,13.89622421954055,18.194617946660763,4.68235816394915,0.9230769230769231,0.9914529914529915,64.18088470959826,0.38147102333610894,74.78588587586432,27.45357519435069,0.14003636248967197
Shrew_office_Doris,Shrew,0,0.0,sketch_2048_cleaned_mask,True,117,13.89622421954055,18.194617946660763,4.68235816394915,0.9230769230769231,0.9914529914529915,64.18088470959826,0.38147102333610894,74.78588587586432,27.45357519435069,0.14003636248967197
Shrew_office_Doris,Shrew,0,0.0,uninflated_2048,False,117,14.186044214935645,18.462998717124595,4.930715108816567,0.9914529914529915,0.9914529914529915,76.95908345895154,0.42604679659014305,83.52478997990521,30.182265526514797,0.1539549820418397
Shrew_office_Doris,Shrew,0,0.0,uninflated_2048,True,117,14.186044214935645,18.462998717124595,4.930715108816567,0.905982905982906,0.9914529914529915,62.691400425327814,0.38414118349478554,75.30936021777029,27.76100279077663,0.14160450223204293
Shrew_office_Doris,Shrew,21,0.5,individual_0,False,117,13.55768370741364,18.17765814703485,2.173516674961007,0.9914529914529915,0.9914529914529915,79.51232509317113,0.4425069453274467,86.7517370601901,29.36208127328652,0.14977135136422104
Shrew_office_Doris,Shrew,21,0.5,individual_0,True,117,13.55768370741364,18.17765814703485,2.173516674961007,0.9487179487179487,0.9914529914529915,66.7990547104514,0.38989102680024873,76.43659426424097,28.491295637759904,0.14532961100639333
Shrew_office_Doris,Shrew,21,0.5,individual_1,False,117,20.317250845490886,23.601726524662652,15.380760011948043,0.9145299145299145,0.9829059829059829,79.8648424459736,0.4625417373882217,90.67947883071939,38.19673676748325,0.1948355373763688
Shrew_office_Doris,Shrew,21,0.5,individual_1,True,117,20.317250845490886,23.601726524662652,15.380760011948043,0.8632478632478633,0.9487179487179487,68.65908288057832,0.4727550840348036,92.68176505954503,28.51907802167394,0.1454713245703671
Shrew_office_Doris,Shrew,21,0.5,individual_2,False,117,14.732114023658497,19.513026874835234,2.3023548906227145,0.9829059829059829,0.9914529914529915,80.92127803019613,0.45370370343959937,88.94681721865686,31.389151389143446,0.16011111671451078
Shrew_office_Doris,Shrew,21,0.5,individual_2,True,117,14.732114023658497,19.513026874835234,2.3023548906227145,0.9316239316239316,0.9914529914529915,69.52486534544614,0.42157268944362114,82.64765896342597,30.409571530618354,0.15511443416278875
Shrew_office_Doris,Shrew,21,0.5,individual_3,False,117,13.958827809861424,19.007409581085078,-0.842960534412058,0.9914529914529915,0.9914529914529915,80.43555540141668,0.4506660735821324,88.35130189519418,29.592526639531382,0.15094681687693032
Shrew_office_Doris,Shrew,21,0.5,individual_3,True,117,13.958827809861424,19.007409581085078,-0.842960534412058,0.9829059829059829,0.9914529914529915,78.93954947780063,0.4437625646261272,86.99789625926486,30.038500517798393,0.1532216593787104
Shrew_office_Doris,Shrew,21,0.5,seasonal_naive,False,117,10.877777777777775,15.141816779522046,2.6641025641025617,0.9487179487179487,0.9658119658119658,64.52251916778252,0.3907935735148541,76.61353497917607,24.84765478342291,0.1267439729666123
Shrew_office_Doris,Shrew,21,0.5,seasonal_naive,True,117,10.877777777777775,15.141816779522046,2.6641025641025617,0.9572649572649573,0.9829059829059829,69.40000000000003,0.40326301488319316,79.05811965811967,21.76324786324785,0.11101089913263791
Shrew_office_Doris,Shrew,21,0.5,equal_weight,False,117,14.693742626864593,19.041978091914636,4.753417760779927,0.9914529914529915,0.9914529914529915,80.1380820779272,0.44423771728515177,87.0910480594217,31.175206855167428,0.15901981934793993
Shrew_office_Doris,Shrew,21,0.5,equal_weight,True,117,14.693742626864593,19.041978091914636,4.753417760779927,0.9145299145299145,0.9914529914529915,64.0454470853429,0.3937169669402584,77.18665470179758,28.957393090294275,0.14770710069058016
Shrew_office_Doris,Shrew,21,0.5,naive_independence,False,117,14.699943922425975,19.04290830908587,4.783755161650038,0.717948717948718,0.7863247863247863,40.088857675830894,0.4986591776897942,97.76016020174416,28.30421436218632,0.14437533888934523
Shrew_office_Doris,Shrew,21,0.5,naive_independence,True,117,14.699943922425975,19.04290830908587,4.783755161650038,0.9145299145299145,0.9914529914529915,64.07790954792821,0.3937136496407697,77.18600435834867,28.95475589976188,0.14769364879709326
Shrew_office_Doris,Shrew,21,0.5,duplicate_aware_independence,False,117,14.699943922425975,19.04290830908587,4.783755161650038,0.717948717948718,0.7863247863247863,40.088857675830894,0.4986591776897942,97.76016020174416,28.30421436218632,0.14437533888934523
Shrew_office_Doris,Shrew,21,0.5,duplicate_aware_independence,True,117,14.699943922425975,19.04290830908587,4.783755161650038,0.9145299145299145,0.9914529914529915,64.07790954792821,0.3937136496407697,77.18600435834867,28.95475589976188,0.14769364879709326
Shrew_office_Doris,Shrew,21,0.5,common_corrected,False,117,14.792026540241922,19.0315865100168,5.2911272486221055,0.9914529914529915,0.9914529914529915,78.89974132122519,0.4376751365641404,85.80448005601066,31.164339382537538,0.1589643860819346
Shrew_office_Doris,Shrew,21,0.5,common_corrected,True,117,14.792026540241922,19.0315865100168,5.2911272486221055,0.9230769230769231,0.9914529914529915,64.63369896452443,0.39346645542140374,77.13754290899138,28.855139525873618,0.1471855213657854
Shrew_office_Doris,Shrew,21,0.5,ci,False,117,13.55768370741364,18.17765814703485,2.173516674961007,0.9914529914529915,0.9914529914529915,79.51232509317113,0.4425069453274467,86.7517370601901,29.36208127328652,0.14977135136422104
Shrew_office_Doris,Shrew,21,0.5,ci,True,117,13.55768370741364,18.17765814703485,2.173516674961007,0.9487179487179487,0.9914529914529915,66.7990547104514,0.38989102680024873,76.43659426424097,28.491295637759904,0.14532961100639333
Shrew_office_Doris,Shrew,21,0.5,ci_cleaned_mask,True,117,13.55768370741364,18.17765814703485,2.173516674961007,0.9487179487179487,0.9914529914529915,66.7990547104514,0.38989102680024873,76.43659426424097,28.491295637759904,0.14532961100639333
Shrew_office_Doris,Shrew,21,0.5,exact_lineage,False,117,14.929210454085379,19.001915150150587,5.7372106683758,0.9829059829059829,0.9914529914529915,79.33616326537606,0.439321506027856,86.12724428000378,31.397449603572742,0.16015344459915282
Shrew_office_Doris,Shrew,21,0.5,exact_lineage,True,117,14.929210454085379,19.001915150150587,5.7372106683758,0.9316239316239316,0.9914529914529915,66.6630168949682,0.39404880069271025,77.25170939697101,28.99417779181737,0.1478947336586033
Shrew_office_Doris,Shrew,21,0.5,exact_lineage_cleaned_mask,True,117,14.929210454085379,19.001915150150587,5.7372106683758,0.9316239316239316,0.9914529914529915,66.6630168949682,0.39404880069271025,77.25170939697101,28.99417779181737,0.1478947336586033
Shrew_office_Doris,Shrew,21,0.5,shrinkage,False,117,14.455686638163856,18.706393431067546,4.6561944681507645,0.6153846153846154,0.7008547008547008,31.451442719565204,0.5801019255393133,113.72668891164419,27.567840190519906,0.14061921023573623
Shrew_office_Doris,Shrew,21,0.5,shrinkage,True,117,14.455686638163856,18.706393431067546,4.6561944681507645,0.9230769230769231,0.9914529914529915,65.08218923220544,0.38907110659185185,76.27585214916174,28.42081744918706,0.1449701128684374
Shrew_office_Doris,Shrew,21,0.5,shrinkage_cleaned_mask,True,117,14.455686638163856,18.706393431067546,4.6561944681507645,0.9230769230769231,0.9914529914529915,65.08218923220544,0.38907110659185185,76.27585214916174,28.42081744918706,0.1449701128684374
Shrew_office_Doris,Shrew,21,0.5,pooled_privileged,False,117,13.66766271740023,18.33955535191641,2.04379033837163,0.9914529914529915,0.9914529914529915,78.96934942349891,0.44015779241566527,86.29119491984868,29.60163754498913,0.15099329017049076
Shrew_office_Doris,Shrew,21,0.5,pooled_privileged,True,117,13.66766271740023,18.33955535191641,2.04379033837163,0.9401709401709402,0.9914529914529915,63.83859021799228,0.3855444749372455,75.58446995677114,28.54572548368068,0.14560724907646835
Shrew_office_Doris,Shrew,21,0.5,sketch_512,False,117,13.55768370741364,18.17765814703485,2.173516674961007,0.9914529914529915,0.9914529914529915,79.51232509317113,0.4425069453274467,86.7517370601901,29.36208127328652,0.14977135136422104
Shrew_office_Doris,Shrew,21,0.5,sketch_512,True,117,13.55768370741364,18.17765814703485,2.173516674961007,0.9487179487179487,0.9914529914529915,66.7990547104514,0.38989102680024873,76.43659426424097,28.491295637759904,0.14532961100639333
Shrew_office_Doris,Shrew,21,0.5,uninflated_512,False,117,15.132339775477401,19.070029133442716,6.181362625190953,0.9829059829059829,0.9914529914529915,79.27947802215743,0.43933614184828934,86.13011357473304,31.486045926172704,0.16060536048475352
Shrew_office_Doris,Shrew,21,0.5,uninflated_512,True,117,15.132339775477401,19.070029133442716,6.181362625190953,0.9316239316239316,0.9914529914529915,66.55054451044451,0.3947707444593936,77.39324361802873,28.740534606686005,0.14660093972595004
Shrew_office_Doris,Shrew,21,0.5,sketch_2048,False,117,14.134539691599196,18.584234432625788,2.7503726591465587,0.9914529914529915,0.9914529914529915,79.50979054433978,0.4424940169931085,86.74920251135876,29.938288831958992,0.15271049535491524
Shrew_office_Doris,Shrew,21,0.5,sketch_2048,True,117,14.134539691599196,18.584234432625788,2.7503726591465587,0.9743589743589743,0.9914529914529915,69.94272612812516,0.40065971395268385,78.54775280354978,29.067582096818978,0.14826915745553096
Shrew_office_Doris,Shrew,21,0.5,sketch_2048_cleaned_mask,True,117,14.134539691599196,18.584234432625788,2.7503726591465587,0.9743589743589743,0.9914529914529915,69.94272612812516,0.40065971395268385,78.54775280354978,29.067582096818978,0.14826915745553096
Shrew_office_Doris,Shrew,21,0.5,uninflated_2048,False,117,14.925955537415986,19.006165890013502,5.6642773176609085,0.9829059829059829,0.9914529914529915,79.33516209726386,0.4394611374389656,86.15461846608115,31.3910993999082,0.1601210532105648
Shrew_office_Doris,Shrew,21,0.5,uninflated_2048,True,117,14.925955537415986,19.006165890013502,5.6642773176609085,0.9230769230769231,0.9914529914529915,66.43476690743628,0.39343766282319403,77.13189823395172,28.973726360615153,0.14779041412961694
Shrew_office_Doris,Shrew,38,0.9047619047619048,individual_0,False,117,13.945142886090013,18.46856808627258,1.5539932851863423,0.9914529914529915,0.9914529914529915,83.58042077712598,0.46622044725347556,91.40067535502496,30.07500982406,0.15340788759888585
Shrew_office_Doris,Shrew,38,0.9047619047619048,individual_0,True,117,13.945142886090013,18.46856808627258,1.5539932851863423,0.9658119658119658,0.9914529914529915,71.49038503546674,0.4120287787833436,80.77661301291852,28.99645230117373,0.14790633557254196
Shrew_office_Doris,Shrew,38,0.9047619047619048,individual_1,False,117,13.262623480436206,17.915803384852357,-0.14312728867700633,0.9914529914529915,0.9914529914529915,83.21791577722266,0.46117999223685263,90.41251407782237,28.393518282396236,0.1448308641188912
Shrew_office_Doris,Shrew,38,0.9047619047619048,individual_1,True,117,13.262623480436206,17.915803384852357,-0.14312728867700633,0.9743589743589743,0.9914529914529915,68.97227746092314,0.40379089195866313,79.16160787166032,27.17898215121399,0.13863570663142344
Shrew_office_Doris,Shrew,38,0.9047619047619048,individual_2,False,117,13.564454486293014,18.537553729484447,-3.4643501481262486,0.9829059829059829,0.9914529914529915,82.74645115387074,0.4656808936354978,91.29489800149203,28.10600287582228,0.1433642933203221
Shrew_office_Doris,Shrew,38,0.9047619047619048,individual_2,True,117,13.564454486293014,18.537553729484447,-3.4643501481262486,0.9743589743589743,0.9829059829059829,81.03708839948753,0.4587696338724263,89.93997285048228,28.734131513133203,0.14656827855437338
Shrew_office_Doris,Shrew,38,0.9047619047619048,individual_3,False,117,13.455933803268339,18.4194196086451,-2.619009883906343,0.9829059829059829,0.9914529914529915,83.81602894863781,0.4682448449536557,91.79755052013977,28.58645158999523,0.14581498652946978
Shrew_office_Doris,Shrew,38,0.9047619047619048,individual_3,True,117,13.455933803268339,18.4194196086451,-2.619009883906343,0.9743589743589743,0.9829059829059829,78.25525514850085,0.44514084986608915,87.26810363113479,28.609000255838442,0.1459300037219966
Shrew_office_Doris,Shrew,38,0.9047619047619048,seasonal_naive,False,117,10.877777777777775,15.141816779522046,2.6641025641025617,0.9487179487179487,0.9658119658119658,64.52251916778252,0.3907935735148541,76.61353497917607,24.84765478342291,0.1267439729666123
Shrew_office_Doris,Shrew,38,0.9047619047619048,seasonal_naive,True,117,10.877777777777775,15.141816779522046,2.6641025641025617,0.9572649572649573,0.9829059829059829,69.40000000000003,0.40326301488319316,79.05811965811967,21.76324786324785,0.11101089913263791
Shrew_office_Doris,Shrew,38,0.9047619047619048,equal_weight,False,117,13.405109460301285,18.17093729696359,-1.16812350888081,0.9829059829059829,0.9914529914529915,83.3155377085513,0.46416853590189955,90.99840624733667,28.710332418013188,0.14644688311907728
Shrew_office_Doris,Shrew,38,0.9047619047619048,equal_weight,True,117,13.405109460301285,18.17093729696359,-1.16812350888081,0.9829059829059829,0.9914529914529915,75.72444615677682,0.43205738218202133,84.7031415207122,28.247346104073195,0.14408526286278367
Shrew_office_Doris,Shrew,38,0.9047619047619048,naive_independence,False,117,13.404724481852455,18.170882109818443,-1.175683964041432,0.7350427350427351,0.8205128205128205,41.66857218437427,0.4533702944980752,88.88145371389375,28.063888484645773,0.143149474444927
Shrew_office_Doris,Shrew,38,0.9047619047619048,naive_independence,True,117,13.404724481852455,18.170882109818443,-1.175683964041432,0.9829059829059829,0.9914529914529915,75.7427624438797,0.4321440755406324,84.72013741090218,28.246337511204622,0.14408011818943792
Shrew_office_Doris,Shrew,38,0.9047619047619048,duplicate_aware_independence,False,117,13.404724481852455,18.170882109818443,-1.175683964041432,0.7350427350427351,0.8205128205128205,41.66857218437427,0.4533702944980752,88.88145371389375,28.063888484645773,0.143149474444927
Shrew_office_Doris,Shrew,38,0.9047619047619048,duplicate_aware_independence,True,117,13.404724481852455,18.170882109818443,-1.175683964041432,0.9829059829059829,0.9914529914529915,75.7427624438797,0.4321440755406324,84.72013741090218,28.246337511204622,0.14408011818943792
Shrew_office_Doris,Shrew,38,0.9047619047619048,common_corrected,False,117,13.395935835556758,18.177836242464977,-1.4334703202227639,0.9829059829059829,0.9914529914529915,82.01476765496834,0.45890333843078274,89.96618510051081,28.505136775378936,0.14540021246908688
Shrew_office_Doris,Shrew,38,0.9047619047619048,common_corrected,True,117,13.395935835556758,18.177836242464977,-1.4334703202227639,0.9829059829059829,0.9914529914529915,76.57434373584258,0.43589476137638156,85.45544453964683,28.22937272070009,0.14399358346542346
Shrew_office_Doris,Shrew,38,0.9047619047619048,ci,False,117,13.564454486293014,18.537553729484447,-3.4643501481262486,0.9829059829059829,0.9914529914529915,82.74645115387074,0.4656808936354978,91.29489800149203,28.10600287582228,0.1433642933203221
Shrew_office_Doris,Shrew,38,0.9047619047619048,ci,True,117,13.564454486293014,18.537553729484447,-3.4643501481262486,0.9743589743589743,0.9829059829059829,81.03708839948753,0.4587696338724263,89.93997285048228,28.734131513133203,0.14656827855437338
Shrew_office_Doris,Shrew,38,0.9047619047619048,ci_cleaned_mask,True,117,13.564454486293014,18.537553729484447,-3.4643501481262486,0.9743589743589743,0.9829059829059829,81.03708839948753,0.4587696338724263,89.93997285048228,28.734131513133203,0.14656827855437338
Shrew_office_Doris,Shrew,38,0.9047619047619048,exact_lineage,False,117,13.564454486293014,18.537553729484447,-3.4643501481262486,0.9829059829059829,0.9914529914529915,82.74645115387074,0.4656808936354978,91.29489800149203,28.10600287582228,0.1433642933203221
Shrew_office_Doris,Shrew,38,0.9047619047619048,exact_lineage,True,117,13.564454486293014,18.537553729484447,-3.4643501481262486,0.9743589743589743,0.9829059829059829,81.03708839948753,0.4587696338724263,89.93997285048228,28.734131513133203,0.14656827855437338
Shrew_office_Doris,Shrew,38,0.9047619047619048,exact_lineage_cleaned_mask,True,117,13.564454486293014,18.537553729484447,-3.4643501481262486,0.9743589743589743,0.9829059829059829,81.03708839948753,0.4587696338724263,89.93997285048228,28.734131513133203,0.14656827855437338
Shrew_office_Doris,Shrew,38,0.9047619047619048,shrinkage,False,117,13.502056318511949,18.16382205016822,0.4549926946735208,0.6666666666666666,0.717948717948718,33.15515026473438,0.532641991265963,104.42235644307941,28.37912995945552,0.14475747155006616
Shrew_office_Doris,Shrew,38,0.9047619047619048,shrinkage,True,117,13.502056318511949,18.16382205016822,0.4549926946735208,0.9829059829059829,0.9914529914529915,71.8254393551367,0.41311956031275177,80.99045641905829,28.374335847224703,0.14473301753876097
Shrew_office_Doris,Shrew,38,0.9047619047619048,shrinkage_cleaned_mask,True,117,13.502056318511949,18.16382205016822,0.4549926946735208,0.9829059829059829,0.9914529914529915,71.8254393551367,0.41311956031275177,80.99045641905829,28.374335847224703,0.14473301753876097
Shrew_office_Doris,Shrew,38,0.9047619047619048,pooled_privileged,False,117,13.433647239675269,18.22892172082861,-0.7370310938575465,0.9914529914529915,0.9914529914529915,82.52068467418313,0.4606114555279086,90.301054703898,29.315817990620488,0.14953536964688477
Shrew_office_Doris,Shrew,38,0.9047619047619048,pooled_privileged,True,117,13.433647239675269,18.22892172082861,-0.7370310938575465,0.9829059829059829,0.9914529914529915,74.16801836424601,0.42495049183984546,83.30986376814761,29.003239044305264,0.147940953680186
Shrew_office_Doris,Shrew,38,0.9047619047619048,sketch_512,False,117,13.564454486293014,18.537553729484447,-3.4643501481262486,0.9829059829059829,0.9914529914529915,82.74645115387074,0.4656808936354978,91.29489800149203,28.10600287582228,0.1433642933203221
Shrew_office_Doris,Shrew,38,0.9047619047619048,sketch_512,True,117,13.564454486293014,18.537553729484447,-3.4643501481262486,0.9743589743589743,0.9829059829059829,81.03708839948753,0.4587696338724263,89.93997285048228,28.734131513133203,0.14656827855437338
Shrew_office_Doris,Shrew,38,0.9047619047619048,uninflated_512,False,117,13.557396561205225,18.534356256053172,-3.454179267243362,0.9829059829059829,0.9914529914529915,82.81345064701841,0.46592140803551035,91.34204989867555,28.118105230887522,0.14342602552710745
Shrew_office_Doris,Shrew,38,0.9047619047619048,uninflated_512,True,117,13.557396561205225,18.534356256053172,-3.454179267243362,0.9743589743589743,0.9829059829059829,81.0681587972245,0.45879028274704586,89.94402098071052,28.74036467695178,0.14660007294114366
Shrew_office_Doris,Shrew,38,0.9047619047619048,sketch_2048,False,117,13.564454486293014,18.537553729484447,-3.4643501481262486,0.9829059829059829,0.9914529914529915,82.74645115387074,0.4656808936354978,91.29489800149203,28.10600287582228,0.1433642933203221
Shrew_office_Doris,Shrew,38,0.9047619047619048,sketch_2048,True,117,13.564454486293014,18.537553729484447,-3.4643501481262486,0.9743589743589743,0.9829059829059829,81.03708839948753,0.4587696338724263,89.93997285048228,28.734131513133203,0.14656827855437338
Shrew_office_Doris,Shrew,38,0.9047619047619048,sketch_2048_cleaned_mask,True,117,13.564454486293014,18.537553729484447,-3.4643501481262486,0.9743589743589743,0.9829059829059829,81.03708839948753,0.4587696338724263,89.93997285048228,28.734131513133203,0.14656827855437338
Shrew_office_Doris,Shrew,38,0.9047619047619048,uninflated_2048,False,117,13.561430747906742,18.531047224412394,-3.4566063134955685,0.9829059829059829,0.9914529914529915,82.71328252773901,0.46550031288314203,91.25949585896767,28.09175497005928,0.14329161699740164
Shrew_office_Doris,Shrew,38,0.9047619047619048,uninflated_2048,True,117,13.561430747906742,18.531047224412394,-3.4566063134955685,0.9743589743589743,0.9829059829059829,81.03039674944347,0.45862053855885204,89.91074330374482,28.72096094276496,0.14650109754959617
