site,method,calibrated,mae,rmse,bias,coverage90,coverage95,normalized_is90,width90,normalized_reservation_loss
Bear,ci,False,13.448625147081529,16.931910023960167,3.7837136136688847,0.925925925925926,0.9715099715099714,1.6762881896927233,65.62480815926581,0.5415378118492166
Bear,ci,True,13.448625147081529,16.931910023960167,3.7837136136688847,0.717948717948718,0.7977207977207977,2.0364775236754586,34.71143736992434,0.5076263280895568
Bear,ci_cleaned_mask,True,13.448625147081529,16.931910023960167,3.7837136136688847,0.717948717948718,0.7977207977207977,2.0364775236754586,34.71143736992434,0.5076263280895568
Bear,common_corrected,False,12.799159847242896,16.001443691400706,4.463935827766929,0.9401709401709403,0.9715099715099714,1.612310823703867,64.93205477119626,0.5139782515534562
Bear,common_corrected,True,12.799159847242896,16.001443691400706,4.463935827766929,0.7521367521367521,0.8148148148148149,1.7969354684326533,35.450591568477215,0.47068434282750454
Bear,duplicate_aware_independence,False,12.924249030123447,16.070970499569935,5.357510949009057,0.7094017094017094,0.7891737891737892,1.9253319711626784,33.03604407398624,0.46062126367386286
Bear,duplicate_aware_independence,True,12.924249030123447,16.070970499569935,5.357510949009057,0.7521367521367521,0.8176638176638177,1.8114425266259833,35.2118783981146,0.4675669899689506
Bear,equal_weight,False,12.937116176687546,16.082729671927282,5.428869660412698,0.9401709401709403,0.9772079772079773,1.625690767201408,66.02742715656932,0.5307116322841423
Bear,equal_weight,True,12.937116176687546,16.082729671927282,5.428869660412698,0.7521367521367521,0.8176638176638177,1.8147773920889527,35.15298716339065,0.46749613654161354
Bear,exact_lineage,False,12.725181134613697,15.89058064363438,3.822260246853746,0.9401709401709403,0.9800569800569802,1.6033365223912013,65.31830740337885,0.5074737821528751
Bear,exact_lineage,True,12.725181134613697,15.89058064363438,3.822260246853746,0.7407407407407408,0.8062678062678063,1.797867432913936,35.044200746722495,0.4743293692250911
Bear,exact_lineage_cleaned_mask,True,12.725181134613697,15.89058064363438,3.822260246853746,0.7407407407407408,0.8062678062678063,1.797867432913936,35.044200746722495,0.4743293692250911
Bear,exact_r0.5,False,11.961337323936904,14.563331663031413,-1.4249455938655329,0.9914529914529916,1.0,1.615913051154473,71.51729984303743,0.4642725101528733
Bear,exact_r0.5,True,11.961337323936904,14.563331663031413,-1.4249455938655329,0.7094017094017094,0.811965811965812,1.6877497759113458,30.519808756152567,0.4750239804611186
Bear,exact_r1.0,False,11.866096895275614,14.661531911618829,-2.494123478338002,1.0,1.0,1.9445613861284143,86.13976277133874,0.4960808367771306
Bear,exact_r1.0,True,11.866096895275614,14.661531911618829,-2.494123478338002,0.7094017094017094,0.811965811965812,1.664285885166538,32.02683480371342,0.4730898255183796
Bear,individual_0,False,14.080447952852559,17.55576753195128,8.570519893192449,0.9088319088319089,0.9686609686609686,1.6990411753004782,66.08929937229723,0.5906393915766267
Bear,individual_0,True,14.080447952852559,17.55576753195128,8.570519893192449,0.7407407407407408,0.8148148148148149,1.9676636861488648,38.10195161092848,0.4745173269611218
Bear,individual_1,False,14.270330669334655,17.739423465007707,7.942865443194357,0.9202279202279202,0.9601139601139601,1.7505460896250533,66.57584946403597,0.5885147412923727
Bear,individual_1,True,14.270330669334655,17.739423465007707,7.942865443194357,0.7350427350427351,0.8205128205128206,2.0381562095064596,38.681373515634434,0.4723598471744162
Bear,individual_2,False,13.125116458278214,16.382750338828934,-2.379264534222868,0.9515669515669516,0.9886039886039887,1.5711976353831194,65.8149768716286,0.49827488151701665
Bear,individual_2,True,13.125116458278214,16.382750338828934,-2.379264534222868,0.7008547008547009,0.7948717948717948,1.8500483822363325,36.32319866816407,0.47936310029022505
Bear,individual_3,False,14.539015134760767,18.55942425467732,7.581357839486853,0.8974358974358975,0.94017094017094,1.7988684736277196,65.844058687235,0.5986925887238118
Bear,individual_3,True,14.539015134760767,18.55942425467732,7.581357839486853,0.7236467236467238,0.8148148148148149,2.1605202680261755,40.262559263171916,0.4794288942260558
Bear,naive_independence,False,12.924249030123447,16.070970499569935,5.357510949009057,0.7094017094017094,0.7891737891737892,1.9253319711626784,33.03604407398624,0.46062126367386286
Bear,naive_independence,True,12.924249030123447,16.070970499569935,5.357510949009057,0.7521367521367521,0.8176638176638177,1.8114425266259833,35.2118783981146,0.4675669899689506
Bear,pooled_privileged,False,13.544798428338657,16.90248503057975,7.380906393131159,0.9173789173789174,0.9601139601139601,1.7088097691149422,65.12779738725142,0.5569441247251187
Bear,pooled_privileged,True,13.544798428338657,16.90248503057975,7.380906393131159,0.7378917378917379,0.8205128205128206,1.9750621725804447,34.448740137924226,0.4662964124536864
Bear,seasonal_naive,False,14.364064957264958,19.69979351282734,4.224201709401709,0.8290598290598291,0.9487179487179488,1.822608203085369,60.68327347209762,0.5851398814372996
Bear,seasonal_naive,True,14.364064957264958,19.69979351282734,4.224201709401709,0.6666666666666666,0.7948717948717948,2.523801194120559,40.98000000000005,0.5711184597327682
Bear,shrinkage,False,13.062349809076167,16.4346428815348,2.2496842492175992,0.6837606837606837,0.7606837606837606,1.9973106996606045,33.44880824015428,0.5227109399111163
Bear,shrinkage,True,13.062349809076167,16.4346428815348,2.2496842492175992,0.7122507122507122,0.8062678062678063,1.8791012350275913,35.48209707648174,0.4758559250181553
Bear,shrinkage_cleaned_mask,True,13.062349809076167,16.4346428815348,2.2496842492175992,0.7122507122507122,0.8062678062678063,1.8791012350275913,35.48209707648174,0.4758559250181553
Bear,sketch_2048,False,12.689967826835732,15.893990501761095,3.508804276910775,0.9373219373219372,0.9857549857549858,1.59839504286781,65.49645311770423,0.5058836988587309
Bear,sketch_2048,True,12.689967826835732,15.893990501761095,3.508804276910775,0.7321937321937323,0.8062678062678063,1.8321511648456343,34.60109906907868,0.4762999147957038
Bear,sketch_2048_cleaned_mask,True,12.689967826835732,15.893990501761095,3.508804276910775,0.7321937321937323,0.8062678062678063,1.8321511648456343,34.60109906907868,0.4762999147957038
Bear,sketch_2048_r0.5,False,12.012519647260168,14.59197652740762,-1.936038391097119,0.9914529914529916,1.0,1.62401013055393,71.63008004700416,0.4654872757063854
Bear,sketch_2048_r0.5,True,12.012519647260168,14.59197652740762,-1.936038391097119,0.717948717948718,0.811965811965812,1.647664145170845,31.62822439911033,0.4713571633396149
Bear,sketch_2048_r1.0,False,11.857631721314922,14.674253560426228,-2.554710301010122,1.0,1.0,1.944570436342096,86.14016367576126,0.494931721093333
Bear,sketch_2048_r1.0,True,11.857631721314922,14.674253560426228,-2.554710301010122,0.7094017094017094,0.811965811965812,1.6688993145859397,32.02698386030818,0.47377814473053
Bear,sketch_512,False,12.979922806567266,16.485350576471692,2.831391038112924,0.925925925925926,0.9715099715099714,1.6759109204002236,65.6080959651491,0.5145948036746711
Bear,sketch_512,True,12.979922806567266,16.485350576471692,2.831391038112924,0.7037037037037037,0.7977207977207977,2.008680742600424,33.173106333088235,0.4989615408487358
Bear,uninflated_2048,False,12.70282399716415,15.873979827093015,3.813093058148334,0.9401709401709403,0.9800569800569802,1.6009624237195104,65.31093448168312,0.5075584382506293
Bear,uninflated_2048,True,12.70282399716415,15.873979827093015,3.813093058148334,0.7435897435897436,0.809116809116809,1.7931346541833515,35.15990629269274,0.47379087889276733
Bear,uninflated_512,False,12.811219017761962,15.957410896882928,3.976870781885497,0.9344729344729344,0.9800569800569802,1.602651590426433,65.29989493906363,0.5098596528378256
Bear,uninflated_512,True,12.811219017761962,15.957410896882928,3.976870781885497,0.7350427350427351,0.8034188034188033,1.8010515364636488,35.0904807453151,0.4756205147464987
Bobcat,ci,False,20.824524729564704,22.43413994591511,18.3562842388296,0.7037037037037036,0.8660968660968661,1.2596124289732888,56.19300058912567,0.4850586067002977
Bobcat,ci,True,20.824524729564704,22.43413994591511,18.3562842388296,0.7863247863247863,0.8660968660968661,1.0540576392731384,54.52834531584923,0.32090027958435746
Bobcat,ci_cleaned_mask,True,20.824524729564704,22.43413994591511,18.3562842388296,0.7863247863247863,0.8660968660968661,1.0540576392731384,54.52834531584923,0.32090027958435746
Bobcat,common_corrected,False,20.816608877127198,22.284598556397384,18.507513834394455,0.6951566951566951,0.8433048433048432,1.3277101121143768,55.48700222275886,0.4811234862623855
Bobcat,common_corrected,True,20.816608877127198,22.284598556397384,18.507513834394455,0.8091168091168092,0.8774928774928775,1.0129268600786385,55.814410881688,0.2976277221214109
Bobcat,duplicate_aware_independence,False,20.97647469409934,22.44504946080359,18.70912646818026,0.31339031339031337,0.3561253561253561,2.87573764130295,28.23686558922441,0.40838269854103654
Bobcat,duplicate_aware_independence,True,20.97647469409934,22.44504946080359,18.70912646818026,0.8119658119658119,0.8803418803418803,1.0195025542752407,56.29966773344979,0.2950227356813197
Bobcat,equal_weight,False,20.98631009153009,22.455265418124174,18.72074597564115,0.6951566951566951,0.849002849002849,1.3236655268500102,56.46223665557307,0.4862312699655167
Bobcat,equal_weight,True,20.98631009153009,22.455265418124174,18.72074597564115,0.8119658119658119,0.8803418803418803,1.0200482049786872,56.31779555378399,0.29495516226723306
Bobcat,exact_lineage,False,19.88213568165031,21.341403877607707,17.43908995567484,0.7464387464387463,0.8888888888888888,1.174330694752136,55.858662761637355,0.46955623534931834
Bobcat,exact_lineage,True,19.88213568165031,21.341403877607707,17.43908995567484,0.8290598290598291,0.8774928774928775,0.9778387530098297,54.36008929063661,0.29970170660762974
Bobcat,exact_lineage_cleaned_mask,True,19.88213568165031,21.341403877607707,17.43908995567484,0.8290598290598291,0.8774928774928775,0.9778387530098297,54.36008929063661,0.29970170660762974
Bobcat,exact_r0.5,False,23.991165096141703,25.28649482269281,22.32524637491605,0.7350427350427351,0.9316239316239316,1.1300849791929597,57.64850432890986,0.5329483074184833
Bobcat,exact_r0.5,True,23.991165096141703,25.28649482269281,22.32524637491605,0.7863247863247863,0.8803418803418803,1.0837632573869156,59.8626991663872,0.3051504058063362
Bobcat,exact_r1.0,False,25.254292889533502,26.59672576926869,23.680472805784344,0.9145299145299144,0.9914529914529916,1.0914250847205544,71.86930954646392,0.5970762363706196
Bobcat,exact_r1.0,True,25.254292889533502,26.59672576926869,23.680472805784344,0.7777777777777778,0.8888888888888888,1.12205831463521,62.79936004988862,0.304159426778644
Bobcat,individual_0,False,23.19934996083013,24.755748963367136,21.15382030823788,0.5925925925925926,0.7407407407407408,1.6510495054893717,56.45909187673457,0.5184768260213107
Bobcat,individual_0,True,23.19934996083013,24.755748963367136,21.15382030823788,0.8262108262108262,0.8803418803418803,1.0745307982939936,61.620077666220645,0.3027908702416096
Bobcat,individual_1,False,18.275970245812776,19.971627264878276,15.18353625002137,0.7635327635327634,0.8717948717948718,1.242537641404195,56.31594393441307,0.45038935086177373
Bobcat,individual_1,True,18.275970245812776,19.971627264878276,15.18353625002137,0.849002849002849,0.8974358974358975,0.9478594498003817,52.282762143058,0.297078424816823
Bobcat,individual_2,False,20.07114121615972,22.025456580988205,17.221871688425836,0.6581196581196581,0.8148148148148148,1.3906470733140122,56.59552737178664,0.47282189464922997
Bobcat,individual_2,True,20.07114121615972,22.025456580988205,17.221871688425836,0.8119658119658121,0.868945868945869,1.068891390518836,56.66001166325162,0.29001976397454954
Bobcat,individual_3,False,23.07080822711707,24.477792168142855,21.323755655879513,0.6438746438746438,0.8062678062678064,1.4600704036310959,56.531762432364154,0.5156122543077014
Bobcat,individual_3,True,23.07080822711707,24.477792168142855,21.323755655879513,0.772079772079772,0.8518518518518517,1.1056714621934975,57.65622619404733,0.29905532400726526
Bobcat,naive_independence,False,20.97647469409934,22.44504946080359,18.70912646818026,0.31339031339031337,0.3561253561253561,2.87573764130295,28.23686558922441,0.40838269854103654
Bobcat,naive_independence,True,20.97647469409934,22.44504946080359,18.70912646818026,0.8119658119658119,0.8803418803418803,1.0195025542752407,56.29966773344979,0.2950227356813197
Bobcat,pooled_privileged,False,17.889037044491293,19.326042962730252,15.18399193671676,0.8290598290598291,0.9287749287749287,1.005499097402595,55.7339806162204,0.4413616553462498
Bobcat,pooled_privileged,True,17.889037044491293,19.326042962730252,15.18399193671676,0.8404558404558404,0.8945868945868947,0.9030786061634523,50.47828096214692,0.29398305038939543
Bobcat,seasonal_naive,False,9.862905982905982,13.297912327668543,1.957774358974359,0.94017094017094,0.9658119658119658,0.9141678776520076,54.938270378307415,0.2503281127605645
Bobcat,seasonal_naive,True,9.862905982905982,13.297912327668543,1.957774358974359,0.8717948717948718,0.9487179487179488,0.8520363865456003,38.20000000000004,0.2251746927807806
Bobcat,shrinkage,False,20.90065825974055,22.37194315967591,18.613999717613854,0.9202279202279202,0.9943019943019943,1.0889403109443803,72.13176930686217,0.5341581374549579
Bobcat,shrinkage,True,20.90065825974055,22.37194315967591,18.613999717613854,0.8148148148148148,0.8774928774928775,1.0165150046473785,56.158697250814754,0.2950226480669755
Bobcat,shrinkage_cleaned_mask,True,20.90065825974055,22.37194315967591,18.613999717613854,0.8148148148148148,0.8774928774928775,1.0165150046473785,56.158697250814754,0.2950226480669755
Bobcat,sketch_2048,False,19.51507419877627,20.9729855802467,17.0050479337066,0.7663817663817664,0.905982905982906,1.1152081168781647,56.02753601182564,0.4655770480834598
Bobcat,sketch_2048,True,19.51507419877627,20.9729855802467,17.0050479337066,0.8176638176638177,0.8803418803418803,0.9781364783956418,52.78657435178126,0.30302957620094356
Bobcat,sketch_2048_cleaned_mask,True,19.51507419877627,20.9729855802467,17.0050479337066,0.8176638176638177,0.8803418803418803,0.9781364783956418,52.78657435178126,0.30302957620094356
Bobcat,sketch_2048_r0.5,False,23.834827584212448,25.13940850909826,22.1639837673218,0.7435897435897436,0.9316239316239316,1.1205318285431605,57.83714840861179,0.5313216184411572
Bobcat,sketch_2048_r0.5,True,23.834827584212448,25.13940850909826,22.1639837673218,0.7863247863247863,0.8717948717948718,1.0945230933104546,59.08473673109221,0.3052130620418107
Bobcat,sketch_2048_r1.0,False,25.363815765881974,26.732083716548665,23.73846570628988,0.9145299145299144,0.9914529914529916,1.1029435607316824,71.94273059792839,0.5992418320875368
Bobcat,sketch_2048_r1.0,True,25.363815765881974,26.732083716548665,23.73846570628988,0.811965811965812,0.8974358974358975,1.1234549890083465,63.91495489073454,0.3057094365955395
Bobcat,sketch_512,False,20.60965682484657,22.139251570489375,18.21213583089029,0.7037037037037036,0.8660968660968661,1.2551644605024366,56.17107471480451,0.4808641846732143
Bobcat,sketch_512,True,20.60965682484657,22.139251570489375,18.21213583089029,0.8062678062678063,0.8717948717948718,1.031631630917949,54.68133616069962,0.3147333700603662
Bobcat,uninflated_2048,False,19.87694601454584,21.334800254581427,17.444058647699645,0.7464387464387463,0.8888888888888888,1.1741528003111408,55.82721525407508,0.46943017723801367
Bobcat,uninflated_2048,True,19.87694601454584,21.334800254581427,17.444058647699645,0.8233618233618234,0.8774928774928775,0.9813429707976663,54.10128720137649,0.29979185974480477
Bobcat,uninflated_512,False,20.20079233128063,21.669416703415013,17.777917649062953,0.735042735042735,0.8831908831908833,1.2090511599002987,55.825973089911066,0.47413992054823884
Bobcat,uninflated_512,True,20.20079233128063,21.669416703415013,17.777917649062953,0.809116809116809,0.8774928774928775,1.0021693617825986,54.36512494400947,0.30344912482797876
Bull,ci,False,77.07382023420405,122.30590076394948,25.06197699488825,0.9597701149425287,0.9655172413793104,1.0555576153069717,436.8147382600874,0.3485551290760418
Bull,ci,True,77.07382023420405,122.30590076394948,25.06197699488825,0.9913793103448277,0.9913793103448277,1.8547274832094012,1116.883542508059,0.266179554726995
Bull,ci_cleaned_mask,True,72.29253348673849,108.01032227479153,30.731401109563304,1.0,1.0,1.835490252029058,1116.872178834259,0.23481704620782562
Bull,common_corrected,False,81.65066481364313,123.042687975273,33.68919402605105,0.9626436781609197,0.9655172413793104,1.0301514166803571,431.7515490332218,0.35442106022066616
Bull,common_corrected,True,81.65066481364313,123.042687975273,33.68919402605105,0.9913793103448277,0.9913793103448277,1.8926462091173128,1145.4527051808154,0.2589412922817667
Bull,duplicate_aware_independence,False,83.15871288173894,123.57399309678169,36.10216061636945,0.7442528735632185,0.8735632183908045,0.982029440026244,219.9868366265072,0.2930401959448008
Bull,duplicate_aware_independence,True,83.15871288173894,123.57399309678169,36.10216061636945,0.9913793103448277,0.9942528735632185,1.904439602473661,1154.0873833436165,0.2588151005854689
Bull,equal_weight,False,83.25748076746778,123.61540875214524,36.21809483564052,0.9626436781609197,0.9655172413793104,1.0337936511901156,439.807662405603,0.3595812011156734
Bull,equal_weight,True,83.25748076746778,123.61540875214524,36.21809483564052,0.9913793103448277,0.9942528735632185,1.9045116713376018,1154.1871127548218,0.25898353760981946
Bull,exact_lineage,False,76.48729408715906,120.8420915420006,25.77046013373028,0.9597701149425287,0.9655172413793104,1.0462265581257502,434.97053740247884,0.3465365616040801
Bull,exact_lineage,True,76.48729408715906,120.8420915420006,25.77046013373028,0.9913793103448277,0.9913793103448277,1.8673275420700997,1126.5634596531897,0.25955787520214413
Bull,exact_lineage_cleaned_mask,True,71.76566531447594,106.71775620720001,31.381286769203744,1.0,1.0,1.8514159169500128,1126.5627408298833,0.22829052442575448
Bull,exact_r0.5,False,88.0003115989233,124.77941908062373,44.839996068664114,0.9655172413793104,0.9655172413793104,1.080917449124552,508.9813259710685,0.3871154236302926
Bull,exact_r0.5,True,88.0003115989233,124.77941908062373,44.839996068664114,0.9913793103448276,1.0,1.912929306824695,1163.9321640463177,0.2647559213212183
Bull,exact_r1.0,False,84.30800547923752,123.34407168609968,39.23388389438921,0.9655172413793104,0.9741379310344828,1.214104700214342,619.6003463050072,0.4185765295792197
Bull,exact_r1.0,True,84.30800547923752,123.34407168609968,39.23388389438921,0.9913793103448276,0.9913793103448276,1.906231916412624,1157.0510168075284,0.2639109287755229
Bull,individual_0,False,100.62840688733472,139.69609910853467,52.67926948387401,0.9310344827586207,0.9597701149425287,1.046581423208716,438.40827467921804,0.38308663975685203
Bull,individual_0,True,100.62840688733472,139.69609910853467,52.67926948387401,0.9942528735632185,0.9942528735632185,1.9590670598034834,1181.2684485248672,0.27181273212117557
Bull,individual_1,False,85.80840769113007,126.84753975908636,38.30106250793827,0.942528735632184,0.9655172413793104,1.0354236882270866,440.5546238464856,0.3626975844393711
Bull,individual_1,True,85.80840769113007,126.84753975908636,38.30106250793827,0.9913793103448277,0.9942528735632185,1.933322926153403,1165.9697102999737,0.25643929658433134
Bull,individual_2,False,74.26062761315671,120.82334932489717,14.330818692634091,0.9597701149425287,0.9655172413793104,1.066348972140859,439.1891599505573,0.33405530951826257
Bull,individual_2,True,74.26062761315671,120.82334932489717,14.330818692634091,0.985632183908046,0.985632183908046,1.8293890466515899,1097.451208809876,0.25646747609010295
Bull,individual_3,False,92.78703332188188,131.7282566186373,39.5612286581157,0.9454022988505747,0.9655172413793104,1.0422303976839362,441.8507296198263,0.3650868477637501
Bull,individual_3,True,92.78703332188188,131.7282566186373,39.5612286581157,0.9885057471264368,0.9913793103448277,1.9203753481682924,1158.6763375953956,0.27085588644492525
Bull,naive_independence,False,83.15871288173894,123.57399309678169,36.10216061636945,0.7442528735632185,0.8735632183908045,0.982029440026244,219.9868366265072,0.2930401959448008
Bull,naive_independence,True,83.15871288173894,123.57399309678169,36.10216061636945,0.9913793103448277,0.9942528735632185,1.904439602473661,1154.0873833436165,0.2588151005854689
Bull,pooled_privileged,False,87.63518610165363,126.20449795385201,42.842566825868936,0.9597701149425287,0.9655172413793104,1.019900634028725,434.10301051634525,0.36624057828094986
Bull,pooled_privileged,True,87.63518610165363,126.20449795385201,42.842566825868936,0.9942528735632185,0.9942528735632185,1.9132423562364702,1159.6255786326283,0.25650712108063306
Bull,seasonal_naive,False,160.43965517241378,253.38959032043644,-119.31896551724138,0.75,0.7586206896551723,2.5392249626975123,572.3566685819955,0.7386646731475904
Bull,seasonal_naive,True,160.43965517241378,253.38959032043644,-119.31896551724138,0.9224137931034484,0.9396551724137931,1.7685467680949658,952.0,0.8489738524579429
Bull,shrinkage,False,71.9437291618788,119.48417678291179,13.04437562216164,0.6379310344827586,0.7011494252873564,1.1245858844436727,133.76685182911024,0.25601195363897633
Bull,shrinkage,True,71.9437291618788,119.48417678291179,13.04437562216164,0.9885057471264368,0.9885057471264368,1.8257043998544287,1095.100032538671,0.25788709689572653
Bull,shrinkage_cleaned_mask,True,67.0588640426338,104.4011059807162,18.66826773952873,0.9971014492753624,0.9971014492753624,1.801306806540578,1095.100032538671,0.22628683440402111
Bull,sketch_2048,False,76.37667449937324,121.09983898856649,25.530754336498973,0.9597701149425287,0.9655172413793104,1.0507945642438605,436.22437968032204,0.34760419127799214
Bull,sketch_2048,True,76.37667449937324,121.09983898856649,25.530754336498973,0.9913793103448277,0.9913793103448277,1.863218684180566,1123.3984864982688,0.2620183460058316
Bull,sketch_2048_cleaned_mask,True,71.63138504395927,106.87955280739793,31.162195347007483,1.0,1.0,1.8462049019279412,1123.3919053023149,0.23072963125143062
Bull,sketch_2048_r0.5,False,84.30800547923752,123.34407168609968,39.23388389438921,0.9655172413793104,0.9655172413793104,1.095004339705281,509.073049630052,0.3821064165990196
Bull,sketch_2048_r0.5,True,84.30800547923752,123.34407168609968,39.23388389438921,0.9913793103448276,0.9913793103448276,1.9070799857703,1157.680171725132,0.2639106148926919
Bull,sketch_2048_r1.0,False,84.30800547923752,123.34407168609968,39.23388389438921,0.9655172413793104,0.9741379310344828,1.214104700214342,619.6003463050072,0.4185765295792197
Bull,sketch_2048_r1.0,True,84.30800547923752,123.34407168609968,39.23388389438921,0.9913793103448276,0.9913793103448276,1.906231916412624,1157.0510168075284,0.2639109287755229
Bull,sketch_512,False,76.94013615462227,122.25587880407886,24.90457915480822,0.9597701149425287,0.9655172413793104,1.0555537224060798,436.8123694800318,0.34829546235381925
Bull,sketch_512,True,76.94013615462227,122.25587880407886,24.90457915480822,0.9913793103448277,0.9913793103448277,1.8547170218798057,1116.877176923733,0.266125518078835
Bull,uninflated_2048,False,76.82164260900923,121.1692208129852,26.332629160317662,0.9597701149425287,0.9655172413793104,1.047032969398662,435.03389857019647,0.34774298144959714
Bull,uninflated_2048,True,76.82164260900923,121.1692208129852,26.332629160317662,0.9913793103448277,0.9913793103448277,1.8681789988411694,1127.0577180045557,0.2594637289048472
Bull,uninflated_512,False,76.07141979682264,120.63119623247842,24.92356252185206,0.9597701149425287,0.9655172413793104,1.0466945001172998,435.2035822401638,0.3452332224703838
Bull,uninflated_512,True,76.07141979682264,120.63119623247842,24.92356252185206,0.9913793103448277,0.9913793103448277,1.8690889210357866,1127.4280081459174,0.2586168191574662
Crow,ci,False,4.2555734704262305,5.375654347400073,-1.3469103594777891,1.0,1.0,0.4551155790448143,34.18412988592288,0.1081383341973407
Crow,ci,True,4.2555734704262305,5.375654347400073,-1.3469103594777891,1.0,1.0,0.45640523243640074,34.28099688207876,0.09237731354272453
Crow,ci_cleaned_mask,True,4.2555734704262305,5.375654347400073,-1.3469103594777891,1.0,1.0,0.45640523243640074,34.28099688207876,0.09237731354272453
Crow,common_corrected,False,4.497072448252002,5.667144946155084,-1.4255449461985261,1.0,1.0,0.45062114019891264,33.846548646460384,0.1070762253901091
Crow,common_corrected,True,4.497072448252002,5.667144946155084,-1.4255449461985261,0.9971509971509972,1.0,0.45864922929768825,34.42620380462025,0.09120206779992009
Crow,duplicate_aware_independence,False,4.5331049163975425,5.711855156515543,-1.4816677686346038,0.8717948717948718,0.9259259259259259,0.3221548086537618,17.2088158524643,0.10220098589538083
Crow,duplicate_aware_independence,True,4.5331049163975425,5.711855156515543,-1.4816677686346038,0.9971509971509972,1.0,0.46205716509657896,34.65089332567143,0.09217757883536899
Crow,equal_weight,False,4.533120166973739,5.711907537804438,-1.481134700980318,1.0,1.0,0.4580586111981027,34.405183609457474,0.10840170604172994
Crow,equal_weight,True,4.533120166973739,5.711907537804438,-1.481134700980318,0.9971509971509972,1.0,0.46277427268141497,34.70897114709191,0.0922007952633591
Crow,exact_lineage,False,4.466625141674138,5.648973053858376,-1.3951957931389725,1.0,1.0,0.453174310672154,34.03831951763417,0.1076192239371556
Crow,exact_lineage,True,4.466625141674138,5.648973053858376,-1.3951957931389725,0.9971509971509972,1.0,0.4590862615159752,34.45902967743614,0.09093174489574186
Crow,exact_lineage_cleaned_mask,True,4.466625141674138,5.648973053858376,-1.3951957931389725,0.9971509971509972,1.0,0.4590862615159752,34.45902967743614,0.09093174489574186
Crow,exact_r0.5,False,4.206692615428141,5.501219866640883,1.928640013821861,1.0,1.0,0.4810068152687013,36.12884332298436,0.1492042076573277
Crow,exact_r0.5,True,4.206692615428141,5.501219866640883,1.928640013821861,1.0,1.0,0.516863615921958,38.8220790355414,0.0898433834541743
Crow,exact_r1.0,False,4.633837261159317,5.973685987108561,2.784525881253769,1.0,1.0,0.6004519627801022,45.10047300294943,0.1906886475169858
Crow,exact_r1.0,True,4.633837261159317,5.973685987108561,2.784525881253769,1.0,1.0,0.5308161913812732,39.870069202666414,0.0937830267726008
Crow,individual_0,False,4.669301179325532,5.79531789027308,-1.59036715017077,0.9971509971509972,1.0,0.460273317595208,34.557371692291895,0.10936318707252307
Crow,individual_0,True,4.669301179325532,5.79531789027308,-1.59036715017077,1.0,1.0,0.4696805833176496,35.2781201178033,0.09744214362172017
Crow,individual_1,False,6.0391420448835476,7.261867866006888,-4.384004420730769,0.9943019943019943,1.0,0.460484994995183,34.358858023577966,0.10991143144110514
Crow,individual_1,True,6.0391420448835476,7.261867866006888,-4.384004420730769,0.9686609686609686,0.9914529914529915,0.4563295310484543,33.07596982721867,0.09967820553141604
Crow,individual_2,False,4.773071887115078,5.965497686646276,-0.3659549608787225,0.9943019943019943,1.0,0.46169199945399714,34.54500491810138,0.12386095138810077
Crow,individual_2,True,4.773071887115078,5.965497686646276,-0.3659549608787225,0.9914529914529915,1.0,0.4847169548273775,36.33252193094123,0.10259352164479761
Crow,individual_3,False,4.695883935547935,6.0229090989354175,0.4157877278589917,0.9886039886039887,0.9971509971509972,0.4632607967170596,34.2177314432459,0.12823897044000712
Crow,individual_3,True,4.695883935547935,6.0229090989354175,0.4157877278589917,1.0,1.0,0.5021849644649733,37.71955266408896,0.0978081022053725
Crow,naive_independence,False,4.5331049163975425,5.711855156515543,-1.4816677686346038,0.8717948717948718,0.9259259259259259,0.3221548086537618,17.2088158524643,0.10220098589538083
Crow,naive_independence,True,4.5331049163975425,5.711855156515543,-1.4816677686346038,0.9971509971509972,1.0,0.46205716509657896,34.65089332567143,0.09217757883536899
Crow,pooled_privileged,False,5.936359225258009,7.118963010931869,-4.835162610285701,0.9943019943019943,1.0,0.4535718134822792,33.95768968746261,0.09313242803588194
Crow,pooled_privileged,True,5.936359225258009,7.118963010931869,-4.835162610285701,0.9857549857549857,0.9943019943019943,0.41843800075286214,31.086007608956294,0.09315514153825549
Crow,seasonal_naive,False,7.419264957264956,9.972436034467126,-1.97463247863248,0.8974358974358975,0.94017094017094,0.5804539109811842,33.608996026443386,0.211229725162315
Crow,seasonal_naive,True,7.419264957264956,9.972436034467126,-1.97463247863248,0.94017094017094,0.9829059829059826,0.6016327878959469,41.34919999999999,0.2183774014121638
Crow,shrinkage,False,4.697835159479797,5.963744638250712,0.13859057834930275,0.9857549857549858,0.9886039886039887,0.4196467705968095,30.634763364451562,0.11660197785976957
Crow,shrinkage,True,4.697835159479797,5.963744638250712,0.13859057834930275,1.0,1.0,0.4984713438315933,37.44061936467315,0.09527106310234949
Crow,shrinkage_cleaned_mask,True,4.697835159479797,5.963744638250712,0.13859057834930275,1.0,1.0,0.4984713438315933,37.44061936467315,0.09527106310234949
Crow,sketch_2048,False,4.443572194518516,5.6068343556370905,-1.459175239486391,1.0,1.0,0.4545228794317681,34.13961169870057,0.10670793124467604
Crow,sketch_2048,True,4.443572194518516,5.6068343556370905,-1.459175239486391,1.0,1.0,0.46632341432629,35.025960213520314,0.09127705098769012
Crow,sketch_2048_cleaned_mask,True,4.443572194518516,5.6068343556370905,-1.459175239486391,1.0,1.0,0.46632341432629,35.025960213520314,0.09127705098769012
Crow,sketch_2048_r0.5,False,4.060684834109796,5.306415189936778,1.4116769840016197,1.0,1.0,0.4824609673613369,36.23806596069953,0.1426208893967354
Crow,sketch_2048_r0.5,True,4.060684834109796,5.306415189936778,1.4116769840016197,1.0,1.0,0.4910995902219257,36.886920492380575,0.0895330490454023
Crow,sketch_2048_r1.0,False,4.3993802548709855,5.611602857086283,2.134120882418756,1.0,1.0,0.6013463948141407,45.16765457667159,0.1822582090192727
Crow,sketch_2048_r1.0,True,4.3993802548709855,5.611602857086283,2.134120882418756,1.0,1.0,0.5054185438986436,37.96242964841242,0.0930647947223021
Crow,sketch_512,False,4.31724874218484,5.431425164314638,-1.465400514279845,1.0,1.0,0.4551022110656449,34.18312580529528,0.106842512299312
Crow,sketch_512,True,4.31724874218484,5.431425164314638,-1.465400514279845,1.0,1.0,0.45639381209909907,34.28013909053824,0.0916200767657845
Crow,uninflated_2048,False,4.466847654766656,5.641418556116162,-1.467117374570334,1.0,1.0,0.45323940314348216,34.04320867018559,0.10689357830678607
Crow,uninflated_2048,True,4.466847654766656,5.641418556116162,-1.467117374570334,0.9971509971509972,1.0,0.45817891206812406,34.38872574734978,0.09089410672932853
Crow,uninflated_512,False,4.435150301813006,5.611392231844499,-1.3978501450843355,1.0,1.0,0.4532147493848657,34.04135690477583,0.10736516749675411
Crow,uninflated_512,True,4.435150301813006,5.611392231844499,-1.3978501450843355,0.9971509971509972,1.0,0.4589265944828125,34.44873168768235,0.09098102995394797
Eagle,ci,False,13.434843020937022,16.37039565059752,2.1684233624065725,0.9458689458689459,0.9857549857549858,1.3628131668037013,67.05428950084134,0.426097234274541
Eagle,ci,True,13.434843020937022,16.37039565059752,2.1684233624065725,0.8917378917378916,0.9145299145299147,1.2664246049889034,49.91762932344175,0.4145627271581507
Eagle,ci_cleaned_mask,True,13.434843020937022,16.37039565059752,2.1684233624065725,0.8917378917378916,0.9145299145299147,1.2664246049889034,49.91762932344175,0.4145627271581507
Eagle,common_corrected,False,13.55910728801829,16.213743861145804,2.9603993095116343,0.9629629629629629,0.9857549857549857,1.3016926282000103,66.2770654443482,0.4236200594106505
Eagle,common_corrected,True,13.55910728801829,16.213743861145804,2.9603993095116343,0.8717948717948718,0.9173789173789174,1.2225442625475145,48.807103055818324,0.41051856622609106
Eagle,duplicate_aware_independence,False,13.826405386019898,16.531334658632815,3.3067199569723993,0.7094017094017094,0.8119658119658121,1.5089293565134299,33.68401207714492,0.42421013121021206
Eagle,duplicate_aware_independence,True,13.826405386019898,16.531334658632815,3.3067199569723993,0.8746438746438746,0.9173789173789174,1.2538054703442967,49.205082663236595,0.4139458236933649
Eagle,equal_weight,False,13.838675721558317,16.54645477502291,3.321564359940107,0.9629629629629631,0.9829059829059826,1.3206709874567593,67.3574888060251,0.4320317671215926
Eagle,equal_weight,True,13.838675721558317,16.54645477502291,3.321564359940107,0.8746438746438746,0.9173789173789174,1.255443332679888,49.198561294116296,0.41413005430342564
Eagle,exact_lineage,False,13.691781754772967,16.43366006733434,3.182883271957532,0.9572649572649573,0.9857549857549857,1.3248978725504401,66.70782786260257,0.42852216890902456
Eagle,exact_lineage,True,13.691781754772967,16.43366006733434,3.182883271957532,0.8774928774928775,0.9116809116809117,1.2470441586399181,49.47063451297066,0.41322847456107287
Eagle,exact_lineage_cleaned_mask,True,13.691781754772967,16.43366006733434,3.182883271957532,0.8774928774928775,0.9116809116809117,1.2470441586399181,49.47063451297066,0.41322847456107287
Eagle,individual_0,False,15.560195305356421,18.616800600660188,4.606511023203057,0.9344729344729344,0.9772079772079773,1.4226726518376924,67.56881525816988,0.4769672357106536
Eagle,individual_0,True,15.560195305356421,18.616800600660188,4.606511023203057,0.8774928774928776,0.9287749287749287,1.3714197295634118,54.227386659856116,0.433734579969338
Eagle,individual_1,False,13.242649512619636,15.789159185899592,1.2994756165445926,0.9715099715099716,0.9943019943019943,1.284270988383039,67.46147973441093,0.41302323516519546
Eagle,individual_1,True,13.242649512619636,15.789159185899592,1.2994756165445926,0.8974358974358975,0.9344729344729346,1.1435655494058825,49.042301490616275,0.40548302239015127
Eagle,individual_2,False,13.173819146769793,16.119407660987015,2.0687245501877563,0.9487179487179489,0.982905982905983,1.3745027229365927,67.17147763546181,0.41372843652733066
Eagle,individual_2,True,13.173819146769793,16.119407660987015,2.0687245501877563,0.8831908831908831,0.9116809116809117,1.2767123366090565,48.722163490361915,0.40523650144800905
Eagle,individual_3,False,15.095210698866557,18.67072962134353,5.311546249825021,0.923076923076923,0.9572649572649571,1.5004502040671543,67.27683342968294,0.470434162431157
Eagle,individual_3,True,15.095210698866557,18.67072962134353,5.311546249825021,0.8746438746438746,0.9230769230769232,1.4987894190546445,53.177072138517836,0.44536816754556874
Eagle,naive_independence,False,13.826405386019898,16.531334658632815,3.3067199569723993,0.7094017094017094,0.8119658119658121,1.5089293565134299,33.68401207714492,0.42421013121021206
Eagle,naive_independence,True,13.826405386019898,16.531334658632815,3.3067199569723993,0.8746438746438746,0.9173789173789174,1.2538054703442967,49.205082663236595,0.4139458236933649
Eagle,pooled_privileged,False,14.3309694291573,17.161224025666094,5.924277733829676,0.9572649572649573,0.9800569800569799,1.3397737507985592,66.53444055630534,0.45877951423014546
Eagle,pooled_privileged,True,14.3309694291573,17.161224025666094,5.924277733829676,0.868945868945869,0.8917378917378916,1.3010257703982078,48.850839404751035,0.42260769042717033
Eagle,seasonal_naive,False,9.713679487179489,13.87069110163616,5.71367606837607,0.9743589743589745,0.9743589743589745,1.348137142819095,65.46888731571278,0.4218241811973045
Eagle,seasonal_naive,True,9.713679487179489,13.87069110163616,5.71367606837607,0.9487179487179488,0.9829059829059826,1.2355340582276164,55.250080000000004,0.38566446514973435
Eagle,shrinkage,False,13.574802476677917,16.583627605573707,2.7887146892496535,0.8547008547008548,0.8888888888888888,1.3423896065828795,43.90552059471738,0.40473123593181914
Eagle,shrinkage,True,13.574802476677917,16.583627605573707,2.7887146892496535,0.8774928774928775,0.9116809116809116,1.3074909706388407,50.41554814545697,0.40922668673012136
Eagle,shrinkage_cleaned_mask,True,13.574802476677917,16.583627605573707,2.7887146892496535,0.8774928774928775,0.9116809116809116,1.3074909706388407,50.41554814545697,0.40922668673012136
Eagle,sketch_2048,False,13.84798051298718,16.57783968996624,2.991799424911413,0.9572649572649573,0.9886039886039885,1.3269821044180108,66.88326101762408,0.4324202720504151
Eagle,sketch_2048,True,13.84798051298718,16.57783968996624,2.991799424911413,0.8717948717948718,0.9173789173789175,1.2388404527287535,48.96999502700519,0.4154500340853764
Eagle,sketch_2048_cleaned_mask,True,13.84798051298718,16.57783968996624,2.991799424911413,0.8717948717948718,0.9173789173789175,1.2388404527287535,48.96999502700519,0.4154500340853764
Eagle,sketch_512,False,13.669673638035233,16.58657244105111,2.5786143007824305,0.9458689458689459,0.9857549857549858,1.3620845551649199,67.01504201012247,0.43281308093893694
Eagle,sketch_512,True,13.669673638035233,16.58657244105111,2.5786143007824305,0.8888888888888888,0.9145299145299147,1.2658921559065923,50.15890088810145,0.42203278455917975
Eagle,uninflated_2048,False,13.645232120060912,16.389421315968722,3.0322309946631374,0.9572649572649573,0.9857549857549857,1.323588562812656,66.68709224570826,0.426736706405946
Eagle,uninflated_2048,True,13.645232120060912,16.389421315968722,3.0322309946631374,0.8803418803418803,0.9116809116809117,1.2433368244931848,49.407297045259746,0.4122566556016169
Eagle,uninflated_512,False,13.657286434997296,16.38646427457242,3.116961164560029,0.9572649572649573,0.9857549857549857,1.3234081046100323,66.6730619172323,0.42763376434924355
Eagle,uninflated_512,True,13.657286434997296,16.38646427457242,3.116961164560029,0.8746438746438746,0.9116809116809117,1.2425849163532288,49.242610886000875,0.4117716114752615
Fox,ci,False,90.77258602853912,105.33914115372062,-66.61470266070604,1.0,1.0,2.275694468849753,469.86598735944773,0.5306464578211184
Fox,ci,True,90.77258602853912,105.33914115372062,-66.61470266070604,0.5584045584045584,0.9914529914529915,2.725332454420043,209.10547322923003,1.070875007642362
Fox,ci_cleaned_mask,True,90.77258602853912,105.33914115372062,-66.61470266070604,0.5584045584045584,0.9914529914529915,2.725332454420043,209.10547322923003,1.070875007642362
Fox,common_corrected,False,92.07631666909283,105.25922272575673,-62.86605696091927,1.0,1.0,2.256780855717217,465.96086581053197,0.5201184234527542
Fox,common_corrected,True,92.07631666909283,105.25922272575673,-62.86605696091927,0.5641025641025641,0.9943019943019943,2.8197378994380107,199.6675720485724,1.0973489580671096
Fox,duplicate_aware_independence,False,90.98905483335788,103.87901315101095,-60.781354712879285,0.6723646723646723,0.8262108262108262,2.0950541179397146,237.65566730403035,0.906763862813808
Fox,duplicate_aware_independence,True,90.98905483335788,103.87901315101095,-60.781354712879285,0.5811965811965812,0.9943019943019943,2.7695679779933227,198.92431887054173,1.093760788381841
Fox,equal_weight,False,90.91498560348695,103.78703284834387,-60.66201365341984,1.0,1.0,2.3004653637277444,474.9804704936919,0.5084474575847525
Fox,equal_weight,True,90.91498560348695,103.78703284834387,-60.66201365341984,0.584045584045584,0.9943019943019943,2.7677575681301128,198.76766754716036,1.0933719807098925
Fox,exact_lineage,False,93.68505677043838,107.31455623328492,-66.50413635102892,1.0,1.0,2.2682517234385142,468.3292727568569,0.531701120601801
Fox,exact_lineage,True,93.68505677043838,107.31455623328492,-66.50413635102892,0.5555555555555555,0.9971509971509972,2.8635316621725444,204.26673009122862,1.0992431753812515
Fox,exact_lineage_cleaned_mask,True,93.68505677043838,107.31455623328492,-66.50413635102892,0.5555555555555555,0.9971509971509972,2.8635316621725444,204.26673009122862,1.0992431753812515
Fox,individual_0,False,97.12257510215737,112.7112306513698,-69.77839072825513,1.0,1.0,2.307635743419914,476.4609493452779,0.5907776015731304
Fox,individual_0,True,97.12257510215737,112.7112306513698,-69.77839072825513,0.5156695156695156,0.9002849002849004,3.0949526387753714,208.2708029671986,1.0449212010889954
Fox,individual_1,False,88.88222104994774,102.75819151355178,-63.4322342926019,1.0,1.0,2.3017306249456797,475.2417108401314,0.4732705904967564
Fox,individual_1,True,88.88222104994774,102.75819151355178,-63.4322342926019,0.5042735042735043,0.9886039886039887,2.8083179735907113,191.5076816151101,1.0485897416179262
Fox,individual_2,False,86.46764427093693,98.43339804124878,-43.907595957459115,1.0,1.0,2.310985966759215,477.15267489048733,0.5546485535521279
Fox,individual_2,True,86.46764427093693,98.43339804124878,-43.907595957459115,0.7663817663817664,0.9743589743589743,2.245201363951874,282.553324003486,0.9884898505832265
Fox,individual_3,False,97.5159849560801,113.18750464880686,-65.52983363536323,1.0,1.0,2.28911076830736,472.6360704605175,0.5910361529588886
Fox,individual_3,True,97.5159849560801,113.18750464880686,-65.52983363536323,0.6125356125356126,0.9743589743589745,2.9214492110980737,235.01014970788367,1.066670443336175
Fox,naive_independence,False,90.98905483335788,103.87901315101095,-60.781354712879285,0.6723646723646723,0.8262108262108262,2.0950541179397146,237.65566730403035,0.906763862813808
Fox,naive_independence,True,90.98905483335788,103.87901315101095,-60.781354712879285,0.5811965811965812,0.9943019943019943,2.7695679779933227,198.92431887054173,1.093760788381841
Fox,pooled_privileged,False,89.49594425670472,101.75313704357917,-60.83856226903628,1.0,1.0,2.2686543260735017,468.4123987156319,0.5024758474097898
Fox,pooled_privileged,True,89.49594425670472,101.75313704357917,-60.83856226903628,0.5156695156695157,0.9857549857549858,2.5421110441039176,196.1649656375616,1.0746355971212667
Fox,seasonal_naive,False,123.71999999999998,131.54761664296484,-9.978803418803416,0.7264957264957265,0.94017094017094,1.961866930276172,301.9283854559624,0.9745915728149482
Fox,seasonal_naive,True,123.71999999999998,131.54761664296484,-9.978803418803416,0.3076923076923077,0.8376068376068376,4.237636479405874,200.89600000000044,1.4588473443893222
Fox,shrinkage,False,91.40920871551778,106.00993267981748,-66.36706287194382,0.29914529914529914,0.35042735042735035,5.093781316618661,105.87346197335216,1.2821038163215002
Fox,shrinkage,True,91.40920871551778,106.00993267981748,-66.36706287194382,0.50997150997151,0.9971509971509972,2.9741281843220864,193.4656471884413,1.0758021634675887
Fox,shrinkage_cleaned_mask,True,91.40920871551778,106.00993267981748,-66.36706287194382,0.50997150997151,0.9971509971509972,2.9741281843220864,193.4656471884413,1.0758021634675887
Fox,sketch_2048,False,93.55191068200203,107.42104436805585,-66.70564173467945,1.0,1.0,2.2722560111393935,469.1560439337434,0.5318036452823138
Fox,sketch_2048,True,93.55191068200203,107.42104436805585,-66.70564173467945,0.5669515669515669,0.9971509971509972,2.7441510263142903,210.93748051482658,1.1006483285562951
Fox,sketch_2048_cleaned_mask,True,93.55191068200203,107.42104436805585,-66.70564173467945,0.5669515669515669,0.9971509971509972,2.7441510263142903,210.93748051482658,1.1006483285562951
Fox,sketch_512,False,92.65018596096131,106.41617244496733,-66.36666359001343,1.0,1.0,2.2752011923991575,469.7641398444703,0.5260236285069303
Fox,sketch_512,True,92.65018596096131,106.41617244496733,-66.36666359001343,0.5555555555555555,0.9971509971509972,2.7057035346397758,209.0793478781186,1.1022920178703741
Fox,uninflated_2048,False,93.67600771375096,107.26757525297715,-66.31252428522163,1.0,1.0,2.268659991645542,468.41356849463205,0.5315572622583591
Fox,uninflated_2048,True,93.67600771375096,107.26757525297715,-66.31252428522163,0.5584045584045584,0.9971509971509972,2.85752396741449,204.6678608257606,1.0974982874611618
Fox,uninflated_512,False,93.83257234820405,107.66992453822866,-67.34630599527223,1.0,1.0,2.267823545839864,468.240866297682,0.533292087536131
Fox,uninflated_512,True,93.83257234820405,107.66992453822866,-67.34630599527223,0.5441595441595442,0.9971509971509972,2.894359120068948,203.14414280905885,1.096510797046981
Gator,ci,False,0.08139547755121507,0.08996611546148058,0.07985978588106886,1.0,1.0,3.5320916678941345,0.6601410190851073,1.3309222235941525
Gator,ci,True,0.08139547755121507,0.08996611546148058,0.07985978588106886,0.5723270440251572,0.6509433962264151,2.0265911232599576,0.19585503601376644,0.40069260782853106
Gator,ci_cleaned_mask,True,0.08139547755121507,0.08996611546148058,0.07985978588106886,0.5723270440251572,0.6509433962264151,2.0265911232599576,0.19585503601376644,0.40069260782853106
Gator,common_corrected,False,0.11404839990244242,0.11770855420064946,0.11404839990244242,1.0,1.0,3.4992795067040574,0.6540084903845379,1.5054542839014156
Gator,common_corrected,True,0.11404839990244242,0.11770855420064946,0.11404839990244242,0.449685534591195,0.5062893081761005,2.683241719980952,0.23351362840576884,0.33782257975286284
Gator,duplicate_aware_independence,False,0.13174615818246424,0.13470685709497474,0.13174615818246424,0.9025157232704402,0.9685534591194968,2.000289806025047,0.3333011743023618,1.1611473162028891
Gator,duplicate_aware_independence,True,0.13174615818246424,0.13470685709497474,0.13174615818246424,0.40880503144654085,0.559748427672956,3.0565466541737663,0.2621587617900459,0.3469456358137684
Gator,equal_weight,False,0.13237923045879713,0.13532323893228784,0.13237923045879713,1.0,1.0,3.563751947978231,0.6660582634616372,1.620027878192973
Gator,equal_weight,True,0.13237923045879713,0.13532323893228784,0.13237923045879713,0.40880503144654085,0.5691823899371068,3.0546095323399114,0.26355274255469324,0.34710932139647976
Gator,exact_lineage,False,0.10235030600011043,0.10691949618354495,0.10234487321819534,1.0,1.0,3.51648165549056,0.6572235383215995,1.447235344092012
Gator,exact_lineage,True,0.10235030600011043,0.10691949618354495,0.10234487321819534,0.4402515723270439,0.4465408805031446,2.5510908732922615,0.21005519015276408,0.33386411639233166
Gator,exact_lineage_cleaned_mask,True,0.10235030600011043,0.10691949618354495,0.10234487321819534,0.4402515723270439,0.4465408805031446,2.5510908732922615,0.21005519015276408,0.33386411639233166
Gator,individual_0,False,0.1429856581581206,0.14818528458031383,0.13716987170651085,0.9371069182389937,1.0,3.7974748661987037,0.6669373381031743,1.6468635740905109
Gator,individual_0,True,0.1429856581581206,0.14818528458031383,0.13716987170651085,0.8742138364779874,0.9213836477987422,2.2822831378335,0.354902624889542,0.3543073520466189
Gator,individual_1,False,0.19384023828295424,0.19834988793003838,0.19230454661280802,0.8867924528301887,1.0,4.1021713602340535,0.6641828254007996,1.938091744495445
Gator,individual_1,True,0.19384023828295424,0.19834988793003838,0.19230454661280802,0.5345911949685535,0.7075471698113208,4.128905781507979,0.38920798304898097,0.4634602815252471
Gator,individual_2,False,0.1014828529248278,0.10598470929175612,0.1014828529248278,1.0,1.0,3.542669736741249,0.6621180394473363,1.4493229148151343
Gator,individual_2,True,0.1014828529248278,0.10598470929175612,0.1014828529248278,0.4937106918238994,0.5534591194968553,2.4080975734023955,0.21868862796826596,0.35677544062667965
Gator,individual_3,False,0.10865097776272133,0.11699374597951902,0.0985596505910419,1.0,1.0,3.603800833032404,0.6735433216873901,1.4493217441211843
Gator,individual_3,True,0.10865097776272133,0.11699374597951902,0.0985596505910419,0.7735849056603774,0.8018867924528302,2.341944967327692,0.306869181875347,0.32183746335487357
Gator,naive_independence,False,0.13174615818246424,0.13470685709497474,0.13174615818246424,0.9025157232704402,0.9685534591194968,2.000289806025047,0.3333011743023618,1.1611473162028891
Gator,naive_independence,True,0.13174615818246424,0.13470685709497474,0.13174615818246424,0.40880503144654085,0.559748427672956,3.0565466541737663,0.2621587617900459,0.3469456358137684
Gator,pooled_privileged,False,0.1436578423186119,0.1459555480413002,0.1436578423186119,1.0,1.0,3.523553446218315,0.6585452421664377,1.6700900418143683
Gator,pooled_privileged,True,0.1436578423186119,0.1459555480413002,0.1436578423186119,0.29245283018867924,0.3742138364779874,3.4326462032996656,0.2645939733342995,0.35798630899391576
Gator,seasonal_naive,False,0.0,0.0,0.0,1.0,1.0,1.877336226600167,0.3508704660918696,0.4802877304622826
Gator,seasonal_naive,True,0.0,0.0,0.0,1.0,1.0,0.0,0.0,0.0
Gator,shrinkage,False,0.16952309891142903,0.17210086399299193,0.16952309891142903,0.0,0.0,17.38421403002981,0.015709600391395167,0.9285392035962846
Gator,shrinkage,True,0.16952309891142903,0.17210086399299193,0.16952309891142903,0.3962264150943396,0.5377358490566038,3.6061549679038536,0.3330660949457762,0.3876226347580234
Gator,shrinkage_cleaned_mask,True,0.16952309891142903,0.17210086399299193,0.16952309891142903,0.3962264150943396,0.5377358490566038,3.6061549679038536,0.3330660949457762,0.3876226347580234
Gator,sketch_2048,False,0.09795141166550377,0.10208397697169658,0.09641571999535757,1.0,1.0,3.5241843675962183,0.6586631601370153,1.4174819665560607
Gator,sketch_2048,True,0.09795141166550377,0.10208397697169658,0.09641571999535757,0.4119496855345912,0.48113207547169806,2.3019321251572955,0.20393113211995148,0.3384026492990861
Gator,sketch_2048_cleaned_mask,True,0.09795141166550377,0.10208397697169658,0.09641571999535757,0.4119496855345912,0.48113207547169806,2.3019321251572955,0.20393113211995148,0.3384026492990861
Gator,sketch_512,False,0.0898925051519928,0.09559439295324897,0.08835681348184661,1.0,1.0,3.531064604818796,0.6599490630066788,1.376122903379929
Gator,sketch_512,True,0.0898925051519928,0.09559439295324897,0.08835681348184661,0.5062893081761005,0.5754716981132075,2.1478737424869285,0.19997153843947105,0.36512009357938596
Gator,uninflated_2048,False,0.1021162244423021,0.10664973202321815,0.1021162244423021,1.0,1.0,3.51647009702891,0.6572213780677414,1.4460089992862846
Gator,uninflated_2048,True,0.1021162244423021,0.10664973202321815,0.1021162244423021,0.4402515723270439,0.4496855345911949,2.521223587945316,0.20953223985204497,0.34266274632539034
Gator,uninflated_512,False,0.10635253762929137,0.11081534140005529,0.10635253762929137,1.0,1.0,3.517066819285688,0.6573329042895212,1.4688281010997961
Gator,uninflated_512,True,0.10635253762929137,0.11081534140005529,0.10635253762929137,0.4402515723270439,0.4716981132075471,2.6163994199506555,0.2189633735857798,0.34747382397895543
Hog,ci,False,105.54731280946152,135.53441513133666,51.58454652746966,0.9914529914529915,0.9943019943019943,2.435725578945482,888.9047694485783,0.8136095394627142
Hog,ci,True,105.54731280946152,135.53441513133666,51.58454652746966,0.9031339031339032,0.9401709401709403,1.5768280180480232,436.1164985791593,0.5205595666818478
Hog,ci_cleaned_mask,True,105.54731280946152,135.53441513133666,51.58454652746966,0.9031339031339032,0.9401709401709403,1.5768280180480232,436.1164985791593,0.5205595666818478
Hog,common_corrected,False,104.38067508851965,134.31084898564774,50.46223394509729,0.9886039886039887,0.9971509971509972,2.4143784347966575,883.266671932669,0.8050335845454736
Hog,common_corrected,True,104.38067508851965,134.31084898564774,50.46223394509729,0.9259259259259259,0.9458689458689459,1.5816979893076892,447.0707647684936,0.528423353226397
Hog,duplicate_aware_independence,False,104.86942525280699,134.4110248157202,50.067845657675456,0.9173789173789174,0.9487179487179486,1.609006371389695,449.87708394411015,0.566351534517059
Hog,duplicate_aware_independence,True,104.86942525280699,134.4110248157202,50.067845657675456,0.9287749287749287,0.9487179487179486,1.5896346635170848,452.8843006521286,0.5336511816533204
Hog,equal_weight,False,104.91249640183317,134.46563029358336,50.03243037257467,0.9886039886039887,1.0,2.448485240722374,898.8226878999113,0.8122632572955634
Hog,equal_weight,True,104.91249640183317,134.46563029358336,50.03243037257467,0.9287749287749287,0.9487179487179486,1.5905241931667078,453.11453826912634,0.5340691424307697
Hog,exact_lineage,False,103.67128718819474,133.3334939116222,53.65095886938289,0.9886039886039887,0.9971509971509972,2.4234215786273894,887.809563721794,0.8151491284792504
Hog,exact_lineage,True,103.67128718819474,133.3334939116222,53.65095886938289,0.9173789173789174,0.9458689458689459,1.5508588702734816,434.9057828266637,0.5225842964330635
Hog,exact_lineage_cleaned_mask,True,103.67128718819474,133.3334939116222,53.65095886938289,0.9173789173789174,0.9458689458689459,1.5508588702734816,434.9057828266637,0.5225842964330635
Hog,individual_0,False,120.5694412055535,150.0267832131852,69.09118398737478,0.9943019943019943,1.0,2.448980376599902,902.3979839086714,0.8564469883782174
Hog,individual_0,True,120.5694412055535,150.0267832131852,69.09118398737478,0.8945868945868947,0.9487179487179488,1.6960884008902457,469.85481883352014,0.5665888512724199
Hog,individual_1,False,120.1450410104256,150.82844724292366,74.34506705725765,0.9914529914529915,0.9971509971509972,2.4691861101765773,903.2571942427471,0.8801912556689758
Hog,individual_1,True,120.1450410104256,150.82844724292366,74.34506705725765,0.8774928774928776,0.9316239316239318,1.7266960287323119,460.14913802250544,0.5688640993476065
Hog,individual_2,False,107.57783002084416,138.63747530923595,53.332688755592415,0.9914529914529915,0.9943019943019943,2.450627906471753,894.4195895445934,0.8237170636725244
Hog,individual_2,True,107.57783002084416,138.63747530923595,53.332688755592415,0.9031339031339032,0.9287749287749287,1.6135383608397038,445.2390470702051,0.5301409569294301
Hog,individual_3,False,93.54637643896918,127.17096238970858,3.3607816900738925,0.9857549857549857,0.9943019943019943,2.4776187348231757,899.4921096109629,0.703068598527739
Hog,individual_3,True,93.54637643896918,127.17096238970858,3.3607816900738925,0.9287749287749287,0.9715099715099714,1.6160079491981978,465.5789775649132,0.532326420096693
Hog,naive_independence,False,104.86942525280699,134.4110248157202,50.067845657675456,0.9173789173789174,0.9487179487179486,1.609006371389695,449.87708394411015,0.566351534517059
Hog,naive_independence,True,104.86942525280699,134.4110248157202,50.067845657675456,0.9287749287749287,0.9487179487179486,1.5896346635170848,452.8843006521286,0.5336511816533204
Hog,pooled_privileged,False,96.37435965809625,126.39717051628054,41.50144931691017,0.9914529914529915,0.9971509971509972,2.4272095435766126,887.8189882707862,0.783515576621285
Hog,pooled_privileged,True,96.37435965809625,126.39717051628054,41.50144931691017,0.9173789173789174,0.9487179487179486,1.5043205105477135,413.62272455684933,0.5133703093862961
Hog,seasonal_naive,False,113.98798290598286,146.01901206455167,73.75234188034187,0.9316239316239315,0.9658119658119658,1.592621140672267,478.9367371868364,0.5659400377894309
Hog,seasonal_naive,True,113.98798290598286,146.01901206455167,73.75234188034187,0.9658119658119658,0.9743589743589745,1.7138450927608249,556.3384,0.7287467823494319
Hog,shrinkage,False,106.23842242596227,134.47085184603176,53.26788354103087,0.7578347578347578,0.8490028490028491,1.7509440132340934,310.91032707082496,0.5129551163181688
Hog,shrinkage,True,106.23842242596227,134.47085184603176,53.26788354103087,0.9202279202279202,0.9544159544159543,1.5773703931623888,454.9023792216611,0.5422000657006797
Hog,shrinkage_cleaned_mask,True,106.23842242596227,134.47085184603176,53.26788354103087,0.9202279202279202,0.9544159544159543,1.5773703931623888,454.9023792216611,0.5422000657006797
Hog,sketch_2048,False,105.28018533061926,134.25569913710763,55.22679359735546,0.9914529914529915,0.9971509971509972,2.4283064612631198,888.7775955987812,0.8195833605169103
Hog,sketch_2048,True,105.28018533061926,134.25569913710763,55.22679359735546,0.905982905982906,0.9373219373219374,1.5447637886123047,422.2540933691718,0.5186594133995405
Hog,sketch_2048_cleaned_mask,True,105.28018533061926,134.25569913710763,55.22679359735546,0.905982905982906,0.9373219373219374,1.5447637886123047,422.2540933691718,0.5186594133995405
Hog,sketch_512,False,105.54731280946152,135.53441513133666,51.58454652746966,0.9914529914529915,0.9943019943019943,2.435725578945482,888.9047694485783,0.8136095394627142
Hog,sketch_512,True,105.54731280946152,135.53441513133666,51.58454652746966,0.9031339031339032,0.9401709401709403,1.5768280180480232,436.1164985791593,0.5205595666818478
Hog,uninflated_2048,False,103.70595922331769,133.28375226729506,53.48344948981741,0.9886039886039887,0.9971509971509972,2.4227152252393362,887.5484180107433,0.8144416377093071
Hog,uninflated_2048,True,103.70595922331769,133.28375226729506,53.48344948981741,0.9202279202279202,0.9430199430199431,1.5483574266658116,435.80250041237355,0.5227804371098385
Hog,uninflated_512,False,102.60018328551257,132.34580084197435,52.53738809800788,0.9886039886039887,0.9971509971509972,2.42319060822239,887.8216470591115,0.8119461295838356
Hog,uninflated_512,True,102.60018328551257,132.34580084197435,52.53738809800788,0.9202279202279202,0.9401709401709403,1.5474656849641784,437.21394693865005,0.5208097363811848
Lamb,ci,False,1.0488925003333902,1.1153383289409884,1.0488925003333902,0.9715099715099714,1.0,1.7701726946593326,3.8033160348303703,0.9254866859673244
Lamb,ci,True,1.0488925003333902,1.1153383289409884,1.0488925003333902,0.849002849002849,0.9002849002849002,1.7028600134310763,3.039208560108243,0.22279364314297875
Lamb,ci_cleaned_mask,True,1.0488925003333902,1.1153383289409884,1.0488925003333902,0.849002849002849,0.9002849002849002,1.7028600134310763,3.039208560108243,0.22279364314297875
Lamb,common_corrected,False,1.0102607967322326,1.076390910958783,1.0102607967322326,0.9686609686609687,1.0,1.7356962781830776,3.7506167272152986,0.9016326257924261
Lamb,common_corrected,True,1.0102607967322326,1.076390910958783,1.0102607967322326,0.8433048433048432,0.8774928774928775,1.6794425233708041,2.9619118029328555,0.22012146393366083
Lamb,duplicate_aware_independence,False,1.000249980011315,1.0674303271960925,1.000249980011315,0.5669515669515669,0.7094017094017094,2.445017670611774,1.916215377410654,0.6822368906457464
Lamb,duplicate_aware_independence,True,1.000249980011315,1.0674303271960925,1.000249980011315,0.8404558404558404,0.8831908831908831,1.6757048004920412,2.945589445281455,0.22503442452540526
Lamb,equal_weight,False,0.9997726341604959,1.06702721352506,0.9997726341604959,0.9857549857549858,1.0,1.7641012113067884,3.8309331245072378,0.906237170334791
Lamb,equal_weight,True,0.9997726341604959,1.06702721352506,0.9997726341604959,0.8404558404558404,0.8803418803418803,1.6752708055487506,2.9451519541128213,0.22518839751250966
Lamb,exact_lineage,False,1.0226271193744203,1.0873776352728228,1.0226271193744203,0.9658119658119659,1.0,1.7456952205679828,3.7809692898874303,0.9108474113598083
Lamb,exact_lineage,True,1.0226271193744203,1.0873776352728228,1.0226271193744203,0.8433048433048432,0.8803418803418803,1.6866104061703548,2.9743507494612085,0.22160603325894748
Lamb,exact_lineage_cleaned_mask,True,1.0226271193744203,1.0873776352728228,1.0226271193744203,0.8433048433048432,0.8803418803418803,1.6866104061703548,2.9743507494612085,0.22160603325894748
Lamb,individual_0,False,0.9305694516792448,1.007383157191406,0.9292648895069681,0.982905982905983,1.0,1.780256713176109,3.838288239394665,0.8748250834777802
Lamb,individual_0,True,0.9305694516792448,1.007383157191406,0.9292648895069681,0.8262108262108262,0.8518518518518517,1.6029768908801316,2.7008190862494508,0.24718369910521554
Lamb,individual_1,False,1.0591539995021917,1.1377221948928637,1.0591539995021917,0.9544159544159544,0.9971509971509972,1.8322655833573382,3.858686651188565,0.9366677179093772
Lamb,individual_1,True,1.0591539995021917,1.1377221948928637,1.0591539995021917,0.8319088319088319,0.8660968660968661,1.8000324244456785,3.0897996773481275,0.2587343088123278
Lamb,individual_2,False,0.9908786030838898,1.0778750857715913,0.9908786030838898,0.9658119658119656,1.0,1.7885127161379646,3.8281903291499884,0.9018449314959319
Lamb,individual_2,True,0.9908786030838898,1.0778750857715913,0.9908786030838898,0.8603988603988603,0.8917378917378916,1.732978161420479,3.0635543418421753,0.24482695837743715
Lamb,individual_3,False,1.0197930445489345,1.0846089809023611,1.0197930445489345,0.9715099715099714,1.0,1.7713026333003512,3.8057846141162592,0.9124561185572961
Lamb,individual_3,True,1.0197930445489345,1.0846089809023611,1.0197930445489345,0.8518518518518517,0.9002849002849004,1.6693644019599498,2.9196016703373044,0.22646069593623486
Lamb,naive_independence,False,1.000249980011315,1.0674303271960925,1.000249980011315,0.5669515669515669,0.7094017094017094,2.445017670611774,1.916215377410654,0.6822368906457464
Lamb,naive_independence,True,1.000249980011315,1.0674303271960925,1.000249980011315,0.8404558404558404,0.8831908831908831,1.6757048004920412,2.945589445281455,0.22503442452540526
Lamb,pooled_privileged,False,1.022664018760845,1.0925356224926224,1.022664018760845,0.9743589743589745,1.0,1.7521835411620987,3.7660937513594046,0.9091223343125634
Lamb,pooled_privileged,True,1.022664018760845,1.0925356224926224,1.022664018760845,0.8205128205128206,0.8632478632478633,1.7229013796512183,2.9084305020901877,0.23529922203897335
Lamb,seasonal_naive,False,0.0478632478632478,0.0762362499862487,0.0205128205128205,1.0,1.0,1.2288095330240976,2.68458272813133,0.3237614040358871
Lamb,seasonal_naive,True,0.0478632478632478,0.0762362499862487,0.0205128205128205,0.9487179487179488,0.9487179487179488,0.1384921573418772,0.2000000000000001,0.0551621304666798
Lamb,shrinkage,False,0.9293494392719599,0.9969486052549147,0.9293494392719599,0.0769230769230769,0.1481481481481481,4.686500135611682,0.9401164288611801,0.535479803371112
Lamb,shrinkage,True,0.9293494392719599,0.9969486052549147,0.9293494392719599,0.8575498575498576,0.8888888888888888,1.5714477173921946,2.7716429901524067,0.22395901339468569
Lamb,shrinkage_cleaned_mask,True,0.9293494392719599,0.9969486052549147,0.9293494392719599,0.8575498575498576,0.8888888888888888,1.5714477173921946,2.7716429901524067,0.22395901339468569
Lamb,sketch_2048,False,1.0247526936052138,1.0898732342046273,1.0247526936052138,0.9715099715099714,1.0,1.7556719133532301,3.793425973830798,0.9132790592151875
Lamb,sketch_2048,True,1.0247526936052138,1.0898732342046273,1.0247526936052138,0.8547008547008547,0.8803418803418803,1.6783489775306748,2.9960915492813887,0.2224938225436838
Lamb,sketch_2048_cleaned_mask,True,1.0247526936052138,1.0898732342046273,1.0247526936052138,0.8547008547008547,0.8803418803418803,1.6783489775306748,2.9960915492813887,0.2224938225436838
Lamb,sketch_512,False,1.0439589158585099,1.1080096309009182,1.0439589158585099,0.9715099715099714,1.0,1.768665189428736,3.8017897430974226,0.9230497116429935
Lamb,sketch_512,True,1.0439589158585099,1.1080096309009182,1.0439589158585099,0.8433048433048432,0.8831908831908831,1.705424103287595,2.995713861840106,0.22569666218889076
Lamb,uninflated_2048,False,1.0214393962067656,1.0867419932597804,1.0214393962067656,0.9658119658119659,1.0,1.746699507539578,3.780611936690374,0.9102619097802117
Lamb,uninflated_2048,True,1.0214393962067656,1.0867419932597804,1.0214393962067656,0.8461538461538461,0.8803418803418803,1.6869747078226691,2.978063123030106,0.22153908684501425
Lamb,uninflated_512,False,1.02166705432555,1.085336244080509,1.02166705432555,0.9686609686609686,1.0,1.7450163494171453,3.7770980462123434,0.9099546289980402
Lamb,uninflated_512,True,1.02166705432555,1.085336244080509,1.02166705432555,0.8433048433048432,0.8803418803418803,1.6835858793211607,2.95544122496772,0.2206880719626015
Moose,ci,False,76.88582686916799,92.36954958529661,61.94957855919866,0.9515669515669516,0.9772079772079773,0.2986771229951445,361.10215247769656,0.12282754952508897
Moose,ci,True,76.88582686916799,92.36954958529661,61.94957855919866,0.8119658119658121,0.8974358974358975,0.3042387667007079,237.35185854120206,0.07743211876766883
Moose,ci_cleaned_mask,True,76.88582686916799,92.36954958529661,61.94957855919866,0.8119658119658121,0.8974358974358975,0.3042387667007079,237.35185854120206,0.07743211876766883
Moose,common_corrected,False,86.02023173959243,101.86466133847141,74.88838200064258,0.9173789173789174,0.9743589743589745,0.30529799109200584,358.8918281337073,0.13173720992729035
Moose,common_corrected,True,86.02023173959243,101.86466133847141,74.88838200064258,0.8119658119658121,0.8603988603988603,0.3245447714545487,263.94824365145456,0.07601639494576894
Moose,duplicate_aware_independence,False,96.02050881029236,112.61774971406635,85.8970590254687,0.5014245014245015,0.6096866096866097,0.5419375523541666,183.13932970165183,0.10965785912095977
Moose,duplicate_aware_independence,True,96.02050881029236,112.61774971406635,85.8970590254687,0.8034188034188033,0.8547008547008547,0.3469008766046093,291.0063533452269,0.07922046252736396
Moose,equal_weight,False,96.35644936684217,112.99375770916025,86.19483621865572,0.886039886039886,0.9715099715099716,0.31967022072110846,365.7652156207714,0.14172745296706657
Moose,equal_weight,True,96.35644936684217,112.99375770916025,86.19483621865572,0.8034188034188033,0.8547008547008547,0.34840839067074675,291.22241528686965,0.0794683525394251
Moose,exact_lineage,False,82.13053708744006,97.33214402983349,69.85186459423137,0.9373219373219374,0.9800569800569802,0.29979282078158037,360.56215783540097,0.1282510630509264
Moose,exact_lineage,True,82.13053708744006,97.33214402983349,69.85186459423137,0.8176638176638177,0.8945868945868946,0.31041819602371934,258.15895185702294,0.07554657123073537
Moose,exact_lineage_cleaned_mask,True,82.13053708744006,97.33214402983349,69.85186459423137,0.8176638176638177,0.8945868945868946,0.31041819602371934,258.15895185702294,0.07554657123073537
Moose,individual_0,False,106.60583110982459,121.98407474241702,97.40416186414173,0.8774928774928775,0.9401709401709403,0.3474118159895953,366.3871617260358,0.15007765720181435
Moose,individual_0,True,106.60583110982459,121.98407474241702,97.40416186414173,0.809116809116809,0.9088319088319089,0.3562842099642565,317.5616840732518,0.08032411319858117
Moose,individual_1,False,98.71563743133957,116.04423681953381,70.3614405940212,0.8774928774928776,0.9316239316239318,0.3647187644045952,365.60234905820727,0.13917105772096172
Moose,individual_1,True,98.71563743133957,116.04423681953381,70.3614405940212,0.7977207977207977,0.849002849002849,0.36027643157028527,295.7272142270515,0.11023450768075066
Moose,individual_2,False,103.98826466656642,121.57014653058597,92.1860417709374,0.868945868945869,0.9544159544159544,0.3422567559714991,368.34892860205326,0.14702594107566436
Moose,individual_2,True,103.98826466656642,121.57014653058597,92.1860417709374,0.7692307692307693,0.8376068376068376,0.38606484067272384,300.47712681073335,0.08622884505675447
Moose,individual_3,False,95.20151772024803,110.45136316287518,84.82770064552265,0.9173789173789174,0.9715099715099716,0.3143430737231374,365.05794156788824,0.1403381036615223
Moose,individual_3,True,95.20151772024803,110.45136316287518,84.82770064552265,0.8034188034188033,0.8803418803418803,0.3354206289032627,287.44816030802036,0.07599703424838737
Moose,naive_independence,False,96.02050881029236,112.61774971406635,85.8970590254687,0.5014245014245015,0.6096866096866097,0.5419375523541666,183.13932970165183,0.10965785912095977
Moose,naive_independence,True,96.02050881029236,112.61774971406635,85.8970590254687,0.8034188034188033,0.8547008547008547,0.3469008766046093,291.0063533452269,0.07922046252736396
Moose,pooled_privileged,False,97.84317420250882,113.76484299897798,87.95121420537232,0.8945868945868947,0.9601139601139601,0.32493845571483343,362.44332114909366,0.14282575720391988
Moose,pooled_privileged,True,97.84317420250882,113.76484299897798,87.95121420537232,0.7663817663817664,0.8660968660968661,0.3626670736352107,270.9607598424894,0.07915674349645403
Moose,seasonal_naive,False,38.3696846153846,56.0760811274854,8.211867521367509,0.9914529914529916,0.9914529914529916,0.3807363060022842,490.1531211417151,0.1080665244306722
Moose,seasonal_naive,True,38.3696846153846,56.0760811274854,8.211867521367509,0.9316239316239315,0.9914529914529916,0.1793073426458763,164.66680000000036,0.0657382823954174
Moose,shrinkage,False,108.68333155935646,127.6265396706056,84.13651798379387,0.9715099715099714,0.9971509971509972,0.43104211574092677,548.8748729029377,0.17667973778098847
Moose,shrinkage,True,108.68333155935646,127.6265396706056,84.13651798379387,0.7606837606837606,0.8176638176638177,0.41185696560872015,308.4682408171204,0.11079336158119536
Moose,shrinkage_cleaned_mask,True,108.68333155935646,127.6265396706056,84.13651798379387,0.7606837606837606,0.8176638176638177,0.41185696560872015,308.4682408171204,0.11079336158119536
Moose,sketch_2048,False,77.04624437604194,92.44292001044676,62.23994747071567,0.9515669515669516,0.9772079772079773,0.29899999853660053,361.06149322387836,0.12300276667593661
Moose,sketch_2048,True,77.04624437604194,92.44292001044676,62.23994747071567,0.8091168091168092,0.905982905982906,0.3036781621866455,239.01107837429564,0.07682702862553166
Moose,sketch_2048_cleaned_mask,True,77.04624437604194,92.44292001044676,62.23994747071567,0.8091168091168092,0.905982905982906,0.3036781621866455,239.01107837429564,0.07682702862553166
Moose,sketch_512,False,76.88582686916799,92.36954958529661,61.94957855919866,0.9515669515669516,0.9772079772079773,0.2986771229951445,361.10215247769656,0.12282754952508897
Moose,sketch_512,True,76.88582686916799,92.36954958529661,61.94957855919866,0.8119658119658121,0.8974358974358975,0.3042387667007079,237.35185854120206,0.07743211876766883
Moose,uninflated_2048,False,81.78798976418709,97.00486704403052,69.4066499246144,0.9373219373219374,0.9800569800569802,0.2994445657613438,360.5522814198036,0.12795437038242038
Moose,uninflated_2048,True,81.78798976418709,97.00486704403052,69.4066499246144,0.8176638176638177,0.8974358974358974,0.3089533823422992,258.20282593202666,0.07562962721749404
Moose,uninflated_512,False,81.87817843383664,97.1438682901291,69.71456275705772,0.9373219373219374,0.9800569800569802,0.29923031673784894,360.5080049428161,0.12810999913569762
Moose,uninflated_512,True,81.87817843383664,97.1438682901291,69.71456275705772,0.8176638176638177,0.8917378917378916,0.3086708434947391,259.4817271312243,0.07566278217400836
Mouse,ci,False,2.647125543268801,3.1259483410038604,0.6566447371215022,1.0,1.0,1.7452556681761806,27.97805827614231,0.48745807422335524
Mouse,ci,True,2.647125543268801,3.1259483410038604,0.6566447371215022,0.7581120943952803,0.7581120943952803,0.7821271351078699,8.443265418330775,0.11458707790955924
Mouse,ci_cleaned_mask,True,2.647125543268801,3.1259483410038604,0.6566447371215022,0.7581120943952803,0.7581120943952803,0.7821271351078699,8.443265418330775,0.11458707790955924
Mouse,common_corrected,False,1.6269882756952356,2.059352189557271,1.5984195588704757,1.0,1.0,1.7242829014670857,27.64184547941655,0.540839900993578
Mouse,common_corrected,True,1.6269882756952356,2.059352189557271,1.5984195588704757,1.0,1.0,0.5020016273501192,8.047549159027907,0.050074349476289665
Mouse,duplicate_aware_independence,False,1.8259524317319473,2.2066181250231236,1.8259524317319473,1.0,1.0,0.8779877445082235,14.074953446368113,0.3385216160421711
Mouse,duplicate_aware_independence,True,1.8259524317319473,2.2066181250231236,1.8259524317319473,1.0,1.0,0.5118872316409518,8.206024514809348,0.05388426375749127
Mouse,equal_weight,False,1.8344907278675768,2.2124638306082223,1.8344907278675768,1.0,1.0,1.7553369164205035,28.139669984970435,0.563510583098021
Mouse,equal_weight,True,1.8344907278675768,2.2124638306082223,1.8344907278675768,1.0,1.0,0.5119678128806245,8.207316306413661,0.0539191803868595
Mouse,exact_lineage,False,1.6703362857123019,2.1008446744222993,1.524415770668554,1.0,1.0,1.7342306422162135,27.801316939942392,0.5387685631322588
Mouse,exact_lineage,True,1.6703362857123019,2.1008446744222993,1.524415770668554,1.0,1.0,0.5274048489701622,8.454786234859922,0.06164529210929424
Mouse,exact_lineage_cleaned_mask,True,1.6703362857123019,2.1008446744222993,1.524415770668554,1.0,1.0,0.5274048489701622,8.454786234859922,0.06164529210929424
Mouse,individual_0,False,2.847605487603508,3.199085383907331,-0.740385599489522,1.0,1.0,1.7461332046915212,27.992125995968888,0.40053660541730635
Mouse,individual_0,True,2.847605487603508,3.199085383907331,-0.740385599489522,0.8495575221238938,0.8495575221238938,0.733875104316772,9.064778489564631,0.05738892906170734
Mouse,individual_1,False,2.768131701951301,2.976782797051325,2.768131701951301,1.0,1.0,1.7675836295580811,28.335996093575716,0.6248837202973614
Mouse,individual_1,True,2.768131701951301,2.976782797051325,2.768131701951301,1.0,1.0,0.6427213442935945,10.303416028872311,0.0325151194185161
Mouse,individual_2,False,3.867546113188053,4.093068732678462,3.5145043606971,1.0,1.0,1.7569651993098712,28.16577286170045,0.6687254675938412
Mouse,individual_2,True,3.867546113188053,4.093068732678462,3.5145043606971,0.9705014749262536,0.9734513274336282,0.7458907791609706,11.937497482995047,0.08609773632036993
Mouse,individual_3,False,2.172655325184536,2.4831212228480726,1.795712448311428,1.0,1.0,1.7537452948072927,28.114154822315488,0.5606844236300358
Mouse,individual_3,True,2.172655325184536,2.4831212228480726,1.795712448311428,0.9705014749262536,0.976401179941003,0.5333537424383709,8.52707485864988,0.07035331917033881
Mouse,naive_independence,False,1.8259524317319473,2.2066181250231236,1.8259524317319473,1.0,1.0,0.8779877445082235,14.074953446368113,0.3385216160421711
Mouse,naive_independence,True,1.8259524317319473,2.2066181250231236,1.8259524317319473,1.0,1.0,0.5118872316409518,8.206024514809348,0.05388426375749127
Mouse,pooled_privileged,False,1.128052119902157,1.4187695157661953,0.9353903044663654,1.0,1.0,1.7349203634988513,27.812373808338123,0.5022019377586503
Mouse,pooled_privileged,True,1.128052119902157,1.4187695157661953,0.9353903044663654,1.0,1.0,0.37883720501747087,6.073109855718691,0.034147253033447296
Mouse,seasonal_naive,False,0.0,0.0,0.0,1.0,1.0,0.5805694636124029,9.307064049401363,0.1485298084078856
Mouse,seasonal_naive,True,0.0,0.0,0.0,1.0,1.0,0.0,0.0,0.0
Mouse,shrinkage,False,2.747911884110486,2.999903598179138,2.747911884110486,0.21238938053097342,0.359882005899705,1.5502858181308656,3.705502280147227,0.23054867366851708
Mouse,shrinkage,True,2.747911884110486,2.999903598179138,2.747911884110486,1.0,1.0,0.6428363023657088,10.30525891281165,0.045604875794969836
Mouse,shrinkage_cleaned_mask,True,2.747911884110486,2.999903598179138,2.747911884110486,1.0,1.0,0.6428363023657088,10.30525891281165,0.045604875794969836
Mouse,sketch_2048,False,1.7747869791545188,2.1520534760720595,1.5338668219765605,1.0,1.0,1.7392331966420251,27.881512502006483,0.540637941398558
Mouse,sketch_2048,True,1.7747869791545188,2.1520534760720595,1.5338668219765605,0.9351032448377582,1.0,0.5201707894350549,7.849246044715976,0.06450731924943753
Mouse,sketch_2048_cleaned_mask,True,1.7747869791545188,2.1520534760720595,1.5338668219765605,0.9351032448377582,1.0,0.5201707894350549,7.849246044715976,0.06450731924943753
Mouse,sketch_512,False,1.6727092643687662,2.1912142689245715,1.0805793941639128,1.0,1.0,1.7435954151825328,27.951442889149774,0.5134781313358551
Mouse,sketch_512,True,1.6727092643687662,2.1912142689245715,1.0805793941639128,0.911504424778761,0.911504424778761,0.631451566355427,7.302416017591924,0.06434667369195146
Mouse,uninflated_2048,False,1.658750647921618,2.09125305052257,1.5129591459639515,1.0,1.0,1.733473651522883,27.789181680840418,0.537860240795152
Mouse,uninflated_2048,True,1.658750647921618,2.09125305052257,1.5129591459639515,1.0,1.0,0.5204607707240384,8.343466254992922,0.05869927434935499
Mouse,uninflated_512,False,1.551980797549071,1.9795702496807888,1.3518083910545151,1.0,1.0,1.7346455618399963,27.807968484255227,0.528107561911144
Mouse,uninflated_512,True,1.551980797549071,1.9795702496807888,1.3518083910545151,0.9793510324483776,1.0,0.4922313784802926,7.861199775810075,0.054730628663236504
Panther,ci,False,12.415553344245396,15.367094472325958,-8.16140753296863,1.0,1.0,5.488647867095691,80.67004195156589,1.3248265451321801
Panther,ci,True,12.415553344245396,15.367094472325958,-8.16140753296863,0.9145299145299145,1.0,4.036085505281458,55.53113417322374,1.276915183278091
Panther,ci_cleaned_mask,True,12.415553344245396,15.367094472325958,-8.16140753296863,0.9145299145299145,1.0,4.036085505281458,55.53113417322374,1.276915183278091
Panther,common_corrected,False,10.503581694451611,13.16597613081707,-5.881951447954123,1.0,1.0,5.425766029938444,79.74582881851407,1.1815594835963485
Panther,common_corrected,True,10.503581694451611,13.16597613081707,-5.881951447954123,0.9287749287749287,1.0,3.4584604858960457,48.25804234121761,1.1648700648813235
Panther,duplicate_aware_independence,False,10.449286309521009,13.038199854270518,-5.630479441302931,0.8433048433048432,0.9430199430199431,3.4942787807618116,40.58976942685332,1.4228614213464095
Panther,duplicate_aware_independence,True,10.449286309521009,13.038199854270518,-5.630479441302931,0.9373219373219374,1.0,3.4092276585935184,47.486471037190405,1.1621186736975024
Panther,equal_weight,False,10.447907180932889,13.0341873942364,-5.62110248364424,1.0,1.0,5.522218774950699,81.16345428381824,1.1899168512941232
Panther,equal_weight,True,10.447907180932889,13.0341873942364,-5.62110248364424,0.9373219373219374,1.0,3.407879907241064,47.456024474417866,1.162043616457099
Panther,exact_lineage,False,10.555828049356913,13.190086283371826,-5.8521350887912575,1.0,1.0,5.461193771864859,80.2665321860204,1.1835613069532547
Panther,exact_lineage,True,10.555828049356913,13.190086283371826,-5.8521350887912575,0.9287749287749287,1.0,3.464805583819244,48.53524589837761,1.167662104845973
Panther,exact_lineage_cleaned_mask,True,10.555828049356913,13.190086283371826,-5.8521350887912575,0.9287749287749287,1.0,3.464805583819244,48.53524589837761,1.167662104845973
Panther,individual_0,False,12.503007551568652,15.553460042601685,-9.24536804528848,1.0,1.0,5.5004578127095565,80.84362000415472,1.2922493794887977
Panther,individual_0,True,12.503007551568652,15.553460042601685,-9.24536804528848,0.9173789173789174,1.0,4.01551205941865,55.39192490202464,1.2017852615230764
Panther,individual_1,False,10.446677881192917,12.663902056596038,-4.266998571483229,1.0,1.0,5.544656838400677,81.4932403374423,1.2556831149559287
Panther,individual_1,True,10.446677881192917,12.663902056596038,-4.266998571483229,0.9316239316239315,1.0,3.2069846605946175,44.535003549094846,1.1660150198225991
Panther,individual_2,False,10.614506958756266,13.143702926601827,-5.261607503797419,1.0,1.0,5.540283857746796,81.42896794443332,1.2483681806257243
Panther,individual_2,True,10.614506958756266,13.143702926601827,-5.261607503797419,0.9487179487179488,1.0,3.452115045755684,48.55932772772325,1.1814288298116444
Panther,individual_3,False,11.445468749076847,13.97832506519943,-3.7104358140078304,1.0,1.0,5.508583557727857,80.96304908894693,1.393842436923821
Panther,individual_3,True,11.445468749076847,13.97832506519943,-3.7104358140078304,0.8945868945868947,1.0,3.5787922833562114,47.001514584869916,1.18034653495971
Panther,naive_independence,False,10.449286309521009,13.038199854270518,-5.630479441302931,0.8433048433048432,0.9430199430199431,3.4942787807618116,40.58976942685332,1.4228614213464095
Panther,naive_independence,True,10.449286309521009,13.038199854270518,-5.630479441302931,0.9373219373219374,1.0,3.4092276585935184,47.486471037190405,1.1621186736975024
Panther,pooled_privileged,False,10.221870575108504,12.697850283853937,-5.156329266283659,1.0,1.0,5.447996814681724,80.07256836917968,1.1761711721806982
Panther,pooled_privileged,True,10.221870575108504,12.697850283853937,-5.156329266283659,0.9458689458689459,1.0,3.2893517646382597,46.634978824328165,1.1405845031750663
Panther,seasonal_naive,False,13.20425982905983,19.460015844948355,3.272418803418804,0.5384615384615384,0.5897435897435898,9.679429127720695,25.13551545662766,1.776819400880963
Panther,seasonal_naive,True,13.20425982905983,19.460015844948355,3.272418803418804,0.6666666666666666,0.9829059829059826,7.147034324147448,37.40716,1.78103809425936
Panther,shrinkage,False,12.537778373662093,15.77778723181404,-9.764074274157768,0.6068376068376069,0.6638176638176638,7.2065250544134285,26.65593619824673,2.1492942786386364
Panther,shrinkage,True,12.537778373662093,15.77778723181404,-9.764074274157768,0.9145299145299145,1.0,4.097124665369283,56.023028408509,1.207593794420248
Panther,shrinkage_cleaned_mask,True,12.537778373662093,15.77778723181404,-9.764074274157768,0.9145299145299145,1.0,4.097124665369283,56.023028408509,1.207593794420248
Panther,sketch_2048,False,10.622596382531988,13.285571347815312,-5.894380338805552,1.0,1.0,5.4770132352507686,80.49904059353605,1.1952086797563553
Panther,sketch_2048,True,10.622596382531988,13.285571347815312,-5.894380338805552,0.9202279202279202,1.0,3.4899381414246586,48.62727714173996,1.1819621204411412
Panther,sketch_2048_cleaned_mask,True,10.622596382531988,13.285571347815312,-5.894380338805552,0.9202279202279202,1.0,3.4899381414246586,48.62727714173996,1.1819621204411412
Panther,sketch_512,False,11.314146435350638,14.217826358932932,-6.620122980602368,1.0,1.0,5.486637135680138,80.64048899215335,1.2675732890861173
Panther,sketch_512,True,11.314146435350638,14.217826358932932,-6.620122980602368,0.9202279202279202,1.0,3.9284330500146925,50.69121435271637,1.2725018458753425
Panther,uninflated_2048,False,10.53937095553882,13.164155153862053,-5.797222178453404,1.0,1.0,5.461571966363998,80.27209074376543,1.185427651102843
Panther,uninflated_2048,True,10.53937095553882,13.164155153862053,-5.797222178453404,0.9316239316239315,1.0,3.453694651427932,48.316423746939144,1.1679607054574699
Panther,uninflated_512,False,10.573047131817793,13.213201244061745,-5.9191020456547365,1.0,1.0,5.459794789411199,80.2459704782995,1.1811377171767559
Panther,uninflated_512,True,10.573047131817793,13.213201244061745,-5.9191020456547365,0.9316239316239315,1.0,3.4678889132317825,48.67548360469194,1.165547831466091
Peacock,ci,False,21.587238021631112,28.543743110390007,-2.786119861829509,0.9572649572649573,0.9686609686609687,0.5607619541589138,117.87824990786868,0.1471923260134399
Peacock,ci,True,21.587238021631112,28.543743110390007,-2.786119861829509,0.8176638176638177,0.8945868945868947,0.5404489351197254,70.13672837639346,0.14513833251252148
Peacock,ci_cleaned_mask,True,21.587238021631112,28.543743110390007,-2.786119861829509,0.8176638176638177,0.8945868945868947,0.5404489351197254,70.13672837639346,0.14513833251252148
Peacock,common_corrected,False,19.77305905723371,26.308233679207063,-1.8638680451656315,0.9601139601139601,0.9715099715099716,0.5411029450635249,116.31824366971584,0.139993950159109
Peacock,common_corrected,True,19.77305905723371,26.308233679207063,-1.8638680451656315,0.8347578347578347,0.9116809116809117,0.4979831384064328,66.26001341268233,0.12847009532045667
Peacock,duplicate_aware_independence,False,19.781683576931822,26.29486437824335,-1.8561769665022048,0.7806267806267807,0.8603988603988605,0.5237674623828853,59.178527306418765,0.13441515308274832
Peacock,duplicate_aware_independence,True,19.781683576931822,26.29486437824335,-1.8561769665022048,0.8347578347578347,0.9116809116809117,0.49586320551345325,66.50267097878385,0.12776891462436482
Peacock,equal_weight,False,19.782957824084253,26.29579268130503,-1.8556518765516035,0.9601139601139601,0.9715099715099716,0.5455001664200733,118.34425528347356,0.14093438257834975
Peacock,equal_weight,True,19.782957824084253,26.29579268130503,-1.8556518765516035,0.8347578347578347,0.9116809116809117,0.4958596352046119,66.5035721070745,0.12774564133524172
Peacock,exact_lineage,False,19.5520259389417,26.153573292981577,-1.3353861164473386,0.9629629629629629,0.9715099715099716,0.5420925360823948,117.12203860556947,0.1413425591346407
Peacock,exact_lineage,True,19.5520259389417,26.153573292981577,-1.3353861164473386,0.8376068376068376,0.905982905982906,0.4989027991259826,64.78023431736797,0.1285437973765387
Peacock,exact_lineage_cleaned_mask,True,19.5520259389417,26.153573292981577,-1.3353861164473386,0.8376068376068376,0.905982905982906,0.4989027991259826,64.78023431736797,0.1285437973765387
Peacock,individual_0,False,21.295226045574637,28.192510485971912,-2.3775409665761953,0.9544159544159544,0.9686609686609687,0.5579526611269566,118.06284584292156,0.14442258488575357
Peacock,individual_0,True,21.295226045574637,28.192510485971912,-2.3775409665761953,0.8433048433048432,0.905982905982906,0.5261095544441866,72.89973769682672,0.13743995342018617
Peacock,individual_1,False,19.923051087974567,26.452312997799496,-2.9433680313477066,0.9572649572649573,0.9772079772079771,0.5433410372486293,118.2264511785914,0.1437448157413208
Peacock,individual_1,True,19.923051087974567,26.452312997799496,-2.9433680313477066,0.8632478632478633,0.9145299145299145,0.48691322828698214,69.34316817457515,0.1314663436505335
Peacock,individual_2,False,19.594225176554914,26.32989157893229,1.2098422552473922,0.9601139601139601,0.9686609686609687,0.5461963963185449,118.55728172349147,0.1517582076776357
Peacock,individual_2,True,19.594225176554914,26.32989157893229,1.2098422552473922,0.8290598290598291,0.8945868945868946,0.5069336830262184,67.34711078337514,0.12679736100998254
Peacock,individual_3,False,21.68673015798115,28.202814898573916,-3.31154076352991,0.9572649572649571,0.9715099715099714,0.5506861877339039,118.59017818383025,0.1450255535180546
Peacock,individual_3,True,21.68673015798115,28.202814898573916,-3.31154076352991,0.8547008547008547,0.9088319088319089,0.5133023371958675,73.7020972641479,0.1313912964525562
Peacock,naive_independence,False,19.781683576931822,26.29486437824335,-1.8561769665022048,0.7806267806267807,0.8603988603988605,0.5237674623828853,59.178527306418765,0.13441515308274832
Peacock,naive_independence,True,19.781683576931822,26.29486437824335,-1.8561769665022048,0.8347578347578347,0.9116809116809117,0.49586320551345325,66.50267097878385,0.12776891462436482
Peacock,pooled_privileged,False,18.71195373369185,25.36466515534714,0.5919839934246562,0.9629629629629629,0.9715099715099716,0.5339612052035494,116.67123870807775,0.1438874851727082
Peacock,pooled_privileged,True,18.71195373369185,25.36466515534714,0.5919839934246562,0.8119658119658121,0.9116809116809117,0.4874251353472337,63.144110105831594,0.12696293889358876
Peacock,seasonal_naive,False,13.212388034188033,23.072927049516448,0.5443008547008552,0.9572649572649571,0.9572649572649571,0.5243365922516389,92.52606179544209,0.130169205494948
Peacock,seasonal_naive,True,13.212388034188033,23.072927049516448,0.5443008547008552,0.8376068376068376,0.9145299145299144,0.4976641014740742,40.239959999999975,0.1102315553589215
Peacock,shrinkage,False,18.90984934611303,25.49006220267563,-0.3870061377450953,0.8632478632478633,0.9173789173789174,0.4735362165785834,69.81178825305831,0.12698318326415026
Peacock,shrinkage,True,18.90984934611303,25.49006220267563,-0.3870061377450953,0.8176638176638177,0.9002849002849004,0.48763177323904355,63.71168076514294,0.12604446725489446
Peacock,shrinkage_cleaned_mask,True,18.90984934611303,25.49006220267563,-0.3870061377450953,0.8176638176638177,0.9002849002849004,0.48763177323904355,63.71168076514294,0.12604446725489446
Peacock,sketch_2048,False,19.81940203369335,26.349026261516233,-1.434731791535656,0.9629629629629629,0.9715099715099716,0.543329418141138,117.50892693035583,0.14155316527960068
Peacock,sketch_2048,True,19.81940203369335,26.349026261516233,-1.434731791535656,0.8262108262108262,0.905982905982906,0.49944007940933527,65.29970363764242,0.12921013753428431
Peacock,sketch_2048_cleaned_mask,True,19.81940203369335,26.349026261516233,-1.434731791535656,0.8262108262108262,0.905982905982906,0.49944007940933527,65.29970363764242,0.12921013753428431
Peacock,sketch_512,False,20.609148955006187,27.483352803206582,-1.3450926421793181,0.9629629629629629,0.9686609686609687,0.5555203368698457,117.80775100691369,0.14637263593236938
Peacock,sketch_512,True,20.609148955006187,27.483352803206582,-1.3450926421793181,0.8176638176638177,0.9031339031339032,0.526634313041957,67.02208045530695,0.1392021789967884
Peacock,uninflated_2048,False,19.597368855272034,26.190289978024694,-1.3500236052011498,0.9629629629629629,0.9715099715099716,0.5423321170244971,117.11462660974239,0.14132217116103354
Peacock,uninflated_2048,True,19.597368855272034,26.190289978024694,-1.3500236052011498,0.8290598290598291,0.905982905982906,0.49962452264616847,64.71860896378625,0.12858368768092343
Peacock,uninflated_512,False,19.56078657731665,26.131622661795884,-1.4112237414502529,0.9629629629629629,0.9715099715099716,0.5417163148053835,117.1169161644958,0.14093479141033582
Peacock,uninflated_512,True,19.56078657731665,26.131622661795884,-1.4112237414502529,0.8319088319088319,0.905982905982906,0.49763682662772185,64.77592425462812,0.1283572283954603
Rat,ci,False,8.051335699980923,10.390585533033649,-1.5024464038933427,1.0,1.0,1.7348013581078232,72.92864016156018,0.43241274529844637
Rat,ci,True,8.051335699980923,10.390585533033649,-1.5024464038933427,0.8376068376068376,0.905982905982906,1.1083027172748399,30.623648263068997,0.3455460264675783
Rat,ci_cleaned_mask,True,8.051335699980923,10.390585533033649,-1.5024464038933427,0.8376068376068376,0.905982905982906,1.1083027172748399,30.623648263068997,0.3455460264675783
Rat,common_corrected,False,7.553921368251932,9.75151640153709,-1.2828897179490142,1.0,1.0,1.7183485967820789,72.23698892161767,0.4237402793767007
Rat,common_corrected,True,7.553921368251932,9.75151640153709,-1.2828897179490142,0.8746438746438746,0.905982905982906,1.0074171351537318,30.948028703172184,0.32158881539017037
Rat,duplicate_aware_independence,False,7.510911365310309,9.689064675905383,-0.8794492815842,0.923076923076923,0.9772079772079773,0.9728255818778878,36.8232476349277,0.3231437036676181
Rat,duplicate_aware_independence,True,7.510911365310309,9.689064675905383,-0.8794492815842,0.8774928774928775,0.9202279202279202,0.9888642639432907,31.14723159519392,0.31839805596725745
Rat,equal_weight,False,7.5065735673227145,9.684700486964008,-0.8495228913744031,1.0,1.0,1.7507395607315264,73.59866006818157,0.43775478533540174
Rat,equal_weight,True,7.5065735673227145,9.684700486964008,-0.8495228913744031,0.8774928774928775,0.9202279202279202,0.9882231762332513,31.139303485314105,0.3182293669319584
Rat,exact_lineage,False,7.705274563707786,9.917574187477962,-2.1907603443616366,1.0,1.0,1.7283615511863368,72.65791962085272,0.40872710189487077
Rat,exact_lineage,True,7.705274563707786,9.917574187477962,-2.1907603443616366,0.8660968660968661,0.8945868945868947,1.0346065459238332,30.539792832870173,0.3256415610509475
Rat,exact_lineage_cleaned_mask,True,7.705274563707786,9.917574187477962,-2.1907603443616366,0.8660968660968661,0.8945868945868947,1.0346065459238332,30.539792832870173,0.3256415610509475
Rat,individual_0,False,7.852376635240446,9.997416599964886,-0.8863608663157173,1.0,1.0,1.755559522238119,73.80128455695318,0.4465980879912795
Rat,individual_0,True,7.852376635240446,9.997416599964886,-0.8863608663157173,0.8831908831908831,0.9430199430199431,0.9948644012481523,32.45190150841228,0.3218563173379509
Rat,individual_1,False,7.772094894107749,9.962736109390798,0.7501449099202975,1.0,1.0,1.764903411594984,74.19408869065497,0.4731102737878645
Rat,individual_1,True,7.772094894107749,9.962736109390798,0.7501449099202975,0.9002849002849004,0.9344729344729346,1.0106152825557506,33.88156445948224,0.32559708746801247
Rat,individual_2,False,7.90716164638966,10.187238513538245,-1.3555477407307404,1.0,1.0,1.7348476226339435,72.93058505799569,0.4277446283376298
Rat,individual_2,True,7.90716164638966,10.187238513538245,-1.3555477407307404,0.8518518518518517,0.9344729344729346,1.050401139795832,31.488991689071838,0.3373793963470806
Rat,individual_3,False,9.479735633666143,11.77028959258942,-1.906327868371452,1.0,1.0,1.7530751859258373,73.69684650811725,0.4464517145988553
Rat,individual_3,True,9.479735633666143,11.77028959258942,-1.906327868371452,0.9031339031339032,0.9287749287749287,1.1739471259579295,39.64195882421317,0.3339520024472511
Rat,naive_independence,False,7.510911365310309,9.689064675905383,-0.8794492815842,0.923076923076923,0.9772079772079773,0.9728255818778878,36.8232476349277,0.3231437036676181
Rat,naive_independence,True,7.510911365310309,9.689064675905383,-0.8794492815842,0.8774928774928775,0.9202279202279202,0.9888642639432907,31.14723159519392,0.31839805596725745
Rat,pooled_privileged,False,8.66596552163633,10.78269441290407,-4.671372855692881,1.0,1.0,1.7222839090636526,72.4024239853873,0.38222074813861573
Rat,pooled_privileged,True,8.66596552163633,10.78269441290407,-4.671372855692881,0.8347578347578347,0.8575498575498575,1.1497837706840353,30.50906118865004,0.3280524575854383
Rat,seasonal_naive,False,9.192393162393165,11.132778237351681,2.7282905982905987,0.9914529914529916,0.9914529914529916,1.2785857869522304,52.87800572538183,0.4141691956179956
Rat,seasonal_naive,True,9.192393162393165,11.132778237351681,2.7282905982905987,0.8547008547008547,0.9658119658119658,1.1002656719082469,28.508000000000013,0.38887083080313795
Rat,shrinkage,False,7.612236777720663,9.731934955579739,-2.0900421305273724,0.7378917378917379,0.8176638176638177,1.1413068825849944,23.175316161911752,0.337395134005497
Rat,shrinkage,True,7.612236777720663,9.731934955579739,-2.0900421305273724,0.8774928774928775,0.9202279202279202,0.9701812716801682,31.56305192371813,0.31900579301001625
Rat,shrinkage_cleaned_mask,True,7.612236777720663,9.731934955579739,-2.0900421305273724,0.8774928774928775,0.9202279202279202,0.9701812716801682,31.56305192371813,0.31900579301001625
Rat,sketch_2048,False,7.947860808697989,10.148459985958214,-2.331421729159224,1.0,1.0,1.731618502692062,72.79483733957282,0.4094562802070542
Rat,sketch_2048,True,7.947860808697989,10.148459985958214,-2.331421729159224,0.8518518518518517,0.9088319088319089,1.0685021339918883,30.408226985766703,0.33277538622634234
Rat,sketch_2048_cleaned_mask,True,7.947860808697989,10.148459985958214,-2.331421729159224,0.8518518518518517,0.9088319088319089,1.0685021339918883,30.408226985766703,0.33277538622634234
Rat,sketch_512,False,7.9192972904587435,10.130373514991588,-2.3409213868188545,1.0,1.0,1.7341084551712778,72.89951148426809,0.4102037507920458
Rat,sketch_512,True,7.9192972904587435,10.130373514991588,-2.3409213868188545,0.849002849002849,0.9173789173789174,1.0683869196281992,30.378327594813992,0.3329281711869831
Rat,uninflated_2048,False,7.729579762876465,9.942464503266546,-2.2439844933507564,1.0,1.0,1.728389650442863,72.65910087457864,0.40777486217361264
Rat,uninflated_2048,True,7.729579762876465,9.942464503266546,-2.2439844933507564,0.8632478632478632,0.9002849002849004,1.0376056349032001,30.59376727501973,0.3264930314295178
Rat,uninflated_512,False,7.714080500900124,9.917307074750726,-2.3791691584831964,1.0,1.0,1.728555050917869,72.66605408087393,0.4048559980000348
Rat,uninflated_512,True,7.714080500900124,9.917307074750726,-2.3791691584831964,0.8660968660968661,0.8945868945868947,1.0302062696823,30.88766633970032,0.32527159561284097
Robin,ci,False,11.9146442767382,13.808431525454884,9.526985691201057,0.8746438746438746,0.9572649572649571,1.1123092940617718,44.786589070224046,0.43777721180055246
Robin,ci,True,11.9146442767382,13.808431525454884,9.526985691201057,0.7578347578347578,0.8205128205128206,1.150184183861731,34.32972321502028,0.28545145859758636
Robin,ci_cleaned_mask,True,11.9146442767382,13.808431525454884,9.526985691201057,0.7578347578347578,0.8205128205128206,1.150184183861731,34.32972321502028,0.28545145859758636
Robin,common_corrected,False,10.533916512515765,12.522226438057993,9.569961379552264,0.923076923076923,0.9743589743589745,1.015406876643345,44.19126880924066,0.4296380482843278
Robin,common_corrected,True,10.533916512515765,12.522226438057993,9.569961379552264,0.7635327635327634,0.8433048433048432,1.0290747548746908,32.47640112708572,0.2539771206772541
Robin,duplicate_aware_independence,False,10.497932912259108,12.503758081076029,9.744954629551415,0.5641025641025641,0.6695156695156695,1.609649668883635,22.516658012362925,0.3200217446900909
Robin,duplicate_aware_independence,True,10.497932912259108,12.503758081076029,9.744954629551415,0.7692307692307692,0.8433048433048432,1.02638352979488,32.41572157936328,0.252557629757504
Robin,equal_weight,False,10.498977606948953,12.504871658062592,9.7553068201164,0.9344729344729344,0.9772079772079771,1.0186974712824173,45.01996440737403,0.43781594257749595
Robin,equal_weight,True,10.498977606948953,12.504871658062592,9.7553068201164,0.7692307692307692,0.8433048433048432,1.0265121253133755,32.41306953732562,0.2525858865344366
Robin,exact_lineage,False,10.441017138575916,12.439794625376868,9.466933240185863,0.9316239316239315,0.9800569800569799,1.008138130880591,44.508224696826026,0.42918650794192725
Robin,exact_lineage,True,10.441017138575916,12.439794625376868,9.466933240185863,0.774928774928775,0.8376068376068376,1.0142286820337987,32.55575706626612,0.24973052136820942
Robin,exact_lineage_cleaned_mask,True,10.441017138575916,12.439794625376868,9.466933240185863,0.774928774928775,0.8376068376068376,1.0142286820337987,32.55575706626612,0.24973052136820942
Robin,individual_0,False,10.427736845770587,12.752538371821828,9.619382868782614,0.9344729344729346,0.9800569800569799,1.0192351084371523,45.020603010783326,0.4350218743923013
Robin,individual_0,True,10.427736845770587,12.752538371821828,9.619382868782614,0.774928774928775,0.8461538461538461,1.0774510295822288,33.18087955125085,0.2646992224336435
Robin,individual_1,False,10.422220862812553,12.263769857708601,7.832993229002061,0.9487179487179488,0.9800569800569802,1.0116216313894417,44.89670319167803,0.40349318835986864
Robin,individual_1,True,10.422220862812553,12.263769857708601,7.832993229002061,0.7378917378917379,0.7948717948717948,1.0761346072503086,30.210423855956765,0.2714886574116338
Robin,individual_2,False,10.629833556853887,12.416991161959407,10.09169805465629,0.9316239316239315,0.9800569800569802,1.0271389715075356,45.10211615252454,0.4451717137596079
Robin,individual_2,True,10.629833556853887,12.416991161959407,10.09169805465629,0.7977207977207977,0.8603988603988605,0.9857896504760012,32.97756820829139,0.26376536222867547
Robin,individual_3,False,11.981513198880043,13.954037328464876,11.477153128024637,0.8774928774928775,0.9572649572649571,1.118099751039786,45.124325242678815,0.47380249593668355
Robin,individual_3,True,11.981513198880043,13.954037328464876,11.477153128024637,0.772079772079772,0.8347578347578347,1.1581152254577054,35.13472859170085,0.2632753765210068
Robin,naive_independence,False,10.497932912259108,12.503758081076029,9.744954629551415,0.5641025641025641,0.6695156695156695,1.609649668883635,22.516658012362925,0.3200217446900909
Robin,naive_independence,True,10.497932912259108,12.503758081076029,9.744954629551415,0.7692307692307692,0.8433048433048432,1.02638352979488,32.41572157936328,0.252557629757504
Robin,pooled_privileged,False,8.617981443173969,10.437421604692082,7.210144387604369,0.9686609686609686,0.9886039886039887,0.9535335001234823,44.306407237220405,0.38194224516880665
Robin,pooled_privileged,True,8.617981443173969,10.437421604692082,7.210144387604369,0.7977207977207977,0.8746438746438746,0.8653789193969413,28.197300504380976,0.23720929177142283
Robin,seasonal_naive,False,4.53758205128205,6.926791890004773,-0.887335897435897,0.9572649572649571,1.0,0.8503511985909943,40.38400262216921,0.2511889950541754
Robin,seasonal_naive,True,4.53758205128205,6.926791890004773,-0.887335897435897,0.94017094017094,0.9829059829059826,0.8085443171080916,35.94119999999999,0.1939555603130675
Robin,shrinkage,False,10.840591809046037,12.631435474259172,10.495858932517754,0.5726495726495726,0.6894586894586894,1.4734006262727817,23.780630215947614,0.3412257608176626
Robin,shrinkage,True,10.840591809046037,12.631435474259172,10.495858932517754,0.7891737891737892,0.851851851851852,1.004457099124653,32.59691459789063,0.2567120820373727
Robin,shrinkage_cleaned_mask,True,10.840591809046037,12.631435474259172,10.495858932517754,0.7891737891737892,0.851851851851852,1.004457099124653,32.59691459789063,0.2567120820373727
Robin,sketch_2048,False,10.380225686186117,12.342266309204582,9.183575847165237,0.9287749287749287,0.9772079772079773,1.0036487127242921,44.662199770963134,0.42416549588433944
Robin,sketch_2048,True,10.380225686186117,12.342266309204582,9.183575847165237,0.7891737891737892,0.8461538461538461,1.007159971382177,32.517038553861134,0.25145578373789435
Robin,sketch_2048_cleaned_mask,True,10.380225686186117,12.342266309204582,9.183575847165237,0.7891737891737892,0.8461538461538461,1.007159971382177,32.517038553861134,0.25145578373789435
Robin,sketch_512,False,11.778614796053212,13.76304315966835,10.014144594338163,0.8746438746438746,0.9572649572649571,1.1120145462939053,44.772267613614936,0.4470017821116576
Robin,sketch_512,True,11.778614796053212,13.76304315966835,10.014144594338163,0.7521367521367521,0.8176638176638177,1.15191500241978,34.1367418499772,0.2864057442840468
Robin,uninflated_2048,False,10.455739073391221,12.454099946515994,9.474910951887617,0.9287749287749287,0.9772079772079773,1.0088825567099604,44.50135642124088,0.429314532537832
Robin,uninflated_2048,True,10.455739073391221,12.454099946515994,9.474910951887617,0.7777777777777778,0.8347578347578347,1.018003359796934,32.51684415890369,0.2504256503657065
Robin,uninflated_512,False,10.49814158737793,12.511146356133295,9.515257184998505,0.9259259259259259,0.9772079772079773,1.0163910992175758,44.50276383131035,0.43015230278933236
Robin,uninflated_512,True,10.49814158737793,12.511146356133295,9.515257184998505,0.7777777777777778,0.8233618233618234,1.0332012972957794,32.395838107667984,0.25222666303176094
Shrew,ci,False,13.29782490802089,17.89591460871255,-0.2729941332980004,0.9857549857549857,0.9914529914529916,0.4467460568662293,79.9281979942554,0.14271771256693058
Shrew,ci,True,13.29782490802089,17.89591460871255,-0.2729941332980004,0.9601139601139601,0.9857549857549857,0.40956768826506734,70.65298482419612,0.14057660554859155
Shrew,ci_cleaned_mask,True,13.29782490802089,17.89591460871255,-0.2729941332980004,0.9601139601139601,0.9857549857549857,0.40956768826506734,70.65298482419612,0.14057660554859155
Shrew,common_corrected,False,14.102836991695929,18.542570235748972,2.9299905681679035,0.9886039886039887,0.9914529914529916,0.44085575068218175,79.29196271962836,0.1527518189020568
Shrew,common_corrected,True,14.102836991695929,18.542570235748972,2.9299905681679035,0.9373219373219372,0.9914529914529916,0.4043109810968568,67.96456667000926,0.1442539330963338
Shrew,duplicate_aware_independence,False,14.400161342105354,18.822939224475235,3.0284502468887475,0.715099715099715,0.792022792022792,0.48872210340727257,40.290012865966226,0.1427018761717833
Shrew,duplicate_aware_independence,True,14.400161342105354,18.822939224475235,3.0284502468887475,0.9316239316239315,0.9914529914529916,0.4081414084916051,67.5803439528018,0.14495314185466499
Shrew,equal_weight,False,14.412795875719349,18.83526160142574,3.0236123543710662,0.9857549857549857,0.9914529914529916,0.447501005288982,80.54752640693765,0.15480457602128472
Shrew,equal_weight,True,14.412795875719349,18.83526160142574,3.0236123543710662,0.9316239316239315,0.9914529914529916,0.40840947872339445,67.55590490017063,0.14498788986958086
Shrew,exact_lineage,False,14.204737846555835,18.652585611466726,2.4017250987846395,0.9857549857549857,0.9914529914529916,0.4436637255716587,79.68133120064611,0.1524695320248746
Shrew,exact_lineage,True,14.204737846555835,18.652585611466726,2.4017250987846395,0.9373219373219374,0.9886039886039887,0.41213005368597394,70.12858753470552,0.1453485688902564
Shrew,exact_lineage_cleaned_mask,True,14.204737846555835,18.652585611466726,2.4017250987846395,0.9373219373219374,0.9886039886039887,0.41213005368597394,70.12858753470552,0.1453485688902564
Shrew,individual_0,False,16.52047269499467,21.564455165339293,0.11046919790808037,0.9458689458689459,0.9715099715099716,0.5079193551252598,80.59712269521786,0.179089385896445
Shrew,individual_0,True,16.52047269499467,21.564455165339293,0.11046919790808037,0.9344729344729344,0.9800569800569802,0.4679045659404025,75.15171330007503,0.17446235653917297
Shrew,individual_1,False,15.450403618761037,19.49668728637778,5.236494598847426,0.9629629629629629,0.9886039886039887,0.4519240204202726,80.20285865297352,0.15822796483716953
Shrew,individual_1,True,15.450403618761037,19.49668728637778,5.236494598847426,0.9316239316239315,0.9743589743589745,0.4188627933719979,67.2513905680503,0.1379796527622662
Shrew,individual_2,False,15.916726532023711,20.40076856833785,4.882674599644315,0.9572649572649571,0.9857549857549858,0.4633173941002882,80.76817560508506,0.16574437423790364
Shrew,individual_2,True,15.916726532023711,20.40076856833785,4.882674599644315,0.9259259259259259,0.982905982905983,0.45239294347375014,73.6137997503859,0.1429193694655397
Shrew,individual_3,False,15.02379677690852,19.606741422520916,1.8648110210844369,0.9772079772079771,0.9914529914529916,0.4518533977427069,80.77034838909165,0.15825210800932973
Shrew,individual_3,True,15.02379677690852,19.606741422520916,1.8648110210844369,0.9515669515669516,0.9886039886039887,0.43734464439219867,75.50826164721236,0.15654352207843902
Shrew,naive_independence,False,14.400161342105354,18.822939224475235,3.0284502468887475,0.715099715099715,0.792022792022792,0.48872210340727257,40.290012865966226,0.1427018761717833
Shrew,naive_independence,True,14.400161342105354,18.822939224475235,3.0284502468887475,0.9316239316239315,0.9914529914529916,0.4081414084916051,67.5803439528018,0.14495314185466499
Shrew,pooled_privileged,False,13.95469141758761,18.40902328158621,2.7000791173366654,0.9886039886039887,0.9914529914529916,0.44332117015134304,79.43573241156496,0.1519108298655391
Shrew,pooled_privileged,True,13.95469141758761,18.40902328158621,2.7000791173366654,0.9487179487179488,0.9914529914529916,0.40157551744532616,67.38063747286618,0.1432132271865256
Shrew,seasonal_naive,False,10.877777777777775,15.141816779522046,2.6641025641025617,0.9487179487179488,0.9658119658119658,0.39079357351485405,64.52251916778252,0.1267439729666123
Shrew,seasonal_naive,True,10.877777777777775,15.141816779522046,2.6641025641025617,0.9572649572649571,0.9829059829059826,0.4032630148831931,69.40000000000003,0.1110108991326379
Shrew,shrinkage,False,13.96890812640895,18.261119171213142,3.7808610678488974,0.6324786324786325,0.7094017094017094,0.5528894790512274,31.60977109157572,0.1368412347238305
Shrew,shrinkage,True,13.96890812640895,18.261119171213142,3.7808610678488974,0.9373219373219372,0.9914529914529916,0.39507091544736933,65.49076059360651,0.13988569611178217
Shrew,shrinkage_cleaned_mask,True,13.96890812640895,18.261119171213142,3.7808610678488974,0.9373219373219372,0.9914529914529916,0.39507091544736933,65.49076059360651,0.13988569611178217
Shrew,sketch_2048,False,13.865072799144253,18.438802036256998,1.3227935583231534,0.9886039886039887,0.9914529914529916,0.44519486836639177,79.83477417719502,0.1495688386238973
Shrew,sketch_2048,True,13.865072799144253,18.438802036256998,1.3227935583231534,0.9572649572649574,0.9886039886039887,0.41363345705373966,71.72023307907033,0.14495793283319203
Shrew,sketch_2048_cleaned_mask,True,13.865072799144253,18.438802036256998,1.3227935583231534,0.9572649572649574,0.9886039886039887,0.41363345705373966,71.72023307907033,0.14495793283319203
Shrew,sketch_512,False,13.280967957256324,17.87982047291423,-0.2561371825334346,0.9857549857549857,0.9914529914529916,0.4467446926963264,79.92793055413954,0.14278793315645452
Shrew,sketch_512,True,13.280967957256324,17.87982047291423,-0.2561371825334346,0.9601139601139601,0.9857549857549857,0.40956655993889274,70.65276362031075,0.14064202169132148
Shrew,uninflated_2048,False,14.224476833419457,18.6667372771835,2.3794620376606357,0.9857549857549857,0.9914529914529916,0.44366941563741685,79.6691760279848,0.15245588408326868
Shrew,uninflated_2048,True,14.224476833419457,18.6667372771835,2.3794620376606357,0.9344729344729346,0.9886039886039887,0.41206646162561045,70.05218802740252,0.14529867130375196
Shrew,uninflated_512,False,14.308670955368761,18.701009268426176,2.561255889875719,0.9857549857549857,0.9914529914529916,0.44368106529506074,79.68081961762077,0.1527603373639351
Shrew,uninflated_512,True,14.308670955368761,18.701009268426176,2.561255889875719,0.9373219373219374,0.9886039886039887,0.4124475814893546,70.10132681592897,0.14501774810644488
